Time Step,Discharge rate,Sugar feed rate,Soil bean feed rate,Aeration rate,Back pressure,Water injection/dilution,pH,Temperature,Acid flow rate,Base flow rate,Cooling water,Heating water,Vessel Weight,Dissolved oxygen concentration,Yield Per Step
0,279.5904676,76.27345479,26.01592238,60.7208354,0.9018266807,152.4646664,6.434855938,297.6682739,0,26.36831284,9.999999747e-05,231.076004,61127.89062,17.38909721,0.05807960208
0.200000003,279.5904676,76.63248889,25.97807772,60.89053703,0.9040452089,153.1736943,6.450974464,297.8797302,0,52.42596817,9.999999747e-05,66.34311676,61133.95312,17.40098953,-2.671957329e-05
0.400000006,228.7558372,76.33127218,25.94344656,60.90671994,0.904998401,153.0169614,6.478868961,297.8519897,0,72.50338745,9.999999747e-05,9.999999747e-05,61154.43359,17.40465927,-2.745440616e-05
0.6000000238,279.5904676,76.48133532,25.95132057,60.87341556,0.9048166163,153.1750251,6.512030125,298.1539612,0,81.4358139,9.999999747e-05,90.7833786,61165.32422,17.39387321,-2.686959241e-05
0.8000000119,279.5904676,76.47805611,25.90941384,60.91225759,0.9054705598,153.4318667,6.544189453,298.0333862,0,77.12423706,98.83879089,9.078337669,61175.41406,17.3999691,-2.686508517e-05
1,279.5904676,76.76993894,25.95756296,60.79255699,0.9047241022,152.9158405,6.564906597,297.9367371,0,59.96902084,60.74790192,0.907833755,61181.99219,17.3828373,-2.647228217e-05
1.200000048,279.5904676,76.42443893,25.91212713,60.98861046,0.9056667222,152.8261885,6.562995434,298.1567993,0.5188317299,29.98451042,18.22437096,72.24769592,61182.42969,17.38611221,-2.652067616e-05
1.399999976,228.7558372,76.40840373,25.97627198,60.89056103,0.9045320732,153.4985238,6.548362255,298.0580139,1.040035367,14.99225521,92.49608612,7.224769592,61190.56641,17.38009071,-2.733259397e-05
1.600000024,228.7558372,76.59851347,25.94030557,60.89438453,0.9049281408,153.2516438,6.52252388,297.9711609,0,0,62.64276886,0.7224769592,61195.34375,17.36121941,-2.719175526e-05
1.799999952,228.7558372,76.43412585,25.94090963,60.96422395,0.9050504292,153.4468044,6.49793005,297.9213257,0,0,35.59424973,0.0722476989,61200.16797,17.35520935,-2.713048808e-05
2,279.5904676,76.57159078,25.96298164,60.93972062,0.9045035597,153.5635098,6.475739956,298.0669861,0,1.346043825,10.67827415,44.56727982,61194.95312,17.34634972,-2.662556756e-05
2.200000048,228.7558372,76.35936529,25.94520108,60.94552352,0.9050990551,153.503323,6.461321354,298.0125427,0,11.56408596,58.3576088,4.456727982,61202.14453,17.33715057,-2.746119109e-05
2.400000095,228.7558372,76.45953131,25.97959369,60.89384186,0.9044172296,153.5990078,6.458474636,297.9704895,0,27.53174782,40.99081802,0.4456727803,61212.73047,17.32707024,-2.736866291e-05
2.599999905,279.5904676,76.35116582,25.93043208,60.96015429,0.9053566087,153.2272192,6.468650818,297.949707,0,44.62517548,27.36520004,0.04456727952,61216.39453,17.33682442,-2.656563339e-05
2.799999952,279.5904676,76.50416026,25.95090727,60.91426811,0.9048846954,153.3720298,6.486381531,298.0717163,0,57.64241028,8.209559441,33.15658951,61222.73438,17.31459236,-2.656413772e-05
3,279.5904676,76.4247399,25.93854886,60.90946829,0.9049813605,152.8131633,6.506043434,298.039856,0,63.58428955,48.57956696,3.315659046,61230.05469,17.29445839,-2.65276099e-05
3.200000048,228.7558372,76.5823283,25.94867731,60.84448689,0.9047162129,152.984474,6.524632931,298.0148621,0,61.67909622,39.35742188,0.3315659165,61249.625,17.29031372,-2.701814179e-05
3.400000095,228.7558372,76.61928996,25.94500663,60.88866484,0.9051641235,153.4250793,6.536408901,298.0026245,0,52.34781265,32.4751091,0.0331565924,61267.4375,17.28772354,-2.687315855e-05
3.599999905,279.5904676,76.51596081,25.94451446,60.88371049,0.9049480719,153.1282704,6.537370205,298.0001831,0,38.3250618,28.98860359,0.003315659007,61271.92578,17.27908897,-2.611368306e-05
3.799999952,228.7558372,76.39915106,25.92482535,60.98181425,0.9055958799,153.3984085,6.52548933,298.0045776,0,23.93157005,28.34249687,0.0003315659123,61282.72656,17.27606583,-2.677926816e-05
4,279.5904676,76.47193317,25.97551378,60.90720366,0.9046725232,153.5530134,6.505376339,298.0110168,0,14.29786491,29.87974358,9.999999747e-05,61281.14844,17.24796295,-2.615059778e-05
4.199999809,228.7558372,76.37329626,25.93658075,60.9556781,0.9052422053,153.400869,6.484068394,298.0203247,0,12.69531059,32.24724579,9.999999747e-05,61289.60938,17.23860741,-2.690471931e-05
4.400000095,279.5904676,76.56827148,25.96443817,60.90990203,0.9044211021,153.2231424,6.468859196,298.0298462,0,19.59351921,35.81403732,9.999999747e-05,61289.05469,17.21266937,-2.630211087e-05
4.599999905,228.7558372,76.35709486,25.95538416,60.94424428,0.9050205591,153.6886718,6.462172985,298.0365906,0,32.55155182,39.79893112,9.999999747e-05,61301.51953,17.19200706,-2.7012578e-05
4.800000191,228.7558372,76.48392837,25.95298278,60.87860176,0.9047968002,153.1689411,6.467312336,298.0491638,0,48.17559433,43.16850281,9.999999747e-05,61317.22656,17.18778419,-2.700256789e-05
5,228.7558372,76.66099573,25.96477947,60.85425842,0.9043336106,153.0758965,6.479919434,298.0579224,0,61.7324295,48.83228302,9.999999747e-05,61335.67969,17.16114616,-2.694591821e-05
5.199999809,228.7558372,76.61707733,25.95091097,60.8121315,0.9046814001,152.9127376,6.497702122,298.0689697,0,70.25975037,53.60456848,9.999999747e-05,61355.87891,17.15337372,-2.685690762e-05
5.400000095,279.5904676,76.37669543,25.96692362,60.87853569,0.9047400271,153.4544868,6.514359474,298.0759888,0,71.6808548,59.52420044,9.999999747e-05,61365.93359,17.13082886,-2.608458584e-05
5.599999905,279.5904676,76.53701455,25.96597215,60.85609004,0.9046398961,153.630738,6.526925087,298.0859985,0,66.4593811,64.44754791,9.999999747e-05,61375.04297,17.11732101,-2.599434462e-05
5.800000191,279.5904676,76.57077901,25.98599432,60.86520501,0.9045067038,153.48837,6.531836987,298.0997009,0,56.22147751,70.6999054,9.999999747e-05,61382.10156,17.10435486,-2.593887167e-05
6,228.7558372,76.6648747,25.94417637,60.83706669,0.9046568482,152.9193952,6.523813725,298.1013489,0,44.03068924,78.57744598,9.999999747e-05,61396.83594,17.06879234,-2.659366978e-05
6.199999809,228.7558372,76.70451286,25.96113198,60.8391271,0.9046944239,153.0864517,6.508543015,298.107666,0,35.06721497,82.78125,9.999999747e-05,61409.8125,17.05131531,-2.661998086e-05
6.400000095,228.7558372,76.4628506,25.92032818,60.9566316,0.9054277044,153.1119636,6.490829468,298.1149597,0,32.19436264,88.74732971,9.999999747e-05,61422.13281,17.03631592,-2.667638185e-05
6.599999905,228.7558372,76.72813694,25.95145278,60.8814994,0.9046347236,153.2771206,6.475732803,298.1190186,0,36.39174652,95.24890137,9.999999747e-05,61435.38672,17.00299644,-2.673244168e-05
6.800000191,228.7558372,76.68684534,25.96774402,60.82135846,0.90431661,152.5535108,6.467235088,298.122345,0,46.61141968,100.9041214,9.999999747e-05,61450.5625,16.9757843,-2.676360172e-05
7,279.5904676,76.43204098,25.98042156,60.90112784,0.903978335,153.0653468,6.467120647,298.1256409,0,60.21687317,106.4913101,9.999999747e-05,61458.13281,16.94947624,-2.60882603e-05
7.199999809,228.7558372,76.85644143,25.96802336,60.81247105,0.9044547583,152.9817819,6.472174168,298.1200256,0,73.86186218,112.1907959,9.999999747e-05,61478.91797,16.92033768,-2.670332656e-05
7.400000095,228.7558372,76.66545645,25.98388823,60.8458141,0.9050656878,154.2726529,6.482863903,298.1226501,0,85.49530792,114.9336319,9.999999747e-05,61502.34766,16.90653229,-2.662667668e-05
7.599999905,279.5904676,77.06244701,25.97922283,60.6375438,0.90449754,151.9528265,6.496914387,298.1341248,0,92.85094452,120.3844681,9.999999747e-05,61516.55859,16.88370132,-2.5878929e-05
7.800000191,279.5904676,76.61220091,25.88292497,60.91671878,0.9060216737,151.4053598,6.509536266,298.1445923,0,94.59329987,128.9287415,9.999999747e-05,61530.87891,16.87264442,-2.579851574e-05
8,279.5904676,77.20351064,25.97662704,60.6111757,0.9040259962,152.0382313,6.518184662,298.1538391,0,91.30226898,137.4838867,9.999999747e-05,61544.83203,16.8276825,-2.572955958e-05
8.199999809,228.7558372,77.17162417,25.97319208,60.57531171,0.9045462633,152.3325291,6.522338867,298.1747437,0,84.56041718,146.0192261,9.999999747e-05,61567.96484,16.81286812,-2.635679443e-05
8.399999619,279.5904676,76.66211427,25.89109545,60.83672234,0.9066817519,152.6514745,6.521256924,298.2013245,0,76.15882874,158.9314423,9.999999747e-05,61578.92969,16.80843163,-2.569712556e-05
8.600000381,279.5904676,77.10915245,25.96945571,60.61919395,0.9048897101,152.3525167,6.512814522,298.2145081,0,68.19293976,174.4891815,9.999999747e-05,61588.28125,16.75509262,-2.571920604e-05
8.800000191,279.5904676,77.03379563,26.06961364,60.54613957,0.9035825276,153.1941122,6.500084877,298.224823,0,63.6113205,186.3945312,9.999999747e-05,61596.85547,16.70944786,-2.575210733e-05
9,279.5904676,76.68386092,25.97996924,60.89509361,0.9047031107,153.0293776,6.48742342,298.2419128,0,64.11217499,197.9007263,9.999999747e-05,61605.42578,16.69042206,-2.579997359e-05
9.199999809,228.7558372,77.11277615,25.98012093,60.59996981,0.905222857,153.270279,6.475107193,298.2324524,0,69.66358948,212.1439056,9.999999747e-05,61625.59766,16.64681816,-2.649223618e-05
9.399999619,279.5904676,77.13557546,26.00730496,60.56259072,0.9044194053,151.5508351,6.470870972,298.2605591,0,80.14065552,217.8254089,9.999999747e-05,61637.32031,16.61971855,-2.585280316e-05
9.600000381,228.7558372,77.32556775,26.01764753,60.41779493,0.9042818704,152.3432288,6.469403744,298.2616272,0,92.28669739,236.3135986,9.999999747e-05,61662.07031,16.5729332,-2.652038081e-05
9.800000191,279.5904676,77.18528512,26.01742314,60.47655542,0.9021947836,152.2106964,6.470836639,298.2499084,0,105.0364532,246.2397156,9.999999747e-05,61678.05859,16.5123539,-2.581108166e-05
10,279.5904676,76.60373051,25.91224791,60.73875817,0.9061164124,151.0964751,6.474633217,298.2504272,0,117.212471,252.0002441,9.999999747e-05,61696.16406,16.51125336,-2.574696302e-05
10.19999981,228.7558372,77.64069709,26.0789519,60.33649617,0.9032176031,150.0796608,6.478028297,298.2457581,0,127.8713074,261.6374207,9.999999747e-05,61726.94922,16.44219589,-2.634723051e-05
10.39999962,279.5904676,78.06872819,26.07263994,60.19709491,0.903728796,153.6505559,6.480633736,298.2341614,0,137.181015,269.412323,9.999999747e-05,61750.01953,16.40125275,-2.561979061e-05
10.60000038,228.7558372,78.00574887,26.11459683,60.15735986,0.9032699579,152.232187,6.481992245,298.2369995,0,145.4498596,274.6645203,9.999999747e-05,61784.9375,16.3569622,-2.622254851e-05
10.80000019,228.7558372,77.47349178,26.22649124,60.1482001,0.8985161974,153.2865864,6.482307911,298.2599487,0,153.1767578,284.5118408,9.999999747e-05,61821.59375,16.27837372,-2.620962357e-05
11,279.5904676,77.74870941,26.30305717,60.18522144,0.8969908744,149.8004243,6.481172085,298.2706909,0,160.7769165,301.2980042,9.999999747e-05,61848.72266,16.21686363,-2.555014281e-05
11.19999981,228.7558372,77.87526567,26.26367854,60.04919448,0.8995556422,153.4703988,6.477586269,298.2468262,0,168.8328857,314.5756531,9.999999747e-05,61888.57031,16.18114853,-2.616850005e-05
11.39999962,228.7558372,77.84534798,26.18128933,60.09439362,0.9007339956,152.2080483,6.47290659,298.2346497,0,178.3264771,316.4180298,9.999999747e-05,61930.07422,16.14225197,-2.611688558e-05
11.60000038,228.7558372,77.49787746,25.97248439,60.45464167,0.9069114743,153.1623191,6.467423916,298.2424622,0,189.6877594,321.6480408,9.999999747e-05,61974.00391,16.15010643,-2.610245095e-05
11.80000019,228.7558372,77.56697773,26.06601528,60.32066548,0.9018709348,155.2625717,6.461228371,298.2843018,0,203.2412109,333.2364807,9.999999747e-05,62021.28125,16.0627861,-2.614700928e-05
12,279.5904676,78.40883909,26.16736443,60.03304771,0.9018330855,152.7377398,6.454382896,298.3027039,0,219.2726746,356.7033691,9.999999747e-05,62061.09766,16.0032177,-2.554758909e-05
12.19999981,228.7558372,78.22001395,26.17873825,60.10882758,0.901257801,152.8237724,6.445807934,298.2772217,0,225,373.3973694,9.999999747e-05,62112.33594,15.93403339,-2.619652816e-05
12.39999962,228.7558372,78.13234547,26.17496798,60.10724076,0.9011879821,153.2143525,6.436048985,298.2879639,0,225,375.8206177,9.999999747e-05,62163.69141,15.87803841,-2.619246571e-05
12.60000038,228.7558372,77.38334632,26.06904337,60.41864165,0.9022320824,154.7665612,6.425265789,298.3091431,0,225,390.1165771,9.999999747e-05,62215.15234,15.83004475,-2.624179447e-05
12.80000019,279.5904676,77.00957388,26.06575167,60.59436127,0.9043162038,153.6751853,6.41388607,298.3235474,0,225,408.1398315,9.999999747e-05,62255.84375,15.78427124,-2.56423086e-05
13,279.5904676,77.28282082,26.07016676,60.45936183,0.9026608833,154.2512376,6.401757717,298.3456726,0,225,424.5404053,9.999999747e-05,62296.73438,15.70409393,-2.570106448e-05
13.19999981,228.7558372,76.62728944,25.95954018,60.71388796,0.9051417644,153.7285936,6.388788223,298.379303,0,225,444.2029114,9.999999747e-05,62347.76172,15.66109943,-2.644162291e-05
13.39999962,279.5904676,77.22139708,26.09440089,60.23864675,0.8999608111,154.1033068,6.37562418,298.419342,0,225,468.5960083,9.999999747e-05,62388.65234,15.54284477,-2.589525279e-05
13.60000038,228.7558372,76.88018792,26.02022205,60.43369274,0.901635481,152.5693804,6.361709595,298.4187622,0,225,496.3815002,9.999999747e-05,62439.45703,15.48214245,-2.662663087e-05
13.80000019,228.7558372,76.7995766,26.02799612,60.39070541,0.9007971888,152.7950386,6.347607136,298.4632568,0,225,511.6121826,9.999999747e-05,62490.36328,15.40267944,-2.671531492e-05
14,279.5904676,76.47363639,25.94687635,60.70163657,0.9038221824,153.5995313,6.33331728,298.4526367,0,225,542.6664429,9.999999747e-05,62530.80469,15.34995556,-2.613772301e-05
14.19999981,228.7558372,76.86859827,25.97843758,60.21934052,0.9006479311,153.7753868,6.318531513,298.4497375,0,225,556.0457153,9.999999747e-05,62581.80859,15.23676968,-2.682555738e-05
14.39999962,228.7558372,77.01251853,26.03037668,60.34729891,0.899720846,153.9755504,6.303696632,298.4766541,0,225,572.1011963,9.999999747e-05,62632.94141,15.1490345,-2.690287169e-05
14.60000038,279.5904676,76.72311876,26.03184924,60.26039122,0.9012971785,152.3164765,6.288613319,298.4547119,0,225,598.2662964,9.999999747e-05,62673.14062,15.07265472,-2.630361282e-05
14.80000019,228.7558372,76.16122152,25.97848437,60.3020716,0.9006841673,151.5595649,6.272960663,298.4289551,0,225,608.3695068,9.999999747e-05,62723.40234,14.9798317,-2.696617177e-05
15,279.5904676,76.56835188,25.95676498,60.34512283,0.9032600153,152.4134733,6.257126331,298.4022827,0,225,616.7009888,9.999999747e-05,62763.48828,14.91287613,-2.631557616e-05
15.19999981,228.7558372,76.3134115,25.98295276,60.55409824,0.9007514002,152.4285678,6.24140358,298.4232178,0,225,623.774231,9.999999747e-05,62813.98438,14.80648136,-2.702933987e-05
15.39999962,228.7558372,76.69446946,25.91594146,59.95472117,0.9013004932,152.4265387,6.226066113,298.4691467,0,225,646.289917,9.999999747e-05,62864.60547,14.71551228,-2.716473196e-05
15.60000038,228.7558372,76.55429576,25.91130398,60.17071247,0.9033191367,151.7142367,6.211705208,298.5450439,0,225,677.8410034,9.999999747e-05,62915.09766,14.66023254,-2.735616923e-05
15.80000019,279.5904676,76.2806229,25.84575388,59.71910885,0.9015444969,150.7593409,6.200842857,298.5619812,0,225,721.2746582,9.999999747e-05,62954.84375,14.75008488,-2.685448201e-05
16,279.5904676,75.82995402,25.85680361,59.59742826,0.9018916776,149.3468642,6.238471508,298.0398254,0,225,746.9904175,9.999999747e-05,62994.15234,16.27658081,0.08169682864
16.20000076,228.7558372,76.20318743,25.96609925,60.15998591,0.9067790394,150.7515702,6.284258366,297.6498108,0,225,587.7963867,9.999999747e-05,63044.49219,16.31635284,0.1248812531
16.39999962,279.5904676,77.24055628,26.00990229,59.85118981,0.898395084,154.0013403,6.3272295,299.8946838,0,225,176.3389282,644.2982178,63085.16406,16.23324013,0.09948008418
16.60000038,279.5904676,77.4636419,25.70546338,61.27503556,0.907756386,139.2156629,6.366682053,299.1938171,0,225,940.6057129,64.4298172,63122.52734,16.3214016,0.1061220621
16.79999924,279.5904676,77.78812233,25.63400785,58.53997544,0.9102976195,153.2160353,6.402275085,298.6085205,0,225,753.0291138,6.44298172,63163.07031,16.32475853,0.1145925622
17,228.7558372,77.61945789,25.84701101,59.60224786,0.8981988026,154.0089978,6.433800697,298.1755676,0,225,601.1241455,0.6442981958,63214.27734,16.23158264,0.1335139946
17.20000076,279.5904676,77.04054122,25.99535552,59.89009305,0.8988695878,153.6063908,6.462157726,297.8947449,0,225,478.9659119,0.06442981958,63254.94922,16.24285126,0.149453485
17.39999962,279.5904676,77.34918933,26.04209291,60.24580828,0.9009096573,154.4360287,6.486954212,299.5809631,0,225,143.6897736,476.0239868,63295.66406,16.25986671,0.1427785987
17.60000038,279.5904676,76.87658896,26.31695266,58.25477338,0.8981762216,151.133968,6.508460045,299.1162415,0,225,723.5861206,47.60239792,63335.48438,16.2192955,0.1325334684
17.79999924,279.5904676,77.02557031,25.87680082,59.72815494,0.9015235019,153.0406213,6.527189732,298.6496887,0,222.1447906,609.9044189,4.760239601,63375.1875,16.26620293,0.1644254057
18,228.7558372,76.75062425,26.0696454,60.16870432,0.8992087523,152.8997583,6.542577267,298.2894287,0,211.7963104,494.2875671,0.476023972,63423.23047,16.24872971,0.1963923225
18.20000076,279.5904676,77.65977103,26.08580658,60.1177416,0.9006411636,153.7176786,6.554656982,298.0777283,0,195.2947998,397.8536987,0.04760239646,63458.12109,16.24610519,0.1802721872
18.39999962,279.5904676,77.61096036,26.16590174,60.37181146,0.9024760719,152.6830681,6.546029091,297.9309998,0.5191290975,97.6473999,338.381012,0.004760239739,63472.99219,16.23303795,0.204558312
18.60000038,228.7558372,77.65199478,26.15863182,60.26562536,0.9026229063,152.6376139,6.529187679,299.2113647,0,79.82271576,101.5143051,343.2872925,63494.43359,16.22771645,0.2250107857
18.79999924,228.7558372,76.860182,25.81315324,60.24930521,0.9077654569,145.9394718,6.508393764,298.8604126,0,68.69536591,541.7538452,34.32873154,63511.91016,16.27756882,0.2704343337
19,279.5904676,75.50760241,26.15652712,59.97128426,0.901610591,150.2399596,6.48774147,298.5082397,0,65.87208557,456.5032654,3.432873011,63519.11719,16.23116875,0.3440057933
19.20000076,279.5904676,75.90974062,26.08313823,60.29577962,0.9028604413,152.8382844,6.472759247,298.2971497,0,71.29666901,369.8983154,0.3432873189,63528.32031,16.24151039,0.3402177451
19.39999962,279.5904676,76.87716776,26.06116858,60.40966794,0.9053481824,151.9626383,6.465330124,298.1672058,0,82.69594574,318.7731018,0.03432872891,63540.10156,16.25594902,0.3213725971
19.60000038,279.5904676,76.75676984,25.87248527,60.72125274,0.9084082056,153.8386509,6.466229439,298.085907,0,97.06035614,286.6689453,0.003432873171,63555.26562,16.292099,0.3403957136
19.79999924,228.7558372,76.4808946,25.89236523,60.77725595,0.9065374287,153.0281546,6.473348141,298.0410767,0,111.0619202,265.8615723,0.0003432873054,63583.58594,16.28194809,0.3495720463
20,228.7558372,77.86679438,26.11463536,60.21044359,0.9007116954,151.5513762,6.482097626,297.9945374,0,122.2221222,254.2260284,9.999999747e-05,63614.25781,16.21583939,0.3367983602
20.20000076,279.5904676,78.41171779,26.31256549,59.96893789,0.8991629652,151.6065893,6.49237442,297.9726562,0,129.8972168,240.0491791,9.999999747e-05,63636.31641,16.19350243,0.3171640899
20.39999962,279.5904676,78.37268728,26.24765808,60.00310931,0.8986115833,150.8696263,6.502151966,297.9510193,0,133.461731,232.6451263,9.999999747e-05,63658.88672,16.19166565,0.346461869
20.60000038,228.7558372,78.09439284,26.11445295,60.18153715,0.9011336035,152.9945573,6.510358334,297.932312,0,133.1217499,224.323761,9.999999747e-05,63692.10938,16.22000885,0.3880234552
20.79999924,279.5904676,77.89926501,26.22974961,60.06665206,0.8991364683,152.7470352,6.516337872,298.8826599,0,129.5027771,67.29712677,238.0737,63713.83203,16.20177078,0.432778409
21,279.5904676,77.86291483,25.87810469,60.51358313,0.9067623242,150.9763733,6.520549297,298.6983032,0,123.4943314,392.7728577,23.80737114,63733.77734,16.27142715,0.4537321649
21.20000076,279.5904676,77.66871831,25.97175736,60.46539936,0.9055964291,151.0711099,6.521903038,298.4978943,0,115.7999725,355.138916,2.380737066,63752.16797,16.25808907,0.4825535973
21.39999962,279.5904676,77.7788976,26.00163365,60.189629,0.9069302331,153.2286634,6.519677639,298.3382874,0,107.5677261,313.565094,0.2380737066,63769.35156,16.26353455,0.5196833109
21.60000038,279.5904676,77.47470743,26.03535494,60.2796676,0.9054180083,152.0910303,6.513406277,298.2003784,0,100.2282104,278.681488,0.02380737104,63784.65234,16.25230408,0.6071048445
21.79999924,228.7558372,77.89403119,26.19445299,60.25335428,0.9012730609,151.8664197,6.505058765,298.1125488,0,95.39920807,244.9797516,0.002380737104,63809.51562,16.20804024,0.6080168473
22,228.7558372,77.5260344,26.05362897,60.46493485,0.9023543054,150.2560265,6.497370243,298.0594788,0,93.90306091,223.2275696,0.0002380736987,63833.66797,16.22247887,0.6528061633
22.20000076,228.7558372,77.87881183,26.12494317,60.22558555,0.9022430196,151.0194912,6.491344929,298.0312805,0,95.47354126,209.8000641,9.999999747e-05,63858.45703,16.21467209,0.6476206309
22.39999962,228.7558372,77.33783164,26.18580666,60.26841389,0.8989805062,151.5241437,6.488323689,298.0188599,0,99.45063782,202.7013092,9.999999747e-05,63884.08984,16.19190025,0.6777660718
22.60000038,279.5904676,78.17703561,26.12891064,60.30030997,0.9026435839,152.3194731,6.487663746,298.008728,0,104.6317291,199.7971191,9.999999747e-05,63900.74609,16.21752739,0.6769604869
22.79999924,279.5904676,76.61527127,25.86610957,60.78290834,0.9066125919,151.8192041,6.488741875,297.9812317,0,110.0786743,197.1070099,9.999999747e-05,63917.90234,16.27732086,0.849923252
23,228.7558372,77.181223,25.93375985,60.66095654,0.9065803183,151.4534576,6.490932465,297.9643555,0,115.0962296,188.0251465,9.999999747e-05,63946.625,16.27114868,0.8538323363
23.20000076,228.7558372,78.10980663,26.19584449,60.2380291,0.9006095161,149.2955358,6.494972229,297.9743042,0,119.2395248,181.7043304,9.999999747e-05,63976.16406,16.20257378,0.7623895827
23.39999962,228.7558372,77.72348168,26.10165182,60.23876195,0.9004898693,150.1731583,6.498771191,297.9685669,0,121.7643509,183.9192047,9.999999747e-05,64006.23828,16.209589,0.8504445115
23.60000038,279.5904676,77.73466924,26.10727431,60.24288144,0.9006158773,150.3027432,6.50195837,297.9539185,0,122.776413,180.904129,9.999999747e-05,64026.08984,16.21201515,0.9213683284
23.79999924,228.7558372,78.49727869,26.19009338,60.20732188,0.9013396579,152.0418406,6.505494118,297.9705505,0,122.5148544,174.7183228,9.999999747e-05,64057.02734,16.20635223,0.8314985999
24,228.7558372,78.50333231,26.17593188,60.18803609,0.9010851059,151.8792733,6.508395195,297.9882202,0,120.8358917,178.8377686,9.999999747e-05,64087.62891,16.20257568,0.8403838384
24.20000076,228.7558372,78.18183936,26.1900777,60.18444221,0.9011260745,149.6821021,6.510890007,298.0137329,0,117.9996109,183.7084503,9.999999747e-05,64117.1875,16.20177078,0.8457001117
24.39999962,279.5904676,78.00867707,26.30349685,60.02668921,0.897716585,151.3071944,6.511632442,298.0206299,0,114.1647263,191.9281158,9.999999747e-05,64135.79688,16.17120171,0.9073812601
24.60000038,279.5904676,78.23146047,26.28299955,60.01632413,0.89910691,151.1409481,6.510730743,298.0249023,0,110.0373764,194.6350861,9.999999747e-05,64153.58594,16.17868614,0.9328980872
24.79999924,228.7558372,78.08635697,26.17157284,60.23973655,0.9007374817,149.0435635,6.508211613,298.0263367,0,106.2704315,196.8265076,9.999999747e-05,64180.53906,16.19501305,0.9896362692
25,279.5904676,78.1053057,26.14784632,60.23076548,0.9013729157,149.5569221,6.505249977,298.027771,0,103.5111618,198.2247925,9.999999747e-05,64196.62109,16.19879532,1.025438473
25.20000076,228.7558372,77.85678391,26.16075841,60.20603806,0.9001913119,151.059911,6.501627445,298.0274963,0,101.9328918,199.697876,9.999999747e-05,64223.05859,16.1905098,1.076589311
25.39999962,228.7558372,78.04127159,26.25109894,60.14592064,0.9002991882,151.7809199,6.498726368,298.0361023,0,101.8043594,200.6295166,9.999999747e-05,64249.73438,16.1862278,1.06572578
25.60000038,279.5904676,76.66959565,25.86537673,60.79148285,0.9073384964,152.1609038,6.498049736,298.0473022,0,102.8316498,204.6375732,9.999999747e-05,64265.90234,16.2701683,1.195669256
25.79999924,228.7558372,77.47218397,26.10944104,60.23829591,0.9001171826,151.3568389,6.49791193,298.0692749,0,104.1247711,209.7900391,9.999999747e-05,64292.92969,16.19083786,1.11469571
26,228.7558372,77.21083475,26.02558123,60.79451379,0.905368841,153.2652948,6.499050617,298.0975037,0,105.4782791,219.0546722,9.999999747e-05,64320.61328,16.24300385,1.124661476
26.20000076,228.7558372,78.29014996,26.25261848,60.11232086,0.9003532607,153.0086222,6.499873638,298.1179504,0,106.3739395,231.2336731,9.999999747e-05,64348.76562,16.17988777,1.064975927
26.39999962,279.5904676,78.31783961,26.15738073,60.21119237,0.9016910689,150.8387556,6.500869274,298.1239624,0,106.9453354,241.7281342,9.999999747e-05,64366.13672,16.1926136,1.124658273
26.60000038,228.7558372,77.35891542,25.89595308,60.78540871,0.908303037,152.4966814,6.500901699,298.1007996,0,107.1170197,248.0706787,9.999999747e-05,64393.92188,16.2700882,1.320552114
26.79999924,279.5904676,78.20242908,26.26344846,60.06409954,0.9005370301,151.3638554,6.500475407,298.0759583,0,107.2794189,244.6889191,9.999999747e-05,64411.36328,16.1835022,1.294575078
27,228.7558372,77.96815313,26.17982313,60.23330032,0.8989643616,149.7253679,6.498360157,298.0252991,0,107.610817,240.0665588,9.999999747e-05,64438.77734,16.17807198,1.451586406
27.20000076,228.7558372,77.3286098,26.02052156,60.61737429,0.9050559196,152.0927949,6.497227669,297.9911804,0,108.7922668,225.6263123,9.999999747e-05,64466.76953,16.24278259,1.549769386
27.39999962,279.5904676,78.44950822,26.18355402,60.14390133,0.9013285012,152.3814286,6.496104717,297.9613342,0,110.4182129,215.1857605,9.999999747e-05,64485.05469,16.19517517,1.53080185
27.60000038,279.5904676,78.33087253,26.20291098,60.13614287,0.9012929388,150.4166803,6.495186329,297.933136,0,112.4962921,204.8178711,9.999999747e-05,64503.32422,16.19647217,1.607197896
27.79999924,228.7558372,76.60482315,25.87145812,60.90755139,0.906793028,151.7488397,6.494660378,298.7747498,0,114.9412003,61.44536209,219.1927795,64532.10156,16.27388763,1.820146881
28,279.5904676,77.14159128,25.97054482,60.16253223,0.9019443328,147.2562874,6.494542122,298.5912781,0,117.5957794,349.5053406,21.91927719,64550.125,16.22055435,1.840382311
28.20000076,279.5904676,77.87094585,26.10004028,60.25153789,0.9039329826,150.7386256,6.493950844,298.380127,0,120.2975998,308.9500122,2.191927671,64569.65625,16.23283386,1.868396857
28.39999962,279.5904676,77.95222074,26.08450061,60.01102894,0.9034006567,152.4581027,6.494675636,298.2373047,0,123.2388687,259.6447449,0.2191927731,64590.27734,16.22749138,1.886290976
28.60000038,228.7558372,78.62975241,26.190707,60.00450564,0.900731787,150.5561329,6.495282173,298.1369629,0,125.8842697,226.2098694,0.02191927657,64621.71484,16.19769287,1.881512769
28.79999924,279.5904676,78.66665911,26.35240717,59.8138694,0.8984572957,151.0967358,6.496686935,298.0690308,0,128.2917175,201.560791,0.00219192775,64643.42188,16.17508316,1.900126693
29,228.7558372,78.20033736,26.1135067,60.15772644,0.9010407505,152.8356647,6.497971058,298.0161438,0,130.1342773,184.015976,0.0002191927779,64676.11719,16.21050072,1.997271384
29.20000076,279.5904676,78.68983813,26.24493587,59.99101895,0.9003570725,150.0520348,6.499238014,297.9797363,0,131.4660645,168.8678894,9.999999747e-05,64698.25,16.19640732,2.009028174
29.39999962,228.7558372,77.33189122,26.09432202,60.61976695,0.9040043906,150.3433955,6.499893665,297.943634,0,132.290741,157.3092194,9.999999747e-05,64730.60156,16.2485714,2.151803241
29.60000038,279.5904676,77.35535641,26.07514743,60.64159215,0.903895405,153.9494134,6.500555992,298.6086731,0,132.8552704,47.19276428,170.3108368,64753.27734,16.24986267,2.192419301
29.79999924,279.5904676,77.56202485,26.11640465,60.22292743,0.9006255123,145.5264341,6.500891209,298.4482117,0,133.152771,274.7923584,17.03108406,64774.26172,16.21326637,2.210585963
30,228.7558372,78.05114359,26.18599246,60.0389658,0.8999131846,149.1150272,6.500724792,298.2952576,0,133.3173523,237.2685852,1.70310843,64806.64844,16.2022953,2.210426932
30.20000076,279.5904676,78.60222933,26.19225009,59.95759117,0.9022165254,149.4313272,6.49967289,298.1731873,0,133.5491028,202.5117493,0.17031084,64828.84766,16.21759415,2.248338213
30.39999962,279.5904676,77.22658037,25.94511503,60.80993139,0.907148682,152.3288992,6.499788761,298.0934448,0,134.2029114,172.6131287,0.01703108475,64851.42188,16.2827034,2.341474886
30.60000038,279.5904676,78.59053332,26.24566712,60.08817851,0.8991049792,152.1494746,6.499845982,298.0514832,0,134.8037567,152.5140991,0.001703108428,64874.5625,16.19257164,2.280345003
30.79999924,228.7558372,77.28754907,26.1127989,60.53332233,0.9035979957,150.2759916,6.499797344,298.0159607,0,135.3856049,142.1418152,0.0001703108428,64907.47656,16.24719429,2.377170618
31,228.7558372,78.4053658,26.25447802,60.11969149,0.8989859339,148.4466773,6.498177052,297.984436,0,135.9869385,132.129837,9.999999747e-05,64940.39062,16.19447136,2.383099946
31.20000076,279.5904676,77.13479429,25.99121451,60.69636278,0.9046530653,149.7598898,6.496382236,297.9482117,0,137.2412415,122.1161804,9.999999747e-05,64962.94141,16.26353455,2.491138056
31.39999962,228.7558372,76.53784929,25.98052123,60.78643397,0.9051104328,151.7322767,6.49430418,298.4775696,0,139.2090607,36.63485336,135.4576721,64996.44141,16.2753334,2.536134783
31.60000038,228.7558372,77.55529712,26.3135027,60.42635138,0.8977573568,150.9249731,6.494245052,298.3432312,0,142.0084381,217.5912781,13.54576778,65030.72266,16.19782257,2.492430873
31.79999924,279.5904676,78.95000886,26.39456629,59.67909614,0.898070378,150.0849415,6.495144367,298.2277222,0,144.8238831,185.1842804,1.354576826,65055.44922,16.18272972,2.457837586
32,228.7558372,79.04680524,26.28354151,59.78373275,0.8990262839,148.8666417,6.495954514,298.1436157,0,147.2830048,159.2151184,0.1354576796,65090.87109,16.19397545,2.488967477
32.20000076,279.5904676,78.90544712,26.42628051,59.69333626,0.8963044606,149.9323335,6.497943401,298.0934448,0,149.4213409,139.6050415,0.0135457674,65116.57812,16.17037392,2.501270348
32.40000153,228.7558372,78.00105514,26.15367698,60.03438065,0.8989436082,150.0118312,6.499694824,298.0512695,0,150.7601166,128.3096313,0.001354576787,65152.69141,16.20864487,2.573710542
32.59999847,228.7558372,78.54959158,26.28716786,60.01378796,0.8980295045,147.9962083,6.501116276,298.0264587,0,151.4028625,117.64077,0.0001354576816,65188.70703,16.19386101,2.57410749
32.79999924,279.5904676,77.41723694,25.99972465,60.56764258,0.9048992615,149.9035085,6.503577709,298.0092163,0,151.4772186,111.3205185,9.999999747e-05,65214.39062,16.27034569,2.636603738
33,228.7558372,76.43698874,26.00138805,60.6545634,0.9027227796,152.3783189,6.505142212,297.9917908,0,150.5625153,106.5542831,9.999999747e-05,65250.53516,16.26198387,2.682920769
33.20000076,228.7558372,77.60074763,26.25608625,60.09704776,0.8971032868,150.5235357,6.506463528,297.9953003,0,149.0283356,101.0139084,9.999999747e-05,65286.42188,16.19538498,2.652062763
33.40000153,228.7558372,78.70972071,26.22980513,60.18136177,0.9002126729,152.14164,6.507133484,298.0042725,0,146.9635315,102.045578,9.999999747e-05,65322.55078,16.21319199,2.632391372
33.59999847,228.7558372,78.51494693,26.26975763,60.02705724,0.8985147803,149.1069582,6.507368088,298.0116577,0,144.6322479,104.9427185,9.999999747e-05,65357.55078,16.19623375,2.654064323
33.79999924,228.7558372,77.52173237,26.12642543,60.28533581,0.8995274598,149.6801658,6.506203175,298.0001526,0,142.2064362,107.5822525,9.999999747e-05,65391.78516,16.21743774,2.726767419
34,279.5904676,77.37228856,26.00897733,60.60896216,0.9051058629,150.0291078,6.503149509,297.9763794,0,140.2496796,103.9966736,9.999999747e-05,65415.08984,16.26966286,2.769173541
34.20000076,228.7558372,78.4605305,26.23424998,60.20750146,0.8989781693,151.7699912,6.499579906,297.9697876,0,139.5161591,95.88297272,9.999999747e-05,65449.38281,16.20406532,2.755715621
34.40000153,228.7558372,78.22722011,26.37447529,59.99593927,0.8960312078,150.0434918,6.496478081,297.9669495,0,140.2060547,92.90233612,9.999999747e-05,65483.42188,16.17715263,2.774033844
34.59999847,279.5904676,77.62822486,26.13897429,60.25747526,0.8995437734,150.5170453,6.495673656,297.9688416,0,142.1335754,90.83466339,9.999999747e-05,65507.38672,16.21797943,2.809198857
34.79999924,228.7558372,77.4226446,26.012165,60.63961884,0.9045998691,149.9440032,6.495996475,297.9743347,0,144.3769073,90.27038574,9.999999747e-05,65542.08594,16.26780701,2.829454323
35,228.7558372,77.05542038,25.98520184,60.64697059,0.9050165788,149.6762264,6.497714043,297.9832764,0,146.4946136,90.98429871,9.999999747e-05,65577.10938,16.27576447,2.85045196
35.20000076,228.7558372,78.63386153,26.21998034,60.20924409,0.90031469,152.0958812,6.49896574,297.9945984,0,147.9244232,93.06787109,9.999999747e-05,65613.41406,16.21901512,2.825284105
35.40000153,228.7558372,78.7080358,26.22784052,60.23253053,0.9007517481,151.4846857,6.498904228,297.9890747,0,148.8595123,96.28234863,9.999999747e-05,65649.69531,16.22350693,2.852235489
35.59999847,279.5904676,78.30922614,26.28921579,60.07420211,0.8980629754,147.9709778,6.49924469,297.9834595,0,149.821991,94.08809662,9.999999747e-05,65674.92188,16.20081139,2.878842679
35.79999924,228.7558372,78.58010993,26.29144353,60.02100836,0.8976173612,148.2533696,6.49917841,297.9801636,0,150.6427307,91.78432465,9.999999747e-05,65710.86719,16.19561195,2.889313848
36,279.5904676,78.35979573,26.29062094,60.05432451,0.8981060236,147.7634735,6.498172283,297.9666443,0,151.4926147,90.06838226,9.999999747e-05,65736.30469,16.20253372,2.913936353
36.20000076,279.5904676,77.14432813,26.03041522,60.65046361,0.9036542212,149.381974,6.498904228,297.9606934,0,152.7467957,84.68740845,9.999999747e-05,65762.01562,16.26801491,2.948960708
36.40000153,228.7558372,78.49587708,26.30689484,60.03810518,0.897683091,149.2743158,6.499061584,297.9656067,0,153.6994629,81.48235321,9.999999747e-05,65798.75,16.19983673,2.938765646
36.59999847,279.5904676,78.47034787,26.26714766,60.00852688,0.8983120984,149.2316919,6.497869968,297.9564819,0,154.5966034,81.74908447,9.999999747e-05,65825.10156,16.20692062,2.955603647
36.79999924,228.7558372,78.46631409,26.2754215,60.06873566,0.8980817355,148.4804718,6.494536877,297.9410706,0,155.9730377,77.27332306,9.999999747e-05,65861.89062,16.20663071,2.960660403
37,279.5904676,78.4956513,26.27065361,59.99406384,0.8980446705,149.7560207,6.493919373,298.3142395,0,158.685318,23.18199539,91.400383,65889.10156,16.20759773,2.978745446
37.20000076,228.7558372,77.96271352,26.28959808,60.21623679,0.8976848395,153.3064476,6.494853497,298.2196045,0,161.628891,149.8304901,9.14003849,65927.92969,16.21359444,2.99512926
37.40000153,228.7558372,77.48887864,26.18201461,60.36128553,0.9019369558,150.82684,6.497023582,298.1386414,0,164.2023773,126.161644,0.9140037894,65966.69531,16.25597191,3.015866678
37.59999847,279.5904676,79.01195295,26.31462164,60.04725721,0.8975475686,150.5965508,6.500213623,298.0997314,0,165.908783,107.175354,0.09140037745,65995.88281,16.20454407,3.01844555
37.79999924,228.7558372,78.68871935,26.34965325,59.91221415,0.8975719883,147.0154277,6.50157547,298.0606384,0,166.3398285,99.56163025,0.009140037932,66034.6875,16.20487213,3.029397816
38,279.5904676,77.84254463,26.16712331,60.03687849,0.8984132936,150.3304637,6.501283646,298.0170593,0,166.2353973,90.10282135,0.0009140038164,66063.33594,16.22404861,3.039806917
38.20000076,279.5904676,76.66876929,25.90472768,60.71629456,0.9046142212,150.9268725,6.501065254,297.9860229,0,166.2472687,77.63233948,9.999999747e-05,66091.73438,16.2934494,3.048645348
38.40000153,228.7558372,77.6840536,26.17149424,60.14835256,0.8982728252,150.3613223,6.500175476,297.9752808,0,166.3408661,67.8951416,9.999999747e-05,66130.78906,16.22578239,3.056232817
38.59999847,228.7558372,78.41725787,26.30283221,60.07340966,0.8978805232,147.9896952,6.50047493,297.9804077,0,166.7928772,63.8938942,9.999999747e-05,66169.75,16.21437263,3.073507678
38.79999924,228.7558372,78.45456803,26.3047992,60.0499025,0.8981956762,149.0943387,6.501020432,297.9847717,0,167.1191406,64.81983185,9.999999747e-05,66209.02344,16.21793365,3.086397305
39,279.5904676,77.5182634,26.25202765,60.18576157,0.8971480963,150.8930689,6.502317905,297.9849548,0,167.2301483,65.5556488,9.999999747e-05,66238.00781,16.21892929,3.104507656
39.20000076,279.5904676,77.57078155,26.22679588,60.12584647,0.8976145072,151.2445321,6.503515244,297.9862366,0,166.8205414,65.01415253,9.999999747e-05,66267.00781,16.2227459,3.116185051
39.40000153,279.5904676,77.18868399,26.16287263,60.64410953,0.9022533459,148.6571756,6.505315304,297.9911194,0,165.9346161,64.88748932,9.999999747e-05,66295.22656,16.26745224,3.134506546
39.59999847,228.7558372,78.51616041,26.2674737,60.20818757,0.8985612328,151.7336908,6.506624699,298.0041809,0,164.3264313,66.05098724,9.999999747e-05,66334.625,16.22378349,3.145230304
39.79999924,228.7558372,78.32558486,26.2795191,60.27529866,0.8986518407,150.8455546,6.507676125,298.0132751,0,162.1981049,70.18288422,9.999999747e-05,66373.375,16.22514915,3.160571952
40,279.5904676,78.77223026,26.35065044,60.12894137,0.898625411,152.1275191,6.507914543,298.0170593,0,159.648407,73.3769989,9.999999747e-05,66401.55469,16.21909142,3.170177892
40.20000076,228.7558372,77.36879271,26.0388096,60.60189349,0.9041424391,149.6998656,6.508776188,298.0203552,0,157.0051117,75.11291504,9.999999747e-05,66438.75781,16.28162193,3.196016181
40.40000153,228.7558372,78.46413756,26.28898188,60.03839322,0.8980211505,149.1280065,6.509430408,298.0361328,0,154.0126038,76.85948944,9.999999747e-05,66475.67969,16.21270752,3.209249492
40.59999847,228.7558372,77.43467452,26.0040287,60.75489329,0.9042288682,152.0474795,6.509563923,298.0364075,0,150.7610474,83.0466156,9.999999747e-05,66512.17969,16.28256226,3.229465418
40.79999924,228.7558372,77.57489807,26.16970667,60.21383524,0.8981482149,149.1726273,6.508221149,298.032074,0,147.457077,84.38110352,9.999999747e-05,66547.42969,16.22087288,3.234210259
41,228.7558372,77.84377758,26.23384783,60.28623269,0.8980298528,153.5572176,6.506421089,298.030365,0,144.6934357,84.24125671,9.999999747e-05,66583.13281,16.21883011,3.247076856
41.20000076,279.5904676,76.86721954,25.84239692,60.91759638,0.9072990904,153.5604717,6.507201195,298.0417175,0,142.6465302,84.88941956,9.999999747e-05,66607.83594,16.31420517,3.290586238
41.40000153,279.5904676,78.34314056,26.3857887,60.07158658,0.896836394,149.6860718,6.507416725,298.0680542,0,140.2776489,89.962883,9.999999747e-05,66631.88281,16.19655037,3.290995808
41.59999847,228.7558372,78.06231817,26.29582392,60.08651497,0.897562522,147.8731027,6.505670071,298.0663147,0,137.83284,100.5290604,9.999999747e-05,66665.25781,16.20431519,3.29836081
41.79999924,279.5904676,78.40556169,26.30440745,60.03715489,0.8978468699,148.1098915,6.504973412,298.0770874,0,136.0912933,102.2756653,9.999999747e-05,66688.11719,16.20264626,3.319918754
42,228.7558372,77.12713238,26.00826114,60.72393436,0.9052315099,148.8156456,6.504199028,298.0734863,0,134.6187134,108.4943008,9.999999747e-05,66720.82031,16.28448868,3.34442387
42.20000076,228.7558372,77.36961184,26.00090297,60.62568542,0.9050410515,150.4614155,6.502774715,298.0635986,0,133.4593201,110.0582657,9.999999747e-05,66753.66406,16.28082466,3.352117906
42.40000153,228.7558372,78.60429589,26.38609474,59.89917736,0.8969025367,149.9100911,6.500566006,298.0592957,0,132.8716888,109.4369202,9.999999747e-05,66786.67969,16.1909008,3.351463034
42.59999847,279.5904676,78.65239904,26.28128774,60.01847482,0.89900954,149.226688,6.497930527,298.0401917,0,133.1679688,110.4095078,9.999999747e-05,66809.08594,16.21053696,3.358366752
42.79999924,228.7558372,77.8376685,26.14732545,60.15941013,0.8993664531,149.2174199,6.496819496,298.031311,0,134.5174255,106.0718918,9.999999747e-05,66842.02344,16.22406387,3.380613898
43,228.7558372,77.39442448,26.00806648,60.5611944,0.904996995,150.2754687,6.497717381,298.0359802,0,136.3048706,104.6575775,9.999999747e-05,66875.51562,16.28238487,3.411696785
43.20000076,279.5904676,78.78583754,26.35987904,59.97897995,0.8972683181,152.5448486,6.498855591,298.0503235,0,137.7313385,107.5141068,9.999999747e-05,66899.86719,16.1986599,3.418335507
43.40000153,228.7558372,77.45974097,26.01863328,60.580211,0.9052417114,150.4128299,6.500709057,298.0569153,0,138.7082825,113.7779694,9.999999747e-05,66934.00781,16.28614235,3.447895066
43.59999847,228.7558372,78.78520446,26.27471795,59.98955089,0.8989317324,148.1818552,6.501353741,298.0578613,0,138.9421539,117.8317566,9.999999747e-05,66968.10938,16.21292686,3.442702751
43.79999924,279.5904676,78.80694565,26.32511431,59.94471566,0.8984789869,149.2229836,6.502328396,298.0592041,0,138.9245453,120.2421799,9.999999747e-05,66992.03125,16.20839882,3.460934488
44,228.7558372,78.85626362,26.40419584,59.73236091,0.8959946382,150.0766683,6.501847744,298.0425415,0,138.512146,122.8642349,9.999999747e-05,67026.39062,16.18471146,3.458148358
44.20000076,279.5904676,77.60701843,26.23159154,60.09961053,0.8968072598,148.7997582,6.502725124,298.0318604,0,138.2977295,119.3227921,9.999999747e-05,67049.70312,16.20609856,3.488581856
44.40000153,279.5904676,79.1220903,26.29991284,60.00726194,0.8985486879,151.1988432,6.503092289,298.0357056,0,137.7233124,117.3598099,9.999999747e-05,67073.88281,16.20831299,3.498585316
44.59999847,228.7558372,77.5480661,26.01776786,60.6373724,0.9055098471,150.3173041,6.504076481,298.0381775,0,137.0079956,119.9602051,9.999999747e-05,67107.73438,16.28828239,3.527089127
44.79999924,228.7558372,79.01081995,26.3181579,59.89673527,0.8979339803,149.0024577,6.504310608,298.0562134,0,135.8952942,122.1290436,9.999999747e-05,67141.64062,16.20122147,3.534295125
45,279.5904676,78.84465054,26.32791266,60.08495969,0.8973354459,151.3008591,6.504061222,298.0514832,0,134.6934052,129.7607422,9.999999747e-05,67165.20312,16.19942284,3.544020793
45.20000076,279.5904676,78.90160567,26.3380568,59.89626095,0.898314176,149.079943,6.503704548,298.0502014,0,133.5904846,130.1062927,9.999999747e-05,67188.125,16.20353127,3.559009845
45.40000153,228.7558372,78.96504318,26.33026771,59.8425405,0.8976067335,149.3625213,6.502392292,298.0384827,0,132.6290741,131.6248779,9.999999747e-05,67221.28906,16.19652748,3.5599829
45.59999847,279.5904676,79.06829269,26.28832144,59.8585567,0.898960047,148.9693621,6.500684261,298.0150757,0,132.1954041,129.4759827,9.999999747e-05,67243.78125,16.20715141,3.561656793
45.79999924,279.5904676,78.33999809,26.18082319,60.12431003,0.8984069923,153.0171155,6.499227524,297.9893799,0,132.4431305,122.9289322,9.999999747e-05,67266.90625,16.21426773,3.565835614
46,279.5904676,79.07316373,26.31458103,59.8192444,0.8973010749,149.6403919,6.497526646,297.9723206,0,133.2714233,114.8066788,9.999999747e-05,67289.70312,16.1933651,3.570603497
46.20000076,228.7558372,79.08627017,26.30333904,60.01804552,0.8979572712,151.2711583,6.495630264,297.9555359,0,134.7816772,108.715065,9.999999747e-05,67323.53125,16.20261955,3.56735764
46.40000153,228.7558372,78.52681454,26.34906852,59.99926804,0.8971719489,147.1922629,6.49455452,297.9426575,0,137.0502777,102.0198822,9.999999747e-05,67356.8125,16.19842148,3.571009619
46.59999847,279.5904676,78.01084766,26.19400813,60.07059247,0.8981243741,150.4795738,6.495090008,298.3690491,0,139.7459717,30.60596275,113.1704941,67380.67969,16.21681213,3.582153397
46.79999924,228.7558372,75.81368703,25.92566724,60.79162285,0.9036812291,147.6266594,6.495537758,298.2636108,0,142.224762,175.6664276,11.31704903,67414.03906,16.28757477,3.527824176
47,228.7558372,79.15398451,26.36728011,59.64836312,0.8966879221,149.2545997,6.493608952,298.1565552,0,144.5298309,149.9259949,1.131704926,67449.125,16.19260788,3.540777105
47.20000076,228.7558372,78.37394125,26.37110363,59.77050735,0.8954120793,150.9635689,6.493904114,298.0895996,0,147.6139221,123.670517,0.1131704897,67485.07812,16.19203568,3.563994118
47.40000153,228.7558372,78.75685653,26.41510482,59.83451008,0.8947924053,147.1089785,6.493285179,298.032196,0,150.565155,107.2473373,0.01131704915,67520.84375,16.1833744,3.5432851
47.59999847,228.7558372,77.89443637,26.20338597,60.06719673,0.8981732689,148.1374368,6.493590832,297.9893188,0,153.7740173,91.30130768,0.001131704892,67557.1875,16.22539711,3.52937179
47.79999924,228.7558372,76.58364768,25.898593,60.77198824,0.9050494579,151.2367444,6.495173454,297.9572754,0,156.8547516,78.14257812,0.0001131704921,67594.375,16.30572701,3.510195663
48,228.7558372,78.73657356,26.39313416,59.94011009,0.8954266051,148.4992335,6.49515152,297.9431763,0,159.3010864,67.01662445,9.999999747e-05,67632.11719,16.19745064,3.531377907
48.20000076,228.7558372,78.69723291,26.32958274,60.18343418,0.898389812,150.7778388,6.496035576,298.2312622,0,161.765564,20.10498619,74.60280609,67670.77344,16.22895241,3.540880479
48.40000153,228.7558372,76.96204232,26.02696502,60.558413,0.90278874,149.5104857,6.497682571,298.1530762,0,163.8683319,117.4657593,7.460280418,67709,16.28518486,3.505941459
48.59999847,279.5904676,77.81529683,26.07727634,60.52980716,0.9041722317,148.2638484,6.499549389,298.0873108,0,165.3128052,97.00167847,0.7460280657,67737.10156,16.29093742,3.530541535
48.79999924,279.5904676,79.03553854,26.39002752,59.85322937,0.8962466218,147.4044538,6.501083851,298.0514221,0,166.0122375,80.64332581,0.07460280508,67765.60156,16.2075882,3.567997527
49,228.7558372,78.99347741,26.46433148,59.87675405,0.896121315,148.4881747,6.500964642,298.0205688,0,166.0995483,72.02723694,0.007460280787,67804.70312,16.20684052,3.544866157
49.20000076,279.5904676,77.62632977,26.2221323,60.14226511,0.8969517039,148.5009853,6.503653526,298.0083008,0,166.2389679,63.57568359,0.0007460280904,67833.125,16.22982216,3.576003302
49.40000153,228.7558372,77.65123229,26.18942686,60.35248646,0.8976664142,151.4999351,6.505328178,297.9985046,0,165.2883453,60.35453796,9.999999747e-05,67872.39062,16.23962212,3.57180747
49.59999847,279.5904676,78.73096307,26.30821972,60.01192518,0.8989706807,148.5647193,6.505382538,297.9910889,0,163.6802521,57.36922455,9.999999747e-05,67900.53906,16.23623276,3.575212468
49.79999924,228.7558372,76.45450984,26.0105276,60.64903176,0.9027195976,152.4932721,6.507077217,297.9868469,0,162.0523987,54.83613586,9.999999747e-05,67939.01562,16.2945919,3.57038442
50,228.7558372,77.42055425,26.12177177,60.64606184,0.9022716376,153.8674924,6.507812023,297.9890747,0,159.7361755,53.09293365,9.999999747e-05,67977.60156,16.28327179,3.59844892
50.20000076,228.7558372,77.38837818,26.21070151,60.21866647,0.8965859592,149.6048966,6.507125854,297.9880981,0,157.1343994,53.40290451,9.999999747e-05,68014.72656,16.22720337,3.586318771
50.40000153,228.7558372,78.17023085,26.32348457,60.14397928,0.8969964152,147.3016734,6.50475502,297.9868469,0,154.8085938,52.63783646,9.999999747e-05,68051.08594,16.22056961,3.584830978
50.59999847,228.7558372,77.32672006,25.96579919,60.78557885,0.9062945953,151.4672971,6.503603458,297.9858093,0,153.4321899,51.76761627,9.999999747e-05,68087.76562,16.31676674,3.586521465
50.79999924,279.5904676,76.33858023,25.97880093,60.67667702,0.902455136,153.1224286,6.504505634,297.9909363,0,152.507019,50.9213028,9.999999747e-05,68114.01562,16.29219055,3.62058279
51,279.5904676,77.53741639,26.25385332,60.14184307,0.8967771109,151.2324808,6.504209518,297.9983521,0,151.2181091,52.16309357,9.999999747e-05,68139.98438,16.22697258,3.647191658
51.20000076,228.7558372,76.3032055,25.89212634,60.73854243,0.9038971036,152.3748292,6.503652096,297.9950562,0,150.0582123,54.34360123,9.999999747e-05,68175.9375,16.30467606,3.60704585
51.40000153,228.7558372,77.87347781,26.13787626,60.37263509,0.9005110312,152.3723776,6.500914574,297.9917603,0,149.1183167,53.08772659,9.999999747e-05,68212.07812,16.25897026,3.6114283
51.59999847,228.7558372,78.35532522,26.29583855,60.04856254,0.8975914717,149.4317824,6.497442722,297.988739,0,149.2796478,51.79690552,9.999999747e-05,68247.76562,16.22509003,3.609120142
51.79999924,279.5904676,78.43197981,26.37772091,60.17617892,0.8964256809,151.9332554,6.495055676,297.9871216,0,150.8252563,50.4705162,9.999999747e-05,68273.89844,16.21762657,3.623864748
52,279.5904676,77.6231106,26.16318358,60.15173304,0.8977760312,150.8420403,6.495543957,297.9905396,0,153.3196869,49.514431,9.999999747e-05,68300.15625,16.23933792,3.646504047
52.20000076,228.7558372,78.5399299,26.2920991,60.07424129,0.89941736,149.5607145,6.496361732,297.9984436,0,155.6128235,50.21837997,9.999999747e-05,68337.35156,16.24645424,3.678575457
52.40000153,279.5904676,78.12486976,26.28258848,60.07096107,0.8976776577,148.4471559,6.499294758,298.0098572,0,157.5869751,52.56196976,9.999999747e-05,68364.30469,16.23679352,3.722752626
52.59999847,228.7558372,78.64610189,26.31244544,60.16259239,0.8985489027,152.0658874,6.502103329,298.0220947,0,158.3819885,56.3883667,9.999999747e-05,68402.79688,16.24515152,3.755642638
52.79999924,228.7558372,78.76412644,26.30524672,60.12691851,0.8981391722,151.5032919,6.503808975,298.0226135,0,158.0608826,60.89412308,9.999999747e-05,68441.07031,16.24022484,3.737459133
53,228.7558372,78.66782911,26.40598783,59.88813799,0.8955181973,150.249643,6.5042696,298.0157471,0,157.06073,61.81142426,9.999999747e-05,68478.80469,16.2140789,3.715816639
53.20000076,279.5904676,78.60580092,26.34048065,59.98853402,0.8968134997,148.4163577,6.505393028,298.0148926,0,155.8768005,60.27905273,9.999999747e-05,68505.52344,16.22601509,3.742652356
53.40000153,228.7558372,78.74841847,26.39330023,60.00730108,0.8974716466,148.9787164,6.506472588,298.0217896,0,154.2373047,60.62591553,9.999999747e-05,68542.58594,16.23085022,3.778871359
53.59999847,228.7558372,78.57861072,26.31102668,59.94556934,0.8970827306,149.3636422,6.506235123,298.0166626,0,152.1683807,63.57348633,9.999999747e-05,68579.16406,16.22813225,3.748161844
53.79999924,228.7558372,77.40491274,26.07049561,60.61722327,0.9043835333,150.485524,6.50623703,298.0083923,0,150.1986237,62.56742859,9.999999747e-05,68615.19531,16.30574989,3.727491164
54,279.5904676,77.63400408,26.03625149,60.72374379,0.9043884465,152.6620001,6.507111549,298.0114136,0,148.2229614,60.37571335,9.999999747e-05,68641.00781,16.30748558,3.780705962
54.20000076,279.5904676,78.82477898,26.29979708,60.03267978,0.8984050168,149.2505754,6.505563259,298.0095215,0,145.8955078,61.79431152,9.999999747e-05,68665.91406,16.23564148,3.773081309
54.40000153,228.7558372,78.47801213,26.269502,60.25290838,0.8985805359,150.6588385,6.503437996,298.0056458,0,144.1981506,61.5537796,9.999999747e-05,68701.07031,16.24181938,3.760811954
54.59999847,228.7558372,77.93624345,26.28392424,60.10073497,0.8958962678,151.7148679,6.500860214,297.9968567,0,143.344986,60.58444977,9.999999747e-05,68736.07031,16.22154999,3.735717991
54.79999924,228.7558372,77.16669766,26.00201553,60.8309239,0.9057248866,152.2789856,6.497754097,297.9804382,0,143.5224609,57.79803848,9.999999747e-05,68770.85938,16.31812859,3.678000633
55,228.7558372,78.13829391,26.34059405,60.12791156,0.8962377247,148.2283821,6.494811535,297.9762878,0,144.942688,52.08144379,9.999999747e-05,68805.42969,16.22134781,3.709928277
55.20000076,279.5904676,78.41222759,26.30217031,60.01248531,0.8970793931,149.1731567,6.492529392,297.9713135,0,147.537735,50.03473663,9.999999747e-05,68830.32812,16.22856522,3.707657759
55.40000153,228.7558372,78.49410924,26.26472814,60.09083536,0.8994553746,149.4465249,6.488631248,297.9583435,0,151.0440521,47.45721436,9.999999747e-05,68866.28125,16.25050163,3.64422207
55.59999847,228.7558372,77.81817812,26.18357793,60.18859214,0.8980489801,150.8081417,6.487753868,297.9533081,0,156.1170044,41.94368362,9.999999747e-05,68903.39844,16.25032806,3.652862468
55.79999924,279.5904676,77.86971084,26.20458033,60.24649673,0.8990988715,154.0624152,6.487998486,297.9482422,0,161.5258942,38.75040817,9.999999747e-05,68931.84375,16.26468468,3.647883712
56,279.5904676,77.44939128,26.17550218,60.58051514,0.9011408092,150.7968502,6.492292881,298.1418762,0,166.842804,11.62512207,49.36802292,68960.70312,16.29135323,3.709656622
56.20000076,228.7558372,76.27264186,25.93376787,60.75630355,0.902549001,151.4611519,6.497938633,298.1060486,0,170.4323578,76.52728271,4.936802387,69000.50781,16.31976891,3.698760424
56.40000153,228.7558372,79.04030458,26.43419932,59.7985018,0.8956551553,148.8462059,6.500068665,298.0656433,0,171.7720337,68.03514099,0.4936802387,69040.77344,16.22884941,3.715990049
56.59999847,228.7558372,77.89016041,26.2591299,60.05593754,0.8951461324,149.6557292,6.504640102,298.0474854,0,172.2755585,58.33631897,0.04936802387,69081.13281,16.2400856,3.764560907
56.79999924,279.5904676,78.70642818,26.33796624,59.97821556,0.8978252364,146.8353035,6.508044243,298.0346069,0,170.9312744,54.84023285,0.004936802667,69110.4375,16.25308609,3.780270764
57,228.7558372,77.74774967,26.31593069,60.04775723,0.8942047034,151.4314368,6.511586189,298.0299988,0,168.2371063,52.31364441,0.0004936802434,69150.39844,16.23326492,3.804139776
57.20000076,228.7558372,77.87775076,26.1493961,60.24216108,0.8985159692,153.5164856,6.514472961,298.0299072,0,164.1218262,52.11383057,9.999999747e-05,69190.02344,16.27285767,3.831639264
57.40000153,279.5904676,78.70975526,26.34722414,59.96619172,0.8965864404,150.2067703,6.515997887,298.0348816,0,158.8545532,53.24155426,9.999999747e-05,69217.76562,16.24138451,3.873884782
57.59999847,228.7558372,78.51278375,26.3962754,60.00192628,0.8963444527,150.3356969,6.51585722,298.037384,0,152.97966,56.07743073,9.999999747e-05,69254.71875,16.23718452,3.871081108
57.79999924,279.5904676,78.61064344,26.27301254,60.03436296,0.8997199085,149.8545883,6.515178204,298.0411987,0,147.1620789,58.22014618,9.999999747e-05,69280.02344,16.26359749,3.89644188
58,279.5904676,78.48801883,26.28527126,60.1851772,0.8978067063,152.0802484,6.513684273,298.0455933,0,141.6126099,60.91781616,9.999999747e-05,69304.67188,16.24811745,3.917053514
58.20000076,228.7558372,78.39456278,26.30916791,60.04437091,0.897757797,149.7654182,6.510155678,298.0422363,0,136.6615601,63.9485817,9.999999747e-05,69338.17969,16.24169159,3.885857798
58.40000153,228.7558372,78.57094195,26.26864979,60.02146118,0.8977362235,149.9221357,6.505882263,298.0380249,0,133.1261597,64.46151733,9.999999747e-05,69371.03125,16.23891068,3.886932772
58.59999847,228.7558372,77.56070341,26.16217412,60.176826,0.8972993591,151.5857953,6.50123167,298.0246277,0,131.2960205,64.61952972,9.999999747e-05,69403.49219,16.2440033,3.838399046
58.79999924,228.7558372,78.45023093,26.28532125,60.05549675,0.8978824782,149.426888,6.496914387,298.0198059,0,131.3249512,61.45896149,9.999999747e-05,69435.8125,16.23984146,3.871325003
59,279.5904676,77.08668235,26.06224773,60.70176042,0.9028278035,149.0975726,6.495562553,298.016449,0,133.0783997,60.81650925,9.999999747e-05,69457.64844,16.30068207,3.878044907
59.20000076,228.7558372,78.16515707,26.29019758,60.26742077,0.898583758,150.7448479,6.494056702,298.0158081,0,135.3639679,60.44215012,9.999999747e-05,69491.05469,16.25460625,3.902112273
59.40000153,279.5904676,76.51656072,25.92482638,60.81645131,0.9042904429,151.3183861,6.495667934,298.0137024,0,138.2618561,60.86112213,9.999999747e-05,69514.28906,16.32666397,3.899849938
59.59999847,228.7558372,78.45497241,26.32824996,60.04223594,0.8978238285,149.774473,6.496136665,298.0171204,0,140.5046082,60.73115921,9.999999747e-05,69548.6875,16.24868393,3.943712837
59.79999924,228.7558372,78.59079283,26.33098882,60.06174117,0.8976739997,152.3424718,6.497826099,298.0256042,0,142.5735321,62.44499588,9.999999747e-05,69584.16406,16.25181961,3.992215379
60,228.7558372,77.37856986,26.22274112,60.30931839,0.8967020707,152.489265,6.500760078,298.0318298,0,143.9590302,65.98473358,9.999999747e-05,69619.67188,16.25818634,3.999834103
60.20000076,228.7558372,78.6204268,26.32733084,60.01740757,0.8970347943,149.1186054,6.503099918,298.0448608,0,144.1707458,69.03194427,9.999999747e-05,69654.96094,16.24802971,4.057878578
60.40000153,279.5904676,77.74295571,26.17433422,60.29903561,0.8982485525,151.2817564,6.506092548,298.0533447,0,143.4524689,74.67281342,9.999999747e-05,69679.89844,16.27099037,4.071998274
60.59999847,228.7558372,77.77030205,26.2493155,60.09055796,0.895717203,150.7566022,6.508010864,298.0604553,0,141.5331116,79.1841507,9.999999747e-05,69714.8125,16.24604988,4.081358749
60.79999924,228.7558372,76.37793634,25.87346651,60.70435475,0.9033715221,152.1691342,6.510124207,298.058075,0,138.8520508,83.57458496,9.999999747e-05,69749.01562,16.3303318,4.048115385
61,279.5904676,77.98645597,26.19588744,60.09240489,0.8979335577,150.8393614,6.510207653,298.055542,0,135.3214874,84.96955872,9.999999747e-05,69772.25,16.2598114,4.078289165
61.20000076,228.7558372,77.94604412,26.23091387,60.06816625,0.8957981655,150.5355554,6.509199619,298.0546265,0,131.7649078,86.29099274,9.999999747e-05,69805.14062,16.2396431,4.08420051
61.40000153,279.5904676,78.34628318,26.33965494,60.05673717,0.8977936847,147.9927393,6.507646084,298.0554504,0,128.6087036,88.07653809,9.999999747e-05,69826.58594,16.2483139,4.110316196
61.59999847,228.7558372,78.57502203,26.32394391,59.96342614,0.8975809549,150.1994681,6.505499363,298.0598755,0,126.0721359,90.41217041,9.999999747e-05,69858.5,16.24542427,4.132649675
61.79999924,228.7558372,78.69785832,26.33929088,59.9130179,0.8976837625,150.2367945,6.503232002,298.0636292,0,124.3945465,94.01313019,9.999999747e-05,69890.14844,16.24437904,4.148049546
62,228.7558372,78.5406939,26.33201736,60.02244539,0.8975408347,150.3005153,6.501640797,298.0733032,0,123.6222534,97.52354431,9.999999747e-05,69921.70312,16.2465992,4.186177495
62.20000076,228.7558372,78.88066371,26.28911922,60.02064077,0.8986763982,149.196827,6.500324726,298.0840454,0,123.4838943,103.2138596,9.999999747e-05,69953.14844,16.25453568,4.214120271
62.40000153,228.7558372,78.91003809,26.32435533,60.06955454,0.8983910247,152.46132,6.499485016,298.0955505,0,123.8731384,109.6007462,9.999999747e-05,69985.42188,16.25567818,4.244201654
62.59999847,279.5904676,78.97856611,26.2930431,59.91468113,0.898501305,149.0184243,6.499207497,298.0993652,0,124.5975876,116.6438065,9.999999747e-05,70006.71094,16.25314522,4.248654841
62.79999924,228.7558372,79.09880933,26.30649782,60.09424952,0.8988954679,149.0175435,6.498512745,298.0912476,0,125.4327927,121.4567566,9.999999747e-05,70038.57031,16.25695419,4.220648034
63,228.7558372,77.54054139,26.01422701,60.58575644,0.905534357,151.0268296,6.49906683,298.0718689,0,126.549118,122.3504105,9.999999747e-05,70070.54688,16.33450317,4.1736108
63.20000076,228.7558372,78.84402879,26.36501029,59.88163777,0.8954459127,149.1412598,6.499106407,298.0663147,0,127.4383774,119.150238,9.999999747e-05,70102.80469,16.2297821,4.233878823
63.40000153,228.7558372,79.1413337,26.31653737,59.97533783,0.8978390302,151.8564347,6.499323845,298.0626221,0,128.3174744,120.0762711,9.999999747e-05,70135.90625,16.25266075,4.253707586
63.59999847,279.5904676,78.35012597,26.23117006,60.00802352,0.8979713358,150.7105217,6.500565529,298.0567627,0,129.1073914,121.3228531,9.999999747e-05,70158.28125,16.26118851,4.255324325
63.79999924,228.7558372,77.74659614,26.0234136,60.5899069,0.9052935671,150.7210444,6.501770973,298.0441895,0,129.3979034,121.6761551,9.999999747e-05,70190.89844,16.33529091,4.220398191
64,279.5904676,79.02466714,26.37794304,59.77868704,0.8944113934,150.0064624,6.502261162,298.0406189,0,129.2095032,119.5142288,9.999999747e-05,70213.35156,16.22229195,4.27686604
64.19999695,279.5904676,78.84286705,26.34449775,59.88507176,0.8968712603,147.252817,6.502219677,298.0213013,0,128.827301,120.0379181,9.999999747e-05,70234.97656,16.24171448,4.222953015
64.40000153,228.7558372,78.63298824,26.37770933,59.9637982,0.8962460102,147.0328268,6.50178957,298.0041199,0,128.4612274,114.9169464,9.999999747e-05,70266.83594,16.2379055,4.208038752
64.59999847,228.7558372,78.63142466,26.19436548,60.08011774,0.8985485667,152.6629798,6.501484871,297.9885254,0,128.2666779,109.9412231,9.999999747e-05,70299.76562,16.26526642,4.205219132
64.80000305,279.5904676,77.84719187,26.04891304,60.48140225,0.9042819092,152.1181877,6.501960754,297.9722595,0,128.192276,104.8408356,9.999999747e-05,70321.88281,16.32381248,4.186784806
65,228.7558372,79.09358809,26.36600351,59.84169573,0.8964689399,150.5946628,6.50078392,297.9597473,0,127.9254074,98.91127777,9.999999747e-05,70354.39844,16.23783493,4.192063589
65.19999695,279.5904676,77.90267645,26.2706376,60.20569213,0.8968047987,151.4726271,6.501252651,297.9554749,0,128.137146,93.68254089,9.999999747e-05,70376.42969,16.25555038,4.209186388
65.40000153,228.7558372,78.58621073,26.34397945,59.93261383,0.8953852317,149.9328752,6.501240253,297.9615173,0,128.1506958,90.78572083,9.999999747e-05,70408.83594,16.23583794,4.246238837
65.59999847,279.5904676,78.85565912,26.34160521,59.84880323,0.8972902044,150.6916315,6.501158714,297.9613953,0,128.1762238,91.23175812,9.999999747e-05,70430.98438,16.24918365,4.238931667
65.80000305,228.7558372,76.67102659,26.01289802,60.74209075,0.9020573798,153.1230716,6.501679897,297.9467163,0,128.233017,89.70690155,9.999999747e-05,70463.32031,16.31726837,4.134176668
66,228.7558372,78.48581128,26.27528694,60.16447821,0.898331709,150.2260345,6.501216412,298.3094177,0,128.0790863,26.91207123,104.7429199,70495.54688,16.26390648,4.196911658
66.19999695,279.5904676,77.92781802,26.23668383,60.1415373,0.8998461117,148.4065767,6.501598835,298.2761536,0,128.1157532,150.1563568,10.47429276,70516.78125,16.28006744,4.199911236
66.40000153,279.5904676,77.84518967,26.11738865,60.4688909,0.9049741554,151.1529203,6.501906872,298.2129822,0,127.9934998,147.5646515,1.047429204,70538.5,16.32993317,4.187101563
66.59999847,279.5904676,78.58987246,26.48314062,59.80640181,0.8929277963,147.7097329,6.501419544,298.1609497,0,127.7508774,136.3707886,0.1047429219,70559.74219,16.21017838,4.216539306
66.80000305,228.7558372,77.53548636,26.00940314,60.62239309,0.9048072334,150.6641645,6.501303673,298.1078796,0,127.7057037,126.8872528,0.01047429256,70591.60938,16.33276176,4.151311405
67,228.7558372,79.4620672,26.32371458,59.8749416,0.8990991929,152.2169967,6.500141621,298.0744019,0,127.7031097,114.9993668,0.001047429279,70624.41406,16.26315308,4.221187142
67.19999695,279.5904676,79.19854077,26.3762811,59.83486751,0.8967977446,149.6607776,6.499812126,298.0497437,0,128.1698456,107.898407,0.000104742925,70646.34375,16.24357414,4.239624585
67.40000153,228.7558372,78.75726548,26.44108172,59.8245703,0.8937018451,149.621952,6.50028038,298.0444946,0,128.7623901,102.4285126,9.999999747e-05,70678.85156,16.22295761,4.293136066
67.59999847,228.7558372,76.48476459,25.90744541,60.846123,0.9046243908,150.0066146,6.502588272,298.0349731,0,129.167572,102.6698227,9.999999747e-05,70710.83594,16.34906197,4.243799984
67.80000305,228.7558372,78.49923673,26.37216057,60.01507709,0.8975448756,147.8683378,6.503061295,298.0336914,0,128.6461945,101.0964432,9.999999747e-05,70742.92969,16.26018333,4.308854666
68,279.5904676,77.77539029,26.02736651,60.57327227,0.9043115114,151.0024845,6.504246235,298.0263062,0,127.9475937,102.0291519,9.999999747e-05,70764.82812,16.33380318,4.288913948
68.19999695,279.5904676,79.05951392,26.27449323,59.91674787,0.8988161282,149.4579405,6.504405499,298.0325928,0,126.7667236,100.7599716,9.999999747e-05,70786.65625,16.26898193,4.365113741
68.40000153,228.7558372,79.03057421,26.27277718,59.89530528,0.8986848062,149.7850905,6.50391531,298.0358276,0,125.5277634,103.9714813,9.999999747e-05,70818.71875,16.26771545,4.35569339
68.59999847,228.7558372,78.72341808,26.34149855,59.88161745,0.8969495737,150.2715474,6.503437996,298.0390015,0,124.4837494,106.254776,9.999999747e-05,70850.61719,16.25468826,4.36435347
68.80000305,228.7558372,78.58298546,26.31447721,60.03110568,0.897137978,147.9701659,6.502943039,298.0403137,0,123.6285629,108.6739883,9.999999747e-05,70881.82812,16.25711823,4.362628333
69,228.7558372,78.74437048,26.36020009,59.92381939,0.8968112453,149.661407,6.502398014,298.0455627,0,122.9713898,110.5598297,9.999999747e-05,70913.35938,16.25375748,4.393283072
69.19999695,279.5904676,77.52354473,26.04737179,60.58893547,0.902552934,150.5785582,6.503128052,298.0454712,0,122.5323563,113.8821869,9.999999747e-05,70934.1875,16.32204437,4.374862207
69.40000153,279.5904676,77.13849435,25.99984835,60.7781134,0.9049875053,148.6053702,6.503634453,298.0358582,0,121.7969818,115.5180511,9.999999747e-05,70954.28125,16.34440041,4.334178907
69.59999847,228.7558372,78.78632034,26.3324976,59.90428388,0.8957128082,150.7219897,6.50216341,298.0272827,0,120.8638306,113.901535,9.999999747e-05,70985.50781,16.24292946,4.357354374
69.80000305,279.5904676,78.35215169,26.36208512,60.03666332,0.8954144876,147.6956519,6.501394749,298.0204163,0,120.5249863,112.3656616,9.999999747e-05,71005.52344,16.24201584,4.365119251
70,228.7558372,78.58156774,26.3251679,59.99587531,0.8971583159,147.2555743,6.500057697,298.0087585,0,120.4848709,111.0859604,9.999999747e-05,71035.85938,16.25438309,4.335215846
70.19999695,228.7558372,77.62170263,25.99249984,60.58587146,0.9044219868,151.1370263,6.49988699,297.9960022,0,120.9837952,107.8743515,9.999999747e-05,71066.78125,16.33605194,4.308670901
70.40000153,228.7558372,78.95232854,26.3523492,59.9004825,0.8976757141,150.1091501,6.498470306,297.9814453,0,121.5453644,103.8898315,9.999999747e-05,71097.94531,16.25755692,4.314401363
70.59999847,228.7558372,79.1768897,26.36075019,59.93240525,0.8960829969,152.1524113,6.497175694,297.9659424,0,122.6813202,98.81799316,9.999999747e-05,71129.77344,16.24489784,4.301011157
70.80000305,228.7558372,78.88070526,26.28583732,60.10704105,0.8985327872,149.4878802,6.496851921,297.95578,0,124.3306808,92.87999725,9.999999747e-05,71161.3125,16.27010536,4.299672182
71,279.5904676,78.03046361,26.24021501,60.04451569,0.8955242273,151.4105416,6.497538567,297.9404602,0,126.1068802,88.21533203,9.999999747e-05,71182.88281,16.25263977,4.260265413
71.19999695,228.7558372,78.85222555,26.3046478,59.87960295,0.8967781768,150.252325,6.496935844,298.2750244,0,127.6080856,26.46459961,102.1817245,71214.98438,16.25387383,4.20598643
71.40000153,228.7558372,78.14163775,26.29594366,60.02227028,0.8947657503,148.8456734,6.497088432,298.2194824,0,129.3579559,139.7705383,10.21817303,71246.86719,16.24316025,4.169365583
71.59999847,228.7558372,79.61733172,26.46949273,59.63340055,0.8947839831,148.9182306,6.496369839,298.1450806,0,131.0401611,128.4134827,1.021817207,71279.49219,16.2289753,4.187458149
71.80000305,228.7558372,78.75869707,26.4392355,59.87716352,0.8933606578,145.7220819,6.496260643,298.0777893,0,133.0151367,111.3960648,0.1021817252,71311.58594,15.14056587,4.136711055
72,279.5904676,77.84715047,26.12568838,60.11638195,0.8984935649,150.4341776,6.498316288,298.0299683,0,135.0289307,94.17230225,0.01021817233,71334.39062,15.20715618,4.145747612
72.19999695,228.7558372,79.29846558,26.39972399,59.78542772,0.8959459759,147.4812968,6.498813152,297.9959106,0,136.215332,81.10343933,0.00102181721,71367.65625,15.15822315,4.161632673
72.40000153,279.5904676,79.14423013,26.39591979,59.7724434,0.8972755674,149.0949253,6.499818325,297.9701233,0,137.2149658,70.82675171,0.0001021817225,71390.97656,15.17424679,4.163665096
72.59999847,228.7558372,78.81848487,26.41993731,59.8289136,0.8948757002,148.1396493,6.500257969,297.9489136,0,137.8058624,62.03378296,9.999999747e-05,71424.51562,15.15947342,4.120017353
72.80000305,228.7558372,76.32326924,25.92099568,60.85391478,0.9012899803,151.5335385,6.503553391,298.1847534,0,138.2243652,18.61013603,72.17127991,71458.14844,15.26384735,4.099109853
73,228.7558372,77.95416939,26.29793023,60.30518761,0.8968230672,149.597778,6.504667282,298.1470642,0,137.3136292,98.2181778,7.2171278,71491.60938,15.19141674,4.126697949
73.19999695,279.5904676,79.31542439,26.39267044,59.73301959,0.8956385031,147.1836604,6.505284786,298.1077576,0,135.973526,90.37747192,0.7217127681,71514.32812,15.147192,4.208933489
73.40000153,279.5904676,79.12303968,26.40881922,59.75873773,0.8974597352,148.6469288,6.505493641,298.0741577,0,134.3811646,82.61669159,0.0721712783,71536.99219,15.1632967,4.207828613
73.59999847,228.7558372,78.82426684,26.37169668,59.98775604,0.8967408056,145.6851834,6.505484104,298.0526428,0,132.7050781,75.36143494,0.00721712783,71569.10938,15.15411568,4.215829457
73.80000305,228.7558372,78.4176229,26.42073642,60.02897107,0.8969654406,148.1381767,6.505255699,298.0349121,0,131.0320892,70.97106934,0.0007217127713,71601.30469,15.1595211,4.21326269
74,228.7558372,77.46593233,26.17375753,60.23787052,0.8973539404,153.6216998,6.504478931,298.0085144,0,129.450592,66.98706055,9.999999747e-05,71633.91406,15.19320107,4.124192899
74.19999695,228.7558372,78.63647892,26.29468599,59.92400124,0.8969278108,148.5986749,6.502968311,297.9960632,0,128.1809235,59.32043457,9.999999747e-05,71665.59375,15.15951824,4.174120411
74.40000153,228.7558372,77.1468247,26.06220149,60.18583721,0.8980909382,150.7320012,6.503151417,297.9892273,0,127.5161438,55.54400635,9.999999747e-05,71697.23438,15.19142723,4.173298576
74.59999847,279.5904676,78.32485012,26.28297676,60.30333582,0.9016758672,149.638617,6.502608299,297.9877014,0,126.7701645,53.13430405,9.999999747e-05,71718.42969,15.20210838,4.224556274
74.80000305,228.7558372,78.38029247,26.3251989,59.98038958,0.8987130289,149.7584446,6.502212048,297.993103,0,126.2491379,52.25318527,9.999999747e-05,71750.07031,15.16511917,4.262993894
75,228.7558372,77.17594856,26.01106338,60.37253017,0.900418824,152.3577642,6.501948357,297.9856262,0,125.8838272,53.66291809,9.999999747e-05,71781.70312,15.21409035,4.1664461
75.19999695,228.7558372,76.49071968,25.92428012,60.72907805,0.9028756019,151.5677947,6.501618862,297.9750977,0,125.6240845,50.78588486,9.999999747e-05,71812.85156,15.25070667,4.112405926
75.40000153,228.7558372,78.18082519,26.38342232,60.00992477,0.8954020071,151.141553,6.50100708,297.9814758,0,125.4968033,46.66705704,9.999999747e-05,71844.54688,15.14135265,4.243882831
75.59999847,228.7558372,78.2785847,26.29561747,60.0676574,0.8987095873,149.9260439,6.501177311,297.9928589,0,125.6149139,48.02129364,9.999999747e-05,71876.11719,15.16374016,4.294865807
75.80000305,228.7558372,77.69388028,26.03796213,60.58300614,0.9035311393,151.0636957,6.502268314,298.0030518,0,125.6615295,51.19935989,9.999999747e-05,71907.78906,15.2221117,4.304100011
76,228.7558372,78.48811751,26.25400804,60.01332902,0.8973297293,149.9436334,6.502531052,298.013031,0,125.2710953,54.36784363,9.999999747e-05,71939.40625,15.14519978,4.334947545
76.19999695,228.7558372,78.70377649,26.22968994,60.01937812,0.8984460101,148.3207896,6.502446175,298.0191345,0,124.7812576,57.84346771,9.999999747e-05,71970.63281,15.15023518,4.329953234
76.40000153,228.7558372,77.33485003,26.09325312,60.67714299,0.9028189271,148.8836694,6.503156662,298.0196533,0,124.3239212,60.3682251,9.999999747e-05,72001.48438,15.21419811,4.289966926
76.59999847,228.7558372,78.79369308,26.28380917,60.08279648,0.8974717553,149.5623878,6.503184795,298.0309143,0,123.5787125,61.21992874,9.999999747e-05,72032.85938,15.13284016,4.395380961
76.80000305,228.7558372,78.44597705,26.32670944,60.11600174,0.8985034988,146.7730868,6.503167152,298.0382996,0,122.8270111,65.83322906,9.999999747e-05,72063.42969,15.1391468,4.386798368
77,228.7558372,78.26804288,26.35089394,60.13316106,0.898259201,150.1281476,6.503012657,298.0411377,0,122.0802231,69.45446777,9.999999747e-05,72094.48438,15.14190769,4.381935138
77.19999695,279.5904676,78.50465791,26.28775244,59.99779833,0.8962036768,149.1086937,6.503724098,298.0582581,0,121.3956757,71.81233215,9.999999747e-05,72115.01562,15.10718346,4.499898851
77.40000153,228.7558372,77.6931849,26.13736151,60.47615639,0.9019959458,152.8698386,6.504134178,298.0620117,0,120.4231339,79.24791718,9.999999747e-05,72146.23438,15.18326664,4.429900484
77.59999847,279.5904676,77.65541885,26.08438065,60.59781371,0.9024212309,149.4209081,6.504562855,298.0622559,0,119.2903137,82.59544373,9.999999747e-05,72166.0625,15.18424511,4.429124144
77.80000305,228.7558372,78.92291194,26.33367168,60.1595205,0.896592526,150.7456521,6.502858639,298.0550842,0,117.984993,84.97768402,9.999999747e-05,72196.60938,15.11304855,4.410042342
78,228.7558372,77.5462538,26.02702171,60.46115437,0.9027592636,149.4700499,6.502120018,298.0424194,0,117.3685913,84.83222961,9.999999747e-05,72226.3125,15.19024658,4.348657208
78.19999695,228.7558372,78.67097606,26.28794977,60.10100175,0.8982242214,145.9998641,6.499790192,298.0246277,0,117.0375748,82.58763123,9.999999747e-05,72255.46875,15.12777138,4.325233374
78.40000153,279.5904676,76.72450443,25.89020606,60.68345551,0.9019033586,151.5826426,6.499513626,298.0015259,0,117.6467896,78.13141632,9.999999747e-05,72274.85156,15.20702553,4.255335649
78.59999847,228.7558372,78.1103444,26.26158842,60.06466327,0.8973209102,146.6494719,6.498633862,297.9950867,0,118.354866,71.2203064,9.999999747e-05,72304.28906,15.12434101,4.336864948
78.80000305,228.7558372,78.29865988,26.282328,60.07897913,0.8965241402,150.1699368,6.497885704,297.986969,0,119.4232864,69.22846985,9.999999747e-05,72334.6875,15.12227154,4.329993635
79,279.5904676,78.52080898,26.23195893,60.16928083,0.8993255277,151.4402301,6.497571468,297.9764404,0,120.788681,66.29467773,9.999999747e-05,72355.20312,15.151721,4.319656845
79.19999695,228.7558372,77.07864495,26.04862384,60.49270533,0.9003894251,150.6549952,6.498286247,297.9641418,0,122.2787628,62.23427582,9.999999747e-05,72385.82812,15.18699551,4.248972772
79.40000153,228.7558372,78.20297649,26.29143259,60.11426973,0.8963802515,147.9378508,6.499056339,297.9653931,0,123.4808807,57.18920517,9.999999747e-05,72416.5625,15.12200928,4.338101654
79.59999847,279.5904676,78.91697863,26.24215642,60.09049503,0.8979650575,149.4471735,6.499946117,297.967041,0,124.3780975,56.36408615,9.999999747e-05,72437.54688,15.13079262,4.367287914
79.80000305,279.5904676,78.91347637,26.25553839,60.10172715,0.8979338815,149.3519976,6.500992775,297.9700317,0,124.9191437,55.62830734,9.999999747e-05,72458.64062,15.1290884,4.37788795
80,228.7558372,78.4553762,26.24137362,60.02959207,0.8976431084,149.2070204,6.501449108,297.9663696,0,125.0415268,55.40581512,9.999999747e-05,72489.9375,15.13453674,4.309345259
80.19999695,228.7558372,77.75919266,26.19565926,60.45984753,0.9001523026,150.6883087,6.501842022,297.9579163,0,124.9836884,52.9981041,9.999999747e-05,72521.26562,15.17567253,4.251685718
80.40000153,228.7558372,78.32790708,26.22202668,60.04894569,0.8986637513,148.8228616,6.501712799,297.9534607,0,124.7670288,48.85009384,9.999999747e-05,72552.3125,15.14773941,4.25994844
80.59999847,279.5904676,76.99291336,26.14699056,60.67263835,0.9025944545,149.3333671,6.50316143,297.9524841,0,124.6035156,45.79335785,9.999999747e-05,72572.67969,15.20228672,4.267892082
80.80000305,228.7558372,77.61567172,26.30794584,60.26671214,0.8982790653,149.2254651,6.503448009,297.9550781,0,123.8538208,43.7443428,9.999999747e-05,72603.49219,15.14752579,4.281852408
81,228.7558372,78.287545,26.16762006,60.19700181,0.9013863384,149.6295622,6.503480911,297.9615173,0,122.9983521,42.86636734,9.999999747e-05,72634.41406,15.16516018,4.31840344
81.19999695,228.7558372,78.13478476,26.30320677,60.21148247,0.8975860157,152.7635384,6.503400326,297.9683838,0,122.1267548,43.38224792,9.999999747e-05,72665.80469,15.13368988,4.336643647
81.40000153,228.7558372,77.38327161,26.03844845,60.64261893,0.9033642726,150.4191393,6.503448963,297.9694824,0,121.2870102,44.26476669,9.999999747e-05,72696.23438,15.20096493,4.275302841
81.59999847,228.7558372,78.22214726,26.24936266,60.13889614,0.8990341481,151.5638625,6.502862453,297.9756165,0,120.4270782,43.40566635,9.999999747e-05,72727.03906,15.14125156,4.331173737
81.80000305,228.7558372,77.23629641,26.05864005,60.72257098,0.9055201583,152.3915342,6.502485752,297.9742126,0,119.8041153,44.36454773,9.999999747e-05,72757.52344,15.22302151,4.261698958
82,228.7558372,78.06163499,26.2069265,60.2100472,0.8982322848,148.1570251,6.50139761,297.9765015,0,119.3290939,42.92731857,9.999999747e-05,72787.27344,15.13496494,4.286428222
82.19999695,228.7558372,77.95387345,26.26881936,60.17003472,0.8993213026,150.9109764,6.500694275,297.9799805,0,119.2923203,42.75489044,9.999999747e-05,72817.60938,15.14480591,4.30681332
82.40000153,279.5904676,78.44485681,26.26380711,60.09777814,0.8962279222,149.3572573,6.499655247,297.979187,0,119.5333862,43.05872345,9.999999747e-05,72837.30469,15.1140728,4.290039883
82.59999847,228.7558372,77.17029113,26.09598525,60.34801099,0.9004285975,152.5357857,6.499730587,297.9768372,0,120.1924973,42.00731659,9.999999747e-05,72867.85938,15.17450619,4.249618245
82.80000305,279.5904676,77.84291784,26.20661621,60.19552942,0.8981837854,148.5402307,6.499626637,297.9758301,0,120.8167267,40.42195511,9.999999747e-05,72887.46875,15.13975716,4.266742042
83,228.7558372,77.28314342,26.07439113,60.66610099,0.9006656596,149.662024,6.499725342,297.9725037,0,121.4866028,39.22173691,9.999999747e-05,72917.66406,15.17932701,4.22058308
83.19999695,228.7558372,77.93897178,26.03324405,60.56985507,0.9025869338,150.9541627,6.500052452,297.9736938,0,122.1158752,37.17273331,9.999999747e-05,72948.46094,15.18819237,4.263099024
83.40000153,279.5904676,77.66732623,26.29053837,60.21822814,0.8983914348,149.5954935,6.500980377,297.9771729,0,122.6141663,36.58384323,9.999999747e-05,72968.65625,15.14139938,4.296440739
83.59999847,279.5904676,77.16229446,26.07466518,60.37918796,0.8984734249,151.1173202,6.501978874,297.9751282,0,122.7400818,36.78986359,9.999999747e-05,72988.95312,15.15931797,4.244285505
83.80000305,228.7558372,77.18950316,26.05085443,60.48825915,0.9021122676,150.3773357,6.502219677,297.9724121,0,122.468132,35.20411301,9.999999747e-05,73019.4375,15.19171238,4.209537465
84,228.7558372,78.37265238,26.22756425,60.20193021,0.8982679463,149.0247018,6.501460075,297.9737854,0,122.1027298,33.34805679,9.999999747e-05,73049.89844,15.13595486,4.247036533
84.19999695,228.7558372,77.82446691,26.26007951,60.20591788,0.8988315545,151.6566116,6.500397205,297.9694824,0,122.0418701,32.80226135,9.999999747e-05,73080.66406,15.15331459,4.189558697
84.40000153,228.7558372,76.95854964,26.10247559,60.52598235,0.9025288254,151.7192865,6.501072884,297.9701843,0,122.4040604,30.32625198,9.999999747e-05,73111.35156,15.19745064,4.213280498
84.59999847,228.7558372,78.18779266,26.23724551,60.17887504,0.9007967502,150.4539528,6.501197338,297.9762268,0,122.4893723,29.45853996,9.999999747e-05,73142.17969,15.15784836,4.276041437
84.80000305,228.7558372,78.49092881,26.2188264,60.17215577,0.897708222,150.368021,6.500858307,297.979248,0,122.5321426,30.42049026,9.999999747e-05,73173.03125,15.13094997,4.259399223
85,228.7558372,77.42151365,26.02596493,60.62553079,0.9022426995,152.4704504,6.501602173,297.9798279,0,122.71035,30.5241394,9.999999747e-05,73204.04688,15.19368172,4.23332111
85.19999695,279.5904676,77.18089677,26.00899514,60.52610216,0.9026510823,150.8837217,6.503017426,297.9823303,0,122.5860519,29.91914558,9.999999747e-05,73224.25781,15.19414616,4.259903281
85.40000153,279.5904676,77.97920401,26.14485057,60.209827,0.8993376443,150.4583447,6.502936363,297.9826355,0,121.8968506,30.02941895,9.999999747e-05,73244.40625,15.15175915,4.246347253
85.59999847,279.5904676,77.86295933,26.23746188,60.19149763,0.9002478616,150.5067702,6.502944469,297.9852295,0,121.2471161,29.4518528,9.999999747e-05,73264.45312,15.15502167,4.267646838
85.80000305,228.7558372,76.81651328,26.07149431,60.34868626,0.8972143808,151.9264836,6.503116131,297.9842224,0,120.5891037,29.69220161,9.999999747e-05,73294.75781,15.1483345,4.210345773
86,279.5904676,78.01166708,26.286742,60.26446794,0.8984240874,150.3183079,6.503264427,297.9923096,0,119.8621445,28.77282715,9.999999747e-05,73314.60938,15.13063717,4.326779231
86.19999695,228.7558372,77.79568445,26.27782026,60.23939384,0.898208928,148.4140641,6.502462387,297.9949036,0,119.0764542,30.97234917,9.999999747e-05,73344.21094,15.12989807,4.265667381
86.40000153,228.7558372,77.15963307,25.99928314,60.61846972,0.9052759772,152.7604677,6.501607895,297.9894409,0,118.6145859,31.52208519,9.999999747e-05,73374.32031,15.21749115,4.190264721
86.59999847,228.7558372,77.92791584,26.17375019,60.26395238,0.8980912123,151.5188374,6.500619411,297.9901428,0,118.4916534,29.42635727,9.999999747e-05,73404.42969,15.13574505,4.245740507
86.80000305,228.7558372,77.78877859,26.17821874,60.24941975,0.8982230598,150.6154865,6.498972416,297.9848938,0,118.7644043,29.30906296,9.999999747e-05,73434.26562,15.14239216,4.178642826
87,228.7558372,77.3438353,26.14636753,60.36039344,0.899590942,148.663161,6.497823715,297.9791565,0,119.6976547,27.13284874,9.999999747e-05,73463.72656,15.16034126,4.143597836
87.19999695,228.7558372,77.23581612,26.0753876,60.37394749,0.900388478,152.2198726,6.498515606,297.9795532,0,121.0867233,24.61842346,9.999999747e-05,73494.27344,15.17123699,4.207997455
87.40000153,279.5904676,77.40325836,26.00494626,60.62853055,0.9030693651,151.6717692,6.498659611,297.9737549,0,122.1945496,24.02240753,9.999999747e-05,73514.41406,15.20436478,4.148600859
87.59999847,279.5904676,77.68801252,26.19284963,60.35756085,0.8985916389,147.9532135,6.499637127,297.9761353,0,123.2523804,21.24523354,9.999999747e-05,73534.19531,15.14653397,4.214678647
87.80000305,228.7558372,77.67974064,26.21032187,60.20981063,0.8999571008,151.1177083,6.500258446,297.9765625,0,123.9147644,21.1330471,9.999999747e-05,73565.15625,15.16168308,4.191685829
88,228.7558372,78.49527594,26.23617994,60.18147207,0.8968388781,149.7327049,6.500274181,297.9779053,0,124.3323898,20.36342049,9.999999747e-05,73596.11719,15.12566948,4.201051715
88.19999695,228.7558372,76.15855644,25.81320878,60.82575208,0.904181525,153.3820784,6.501830578,297.9710083,0,124.7446671,19.94452477,9.999999747e-05,73627.16406,15.23845959,4.090742476
88.40000153,228.7558372,76.99040813,26.05229838,60.65160688,0.9008764058,149.1483284,6.502677441,297.9710388,0,124.5274429,16.72532463,9.999999747e-05,73657.57031,15.18664932,4.13525729
88.59999847,279.5904676,77.93225016,26.20182935,60.26395237,0.8977760078,150.806103,6.502871513,297.9732056,0,123.9786072,15.70086098,9.999999747e-05,73678.04688,15.14354992,4.18210627
88.80000305,228.7558372,78.2406788,26.14926355,60.29319009,0.900408853,149.2277251,6.502854824,297.9785156,0,123.3520203,15.35987377,9.999999747e-05,73708.61719,15.15796661,4.202402702
89,279.5904676,76.70763488,25.98055179,60.54765439,0.9005973757,153.1631554,6.502971649,297.9736328,0,122.7308197,16.17323303,9.999999747e-05,73728.89062,15.19330406,4.098263981
89.19999695,228.7558372,77.85420366,26.25468046,60.25072502,0.8982847797,152.3434765,6.502038002,297.9758606,0,122.0618134,13.64806461,9.999999747e-05,73759.66406,15.14792728,4.151888702
89.40000153,228.7558372,78.06335495,26.20793543,60.31713181,0.8978851089,150.0954722,6.502024651,297.9833374,0,121.7699814,13.46066093,9.999999747e-05,73790.07031,15.13527393,4.218879371
89.59999847,228.7558372,77.60568031,26.11144891,60.33825367,0.9004925576,150.6056391,6.501917839,297.9859009,0,121.4770966,15.12141323,9.999999747e-05,73820.34375,15.16683483,4.174748305
89.80000305,228.7558372,77.35879284,26.23513845,60.25887291,0.8988143473,151.3215111,6.499884605,297.9796753,0,121.2302017,15.326931,9.999999747e-05,73850.48438,15.16127205,4.059760774
90,279.5904676,77.03922406,26.01145146,60.65167209,0.901972319,152.328564,6.498915672,297.9737854,0,121.8027649,12.62353516,9.999999747e-05,73870.39062,15.20448208,4.049169374
90.19999695,228.7558372,77.70780732,26.08290491,60.31294919,0.9015017399,150.5493421,6.496762276,297.9692078,0,122.7531967,9.881720543,9.999999747e-05,73900.66406,15.18981743,4.011253637
90.40000153,228.7558372,78.02217022,26.25519866,60.25229707,0.8983865053,151.4874793,6.495179653,297.9674988,0,124.5722504,7.36011076,9.999999747e-05,73931.60938,15.15981293,4.0306035
90.59999847,279.5904676,77.43776295,26.0810508,60.63081904,0.9011603132,150.6346239,6.495731831,297.9662781,0,127.0187531,5.653110981,9.999999747e-05,73952.29688,15.19905758,4.035416492
90.80000305,279.5904676,77.26176292,26.0490433,60.60842533,0.9017104351,150.3856114,6.497947693,297.9681091,0,129.2391357,4.019698143,9.999999747e-05,73973.39062,15.20491219,4.072251786
91,228.7558372,77.62398904,26.20799447,60.30580014,0.8972148534,147.9919269,6.499687672,297.9715881,0,130.5744781,3.396439552,9.999999747e-05,74004.79688,15.15373325,4.071942857
91.19999695,228.7558372,76.74401739,25.99786596,60.42034813,0.9002272704,151.5813118,6.501297474,297.9684753,0,131.2207184,3.390564919,9.999999747e-05,74036.72656,15.20442104,3.987134105
91.40000153,228.7558372,77.72419731,26.16362899,60.25133667,0.8990424601,150.5847435,6.502965927,297.9725647,0,131.2220001,1.224345088,9.999999747e-05,74068.80469,15.1734314,4.072422417
91.59999847,228.7558372,77.26010382,26.15667127,60.42729385,0.9013921816,149.7628552,6.504307747,297.9748535,0,130.5553284,1.476321459,9.999999747e-05,74100.42188,15.19934273,4.043555187
91.80000305,279.5904676,76.98329327,26.06831362,60.64425173,0.9030204429,152.9534199,6.506200314,297.9771423,0,129.3532104,1.205105782,9.999999747e-05,74121.97656,15.22206879,4.073897137
92,279.5904676,77.7097833,26.15516098,60.33779521,0.9013360838,152.5150886,6.505827427,297.978363,0,127.3912048,1.041132212,9.999999747e-05,74143.16406,15.19566059,4.043389667
92.19999695,228.7558372,77.24675496,26.1387919,60.41477061,0.8997491155,148.5187903,6.504851818,297.9805603,0,125.5875015,0.5873658657,9.999999747e-05,74173.44531,15.17961407,4.00931947
92.40000153,228.7558372,76.66185902,25.97838062,60.58744288,0.9007233685,152.908047,6.502984047,297.9772949,0,124.168808,0.5169734955,9.999999747e-05,74204.07031,15.20836067,3.932913136
92.59999847,228.7558372,77.44231615,26.10069962,60.35190812,0.8998363573,151.0173771,6.500822067,297.977356,0,123.4981155,9.999999747e-05,9.999999747e-05,74234.42188,15.18272972,3.974042007
92.80000305,279.5904676,77.38848404,26.11387259,60.37513285,0.9001245676,150.8310245,6.499193192,297.9767761,0,123.6904831,9.999999747e-05,9.999999747e-05,74254.32031,15.186059,3.983522559
93,279.5904676,77.5502846,26.15813941,60.49903341,0.8993845544,148.5820576,6.496438026,297.9730835,0,124.5317001,9.999999747e-05,9.999999747e-05,74273.88281,15.18169594,3.921515626
93.19999695,228.7558372,77.64911594,26.04782971,60.46677178,0.9031203976,151.0251293,6.494062424,297.96698,0,126.4802322,9.999999747e-05,9.999999747e-05,74304.74219,15.22169113,3.88898418
93.40000153,228.7558372,78.07129308,26.12378358,60.3050604,0.9003832057,149.5662695,6.492443562,297.9607544,0,129.3742523,9.999999747e-05,9.999999747e-05,74336.00781,15.19348335,3.89675197
93.59999847,228.7558372,77.0556891,26.09427255,60.55179948,0.9020340514,152.3044244,6.493549824,297.9525757,0,132.9145355,9.999999747e-05,9.999999747e-05,74368.32812,15.22808456,3.900260172
93.80000305,228.7558372,77.71466525,26.17888432,60.5540216,0.9009238786,152.4533738,6.495488167,297.9454346,0,136.0058441,9.999999747e-05,9.999999747e-05,74401.53125,15.21495533,3.939823757
94,279.5904676,77.66194903,26.23479674,60.34604973,0.8997938916,153.1471403,6.497792721,297.9670105,0,138.3278198,9.999999747e-05,11.02248096,74424.875,15.20886421,3.933011664
94.19999695,228.7558372,77.81931515,26.22557428,60.25979022,0.8986082135,153.389752,6.499027252,297.9511108,0,139.7294464,5.449672699,1.102248073,74458.94531,15.203125,3.877930064
94.40000153,228.7558372,78.24978031,26.18469744,60.32867969,0.8991969922,147.17211,6.500744343,297.9417419,0,140.6419678,9.999999747e-05,0.1102248058,74492.05469,15.19620514,3.907512958
94.59999847,228.7558372,76.30984277,25.90090948,60.77958986,0.9020188583,152.2944577,6.502795696,297.9537964,0,140.8626251,9.999999747e-05,10.48431206,74525.63281,15.26216793,3.794138896
94.80000305,228.7558372,77.3711501,26.29507366,60.28907075,0.8984145503,149.6402059,6.502536297,297.9378662,0,140.2631683,2.0483284,1.048431158,74558.8125,15.20520973,3.800955857
95,228.7558372,78.28469356,26.20448082,60.29013187,0.8980980344,150.533489,6.504563332,297.9909973,0,139.7759857,0.6144985557,22.27053452,74592.47656,15.18764782,3.946042927
95.19999695,228.7558372,78.26688256,26.13470899,60.35594334,0.9001699986,151.1759443,6.505993366,297.9682617,0,138.4631805,16.72938919,2.227053404,74625.97656,15.20766544,3.936120441
95.40000153,228.7558372,77.57527112,26.18109836,60.37641714,0.8987558464,148.4130193,6.506937981,297.9491577,0,136.5877075,8.151779175,0.2227053344,74658.33594,15.19519615,3.90923827
95.59999847,228.7558372,78.02046794,26.14899539,60.3484915,0.8990904662,152.0199733,6.507313251,297.9888611,0,134.3339691,2.445533752,18.36504555,74691.125,15.19532681,3.939981996
95.80000305,228.7558372,75.89709772,25.89463548,60.88498206,0.9030144386,150.3323517,6.508819103,297.9665222,0,131.9304199,14.37512112,1.836504579,74722.5,15.25426483,3.882906919
96,228.7558372,77.71621978,26.01639965,60.53849968,0.9010457444,151.7034882,6.508545876,297.9534302,0,128.9190521,5.956742764,0.1836504638,74754.08594,15.20925999,3.967582112
96.19999695,279.5904676,77.66737748,26.05924335,60.34618336,0.9011453443,150.4546477,6.507824898,297.9476318,0,126.0264816,0.3550249934,0.01836504601,74774.42188,15.20022202,3.992451688
96.40000153,228.7558372,77.5586937,26.0460251,60.39638617,0.8997836551,152.9282087,6.505192757,297.9654236,0,123.4180603,0.1065075025,9.301300049,74805.05469,15.19464779,3.927749051
96.59999847,228.7558372,76.91978063,25.92007882,60.70197038,0.9044861852,152.0167974,6.502122402,297.9519958,0,121.8672104,4.32706213,0.9301299453,74834.96094,15.24642086,3.869068151
96.80000305,279.5904676,76.65076792,25.96213322,60.53291799,0.9008081067,152.087597,6.500275135,297.9419556,0,121.5398941,9.999999747e-05,0.09301299602,74854.36719,15.21282387,3.906456413
97,228.7558372,77.24519582,26.17092367,60.4539425,0.9013061044,152.4107656,6.497205257,297.9629517,0,121.946167,9.999999747e-05,11.2603569,74884.5,15.20963287,3.884543178
97.19999695,228.7558372,77.70617141,26.13815973,60.35427997,0.8983624378,151.766867,6.493621826,297.9466248,0,123.5882034,5.139729977,1.12603569,74914.86719,15.18594646,3.843552284
97.40000153,228.7558372,77.46518672,26.10021972,60.33192096,0.898444725,151.5997223,6.489789963,297.9987488,0,126.6614151,1.541918993,25.96318054,74945.63281,15.19979095,3.75739587
97.59999847,228.7558372,77.82493378,26.24628863,60.302853,0.8983714168,151.8033786,6.487483501,297.9640503,0,131.2665253,17.64546585,2.596318007,74977.48438,15.20020866,3.771414778
97.80000305,279.5904676,77.64086744,26.17314078,60.38015417,0.8981514834,149.4313072,6.487833023,297.9371338,0,136.7884064,5.242575645,0.2596318126,74999.5,15.20700645,3.78483677
98,228.7558372,77.29221962,25.96316699,60.67686284,0.904674996,151.1042423,6.491226196,297.961853,0,142.166687,1.572772622,17.23009682,75033.32031,15.28094101,3.796250771
98.19999695,228.7558372,78.16649875,26.24204725,60.34950259,0.901228673,152.8973151,6.494183064,297.93396,0,146.1862793,7.951134205,1.723009706,75068.55469,15.24516392,3.809062198
98.40000153,279.5904676,77.94201144,26.30274908,60.16828046,0.8975492081,151.9795321,6.496573925,298.0037231,0,149.0341644,2.385340214,35.71160507,75093.60156,15.22087002,3.758541136
98.59999847,228.7558372,77.55024228,26.00693355,60.54838939,0.9035807281,150.107504,6.49971199,297.9538879,0,150.9261475,24.1806736,3.571160316,75128.89844,15.28665447,3.718080817
98.80000305,228.7558372,77.21906371,26.08175628,60.69941381,0.9021000458,147.7894868,6.503619194,297.91922,0,151.5587463,6.611739159,0.3571160436,75163.8125,15.27310562,3.740273291
99,228.7558372,77.79267694,26.19051712,60.30940019,0.8983939608,147.8603593,6.502770424,297.9415588,0,150.6282501,1.9835217,20.71274757,75198.5,15.23812199,3.623845378
99.19999695,228.7558372,77.01117325,26.01865865,60.35090362,0.8974421033,152.5603255,6.501526833,297.9032288,0,150.0552979,0.5950565338,9.999999747e-05,75233.74219,15.25051689,3.560893119
99.40000153,279.5904676,78.00796065,26.10547224,60.58773465,0.9004265941,151.1970972,6.501115322,297.9723511,0,149.9659882,0.1785169542,37.03363419,75258.55469,15.26454449,3.641786347
99.59999847,279.5904676,78.42499944,26.26752288,60.14936673,0.8965397018,148.9180541,6.500279903,297.92099,0,150.0372162,20.69236946,3.70336318,75283.03125,15.21606159,3.656467463
99.80000305,228.7558372,77.19179161,26.02106075,60.30226546,0.8980154871,152.6919437,6.499389172,298.0664978,0,150.4467316,6.207710743,69.18728638,75318.35938,15.2558527,3.559150819
100,228.7558372,77.89133301,26.14910729,60.36723079,0.8994998169,147.3304805,6.498852253,297.974884,0,151.2112274,53.82819366,6.918728828,75352.95312,15.25244808,3.598108296
100.1999969,228.7558372,79.00722415,26.33630481,59.9555949,0.8987920285,151.4373913,6.498389244,297.9102173,0,152.1892548,23.624403,0.6918728948,75388.95312,15.23464394,3.660449086
100.4000015,228.7558372,77.91861652,26.20338678,60.26737465,0.8968395188,148.0638447,6.498728752,297.9706421,0,153.3533173,7.087320805,38.07780457,75424.1875,15.23262405,3.609653071
100.5999985,279.5904676,76.15872496,25.88103605,60.95174346,0.9028225883,150.7473263,6.502600193,297.90979,0,154.3792114,25.0542717,3.807780504,75449.32031,15.31639767,3.612789351
100.8000031,228.7558372,76.92397983,25.86380632,60.75701537,0.9028503404,153.9200168,6.506461143,298.0762634,0,153.8474884,7.516281605,76.45519257,75485.65625,15.31068993,3.655024018
101,279.5904676,78.26552671,26.22368896,60.20022363,0.8976903411,149.1084739,6.509969234,297.9902039,0,151.7826691,62.01747513,7.645519257,75510.64844,15.22660255,3.780000513
101.1999969,228.7558372,78.20906796,26.16549108,60.44132751,0.9052931445,151.7893155,6.511902332,297.9203796,0,148.3158722,33.94248581,0.7645519376,75545.90625,15.29532719,3.758972288
101.4000015,228.7558372,78.19864803,26.05516277,60.58677696,0.9022228311,150.576781,6.513520241,298.0184021,0,144.0798645,10.18274593,49.30842972,75580.10156,15.26409435,3.790624371
101.5999985,228.7558372,78.22758194,26.17418733,60.15175266,0.8974174934,149.5738508,6.512857914,297.9544373,0,139.1925964,41.5372467,4.930842876,75613.09375,15.20836544,3.77054296
101.8000031,279.5904676,78.40599178,26.29025576,60.08628561,0.8986619604,151.387706,6.510718822,297.9060974,0,134.5768738,19.42852211,0.4930843115,75635.17969,15.21078968,3.791748497
102,228.7558372,77.31536663,25.95848183,60.55662437,0.9026610618,150.78082,6.507372379,297.9720154,0,130.8143005,5.828556538,36.72744751,75666.42188,15.26427841,3.687819226
102.1999969,228.7558372,77.55925495,26.22567857,60.3157741,0.8997160443,151.8407258,6.501921654,297.9190063,0,128.3894806,25.41193771,3.672744513,75697.42188,15.23033237,3.659257083
102.4000015,228.7558372,77.9854113,26.11709997,60.2996987,0.8991133031,151.0336817,6.496572018,298.0837097,0,128.1479797,7.623581409,73.98509979,75728.28125,15.22362137,3.654268082
102.5999985,228.7558372,77.21607991,26.19839636,60.38790571,0.8973908089,152.4734808,6.491295338,297.9850159,0,130.0392456,61.80085754,7.398509979,75759.54688,15.22461605,3.583466621
102.8000031,228.7558372,77.75851011,26.139612,60.69357724,0.9033691467,149.9236604,6.486316681,297.9091187,0,134.0412598,29.65908241,0.7398509979,75791.20312,15.28104115,3.55618485
103,228.7558372,77.15822541,25.95802147,60.77657395,0.9047339667,147.7967278,6.482808113,297.9825439,0,140.0341339,8.897725105,45.93473816,75823.39062,15.31136322,3.484894745
103.1999969,279.5904676,78.77159852,26.29924041,60.22063203,0.8989417204,152.7075758,6.479859352,297.9060364,0,147.4264374,31.39303017,4.593473911,75848.08594,15.25681019,3.533843777
103.4000015,279.5904676,77.3929308,26.16061307,60.42208705,0.8997974937,150.603616,6.478814602,298.094696,0,156.0012054,9.417909622,91.49862671,75873.61719,15.29462814,3.436263079
103.5999985,228.7558372,77.85993601,26.27789049,60.13725361,0.8939836329,146.7745808,6.481963634,297.9686279,0,164.9894104,71.55185699,9.149863243,75910.82031,15.2393446,3.498836198
103.8000031,279.5904676,80.08823979,26.50082181,59.78308895,0.8979403711,149.8291777,6.484223366,297.8769226,0,172.7102203,30.19529343,0.9149863124,75940.35938,15.26533985,3.549800941
104,228.7558372,78.63791804,26.31589966,60.14400025,0.8965731392,146.021438,6.488596916,297.9512939,0,179.5435333,9.058588028,50.80454636,75980.50781,15.27950191,3.475744754
104.1999969,228.7558372,78.21086955,26.10135629,60.49909185,0.902997172,148.8124194,6.493114948,297.8605957,0,184.61763,30.78627586,5.08045435,76022.04688,15.36109638,3.415887161
104.4000015,228.7558372,76.73052736,25.90753806,60.69720886,0.9007644204,153.4114251,6.498011589,298.0697021,0,187.8907318,9.235882759,104.4643173,76064.6875,15.37679672,3.329985265
104.5999985,279.5904676,79.29424115,26.26903956,60.14721608,0.8986542715,149.0733737,6.500250816,297.9157715,0,189.2045746,76.83145905,10.44643211,76096.92188,15.32291794,3.403292287
104.8000031,228.7558372,80.02468439,26.36283204,59.78643102,0.8951423868,149.1394148,6.502585888,298.3463135,0,189.6325531,23.04943657,192.1346283,76139.83594,15.28173542,3.425189016
105,279.5904676,79.58685883,26.32924063,59.77785124,0.8959136152,145.4301559,6.505136013,298.0709839,0,189.1177673,169.5799103,19.21346283,76171.28906,15.28600216,3.42044305
105.1999969,228.7558372,80.19829952,26.47792139,59.6763827,0.8923405703,143.7516712,6.503017426,297.8772888,0,187.5824127,84.35059357,1.921346307,76212.64844,15.24812794,3.352522804
105.4000015,279.5904676,80.43023699,26.41250289,59.7984964,0.8972202856,147.2637278,6.502839565,298.0465088,0,186.9105377,25.30517769,98.17483521,76244.27344,15.2922039,3.411497758
105.5999985,279.5904676,79.26479963,26.52167799,59.98525749,0.8961700688,150.3533175,6.502076626,297.8798218,0,186.288559,80.53797913,9.817483902,76276.08594,15.29900169,3.359658373
105.8000031,279.5904676,78.33138905,26.2842509,60.05475026,0.8974794646,152.4650949,6.501097679,298.3111267,0,185.9797668,24.16139412,196.8799744,76307.90625,15.32946301,3.28827244
106,228.7558372,78.7904663,26.44267651,60.08041602,0.8912656078,144.5254465,6.497673512,298.0119629,0,186.0614014,169.7054596,19.68799782,76348.59375,15.26245403,3.240873156
106.1999969,279.5904676,81.7107962,26.57224217,59.41414116,0.8941007601,145.359204,6.494013309,297.8301392,0,187.5200348,74.92125702,1.96879971,76380.19531,15.25602341,3.365796853
106.4000015,228.7558372,78.41125324,26.16144736,60.50837252,0.9020382927,144.7721375,6.490612984,297.9645996,0,190.4358215,22.47637558,88.63722992,76421.71875,15.37728691,3.180811924
106.5999985,228.7558372,79.42468887,26.49542261,60.00080061,0.8960986351,151.3886021,6.488174915,297.8096924,0,194.7101135,63.8604393,8.863722801,76465.8125,15.32430458,3.236787363
106.8000031,279.5904676,79.39190318,26.44657292,60.0178146,0.8950595785,143.9869061,6.487792969,298.2040405,0,199.9572144,19.15813065,182.0095978,76498.98438,15.31406784,3.250591321
107,279.5904676,78.88380458,26.35995294,59.76380336,0.8919122528,148.2178035,6.490012169,297.9321594,0,205.3535614,149.2350616,18.20096016,76534,15.30429077,3.249272787
107.1999969,228.7558372,81.43838035,26.56088883,59.39933016,0.8939836208,146.2853529,6.49088192,298.7118225,0,209.860199,44.77051926,342.9653931,76580.53125,15.30032444,3.286936271
107.4000015,228.7558372,76.89065119,26.04613021,60.45746307,0.8955212046,146.2612959,6.492612839,298.1827087,0,214.031662,313.2545776,34.29653931,76626.53125,15.38155556,3.070459711
107.5999985,228.7558372,79.39055255,26.15207146,60.54659309,0.9078095755,151.2183786,6.494943142,297.8628235,0,217.5035706,151.5529785,3.429654121,76675.08594,15.477705,3.187241609
107.8000031,279.5904676,81.2356085,26.70687934,59.55289849,0.8964838107,148.8868652,6.498044014,298.1044006,0,220.0441589,45.46589279,142.6661377,76713.88281,15.34517956,3.320290521
108,228.7558372,80.01411766,26.50809393,59.8018382,0.893779639,145.7132797,6.500798702,297.859314,0,221.34375,126.0630569,14.26661301,76762.32812,15.33857727,3.235048258
108.1999969,228.7558372,80.74035412,26.71234988,59.66448284,0.8951887084,148.83219,6.501713753,298.5028687,0,221.5452271,37.81891632,288.1201782,76811.55469,15.3481884,3.228918457
108.4000015,279.5904676,79.50547563,26.65872073,59.60412959,0.8915107248,145.6536398,6.506421089,298.0779724,0,221.3855286,256.4093323,28.81201744,76849.39844,15.31807995,3.261568966
108.5999985,279.5904676,81.38575036,26.59872442,59.38318092,0.8971622478,149.9989416,6.509521008,297.8095398,0,219.3245087,123.8466263,2.881201744,76888.29688,15.35486126,3.325676921
108.8000031,279.5904676,80.13213121,26.54987784,59.92004632,0.8947839077,142.9264743,6.512097836,298.0480347,0,216.0410919,37.15398788,136.235321,76924.73438,15.33760834,3.276941829
109,279.5904676,79.23075584,26.41741255,59.99587032,0.8948314975,143.4223489,6.513381958,297.822937,0,211.7233582,114.3063507,13.6235323,76960.10938,15.34417343,3.221423404
109.1999969,228.7558372,80.95960336,26.46974282,59.68067364,0.8961516323,146.6428976,6.515033245,298.4442444,0,206.8946381,34.29190445,276.8711243,77006.03125,15.33245373,3.299333602
109.4000015,228.7558372,80.22616622,26.42086897,59.77373356,0.8949295412,141.2675874,6.517956257,298.059082,0,201.4001007,243.6859131,27.6871109,77049.57031,15.30955219,3.317631607
109.5999985,228.7558372,81.41153526,26.59981467,59.40331028,0.8975776575,149.7691914,6.516658306,297.7991638,0,194.7332916,122.8034592,2.76871109,77093.89062,15.32149029,3.332282359
109.8000031,279.5904676,79.51039067,26.19493541,60.39996656,0.9019861482,147.7823256,6.515412331,298.0614929,0,188.6035461,36.84103775,144.655304,77125.55469,15.38394451,3.259502254
110,279.5904676,78.27897032,26.31331389,60.14695324,0.8963595877,153.5349056,6.51448679,297.8347473,0,182.9585266,121.7623596,14.46553135,77156.98438,15.3409586,3.249775937
110.1999969,228.7558372,77.53494817,25.69319966,60.8212242,0.9055611732,154.0470333,6.512917995,298.481781,0,177.6828766,36.52870941,288.4207764,77197.48438,15.44151878,3.153081604
110.4000015,228.7558372,77.6524913,26.14382082,60.11181641,0.8900443488,150.4312916,6.509178162,298.0684814,0,173.0378113,255.2618713,28.84207916,77236.32031,15.28235626,3.154113157
110.5999985,279.5904676,79.41920945,26.09225942,60.2768036,0.9060443108,152.4546652,6.506795883,297.8128052,0,169.8937531,125.882782,2.884207964,77265.15625,15.4017458,3.29577696
110.8000031,228.7558372,79.97090857,26.38099337,59.98583459,0.8960650916,143.7673276,6.504710197,298.0653381,0,167.6912231,37.76483536,136.6851044,77302.44531,15.2853117,3.347042122
111,228.7558372,78.99378275,26.2057098,59.91047168,0.8942562634,148.4608203,6.500611305,297.8461609,0,166.3262787,119.7818909,13.66850948,77340.03906,15.29136658,3.236994086
111.1999969,279.5904676,78.5746712,26.13422312,60.59871165,0.9009692266,143.0603935,6.499125957,298.4771118,0,166.6084747,35.9345665,279.4336243,77366.03125,15.3512764,3.265856103
111.4000015,279.5904676,79.48680332,26.32818408,60.03516693,0.8923372132,148.1286012,6.4988451,298.1034851,0,167.4698334,249.4863434,27.94336319,77393.52344,15.26783466,3.336166159
111.5999985,228.7558372,81.46362104,26.35781178,59.55288202,0.898011044,146.1697382,6.498402119,297.8516846,0,168.4478607,133.7495575,2.794336319,77431.90625,15.28999329,3.416611987
111.8000031,279.5904676,79.21552424,26.07354752,60.09448077,0.8985395202,149.481721,6.4992342,298.1188049,0,169.6074829,40.12486649,145.5513458,77460.13281,15.33549881,3.326196722
112,228.7558372,79.65030363,26.26527624,60.02163411,0.8976808544,146.1213504,6.501690865,297.9085388,0,170.4296112,128.6027374,14.55513382,77498.47656,15.31251431,3.386651672
112.1999969,279.5904676,78.64038212,26.08264886,60.61106564,0.9030835376,143.1327891,6.50527668,298.5306396,0,170.2679443,38.58082199,276.75,77525.40625,15.37296104,3.358269005
112.4000015,279.5904676,77.56993814,26.20242188,59.96948047,0.8900502269,144.318934,6.508162975,298.1635437,0,168.6732941,251.3586121,27.67500114,77551.92188,15.26182652,3.306389603
112.5999985,279.5904676,80.35064278,26.32427238,59.98203711,0.8991537348,141.9109563,6.508554935,297.9050293,0,165.9300995,139.9374695,2.767500162,77578.22656,15.30524349,3.409032038
112.8000031,228.7558372,79.68389181,26.52331703,59.93764236,0.8982929878,146.0425421,6.505770206,298.1670837,0,163.0361176,41.98123932,144.7012634,77614.98438,15.3057642,3.311964982
113,228.7558372,79.44683113,26.35386778,60.08239776,0.9005050678,152.1801901,6.502209187,297.9368896,0,161.2584686,130.7651062,14.47012615,77652.5,15.34191132,3.266095674
113.1999969,228.7558372,78.80114557,26.3239861,60.04130382,0.8968693477,153.9322916,6.496605873,298.5441895,0,160.8976288,39.22953033,277.9549866,77689.94531,15.32651997,3.158843948
113.4000015,228.7558372,79.38701734,26.25832644,59.91180084,0.8926105711,150.3761273,6.490188599,298.1341858,0,162.7823181,248.1043243,27.79549789,77727.07812,15.28796959,3.121963546
113.5999985,228.7558372,80.02047567,26.35664175,59.77026607,0.8941800764,141.8816041,6.488042831,297.8832397,0,167.2299347,122.5117798,2.779549837,77763.78125,15.28024006,3.242284146
113.8000031,228.7558372,80.19362586,26.23775758,59.8541438,0.89612794,150.4409774,6.486526966,298.0727539,0,172.5193634,36.75353241,118.6556702,77803.30469,15.32403183,3.217317583
114,228.7558372,78.43816362,26.05860682,60.50521789,0.9009960071,148.2740159,6.486200333,297.8735962,0,178.4267273,99.64000702,11.86556721,77843.05469,15.39944363,3.115963987
114.1999969,228.7558372,78.8191806,25.96404844,60.4499792,0.9017867631,150.8734643,6.48597765,298.3735046,0,184.4628448,29.89200211,232.0480957,77884.53125,15.42260551,3.077961444
114.4000015,228.7558372,79.31717377,26.42198837,59.73791234,0.8900430312,144.2550806,6.484494686,298.0283203,0,190.5914764,199.1165771,23.20480919,77925.99219,15.30513859,3.064356893
114.5999985,279.5904676,80.85924963,26.68460254,59.58594179,0.8958768526,144.3921325,6.480722904,297.808197,0,197.3177338,90.28157043,2.320481062,77958.86719,15.35131073,3.086320064
114.8000031,279.5904676,77.70666985,26.02728348,60.32588197,0.8966325268,149.4401441,6.483959198,297.9836731,0,205.5561371,27.08447075,108.3766632,77993.61719,15.42185783,3.018183677
115,228.7558372,79.39594912,26.37339206,59.97198565,0.8950981544,146.7414321,6.488986492,297.8082581,0,212.4696808,82.08078003,10.83766651,78040.16406,15.3906765,3.10411918
115.1999969,228.7558372,80.30239332,26.54125508,59.92005412,0.8993713528,149.8356211,6.49501133,298.276886,0,217.3890228,24.62423515,216.9168396,78088.57031,15.42969418,3.148697648
115.4000015,279.5904676,79.22055047,26.58507352,59.83435182,0.8942842202,148.585336,6.505850792,297.9824829,0,219.9008026,180.417923,21.69168472,78126.625,15.3910284,3.223150502
115.5999985,279.5904676,78.32062887,26.03320724,60.19721774,0.8968707403,147.8807851,6.515017986,297.7830811,0,218.0642395,85.72196198,2.169168472,78163.85156,15.43623161,3.131699688
115.8000031,228.7558372,79.28718893,26.17180503,60.46476069,0.9029059365,147.8217809,6.521029472,297.9809265,0,212.5815735,25.71658897,115.3344116,78210.60938,15.47446537,3.130548216
116,228.7558372,79.61714009,26.33731225,60.11716109,0.8964712984,148.3607878,6.524855137,297.8031921,0,204.6994629,87.33959198,11.53344059,78255.97656,15.40095806,3.1493901
116.1999969,279.5904676,80.16389254,26.54098933,59.95567686,0.8994424594,149.614505,6.525074959,298.3013,0,195.2840881,26.20187569,229.4864044,78289.32812,15.40734959,3.154228549
116.4000015,228.7558372,77.50904208,26.11696906,60.22586962,0.8939511635,142.816026,6.525641918,297.9842224,0,185.7856445,192.0012054,22.94864082,78329.01562,15.36750698,3.041434964
116.5999985,228.7558372,80.91152996,26.37776257,59.75328845,0.8954793207,145.0107558,6.522792816,297.7784424,0,176.0478058,90.17208099,2.294864178,78368.21094,15.33160496,3.190538704
116.8000031,228.7558372,80.19267945,26.24097152,60.10177385,0.8997184527,147.6663011,6.519462109,297.9787598,0,167.461792,27.0516243,116.9541626,78406.03125,15.3710928,3.180486565
117,228.7558372,78.63085721,26.24790869,60.28955661,0.9011594767,154.3772922,6.516245365,297.8031921,0,160.1986694,89.39595795,11.69541645,78443.40625,15.39752197,3.152769269
117.1999969,228.7558372,79.73356737,26.18649256,59.96455476,0.8979676191,147.2944781,6.513504505,298.310791,0,154.2204895,26.81878662,231.5073395,78478.41406,15.33744144,3.234996158
117.4000015,228.7558372,77.84947371,25.99947814,60.31540331,0.8948639365,147.5592345,6.511149406,298.013031,0,149.3374481,195.8782196,23.15073395,78511.96875,15.32838345,3.164648846
117.5999985,279.5904676,80.09172652,26.20253793,59.94857105,0.8977104134,141.3505482,6.507512093,297.8104858,0,145.3965759,100.9978104,2.315073252,78533.78125,15.30857563,3.296036756
117.8000031,228.7558372,78.96166782,26.04283569,60.07466293,0.8967110272,150.6524456,6.504525661,298.0351868,0,142.9160919,30.29934311,125.2165451,78567.14844,15.32573318,3.250326625
118,279.5904676,78.21078604,26.30178435,60.16727027,0.8985431906,150.9889513,6.500601292,297.8513184,0,141.6239777,102.2259979,12.52165413,78589.70312,15.34554386,3.212476334
118.1999969,228.7558372,79.60308129,26.15085929,60.02467793,0.8975384599,147.5815408,6.495758533,298.3825684,0,141.9068451,30.667799,243.2896423,78622.29688,15.32624245,3.195102834
118.4000015,228.7558372,77.54222861,26.05024089,60.27083241,0.8952455683,141.5918415,6.489465237,298.0446777,0,144.1267395,209.7569733,24.32896423,78653.39062,15.32903194,3.001054022
118.5999985,279.5904676,78.62749651,25.7885434,60.58479549,0.9047453273,150.8774222,6.483745575,297.8166199,0,148.865799,103.5435562,2.432896376,78677.21875,15.43559742,3.016368965
118.8000031,279.5904676,78.69353469,25.95446595,60.46219712,0.9031100423,148.4784603,6.478272915,298.026001,0,155.8861084,31.06306648,124.1570053,78701.95312,15.42825222,2.97614212
119,228.7558372,79.18772555,26.10887583,60.19152287,0.8998201478,147.2626864,6.473722458,297.8278503,0,165.0965881,98.1317749,12.41569996,78738.85156,15.40604877,2.950267053
119.1999969,279.5904676,78.84548701,26.07333141,60.12244609,0.8970439359,148.894541,6.473615646,298.3553772,0,176.1251068,29.43953133,244.3547211,78767.76562,15.40583324,2.973888629
119.4000015,228.7558372,76.8121017,25.72566884,60.85696355,0.8993458689,153.2548091,6.475665092,298.0081177,0,187.1846924,206.463562,24.43547249,78809.5625,15.48470592,2.829858468
119.5999985,228.7558372,79.57081826,26.32193627,59.96008142,0.8937062828,144.270268,6.479874611,297.7904968,0,197.4316711,96.03120422,2.443547249,78852.54688,15.39510441,3.000962957
119.8000031,228.7558372,78.84011958,26.40740331,60.05610445,0.8972910575,149.3527291,6.488275051,297.9844055,0,205.9946136,28.80936241,116.4019012,78898.19531,15.45059872,3.035654363
120,228.7558372,79.46724385,26.52920086,59.99674075,0.8966194093,149.0127037,6.49975729,297.8105469,0,211.1905212,89.48256683,11.64019012,78945.07031,15.44301224,3.129595196
120.1999969,279.5904676,79.65049031,26.38021346,60.15858339,0.8972812828,142.2669935,6.513032913,298.3023682,0,211.7967377,26.84477043,228.0134583,78980.28125,15.44160843,3.188233522
120.4000015,228.7558372,79.01949454,26.17790163,60.14696063,0.8946712633,149.3359261,6.52680254,298.0203857,0,207.0967712,190.7275085,22.80134583,79026.24219,15.43096447,3.196446464
120.5999985,228.7558372,80.32262827,26.34822091,59.91970561,0.8996263603,154.2793923,6.534517288,297.8082581,0,196.8930206,101.0924072,2.280134678,79071.49219,15.4552536,3.188166062
120.8000031,228.7558372,80.08329438,26.50162547,60.0242374,0.8997152634,149.7061375,6.537680149,298.043396,0,183.6248779,30.32772255,132.5816498,79113,15.43311214,3.149608512
121,228.7558372,77.83941662,25.94006496,60.40560627,0.8978358915,151.6240116,6.537671089,297.848114,0,169.087204,105.8527756,13.25816441,79151.1875,15.43633652,2.996930748
121.1999969,228.7558372,80.05330647,26.19272935,60.03231588,0.8987480711,145.8534817,6.533320427,298.395752,0,154.5489197,31.75583267,253.6081238,79185.80469,15.38702011,3.085148612
121.4000015,228.7558372,77.67044911,25.71834254,60.25771082,0.8986725947,148.0399646,6.52782917,298.0649109,0,141.7550354,216.4621277,25.36081314,79217.53906,15.40202618,2.974532884
121.5999985,228.7558372,78.63267238,25.86628051,60.63480576,0.9056443898,144.1016697,6.52108717,297.8392334,0,131.1475525,113.0589218,2.536081314,79246.78125,15.42939186,3.093331565
121.8000031,228.7558372,77.95623926,26.09574765,60.62985924,0.9046988687,152.1743693,6.511892319,298.0628967,0,123.2372208,33.91767502,130.2122803,79275.92188,15.42636967,3.054271244
122,228.7558372,77.54622306,25.84677059,60.51519558,0.8996557295,149.2475761,6.501516342,297.8685608,0,119.0088425,106.7468109,13.02122784,79303.41406,15.38435173,2.974618115
122.1999969,228.7558372,78.10543287,26.15870923,60.27021446,0.8997940725,154.0494313,6.491518497,298.3981934,0,118.926918,32.02404404,247.257782,79332.03906,15.38222313,3.003166465
122.4000015,228.7558372,77.43227245,26.19555577,60.46161227,0.8973249311,151.4580314,6.483781338,298.0769043,0,122.8390503,211.2787018,24.72577858,79360.75781,15.3727293,2.976014587
122.5999985,228.7558372,79.88738048,26.07052017,60.00396211,0.8998913604,145.0454164,6.477506638,297.8489685,0,129.8399963,111.3949661,2.47257781,79390.32031,15.37479115,3.056569359
122.8000031,228.7558372,76.80309537,25.69681984,60.90001409,0.9042902682,145.7399957,6.474765778,298.0697937,0,139.3532562,33.41849136,129.6604309,79421.07031,15.47459984,2.88248423
123,279.5904676,78.60064708,26.0520375,60.23959464,0.897874987,147.7796669,6.475973129,297.8792419,0,149.9558105,105.6509476,12.96604347,79444.57812,15.41056633,3.032551498
123.1999969,279.5904676,77.04010276,26.09757008,60.33524027,0.8977606383,151.7247742,6.479250908,298.3945923,0,160.0737762,31.69528389,242.1803894,79470.45312,15.44934368,2.928907762
123.4000015,228.7558372,78.54572597,26.11835623,59.92962953,0.8934898542,145.2247619,6.48281908,298.0714722,0,168.8865662,206.3896179,24.21803856,79507.51562,15.40384865,2.919587265
123.5999985,228.7558372,77.99833381,25.6319757,60.63344114,0.90535803,152.7180502,6.488279819,297.8469543,0,176.2777557,105.852951,2.421803951,79547.46094,15.55351734,2.866751375
123.8000031,228.7558372,79.38044719,26.1076911,60.11692628,0.8978227873,147.7337848,6.493066788,298.051178,0,181.4793396,31.75588608,123.0489578,79587.82812,15.4684906,2.916585336
124,228.7558372,79.30495321,26.41207893,60.09495753,0.9002373917,149.2605115,6.498203278,297.8627625,0,184.7743835,98.16316986,12.30489635,79629.1875,15.4930439,2.92671544
124.1999969,279.5904676,78.82086187,26.36253951,60.18640167,0.899818593,152.0798583,6.502747536,298.3551025,0,186.0115204,29.44894981,233.2032318,79660.6875,15.50764179,2.877342119
124.4000015,228.7558372,79.12784892,26.20278672,59.89740918,0.8936277037,144.4486991,6.505318642,298.0320435,0,185.4340668,195.5711975,23.32032394,79700.85938,15.44479752,2.804982864
124.5999985,279.5904676,81.08478135,26.48657607,59.76314255,0.9007974946,149.2038866,6.505787373,297.8178711,0,183.8326721,93.74160767,2.332032442,79731.85156,15.49216938,2.894173554
124.8000031,228.7558372,79.56527768,26.01444308,60.12782278,0.8993246762,151.0580951,6.50667572,298.0009155,0,182.0444489,28.1224823,113.6537857,79772.78125,15.50908756,2.78462016
125,279.5904676,79.3790315,26.14601434,60.17710796,0.8998406875,145.5882959,6.507054329,297.8226318,0,179.8928375,86.05394745,11.36537838,79801.67188,15.50358391,2.787694306
125.1999969,228.7558372,79.07910921,26.05398978,60.49457754,0.9031227017,146.9242328,6.505844593,298.2865295,0,177.5927429,25.81618309,220.7797089,79840.57812,15.54243565,2.706148606
125.4000015,228.7558372,78.46997391,26.26333915,60.23057831,0.8937236887,140.5443223,6.506320477,297.9844055,0,175.7800903,180.5492706,22.0779705,79877.69531,15.44710159,2.732357947
125.5999985,279.5904676,79.92659369,26.22393972,60.04091219,0.8964658935,141.2757,6.505783081,297.7872009,0,173.76651,83.57376099,2.20779705,79904.57812,15.45841408,2.796759457
125.8000031,279.5904676,78.14593861,25.84246784,60.32119697,0.898606946,152.1703516,6.500671864,297.9624329,0,171.9765167,25.0721302,109.7520523,79932.63281,15.52550125,2.567907822
126,279.5904676,77.83081372,26.01659429,60.40036311,0.896566021,146.184378,6.496616364,297.7886353,0,172.2428894,79.02438354,10.97520542,79959.46875,15.50101852,2.571984004
126.1999969,279.5904676,78.85090613,26.23504984,60.54694554,0.9055881887,151.5600101,6.489434719,298.2437134,0,174.1133118,23.70731544,217.2379913,79987.92188,15.58648396,2.522550487
126.4000015,228.7558372,78.56345104,25.97280388,60.13007627,0.8967006364,148.1291772,6.48359251,297.925354,0,178.8700714,174.0844116,21.72379875,80026.90625,15.52033329,2.458663485
126.5999985,228.7558372,79.21049624,25.80665547,60.45713015,0.9036252777,150.8091697,6.482125759,298.79245,0,185.9491577,52.22532272,398.2859802,80067.99219,15.59865093,2.505216564
126.8000031,228.7558372,79.16446434,26.14449251,59.6599451,0.888188629,141.8258991,6.479888439,298.2034912,0,193.6050262,350.9549255,39.82859802,80108.73438,15.45659256,2.458767432
127,228.7558372,80.11734823,26.0795546,59.57006557,0.9005411522,152.869127,6.474100113,297.8348999,0,202.172226,170.9850616,3.98285985,80153.75,15.59441662,2.397410569
127.1999969,228.7558372,79.9913663,26.18796163,59.98841555,0.8984864286,147.2137163,6.476590633,298.1133423,0,213.0640106,51.29552078,167.3540344,80199.99219,15.58705902,2.518282947
127.4000015,279.5904676,79.93370577,26.28474864,59.90521045,0.8951905535,145.2322533,6.478341103,297.8354492,0,222.9210968,143.9291534,16.73540306,80237.33594,15.57609653,2.478507949
127.5999985,228.7558372,80.56930596,26.59926931,59.96831028,0.8994424032,149.1820948,6.478040218,298.5411072,0,225,43.17874527,329.8191528,80286.42188,15.61867619,2.440736519
127.8000031,228.7558372,78.84691,26.35336395,60.09229962,0.8919062001,139.4704784,6.478830814,298.0495605,0,225,282.546936,32.98191452,80332.97656,15.56091022,2.352076371
128,279.5904676,80.0651896,26.41145991,59.81888985,0.8972048337,145.0470909,6.480587959,297.7648926,0,225,127.9604034,3.298191547,80370.72656,15.60426331,2.44666546
128.1999969,228.7558372,80.5709307,26.38400391,60.00325494,0.8985287772,146.7866566,6.479785919,297.9854736,0,225,38.38811874,137.4880066,80419.32812,15.62482166,2.387284343
128.3999939,228.7558372,77.72636872,26.11964306,60.24476569,0.8981331428,156.0290624,6.478358746,297.7576904,0,225,107.8049545,13.74880123,80468.98438,15.66966438,2.22990953
128.6000061,228.7558372,78.70173695,26.13265302,60.32137173,0.8977812203,146.4404776,6.479457378,298.3548279,0,225,32.34148407,279.7479553,80516.89844,15.64957809,2.281854665
128.8000031,279.5904676,79.97367226,26.25339895,60.044457,0.8987879957,142.6626614,6.481871605,297.9502258,0,225,230.9738159,27.9747963,80553.9375,15.64072037,2.360894736
129,228.7558372,79.67045346,26.17030529,60.36569547,0.9026011074,147.561789,6.48317337,297.712616,0,225,100.216423,2.79747963,80602.39844,15.69330597,2.311108935
129.1999969,228.7558372,79.24321713,26.48552023,60.2153927,0.9000693843,145.1662249,6.481285572,297.9221802,0,225,30.06492805,127.8346024,80650.24219,15.671134,2.243872902
129.3999939,228.7558372,78.93849209,26.29118337,60.40289155,0.8993446489,141.6985734,6.481563091,297.8357239,0,225,9.019477844,9.999999747e-05,80697.25781,15.67065048,2.231831461
129.6000061,279.5904676,78.48690659,26.32493221,60.35021618,0.9006114903,150.9855014,6.481332302,298.0717773,0,225,2.705843449,120.2027206,80735.59375,15.70426941,2.201435508
129.8000031,228.7558372,78.29996571,26.22183185,60.43391154,0.9025279157,151.4867407,6.475643635,297.8858032,0,225,78.63518524,12.02027225,80784.23438,15.73570919,2.049370109
130,228.7558372,79.84109653,26.43594334,60.14106642,0.9013094699,148.7967926,6.470336914,298.3283997,0,225,23.59055519,216.2910156,80832.69531,15.7106781,2.095029767
130.1999969,228.7558372,79.25152533,26.27017173,60.05185294,0.8956561153,145.1974063,6.463579178,297.9848328,0,225,173.4045563,21.6291008,80880.15625,15.67091084,2.00559745
130.3999939,228.7558372,79.32420241,26.03693649,60.09010982,0.8978159389,147.2936914,6.455414295,297.7988892,0,225,63.87287521,2.162910223,80928.0625,15.704216,1.952032827
130.6000061,279.5904676,79.78309714,26.28185845,60.2116723,0.8992495761,147.2000339,6.446824551,297.8842468,0,225,19.16186333,73.99114227,80965.65625,15.71654415,1.969998758
130.8000031,228.7558372,79.08332397,26.22919615,60.28307594,0.8987618157,147.5394694,6.440890312,297.8031311,0,225,5.748558998,9.999999747e-05,81013.58594,15.72293091,1.945281804
131,228.7558372,78.2389829,26.22752874,60.57661832,0.8998212099,145.8378937,6.4352355,297.9646606,0,225,1.724567652,90.79682922,81060.91406,15.74367523,1.890605334
131.1999969,228.7558372,78.90135193,26.15749962,60.28122874,0.9009309427,148.0505998,6.431679249,297.8237915,0,225,50.68186188,9.079683304,81108.875,15.75534248,1.919819631
131.3999939,279.5904676,78.09032785,26.16381488,60.5990717,0.8998480908,144.5502381,6.430943012,298.1598816,0,225,15.20455933,168.5737152,81145.48438,15.75359344,1.929272018
131.6000061,279.5904676,77.59007949,25.95116046,60.50701805,0.8992144831,152.3463809,6.433804512,297.9075012,0,225,125.6075058,16.85737228,81183.57812,15.7709074,1.93667393
131.8000031,279.5904676,79.74619661,26.11677529,60.02787881,0.898042158,151.7241483,6.43367672,298.5439148,0,225,37.68225098,303.845459,81221.97656,15.74887657,1.937023831
132,228.7558372,79.3558541,26.39503442,60.02572745,0.8916336645,143.5395983,6.433815956,298.0802917,0,225,255.6706543,30.38454628,81269.04688,15.68507957,1.904010179
132.1999969,228.7558372,80.37984845,26.16534572,59.62565098,0.8989704642,153.7527555,6.439575672,297.8251953,0,225,111.346199,3.038454771,81318.70312,15.7584095,2.036397776
132.3999939,279.5904676,78.47011096,26.11046022,60.3460794,0.8974096863,147.5802897,6.446207047,297.9730835,0,225,33.40385818,106.9319992,81356.20312,15.76413918,1.968870536
132.6000061,279.5904676,78.73679952,26.27520621,60.42209212,0.8979282194,142.0818147,6.451449394,297.791748,0,225,79.77825165,10.69320011,81392.65625,15.76315117,1.940412422
132.8000031,279.5904676,79.29952273,26.29623328,60.3885758,0.8992672328,141.6449191,6.455343723,298.2254333,0,225,23.93347549,212.7985382,81429.07812,15.77756119,1.903252695
133,279.5904676,77.83060181,26.13364947,60.51442541,0.8952132602,147.1633559,6.457940102,297.9088135,0,225,167.1130066,21.27985382,81466.17188,15.77437305,1.777110252
133.1999969,279.5904676,80.76446633,26.4854673,59.87396368,0.9007900344,147.9716952,6.458152294,298.7335205,0,225,50.13389969,388.7696838,81504.09375,15.80093193,1.825012266
133.3999939,228.7558372,77.78442132,26.01166382,60.43883936,0.8963259792,144.4070815,6.460840225,298.1507874,0,225,333.6195679,38.87696838,81550.83594,15.79696846,1.665014441
133.6000061,228.7558372,78.99138765,25.81842608,60.36299866,0.9033461249,146.9835231,6.462235451,297.8124695,0,225,153.8906097,3.887696743,81598.51562,15.86377907,1.665932863
133.8000031,279.5904676,79.85202309,26.37865861,60.27388669,0.899821632,140.49629,6.46457386,298.0380249,0,225,46.16718292,147.2065887,81634.78906,15.8142004,1.749762566
134,279.5904676,78.88630363,25.97298066,60.30009249,0.8995640029,151.1068613,6.465881824,297.7896423,0,225,119.4902496,14.7206583,81672.86719,15.84737873,1.631872924
134.1999969,279.5904676,80.32010121,26.46217681,59.98986696,0.900887439,148.4086197,6.461428165,298.3981323,0,225,35.84707642,292.4678955,81710.64062,15.82924271,1.634580288
134.3999939,228.7558372,78.15402493,26.00079221,60.60045619,0.9003493482,146.2140922,6.460133553,297.9571228,0,225,239.7486115,29.24678993,81757.75781,15.83798981,1.600041666
134.6000061,279.5904676,80.90317719,26.3870044,59.69796227,0.899330242,147.8310454,6.460431099,297.7193909,0,225,97.97327423,2.924679041,81795.73438,15.78931522,1.85528001
134.8000031,228.7558372,79.45173963,26.26434309,60.32064127,0.8999796437,141.1000331,6.459224224,297.8929138,0,225,29.39198303,115.1718292,81842.33594,15.79477024,1.794237688
135,228.7558372,79.32793844,26.36888126,60.22854547,0.9023475236,148.6132261,6.456425667,297.8066101,0,225,8.817594528,9.999999747e-05,81890.41406,15.81758022,1.810481647
135.1999969,279.5904676,78.7397947,26.17102783,60.45512709,0.9009596575,148.2925257,6.45278883,298.0303955,0,225,2.645278454,116.7636642,81927.78125,15.80914116,1.808982876
135.3999939,228.7558372,78.89094604,26.25860348,60.34502956,0.8984031541,146.6297044,6.450935364,297.8568726,0,225,73.24238586,11.67636681,81975.32812,15.77331448,1.884564424
135.6000061,279.5904676,79.82694382,26.25353272,60.24069755,0.899913959,146.1478239,6.447025776,298.2798767,0,225,21.97271538,209.8651428,82012.51562,15.77420712,1.93124557
135.8000031,279.5904676,77.76708664,25.89113103,60.64719152,0.9019567255,149.9934869,6.445759773,297.9628906,0,225,163.8418884,20.98651505,82049.94531,15.81187534,1.910376483
136,279.5904676,80.0984458,26.06127944,60.42495805,0.9048334772,145.275733,6.441170692,297.7845764,0,225,61.8077507,2.098651409,82087.08594,15.80533791,2.008161762
136.1999969,279.5904676,78.77674053,26.33852037,60.36390991,0.9013497951,150.5044623,6.438271046,297.8837585,0,225,18.54232407,79.14883423,82125.10156,15.77935314,2.060935488
136.3999939,228.7558372,78.17669014,26.40059017,60.46645462,0.8999596803,146.3958582,6.433046818,297.8034973,0,225,5.562697411,9.999999747e-05,82172.52344,15.76010418,2.017518505
136.6000061,228.7558372,78.03396656,25.9600348,60.53219473,0.9017484405,152.4785357,6.425745487,297.969635,0,225,1.668809175,93.72354889,82221.03125,15.79072189,1.961870747
136.8000031,228.7558372,77.9496895,26.15046331,60.76143504,0.9055090414,150.9193718,6.414610863,297.8227844,0,225,52.21139908,9.372354507,82269.14062,15.81579208,1.927526452
137,279.5904676,77.67890592,26.04319441,60.44973596,0.9017264636,156.5292253,6.406687737,298.1631165,0,225,15.66341972,173.232193,82307.92969,15.78796959,2.015831447
137.1999969,228.7558372,77.37024231,25.88389717,60.53923476,0.8989682804,152.544046,6.395813465,297.8890991,0,225,127.5287781,17.3232193,82356.13281,15.76104927,1.939983004
137.3999939,228.7558372,78.40655631,25.73280431,60.53602569,0.9033696597,152.6677201,6.382457256,298.5418701,0,225,38.25863266,316.9914551,82404.45312,15.79341793,1.924434672
137.6000061,279.5904676,79.51836117,26.29020287,60.11909265,0.8921480647,143.3172957,6.370802879,298.0353394,0,225,261.3607483,31.69914627,82440.82031,15.65925217,2.092904472
137.8000031,228.7558372,80.33536841,25.98899383,59.77480956,0.8978608399,150.7109313,6.362517834,297.7806396,0,225,102.0368958,3.169914484,82489.52344,15.70948505,2.21791331
138,228.7558372,78.83047285,26.24394627,60.18572273,0.8994273308,154.8115967,6.354320526,297.8969421,0,225,30.61107063,95.6958313,82538.77344,15.73324299,2.219027718
138.1999969,228.7558372,79.37879994,26.28985837,60.22431312,0.8974982546,146.2639922,6.3508811,297.8103333,0,225,9.183320999,9.999999747e-05,82586.55469,15.6947031,2.394682833
138.3999939,228.7558372,77.23290851,26.01236755,60.85345259,0.9020979702,146.8013174,6.347651005,297.9949341,0,225,2.7549963,102.1734848,82633.84375,15.75325871,2.313816662
138.6000061,228.7558372,78.03329771,26.14169957,60.41728745,0.9010320395,154.4554374,6.342091084,297.8396912,0,225,59.97869492,10.2173481,82682.89062,15.74290943,2.330704825
138.8000031,228.7558372,79.02644348,26.16951174,60.34226664,0.899115774,147.8323934,6.339525223,298.20401,0,225,17.99360847,184.7695465,82730.89062,15.70662117,2.476775375
139,279.5904676,79.17690843,26.25842147,60.22024979,0.896018923,148.4275653,6.337112904,297.9294739,0,225,138.8372498,18.47695541,82768.65625,15.67462826,2.541513603
139.1999969,228.7558372,78.73855556,25.87999306,60.57851194,0.9043862122,147.4558733,6.336449146,298.6022644,0,225,41.65117645,326.384491,82816.46094,15.75309372,2.534606654
139.3999939,228.7558372,76.78106573,25.67829982,60.77480064,0.897433242,153.4511526,6.333162308,298.1078186,0,225,273.1835327,32.63844681,82864.85938,15.71814728,2.385237838
139.6000061,228.7558372,79.9791025,25.85626938,60.27820822,0.9048356522,146.9307128,6.327228069,297.8243103,0,225,120.1301804,3.263844967,82912.85938,15.74284267,2.518352716
139.8000031,279.5904676,78.53437377,26.22470485,60.42448076,0.8982386722,142.4614418,6.319859028,297.9825745,0,225,36.03905487,116.7044296,82949.21094,15.68054008,2.499407252
140,228.7558372,79.06691721,26.38331901,60.19467189,0.8990275227,150.9978451,6.310530663,297.7790833,0,225,86.17662811,11.67044353,82997.86719,15.69037056,2.491422766
140.1999969,228.7558372,79.98827033,26.25282331,60.18381537,0.8997495906,145.7663791,6.299519062,298.2410278,0,225,25.8529892,230.9680481,83045.54688,15.6850872,2.477391647
140.3999939,228.7558372,76.87914618,26.19345486,60.32259173,0.8935074042,152.7499036,6.291456223,297.8895569,0,225,178.4707947,23.09680557,83093.91406,15.65721989,2.443437871
140.6000061,228.7558372,78.43301882,25.84982453,60.63101444,0.9026848335,153.4268057,6.284032822,298.7672424,0,225,53.54123688,421.5025024,83142.64844,15.73640156,2.495038031
140.8000031,279.5904676,76.85910176,26.11771712,60.76431157,0.893631372,146.0730614,6.277112484,298.120697,0,225,354.8439331,42.15024948,83179.0625,15.65022945,2.500000167
141,228.7558372,80.10652276,26.03187722,59.60530523,0.8983759862,150.2940712,6.27030611,297.7749329,0,225,153.9723969,4.215024948,83227.77344,15.66660404,2.670322516
141.1999969,279.5904676,80.47134281,26.32260138,60.02533269,0.8981092852,145.4283445,6.261181355,297.9736938,0,225,46.19171906,141.0783997,83265.15625,15.65422821,2.681098984
141.3999939,279.5904676,76.96474173,25.90016933,60.86155845,0.8994701918,148.5983074,6.253201008,297.7335205,0,225,108.9197311,14.10783958,83302.25,15.70018101,2.546933641
141.6000061,279.5904676,77.64986607,25.93989329,60.40123373,0.8972749794,149.5545631,6.244757652,298.3136902,0,225,32.67591858,283.953949,83339.63281,15.67336941,2.568577025
141.8000031,279.5904676,78.27266301,26.24329644,60.247685,0.8925634797,147.0588041,6.240863323,297.9035034,0,225,224.6409912,28.39539528,83376.83594,15.61665344,2.786669086
142,228.7558372,79.94588953,26.14000149,59.8634529,0.8969528757,148.1094974,6.238635063,298.9783325,0,225,67.39229584,512.0333252,83425.03125,15.64381027,2.891283419
142.1999969,228.7558372,77.32446593,26.07776698,60.4795179,0.8892765698,148.8638293,6.236299038,298.2297668,0,225,437.6651917,51.20333481,83472.64844,15.59964561,2.776050931
142.3999939,228.7558372,78.72399424,25.52706285,59.75222892,0.8993985879,151.9151601,6.233692646,297.7996521,0,225,208.0342865,5.120333195,83521.36719,15.68123245,2.829964824
142.6000061,279.5904676,80.36406522,26.24965384,59.9347141,0.897825841,146.1727899,6.230153084,298.0946045,0,225,62.41028595,189.9900818,83559.0625,15.64072704,2.981126577
142.8000031,228.7558372,78.59571108,26.3571094,60.56078487,0.9001942117,149.5474471,6.228462219,297.7913818,0,225,159.875,18.99900818,83607.53906,15.67757797,2.981458763
143,228.7558372,79.41198252,26.06566529,60.07523696,0.8963114018,151.2860941,6.226618767,298.547699,0,225,47.96250153,366.302063,83656.44531,15.64421272,2.984660349
143.1999969,228.7558372,78.75944691,26.38984565,60.05031904,0.8875776305,145.32263,6.223319054,298.0178528,0,225,303.3476562,36.63020706,83703.94531,15.5581131,2.945895158
143.3999939,228.7558372,79.41453714,26.04247298,59.85966078,0.8985884498,152.6002203,6.215891361,297.7050781,0,225,135.4136963,3.663020611,83753.0625,15.66167259,2.836997515
143.6000061,279.5904676,78.96964138,26.06731891,60.15080828,0.8968624383,151.5045779,6.212198257,297.9541016,0,225,40.62411118,155.7701569,83791.57812,15.64949036,2.98060383
143.8000031,228.7558372,76.97351941,25.84892137,60.83872836,0.8995998899,153.1765131,6.210063934,297.7160339,0,225,117.8289108,15.57701588,83840.35938,15.69481564,2.926351365
144,279.5904676,77.2061665,25.77312897,60.87158613,0.9040578107,149.221773,6.211065292,298.3540649,0,225,35.34867096,308.3074646,83877.99219,15.72633839,3.055812664
144.1999969,228.7558372,78.06191427,26.15219152,60.18873819,0.8896877743,150.9665981,6.213024139,297.9430847,0,225,246.6114044,30.8307457,83926.70312,15.58977985,3.161714862
144.3999939,228.7558372,79.74241765,26.22270998,60.04106198,0.896938322,144.2741584,6.215425968,299.0738831,0,225,73.98342133,540.8052368,83974.38281,15.62973404,3.252348891
144.6000061,279.5904676,78.28281355,26.77393401,59.97527316,0.8824508082,145.4838786,6.218086243,298.3374023,0,225,465.0617371,54.08052444,84011.5625,15.50580788,3.266288645
144.8000031,228.7558372,78.80581333,25.62009021,59.60880733,0.8973132139,150.6682167,6.221301079,297.8780823,0,225,242.7637634,5.408052444,84060.41406,15.64905643,3.230195814
145,279.5904676,79.69871374,26.10535186,60.01288541,0.897817033,148.0072788,6.223670959,298.2354126,0,225,72.82913208,220.8162537,84098.625,15.64190292,3.319642609
145.1999969,279.5904676,79.39700757,26.23484091,60.2286228,0.8955247174,145.4820167,6.22625494,297.8965454,0,225,194.9790802,22.08162498,84136.28125,15.61961555,3.337358766
145.3999939,228.7558372,78.78050522,26.12960065,60.58287163,0.9045369144,149.2126281,6.232387066,298.733551,0,225,58.49372482,406.6654663,84184.99219,15.7102499,3.398830677
145.6000061,228.7558372,78.70630604,26.32690365,60.12223751,0.8879475859,143.5436078,6.237706661,298.1982422,0,225,345.9263306,40.66654587,84232.49219,15.55348682,3.38646065
145.8000031,228.7558372,78.58662122,25.78652073,60.33437225,0.903894523,148.4872504,6.24437809,297.8514099,0,225,182.4722443,4.066654682,84281.09375,15.70534897,3.410722405
146,228.7558372,79.42536602,25.99443613,60.11812545,0.8981236103,150.6440193,6.248195171,298.1455994,0,225,54.74167633,182.411026,84330.32031,15.65139484,3.38510636
146.1999969,279.5904676,78.30186337,26.02967439,60.58213604,0.900656605,148.532156,6.250272274,297.866394,0,225,153.2659454,18.24110413,84368.34375,15.67925167,3.302346168
146.3999939,228.7558372,79.86357842,26.27104192,60.19720355,0.8984056765,145.2087718,6.251743317,298.5501099,0,225,45.9797821,337.2906494,84416.45312,15.63997364,3.355468581
146.6000061,279.5904676,79.23154118,26.27313896,60.11320691,0.8925708482,145.4926841,6.251750469,298.0836182,0,225,278.9459534,33.72906494,84453.92969,15.59266186,3.296550627
146.8000031,279.5904676,79.31796145,26.05860266,60.17692026,0.9015194498,148.6225898,6.253586769,297.8018494,0,225,133.5070648,3.372906446,84492.24219,15.67477226,3.372028331
147,228.7558372,79.60647561,26.24698331,60.15811812,0.8989751635,147.3399579,6.256826401,298.0178528,0,225,40.05212021,141.0518494,84540.88281,15.64687538,3.444780125
147.1999969,279.5904676,77.61197019,26.21884641,60.89422077,0.9028972364,147.0799114,6.262285233,297.8105469,0,225,109.2634659,14.10518551,84578.58594,15.69751167,3.444913141
147.3999939,228.7558372,79.11954006,26.2116436,60.45742049,0.8992939347,141.5052129,6.266943932,298.3381348,0,225,32.77904129,263.3518372,84625.875,15.64660263,3.467258639
147.6000061,228.7558372,78.2846224,26.15639754,60.37261147,0.8951672151,145.6004571,6.272028923,297.9980469,0,225,209.2489471,26.33518219,84673.75,15.62155819,3.437904031
147.8000031,228.7558372,79.60053525,26.18647955,60.17660436,0.8982937398,147.0184498,6.278660297,297.7800598,0,225,100.6376877,2.633518219,84722.4375,15.63986111,3.575063764
148,228.7558372,79.56250597,26.19724913,60.32449918,0.9000431875,145.0388493,6.288948059,297.9760742,0,225,30.19130707,124.9924698,84770.84375,15.65320873,3.69456532
148.1999969,228.7558372,78.63453847,26.35595681,60.3295642,0.9001939134,150.0624827,6.299272537,297.8033142,0,225,91.19689941,12.49924755,84820.07812,15.66459751,3.670033143
148.3999939,228.7558372,79.48494481,26.21972415,60.40364974,0.9015767088,145.192724,6.312159061,298.2641907,0,225,27.35906792,231.3509979,84868.54688,15.66834354,3.765282326
148.6000061,279.5904676,77.55551463,26.0415006,60.38210244,0.8984989043,156.290288,6.323554993,297.9837036,0,225,180.2723694,23.13509941,84908.25,15.67311287,3.624828213
148.8000031,279.5904676,80.37031716,26.39459348,60.03132895,0.901574877,146.9149504,6.333492279,297.7876282,0,225,89.96369171,2.313509941,84946.90625,15.65962982,3.765120253
149,228.7558372,78.18382362,26.07240557,60.45461768,0.9015131605,154.4905563,6.344480038,297.9780884,0,225,26.98910713,121.1425323,84996.9375,15.69408703,3.652045683
149.1999969,279.5904676,77.34963857,25.88406198,60.63740074,0.8991587183,148.5703343,6.357915878,297.8155823,0,225,86.19749451,12.11425304,85035.14844,15.67526817,3.678974983
149.3999939,279.5904676,78.16912377,25.86630873,60.44522181,0.9000566304,151.9697612,6.372680187,298.2484436,0,225,25.85924911,219.4362335,85074.26562,15.68294525,3.751537576
149.6000061,228.7558372,79.48491026,26.22376875,60.42398587,0.8993676428,142.4273961,6.388471127,297.9985962,0,225,169.4965363,21.9436245,85122.28906,15.64885616,3.864447717
149.8000031,228.7558372,78.40077219,26.07260151,60.35943926,0.9010324893,155.48167,6.405106544,297.8139343,0,225,89.36655426,2.194362402,85172.80469,15.69128418,3.847450893
150,279.5904676,79.83599852,26.15341053,60.38685193,0.9027060691,143.161726,6.423912048,298.0040588,0,225,26.80996704,119.5071106,85210.85938,15.67792225,4.01485609
150.1999969,228.7558372,79.20033343,26.37369441,60.49417306,0.9028263928,146.0271393,6.441206932,297.8502197,0,225,86.81254578,11.95071125,85259.78906,15.68463612,3.960574697
150.3999939,279.5904676,79.86248897,26.15150319,60.47569247,0.9040205102,141.0459606,6.457897663,298.2612305,0,225,26.04376411,210.4521027,85297.35156,15.68721867,3.973999669
150.6000061,228.7558372,78.93420123,26.39412746,60.4692072,0.9026564281,145.6924917,6.474615574,298.0281067,0,225,163.3733368,21.04520988,85346.10156,15.6837244,3.956910841
150.8000031,279.5904676,80.40294196,26.07059138,60.58042906,0.9060623713,138.3659054,6.491219044,297.8492737,0,225,89.66446686,2.104521036,85383.38281,15.69886017,4.053040485
151,228.7558372,79.70104579,26.08460404,60.5393944,0.9050654835,141.2590694,6.506341934,298.027832,0,225,26.89933968,115.1849747,85431.49219,15.69812775,3.988696037
151.1999969,228.7558372,78.95590736,26.10022558,60.72952393,0.9038288139,138.889521,6.519972324,297.8774109,0,222.9867554,84.18991852,11.51849747,85478.48438,15.68664646,3.940498068
151.3999939,228.7558372,79.4392258,26.08084359,60.71562268,0.9060013436,140.6616778,6.531453609,298.2593384,0,215.5214844,25.25697708,198.471756,85524.40625,15.69382191,3.964126919
151.6000061,228.7558372,79.15641075,26.04521073,60.82182905,0.903797481,138.3659054,6.54135561,298.0437927,0,203.4660645,153.5514221,19.8471756,85567.34375,15.6560812,4.004678862
151.8000031,228.7558372,80.9460602,26.04803198,60.39050644,0.9057299942,138.3659054,6.546590805,297.8727417,0,187.4479828,86.05314636,1.984717607,85607.57812,15.63098812,4.098703345
152,279.5904676,78.71443306,26.27251982,60.78093353,0.9061297012,142.1579762,6.548473835,298.0379333,0,169.3461151,25.81594276,108.9448166,85633.92969,15.62623501,4.054214618
152.1999969,228.7558372,78.4005288,25.96600849,60.82113502,0.9031061887,139.1050867,6.544600964,297.8959045,0,150.4871979,79.31736755,10.89448166,85666.04688,15.57403088,3.959387631
152.3999939,279.5904676,79.42881982,26.0231729,60.62046418,0.9041600589,141.354417,6.537369728,298.249176,0,133.1856232,23.79520988,184.0349426,85684.99219,15.54994869,4.078939606
152.6000061,228.7558372,76.53150867,25.20489881,61.04738704,0.9046079156,149.4970238,6.52882719,298.0567932,0,118.769104,142.8365784,18.40349579,85712.20312,15.58105373,3.92148023
152.8000031,228.7558372,78.69253399,25.56521709,60.78638078,0.9050007012,140.7538827,6.515920639,297.9035645,0,107.7631073,83.16008759,1.840349436,85736.09375,15.53043079,4.035244794
153,228.7558372,76.95194579,25.50752272,60.96708965,0.902986775,150.3294649,6.502658367,298.0561829,0,101.9297562,24.94802666,100.3194351,85760.28906,15.53355408,3.949838936
153.1999969,279.5904676,77.49602334,25.57005696,60.92239915,0.9045809187,145.2556609,6.489817619,297.9293518,0,101.3886261,75.13263702,10.03194427,85773.05469,15.53246689,3.962813992
153.3999939,279.5904676,76.97688174,25.39785026,60.87726682,0.9028042089,149.9159427,6.48020792,298.2406921,0,105.9812088,22.53979111,165.4652252,85787.55469,15.53766918,3.945105929
153.6000061,279.5904676,77.10557746,25.4315175,61.07126619,0.9034559106,142.0438608,6.474558353,298.0679321,0,114.4084167,128.2529602,16.54652214,85802.21875,15.54394341,3.974289854
153.8000031,228.7558372,78.42049885,26.12516261,60.65382563,0.9048760607,147.7111714,6.471694469,297.9222412,0,125.0928879,75.34578705,1.654652238,85831.23438,15.55485153,4.078876558
154,228.7558372,77.05224758,25.90061196,60.7376693,0.9040158983,155.2220739,6.472857475,298.0491028,0,136.9263763,22.60373688,91.41669464,85863.77344,15.59169674,3.979501936
154.1999969,279.5904676,77.70833556,25.91689245,60.86958998,0.906025387,149.2151491,6.477070808,297.9264832,0,148.2904816,64.54976654,9.141669273,85887.14062,15.61408997,4.004743757
154.3999939,279.5904676,77.37543758,25.58888916,60.83002036,0.9030074841,151.6414128,6.483196259,298.1922607,0,157.9720001,19.36493111,147.7576141,85912.73438,15.61517525,3.915317782
154.6000061,228.7558372,78.77760938,25.77729268,60.7257487,0.9021898143,142.2462635,6.492800236,298.0352173,0,165.2068176,109.2237701,14.7757616,85948.80469,15.59108067,4.068903798
154.8000031,228.7558372,78.23090393,25.37582553,60.69920116,0.9026675236,149.4666956,6.503665924,297.9028625,0,168.5947418,60.26155472,1.477576137,85986.89844,15.62131214,4.048756773
155,279.5904676,77.15824328,25.7478783,60.80989296,0.9051018714,155.7324789,6.512778759,298.0076599,0,167.6435547,18.07846642,80.14501953,86015.35156,15.65230179,3.991701969
155.1999969,228.7558372,78.3455894,26.17072492,60.68263481,0.9045296771,146.6498796,6.517817974,297.8972778,0,163.0568542,51.58664703,8.014502525,86051.72656,15.6101017,3.991175381
155.3999939,279.5904676,77.75481665,25.54231166,60.75852499,0.9029817735,150.0048986,6.520381927,298.1278687,0,156.4623871,15.47599411,131.4542694,86076.61719,15.60805988,3.875452752
155.6000061,228.7558372,77.9580674,25.72833453,60.95904546,0.9047211406,140.4067697,6.518352985,297.9736328,0,148.837265,92.01307678,13.14542675,86108.36719,15.59308147,3.791143228
155.8000031,228.7558372,76.99985178,25.30186241,60.97989374,0.9033227827,146.3327445,6.515787601,297.8555603,0,142.0309448,41.8675766,1.314542651,86139.66406,15.592556,3.747902612
156,279.5904676,78.49532913,25.89736884,60.76792748,0.9049723916,143.3797366,6.51112175,297.9355164,0,136.2377625,12.56027222,67.623703,86159.25,15.5701046,3.880505054
156.1999969,279.5904676,76.70285027,25.7762431,60.86819708,0.9031710715,155.4003478,6.508123875,297.8615417,0,132.3161316,3.768081665,9.999999747e-05,86180.08594,15.58191109,3.875264611
156.3999939,279.5904676,77.83120194,25.72773549,60.91500301,0.9058527694,145.550853,6.50135088,297.9699097,0,129.5815125,1.1304245,73.63079834,86198.47656,15.57944202,3.785559422
156.6000061,279.5904676,77.33781037,25.51500363,60.93960777,0.9038125721,149.7839906,6.493769169,297.874054,0,129.5737305,33.87285995,7.363080025,86217.47656,15.5754137,3.673698728
156.8000031,279.5904676,77.79763335,26.21806801,60.88257603,0.9043748848,146.0694421,6.486322403,298.0698853,0,132.589325,10.16185856,114.8951111,86236.53125,15.56306934,3.7174701
157,228.7558372,77.8180492,25.59283408,60.97627096,0.904720499,144.8212115,6.481491566,297.9313049,0,138.5804443,73.72005463,11.48951054,86266.88281,15.58449459,3.661015715
157.1999969,228.7558372,78.71102252,25.85202893,60.7362821,0.9038634082,143.4422949,6.478458405,298.262146,0,146.4958801,22.11601639,177.9949799,86298.8125,15.57453156,3.702959671
157.3999939,279.5904676,77.69157501,26.14513456,60.81789703,0.9050222898,149.6027744,6.48220253,298.0684509,0,155.6270752,134.7145233,17.7994976,86323.38281,15.60895157,3.844633088
157.6000061,228.7558372,79.80283755,25.69400996,60.67660763,0.9059472805,138.3659054,6.485814571,297.9091797,0,163.243988,75.24758911,1.779949784,86358.13281,15.60366917,3.83416369
157.8000031,228.7558372,78.9394562,26.14250113,60.63811984,0.9061305956,145.1416973,6.490281582,298.0359192,0,169.4383392,22.57427597,92.78179169,86395.375,15.62189579,3.810701736
158,228.7558372,78.82137337,26.06547627,60.74973789,0.902962166,138.3659054,6.497728825,297.9111633,0,173.8426819,64.08574677,9.278179169,86432.17969,15.59385109,3.867655796
158.1999969,279.5904676,79.46348912,25.94360054,60.66253179,0.9048784434,140.7031056,6.506191254,298.1829529,0,175.2611084,19.22572517,150.9593353,86459.49219,15.61239719,3.933676054
158.3999939,228.7558372,77.36301006,25.86169858,60.80684185,0.9038105592,154.3437928,6.513106823,298.0133667,0,173.3006744,110.5933685,15.09593391,86498.98438,15.63796711,3.774124219
158.6000061,279.5904676,79.86532139,25.89711648,60.6007472,0.9045650393,138.3659054,6.518980026,297.880249,0,168.5824127,56.91242599,1.509593368,86524.59375,15.59266186,3.950018423
158.8000031,279.5904676,76.81667506,25.49005348,61.01498358,0.9039455321,148.1583211,6.52260828,297.9798279,0,161.5131989,17.07372665,78.40229034,86549.82031,15.62253571,3.738231763
159,228.7558372,78.80315364,25.95237567,60.78470642,0.9050969775,142.4551942,6.522535324,297.8713684,0,152.9967346,47.93162155,7.840228558,86583.17969,15.58643913,3.834248032
159.1999969,228.7558372,77.25785091,25.42566123,60.89011628,0.903813813,151.4454581,6.518949032,298.0999756,0,144.5144196,14.37948704,131.0874023,86616.00781,15.59715271,3.640176203
159.3999939,228.7558372,78.25604625,25.59602209,60.9796631,0.9061060082,143.3717605,6.513965607,297.9499512,0,137.4662476,89.24082947,13.10874081,86646.03906,15.58432388,3.717622877
159.6000061,279.5904676,78.18989984,25.60242414,61.04172959,0.9064240068,138.3659054,6.508171558,298.3299255,0,132.4048309,26.77224922,201.4075165,86663.52344,15.57167339,3.724348637
159.8000031,228.7558372,76.9843574,25.72102723,61.08975089,0.9091981489,145.615147,6.502669811,298.1112061,0,129.659317,157.1065216,20.14075089,86692.0625,15.60634995,3.681963517
160,279.5904676,79.11258703,25.49619142,60.72624116,0.9047255412,142.1663242,6.496833801,297.9342041,0,129.1108246,91.16805267,2.014075279,86709.96094,15.54797459,3.775801884
160.1999969,228.7558372,77.59446194,25.32962312,60.90804562,0.905045923,147.9916089,6.492836952,298.0787659,0,130.89888,27.35041618,102.7381287,86739.44531,15.57682228,3.703651719
160.3999939,228.7558372,77.76356823,25.56692307,61.10373465,0.9058013925,140.5971678,6.490176201,297.9417725,0,134.2784576,76.07860565,10.27381325,86768.21094,15.5730505,3.734364099
160.6000061,228.7558372,78.15628253,25.96474186,60.92638198,0.9087568206,145.6996123,6.489496708,298.2408752,0,138.7238922,22.8235817,164.9504852,86799.13281,15.60089874,3.809673209
160.8000031,279.5904676,78.13976216,25.53406819,61.01964195,0.9052083615,142.3897261,6.488624573,298.0534363,0,143.438858,124.8509064,16.49504852,86819.69531,15.58141232,3.699767462
161,228.7558372,78.18670417,25.90142751,60.93230189,0.9086755697,141.5414469,6.485288143,297.8992615,0,148.5097809,66.9805069,1.649504781,86851.53906,15.60810089,3.583660284
161.1999969,279.5904676,78.41956871,26.00113785,60.79211858,0.9074703749,146.2458963,6.483201981,298.0114746,0,154.92276,20.09415245,86.52813721,86875.28125,15.61010933,3.595976043
161.3999939,228.7558372,77.07912792,25.50342357,60.98225757,0.903295574,146.7944129,6.481386185,297.8851929,0,162.1581421,56.18816376,8.652813911,86910.5,15.60573864,3.405190633
161.6000061,228.7558372,79.10683459,25.94912115,60.7225711,0.9041999732,140.8113664,6.478927612,298.1405029,0,170.1228638,16.85644913,145.0901031,86946.60938,15.59365177,3.45915669
161.8000031,228.7558372,78.97531779,26.02074871,60.70253714,0.9033608574,140.870714,6.476796627,297.9577637,0,179.0741425,101.5761719,14.50901031,86984.4375,15.59879398,3.403980418
162,279.5904676,79.66782674,26.34120439,60.5332559,0.9060418591,144.0571523,6.475344181,297.8307495,0,188.8746185,41.89014053,1.450901031,87014.73438,15.62903214,3.452096798
162.1999969,228.7558372,78.32667247,26.25892615,60.81670755,0.9063777748,143.1720991,6.476171017,297.9078674,0,199.2548523,12.56704235,68.16959381,87057.00781,15.65820312,3.37239707
162.3999939,228.7558372,78.72362687,25.95825333,60.82913188,0.9054896936,141.6507796,6.481766224,297.8337097,0,209.2990875,3.770112753,9.999999747e-05,87101.125,15.66601276,3.438463001
162.6000061,228.7558372,76.82449946,25.87710265,60.91845667,0.9048935648,152.6426069,6.486717224,297.9521179,0,217.0969543,1.131033778,78.55610657,87148.46875,15.70387173,3.291400212
162.8000031,279.5904676,78.53227886,26.30737024,60.77484422,0.9058731743,146.2256182,6.494799137,297.8505554,0,222.9316559,36.29840088,7.855610847,87185.82031,15.69184875,3.48589037
163,228.7558372,78.75640305,26.15617515,60.79622819,0.9046360175,138.3659054,6.505975723,298.0695496,0,225,10.88952065,126.2521667,87232.5,15.67316818,3.551235272
163.1999969,228.7558372,78.72246275,26.11670311,60.79055856,0.905055113,138.3885672,6.512362003,297.9138489,0,223.118866,81.59765625,12.62521648,87278.625,15.67400551,3.438602427
163.3999939,228.7558372,80.08423065,26.18365907,60.61881451,0.905604296,138.3659054,6.514974594,298.2861633,0,218.7088013,24.47929764,200.2874451,87324.08594,15.66137218,3.430725233
163.6000061,279.5904676,79.54602276,26.07471444,60.86685699,0.9057178291,138.3659054,6.518571854,298.045166,0,213.250824,150.8719788,20.02874374,87357.85938,15.65990734,3.463170728
163.8000031,228.7558372,80.35321159,26.35812433,60.46565722,0.9071828054,139.1406099,6.519788742,297.8724976,0,206.3386841,75.6601944,2.002874374,87401.14844,15.64685726,3.506407342
164,279.5904676,77.76163808,25.53240841,60.789286,0.9036835582,150.8324774,6.520949364,297.9928284,0,198.9507446,22.69805717,92.70856476,87434.07812,15.65761185,3.362628098
164.1999969,279.5904676,79.3969836,26.11463617,60.73441793,0.9049888923,139.9914974,6.516691208,297.8561096,0,191.0910797,60.72297668,9.270856857,87463.63281,15.61906624,3.389082891
164.3999939,228.7558372,79.25809168,26.25732102,60.76341098,0.9077636096,143.5517641,6.509003162,298.1427307,0,184.9523773,18.21689415,160.5975952,87502.97656,15.63741207,3.307370852
164.6000061,228.7558372,78.8471802,26.02848265,60.84521975,0.9049912985,138.3659054,6.497572899,297.9322815,0,181.8827209,112.7311783,16.05975914,87540.35156,15.60801601,3.157510126
164.8000031,279.5904676,77.63512396,25.32124282,60.96176322,0.9052945944,149.7639422,6.489746571,298.4286194,0,183.3864594,33.81935501,261.0654602,87569.50781,15.65134525,3.108903592
165,228.7558372,79.28744729,26.17390696,60.75116203,0.9079671699,142.8215658,6.482210636,298.0990295,0,187.996994,204.0934601,26.1065464,87609.16406,15.64263916,3.221140682
165.1999969,228.7558372,79.43477886,25.99709757,60.78344377,0.9088946946,138.3659054,6.476587296,297.8769836,0,195.6324921,102.7416534,2.610654593,87649.60156,15.65668297,3.239091568
165.3999939,228.7558372,77.45409369,25.78204589,60.83383573,0.905965535,154.1896602,6.477480888,298.0282898,0,205.5118866,30.82249451,111.5713196,87694.89062,15.68750477,3.251010411
165.6000061,228.7558372,79.07337754,26.05201569,60.82853319,0.904691033,138.3659054,6.475512505,297.8624573,0,215.0185852,80.07911682,11.15713215,87739.24219,15.65350533,3.234575523
165.8000031,279.5904676,79.31276284,26.06201315,60.84351005,0.9057397218,138.3659054,6.4789114,298.221283,0,225,24.02373505,195.1684875,87775.32031,15.6758585,3.341855103
166,228.7558372,77.66441139,25.55727842,60.92586229,0.9043459515,150.8711625,6.484839439,297.9859924,0,225,143.9006805,19.51684952,87823.90625,15.70198822,3.268067997
166.1999969,279.5904676,80.22620728,26.23206178,60.63613762,0.9055208704,138.3659054,6.494753838,297.828186,0,225,68.34041595,1.951684833,87860.52344,15.6610384,3.583503493
166.3999939,228.7558372,79.34876267,26.14402249,60.82635914,0.9059940155,138.3659054,6.50467968,297.9493103,0,225,20.50212479,91.22892761,87907.34375,15.6734314,3.538560463
166.6000061,228.7558372,79.41777348,26.11986771,60.73844184,0.9056519023,139.5766157,6.512880802,297.8720398,0,223.6472168,6.150637627,9.999999747e-05,87954.11719,15.66891861,3.508910418
166.8000031,279.5904676,78.32498476,26.11447417,60.90877288,0.9057490136,140.6911818,6.52036953,298.0033875,0,219.0197296,1.84519124,85.20070648,87989.46094,15.67223072,3.485534691
167,228.7558372,79.30398185,26.15781505,60.72928186,0.9052791151,140.8164145,6.522550106,297.8934326,0,211.3935852,42.94273376,8.520070076,88033.85156,15.64810753,3.425277257
167.1999969,228.7558372,77.40015321,25.62813753,60.87085122,0.9036675686,152.6043555,6.521017551,298.113678,0,202.9103088,12.88282013,130.0830841,88078.22656,15.66273785,3.231646899
167.3999939,228.7558372,76.58899751,25.56851987,60.98489868,0.9023526374,149.2421098,6.52010107,297.950592,0,195.035202,85.69597626,13.00830936,88120.10156,15.64067078,3.235040964
167.6000061,228.7558372,79.16443304,26.32433705,60.81743764,0.9077555056,138.3659054,6.514187336,297.8377075,0,187.51297,32.04207993,1.300830841,88158.99219,15.62707233,3.339660238
167.8000031,279.5904676,77.02826647,25.62373723,60.97298466,0.90348535,148.8772275,6.506380081,297.8915405,0,182.3744202,9.612624168,57.59050751,88187.8125,15.62578583,3.158126119
168,228.7558372,78.77038578,25.93030257,60.84407981,0.9054822642,140.8314241,6.499886036,297.8188782,0,180.3490295,2.883787155,9.999999747e-05,88225.5625,15.60937119,3.282063879
168.1999969,279.5904676,78.36734766,25.99462611,60.81884828,0.9049947717,143.0339289,6.492897034,297.9259033,0,180.9109039,0.8651361465,74.36403656,88253.3125,15.61009693,3.2576095
168.3999939,228.7558372,78.82115131,25.99676286,60.84197489,0.9059682804,140.5333742,6.484385014,297.8570862,0,184.2742462,0.2595408559,9.999999747e-05,88291.69531,15.6171236,3.187601912
168.6000061,228.7558372,78.66380108,26.07246569,60.8011536,0.9049733048,142.2724879,6.474966526,297.9692383,0,191.0458832,0.07786225528,76.24187469,88331.71094,15.62134647,3.116554685
168.8000031,228.7558372,76.68043353,25.58993103,60.96393584,0.9027841823,149.740436,6.46784544,297.864502,0,201.5828705,33.927742,7.624187946,88374.78125,15.65171432,2.987399576
169,228.7558372,77.31936562,25.67199999,60.86776143,0.9034058593,151.5604377,6.460918427,298.0640869,0,214.957901,10.17832279,120.4803009,88421.04688,15.67603016,2.967974062
169.1999969,279.5904676,77.25159297,25.55943117,60.90771507,0.9036634575,151.6395203,6.45757103,297.9037781,0,225,74.73072815,12.0480299,88458.92188,15.69653416,3.015675414
169.3999939,228.7558372,79.4031407,26.11557466,60.80772677,0.9059783784,138.3659054,6.453905106,298.2509766,0,225,22.41921806,191.949646,88505.09375,15.6733427,3.12191317
169.6000061,228.7558372,77.6235726,25.57504347,60.84997839,0.9031019146,152.5083296,6.449024677,297.9987793,0,225,139.7890015,19.19496536,88553.51562,15.69056892,2.967337281
169.8000031,228.7558372,79.87938344,26.22214326,60.61736753,0.9048256482,138.3659054,6.450665951,297.8448792,0,225,59.59798431,1.919496536,88599.98438,15.65491962,3.27783505
170,228.7558372,77.49009344,25.65199648,60.84031294,0.9038409863,152.4710546,6.449085236,297.9227905,0,225,17.87939644,73.75702667,88648.52344,15.69524384,3.06154614
170.1999969,228.7558372,78.63568081,26.14467264,60.87897566,0.9050652232,139.934446,6.444246769,297.8458252,0,225,5.363818645,9.999999747e-05,88694.78125,15.67178917,3.071543321
170.3999939,228.7558372,78.83711333,26.13295965,60.77965806,0.905927981,142.3828597,6.443055153,297.9608765,0,225,1.609145641,78.76872253,88741.66406,15.68015671,3.156986092
170.6000061,228.7558372,78.80451621,26.1307703,60.80987954,0.905121799,143.0796893,6.442202568,297.855072,0,225,36.09412384,7.87687254,88788.6875,15.67481422,3.161930475
170.8000031,228.7558372,79.01530615,26.08647157,60.78704818,0.9062670932,140.9236948,6.440424919,298.0651855,0,225,10.82823658,125.5797272,88835.27344,15.68081379,3.138188653
171,228.7558372,78.68644846,26.05161767,60.90622389,0.9055970218,138.8192344,6.440782547,297.9050903,0,225,78.67572784,12.55797291,88881.38281,15.67454433,3.165197331
171.1999969,279.5904676,79.54243376,26.0993245,60.73383091,0.9065204329,138.6100515,6.445235729,298.2655029,0,225,23.60271835,198.2068176,88917.33594,15.67405987,3.309243543
171.3999939,279.5904676,78.9695026,26.09727734,60.73955677,0.904040236,138.8107911,6.450212955,298.0271606,0,225,145.5839844,19.82068062,88953.20312,15.65566254,3.295861347
171.6000061,228.7558372,80.75430372,26.02756909,60.5904147,0.9076397101,138.3659054,6.458632469,297.8646851,0,225,70.60913086,1.982068181,89000.07812,15.67343235,3.442645769
171.8000031,279.5904676,79.62773905,26.13192672,60.75045766,0.9066111891,138.3659054,6.466194153,297.9706116,0,225,21.18273926,86.83370972,89036.26562,15.67121792,3.409804294
172,279.5904676,79.00177708,26.33828491,60.78587515,0.9065396197,144.0726436,6.47129631,297.8447266,0,225,53.86902618,8.68337059,89073.46094,15.68006229,3.345734112
172.1999969,228.7558372,79.40385489,26.10667934,60.84957143,0.907549461,138.7847404,6.469268322,298.1011047,0,225,16.16070747,149.1645508,89119.85938,15.68464851,3.154964331
172.3999939,279.5904676,78.73014151,26.08192806,60.86571236,0.9051522419,138.3659054,6.468225002,297.9134216,0,225,99.7321167,14.91645527,89155.57031,15.66685677,3.154874748
172.6000061,228.7558372,79.62588465,26.06661904,60.92089161,0.9079352783,138.3659054,6.465964317,298.3514404,0,225,29.91963577,237.4410248,89201.85938,15.68727779,3.130968507
172.8000031,228.7558372,79.94188127,26.02980663,60.81167142,0.907120306,138.3659054,6.458529949,298.0439758,0,225,179.1944885,23.74410248,89248.03906,15.67818069,3.014861271
173,279.5904676,76.86855875,25.36691536,61.08618881,0.9054398293,148.583313,6.449281693,297.8424377,0,225,83.01423645,2.374410152,89285,15.71000385,2.817511709
173.1999969,279.5904676,79.46280598,26.34572978,60.74333197,0.9082001089,142.0557173,6.439177036,297.9628601,0,225,24.90427017,98.11763763,89321.42969,15.68875122,2.979820871
173.3999939,279.5904676,78.99712774,26.14556216,60.79139573,0.9056782,140.3409852,6.43007803,297.8148193,0,225,62.05011749,9.811763763,89357.35156,15.67022228,2.959107554
173.6000061,228.7558372,78.87589989,26.15224477,60.86054665,0.9057440214,138.3659054,6.419832706,298.1211548,0,225,18.61503601,173.5984955,89403.14844,15.66918087,2.891910268
173.8000031,228.7558372,78.86965526,26.01163205,60.94680955,0.9069018582,138.3659054,6.407387257,297.8891907,0,225,118.4613113,17.35984993,89448.80469,15.68165588,2.811587365
174,228.7558372,79.49835204,26.06237042,60.89915675,0.9078547238,138.3659054,6.392928123,298.423645,0,225,35.53839493,286.7861633,89494.46094,15.6863451,2.763138083
174.1999969,279.5904676,79.58033824,26.0124996,60.76645389,0.9054696383,140.4734536,6.38191843,298.0434875,0,225,217.5116272,28.67861748,89530.14062,15.66629791,2.841850726
174.3999939,228.7558372,80.45294458,25.89302175,60.58998516,0.9067479173,138.3659054,6.374969959,297.8197632,0,225,98.23031616,2.867861748,89576.23438,15.66699505,2.960034626
174.6000061,228.7558372,78.99544792,26.317817,60.81896019,0.9076175492,141.933514,6.36861515,297.9519958,0,225,29.46909332,106.3484573,89622.78125,15.68202591,2.953947117
174.8000031,228.7558372,79.08915445,26.04506345,60.77234008,0.9060273725,141.6376332,6.361014366,297.7923279,0,225,70.01154327,10.63484573,89669.17969,15.67190647,2.895262293
175,279.5904676,77.10814831,25.78377197,60.87037786,0.905379255,154.230893,6.356621265,298.138092,0,225,21.00346375,192.513031,89707.21875,15.70252323,2.880455421
175.1999969,228.7558372,76.83355676,25.52277455,61.07136302,0.9041998482,149.3157711,6.352532864,297.8953857,0,225,133.7023468,19.25130272,89754.52344,15.69332123,2.826004227
175.3999939,279.5904676,78.83867175,26.36668575,60.7707699,0.9057450371,140.3873932,6.34446907,298.4839783,0,225,40.11070633,313.8735352,89790.04688,15.6658411,2.876168391
175.6000061,279.5904676,78.3580202,26.21304346,60.82680869,0.904974026,144.1076801,6.334928513,298.067627,0,225,241.0751801,31.3873558,89826.08594,15.67018986,2.792103899
175.8000031,228.7558372,77.13424626,25.3879308,60.84398157,0.9036120663,149.99923,6.328647614,297.8205261,0,225,111.1619568,3.138735533,89873.50781,15.68773937,2.755549801
176,228.7558372,78.93929945,26.0069427,60.82917566,0.9059647285,138.3659054,6.320939064,297.9692383,0,225,33.34858704,117.0893402,89919.10938,15.66978264,2.837691328
176.1999969,279.5904676,78.4332407,26.23339372,60.89726942,0.9070266614,144.6596019,6.311846256,297.7919006,0,225,79.77972412,11.70893383,89955.4375,15.68768024,2.815596625
176.3999939,279.5904676,78.47639701,26.22812613,60.87466556,0.9066874393,142.8087323,6.303216457,298.1742554,0,225,23.933918,211.7914124,89991.36719,15.68229008,2.810508177
176.6000061,228.7558372,78.43019314,25.95656769,60.94810181,0.9053193285,139.8400317,6.295286179,297.899292,0,225,149.3799591,21.179142,90037.03906,15.67109108,2.772009684
176.8000031,228.7558372,78.20258604,26.29667328,60.86737034,0.9064954487,143.1132717,6.286403656,298.5526428,0,225,44.81399155,347.6070862,90083.28125,15.6819706,2.742209469
177,279.5904676,78.44272037,25.80996378,60.99757387,0.9057700007,142.9977107,6.281045437,298.1070557,0,225,268.5045471,34.76070786,90119.10156,15.68298531,2.813193164
177.1999969,228.7558372,79.62028529,25.83870918,60.611947,0.9067736688,139.4285817,6.277495861,297.8336792,0,225,130.5984192,3.476070642,90165.15625,15.6731987,2.917696682
177.3999939,279.5904676,77.58806484,25.51335435,60.85381989,0.9045801835,149.4394828,6.275806904,298.0145264,0,225,39.17952728,134.4672699,90202.32812,15.6898489,2.888324857
177.6000061,228.7558372,78.52937302,26.00545799,60.79030741,0.9045171381,141.3954069,6.273566723,297.8211975,0,225,97.38469696,13.4467268,90248.61719,15.66226768,2.925756078
177.8000031,228.7558372,78.9107608,26.09933087,60.76023544,0.9045743658,142.9596001,6.27053833,298.2512817,0,225,29.21541023,236.3581085,90295.26562,15.66294956,2.912299571
178,279.5904676,76.77871917,25.82961484,61.01501422,0.9037870382,154.5070673,6.264277458,297.9431152,0,225,172.3400269,23.63581085,90333.125,15.69343185,2.724272243
178.1999969,228.7558372,79.29803696,25.874516,60.77794579,0.9063365771,141.402228,6.258187771,298.6642456,0,225,51.70201111,383.6855774,90379.27344,15.68062496,2.77902639
178.3999939,279.5904676,76.72498237,25.35083398,61.21727873,0.9040014661,150.972033,6.254047871,298.171936,0,225,300.6650085,38.36855698,90416.20312,15.70173168,2.703944645
178.6000061,228.7558372,78.53271371,25.65221741,60.60234219,0.905228777,145.7010663,6.246905804,297.8549194,0,225,150.3230286,3.836855888,90463.05469,15.68212223,2.712981985
178.8000031,228.7558372,79.17912421,25.87307671,60.7305916,0.9063748908,139.7395343,6.240598202,298.0603027,0,225,45.09690857,151.3735504,90508.92969,15.67714024,2.779384864
179,279.5904676,77.26919781,25.68007749,60.83478254,0.9030834571,150.1324147,6.233512878,297.8330688,0,225,112.8973465,15.13735485,90545.9375,15.67954922,2.683431055
179.1999969,228.7558372,77.2044509,25.71321619,60.88026,0.905748734,152.1552542,6.228483677,298.3187256,0,225,33.86920547,265.8073425,90593.78125,15.70680141,2.710751359
179.3999939,228.7558372,78.14303748,26.08463436,60.9144588,0.9058411719,146.6913421,6.222221375,297.9740295,0,225,196.8597412,26.58073425,90640.71875,15.68845367,2.727674518
179.6000061,228.7558372,78.18433534,25.97932512,60.87801771,0.9052282058,140.3398354,6.215355396,297.7652893,0,225,86.24929047,2.658073425,90686.41406,15.67388153,2.716347373
179.8000031,228.7558372,78.38316468,26.1177452,60.78436943,0.9062713806,144.5338805,6.210279942,297.9081421,0,225,25.87478828,109.6335449,90733.125,15.68470097,2.789830132
180,228.7558372,77.74165005,26.00095278,60.95586112,0.9051653317,142.9694547,6.208317757,297.8278198,0,225,7.76243639,9.999999747e-05,90779.42969,15.67945671,2.851351514
180.1999969,279.5904676,77.79170137,26.05501569,60.81509668,0.904546744,147.7526739,6.203477859,297.9911194,0,225,2.328730822,102.0020294,90816.17188,15.68041611,2.775993923
180.3999939,228.7558372,77.87186981,26.02651573,60.84235514,0.9039873095,147.7515545,6.200040817,297.8596802,0,225,52.81482315,10.20020294,90863.39844,15.67615032,2.79491766
180.6000061,228.7558372,77.88822035,26.04614273,60.85857205,0.9065049737,146.5423093,6.196401596,298.135376,0,225,15.84444618,161.134552,90910.35156,15.6962862,2.77977225
180.8000031,228.7558372,77.75324194,25.98530622,60.88077861,0.9044403161,145.6623368,6.194189072,297.9303284,0,225,106.6837006,16.11345673,90957.10938,15.67930603,2.809215554
181,279.5904676,78.13237666,25.9221103,60.91584928,0.9060538736,142.5536426,6.191783905,298.3824768,0,225,32.00510788,251.0597229,90992.82812,15.68901157,2.816003898
181.1999969,228.7558372,77.70059626,25.83976628,61.05941154,0.9059417505,143.5888031,6.187251568,298.0544739,0,225,186.923645,25.10597229,91038.94531,15.69476891,2.691241065
181.3999939,228.7558372,78.89962458,25.8118682,60.73903977,0.9058629974,140.5227794,6.182638168,297.8505554,0,225,84.70922089,2.510597229,91084.84375,15.67953873,2.743984066
181.6000061,228.7558372,77.04205153,25.8234888,60.89773524,0.9051689382,151.7413108,6.179597378,297.9564209,0,225,25.4127655,93.76088715,91132.64844,15.70251465,2.732816783
181.8000031,279.5904676,77.79976194,25.9742645,60.96060402,0.9059143321,143.7510879,6.17771101,297.8168335,0,225,57.86040115,9.376088142,91168.67188,15.69031048,2.828250538
182,228.7558372,77.98371776,26.03498635,60.76369939,0.9036683338,146.7990955,6.175832272,298.0940857,0,225,17.35811996,162.8395233,91215.77344,15.67327023,2.811574926
182.1999969,279.5904676,78.06051382,25.99240767,60.85943414,0.9057365242,144.6229266,6.174778461,297.89151,0,225,107.1913376,16.28395271,91252.03125,15.68819427,2.851088769
182.3999939,228.7558372,76.8285886,25.68653686,60.97700815,0.9047001177,150.7629347,6.174726963,298.3618164,0,225,32.15740204,258.9711914,91299.58594,15.70402336,2.780782457
182.6000061,228.7558372,77.77258784,25.8650735,61.00515768,0.9058672339,146.0992499,6.174772739,298.0467834,0,225,191.8566284,25.89711952,91346.42969,15.69877625,2.820982788
182.8000031,228.7558372,78.25972449,26.14851843,60.80334801,0.9048421075,146.9826112,6.174434185,297.8379211,0,225,93.21683502,2.589711905,91393.74219,15.68177795,2.866501177
183,228.7558372,77.03214402,25.66699562,60.93239442,0.9047006093,150.2801575,6.17495966,297.9772949,0,225,27.96504974,109.5397568,91441.35938,15.70295429,2.812042773
183.1999969,228.7558372,77.52841836,26.08796819,60.92161257,0.9057802688,146.54697,6.174937248,297.8225708,0,225,71.53820038,10.95397568,91488.40625,15.69634724,2.839528759
183.3999939,279.5904676,77.84301646,25.94458177,60.93767028,0.9057112573,142.7599414,6.171862125,298.1490784,0,225,21.46146011,188.2882996,91524.13281,15.69281197,2.742448855
183.6000061,228.7558372,77.83493821,25.94391595,60.87626596,0.9046568729,145.4568454,6.169271946,297.9138184,0,225,128.6200409,18.82883072,91570.82812,15.68705368,2.728369258
183.8000031,228.7558372,78.10665551,25.82975454,60.98387839,0.9070502891,142.4739787,6.166169643,298.4569702,0,225,38.58600998,298.0750732,91616.85938,15.70627308,2.69221167
184,279.5904676,77.67700161,25.79455388,61.03943988,0.9054669057,144.8262978,6.161271095,298.072113,0,225,224.5133362,29.80750847,91652.69531,15.69958782,2.617454898
184.1999969,228.7558372,78.07299844,25.7522424,60.83162408,0.906102204,142.9140195,6.157076836,297.8364868,0,225,104.794136,2.980750799,91698.8125,15.6970911,2.652898235
184.3999939,228.7558372,78.04313303,25.95316718,60.89228163,0.9058813265,143.4167537,6.15007019,297.9701843,0,225,31.43824005,111.9644852,91744.9375,15.69474602,2.563939193
184.6000061,228.7558372,77.84532072,25.94379127,60.93683406,0.9058869471,145.7066838,6.14252758,297.8007202,0,225,73.20066071,11.19644833,91791.4375,15.69991493,2.527930101
184.8000031,279.5904676,76.71402572,25.79414433,60.98990399,0.9056122665,151.4100737,6.135576725,298.1435547,0,225,21.96019936,197.3250427,91828.32031,15.71613216,2.502438766
185,228.7558372,77.93223421,26.03709239,60.84923466,0.9046584727,147.230181,6.128053665,297.8851013,0,225,134.0371857,19.73250389,91875.05469,15.6901083,2.511588258
185.1999969,279.5904676,77.80392628,25.93943799,60.90084187,0.9049882065,147.3786106,6.121936321,298.4703369,0,225,40.21115494,320.2615662,91911.30469,15.69760418,2.553037796
185.3999939,279.5904676,77.35951926,25.87712972,61.05060883,0.9041176906,147.0037799,6.113862038,298.0425415,0,225,239.7492218,32.02615738,91947.20312,15.69426823,2.440199147
185.6000061,228.7558372,77.93776631,25.64984858,60.84447546,0.9055787746,142.7053139,6.104886532,297.7927246,0,225,105.4043579,3.202615738,91992.8125,15.6979351,2.401407134
185.8000031,228.7558372,76.92929308,25.8200007,60.89583368,0.9039552919,153.2027035,6.097226143,297.9310608,0,225,31.62130737,114.8446732,92040.42188,15.70355034,2.432784111
186,228.7558372,77.25401284,25.87815208,60.99634541,0.9060515423,146.9390622,6.089797497,297.8466797,0,225,9.486392021,9.999999747e-05,92086.82031,15.7100687,2.448303336
186.1999969,228.7558372,77.10771481,26.02839213,60.91804879,0.9041537406,149.9724301,6.083191395,298.0012207,0,225,2.845917702,100.0421143,92133.83594,15.69696236,2.481227679
186.3999939,228.7558372,76.57796662,25.77664207,61.0124943,0.9048310678,151.9691381,6.076493263,297.8664856,0,225,51.04639435,10.00421143,92181.04688,15.71412086,2.430383272
186.6000061,279.5904676,76.75155768,25.75596215,60.99980905,0.9053854761,151.1580276,6.073037624,298.1278687,0,225,15.31391907,156.8063507,92217.84375,15.71764565,2.58279941
186.8000031,279.5904676,76.35496758,25.71970614,61.08229451,0.9044965368,151.0890172,6.068655968,297.9220886,0,225,101.4959183,15.68063545,92254.46094,15.71393585,2.521445824
187,279.5904676,77.47702717,25.84764378,60.93341539,0.9059436561,145.8482992,6.060772419,298.3488464,0,225,30.44877625,244.1635437,92290.0625,15.71142864,2.395948766
187.1999969,279.5904676,77.33261536,25.92737161,61.00269351,0.9047078609,147.8416378,6.055088043,298.0259705,0,225,176.3014984,24.41635323,92326.14844,15.70308018,2.484232449
187.3999939,228.7558372,77.43832149,25.8290633,60.9222655,0.9055355076,145.7342597,6.04886055,297.8329468,0,225,74.78934479,2.44163537,92372.32031,15.70681286,2.452703359
187.6000061,228.7558372,77.2257672,25.8564517,61.01264387,0.9062777534,147.3752689,6.043287277,297.9203491,0,225,22.43680382,85.38269043,92418.83594,15.71777725,2.475222709
187.8000031,228.7558372,77.129281,26.010268,60.88107246,0.9038332389,150.1900549,6.036801815,297.8409424,0,225,6.731040955,9.999999747e-05,92465.88281,15.69885731,2.435002405
188,228.7558372,76.40469467,25.81330373,61.04316545,0.9054479365,151.3442661,6.030326843,297.9604797,0,225,2.019312382,84.21880341,92512.92969,15.72389889,2.384090817
188.1999969,279.5904676,76.90807881,26.04359196,60.93788593,0.9044134618,152.1840787,6.023168564,297.8440857,0,225,37.89149857,8.421879768,92549.85156,15.70988655,2.398414595
188.3999939,279.5904676,76.64037069,25.8631856,60.95203554,0.9043696013,152.9873406,6.016564846,298.0584412,0,225,11.36744976,133.8729248,92586.82812,15.71661282,2.389369874
188.6000061,228.7558372,76.52843873,25.92730188,60.93605844,0.9035953899,154.7551512,6.008914948,297.8750305,0,225,80.34052277,13.38729191,92634.5,15.71295643,2.309081528
188.8000031,228.7558372,76.47956879,25.81504959,61.01649877,0.9051175173,152.0553643,6.002639771,298.2451477,0,225,24.10215759,213.9404907,92681.60938,15.72627258,2.350078225
189,279.5904676,76.57713444,25.95054502,60.99015486,0.9034643016,151.2408298,5.997516155,297.9647217,0,225,148.486145,21.39404869,92718.21094,15.70772743,2.434015723
189.1999969,228.7558372,76.96372368,25.91241127,60.99395566,0.905704096,147.4535338,5.991603851,297.7998047,0,225,58.15514755,2.139404774,92764.60156,15.71969414,2.3976015
189.3999939,228.7558372,77.11090735,25.96562509,60.91901602,0.9042039902,151.1601546,5.987093925,297.8780518,0,225,17.44654465,77.56568146,92811.89844,15.71131516,2.476668609
189.6000061,279.5904676,76.81880121,25.97720926,60.97760227,0.9040979853,151.260401,5.982204914,297.8016968,0,225,5.23396349,9.999999747e-05,92848.67969,15.71310902,2.462985663
189.8000031,279.5904676,76.70662778,25.95118215,60.99866284,0.9055700818,150.537069,5.977463722,297.9288635,0,225,1.570188999,87.36912537,92885.27344,15.72647667,2.454992325
190,228.7558372,76.79656736,25.93954112,60.98106044,0.9056912111,150.8828156,5.973580837,297.8606262,0,225,0.4710566998,9.999999747e-05,92932.42969,15.7281189,2.473474085
190.1999969,228.7558372,76.52323441,25.85908717,61.00393045,0.9053278041,152.2219912,5.971442699,297.9743958,0,225,0.1413170099,80.62268829,92979.88281,15.73123169,2.542577053
190.3999939,279.5904676,76.79249943,25.95673225,60.94458007,0.904443757,150.2793609,5.968809128,297.8672791,0,225,34.68312073,8.062269211,93016.5625,15.71784592,2.548547417
190.6000061,228.7558372,76.79506854,25.88118746,61.0170952,0.9058724783,149.8860119,5.966182709,298.0559082,0,225,10.40493584,121.8154984,93063.55469,15.73291111,2.512624112
190.8000031,279.5904676,76.74086088,25.92788431,61.00880648,0.9058574101,150.7571158,5.964484215,297.8989258,0,225,71.3143158,12.18155003,93100.35938,15.73365211,2.575958603
191,279.5904676,76.93700581,25.89816383,60.97825626,0.9052963665,148.9136594,5.96311903,298.2119446,0,225,21.39429474,185.7875366,93136.82031,15.72710323,2.58483847
191.1999969,279.5904676,76.7321176,25.89702812,60.99479367,0.9045682305,149.6638728,5.960757732,297.9741821,0,225,126.7702179,18.57875443,93173.30469,15.72357845,2.516737071
191.3999939,228.7558372,77.07732496,25.82529993,60.9989621,0.9059547503,147.5202359,5.957577705,297.8264771,0,225,50.34689331,1.857875466,93219.875,15.7319088,2.468410435
191.6000061,279.5904676,76.86465604,25.88192678,60.98509293,0.9057167977,149.3735883,5.955408096,297.8916626,0,225,15.1040678,69.92847443,93256.4375,15.7331953,2.537826069
191.8000031,279.5904676,76.77646236,25.95136574,60.96559537,0.905098723,150.5673883,5.953928947,297.8170471,0,225,4.531220436,9.999999747e-05,93293.28906,15.72925472,2.572643414
192,279.5904676,76.83156968,25.98054197,60.92831263,0.9042462119,152.3080774,5.95323801,297.9267883,0,225,1.359366059,79.81089783,93330.57031,15.72486591,2.611010256
192.1999969,279.5904676,76.7525369,25.91755527,61.0125199,0.9049638594,150.7062266,5.953735352,297.8587646,0,225,0.4078098238,9.999999747e-05,93367.55469,15.73138809,2.65718053
192.3999939,228.7558372,76.70120253,25.9190852,60.98667073,0.9049887527,150.8294516,5.953778267,297.9626465,0,225,0.1223429441,76.5001297,93414.94531,15.73316097,2.604364808
192.6000061,228.7558372,76.45890343,25.89551166,60.99567724,0.9052127406,152.354272,5.952744007,297.8623352,0,225,31.17518997,7.65001297,93462.50781,15.74006939,2.531978341
192.8000031,228.7558372,76.47774555,25.93532395,60.95889056,0.9041520653,154.224479,5.952748299,298.0367126,0,225,9.352557182,114.7765579,93510.51562,15.73464108,2.578189246
193,279.5904676,76.62972059,25.91689472,60.96344131,0.9047696854,150.2661651,5.951628685,297.8898926,0,225,65.10161591,11.47765541,93547.22656,15.73383236,2.537229458
193.1999969,228.7558372,76.78939979,25.88666192,60.99367935,0.9051790827,149.3499038,5.950652599,298.1801758,0,225,19.53048515,174.7545929,93594.1875,15.73778248,2.512931587
193.3999939,279.5904676,76.69600213,25.96750649,61.00594707,0.9051690443,150.746802,5.94966507,297.9630737,0,225,116.6465912,17.47545815,93630.96875,15.73908997,2.526929966
193.6000061,279.5904676,77.08707413,25.93519505,60.91076794,0.9041530555,151.3009451,5.947498798,297.8235779,0,225,46.32833862,1.747545838,93667.94531,15.72968006,2.485001233
193.8000031,228.7558372,76.45030485,25.85237684,61.00678898,0.9051699892,152.0638798,5.945314407,297.8884888,0,225,13.8985014,69.19241333,93715.32812,15.74596977,2.433505094
194,279.5904676,76.5541616,25.93046022,61.03603196,0.9054693492,150.6582334,5.943499088,297.8145142,0,225,4.169550419,9.999999747e-05,93752.04688,15.74514866,2.477415053
194.1999969,228.7558372,76.80838814,25.97397223,60.92441917,0.9042142757,152.3492433,5.940695763,297.9233398,0,225,1.250865102,79.68139648,93799.51562,15.73563385,2.407933311
194.3999939,279.5904676,76.55549705,25.9264942,61.01928624,0.9051380444,150.8775713,5.939147472,297.8554993,0,225,0.3752595484,9.999999747e-05,93836.25781,15.74432182,2.477005692
194.6000061,279.5904676,76.77579505,25.92208636,60.9836184,0.9051804682,150.8379854,5.937954903,297.9594421,0,225,0.112577863,76.83482361,93873.04688,15.74420738,2.496735518
194.8000031,228.7558372,76.42362726,25.84546698,61.01529224,0.9052544697,151.6949905,5.936906815,297.8594971,0,225,31.0582428,7.68348217,93920.33594,15.75007915,2.461992865
195,228.7558372,76.81917694,25.94291138,60.96683478,0.9049479194,152.1548329,5.936742306,298.0335999,0,225,9.317472458,115.1259918,93967.88281,15.74556541,2.518769557
195.1999969,228.7558372,76.71943121,25.90584149,61.00104186,0.9050847275,150.5782487,5.935407162,297.887207,0,225,64.86818695,11.51259899,94014.96875,15.74655247,2.444466111
195.3999939,228.7558372,76.74318842,25.87225621,61.02371097,0.9057488142,149.6086268,5.934043884,298.1758728,0,225,19.46045494,174.8824158,94061.82031,15.75318146,2.42680421
195.6000061,279.5904676,76.5655315,25.93481126,61.03602871,0.9051971547,150.5208522,5.932762623,297.9589844,0,225,115.9211502,17.4882431,94098.38281,15.74982643,2.441796512
195.8000031,279.5904676,76.84978053,25.82086143,61.01022385,0.9056715632,148.3466998,5.93124485,297.8220825,0,225,45.52994537,1.748824239,94134.60156,15.7508297,2.440452253
196,279.5904676,76.52696159,25.92553044,60.96847606,0.9045768488,154.1112378,5.930088043,297.884491,0,225,13.65898323,67.97401428,94171.98438,15.75082874,2.456160016
196.1999969,279.5904676,76.48618402,25.89537713,61.00034579,0.904870859,152.1817558,5.927773476,297.8106689,0,225,4.097694874,9.999999747e-05,94208.86719,15.75232983,2.383867831
196.3999939,228.7558372,76.72233752,25.97282073,60.93686914,0.9042726877,152.5155919,5.926914215,297.9189453,0,225,1.229308486,79.71328735,94256.41406,15.74558544,2.448247755
196.6000061,279.5904676,76.65205423,25.91505782,61.02383115,0.9051095896,150.4127469,5.926834583,297.8512573,0,225,0.3687925339,9.999999747e-05,94293.125,15.75212288,2.498779723
196.8000031,228.7558372,76.61793167,25.93664773,61.00739004,0.9054652931,151.499482,5.928058147,297.9559326,0,225,0.1106377617,77.50234222,94340.57031,15.75745964,2.53872961
197,228.7558372,76.54161215,25.91249962,60.97089734,0.9045031985,153.6224575,5.929679394,297.8592529,0,225,31.1536274,7.750234127,94388.46094,15.75396538,2.549063344
197.1999969,228.7558372,76.71574627,25.88734379,61.03502672,0.905731992,150.2945219,5.930722237,298.0312195,0,225,9.346088409,114.4797592,94435.65625,15.76124477,2.51230792
197.3999939,279.5904676,76.63840987,25.91386202,60.98799424,0.9049132226,150.6628657,5.929873466,297.8870544,0,225,64.12614441,11.44797611,94472.33594,15.75508308,2.42496722
197.6000061,279.5904676,76.94920241,25.96335677,60.93104665,0.9045739356,151.7802898,5.928835392,298.1703491,0,225,19.23784447,172.9544678,94509.28906,15.75283051,2.413165728
197.8000031,228.7558372,76.66222276,25.89773752,61.02497814,0.9049146371,150.0637545,5.926875591,297.9544373,0,225,113.8172379,17.2954464,94556.14062,15.7570219,2.31990906
198,279.5904676,76.48417624,25.76088588,61.04586097,0.9054972697,149.713128,5.925745964,297.8214417,0,225,43.59583664,1.72954464,94592.55469,15.76456451,2.380828094
198.1999969,228.7558372,76.67106659,25.93013931,61.01202138,0.9056373784,150.3464963,5.924723625,297.8783569,0,225,13.07875061,65.23074341,94639.625,15.76329994,2.383167446
198.3999939,279.5904676,76.68101184,25.90872793,61.00830919,0.9052107112,150.4854689,5.923192024,297.8051147,0,225,3.923625231,9.999999747e-05,94676.25,15.76083183,2.370874465
198.6000061,228.7558372,76.71980056,25.96271858,60.95740415,0.9046002462,152.2859525,5.921259403,297.911377,0,225,1.177087545,79.10247803,94723.64062,15.75814152,2.325698504
198.8000031,228.7558372,76.59720821,25.90198076,61.00050801,0.9049944564,150.7407085,5.920410633,297.8438416,0,225,0.3531262875,9.999999747e-05,94770.73438,15.76139927,2.369847652
199,279.5904676,76.4538129,25.86662697,61.02050779,0.9051249429,152.0799868,5.9198699,297.9498596,0,225,0.1059378833,78.42044067,94807.63281,15.76716328,2.394430964
199.1999969,279.5904676,76.69676231,25.91328493,61.01315687,0.9051363522,150.9522007,5.919260025,297.8825378,0,225,0.03178136423,9.999999747e-05,94844.35156,15.76392174,2.394081937
199.3999939,228.7558372,76.53391547,25.94333338,60.96511144,0.9044075889,153.9242125,5.916888714,297.9700928,0,225,0.00953440927,70.2328186,94891.92188,15.76399994,2.266989401
199.6000061,228.7558372,76.41984314,25.89149913,61.02037185,0.9051461665,152.2932731,5.914757729,297.8753357,0,225,26.31807899,7.023282051,94939.125,15.77018452,2.266159019
199.8000031,228.7558372,76.58018805,25.94005728,61.0067834,0.9053474031,151.1101391,5.913193226,298.0189514,0,225,7.895423889,101.5688477,94986.15625,15.76935387,2.299190004
200,228.7558372,76.34441947,25.85696359,61.04881444,0.9053999607,152.4353104,5.913609982,297.8918457,0,225,53.48376083,10.15688515,95033.52344,15.7748518,2.38969355
200.1999969,228.7558372,76.8121465,25.97238283,60.94467964,0.9048044562,152.6488494,5.91524744,298.1278992,0,225,16.04512787,149.1517334,95081.14062,15.76623726,2.463843056
200.3999939,228.7558372,76.35345807,25.84868042,61.05713828,0.9053185199,152.3599911,5.917395592,297.95401,0,225,94.37611389,14.91517353,95128.58594,15.77637577,2.460495246
200.6000061,228.7558372,76.61265872,25.83660347,61.06312863,0.9057786308,149.0148237,5.918776035,297.8344116,0,225,37.41013336,1.491517305,95175.42188,15.77458954,2.434815289
200.8000031,279.5904676,76.59802047,25.90953526,61.02694154,0.9055704542,150.673664,5.919781685,297.8891907,0,225,11.22304058,62.93677521,95212.16406,15.77476978,2.436699661
201,228.7558372,76.59199415,25.88249468,61.04115392,0.9057101305,150.5806487,5.919939518,297.8171387,0,225,3.366912127,9.999999747e-05,95259.25781,15.77732563,2.363949506
201.1999969,228.7558372,76.72150048,25.96653944,60.97870422,0.9049568792,152.3936905,5.919990063,297.9142761,0,225,1.010073662,75.25547028,95306.75,15.77232456,2.359720666
201.3999939,279.5904676,76.48419368,25.85133451,61.01363158,0.9051073434,151.8980679,5.919539452,297.8468933,0,225,0.3030220866,9.999999747e-05,95343.59375,15.77717495,2.332241482
201.6000061,228.7558372,76.42736107,25.89838752,61.01453207,0.905150784,152.4065918,5.918716908,297.9454041,0,225,0.09090662748,75.41964722,95390.91406,15.77913189,2.285169776
201.8000031,279.5904676,76.62370785,25.89389862,61.04053892,0.905361253,150.9375379,5.918424129,297.8782349,0,225,0.02727198787,9.999999747e-05,95427.58594,15.7783432,2.333017284
202,228.7558372,76.603381,25.92003601,60.99820306,0.9051197983,151.1212725,5.917634487,297.962738,0,225,0.008181596175,69.17089844,95474.67969,15.77694035,2.28145434
202.1999969,228.7558372,76.68789646,25.96304405,60.98078889,0.9045978845,152.5683653,5.916741371,297.8711853,0,225,25.09920502,6.917089939,95522.08594,15.77406311,2.27611831
202.3999939,279.5904676,76.67309861,25.96451322,60.96504708,0.9044402978,152.5705416,5.914758682,298.009491,0,225,7.529761314,99.44947815,95558.94531,15.77430916,2.22929834
202.6000061,228.7558372,76.70344985,25.91287851,61.03077363,0.9059063033,150.9511665,5.912041664,297.8798828,0,225,51.10486984,9.944948196,95605.83594,15.78612614,2.157593011
202.8000031,228.7558372,76.66453646,25.86990775,61.01650265,0.905629796,149.8867598,5.909146786,298.1116333,0,225,15.33146095,148.5965271,95652.42188,15.78440666,2.132316163
203,279.5904676,76.61460521,25.88074625,61.0546648,0.9055132993,150.6109761,5.905758858,297.9221497,0,225,91.75083923,14.85965157,95688.65625,15.7850523,2.116440864
203.1999969,228.7558372,76.67165478,25.85058653,61.0317256,0.9058795224,148.8898487,5.902890205,298.2915955,0,225,27.52525139,222.102829,95734.95312,15.78688049,2.111728225
203.3999939,228.7558372,76.75430512,25.89109024,61.00689799,0.905217403,149.8732724,5.901116848,298.0224304,0,225,153.4892578,22.21028328,95781.52344,15.78048229,2.17202073
203.6000061,228.7558372,76.6281856,25.8243661,61.05859792,0.9059540362,148.9950164,5.901103973,297.8542175,0,225,68.79279327,2.221028328,95828.10156,15.78686142,2.27938029
203.8000031,279.5904676,76.6843576,25.87136629,61.03002766,0.9058180537,149.589498,5.902283192,297.9338379,0,225,20.63783836,81.11831665,95864.51562,15.78560638,2.368243229
204,228.7558372,76.64956183,25.94537854,60.98092855,0.9047901139,152.6355209,5.903345108,297.8575439,0,225,6.191351414,9.999999747e-05,95911.97656,15.78069496,2.339607608
204.1999969,228.7558372,76.53041611,25.92744616,60.97616806,0.9044732804,153.6765254,5.904555798,297.9568481,0,225,1.857405424,77.46045685,95959.625,15.78195381,2.335097359
204.3999939,228.7558372,76.56867404,25.89800596,61.01917745,0.9051635418,150.7998528,5.90677166,297.8613586,0,225,31.33999062,7.746045589,96006.77344,15.78450966,2.376869621
204.6000061,228.7558372,76.61686853,25.90402936,61.02618307,0.9056989647,150.6334046,5.909491062,298.0259094,0,225,9.401996613,112.5278854,96053.92969,15.78989315,2.392510384
204.8000031,279.5904676,76.56423084,25.87633992,61.04960735,0.9055728552,150.7527197,5.911229134,297.8924255,0,225,61.68610764,11.25278854,96090.59375,15.79066563,2.355129203
205,228.7558372,76.52993432,25.88333888,60.99333132,0.9045650006,153.6254035,5.911663532,298.1536865,0,225,18.50583267,164.3889618,96138.14062,15.78849602,2.253592926
205.1999969,228.7558372,76.71567959,25.90916912,61.0407138,0.9055987901,150.7638028,5.911863327,297.9598083,0,225,105.610672,16.43889618,96185.125,15.79218578,2.237579545
205.3999939,228.7558372,76.73533353,25.82259461,61.06122647,0.9063404294,148.6005553,5.912219524,297.8319702,0,225,42.52394104,1.643889546,96231.73438,15.7967701,2.250513195
205.6000061,279.5904676,76.56090829,25.89030073,61.04486477,0.9058681006,150.3458901,5.911688805,297.8892822,0,225,12.75718307,66.00893402,96268.1875,15.79605389,2.222535328
205.8000031,228.7558372,76.59104034,25.90893349,61.018545,0.9055008481,150.5598716,5.910850525,297.8166504,0,225,3.827154875,9.999999747e-05,96315.10156,15.79299545,2.182018816
206,279.5904676,76.6368934,25.90502799,61.01282974,0.90533101,151.0556471,5.911304474,297.9150085,0,225,1.148146391,76.62255859,96351.78906,15.79248333,2.265641815
206.1999969,228.7558372,76.66081585,25.96230714,61.00216346,0.905020581,152.8223066,5.910565376,297.8477173,0,225,0.3444439471,9.999999747e-05,96399.17969,15.79245472,2.181557016
206.3999939,279.5904676,76.44663324,25.86531252,61.03833049,0.9053205949,151.9766462,5.909972191,297.9450073,0,225,0.1033331826,75.56538391,96435.88281,15.79777336,2.190027855
206.6000061,228.7558372,76.60699069,25.90434304,61.03193436,0.9056363181,151.1076558,5.909702301,297.8780212,0,225,0.03099995479,9.999999747e-05,96482.89062,15.79774284,2.186779205
206.8000031,228.7558372,76.57308727,25.89565445,61.03046443,0.9055033995,151.1640494,5.909193993,297.9603882,0,225,0.009299986064,68.83905029,96529.86719,15.79811478,2.167622327
207,228.7558372,76.35994345,25.86659047,61.04271428,0.9052504511,152.078797,5.907072067,297.8691101,0,225,24.35175896,6.883904457,96576.82812,15.80023289,2.067026292
207.1999969,228.7558372,76.58767927,25.87484515,61.03992276,0.9057258641,150.6878302,5.906281948,298.0040894,0,225,7.305527687,98.50221252,96623.64062,15.80117416,2.138270856
207.3999939,228.7558372,76.63551316,25.91942827,61.0376335,0.9057420213,151.010728,5.906301498,297.8825378,0,225,49.65279007,9.850221634,96670.59375,15.80057049,2.181846334
207.6000061,228.7558372,76.67236004,25.94225832,60.97929402,0.9047149935,152.3845203,5.907745361,298.1030579,0,225,14.89583683,143.3516541,96717.92969,15.79384422,2.246656971
207.8000031,279.5904676,76.50631316,25.85985595,61.07708365,0.9056644942,150.8028882,5.908606052,297.9352722,0,225,87.47755432,14.33516502,96754.38281,15.80311775,2.22271005
208,228.7558372,76.65716958,25.82916422,61.06202214,0.9062203697,149.0548596,5.909570694,298.2713013,0,225,26.24326706,205.8837891,96800.89844,15.80643845,2.193527561
208.1999969,228.7558372,76.59178227,25.85777772,61.065211,0.9057449945,150.5142034,5.910710335,298.0367737,0,225,140.9985352,20.58837891,96847.69531,15.80430031,2.191850771
208.3999939,228.7558372,76.78608187,25.78302653,61.05407766,0.9062685261,148.4565307,5.911925316,297.8740234,0,225,67.74869537,2.058837891,96894.20312,15.80557728,2.20971775
208.6000061,228.7558372,76.62878656,25.84445505,61.0569753,0.9059717391,149.7263658,5.912547588,297.9563904,0,225,20.32460785,83.15384674,96940.90625,15.80593395,2.17801898
208.8000031,279.5904676,76.503076,25.88536226,61.04032847,0.9055100834,150.4110103,5.913580894,297.8404236,0,225,45.24165344,8.315384865,96977.34375,15.80270386,2.214106476
209,228.7558372,76.5431658,25.90745657,60.97470606,0.904413416,153.4970913,5.915093422,298.0394592,0,225,13.57249546,132.5406494,97024.86719,15.79827499,2.209185925
209.1999969,228.7558372,76.58159695,25.96340771,61.02454537,0.9050002968,152.5474923,5.915866375,297.8858032,0,225,77.12960815,13.25406456,97072.15625,15.80183601,2.170178408
209.3999939,279.5904676,76.86210404,25.94391413,60.95098298,0.9047468077,152.3370032,5.9161129,298.203949,0,225,23.13888168,195.8359222,97108.95312,15.79959869,2.157071221
209.6000061,279.5904676,76.43894186,25.85512297,61.05413957,0.9052334478,150.1830804,5.915071964,297.973938,0,225,129.7757263,19.58359337,97145.0625,15.8055687,2.063873954
209.8000031,279.5904676,76.33307505,25.75833617,61.09693996,0.9061244689,150.3314301,5.91520977,297.8268433,0,225,55.6751976,1.958359241,97181.32031,15.81511402,2.128112159
210,279.5904676,76.69360027,25.95310104,60.9713498,0.9049520703,152.5613643,5.9152565,297.9008789,0,225,16.70255852,76.92080688,97218.17969,15.80270576,2.145763352
210.1999969,279.5904676,76.54404453,25.87439912,61.04322178,0.9056737595,150.5510125,5.91519928,297.8267212,0,225,5.010767937,9.999999747e-05,97254.55469,15.80893517,2.127351069
210.3999939,279.5904676,76.57288287,25.89091469,61.03556103,0.9056371178,151.0034907,5.915485859,297.9312134,0,225,1.503230333,80.43418884,97291.04688,15.80942535,2.139721718
210.6000061,279.5904676,76.54118514,25.92726194,60.9813597,0.9045194548,153.3956711,5.91649437,297.8638611,0,225,0.4509691,9.999999747e-05,97328.07812,15.80260658,2.170187535
210.8000031,228.7558372,76.59354647,25.90696406,61.0245621,0.9054868964,151.2924994,5.917901039,297.9562073,0,225,0.135290727,74.00326538,97375.13281,15.80897045,2.161772588
211,279.5904676,76.63269825,25.95109889,60.99059496,0.9047980401,152.778896,5.919933796,297.8658142,0,225,27.39787674,7.400326729,97412.125,15.80416393,2.209870624
211.1999969,279.5904676,76.61426594,25.96187959,60.98548316,0.9047648127,152.6437723,5.922179699,298.0114441,0,225,8.219363213,104.4399643,97449.09375,15.80464935,2.211023544
211.3999939,279.5904676,76.66923244,25.94941457,61.00079925,0.9049387859,152.4952829,5.924242973,297.8888855,0,225,54.10376358,10.44399643,97486.02344,15.80632114,2.196130601
211.6000061,279.5904676,76.56785636,25.8493556,61.05217681,0.9058614252,149.7959966,5.926568508,298.1186829,0,225,16.23112869,149.4992218,97522.35156,15.81408024,2.187887996
211.8000031,279.5904676,76.38933998,25.80473011,61.07558692,0.9055584387,151.4425787,5.928627968,297.949707,0,225,92.26738739,14.94992161,97558.92188,15.81609726,2.160103747
212,228.7558372,76.68831237,25.83100642,61.06422256,0.906491148,149.0132336,5.931757927,298.2920227,0,225,27.68021584,210.4804688,97605.53906,15.81934452,2.178238084
212.1999969,228.7558372,76.49236967,25.92131848,61.05719328,0.9049050792,152.788555,5.935037613,298.0644836,0,225,145.1672974,21.04804802,97652.89062,15.81111145,2.173680425
212.3999939,279.5904676,76.56051728,25.82142783,61.10082336,0.9064999326,148.3934263,5.937874794,297.8957214,0,225,75.04763794,2.104804754,97688.96094,15.819561,2.185347443
212.6000061,228.7558372,76.61563546,25.82516721,61.08369549,0.9064061243,148.9271098,5.940704346,297.9891357,0,225,22.51429176,89.65232849,97735.60156,15.81977272,2.16140855
212.8000031,279.5904676,76.45017794,25.89282579,61.0161366,0.9046759357,153.6730497,5.94354105,297.8679199,0,225,52.10459137,8.965232849,97772.75781,15.81157303,2.178148322
213,279.5904676,76.36035491,25.806352,61.05467411,0.9054715375,150.7248324,5.946388721,298.0744324,0,225,15.63137722,138.2425079,97809.25,15.81746769,2.16103863
213.1999969,279.5904676,76.55156982,25.84629668,61.08838576,0.9060859344,150.2572552,5.948804855,297.9182739,0,225,82.82724762,13.82425022,97845.64844,15.82059288,2.140869924
213.3999939,279.5904676,76.84997786,25.93423179,60.97111405,0.904760889,151.6448235,5.952246189,298.2369995,0,225,24.84817314,197.632019,97882.46094,15.80812263,2.180040725
213.6000061,228.7558372,76.34351758,25.83479707,61.08568232,0.9050809691,153.9102562,5.956156254,298.0272522,0,225,132.9094238,19.76320267,97930.02344,15.8200922,2.149843397
213.8000031,279.5904676,76.70909012,25.75743765,61.06273298,0.9064136094,147.3046072,5.959289074,297.8705444,0,225,67.04570007,1.976320267,97965.89844,15.82019806,2.155653474
214,228.7558372,76.77514838,25.93307307,60.99258723,0.9048867967,151.8696027,5.963619709,297.9635925,0,225,20.1137104,87.51932526,98013.28906,15.81027699,2.186111346
214.1999969,279.5904676,76.52281309,25.85772439,61.07618865,0.9059992515,149.7057386,5.969510078,297.8522339,0,225,48.54000473,8.751932144,98049.82812,15.81949902,2.249145501
214.3999939,279.5904676,76.71416804,25.96432055,60.99659536,0.9050724288,152.1343831,5.974712849,298.0534363,0,225,14.56200123,134.7695007,98086.875,15.81298828,2.222284014
214.6000061,279.5904676,76.49395528,25.85243023,61.08281084,0.9059104515,149.8245554,5.979228497,297.9073486,0,225,79.27013397,13.47695065,98123.29688,15.82097626,2.177197015
214.8000031,228.7558372,76.53722787,25.86175822,61.07491744,0.9066644643,149.0179153,5.98358202,298.215332,0,225,23.78104019,191.9270477,98169.9375,15.82710648,2.134906696
215,228.7558372,76.23721846,25.74433943,61.12108621,0.9059209011,151.1949501,5.988559723,298.015686,0,225,127.6584702,19.19270515,98216.92969,15.82816219,2.133030308
215.1999969,228.7558372,76.58323757,25.80230181,61.11171651,0.9073457453,148.0427771,5.993052006,297.865387,0,225,64.54576111,1.919270515,98263.42188,15.83209038,2.136009463
215.3999939,228.7558372,76.82882765,25.84314901,61.06304126,0.9064692153,148.4375037,5.996892929,297.9568176,0,225,19.36372948,86.64538574,98310.03125,15.82362938,2.116431508
215.6000061,279.5904676,76.42402369,25.79076635,61.10317031,0.906076831,150.8888349,6.001327038,297.8447266,0,225,46.98764801,8.664538383,98346.64062,15.82741356,2.14192886
215.8000031,279.5904676,76.65728551,25.84683579,61.04913513,0.9060751905,148.7002402,6.006260872,298.0451965,0,225,14.09629345,134.52771,98382.86719,15.82165241,2.156485626
216,228.7558372,76.47934445,25.79359369,61.09457443,0.9061842206,151.7292252,6.010425091,297.8994751,0,225,78.27442932,13.45277023,98430.02344,15.83008289,2.093190312
216.1999969,228.7558372,76.39909495,25.71091144,61.12149183,0.9064007236,149.7275013,6.015087128,298.2075195,0,225,23.48232841,192.2080994,98476.71094,15.83243942,2.08955191
216.3999939,228.7558372,76.62407538,25.79834797,61.0978068,0.9062133647,149.1077826,6.019191265,298.0049438,0,225,127.0786057,19.22080994,98523.27344,15.8266468,2.069012171
216.6000061,279.5904676,76.90462005,25.90294523,60.97981699,0.9047295619,150.4159488,6.024688721,297.8588257,0,225,62.66401291,1.922080994,98559.9375,15.81013584,2.158721723
216.8000031,279.5904676,76.8984938,25.81644997,61.06563026,0.9066124075,148.1746886,6.029967785,297.9459229,0,225,18.79920387,84.09116364,98596.11719,15.82574463,2.14479138
217,228.7558372,76.67258011,25.868172,61.08714546,0.9065231714,149.5558531,6.035208702,297.8718262,0,225,5.639760971,9.999999747e-05,98642.9375,15.82772636,2.111598421
217.1999969,228.7558372,76.64828341,25.89373421,61.06360324,0.9061414953,150.0658641,6.039908886,297.9627686,0,225,1.691928387,75.27495575,98689.82812,15.82566547,2.087606813
217.3999939,228.7558372,76.47317803,25.88601729,61.02439805,0.9049554285,154.0708299,6.044604778,297.8730164,0,225,28.81905937,7.527495861,98737.47656,15.82280445,2.076846547
217.6000061,228.7558372,76.90626443,25.87190627,61.03521137,0.9061592347,148.7475598,6.050652027,298.0150757,0,225,8.645717621,103.8786087,98784.20312,15.82286739,2.11831038
217.8000031,228.7558372,76.79502941,25.90355599,61.0731113,0.9066150512,149.858572,6.057664871,297.901062,0,225,53.5687027,10.38786125,98831.1875,15.82843208,2.138091088
218,279.5904676,76.68155626,25.84038101,61.08013409,0.906292093,147.9760777,6.063521385,298.1150513,0,225,16.07061005,143.0798645,98867.21094,15.82627964,2.109623421
218.1999969,228.7558372,76.08433156,25.81649693,61.11926704,0.9058740675,151.8698794,6.070618153,297.9648132,0,225,87.04715729,14.30798626,98914.35156,15.83232117,2.099287873
218.3999939,228.7558372,76.48584658,25.85855635,61.0417218,0.9051072083,153.7538476,6.078485489,297.8529358,0,225,37.9214592,1.43079865,98962.08594,15.82454205,2.136485837
218.6000061,279.5904676,76.7968812,25.86267758,61.08434821,0.9067757072,148.3779373,6.088487625,297.9068909,0,225,11.37643719,63.33530426,98998.50781,15.8284359,2.213173347
218.8000031,228.7558372,77.11833711,25.97164499,60.97857572,0.9055359826,150.8600012,6.098947048,297.8363953,0,225,3.412931204,9.999999747e-05,99045.98438,15.81650543,2.202806942
219,228.7558372,76.67908353,25.86209299,60.98380852,0.9046951247,153.466613,6.110489845,297.9185791,0,225,1.023879409,70.76301575,99093.91406,15.81873894,2.206480569
219.1999969,279.5904676,76.4804625,25.80801006,61.07925026,0.9059364128,151.7782896,6.122983456,297.8518982,0,225,0.3071638048,9.999999747e-05,99131.03906,15.8299551,2.233420757
219.3999939,228.7558372,76.89296912,25.9733211,61.0319266,0.9062126834,149.3834201,6.134970665,297.9344482,0,225,0.0921491459,70.47885895,99178.20312,15.82324886,2.201677087
219.6000061,228.7558372,76.87725986,25.97461445,61.02528116,0.9055682877,151.4243209,6.146998405,297.8679504,0,225,0.02764474414,9.999999747e-05,99225.77344,15.82125282,2.192581739
219.8000031,228.7558372,77.08356977,25.99779232,60.98474002,0.9055013702,150.9056235,6.15783453,297.9429626,0,225,0.00829342287,67.02683258,99273.21875,15.81896973,2.163216223
220,228.7558372,76.59080967,25.81472701,61.0136139,0.9049395334,153.4406561,6.167899132,297.8764038,0,225,0.002488026861,9.999999747e-05,99320.97656,15.82565308,2.121028438
220.1999969,279.5904676,76.97217138,25.87054624,61.04608312,0.906425265,148.3847274,6.179106236,297.9437561,0,225,0.00074640807,63.4364357,99357.42188,15.82728386,2.168485755
220.3999939,228.7558372,77.03042086,25.87699756,61.08507286,0.90667742,148.1109903,6.191970348,297.8772888,0,225,0.0002239224268,9.999999747e-05,99404.32031,15.82814217,2.173000827
220.6000061,228.7558372,77.00575543,25.89660679,61.07100734,0.9067852212,148.569448,6.204493999,297.9400635,0,225,9.999999747e-05,61.31505203,99451.27344,15.82988644,2.159371487
220.8000031,228.7558372,76.47014619,25.74301893,61.10618199,0.9063129577,151.9017648,6.217123985,297.8735962,0,225,9.999999747e-05,9.999999747e-05,99498.73438,15.83777714,2.137467609
221,228.7558372,76.93328602,25.97178898,61.07478771,0.9068823554,148.7205132,6.227654457,297.9354553,0,225,9.999999747e-05,60.91641235,99545.60938,15.83147144,2.106858261
221.1999969,279.5904676,77.25378136,26.01508731,61.01135823,0.9060155196,149.6583522,6.236767769,297.8690796,0,225,9.999999747e-05,9.999999747e-05,99582.26562,15.82262421,2.102807914
221.3999939,228.7558372,76.29824596,25.78974402,61.08789719,0.9058969801,151.5205952,6.250051975,297.9322205,0,225,9.999999747e-05,61.57371902,99629.58594,15.83393764,2.126371622
221.6000061,228.7558372,77.07041457,25.91711739,61.09527894,0.9071902119,147.6087613,6.264211655,297.8658752,0,225,9.999999747e-05,9.999999747e-05,99676.35938,15.83122253,2.155153345
221.8000031,228.7558372,77.3438158,26.01678559,60.9731849,0.9054904644,149.3142843,6.277833462,297.9309387,0,225,9.999999747e-05,62.51580048,99723.53906,15.81497288,2.148755602
222,279.5904676,77.51862171,25.93006226,61.04318641,0.9071376726,146.5641791,6.290842056,297.8646545,0,225,9.999999747e-05,9.999999747e-05,99759.71875,15.82606792,2.154190459
222.1999969,279.5904676,77.36838955,25.95519852,61.00601277,0.9061391237,149.1021969,6.305733681,297.9311218,0,225,9.999999747e-05,63.23019409,99796.4375,15.82076645,2.176415211
222.3999939,279.5904676,76.67477512,25.77590541,61.05302486,0.9057113457,153.8420243,6.321621418,297.8647156,0,225,9.999999747e-05,9.999999747e-05,99833.9375,15.83242702,2.167660469
222.6000061,228.7558372,77.36903203,25.99994899,61.02606755,0.9064516954,149.1464968,6.34127903,297.9318542,0,225,9.999999747e-05,63.60484314,99881.25781,15.82127666,2.209830511
222.8000031,228.7558372,77.37146674,25.93217314,61.0922318,0.9074716826,146.9372665,6.359640598,297.8655396,0,225,9.999999747e-05,9.999999747e-05,99928.05469,15.82899284,2.187598303
223,228.7558372,76.56317206,25.75890993,61.0927177,0.9062854941,152.1708837,6.37771225,297.9324951,0,225,9.999999747e-05,63.57136536,99975.65625,15.83615208,2.159654371
223.1999969,279.5904676,77.74373224,25.91244473,61.04560238,0.9075128194,146.1326374,6.395729542,297.8662109,0,225,9.999999747e-05,9.999999747e-05,100011.9297,15.82577801,2.200811145
223.3999939,279.5904676,77.58641802,25.9131258,61.05981847,0.9073531405,146.3363981,6.413589954,297.9327393,0,225,9.999999747e-05,63.38311768,100048.1953,15.82588291,2.194316334
223.6000061,228.7558372,77.77661537,25.97093596,61.05293413,0.9077422774,146.5499745,6.429096222,297.8664551,0,225,9.999999747e-05,9.999999747e-05,100094.9297,15.82759571,2.1446433
223.8000031,279.5904676,77.64888812,25.93537034,61.04199453,0.9072640278,146.1997806,6.440882206,297.9326172,0,225,9.999999747e-05,63.2240715,100130.9922,15.82603359,2.108593117
224,228.7558372,76.71802867,25.65938859,61.12450337,0.9064726872,152.0988698,6.458106041,297.866272,0,225,9.999999747e-05,9.999999747e-05,100178.5703,15.83808422,2.134648764
224.1999969,228.7558372,76.61123946,25.74356777,61.09903757,0.9064364408,152.6446392,6.471142292,297.9321289,0,225,9.999999747e-05,63.18157196,100226.1172,15.83944511,2.077881806
224.3999939,228.7558372,77.68816643,26.02854765,61.0656661,0.9081633287,146.7923523,6.482953072,297.8659058,0,225,9.999999747e-05,9.999999747e-05,100272.7734,15.83234787,2.095017219
224.6000061,228.7558372,76.8029238,25.72973028,61.07705435,0.9061777962,152.2070368,6.495066643,297.9316101,0,225,9.999999747e-05,63.15398407,100320.25,15.83560276,2.071195829
224.8000031,279.5904676,77.89701956,26.05197865,61.03469213,0.9077567522,145.5427489,6.511401653,297.865387,0,225,9.999999747e-05,9.999999747e-05,100356.4297,15.82237148,2.183719879
225,228.7558372,77.73999092,26.03540818,61.00359284,0.9071224178,146.5771809,6.523964882,297.9311829,0,220.9444885,9.999999747e-05,63.21348953,100402.2969,15.81440067,2.128170842
225.1999969,279.5904676,76.82470819,25.65278877,61.11404384,0.9066244487,152.3259675,6.53617382,297.8648987,0,211.8896332,9.999999747e-05,9.999999747e-05,100436.7891,15.81921482,2.140218696
225.3999939,279.5904676,76.79589597,25.73842922,61.06650614,0.9061781115,153.7080431,6.545452595,297.9308167,0,197.9401703,9.999999747e-05,63.35638428,100468.7266,15.79434299,2.146114058
225.6000061,228.7558372,77.84356429,26.02266299,61.0626193,0.9078035012,145.0514954,6.550278187,297.864624,0,180.2877197,9.999999747e-05,9.999999747e-05,100506.0547,15.7549057,2.147527307
225.8000031,228.7558372,77.48070687,25.93274446,61.05230625,0.9069733529,147.2059678,6.531139851,297.9390564,0.5197722912,90.14385986,9.999999747e-05,63.40253067,100525.25,15.61996555,2.09951875
226,279.5904676,77.38525405,25.56508064,61.60087378,0.9110525874,145.183209,6.511203766,297.8828735,0,78.28614807,9.999999747e-05,9.999999747e-05,100531.0156,15.64717007,2.098469302
226.1999969,228.7558372,76.86544174,25.56594837,61.38930939,0.9094417857,149.6984305,6.491709709,297.9491577,0,74.3287735,9.999999747e-05,58.89142227,100547.2422,15.63382339,2.063814648
226.3999939,279.5904676,77.46687826,25.53580311,61.45265803,0.9085759251,146.6980342,6.475564003,297.8945007,0,78.16508484,9.999999747e-05,9.999999747e-05,100553.5078,15.62303162,2.128457083
226.6000061,228.7558372,77.39980385,25.50321193,61.42323149,0.9085777147,148.0290823,6.462641716,297.9503479,0,88.44998932,9.999999747e-05,54.05727005,100572.5938,15.64079189,2.094163751
226.8000031,279.5904676,77.0615773,25.47292112,61.5415318,0.9101157917,147.6564932,6.454547405,297.8841553,0,103.904007,15.71858406,5.405727386,100584.2969,15.68009949,2.10593865
227,228.7558372,77.20087105,25.49096936,61.47074411,0.9098473502,146.7614666,6.449927807,297.9663086,0,122.5902023,4.715575218,72.69882202,100610.0703,15.70292091,2.051647935
227.1999969,279.5904676,77.36334646,25.65672841,61.40846268,0.9104714446,146.0411877,6.451577663,297.8829346,0,143.1283264,29.2076931,7.269882679,100629.6406,15.73082352,2.105103756
227.3999939,279.5904676,77.38345817,25.59270069,61.30863849,0.909447031,145.2700562,6.455645561,298.0105896,0,162.9970245,8.762308121,98.16525269,100653.0156,15.75180244,2.060201718
227.6000061,228.7558372,77.43846403,25.62818947,61.30578295,0.9094022737,145.3092194,6.46309042,297.9074707,0,181.2508087,49.04056549,9.816525459,100690.5625,15.77708721,2.030012393
227.8000031,228.7558372,77.77376529,25.74965329,61.14112721,0.9090781961,143.8156036,6.475142002,298.0947876,0,196.5232544,14.71216965,130.3953094,100731.0625,15.78710079,2.057363851
228,228.7558372,77.4635575,25.97748474,61.06702216,0.9079377751,145.6250769,6.492416859,297.9721985,0,206.9707642,76.64099884,13.03953171,100774.1172,15.78976345,2.097512817
228.1999969,228.7558372,78.13859347,25.76183069,61.092916,0.9086472458,141.859547,6.50929594,297.8691101,0,210.5059814,36.49112701,1.303953171,100817.25,15.79445076,2.101467409
228.3999939,228.7558372,76.8730734,25.62585799,61.09484127,0.9062456648,152.863661,6.524201393,297.9217224,0,207.3075867,10.9473381,62.94906998,100861.5469,15.79797649,2.068727578
228.6000061,228.7558372,77.91227764,25.87534285,61.08402407,0.908027389,144.9401935,6.535915852,297.8520508,0,198.1520538,3.284201384,9.999999747e-05,100902.6172,15.77408218,2.080855463
228.8000031,228.7558372,77.60292251,25.9338276,61.05893228,0.907458771,146.7436281,6.545044422,297.9240417,0,184.315033,0.985260427,66.92881012,100941.1484,15.75037193,2.088426668
229,228.7558372,77.73587778,25.9782966,61.12415063,0.9082995675,145.448363,6.55053854,297.8577576,0,166.8247375,0.2955781221,9.999999747e-05,100975.875,15.72624302,2.099475506
229.1999969,279.5904676,77.58431093,25.96375662,61.10034556,0.9075076483,147.5170406,6.532657623,297.9424438,0.5196775198,83.41236877,0.0886734426,66.62657166,100983.5156,15.59670162,2.105358291
229.3999939,279.5904676,77.02438164,25.36075494,61.49350032,0.9089578241,148.4025057,6.512895107,297.8887634,0,70.94548035,0.02660203166,9.999999747e-05,100988.3828,15.61142921,2.060615319
229.6000061,279.5904676,77.44770374,25.5824336,61.48818224,0.9094756687,148.4873214,6.492830753,297.9594727,0,66.31504822,0.007980609313,59.55053329,100992.4609,15.60091019,2.051069915
