Time Step,Discharge rate,Sugar feed rate,Soil bean feed rate,Aeration rate,Back pressure,Water injection/dilution,pH,Temperature,Acid flow rate,Base flow rate,Cooling water,Heating water,Vessel Weight,Dissolved oxygen concentration,Yield Per Step
0,228.7558372,76.17273419,25.9530136,60.83410688,0.9039866351,152.3625581,6.30050087,297.7088928,0,92.41607666,9.999999747e-05,191.3187561,62131.5625,17.43105698,0.05845251332
0.200000003,228.7558372,76.35496084,26.01784895,60.67956967,0.9035872456,152.1757533,6.364931583,297.8847656,0,172.2156982,9.999999747e-05,58.22373962,62172.375,17.43209648,-2.832612477e-05
0.400000006,228.7558372,76.89202331,26.07883044,60.59534799,0.9013521632,150.6558413,6.435177803,297.8518982,0,225,9.999999747e-05,9.999999747e-05,62223.73047,17.39584732,-2.804030343e-05
0.6000000238,279.5904676,76.96163312,26.06065265,60.69734447,0.9022161057,151.4891134,6.503790855,298.1197815,0,225,9.999999747e-05,83.45249176,62263.77734,17.3958149,-2.719221322e-05
0.8000000119,228.7558372,76.51493783,25.90965076,60.84274919,0.9056950523,152.1658789,6.569415569,297.9989319,0,224.0033722,87.11213684,8.345249176,62314.00391,17.4192524,-2.766641254e-05
1,228.7558372,76.92365826,25.98849237,60.69512277,0.9031818796,151.2058212,6.615934849,297.9117737,0.5148105621,112.0016861,47.9067688,0.8345249295,62341.37891,17.3958683,-2.715547656e-05
1.200000048,228.7558372,76.81821588,26.04454235,60.72180031,0.9032928047,153.0837825,6.631271839,298.0889587,1.031895876,56.00084305,14.37203121,61.48902893,62357.73047,17.38796043,-2.708823257e-05
1.399999976,228.7558372,76.63958917,25.9132802,60.9056034,0.9053173172,152.6489791,6.623749256,297.9937744,1.552060008,28.00042152,72.84827423,6.148902893,62368.30469,17.40021324,-2.712261333e-05
1.600000024,279.5904676,76.56620812,25.97590672,60.89995385,0.9048111007,153.5869658,6.604328632,297.9242249,2.073646545,14.00021076,42.01054001,0.6148902774,62365.93359,17.38985062,-2.628166341e-05
1.799999952,228.7558372,76.5320069,25.97358466,60.9349255,0.9042550298,153.5161751,6.578804493,298.0866089,2.595661402,7.000105381,12.60316181,54.2300415,62372.55859,17.36829948,-2.711745588e-05
2,228.7558372,76.51345528,25.91097289,60.97026384,0.9052625867,152.9117256,6.551526546,297.9988708,3.117907763,3.500052691,66.30432129,5.42300415,62378.3125,17.35391808,-2.727333183e-05
2.200000048,228.7558372,76.53118526,25.89765147,60.98892882,0.9055739886,153.113675,6.524215698,297.9359436,3.640111685,1.750026345,38.06879807,0.5423004627,62383.82812,17.33969116,-2.720118941e-05
2.400000095,279.5904676,76.53478415,25.92037682,60.95231154,0.9051025982,153.0117501,6.500109196,298.0831299,0,0,11.42063904,47.82186508,62377.67969,17.31212807,-2.66932797e-05
2.599999905,279.5904676,76.352228,25.94324791,60.93611795,0.90509087,153.4314307,6.477368832,298.0022888,0,0.4680396616,60.26568222,4.782186508,62371.64844,17.30020905,-2.683859952e-05
2.799999952,228.7558372,76.44764082,25.97160005,60.90981704,0.9045919407,153.5461108,6.460433483,297.9482117,0,10.03803825,34.38757706,0.4782186449,62378.00781,17.27761459,-2.743791336e-05
3,228.7558372,76.58410679,25.99129765,60.87960338,0.903875213,153.4738253,6.452104092,298.079834,0,26.36745262,10.31627369,40.76085281,62387.68359,17.2566452,-2.755266396e-05
3.200000048,279.5904676,76.51949485,25.94092823,60.9352414,0.9050018443,153.1901182,6.453577518,298.0094604,0,46.01889038,54.18982315,4.076085091,62392.91406,17.25519562,-2.692335534e-05
3.400000095,228.7558372,76.55976889,25.96079632,60.84986326,0.9047674203,152.6182276,6.46483469,297.968811,0,65.07646179,31.92362785,0.4076085091,62412.45703,17.25197601,-2.741215716e-05
3.599999905,279.5904676,76.36691166,25.90971981,60.96393534,0.9059222676,153.4666368,6.482168198,297.9507446,0,79.63047028,18.77444267,0.0407608524,62424.64062,17.24692726,-2.656577655e-05
3.799999952,279.5904676,76.58345849,25.96941826,60.81740617,0.9043455194,152.6423479,6.501894474,297.9473267,0,87.26231384,11.67674541,0.004076085053,62437.03516,17.21971893,-2.641229907e-05
4,279.5904676,76.54595527,25.94449191,60.8786789,0.9047390316,153.227063,6.522770405,298.0281372,0,87.01534271,3.503023863,18.72234154,62449.55469,17.22238159,-2.635767796e-05
4.199999809,228.7558372,76.54345315,25.95998491,60.82560285,0.9046267064,152.538659,6.536768436,298.0089417,0,78.42182922,29.43771935,1.872234106,62470.52734,17.20350647,-2.697631636e-05
4.400000095,279.5904676,76.56798852,25.9462053,60.85292187,0.9051073574,152.6149086,6.543151379,297.9981689,0,64.25537872,23.2654953,0.1872234195,62478.22656,17.19810867,-2.618895581e-05
4.599999905,228.7558372,76.58699748,25.94931955,60.87025321,0.9050024029,152.7829667,6.538646698,297.9963684,0,47.53863907,20.02079391,0.01872234046,62492.95312,17.18358231,-2.68056317e-05
4.800000191,228.7558372,76.49567046,25.94945521,60.87889719,0.90480936,153.168466,6.524308205,297.9986572,0,32.63519287,19.41178322,0.001872234163,62504.62109,17.16142845,-2.681357377e-05
5,279.5904676,76.44053448,25.9493148,60.91136948,0.9048651242,153.1191268,6.505620003,298.0055847,0,23.46452332,20.08294868,0.0001872234134,62504.01953,17.15394783,-2.619156732e-05
5.199999809,279.5904676,76.62776277,25.96666201,60.8979918,0.9043664233,153.4126238,6.486972332,298.0158997,0,21.75184441,22.40142632,9.999999747e-05,62503.29297,17.14759445,-2.625954376e-05
5.400000095,228.7558372,76.40934306,25.97207168,60.89477657,0.9044792501,153.3888174,6.471315384,298.0241394,0,27.48430443,26.12516594,9.999999747e-05,62514.0625,17.12962532,-2.699619807e-05
5.599999905,228.7558372,76.41600297,25.94923451,60.92792364,0.9049973214,153.3163579,6.463318825,298.034729,0,39.46976089,29.48097992,9.999999747e-05,62527.36719,17.13071251,-2.704111433e-05
5.800000191,279.5904676,76.46193712,25.95032164,60.85786413,0.9047789661,153.0806497,6.463154316,298.0421448,0,54.63830566,33.97956467,9.999999747e-05,62533.28906,17.11006165,-2.637683764e-05
6,228.7558372,76.50295285,25.96586086,60.83702176,0.9042733252,152.7119643,6.469415665,298.0473938,0,69.87149048,37.76119232,9.999999747e-05,62552.66406,17.08745575,-2.700582381e-05
6.199999809,228.7558372,76.92077617,25.9687016,60.79278777,0.9042765603,153.2820849,6.481161594,298.0522461,0,82.60423279,41.09197617,9.999999747e-05,62574.875,17.07236671,-2.693721691e-05
6.400000095,279.5904676,76.66967323,25.97488207,60.77337043,0.9039072667,151.9072313,6.495873451,298.0565491,0,90.64100647,44.50822449,9.999999747e-05,62587.95312,17.05253792,-2.617983778e-05
6.599999905,228.7558372,76.80376662,26.06212783,60.68014538,0.9027704318,152.5025452,6.508183479,298.0572205,0,92.80095673,47.91612244,9.999999747e-05,62611.99219,17.01817894,-2.674800726e-05
6.800000191,279.5904676,76.68490845,25.97140039,60.74169171,0.903900553,152.1302179,6.518042564,298.0593567,0,90.0541687,50.23688889,9.999999747e-05,62624.91797,17.00997543,-2.59979413e-05
7,279.5904676,76.84855824,25.97299987,60.71786766,0.9036935184,152.350983,6.522473812,298.060791,0,83.36421204,53.11304474,9.999999747e-05,62636.52344,16.98618317,-2.592944455e-05
7.199999809,228.7558372,76.78070875,25.97222422,60.74299161,0.9041246159,152.6430602,6.518357754,298.0570679,0,74.91176605,55.81893539,9.999999747e-05,62656.73438,16.95706367,-2.655217575e-05
7.400000095,279.5904676,76.45743913,25.98234037,60.9085689,0.9039989016,152.9362304,6.510014534,298.0568848,0,68.11643982,56.799366,9.999999747e-05,62665.08984,16.93432999,-2.587756995e-05
7.599999905,279.5904676,76.71746879,25.96305911,60.7500941,0.9043116502,152.6534581,6.499205589,298.0592041,0,64.64472198,58.90726471,9.999999747e-05,62672.73438,16.91516685,-2.588561473e-05
7.800000191,279.5904676,76.63039705,25.94781941,60.79468807,0.9045421869,152.2842946,6.489207745,298.0662231,0,65.49118805,61.84410858,9.999999747e-05,62680.50391,16.90168571,-2.590588256e-05
8,228.7558372,76.66535947,25.95351535,60.79851086,0.9042322977,153.3106122,6.481235981,298.0744629,0,70.32620239,66.47138977,9.999999747e-05,62699.94141,16.88173103,-2.658936174e-05
8.199999809,228.7558372,76.8171963,25.97171046,60.7027912,0.904199375,152.4282664,6.477512836,298.0849609,0,78.34594727,71.74137878,9.999999747e-05,62720.94922,16.86565208,-2.660291095e-05
8.399999619,279.5904676,76.91129761,26.07535539,60.62420375,0.9015383644,152.9515853,6.477172852,298.0909729,0,87.847435,78.09505463,9.999999747e-05,62733.61719,16.8190155,-2.593433009e-05
8.600000381,228.7558372,76.75539779,25.98274109,60.66095555,0.9029435773,151.8408654,6.480904579,298.1002502,0,97.48747253,83.2742691,9.999999747e-05,62758.44922,16.81402779,-2.656420507e-05
8.800000191,228.7558372,77.13037031,26.0048548,60.53466812,0.9032167145,151.8020578,6.487080574,298.1080322,0,105.6322784,89.84389496,9.999999747e-05,62785.06641,16.79424667,-2.652337966e-05
9,279.5904676,77.35542987,26.03464169,60.50977272,0.9027821874,151.812907,6.496418476,298.1221313,0,111.3117142,96.2196579,9.999999747e-05,62802.58984,16.7756691,-2.581458817e-05
9.199999809,279.5904676,77.38869621,26.15480948,60.38442194,0.9009077091,152.6679968,6.504685879,298.131897,0,113.2535477,105.0755234,9.999999747e-05,62820.72656,16.73466682,-2.575850801e-05
9.399999619,279.5904676,76.8597299,25.89838407,60.77651978,0.9062708935,151.7002424,6.509747982,298.1357117,0,111.9019699,112.9170914,9.999999747e-05,62838.16797,16.75188637,-2.570203652e-05
9.600000381,279.5904676,77.07138612,26.01265984,60.58889985,0.9023829879,150.5907763,6.512187958,298.1427307,0,108.5326157,119.111412,9.999999747e-05,62854.80078,16.6931591,-2.565642825e-05
9.800000191,228.7558372,76.82176538,25.89454787,60.79869336,0.9066484921,151.3346135,6.511265278,298.1517944,0,104.1855774,126.5940933,9.999999747e-05,62880.23438,16.70323181,-2.628730957e-05
10,228.7558372,77.19235646,25.98713539,60.54510849,0.9033663553,151.7057038,6.506306648,298.1545105,0,100.2102356,135.0164642,9.999999747e-05,62905.01562,16.640625,-2.627785731e-05
10.19999981,228.7558372,77.5427626,26.03563467,60.5766053,0.902703128,152.9793074,6.500159264,298.1645508,0,98.2208252,141.5827484,9.999999747e-05,62929.80859,16.60822487,-2.628173173e-05
10.39999962,279.5904676,77.47499494,26.03690045,60.40294147,0.9031792088,151.300047,6.493460178,298.1734924,0,98.68134308,150.8207397,9.999999747e-05,62943.91797,16.57884789,-2.56394311e-05
10.60000038,228.7558372,76.8709033,25.89752217,60.73546928,0.9066375371,151.828364,6.486971378,298.1836853,0,101.8194962,159.9925079,9.999999747e-05,62969.03906,16.57797241,-2.630711814e-05
10.80000019,228.7558372,77.6458784,26.06402683,60.32627337,0.9028061274,151.0887904,6.48067522,298.1844788,0,107.5508652,169.9566193,9.999999747e-05,62995.375,16.50467491,-2.631405756e-05
11,228.7558372,77.76699592,26.07714525,60.28392812,0.9027896397,150.6752436,6.474615574,298.1741333,0,115.8005753,177.0422058,9.999999747e-05,63023.26953,16.46181488,-2.629938402e-05
11.19999981,228.7558372,77.50300288,26.05317188,60.31976312,0.9017763285,149.8884404,6.470051765,298.1635437,0,126.4741516,180.379303,9.999999747e-05,63053.07422,16.41352081,-2.626926968e-05
11.39999962,228.7558372,78.2163535,26.31099302,59.95706966,0.8984727506,151.4201756,6.468570232,298.1661682,0,138.9691162,183.3366699,9.999999747e-05,63086.03125,16.34941101,-2.624167135e-05
11.60000038,279.5904676,78.4840915,26.34145913,59.87118258,0.8981976801,151.1641125,6.469612598,298.1772156,0,152.0513611,190.4505768,9.999999747e-05,63111.31641,16.3116684,-2.556847177e-05
11.80000019,228.7558372,78.71077943,26.20862636,59.87630173,0.9003714321,149.965533,6.470761299,298.186615,0,164.7182159,200.4716797,9.999999747e-05,63149.40625,16.29112434,-2.619847878e-05
12,228.7558372,78.71930851,26.22361019,59.82575928,0.8999359502,149.4974787,6.471567154,298.1943359,0,176.9333191,210.2805176,9.999999747e-05,63189.90625,16.24644279,-2.617666238e-05
12.19999981,228.7558372,78.10754838,26.12717474,59.91832785,0.9001418831,151.3793091,6.470384121,298.1786194,0,188.8275604,219.8682709,9.999999747e-05,63232.92969,16.19869995,-2.613525149e-05
12.39999962,228.7558372,79.33537564,26.25616439,59.93040433,0.9007666282,153.2846291,6.469214439,298.1878967,0,201.20047,221.6760254,9.999999747e-05,63279.30078,16.16639328,-2.610062494e-05
12.60000038,279.5904676,79.16857481,26.30428751,59.72466197,0.898889348,149.9579984,6.46716547,298.1905518,0,214.034729,231.6953278,9.999999747e-05,63317.13281,16.10198021,-2.543514685e-05
12.80000019,279.5904676,77.79488716,26.16795279,60.35747047,0.9039157114,151.9322894,6.463929653,298.1975098,0,225,239.5877838,9.999999747e-05,63357.22656,16.1035614,-2.541960171e-05
13,279.5904676,79.13114681,26.30791392,59.97197945,0.8989280736,153.412877,6.459174633,298.2246704,0,225,249.1112518,9.999999747e-05,63398.09375,16.01501465,-2.543480884e-05
13.19999981,279.5904676,79.08196305,26.33297745,59.83695417,0.8993797935,150.0052647,6.452504158,298.2335815,0,225,265.8361206,9.999999747e-05,63438.19922,15.96257973,-2.545980843e-05
13.39999962,228.7558372,78.87929517,26.31016209,60.12948108,0.898140488,150.3105365,6.444430351,298.2595215,0,225,277.1392822,9.999999747e-05,63488.79297,15.90546417,-2.614218106e-05
13.60000038,228.7558372,78.04201324,26.16655915,59.93686572,0.8992309523,152.243015,6.435221672,298.282196,0,225,294.774231,9.999999747e-05,63539.53906,15.85882282,-2.61998112e-05
13.80000019,228.7558372,79.18474568,26.4009461,59.86008788,0.8978092371,153.5517758,6.425031662,298.3017883,0,225,312.1354675,9.999999747e-05,63590.91016,15.78887653,-2.625709474e-05
14,279.5904676,79.02457949,26.32676576,59.75988721,0.8984985034,151.089483,6.414111137,298.3062744,0,225,329.3074036,9.999999747e-05,63631.25781,15.73153114,-2.565133154e-05
14.19999981,228.7558372,77.77484381,26.14931064,60.32417162,0.90328797,152.4459251,6.402065754,298.3063049,0,225,342.0229187,9.999999747e-05,63681.90625,15.71483898,-2.632547756e-05
14.39999962,279.5904676,79.14578116,26.27942619,59.92469026,0.8997636747,153.7131863,6.389850616,298.3191223,0,225,353.4884949,9.999999747e-05,63722.8125,15.61884689,-2.571910264e-05
14.60000038,279.5904676,78.80308621,26.29979094,59.80287706,0.8983045429,151.8074893,6.377365589,298.3476868,0,225,369.3946228,9.999999747e-05,63763.28906,15.54100513,-2.578809362e-05
14.80000019,279.5904676,77.6845983,26.0304124,60.583576,0.9041990173,152.5950807,6.364154816,298.3536072,0,225,391.1248779,9.999999747e-05,63803.52344,15.52933407,-2.585376278e-05
15,279.5904676,77.20234794,26.09042086,60.54661354,0.9037461101,152.8071703,6.350738525,298.3733826,0,225,405.9845276,9.999999747e-05,63843.71094,15.45580292,-2.591450492e-05
15.19999981,279.5904676,78.10127454,26.25154155,59.94099133,0.8976326567,152.6217405,6.337237358,298.4078064,0,225,426.0261841,9.999999747e-05,63884.18359,15.32610989,-2.600668242e-05
15.39999962,228.7558372,77.98849715,26.21148743,60.16399122,0.8988550545,151.7582839,6.323158741,298.4313354,0,225,451.7579346,9.999999747e-05,63934.84766,15.2636013,-2.675512913e-05
15.60000038,279.5904676,77.80898586,26.17744319,60.09777751,0.8984679093,153.0909979,6.308777809,298.4345093,0,225,474.9049988,9.999999747e-05,63975.26953,15.18117714,-2.618134567e-05
15.80000019,279.5904676,77.39981836,26.08060754,60.15387134,0.8998076764,153.5226942,6.294793129,298.4821167,0,225,491.9967041,9.999999747e-05,64015.74219,15.11630058,-2.627893131e-05
16,228.7558372,76.9222112,26.08484738,60.38677879,0.9004807874,152.6008215,6.280668736,298.5400391,0,225,524.6958618,9.999999747e-05,64066.36328,15.04397488,-2.708390777e-05
16.20000076,228.7558372,76.95414097,26.0522149,60.40118823,0.9001765532,153.899723,6.266358852,298.5821838,0,225,562.3986206,9.999999747e-05,64117.25,14.9580183,-2.724097853e-05
16.39999962,279.5904676,76.88461383,26.01320656,60.43356377,0.9033548673,152.7648142,6.251530647,298.5760803,0,225,596.7628784,9.999999747e-05,64157.39453,14.89790249,-2.668375361e-05
16.60000038,279.5904676,76.872173,25.95823412,60.05594366,0.9004810286,153.0995058,6.236935616,298.5986023,0,225,616.1706543,9.999999747e-05,64197.75391,14.78318787,-2.675541764e-05
16.79999924,228.7558372,76.79798245,25.92132227,59.8495698,0.8998427687,152.7645448,6.222966671,298.6677856,0,225,645.5853271,9.999999747e-05,64248.73047,14.69289303,-2.75574755e-05
17,279.5904676,76.25776318,26.02737049,60.67897461,0.9011347092,152.9466048,6.210193157,298.738739,0,225,691.7381592,9.999999747e-05,64289.48828,14.65432262,-2.710845622e-05
17.20000076,279.5904676,76.38822569,25.8348915,59.44062761,0.8996511648,151.2169321,6.207548618,298.653717,0,225,740.7404785,9.999999747e-05,64330.09766,15.81134319,-2.705052559e-05
17.39999962,279.5904676,77.12630974,25.76754663,59.05893634,0.901952813,151.9021214,6.25459671,298.0716858,0,225,738.5752563,9.999999747e-05,64371.38672,16.27605247,0.09085125677
17.60000038,279.5904676,76.483413,25.85952316,59.94583727,0.9065144748,150.4897206,6.299744129,297.6999817,0,225,562.9286499,9.999999747e-05,64412.41406,16.32626534,0.1202197029
17.79999924,279.5904676,76.45430559,25.93102875,60.6675,0.902222484,153.9902209,6.342032909,299.7301636,0,225,168.8786011,588.9448242,64453.99219,16.2951889,0.1123239901
18,279.5904676,78.31059233,25.85581006,57.22672439,0.9003494578,141.5177126,6.380199432,299.1053162,0,225,860.8355103,58.89448166,64493.23047,16.23381996,0.09459481186
18.20000076,279.5904676,75.72834395,26.03713669,60.64156573,0.9026106076,152.7455929,6.415376663,298.5397034,0,225,694.914917,5.889448166,64534.22266,16.30403328,0.141236009
18.39999962,279.5904676,76.7329148,26.04614302,60.20402163,0.9019152959,152.2252418,6.446508408,298.1815186,0,225,545.9140625,0.5889448524,64575.5,16.28475189,0.1314312577
18.60000038,279.5904676,76.76423119,25.95119853,60.5871338,0.9033212972,153.4889184,6.474030495,297.9505005,0,225,446.8231201,0.05889448524,64617.05469,16.30125809,0.137546084
18.79999924,279.5904676,76.89962478,26.00289803,60.70107259,0.9048066337,153.1947212,6.498272896,297.7467041,0,225,376.6087646,0.005889448337,64658.41016,16.31604576,0.168506362
19,228.7558372,78.13547365,26.25467736,60.25888427,0.9001461386,152.2848768,6.518558502,299.2747498,0,225,112.9826279,430.6364746,64709.98438,16.26068115,0.1616279652
19.20000076,279.5904676,76.21358142,25.96712489,59.8074041,0.8981332833,138.3659054,6.537119865,298.8017578,0,218.1076508,632.1804199,43.06364822,64746.10547,16.25578308,0.1964015061
19.39999962,228.7558372,77.40700698,25.90854827,60.06142249,0.90009716,155.468057,6.551301956,298.3948975,0,203.7838287,505.3445435,4.306364536,64793.60156,16.26543045,0.1904747904
19.60000038,228.7558372,76.3701588,26.04767524,60.64240739,0.9029624676,152.6587576,6.544779301,298.1391602,0.5190187097,101.8919144,398.5912781,0.4306364655,64819.54297,16.26805496,0.2186664726
19.79999924,228.7558372,77.80763591,26.05313625,60.29022754,0.9053959795,153.2504097,6.530692577,297.9836426,0,84.56700134,328.2167664,0.04306364805,64842.35938,16.26609421,0.2046871364
20,279.5904676,77.37094747,26.06109127,60.42425311,0.9038162484,151.6037896,6.511652946,297.8765869,0,72.83522034,281.7001343,0.004306364805,64851.85938,16.25318146,0.241306005
20.20000076,279.5904676,77.60248341,26.09680431,60.48169673,0.9027886884,151.1050598,6.493133545,299.0227661,0,68.7114563,84.51004028,299.6138,64860.40625,16.23699951,0.2240489651
20.39999962,228.7558372,76.21376015,25.70685561,60.67635649,0.9088276717,146.6769775,6.478629112,298.7685242,0,71.97782135,476.1159058,29.96138,64878.55859,16.30723572,0.2796262101
20.60000038,279.5904676,76.43909019,26.13540091,59.99159371,0.9037847237,150.6337143,6.470720768,298.5241089,0,81.03455353,418.1622009,2.996137857,64889.22656,16.25205803,0.2693764463
20.79999924,279.5904676,76.94723845,26.07677978,60.53524887,0.904359282,150.5960161,6.470619202,298.3712463,0,93.24569702,364.5617676,0.2996138036,64902.6875,16.2582531,0.2531191325
21,228.7558372,76.83479848,26.01110552,60.44528212,0.9060070839,152.840025,6.475344181,298.2466736,0,105.4930878,333.3109131,0.02996137924,64929.53906,16.27831841,0.2803299176
21.20000076,279.5904676,77.54615643,26.20042904,60.04501309,0.8998606561,151.0296272,6.483092785,298.1481628,0,115.8595276,305.407196,0.002996137831,64947.98438,16.21610451,0.2785309689
21.39999962,279.5904676,77.80740803,26.20488183,60.20513325,0.8997587016,150.422039,6.492237568,298.0764465,0,123.1321411,281.5973816,0.0002996137773,64967.92188,16.21544075,0.2868488218
21.60000038,279.5904676,77.57437324,26.18531366,60.20623929,0.8983070892,150.5176453,6.501614094,298.0274658,0,126.7519684,263.1549988,9.999999747e-05,64988.61328,16.2061348,0.3056750554
21.79999924,279.5904676,78.38217256,26.36378656,59.98936096,0.8958103977,150.1959689,6.509467125,297.9961853,0,126.6248245,249.6572418,9.999999747e-05,65009.50781,16.17171288,0.2901598023
22,279.5904676,78.82771877,26.35587228,59.87592581,0.8988017391,151.5331106,6.516076565,297.9996033,0,123.3621521,240.2617188,9.999999747e-05,65030.26172,16.18816757,0.2642944838
22.20000076,279.5904676,77.2114125,25.99603012,60.59254079,0.9048827934,151.3731991,6.520928383,297.9907837,0,117.4549561,241.5391388,9.999999747e-05,65049.26172,16.2642746,0.3478393864
22.39999962,228.7558372,78.54076215,26.21025268,60.13617988,0.9009310962,150.6650381,6.521520138,297.9845886,0,109.6088486,238.4574127,9.999999747e-05,65077.32812,16.20775604,0.32373727
22.60000038,279.5904676,78.45432048,26.18480604,60.11132896,0.900542021,150.5629979,6.519199848,297.9768066,0,101.5344467,236.0389404,9.999999747e-05,65093.25781,16.20203209,0.3514132974
22.79999924,228.7558372,76.95883129,26.04810276,60.62057416,0.9038893327,152.3928499,6.514694691,297.9748535,0,94.38407135,232.8196869,9.999999747e-05,65118.12891,16.24767494,0.4215034163
23,279.5904676,77.40291119,26.20516943,60.24865682,0.8991896289,152.0844363,6.508924961,297.9904175,0,89.03357697,231.3335724,9.999999747e-05,65131.62891,16.19367981,0.3996310502
23.20000076,279.5904676,77.96778349,26.14885657,60.22345669,0.9014935117,150.9084263,6.501336098,297.9907837,0,85.98804474,235.7738495,9.999999747e-05,65144.35938,16.20666695,0.4231307012
23.39999962,279.5904676,77.35924365,26.09927924,60.35805673,0.9007712133,152.0128967,6.494706631,297.9904175,0,85.97995758,235.4274597,9.999999747e-05,65157.13672,16.20754433,0.4721200842
23.60000038,279.5904676,77.54243728,26.16487265,60.39777423,0.900311639,151.1421157,6.490182877,297.9967651,0,88.61475372,234.95401,9.999999747e-05,65170.37109,16.19987106,0.4762487121
23.79999924,279.5904676,77.82055424,26.18400186,60.2291419,0.8990992129,150.7160708,6.486705303,297.9770813,0,93.0552063,236.7884979,9.999999747e-05,65184.39844,16.18791389,0.531463735
24,228.7558372,77.7662759,26.19764811,60.26361623,0.9004139351,152.6962901,6.485563278,297.9591675,0,98.89002228,229.8210297,9.999999747e-05,65210.42188,16.20216942,0.5688281853
24.20000076,228.7558372,78.12408475,26.23022622,60.12580746,0.8981173915,150.3380426,6.48712492,297.9512939,0,105.1773758,222.9282684,9.999999747e-05,65237.375,16.17840195,0.5730433215
24.39999962,228.7558372,78.68669164,26.2033182,60.11287509,0.9010053584,151.688737,6.48960638,297.9327393,0,110.8386536,218.8152618,9.999999747e-05,65265.84766,16.20137978,0.6073124482
24.60000038,228.7558372,78.0335047,26.2324286,60.09579737,0.898601366,151.929724,6.494086742,298.8625793,0,115.5129089,65.64457703,235.8592987,65295.05859,16.18708229,0.6376318482
24.79999924,228.7558372,77.4465386,26.415091,60.024132,0.8946961991,143.7574586,6.499168396,298.713501,0,118.391449,384.0585022,23.58592987,65322.94141,16.15335846,0.6666188083
25,228.7558372,77.99546589,25.98043228,60.08318732,0.9075138524,154.9868708,6.503657818,298.5223389,0,119.2417374,358.0006104,2.358592987,65353.41797,16.26912117,0.7171696315
25.20000076,228.7558372,78.39586763,26.1278367,60.10005198,0.9034331979,150.7924404,6.506878376,298.3693848,0,118.3001785,319.9185181,0.2358593047,65383.01562,16.22665787,0.7301100875
25.39999962,228.7558372,77.86502711,26.15565174,60.16587819,0.8994236939,151.8814464,6.509613514,298.2680359,0,116.0725555,288.1700439,0.02358593047,65412.34375,16.19633293,0.7616665451
25.60000038,228.7558372,78.5269432,26.16343337,59.93483725,0.9026968243,151.5880927,6.511322975,298.2088318,0,112.748558,268.2060547,0.002358593047,65441.21484,16.21217155,0.7247518765
25.79999924,279.5904676,78.50485869,26.16706116,59.95947059,0.9021285792,151.2513858,6.51231575,298.1754456,0,108.7424622,258.589447,0.0002358593047,65458.85156,16.20389557,0.7242626023
26,228.7558372,78.59955966,26.15467637,60.0982455,0.902951799,152.0315387,6.510099888,298.1237793,0,104.338295,255.3449707,9.999999747e-05,65486.11328,16.21149826,0.8022413224
26.20000076,228.7558372,78.32375939,26.16617395,60.11408324,0.9023158484,150.3476422,6.506536007,298.0809937,0,100.8287811,244.3531647,9.999999747e-05,65512.24219,16.20660782,0.862670415
26.39999962,279.5904676,76.85476358,26.05517865,60.7494419,0.9037887519,151.3636816,6.502096176,298.0263367,0,98.73896027,234.6248932,9.999999747e-05,65527.25781,16.2410984,1.043810316
26.60000038,228.7558372,77.79528393,26.19163579,60.13181299,0.9003273072,151.8200896,6.498525143,298.0135803,0,98.42371368,219.1213837,9.999999747e-05,65553.14062,16.19292068,0.958359092
26.79999924,279.5904676,78.26119056,26.18658045,60.20689109,0.900851839,149.8857826,6.494945526,297.9902039,0,99.53107452,216.1213226,9.999999747e-05,65568.5,16.19399643,1.00530046
27,279.5904676,77.93573459,26.31774777,60.0998234,0.897069413,150.3562519,6.491745472,297.9595032,0,102.0731201,208.6618652,9.999999747e-05,65584.36719,16.16436386,1.091587561
27.20000076,228.7558372,77.96585207,26.22507563,60.15387022,0.8988475435,151.317982,6.492126465,297.9714355,0,105.8938828,197.8722687,9.999999747e-05,65611.80469,16.17911339,1.039530924
27.39999962,228.7558372,76.85147036,25.85676353,60.82916462,0.9070883938,153.6006396,6.49346447,297.9623413,0,109.5517578,200.7046356,9.999999747e-05,65640.04688,16.27519226,1.21360102
27.60000038,279.5904676,78.45705197,26.23580532,60.02545146,0.8997035327,149.3412253,6.495537281,297.9642029,0,112.682785,196.4088593,9.999999747e-05,65658.17188,16.18274307,1.112790737
27.79999924,228.7558372,78.41134687,26.25979316,59.95143241,0.8980460418,150.1341577,6.496582985,297.9472656,0,114.9852905,195.7092285,9.999999747e-05,65687.25781,16.17163086,1.201868084
28,279.5904676,77.22548911,26.06235253,60.61714544,0.9052493069,151.0095196,6.498521805,298.7692566,0,116.8752975,58.71276855,211.806366,65705.99219,16.25323296,1.33955124
28.20000076,279.5904676,77.20871807,26.39669852,60.01775164,0.895740086,145.1400412,6.498862743,298.5864258,0,117.9835434,340.4506531,21.18063736,65723.60156,16.16277313,1.405560931
28.39999962,228.7558372,77.97322239,26.07239776,59.93076203,0.9053269581,151.5964147,6.498057842,298.3809814,0,118.9634705,300.0577698,2.118063688,65753.33594,16.24610138,1.470253363
28.60000038,279.5904676,77.5130137,25.93129228,60.52657747,0.908858202,149.9755364,6.496486664,298.2077637,0,120.2641602,252.5366821,0.2118063718,65772.39062,16.2890377,1.609948819
28.79999924,228.7558372,77.61232144,25.92639527,60.57367311,0.9074432029,151.1205883,6.496069908,298.1065979,0,122.1921616,208.6044922,0.02118063718,65802.64844,16.27727509,1.616418466
29,228.7558372,78.94494291,26.36609229,59.78803391,0.8978410337,150.7072229,6.495588303,298.0440369,0,124.2804642,182.7888794,0.002118063625,65833.72656,16.17162895,1.539600025
29.20000076,228.7558372,78.85078517,26.26364916,59.87764838,0.8994431956,149.7774592,6.494905472,297.9926758,0,126.5653,165.9655914,0.0002118063712,65865.00781,16.1906414,1.619984642
29.39999962,228.7558372,77.52093038,25.9913295,60.59838835,0.9057874614,150.5618157,6.49518013,297.9535217,0,129.1238861,150.3634186,9.999999747e-05,65896.57812,16.26814842,1.757862776
29.60000038,279.5904676,78.23359308,26.25699064,60.08722181,0.8980861627,153.5135825,6.496257782,297.9356689,0,131.5687866,136.9666901,9.999999747e-05,65919.10938,16.19078636,1.728568292
29.79999924,279.5904676,78.70235044,26.27772302,59.9770637,0.8989688668,148.5051928,6.49745512,298.5253906,0,133.5831146,41.09000778,145.4060822,65941.0625,16.191185,1.731503708
30,228.7558372,77.85234143,26.13897681,60.18656953,0.9013933234,145.9641516,6.49862957,298.3893738,0,135.1206207,242.273819,14.54060745,65972.90625,16.22314072,1.817239455
30.20000076,228.7558372,79.14336094,26.2051892,60.05829382,0.902414402,150.2721257,6.498306274,298.2455139,0,136.188736,210.6222687,1.454060793,66006.1875,16.22246933,1.818530001
30.39999962,228.7558372,77.75773712,26.08173106,60.37667166,0.905510772,151.7820575,6.499499798,298.15271,0,137.390976,176.6150513,0.1454060674,66039.71875,16.26563644,1.901809711
30.60000038,279.5904676,79.15696423,26.26302345,59.8117575,0.8997737047,149.6762919,6.500655651,298.0967712,0,138.1060333,154.8817596,0.01454060711,66062.99219,16.19715309,1.849529264
30.79999924,279.5904676,77.77853603,26.15079503,60.23295845,0.8980309952,150.8556417,6.5007267,298.041687,0,138.3637085,142.0105591,0.001454060781,66086.10156,16.20174026,1.982682455
31,228.7558372,78.05122255,26.16853091,60.03056959,0.8985122679,150.0650425,6.500094414,298.0066833,0,138.5965271,127.0522079,0.0001454060694,66119.59375,16.20193291,2.005029338
31.20000076,228.7558372,77.97553363,26.18733294,60.10321032,0.8989275337,150.4463144,6.498222828,297.9755859,0,139.0810394,116.9557648,9.999999747e-05,66153.19531,16.20814705,2.059324092
31.39999962,228.7558372,78.71918932,26.41595059,59.86776832,0.8961371783,149.8288134,6.49672842,297.9639893,0,140.3160706,106.7372513,9.999999747e-05,66187.1875,16.17329407,2.037564294
31.60000038,228.7558372,78.88354811,26.27095814,60.10760645,0.8990667816,151.33526,6.49599123,297.9588928,0,142.1436462,102.0500031,9.999999747e-05,66221.89062,16.20252037,2.062480138
31.79999924,228.7558372,77.382943,26.13823879,60.5892101,0.9033276674,151.169502,6.495875359,297.9492798,0,144.2648621,99.03251648,9.999999747e-05,66256.55469,16.25784302,2.15701271
32,279.5904676,77.73176119,26.17215764,60.16287352,0.8986729873,150.4884294,6.494974136,298.4012146,0,146.4326782,29.70975494,110.7885742,66281.05469,16.21399689,2.187465268
32.20000076,279.5904676,76.74281546,26.13593982,60.25116299,0.8976295511,147.0059491,6.496703625,298.2867432,0,148.9656982,183.7985229,11.07885742,66305.125,16.21302795,2.217816081
32.40000153,279.5904676,77.65709091,25.98313528,60.50220629,0.9068668839,148.0425156,6.496449947,298.1679382,0,150.795639,155.9621582,1.107885718,66329.9375,16.29008293,2.243957369
32.59999847,228.7558372,77.96855506,26.24257271,60.03326369,0.895906969,149.072313,6.496751308,298.1002808,0,152.7420502,126.5861053,0.1107885689,66365.97656,16.18972206,2.234838982
32.79999924,228.7558372,79.12386274,26.35768197,59.8137056,0.8971422988,148.4138636,6.496776581,298.0599976,0,154.5598145,110.4329987,0.01107885689,66402.59375,16.1885643,2.217467792
33,279.5904676,79.15083031,26.29854627,59.80087903,0.8984462973,148.757655,6.49835968,298.0394287,0,156.3700104,100.8064423,0.001107885735,66429.28125,16.20070457,2.229900622
33.20000076,279.5904676,77.85752784,26.18832516,60.06592849,0.8976938877,149.9825838,6.500542641,298.0216675,0,157.5409546,96.26135254,0.0001107885691,66456.10938,16.2096653,2.293000173
33.40000153,279.5904676,78.80982705,26.41255423,60.10797504,0.8972134296,150.1140577,6.501681328,298.0109253,0,157.8417664,91.76339722,9.999999747e-05,66483.30469,16.19528961,2.279568804
33.59999847,228.7558372,78.90650662,26.28543749,60.1713602,0.8990818871,149.5822795,6.501252174,297.9974365,0,157.6924896,89.00566864,9.999999747e-05,66520.73438,16.21363449,2.313492478
33.79999924,279.5904676,78.76755948,26.31832911,60.15081903,0.8974910769,150.9352473,6.500943184,297.9881897,0,157.7167358,84.83496857,9.999999747e-05,66547.98438,16.20166397,2.33868185
34,228.7558372,78.73781916,26.33519193,59.97854958,0.8971024828,147.8184992,6.500551224,297.9852295,0,157.8590698,81.65080261,9.999999747e-05,66585.05469,16.19595718,2.353933188
34.20000076,279.5904676,78.44208341,26.32016311,60.04390113,0.8977881827,148.054319,6.50230217,297.9923096,0,158.1588745,80.2552948,9.999999747e-05,66611.82812,16.20404243,2.365122433
34.40000153,279.5904676,78.69899669,26.30132464,60.14712228,0.8982966081,151.6634016,6.50427103,297.9998474,0,157.7509918,82.17111206,9.999999747e-05,66639.35938,16.20863724,2.368789624
34.59999847,279.5904676,77.61905814,26.12391119,60.66765424,0.9035663815,153.3074445,6.50698328,298.0054321,0,156.5617828,84.42428589,9.999999747e-05,66666.71094,16.26781082,2.413995376
34.79999924,228.7558372,78.44157149,26.30567791,60.00016255,0.8974985899,147.9556885,6.509474277,298.022583,0,154.2858887,86.29685211,9.999999747e-05,66703.27344,16.19807816,2.378490855
35,228.7558372,78.74033181,26.29003778,59.96024582,0.8982417518,149.1859484,6.511228085,298.0358276,0,151.0166016,92.3746109,9.999999747e-05,66739.53125,16.20071411,2.379485901
35.20000076,228.7558372,78.65066172,26.32424784,59.96831863,0.8970960437,148.942857,6.510381699,298.0299988,0,147.0476379,97.66007233,9.999999747e-05,66774.79688,16.19067955,2.424583092
35.40000153,279.5904676,77.68838344,26.16706926,60.23286578,0.8986398286,148.0188395,6.509564877,298.0235901,0,143.4232483,96.89385986,9.999999747e-05,66798.4375,16.21344376,2.47829425
35.59999847,228.7558372,77.05792292,26.03704491,60.67468325,0.9037921818,148.7696605,6.508096695,298.01828,0,140.1173096,95.84754181,9.999999747e-05,66831.8125,16.26582909,2.514295985
35.79999924,228.7558372,78.65921619,26.27293312,60.13796911,0.8983575894,151.5876795,6.504342556,298.0123596,0,137.4008331,94.95353699,9.999999747e-05,66865.625,16.20058632,2.492222737
36,279.5904676,78.54503921,26.2857152,59.99702851,0.898055805,148.9650638,6.500676155,298.0066528,0,136.1913605,93.63256073,9.999999747e-05,66888.1875,16.19579697,2.516792847
36.20000076,279.5904676,78.70419187,26.28401126,59.9852518,0.897977532,149.6865551,6.495793343,297.993042,0,136.440918,92.17006683,9.999999747e-05,66910.92188,16.19502831,2.542417892
36.40000153,279.5904676,78.51256227,26.29177345,60.00345357,0.8985120574,149.7013234,6.492904663,297.9895935,0,138.6478729,87.76939392,9.999999747e-05,66934.10938,16.2016716,2.558693871
36.59999847,279.5904676,77.17104391,26.01863597,60.58150763,0.9036387395,150.3881455,6.492970943,297.9889221,0,141.9999542,86.41873932,9.999999747e-05,66957.78125,16.26530647,2.605680932
36.79999924,228.7558372,77.04193796,26.11343851,60.62864234,0.9030277249,149.0484274,6.49359417,297.9880981,0,145.3221588,85.82510376,9.999999747e-05,66992.27344,16.26130104,2.619343321
37,228.7558372,76.51149287,25.88449996,60.81602346,0.9060991023,150.57203,6.494981289,297.9822998,0,148.4026794,85.12948608,9.999999747e-05,67027.51562,16.29894066,2.6509841
37.20000076,279.5904676,77.65404452,26.01023749,60.73943,0.9051652616,152.5430544,6.49751997,297.9874878,0,150.927536,82.69178772,9.999999747e-05,67053.64062,16.2820816,2.642080194
37.40000153,279.5904676,78.72581654,26.33605816,60.01047255,0.8968646086,148.532356,6.498847961,297.9900818,0,152.4356232,83.85816956,9.999999747e-05,67079.55469,16.19266891,2.628051618
37.59999847,228.7558372,78.84915485,26.31743374,59.97302871,0.8979784837,147.9584701,6.500217915,297.9940796,0,153.4201508,84.2461853,9.999999747e-05,67116.02344,16.20149803,2.637794222
37.79999924,279.5904676,78.71622064,26.31540059,59.9533182,0.8978377589,149.1669528,6.500344753,297.9848633,0,153.8528137,85.23493958,9.999999747e-05,67142.28125,16.2028656,2.665768969
38,279.5904676,78.87488133,26.42805554,59.91657662,0.8965281179,149.0002916,6.499818325,297.977478,0,154.2389374,81.79958344,9.999999747e-05,67168.61719,16.1890564,2.676673747
38.20000076,279.5904676,78.72859027,26.33202461,60.12834536,0.8981489338,150.1777724,6.498146057,297.9651794,0,154.8337402,78.75776672,9.999999747e-05,67195.1875,16.20833015,2.697511194
38.40000153,228.7558372,78.49804523,26.34594987,59.98157648,0.8969667848,148.1132384,6.496175766,297.9573364,0,156.0990448,73.72264099,9.999999747e-05,67231.92969,16.19895172,2.711623001
38.59999847,228.7558372,78.02640494,26.25109599,60.21610998,0.8976915225,153.7056016,6.495012283,297.9515991,0,158.1499023,69.80699921,9.999999747e-05,67270.10156,16.21616554,2.731416598
38.79999924,228.7558372,77.61355225,26.26768838,60.09088902,0.896396467,150.8471027,6.495082378,297.9516602,0,160.6625671,66.28348541,9.999999747e-05,67308.10938,16.20737267,2.748177859
39,228.7558372,77.22170418,26.05517767,60.6457613,0.9036527438,149.2127522,6.495602131,297.9497681,0,163.145752,64.532547,9.999999747e-05,67346.125,16.27915382,2.764701139
39.20000076,228.7558372,77.85106745,26.13392495,60.24996996,0.8993090953,154.0582689,6.496965885,298.2633362,0,165.4234161,19.3597641,75.16273499,67385.76562,16.23859406,2.771469547
39.40000153,228.7558372,78.29750902,26.36430519,60.01349806,0.8969880756,147.5114186,6.497013569,298.1810303,0,167.1543427,125.673111,7.516273499,67424.47656,16.20882797,2.770801461
39.59999847,228.7558372,79.20791027,26.57563122,59.52009584,0.8924232429,149.4057411,6.498313904,298.1225586,0,168.8730927,104.796669,0.751627326,67464.29688,16.1595459,2.7735979
39.79999924,228.7558372,79.57626324,26.34727822,59.90674483,0.89765872,151.8885534,6.501317978,298.0923157,0,170.0634308,92.03105164,0.07516273856,67505.03906,16.20933533,2.787782243
40,228.7558372,77.66548357,26.0576964,60.51230071,0.9040170584,148.6715954,6.505496502,298.0695496,0,170.0506439,86.6359024,0.007516273763,67544.61719,16.28422928,2.82995614
40.20000076,279.5904676,79.214662,26.42300373,59.92828084,0.8964186374,152.7506333,6.508927345,298.0620728,0,168.3679199,82.47100067,0.0007516273763,67574.78906,16.20058441,2.819510628
40.40000153,279.5904676,77.34186266,26.04012498,60.82568207,0.9042024756,150.4820513,6.510147095,298.0338135,0,165.3190765,82.66381836,9.999999747e-05,67603.16406,16.2895546,2.851197251
40.59999847,279.5904676,78.63649726,26.44654928,59.78972124,0.8944900008,149.8991348,6.511072636,298.0310669,0,161.7871246,75.30335999,9.999999747e-05,67631.21094,16.18290329,2.851453564
40.79999924,228.7558372,77.78790368,26.19258978,60.20374111,0.8978653298,149.5602642,6.51073885,298.022583,0,157.8789368,75.8348465,9.999999747e-05,67668.52344,16.22261047,2.871933876
41,228.7558372,77.52010397,26.29007923,60.06894985,0.8954314803,151.0176017,6.509897232,298.0186768,0,154.1074829,74.09157562,9.999999747e-05,67705.32812,16.20080185,2.886485188
41.20000076,279.5904676,76.77558311,25.89758368,60.87279545,0.9055309911,154.0107152,6.509157181,298.0115051,0,150.6703033,73.65264893,9.999999747e-05,67731.35938,16.30266571,2.909704801
41.40000153,228.7558372,77.37373883,26.03800636,60.60300884,0.9041785531,150.0925829,6.507210732,298.0112,0,147.5270691,71.91275787,9.999999747e-05,67766.5625,16.27945328,2.914439663
41.59999847,279.5904676,77.82531435,26.14397675,60.34478318,0.8992470844,152.4915191,6.504265308,298.0079041,0,145.1668091,72.28617859,9.999999747e-05,67791.46094,16.23150253,2.920391914
41.79999924,279.5904676,77.48395816,25.98843911,60.70353644,0.9051215286,152.9480924,6.50323534,298.013916,0,143.9841461,71.57826996,9.999999747e-05,67816.19531,16.2880249,2.945164911
42,279.5904676,78.49165767,26.40197203,59.98425463,0.8960808996,150.3044214,6.501709938,298.0229187,0,143.2039032,73.96982574,9.999999747e-05,67840.59375,16.19115067,2.942635494
42.20000076,228.7558372,78.36821004,26.31507076,60.00997152,0.8968741886,149.3581822,6.499438763,298.0220947,0,143.0416565,77.55216217,9.999999747e-05,67875.10156,16.20003128,2.951838648
42.40000153,279.5904676,78.61191783,26.30374533,59.94536125,0.8977775252,149.8174185,6.498209953,298.022522,0,143.7886505,78.05749512,9.999999747e-05,67899.52344,16.20620537,2.966244544
42.59999847,228.7558372,78.60575372,26.34147467,59.95999369,0.8960724738,149.3849425,6.497512341,298.0240173,0,145.0213928,79.04766846,9.999999747e-05,67934.5625,16.19225502,2.976628639
42.79999924,228.7558372,78.64734331,26.32831589,59.92854397,0.8972744766,148.766538,6.498136044,298.0292664,0,146.53479,80.40457153,9.999999747e-05,67969.85938,16.20277405,2.992482584
43,228.7558372,76.36381739,25.9218086,60.77312842,0.903390723,150.6824754,6.50009203,298.021759,0,147.7960968,83.10282135,9.999999747e-05,68005.125,16.28583145,3.025379164
43.20000076,228.7558372,78.66408359,26.42110602,59.92562322,0.8967658167,148.7698142,6.499249935,298.0131226,0,148.2749023,81.5654068,9.999999747e-05,68040.69531,16.19879532,3.00674505
43.40000153,228.7558372,78.8291975,26.29894804,59.98103381,0.8986976816,148.4883456,6.496975899,297.9961243,0,149.1038818,79.45761108,9.999999747e-05,68076.29688,16.21687889,3.006137981
43.59999847,228.7558372,78.96735599,26.30841385,60.02532148,0.8979516518,151.9818689,6.49606514,297.9900208,0,150.8383331,74.14884949,9.999999747e-05,68113.05469,16.21329689,3.021447462
43.79999924,228.7558372,78.42558344,26.35440951,60.03532615,0.896531751,146.6665389,6.496203899,297.9875183,0,152.9280701,72.03458405,9.999999747e-05,68149.03125,16.20319176,3.035523506
44,228.7558372,77.34198435,26.03816869,60.63531019,0.904905084,148.3119497,6.496705055,297.9769897,0,154.9631653,70.83562469,9.999999747e-05,68185.36719,16.29261971,3.041547036
44.20000076,279.5904676,78.82000832,26.33971419,60.105272,0.8968769135,151.0337732,6.496664524,297.9730225,0,156.7999115,66.7594223,9.999999747e-05,68212.64062,16.2094574,3.045983697
44.40000153,279.5904676,78.93527286,26.29854367,60.05018216,0.8981968061,152.0980937,6.496725559,297.969574,0,158.6559143,64.60312653,9.999999747e-05,68240.51562,16.22183609,3.051811229
44.59999847,279.5904676,77.5542094,26.24711007,60.17610258,0.8976364131,149.1039738,6.498882771,297.971405,0,160.4853668,62.43287659,9.999999747e-05,68267.83594,16.2280941,3.073055206
44.79999924,279.5904676,78.61776812,26.37160412,60.00138904,0.8971209395,148.7230441,6.500068665,297.9736938,0,161.4454346,61.95282364,9.999999747e-05,68295.54688,16.21372986,3.075225394
45,279.5904676,78.79339677,26.40795989,59.93810687,0.8974634025,149.5023902,6.501619339,297.9788818,0,161.9409332,61.64967728,9.999999747e-05,68323.60156,16.21539879,3.088616811
45.20000076,279.5904676,78.6528542,26.43531084,59.84896309,0.8956118467,150.0872042,6.504077911,297.9888306,0,161.8119354,62.44202042,9.999999747e-05,68351.79688,16.20042992,3.109671317
45.40000153,279.5904676,78.73216574,26.34430158,59.92453268,0.8972206467,149.5896759,6.50687933,298.0008545,0,160.6977386,65.04217529,9.999999747e-05,68379.73438,16.21475601,3.129137642
45.59999847,228.7558372,78.80195101,26.31392027,60.01067471,0.8985153081,148.194919,6.509381771,298.0155029,0,158.4646301,68.69071198,9.999999747e-05,68417.4375,16.22475243,3.14604063
45.79999924,228.7558372,77.55595023,26.07011728,60.57041632,0.9037434937,149.9771197,6.511690617,298.0205688,0,155.232666,73.69354248,9.999999747e-05,68454.47656,16.28541374,3.164972476
46,279.5904676,77.66236295,26.17909417,60.11310721,0.8971655181,149.5313785,6.513344765,298.026886,0,151.076889,75.90499115,9.999999747e-05,68480.24219,16.22193336,3.18227672
46.20000076,279.5904676,78.75205024,26.33938646,59.93962212,0.8969202281,149.1219726,6.512877941,298.0314636,0,146.2609863,78.81829071,9.999999747e-05,68505.23438,16.20503044,3.183622453
46.40000153,228.7558372,78.24358492,26.15193587,60.2858455,0.9002308535,152.9807372,6.510915279,298.0275574,0,141.6366272,81.36293793,9.999999747e-05,68540.29688,16.24194336,3.189038429
46.59999847,228.7558372,76.87153223,25.88734725,60.86856022,0.9053313137,153.8105584,6.508813858,298.0189819,0,137.7954407,81.15640259,9.999999747e-05,68574.32031,16.30161858,3.19901355
46.79999924,279.5904676,77.65871905,26.01202395,60.69405031,0.9047926558,153.3115662,6.505698204,298.0133972,0,134.7905884,79.2622757,9.999999747e-05,68597.42188,16.28610992,3.20740268
47,279.5904676,77.05711813,26.0884047,60.69621993,0.9041793899,148.6321981,6.502929211,298.0116577,0,133.0348511,78.11315155,9.999999747e-05,68619.08594,16.28042793,3.220260236
47.20000076,279.5904676,77.71844265,26.25266032,60.0874384,0.897256759,152.0357904,6.500097752,298.013092,0,132.3822479,78.05283356,9.999999747e-05,68641.54688,16.2122097,3.232447162
47.40000153,228.7558372,78.79450624,26.3439845,60.07892782,0.8979820167,152.1197941,6.49568367,298.0077209,0,132.8635712,79.00430298,9.999999747e-05,68674.76562,16.20945168,3.221580858
47.59999847,228.7558372,78.84052236,26.29890446,59.97487423,0.8982066617,148.943153,6.493824482,298.0134277,0,135.1155853,77.62746429,9.999999747e-05,68707.89844,16.21097183,3.248061146
47.79999924,279.5904676,78.60457636,26.30946563,59.94334506,0.8977290513,150.3163563,6.493226051,298.0126953,0,138.0977936,79.92838287,9.999999747e-05,68731.42969,16.21084785,3.258659799
48,228.7558372,77.5327542,26.07912386,60.62080016,0.9036552775,153.4216964,6.493772984,298.0055847,0,141.3234253,80.1313324,9.999999747e-05,68766.33594,16.28111076,3.261698044
48.20000076,279.5904676,78.78996437,26.35774111,59.91766014,0.8965095858,149.1427985,6.494494915,298.0032654,0,144.3304749,78.16204834,9.999999747e-05,68790.94531,16.20182991,3.271435837
48.40000153,228.7558372,78.76583675,26.3916015,59.9101195,0.8946445354,148.7364383,6.496494293,298.0091858,0,147.0518188,77.62224579,9.999999747e-05,68826.52344,16.1879158,3.292098085
48.59999847,279.5904676,77.52328647,26.11352937,60.5572236,0.9023277749,150.3171702,6.500276566,298.0121155,0,148.9699402,79.80767822,9.999999747e-05,68852.07031,16.27327347,3.316109738
48.79999924,279.5904676,77.58843624,26.25022524,60.16091763,0.895785335,148.7805124,6.503460407,298.0125122,0,149.3732452,81.11392975,9.999999747e-05,68877.41406,16.21210289,3.321777616
49,228.7558372,78.08537623,26.14978343,60.19547651,0.8986088521,153.1082104,6.506777763,298.0271912,0,148.510788,81.68840027,9.999999747e-05,68914.16406,16.23743439,3.355453412
49.20000076,279.5904676,79.06271383,26.34847222,60.09564321,0.8983843969,152.3400727,6.508972645,298.0391541,0,146.3189545,87.21635437,9.999999747e-05,68940.17969,16.22261238,3.364779197
49.40000153,279.5904676,77.16932852,26.05551423,60.70457779,0.9041024647,147.4294643,6.511191845,298.0396118,0,143.2532501,92.25308228,9.999999747e-05,68963.98438,16.28931808,3.377059726
49.59999847,279.5904676,78.04681266,26.16239115,60.01859945,0.8982947379,151.4426629,6.511759758,298.040741,0,139.2961731,93.79125977,9.999999747e-05,68988.0625,16.22706795,3.386130893
49.79999924,279.5904676,78.51459459,26.44465287,59.8852197,0.895516205,148.6427889,6.511384964,298.0513611,0,135.1174164,95.65991974,9.999999747e-05,69010.96875,16.19079018,3.405680793
50,228.7558372,77.94173115,26.18578466,60.06930066,0.8977343851,150.4466863,6.510565281,298.0611267,0,131.0864105,100.8461075,9.999999747e-05,69043.70312,16.2185955,3.42511806
50.20000076,228.7558372,78.29064304,26.32167381,60.04056927,0.8967282719,147.858674,6.50848341,298.0657043,0,127.3817902,106.0561523,9.999999747e-05,69075.25,16.2013073,3.430339454
50.40000153,228.7558372,78.92514817,26.28362006,60.03501625,0.8987161691,151.2960776,6.506014824,298.0740662,0,124.5126724,109.855751,9.999999747e-05,69107.14062,16.21449661,3.44762961
50.59999847,279.5904676,76.58044987,25.89860598,60.93541672,0.9056352363,154.2030734,6.50523138,298.0734253,0,122.628212,115.1694489,9.999999747e-05,69128.14062,16.30493736,3.475922892
50.79999924,279.5904676,78.62027105,26.28930425,60.02286867,0.898819904,147.2296124,6.502373219,298.070282,0,121.0504074,117.6625519,9.999999747e-05,69147.96094,16.21247482,3.4685868
51,279.5904676,78.75613284,26.28838658,59.91284857,0.8978551242,148.904763,6.499937057,298.0697327,0,120.628067,119.3355408,9.999999747e-05,69168.11719,16.20321655,3.484068219
51.20000076,279.5904676,77.18099668,26.10897363,60.60281416,0.9023980556,150.5120069,6.499198437,298.0679626,0,121.1721268,121.8087158,9.999999747e-05,69188.3125,16.26363754,3.507285106
51.40000153,228.7558372,77.921959,26.32563231,59.92836689,0.8945467859,151.7495943,6.497819424,298.0637207,0,122.007309,123.8222427,9.999999747e-05,69219.57031,16.1842823,3.506962345
51.59999847,228.7558372,77.43975564,26.00609075,60.63416214,0.9049879283,150.42628,6.497496128,298.0561218,0,123.401619,124.9203568,9.999999747e-05,69250.66406,16.28683472,3.518224142
51.79999924,228.7558372,79.10821902,26.30869372,60.00536278,0.899265675,151.1010021,6.496964455,298.0585327,0,124.9197693,124.7147369,9.999999747e-05,69282.76562,16.21772194,3.531896293
52,279.5904676,77.92949752,26.00653758,60.72100777,0.9054858229,152.6003416,6.497731209,298.0473938,0,126.6547699,127.7129517,9.999999747e-05,69304.69531,16.29146576,3.541577615
52.20000076,228.7558372,79.24498068,26.33980669,59.75885983,0.8968552,149.251132,6.49752903,298.0402222,0,128.0780945,126.0479736,9.999999747e-05,69337.05469,16.19455338,3.540689105
52.40000153,228.7558372,76.79024315,25.82954858,60.86569821,0.9061951429,154.2742489,6.49958992,298.0315857,0,129.5896912,125.4331436,9.999999747e-05,69370.04688,16.31392288,3.562418063
52.59999847,279.5904676,78.46172896,26.21501108,59.91477169,0.8979035558,151.9325828,6.500534058,298.0228577,0,130.2663422,124.0157852,9.999999747e-05,69392.75,16.21606064,3.566882263
52.79999924,228.7558372,77.51046795,26.12347143,60.52537844,0.9025415358,151.0086409,6.501740456,298.0158386,0,130.5762024,122.2560654,9.999999747e-05,69425.5,16.26883888,3.574421434
53,228.7558372,78.32247067,26.24631129,59.96931893,0.897792854,150.7762626,6.502997398,298.0298157,0,130.3991394,120.7484436,9.999999747e-05,69458.54688,16.21720695,3.613359846
53.20000076,279.5904676,78.00429478,26.27588448,60.0119942,0.8962266969,151.2082837,6.50428772,298.035675,0,129.7198944,126.2195969,9.999999747e-05,69481.02344,16.20609283,3.624587556
53.40000153,228.7558372,76.84608975,25.92092686,60.74304689,0.9057323872,152.6712164,6.50510788,298.0218811,0,128.5246735,129.2578888,9.999999747e-05,69513.5,16.30611229,3.603290062
53.59999847,228.7558372,79.26150221,26.42201151,59.75409376,0.8966053366,149.6607382,6.503770828,298.0158997,0,127.0028992,125.7955399,9.999999747e-05,69545.76562,16.1920166,3.61125094
53.79999924,279.5904676,78.38544326,26.17496254,60.08296097,0.8991395126,154.2507188,6.503313065,298.008606,0,126.0216446,124.65242,9.999999747e-05,69568.09375,16.22904587,3.627532193
54,279.5904676,78.09336049,26.24336747,59.97992724,0.8955990705,150.9374619,6.503403664,298.0160217,0,125.2136078,122.7749405,9.999999747e-05,69589.60938,16.1976738,3.659058246
54.20000076,279.5904676,79.33248593,26.3619049,59.95436106,0.8977427506,152.1677159,6.502044201,298.0122986,0,124.3703766,125.7130661,9.999999747e-05,69611.47656,16.20357704,3.648590119
54.40000153,228.7558372,77.87486401,26.21704003,60.11234247,0.8966077795,148.2817371,6.501047134,298.0019226,0,124.0775375,124.9725647,9.999999747e-05,69642.46094,16.20597267,3.639920025
54.59999847,228.7558372,78.91270514,26.38917361,59.8428709,0.8946314471,149.6563626,6.499874592,298.0021362,0,124.177597,121.883522,9.999999747e-05,69674.10156,16.17805099,3.662582498
54.79999924,279.5904676,77.71902282,26.2702149,60.11503639,0.8949000685,148.366675,6.500601292,298.0119324,0,124.7483749,122.1063156,9.999999747e-05,69694.9375,16.19401169,3.698997499
55,279.5904676,79.33284128,26.37855826,59.81446556,0.8959790176,149.2083819,6.500918388,298.0361023,0,125.0216827,125.5657043,9.999999747e-05,69716.57031,16.18751717,3.731892532
55.20000076,228.7558372,79.25837432,26.41545934,59.72457279,0.8956520952,150.2002653,6.500580788,298.0432129,0,125.1756134,134.2731934,9.999999747e-05,69748.77344,16.18451309,3.720742551
55.40000153,228.7558372,78.51487748,26.23155064,59.94862685,0.8972490933,150.2909248,6.501207829,298.056366,0,125.4654083,137.8974915,9.999999747e-05,69780.91406,16.20979881,3.749583793
55.59999847,228.7558372,78.04506512,25.96650216,60.63286819,0.906399534,152.7047304,6.502195358,298.0628357,0,125.499054,144.0032959,9.999999747e-05,69813.38281,16.30250549,3.759469324
55.79999924,279.5904676,79.06659108,26.34638556,59.87510323,0.8980169065,146.8199529,6.502657413,298.0750427,0,125.1396408,148.2531586,9.999999747e-05,69834.52344,16.20731735,3.781447761
56,279.5904676,79.08544834,26.44952179,59.78551557,0.8958378907,147.4325667,6.502963066,298.0894775,0,124.598381,154.7759552,9.999999747e-05,69855.76562,16.18664932,3.800308704
56.20000076,228.7558372,79.38798292,26.41566315,59.74144512,0.896420632,149.4807104,6.502389908,298.0880127,0,123.9335632,162.4756775,9.999999747e-05,69887.71094,16.18989563,3.78925839
56.40000153,279.5904676,79.57230691,26.35765816,59.70159315,0.8983745158,149.4006878,6.501947403,298.078949,0,123.5003738,165.2218628,9.999999747e-05,69909.14844,16.20475197,3.796365831
56.59999847,228.7558372,77.82507665,25.99437284,60.60657989,0.9063054882,150.1870255,6.502117634,298.0575562,0,123.2411041,165.3977203,9.999999747e-05,69940.53125,16.29883003,3.781104754
56.79999924,228.7558372,78.62946107,26.43121958,59.86152411,0.8945973716,147.2110035,6.50135088,298.0389099,0,122.9120407,161.0462189,9.999999747e-05,69971.50781,16.17858315,3.787248285
57,228.7558372,79.46652303,26.36592067,59.74703893,0.8973201409,148.7418192,6.499891758,298.013031,0,122.8948364,156.9324188,9.999999747e-05,70002.9375,16.19564247,3.777402806
57.20000076,228.7558372,79.17155506,26.38321357,59.88436029,0.8969077901,147.1063611,6.499004364,297.9951477,0,123.4605103,149.6106873,9.999999747e-05,70034.08594,16.19495201,3.788143806
57.40000153,279.5904676,76.62578387,25.97764244,60.68709332,0.9028241106,152.5589326,6.50014019,297.9674683,0,124.3770905,144.1194153,9.999999747e-05,70055.3125,16.28081512,3.765359501
57.59999847,279.5904676,79.47527813,26.36451094,59.77547834,0.8968677409,149.4795025,6.499334812,297.950592,0,124.8345413,134.5178528,9.999999747e-05,70076.8125,16.19347191,3.786628562
57.79999924,279.5904676,79.06414654,26.46333986,59.8185185,0.8952747851,147.7269514,6.498230457,297.9256592,0,125.6269836,127.6913223,9.999999747e-05,70097.91406,16.18035126,3.758573608
58,228.7558372,78.62157185,26.26318504,60.02542274,0.8973338303,153.2652851,6.497568607,298.4246216,0,126.8557816,38.30739594,145.8325348,70130.57031,16.21035957,3.743794196
58.20000076,279.5904676,78.14526787,26.26249791,60.17365505,0.8969587354,150.6689727,6.497452259,298.3374939,0,128.3470612,207.8485413,14.58325291,70152.30469,16.21036911,3.723093483
58.40000153,279.5904676,80.07413546,26.35198346,59.63939234,0.8991132817,148.4944778,6.496406555,298.227356,0,129.8844452,189.9681854,1.458325267,70174.41406,16.20809555,3.735017375
58.59999847,279.5904676,79.88357311,26.40704987,59.56229451,0.8976612504,149.0023443,6.495623112,298.1325073,0,131.8448181,165.2843933,0.1458325237,70196.96875,16.19713211,3.723564073
58.79999924,279.5904676,79.77892112,26.37573382,59.57555427,0.8966760631,149.0853363,6.494709015,298.0501099,0,134.1148682,141.9170532,0.0145832533,70219.89844,16.19106674,3.693735687
59,228.7558372,77.77472393,25.96362283,60.76538924,0.9073049919,150.1078935,6.494384289,297.9747009,0,136.7517548,119.1654663,0.001458325307,70253.28125,16.31113625,3.613817597
59.20000076,279.5904676,77.85693352,26.09302176,60.50947717,0.9036050008,151.7411114,6.494705677,297.9242859,0,139.5161591,95.6516037,0.0001458325278,70277.17188,16.27846146,3.615762053
59.40000153,228.7558372,79.07951826,26.37265836,59.79909711,0.8959552873,149.8440194,6.495402336,298.2889709,0,142.1517792,28.69548035,107.0783386,70312.00781,16.19817352,3.661417594
59.59999847,228.7558372,78.35678297,26.46539565,59.85551035,0.8925986753,148.4510763,6.497215748,298.2112732,0,144.5096283,152.0490723,10.70783329,70346.83594,16.1754837,3.666773758
59.79999924,279.5904676,80.25340703,26.42094503,59.68197753,0.8969301595,151.1069416,6.498474121,298.1271057,0,146.1396942,133.3484192,1.070783377,70372.625,16.20137596,3.695175962
60,279.5904676,79.83421017,26.45965385,59.63723174,0.8953415596,147.9040011,6.499960899,298.0639343,0,147.271698,112.8138657,0.1070783362,70397.89062,16.18872643,3.692429644
60.20000076,228.7558372,79.29059738,26.54013511,59.61253673,0.8922439019,149.3525747,6.501754761,298.0247498,0,147.8064728,96.4247818,0.0107078338,70433.92969,16.16752052,3.704978255
60.40000153,279.5904676,79.29632284,26.4319369,59.67816413,0.8938070148,149.170024,6.50313282,297.9913635,0,147.6233826,85.77423859,0.001070783357,70459.39844,16.18217278,3.689632123
60.59999847,279.5904676,79.2448727,26.32778982,60.0078908,0.8980465624,152.2601192,6.503832817,297.9651184,0,146.8914795,75.47780609,0.0001070783328,70485.28125,16.2238102,3.673339901
60.79999924,228.7558372,79.06812952,26.36309531,59.93757374,0.8953501747,152.0610881,6.505013466,297.9591064,0,145.8804016,66.35312653,9.999999747e-05,70521.42188,16.20236778,3.712314604
61,228.7558372,78.93503829,26.36687795,59.93957414,0.8980336954,149.9386479,6.505765915,297.9569092,0,144.3933411,63.15934372,9.999999747e-05,70556.78125,16.22384834,3.714419155
61.20000076,228.7558372,76.24139848,25.92648482,60.85591639,0.9039744658,149.7843261,6.507486343,297.9482117,0,142.6083221,60.91504669,9.999999747e-05,70590.92969,16.30438614,3.653385268
61.40000153,228.7558372,78.72492338,26.29470845,60.10253544,0.8980448203,151.7800516,6.507462502,298.2202454,0,140.1305695,18.27451324,73.33631134,70625.72656,16.22780418,3.731400412
61.59999847,279.5904676,77.04995912,26.07275009,60.33176201,0.9003897042,148.6568646,6.508704662,298.1901245,0,137.671051,110.2565765,7.333631039,70648.48438,16.26120949,3.733284565
61.79999924,228.7558372,78.78443755,26.34504988,59.93687932,0.8968743512,146.5513284,6.507465839,298.1486511,0,134.7051239,106.0809555,0.7333630919,70681.14844,16.2093811,3.757612544
62,279.5904676,79.05587524,26.47549797,59.87944117,0.8943192433,152.6706779,6.506176949,298.1182251,0,132.2468109,99.12598419,0.07333631068,70704.30469,16.18708992,3.796098166
62.20000076,228.7558372,77.76962581,26.18769867,60.17171132,0.8991297108,148.336932,6.504669189,298.0861206,0,130.2963715,94.51113129,0.007333631162,70736.16406,16.23845673,3.74885586
62.40000153,228.7558372,79.20305338,26.23508989,59.97523653,0.899600966,151.7855297,6.501852989,298.0602417,0,128.9494781,88.10144806,0.0007333630929,70768.83594,16.23192787,3.762796294
62.59999847,228.7558372,78.93276187,26.36984733,59.93852851,0.8966924033,150.4459318,6.498417854,298.032959,0,128.7326508,82.64719391,9.999999747e-05,70801.07031,16.20541191,3.731975964
62.79999924,228.7558372,78.34833142,26.28389022,60.20844514,0.8982047086,149.8348281,6.49569416,298.0089417,0,129.8877258,75.68215179,9.999999747e-05,70833.21875,16.22584915,3.708860469
63,228.7558372,77.52920843,26.08987827,60.60495687,0.9047951329,151.1783775,6.494368076,297.9883728,0,132.1279602,68.84003448,9.999999747e-05,70865.82812,16.29535866,3.68595807
63.20000076,228.7558372,78.87891471,26.26344384,59.96620975,0.8982099986,150.3794754,6.493669033,297.9810791,0,134.8964539,62.25595856,9.999999747e-05,70899.27344,16.22607803,3.732580541
63.40000153,228.7558372,77.04981557,26.00590619,60.80295973,0.9045088832,151.1074244,6.496127129,297.9793091,0,137.9468079,59.46250153,9.999999747e-05,70933.05469,16.30648994,3.74223178
63.59999847,279.5904676,78.34850151,26.33619997,60.12767052,0.8985206641,147.8212737,6.498738289,297.9866333,0,140.0056915,58.1986351,9.999999747e-05,70956.61719,16.23736,3.805770288
63.79999924,228.7558372,78.87100268,26.42666358,59.98275953,0.8952212267,150.482262,6.500231266,297.9884338,0,141.0296173,59.95867157,9.999999747e-05,70991.46094,16.20618057,3.793323024
64,279.5904676,78.44313078,26.38323575,59.89200702,0.8947972637,150.7127545,6.501734257,297.9839478,0,141.4606018,60.02869415,9.999999747e-05,71015.83594,16.20538902,3.77133141
64.19999695,228.7558372,78.69106986,26.37430659,59.92954707,0.8961205167,150.5085152,6.502707481,297.9827881,0,141.2867279,58.02560043,9.999999747e-05,71050.625,16.21581459,3.775780072
64.40000153,228.7558372,78.73163677,26.33689739,59.98477543,0.8963727249,150.2638887,6.504359722,297.9908447,0,140.7253571,57.06233978,9.999999747e-05,71085.36719,16.22025108,3.825462505
64.59999847,228.7558372,77.92620461,26.21251834,60.18614781,0.8970099742,153.8537198,6.50633955,297.9970093,0,139.499115,59.2068634,9.999999747e-05,71120.39844,16.23759842,3.8316075
64.80000305,228.7558372,78.00929012,26.33634275,60.15235643,0.8960480377,147.4213079,6.507682323,298.0058594,0,137.4820404,60.9246254,9.999999747e-05,71153.75781,16.22178841,3.850895909
65,279.5904676,78.34610862,26.29818857,60.24499644,0.8977752091,149.954861,6.508248806,298.0099792,0,134.9311218,63.82408142,9.999999747e-05,71176.75781,16.23524475,3.85707925
65.19999695,228.7558372,77.33665506,25.99650987,60.64419785,0.9045610936,151.1628444,6.50894165,298.01474,0,132.1540527,65.39358521,9.999999747e-05,71209.60156,16.3074646,3.855057201
65.40000153,279.5904676,77.46455605,25.99202412,60.77173509,0.9050960157,152.9182004,6.509572983,298.0247192,0,129.0968781,67.38320923,9.999999747e-05,71231.875,16.31301117,3.904800514
65.59999847,279.5904676,76.74244237,25.97223746,60.73870198,0.9032371644,152.0511173,6.50883007,298.0205078,0,125.7878189,71.33981323,9.999999747e-05,71252.98438,16.29761505,3.84528832
65.80000305,228.7558372,77.48344174,26.24509897,60.23908409,0.896885295,149.3865121,6.506281376,298.0198975,0,122.7802124,70.74052429,9.999999747e-05,71283.59375,16.227314,3.858000916
66,228.7558372,78.3837427,26.30942747,59.96167004,0.8972662542,152.2609881,6.502128124,298.0135193,0,120.7936935,71.33441162,9.999999747e-05,71314.57031,16.22099304,3.84497507
66.19999695,228.7558372,77.42349457,26.05443139,60.62401962,0.9040553056,151.6219067,6.498843193,298.0039978,0,120.4678726,69.88391113,9.999999747e-05,71345.02344,16.29309654,3.812831844
66.40000153,228.7558372,78.60184469,26.29646819,60.0712949,0.8970036115,152.8822421,6.49598217,298.0040283,0,121.4480133,67.14678192,9.999999747e-05,71376.35156,16.22082901,3.867561994
66.59999847,228.7558372,76.59405168,26.0318438,60.80477782,0.9032480788,149.0512404,6.495959282,298.0037842,0,123.5740128,67.37911987,9.999999747e-05,71406.78906,16.29715538,3.851128655
66.80000305,228.7558372,77.61668835,26.18804538,60.14952397,0.896722544,152.3697411,6.496073723,298.0055237,0,125.7011871,67.45037842,9.999999747e-05,71438.66406,16.2323513,3.884524041
67,228.7558372,78.48437282,26.30690299,60.03371958,0.8957538691,150.670866,6.49715662,298.0186157,0,127.7912903,68.19703674,9.999999747e-05,71471,16.21826744,3.960636451
67.19999695,279.5904676,77.48649243,26.00457155,60.79089641,0.9048343636,153.4180729,6.499549866,298.0214539,0,129.4453583,72.9094696,9.999999747e-05,71493.47656,16.31565857,3.939713281
67.40000153,228.7558372,78.6071192,26.30788049,60.11644299,0.8984929905,152.3550624,6.501005173,298.0306396,0,130.1409607,74.48709106,9.999999747e-05,71526.71094,16.24551201,3.985672968
67.59999847,228.7558372,78.57356117,26.33041756,59.8918503,0.8956427829,151.9845032,6.502046585,298.0316467,0,130.2617035,78.43331146,9.999999747e-05,71559.84375,16.21914673,3.968282327
67.80000305,279.5904676,77.9591194,26.23858138,60.28488239,0.897747239,150.7964823,6.503359318,298.0255737,0,129.9642487,79.86672211,9.999999747e-05,71582.02344,16.24422264,3.945804431
68,228.7558372,78.20217809,26.35612197,60.09243751,0.8950901638,147.4668198,6.504106045,298.026825,0,129.1395416,78.94510651,9.999999747e-05,71613.92188,16.21520996,3.971249737
68.19999695,279.5904676,78.53890384,26.37817399,59.94835883,0.8951350351,150.3762167,6.504746437,298.0290222,0,128.0189056,80.37935638,9.999999747e-05,71635.88281,16.21364784,4.001468462
68.40000153,228.7558372,78.40886107,26.30730188,59.97772435,0.8959120776,150.2246799,6.504009247,298.0188599,0,126.6405563,82.13577271,9.999999747e-05,71667.79688,16.21996498,3.941336197
68.59999847,228.7558372,78.74227572,26.29742308,59.97759278,0.8974047765,150.4271655,6.502409935,298.0057983,0,125.5614014,79.69954681,9.999999747e-05,71699.55469,16.22924232,3.921423149
68.80000305,228.7558372,76.66117244,25.91235841,60.73028888,0.9051378561,153.3057957,6.501773357,297.9848938,0,125.1202393,75.98256683,9.999999747e-05,71731.125,16.32130814,3.842718321
69,228.7558372,78.57607903,26.27950612,60.04607356,0.8978129952,150.4313811,6.499718666,297.9750977,0,124.9278107,69.08372498,9.999999747e-05,71762.63281,15.16624641,3.887285966
69.19999695,228.7558372,77.79522782,26.09975385,60.50754443,0.9021797153,151.0463768,6.497407913,297.9568176,0,125.5651245,65.29584503,9.999999747e-05,71794.02344,15.19489098,3.811667545
69.40000153,228.7558372,78.88206008,26.36323804,59.94814765,0.8963077923,148.2470446,6.494198799,297.943634,0,127.122963,58.1329422,9.999999747e-05,71825.41406,15.12203026,3.807026584
69.59999847,228.7558372,78.48778361,26.297034,59.96384994,0.8970853887,148.361509,6.492449284,298.1785583,0,129.9666595,17.43988228,68.80123138,71857.23438,15.13755322,3.793036736
69.80000305,279.5904676,76.75910392,26.14757009,60.42888716,0.8967193042,149.1951869,6.493078709,298.1291504,0,133.5023499,96.47428894,6.880123138,71878.96875,15.16850185,3.748730527
70,228.7558372,79.59659352,26.43528469,59.75281926,0.8942419194,147.057654,6.492977619,298.0840149,0,136.7831726,84.35986328,0.6880123019,71912.20312,15.1001482,3.823832224
70.19999695,279.5904676,78.59987118,26.37618323,59.90410355,0.8948803752,145.3884928,6.494695663,298.0464172,0,140.1144714,74.00358582,0.06880123168,71935.07031,15.11998367,3.81240237
70.40000153,228.7558372,77.22208705,26.15158192,60.31502214,0.8985674372,151.4309382,6.497035027,298.0106812,0,142.7502899,64.52656555,0.006880123168,71969.6875,15.18980026,3.74727576
70.59999847,228.7558372,78.61797809,26.42068856,60.08487358,0.8954736836,147.1285336,6.498648643,297.9908142,0,144.4541321,54.21947098,0.0006880122819,72004.1875,15.13573837,3.785931646
70.80000305,279.5904676,78.69110588,26.40841207,59.86089692,0.8960944409,149.3843163,6.500909328,297.9786377,0,145.5167999,48.02750397,9.999999747e-05,72028.98438,15.13947773,3.809531925
71,228.7558372,78.23107557,26.25510742,60.37043637,0.9001569795,149.9951521,6.504170895,297.9776917,0,145.6708679,43.63646317,9.999999747e-05,72064.32031,15.18232059,3.84704518
71.19999695,279.5904676,77.63181861,26.12792495,60.36746229,0.9009759919,149.9301969,6.507807255,297.9782104,0,144.5189667,42.6022377,9.999999747e-05,72088.84375,15.19464493,3.856935435
71.40000153,228.7558372,78.96399465,26.34252172,60.0093823,0.8966449624,148.121801,6.509108543,297.9828186,0,141.914505,41.94509506,9.999999747e-05,72123.26562,15.12795544,3.880016466
71.59999847,228.7558372,77.33986927,26.06987362,60.32568149,0.8989799662,152.8194843,6.510229111,297.9794312,0,138.7984467,42.71709061,9.999999747e-05,72157.49219,15.18029308,3.821213543
71.80000305,228.7558372,78.42642575,26.29830518,59.98742676,0.8968143227,149.4224337,6.508759022,297.9776001,0,135.2273407,40.86644745,9.999999747e-05,72190.5625,15.13545322,3.817152138
72,228.7558372,78.37566902,26.27013588,60.04750817,0.8975852879,148.6447183,6.50612402,297.9749756,0,132.252121,39.48684311,9.999999747e-05,72222.80469,15.14104176,3.794445052
72.19999695,228.7558372,77.29223054,25.99121032,60.28477204,0.9005753742,151.1377762,6.504792213,297.9750061,0,130.3264008,37.76011658,9.999999747e-05,72254.89062,15.18389416,3.795707115
72.40000153,279.5904676,78.33433576,26.28127106,60.02694564,0.8968703522,149.5490993,6.503504276,297.9837646,0,128.925415,36.84624481,9.999999747e-05,72276.34375,15.12232399,3.875767472
72.59999847,228.7558372,77.8768037,26.27462346,60.29323147,0.898009039,148.6680496,6.503165722,297.9970093,0,128.0436096,38.93371964,9.999999747e-05,72307.85938,15.1304121,3.916898633
72.80000305,228.7558372,78.48757085,26.20851618,60.10569893,0.8991822716,149.8070588,6.50156498,298.0011292,0,127.2942276,42.82656479,9.999999747e-05,72339.52344,15.13760948,3.886859036
73,228.7558372,76.88757299,26.05553955,60.28477423,0.8977980504,150.7646497,6.502016068,298.0059509,0,127.1924973,44.04289627,9.999999747e-05,72371.00781,15.14479256,3.894356601
73.19999695,228.7558372,76.65198354,26.01495822,60.46176325,0.8992166878,150.7149691,6.502474785,298.007843,0,126.8995285,45.71634674,9.999999747e-05,72402.35156,15.16226196,3.886316746
73.40000153,228.7558372,78.40644997,26.36762394,60.1386188,0.8967238394,147.7553236,6.501802921,298.0161133,0,126.4295807,46.55868912,9.999999747e-05,72433.55469,15.10167217,3.954363507
73.59999847,228.7558372,78.07383381,26.24827904,60.15086017,0.8981589201,149.4185288,6.501740932,298.0220642,0,126.2320786,49.6860466,9.999999747e-05,72465,15.11932945,3.963664043
73.80000305,228.7558372,78.56817677,26.40089622,60.1156669,0.8966415644,147.8396398,6.501377583,298.0280762,0,126.0537567,52.28774261,9.999999747e-05,72496.25,15.09266758,3.987636665
74,279.5904676,76.24297833,25.82232793,60.75102726,0.9049139006,151.3988004,6.503106117,298.0232544,0,126.0237808,55.13560104,9.999999747e-05,72517.07812,15.21520996,3.924912273
74.19999695,228.7558372,78.4499167,26.20299358,60.10183047,0.8997967894,149.4908741,6.502624035,298.0250549,0,125.2945709,54.48292542,9.999999747e-05,72548.45312,15.12506104,3.980171813
74.40000153,228.7558372,78.63086449,26.26292379,60.11065861,0.8969271411,149.4808171,6.501831532,298.0252075,0,124.7720871,56.0111618,9.999999747e-05,72579.77344,15.09666157,3.98444611
74.59999847,228.7558372,78.29081154,26.23616932,60.20509251,0.8977777417,149.1896544,6.501183033,298.0224915,0,124.5606155,56.98973083,9.999999747e-05,72610.875,15.10886765,3.970850699
74.80000305,279.5904676,77.35468115,26.0696487,60.28829761,0.8982969883,151.5280868,6.502172947,298.0214539,0,124.6069946,56.99694824,9.999999747e-05,72631.83594,15.12739563,3.990228422
75,279.5904676,78.31315851,26.23374387,60.0453058,0.898052141,149.3253711,6.502048969,298.0201111,0,124.2524414,57.50075531,9.999999747e-05,72652.52344,15.10475731,4.001744497
75.19999695,279.5904676,78.57729894,26.2433352,60.05841038,0.8980080607,148.9663378,6.502022266,298.0217896,0,123.9564896,57.85699463,9.999999747e-05,72673.1875,15.09692478,4.029334102
75.40000153,279.5904676,78.34380988,26.21810122,59.97712318,0.8975068667,149.1499457,6.501554489,298.01651,0,123.6673126,59.1950798,9.999999747e-05,72693.70312,15.09733009,3.992067762
75.59999847,228.7558372,78.10547711,26.26572731,60.10903508,0.8970808432,146.8786201,6.501705647,298.0198975,0,123.567009,58.17780685,9.999999747e-05,72724.1875,15.08636665,4.030705166
75.80000305,228.7558372,78.11569973,26.31276142,60.17016974,0.8987779723,150.1588447,6.501707554,298.0202332,0,123.4026871,60.00757217,9.999999747e-05,72755.32031,15.10401154,4.031859805
76,279.5904676,78.79881119,26.26170319,60.03732226,0.8970151712,150.0473346,6.502240658,298.026886,0,123.2401962,60.84686661,9.999999747e-05,72776.23438,15.07446861,4.098573782
76.19999695,228.7558372,77.0791093,25.99417229,60.38436227,0.9008059013,151.0909061,6.50365591,298.0289307,0,122.8622818,63.89701462,9.999999747e-05,72807.22656,15.13605499,4.058364918
76.40000153,279.5904676,77.22935858,26.01799742,60.2607367,0.8989935281,151.0770174,6.503900051,298.0183105,0,121.9170532,65.5638504,9.999999747e-05,72827.5,15.12309933,4.000329521
76.59999847,228.7558372,77.46285663,26.08758053,60.56975451,0.904831415,151.3177926,6.503185749,298.0095825,0,120.8806915,62.96878052,9.999999747e-05,72858.09375,15.17166328,3.991741504
76.80000305,228.7558372,77.03623205,26.10210978,60.68992062,0.9044033899,148.9634918,6.503272057,298.0097046,0,120.1294937,60.72290802,9.999999747e-05,72888.01562,15.1639452,4.031001522
77,279.5904676,77.22245978,26.02804742,60.53070722,0.9021873443,149.5183334,6.503078938,298.0057678,0,119.3381424,61.18507767,9.999999747e-05,72907.46875,15.14380741,4.02187713
77.19999695,279.5904676,76.51569985,25.84958499,60.75617856,0.9023877112,153.6700143,6.502758503,297.9951477,0,118.6274567,60.19045639,9.999999747e-05,72927.33594,15.16858196,3.969450857
77.40000153,228.7558372,77.15880658,25.99277345,60.27957884,0.8993653993,151.3264088,6.50130415,297.9881897,0,118.0445099,56.77707291,9.999999747e-05,72957.19531,15.12277222,3.968196364
77.59999847,228.7558372,78.05491841,26.2004793,60.16677696,0.8991716203,149.5950172,6.499921322,297.9907837,0,118.0465698,54.26756668,9.999999747e-05,72987.04688,15.09764862,4.03270913
77.80000305,228.7558372,76.8284537,25.97101838,60.60811142,0.9038361628,148.1141717,6.497910023,297.9755554,0,118.5978317,54.77086639,9.999999747e-05,73016.13281,15.17102814,3.890847332
78,228.7558372,77.50135598,26.05724679,60.66068288,0.9030658574,151.4569701,6.495883465,297.9640503,0,119.9560318,49.15142059,9.999999747e-05,73046.34375,15.16349602,3.896981789
78.19999695,228.7558372,77.47824499,26.1721317,60.2469115,0.897592727,151.3627802,6.493974209,297.9525146,0,122.1227646,44.38513947,9.999999747e-05,73076.92188,15.11560917,3.865257372
78.40000153,228.7558372,76.6712165,26.10809398,60.35952299,0.8985589385,150.5110169,6.491951466,297.9351501,0,125.052803,39.14206314,9.999999747e-05,73107.54688,15.14565849,3.764754097
78.59999847,279.5904676,78.12229516,26.27033935,60.09523857,0.8990929379,150.528273,6.491249561,298.1105347,0,128.7927704,11.74261856,54.42970276,73128.92188,15.13053894,3.832216822
78.80000305,228.7558372,76.66689987,26.02453394,60.40600248,0.899122408,151.5706295,6.492601395,298.0714417,0,132.8088226,69.94904327,5.442970276,73161.28125,15.16259193,3.774951794
79,228.7558372,78.65146473,26.35578426,60.01680847,0.8946845262,145.2017152,6.494244099,298.0392761,0,136.2815247,59.28547287,0.5442970395,73193.6875,15.08321571,3.866438008
79.19999695,228.7558372,78.52460925,26.32772906,60.02117858,0.8971124917,152.1009432,6.49617672,298.0090637,0,139.102829,51.15867996,0.05442970619,73228.00781,15.12116241,3.844512374
79.40000153,228.7558372,78.84219436,26.27468732,60.02888146,0.8980256694,148.5575038,6.497644424,297.9850769,0,141.1510468,42.45014954,0.005442970432,73262.03906,15.12827873,3.814883176
79.59999847,228.7558372,78.54967128,26.29665799,60.07420124,0.8976941978,148.9231396,6.499907017,297.9707031,0,142.6146851,34.74069214,0.0005442970432,73296.39844,15.12873363,3.826739321
79.80000305,279.5904676,77.47507777,26.043202,60.44777766,0.9020662916,150.1112671,6.503433704,297.9598389,0,143.1692352,29.40370178,9.999999747e-05,73320.375,15.18850708,3.81240463
80,228.7558372,78.1477674,26.31094273,60.1119479,0.8964889668,147.2467165,6.505064487,297.9552612,0,142.3114929,24.66121864,9.999999747e-05,73354.19531,15.11999702,3.809189205
80.19999695,228.7558372,78.20477484,26.18269266,60.12682839,0.8983269826,150.444587,6.506363869,297.9536743,0,140.8116302,21.6611824,9.999999747e-05,73388.375,15.13941288,3.814396406
80.40000153,228.7558372,77.33683896,26.1434424,60.53666662,0.9030737206,151.5136724,6.507048607,297.9510803,0,138.7871094,19.466856,9.999999747e-05,73422.07812,15.19548416,3.772397643
80.59999847,279.5904676,77.22868101,26.09919364,60.32424418,0.8972097121,150.9186332,6.50693512,297.9496765,0,136.489563,16.84585762,9.999999747e-05,73444.69531,15.14361,3.757135847
80.80000305,228.7558372,76.96794662,26.03169719,60.50100899,0.9008069409,151.7489994,6.506320477,298.0396118,0,134.2381287,5.053757191,26.68422699,73477.35938,15.17743206,3.74693593
81,228.7558372,77.16775597,26.04307608,60.37861884,0.8983154651,150.864329,6.505349636,298.0274658,0,132.2316132,34.20608902,2.668422699,73509.49219,15.14735413,3.764192988
81.19999695,228.7558372,76.94780787,26.10868547,60.35115253,0.8993120933,152.6031265,6.50339365,298.0089722,0,130.6129913,30.82290459,0.2668422759,73541.5625,15.15907192,3.735834057
81.40000153,228.7558372,78.214475,26.21462982,60.10507618,0.8975827515,149.6695894,6.500125885,297.9978027,0,129.7787781,25.57317924,0.02668422833,73573.17969,15.12254524,3.752449587
81.59999847,228.7558372,77.99760953,26.16019273,60.27614005,0.89973786,151.5015693,6.497929573,297.9908142,0,130.2528076,22.19378471,0.00266842288,73605.23438,15.14794827,3.762463027
81.80000305,279.5904676,78.32165777,26.22071446,60.16362262,0.8974221978,148.8906458,6.496179104,297.9863281,0,131.5977478,19.77844238,0.0002668422821,73626.6875,15.12125301,3.77157042
82,228.7558372,78.14724688,26.28131951,60.36101845,0.8977958127,148.3788479,6.49521637,297.9840698,0,133.6447754,17.94335365,9.999999747e-05,73658.85938,15.12801266,3.766905779
82.19999695,279.5904676,78.47853576,26.27051876,60.18367204,0.8967197774,149.6672433,6.495889664,297.9844666,0,136.0758362,16.67923164,9.999999747e-05,73681.50781,15.11555862,3.811710338
82.40000153,228.7558372,78.46137543,26.202804,60.21904569,0.8978949216,150.4457059,6.49673748,297.9833679,0,138.2345886,16.23770523,9.999999747e-05,73715.14844,15.13244438,3.788990623
82.59999847,228.7558372,77.62745275,26.28689374,60.27642788,0.8987303707,149.382316,6.498971939,297.983551,0,140.0589142,15.27199173,9.999999747e-05,73748.78125,15.14505577,3.794867413
82.80000305,228.7558372,77.97995858,26.30898733,60.25384727,0.8993520302,151.4078275,6.501884937,297.9869995,0,140.9855499,14.71889305,9.999999747e-05,73783.1875,15.14620686,3.845114456
83,228.7558372,77.02533176,25.99616952,60.4046012,0.9012460558,150.6593924,6.504002571,297.9822083,0,140.7492676,15.29671764,9.999999747e-05,73816.97656,15.18570518,3.747995826
83.19999695,228.7558372,77.80360041,26.16727097,60.32399441,0.9004405814,147.0521884,6.505370617,297.9837952,0,139.6705322,13.12922573,9.999999747e-05,73850.05469,15.15751648,3.787700494
83.40000153,228.7558372,77.94436635,26.2856132,60.21913892,0.8989337997,151.2287598,6.505831718,297.9846191,0,138.0446014,13.04088783,9.999999747e-05,73883.71094,15.14334869,3.79234175
83.59999847,228.7558372,78.02248005,26.17556563,60.31097679,0.8994048517,151.1370486,6.506126404,297.9869385,0,136.2347717,12.71072578,9.999999747e-05,73917,15.14635849,3.805132514
83.80000305,279.5904676,76.10875063,25.86146054,60.85276371,0.9046893639,149.8183706,6.508061886,297.9871216,0,134.3047485,12.9229393,9.999999747e-05,73938.67969,15.21745777,3.780688284
84,228.7558372,77.92956911,26.25321484,60.19426032,0.898448886,151.4057449,6.507825375,297.9941711,0,131.5945892,12.47757626,9.999999747e-05,73971.14062,15.12418652,3.858115673
84.19999695,279.5904676,77.7832521,26.15599999,60.26580163,0.8978290462,151.0139179,6.508820057,298.0054626,0,128.9914093,14.42960072,9.999999747e-05,73992.65625,15.11130238,3.945521779
84.40000153,228.7558372,77.77005684,26.12307636,60.35117623,0.8996532854,151.857005,6.50732708,298.0080261,0,125.9794464,18.05269623,9.999999747e-05,74024.03125,15.13203144,3.868408453
84.59999847,279.5904676,78.32863797,26.16560275,60.26799545,0.8999557341,148.8756758,6.505478859,298.0127869,0,123.5767136,19.05507278,9.999999747e-05,74044.07031,15.11700153,3.909367614
84.80000305,228.7558372,77.39270583,25.97196491,60.66461464,0.9043011173,151.2175666,6.502828121,298.0095215,0,121.9064865,20.98545456,9.999999747e-05,74074.32031,15.17774868,3.826290382
85,228.7558372,77.48489391,26.02726872,60.60656431,0.9018514646,150.1576695,6.500871181,298.0103149,0,121.2981033,20.29894638,9.999999747e-05,74104.32031,15.1482811,3.864203918
85.19999695,228.7558372,76.96119076,25.98524954,60.5550005,0.902147708,150.9485714,6.500614166,298.0135803,0,121.4675217,20.94943237,9.999999747e-05,74134.47656,15.15227604,3.905667159
85.40000153,228.7558372,78.02435684,26.30213158,60.17815479,0.8977459447,150.9742609,6.501124382,298.0258484,0,121.7364502,22.46133232,9.999999747e-05,74165.19531,15.08246326,4.037717134
85.59999847,279.5904676,77.71267054,26.14366688,60.22958382,0.8979999457,150.6465724,6.502082348,298.0314026,0,121.8041229,27.18057251,9.999999747e-05,74185.32031,15.09289169,4.024545028
85.80000305,228.7558372,77.30517068,26.14434401,60.31147169,0.8980840725,148.2681255,6.502113342,298.0301514,0,121.4897003,29.97539902,9.999999747e-05,74215.13281,15.09851933,3.958925379
86,228.7558372,77.54315801,26.15456101,60.3420193,0.898211369,149.1071395,6.501979351,298.0285034,0,121.167305,30.67934036,9.999999747e-05,74245.13281,15.09702015,3.968846119
86.19999695,279.5904676,78.13312403,26.18981464,60.34893489,0.897948534,147.4129496,6.502023697,298.0291138,0,120.8961487,31.24444962,9.999999747e-05,74264.5,15.08226013,4.014069192
86.40000153,279.5904676,77.77638144,26.15849053,60.38049566,0.898495692,149.5275564,6.502349377,298.027832,0,120.6061783,32.53614807,9.999999747e-05,74284.16406,15.0926981,4.012889641
86.59999847,228.7558372,77.74403557,26.15044232,60.20990429,0.8984089798,149.7481026,6.501960754,298.0240479,0,120.185585,33.18395615,9.999999747e-05,74314.17969,15.09068489,3.982504947
86.80000305,228.7558372,76.22667218,25.83859615,60.71396517,0.9029458097,151.7109895,6.501795769,298.0110779,0,119.923584,32.93148422,9.999999747e-05,74343.98438,15.16659164,3.877546082
87,279.5904676,78.19859235,26.25391415,60.3270175,0.8998992376,152.4936998,6.500972748,298.0084534,0,119.7245178,29.38877678,9.999999747e-05,74364.14062,15.10301876,3.989317338
87.19999695,228.7558372,77.84519738,26.13883682,60.22334104,0.8984705341,149.6822469,6.501127243,298.0106506,0,119.8575516,28.99629593,9.999999747e-05,74394.13281,15.0865078,4.014608114
87.40000153,228.7558372,76.74724918,25.98208495,60.40764375,0.8983057656,152.295423,6.501261234,298.0036621,0,119.9234543,30.08852768,9.999999747e-05,74424.27344,15.11177158,3.929355967
87.59999847,279.5904676,77.20232076,26.22076193,60.34688393,0.8989162029,149.2877093,6.501796722,298.0033569,0,119.9389877,28.06564713,9.999999747e-05,74443.57812,15.09770584,3.994084783
87.80000305,279.5904676,77.59491885,26.06748345,60.5520198,0.9013679775,149.654927,6.502226353,298.0032654,0,119.7390213,28.14479446,9.999999747e-05,74463,15.1196909,4.003658141
88,228.7558372,77.7378029,26.10911332,60.29193889,0.8992934413,151.0744698,6.501957893,298.0022888,0,119.3687439,28.24004364,9.999999747e-05,74493.09375,15.09771156,3.989844595
88.19999695,279.5904676,77.49838587,26.23611537,60.24007816,0.8977213283,152.6748926,6.501347065,297.9971924,0,119.1077957,28.03081894,9.999999747e-05,74512.92188,15.08884811,3.963353297
88.40000153,279.5904676,76.31511921,25.88140525,60.79696157,0.9023091372,152.558248,6.501802444,297.9901428,0,119.090065,26.36742401,9.999999747e-05,74532.34375,15.15608597,3.914590911
88.59999847,279.5904676,76.57877571,26.0422223,60.51120034,0.9010086442,154.0313968,6.50165081,297.9846497,0,118.8855515,23.86600304,9.999999747e-05,74552.08594,15.13767052,3.915971279
88.80000305,228.7558372,75.87748762,25.87482163,60.83587592,0.9022045677,150.4689375,6.502929688,297.9862671,0,118.7471085,21.65755463,9.999999747e-05,74581.39062,15.1519556,3.946954542
89,228.7558372,77.49122903,26.21188822,60.32842985,0.8989339358,152.5355327,6.502604485,297.9908142,0,118.0905914,21.67520714,9.999999747e-05,74611.46875,15.09422684,4.003675943
89.19999695,228.7558372,78.29391546,26.12116111,60.31454333,0.898813712,150.8613545,6.501169205,297.9925842,0,117.5739365,22.71697617,9.999999747e-05,74641.22656,15.086936,3.983139832
89.40000153,279.5904676,76.21148961,25.96834833,60.51070316,0.8992351628,150.2199343,6.500320435,297.9840393,0,117.6299896,22.9480648,9.999999747e-05,74659.74219,15.12344074,3.863447195
89.59999847,228.7558372,77.5480883,26.06985362,60.34158351,0.9001552047,150.6422945,6.499048233,297.9828186,0,118.0199738,19.70900536,9.999999747e-05,74689.25781,15.11109829,3.915336148
89.80000305,228.7558372,78.00767185,26.22696159,60.32799428,0.8997776849,151.7951185,6.499424934,297.9905396,0,118.9222183,18.75899506,9.999999747e-05,74719.50781,15.09339333,4.030061466
90,279.5904676,78.18165325,26.14771371,60.39657646,0.9019855764,152.6067934,6.501105309,298.0003052,0,119.6669159,20.78834724,9.999999747e-05,74739.78906,15.11005306,4.101086782
90.19999695,228.7558372,76.91953372,25.99340452,60.5314017,0.9004608262,148.4426333,6.50187397,297.9978943,0,119.7404099,23.73596001,9.999999747e-05,74769.13281,15.11822701,3.953074465
90.40000153,228.7558372,77.00898165,26.05555214,60.68307811,0.904807633,152.9510282,6.503410816,298.0006714,0,119.51371,22.84970474,9.999999747e-05,74799.50781,15.15507221,4.025411031
90.59999847,228.7558372,77.34028888,26.1093011,60.38403173,0.8984003051,148.9596548,6.504592896,298.0062256,0,118.6667023,23.73944664,9.999999747e-05,74829.02344,15.08243465,4.057762362
90.80000305,228.7558372,78.19852145,26.28297909,60.2768043,0.8986534968,150.9494081,6.505642414,298.0197754,0,117.350647,25.66943169,9.999999747e-05,74859.10938,15.06158638,4.180301946
91,228.7558372,77.24825939,26.09581944,60.42248319,0.9000874638,148.4811579,6.506667614,298.0274048,0,115.6141129,30.52628899,9.999999747e-05,74888.03906,15.08493328,4.13678883
91.19999695,228.7558372,77.49049952,26.00169125,60.57318642,0.9018913154,149.5872949,6.506722927,298.0316162,0,113.4671249,33.80437469,9.999999747e-05,74916.79688,15.10079098,4.128414732
91.40000153,228.7558372,76.65540303,25.91793898,60.63514579,0.9031190711,149.3632511,6.506028175,298.0280151,0,111.3011398,36.22981262,9.999999747e-05,74944.75,15.12328625,4.053912604
91.59999847,279.5904676,77.64781353,25.98229742,60.70086768,0.9030669925,150.676993,6.504423141,298.0260315,0,109.4123306,36.14028931,9.999999747e-05,74962.44531,15.1101141,4.097094009
91.80000305,228.7558372,76.8789167,25.93607488,60.7029021,0.903796292,150.7643314,6.501969814,298.0175476,0,108.1661682,36.53191376,9.999999747e-05,74990.03125,15.12796116,4.009649269
92,228.7558372,76.94662405,25.86987285,60.7352779,0.9056423437,150.8384632,6.499418736,298.0085754,0,107.901207,34.60005951,9.999999747e-05,75017.55469,15.14578819,3.98876179
92.19999695,228.7558372,76.96919608,25.89352603,60.76094869,0.9048829523,151.6333801,6.496851444,297.9979248,0,108.6543121,32.218647,9.999999747e-05,75045.35156,15.1439867,3.956411975
92.40000153,228.7558372,77.67435237,26.10505376,60.299877,0.8981726788,150.8795339,6.49498558,297.9931946,0,110.4340134,28.93781471,9.999999747e-05,75073.60156,15.06777096,4.004070253
92.59999847,228.7558372,77.10191298,25.88829601,60.68818791,0.9047576557,150.7640234,6.495218277,297.9895325,0,112.9577255,27.31182098,9.999999747e-05,75102.1875,15.141078,4.004074961
92.80000305,228.7558372,78.40113358,26.13630166,60.28971253,0.8987070522,149.4103423,6.495340347,297.9891968,0,115.383667,25.82250214,9.999999747e-05,75131.36719,15.06577682,4.047494242
93,279.5904676,77.90799448,26.03427477,60.40807175,0.9017328687,151.88405,6.497197628,297.9874878,0,117.7677917,25.3448658,9.999999747e-05,75150.99219,15.10640717,4.05738388
93.19999695,228.7558372,77.23024664,26.02767347,60.65593915,0.905143537,153.6036175,6.499312401,297.9829407,0,119.403038,24.34844208,9.999999747e-05,75181.50781,15.15281487,4.008790281
93.40000153,228.7558372,76.66050617,25.95377756,60.81310306,0.9036487014,149.1932563,6.501285076,297.9760132,0,120.196991,22.32400703,9.999999747e-05,75211.03125,15.14831734,3.944024032
93.59999847,228.7558372,78.04520114,26.21914129,60.41867736,0.899995475,150.2135237,6.502523422,297.9767151,0,120.2033463,19.33477783,9.999999747e-05,75241.21875,15.08935642,4.025913435
93.80000305,279.5904676,77.53216129,26.2055762,60.35865457,0.8989073949,150.1204267,6.504236698,297.9773865,0,119.7162018,18.72850418,9.999999747e-05,75260.74219,15.08303165,4.03323754
94,228.7558372,77.44575058,26.05143743,60.3482259,0.8994781352,150.9799892,6.505701065,297.9801636,0,118.5398865,18.07687569,9.999999747e-05,75290.60938,15.08870316,4.04115493
94.19999695,279.5904676,76.97255578,25.95290855,60.6049948,0.9019387928,151.2474667,6.507718086,297.9851379,0,116.7800598,18.17961693,9.999999747e-05,75309.6875,15.11428738,4.083297759
94.40000153,228.7558372,77.09726138,26.08495631,60.49717176,0.9001679016,152.5161011,6.507603645,297.9867859,0,114.2108383,19.13841248,9.999999747e-05,75338.89844,15.0952034,4.035097708
94.59999847,228.7558372,76.9302761,25.98922059,60.72543833,0.9023667813,152.3333769,6.506923676,297.9888306,0,111.6961288,19.11136436,9.999999747e-05,75367.50781,15.11672783,4.032685843
94.80000305,279.5904676,76.63406461,25.94424241,60.54124831,0.900210589,152.5790066,6.505971432,297.9896851,0,109.4484634,19.30156708,9.999999747e-05,75385.19531,15.09764957,4.029859677
95,279.5904676,77.47718737,26.02744259,60.43820868,0.9019437621,150.939679,6.502869606,297.9880981,0,107.5807724,19.16728401,9.999999747e-05,75402.29688,15.09958076,3.991810614
95.19999695,228.7558372,78.07621471,26.09217119,60.40346456,0.9008137093,149.5455995,6.499411106,297.9902039,0,106.9600449,18.22243118,9.999999747e-05,75429.60938,15.07651901,4.013841708
95.40000153,279.5904676,77.13384001,26.01069604,60.46790625,0.8989361566,150.9491007,6.497745037,297.9901123,0,107.7170792,18.52292252,9.999999747e-05,75446.70312,15.07538795,4.009331075
95.59999847,228.7558372,77.33517756,26.01288835,60.4513313,0.9012484804,151.0724912,6.496783257,297.9919434,0,109.1334076,18.10800934,9.999999747e-05,75474.63281,15.09223938,4.024981905
95.80000305,279.5904676,76.75978947,25.86117752,60.7154879,0.9017728136,151.67206,6.497295856,297.9902954,0,110.9379272,18.36194992,9.999999747e-05,75492.4375,15.11457443,4.006548303
96,228.7558372,76.52976946,25.91011026,60.53131297,0.9007018688,152.2957974,6.498068333,297.9877319,0,112.5347595,17.47801971,9.999999747e-05,75521.05469,15.10806847,3.979936683
96.19999695,228.7558372,76.74306742,25.91120236,60.61308086,0.9029146642,151.1604692,6.499904633,297.9900818,0,113.8265305,16.24556351,9.999999747e-05,75549.84375,15.1213665,4.03933035
96.40000153,279.5904676,76.85488597,25.93541167,60.70106712,0.902442894,152.2482302,6.501913071,297.9909363,0,114.3811951,16.60997391,9.999999747e-05,75568.57031,15.12010765,4.050835011
96.59999847,228.7558372,77.5606564,26.08815971,60.46088832,0.8988667949,147.6330583,6.502413273,297.9925232,0,114.1352463,16.51423073,9.999999747e-05,75596.88281,15.06951237,4.032426168
96.80000305,228.7558372,77.31785877,26.15577921,60.43378288,0.9010519963,152.8900439,6.502192497,297.9889526,0,113.6947098,16.71920967,9.999999747e-05,75626.07031,15.09953117,3.986677255
97,228.7558372,77.46875943,26.13675801,60.43609734,0.9009680236,154.0320987,6.501852989,297.9863586,0,113.3399963,15.1917696,9.999999747e-05,75655.45312,15.09941959,3.990944604
97.19999695,279.5904676,76.78526921,26.00028694,60.55443565,0.8983528604,149.8204316,6.501140118,297.9789734,0,113.1192703,13.91752052,9.999999747e-05,75673.17188,15.08873177,3.902336799
97.40000153,279.5904676,76.79293844,25.85098076,60.78921377,0.9023789129,152.3734784,6.500163078,297.9708557,0,113.1845627,10.86819458,9.999999747e-05,75691.34375,15.13572311,3.864766365
97.59999847,228.7558372,77.30347498,25.9658786,60.51917857,0.9004207467,150.9510621,6.497273445,297.9624939,0,113.6403122,7.334454536,9.999999747e-05,75719.75781,15.11231041,3.789625871
97.80000305,279.5904676,77.40687507,26.15543188,60.38050884,0.9001166474,152.7912518,6.496875763,297.9621887,0,115.2573776,3.423689365,9.999999747e-05,75738.625,15.10109234,3.895479482
98,228.7558372,76.84575521,25.92302211,60.73660933,0.9052858636,150.9028346,6.497570038,297.9618835,0,117.0191803,1.969985247,9.999999747e-05,75767.71094,15.15994072,3.860858775
98.19999695,228.7558372,76.89021869,26.12607721,60.57441644,0.9031173337,150.2014974,6.499245644,297.9653931,0,118.5077057,0.4469810426,9.999999747e-05,75797.04688,15.13193703,3.91082656
98.40000153,228.7558372,77.34208424,25.93100346,60.5858232,0.9020457126,151.3441266,6.501883984,297.9715576,0,119.3261032,0.2307564318,9.999999747e-05,75826.96094,15.12123203,3.974184575
98.59999847,279.5904676,77.92001416,26.13323452,60.3989002,0.8991615496,149.9593683,6.50438118,297.9801636,0,119.0892334,1.03268981,9.999999747e-05,75846.35156,15.07834721,4.04204301
98.80000305,228.7558372,77.2422881,26.01827297,60.42880584,0.9006039128,151.2228951,6.506399632,297.985321,0,117.8569565,2.893917322,9.999999747e-05,75875.97656,15.10090828,4.000446352
99,228.7558372,77.52500532,25.96196155,60.49958801,0.9020327022,152.3742991,6.507056236,297.9882202,0,115.8184586,3.86624527,9.999999747e-05,75905.4375,15.11366653,3.977523255
99.19999695,279.5904676,76.61786833,25.91248085,60.55242103,0.9009859818,151.9492079,6.507507324,297.9883118,0,113.5202942,4.270617485,9.999999747e-05,75923.64062,15.11379814,3.944604994
99.40000153,228.7558372,77.3982464,26.00307074,60.52244738,0.9018576895,151.3617579,6.506685257,297.993042,0,111.0379028,3.845868587,9.999999747e-05,75951.92969,15.10283184,3.991096811
99.59999847,228.7558372,76.99479024,26.02730516,60.75797264,0.9033081936,152.9206416,6.505657673,297.9971924,0,108.8878479,5.037633896,9.999999747e-05,75980.03125,15.1201973,4.000302347
99.80000305,279.5904676,76.06995762,26.02047292,60.69437939,0.9011505999,152.8568377,6.505527973,298.0012512,0,107.1455536,6.170079231,9.999999747e-05,75997.15625,15.10553455,4.02648986
100,279.5904676,76.79996581,26.01569983,60.54995483,0.8998957034,149.7098047,6.504826069,298.0088501,0,105.4515915,7.440079212,9.999999747e-05,76013.55469,15.07424641,4.08231596
100.1999969,228.7558372,75.96653728,25.92242162,60.8926367,0.9029830339,152.2172418,6.502797127,298.0070801,0,104.0430145,10.0743494,9.999999747e-05,76040.23438,15.12461376,3.955809367
100.4000015,279.5904676,76.52367798,25.91977914,60.60246581,0.9016046047,151.9662258,6.501604557,298.0100708,0,103.4486313,9.738009453,9.999999747e-05,76056.57812,15.09683704,4.046132258
100.5999985,228.7558372,76.05060256,25.88448343,60.72196157,0.9016045294,151.1465231,6.499849796,298.0082397,0,103.3241653,11.04565716,9.999999747e-05,76082.9375,15.10654831,3.967275276
100.8000031,228.7558372,76.0067011,25.7724634,60.82315245,0.9033765744,153.7804668,6.498693943,298.0050354,0,103.9061508,10.77389336,9.999999747e-05,76109.9375,15.13140202,3.961508676
101,228.7558372,76.38569759,25.84547605,60.6984208,0.9026894739,152.3299971,6.497456074,298.0015564,0,104.9467239,9.991923332,9.999999747e-05,76136.92188,15.11957645,3.950137833
101.1999969,228.7558372,77.0033519,26.00838001,60.46434982,0.9011722231,150.5598501,6.496707439,298.0010986,0,106.4845734,9.003011703,9.999999747e-05,76164.07812,15.09129429,3.989838124
101.4000015,279.5904676,76.11881739,25.7530495,60.84972186,0.9054252744,152.5182303,6.497916222,297.9971313,0,108.3201141,8.926339149,9.999999747e-05,76181.30469,15.15394592,3.96999094
101.5999985,228.7558372,76.54946012,25.90958467,60.55100817,0.9001823294,152.4281037,6.498918533,297.9950256,0,109.6673584,7.600461483,9.999999747e-05,76209.35938,15.09897423,3.977469916
101.8000031,228.7558372,77.66037337,26.04241268,60.4108593,0.8993365562,149.9922366,6.498788357,297.9931641,0,110.6204453,6.797389507,9.999999747e-05,76237.35156,15.07616711,3.969360592
102,228.7558372,77.12165815,26.11320646,60.52215799,0.9016553923,153.100803,6.498366356,297.9861755,0,111.6288071,5.98885107,9.999999747e-05,76265.94531,15.11300755,3.894021035
102.1999969,228.7558372,76.62717734,26.13274154,60.51113649,0.9002285114,150.9861152,6.499064445,297.9817505,0,112.8031998,3.329174995,9.999999747e-05,76294.24219,15.10266972,3.897110118
102.4000015,279.5904676,77.59643532,26.15236217,60.4731916,0.9002505539,152.5941046,6.499746323,297.9794312,0,113.6936874,1.343027472,9.999999747e-05,76312.86719,15.09627914,3.939008176
102.5999985,228.7558372,76.28172028,25.88260461,60.68251624,0.9015225512,150.8883616,6.501665592,297.9763794,0,114.3151169,9.999999747e-05,9.999999747e-05,76341.32812,15.12663841,3.890162705
102.8000031,228.7558372,77.90546217,26.08472619,60.42408014,0.8987045966,150.8589948,6.501785278,297.974762,0,114.1647568,9.999999747e-05,9.999999747e-05,76370.15625,15.07986069,3.916866773
103,228.7558372,77.86981124,26.14109717,60.48555979,0.9017660724,151.8499759,6.50114584,297.97052,0,113.9763947,9.999999747e-05,9.999999747e-05,76399.07812,15.11046028,3.875956748
103.1999969,228.7558372,75.88592741,25.98979713,60.7014799,0.9018998653,152.5848204,6.501930237,297.9619751,0,114.0404587,9.999999747e-05,9.999999747e-05,76427.60156,15.14010429,3.807415757
103.4000015,228.7558372,76.50242568,25.89967917,60.54515462,0.900795539,151.9979311,6.502591133,297.9549255,0,113.7837753,9.999999747e-05,9.999999747e-05,76456.11719,15.12225533,3.836201755
103.5999985,228.7558372,76.67523052,25.99552767,60.74967594,0.905722368,152.7819388,6.502030373,297.9456482,0,113.267662,9.999999747e-05,9.999999747e-05,76484.66406,15.16727448,3.79785874
103.8000031,279.5904676,76.73774135,26.00050121,60.67142703,0.9034807075,153.854545,6.502538681,297.9711304,0,112.9794159,9.999999747e-05,11.89348793,76503.03125,15.1449337,3.862425581
104,228.7558372,76.5852246,25.91924541,60.60448673,0.9014261994,152.0351351,6.501276016,297.9560242,0,112.4804535,6.831561089,1.189348698,76531.15625,15.13297844,3.753796486
104.1999969,279.5904676,76.79889248,25.94568934,60.74873522,0.9036320901,151.763983,6.500195026,297.9439392,0,112.4957809,0.3425334394,0.1189348772,76548.85156,15.15135765,3.76850023
104.4000015,228.7558372,77.11688436,26.02236017,60.45526369,0.900408497,150.9407081,6.499968052,297.9673157,0,112.937233,0.1027600318,11.40857029,76577.08594,15.10983467,3.826573816
104.5999985,228.7558372,76.42757924,25.8796625,60.6177902,0.9007221665,153.1813466,6.500368118,297.9533386,0,113.4672775,6.15885067,1.140856981,76605.64844,15.1308918,3.788449651
104.8000031,279.5904676,76.76855772,25.96459525,60.56302045,0.9004235371,150.5201601,6.50203371,297.9464722,0,113.8380814,9.999999747e-05,0.1140856966,76623.53125,15.11386967,3.883016496
105,228.7558372,77.3402976,26.03847425,60.51086596,0.9007798928,151.5697094,6.503894806,297.9698792,0,113.5403824,9.999999747e-05,9.263201714,76652.28906,15.10391903,3.967066595
105.1999969,228.7558372,76.51720184,25.92803289,60.58861789,0.9003358658,152.6618522,6.506093979,297.9643555,0,112.5016708,6.114878178,0.9263201356,76680.85938,15.11178589,3.956332792
105.4000015,279.5904676,76.33985509,25.97750464,60.84845492,0.9025598413,150.922421,6.507573605,297.9584656,0,110.5827408,2.907839775,0.09263201803,76698.19531,15.13090706,3.950781221
105.5999985,279.5904676,77.56641234,26.13840171,60.45736942,0.9008399431,151.6993332,6.507341862,297.958374,0,108.0755234,9.999999747e-05,0.009263201617,76715.58594,15.08998966,4.013992517
105.8000031,228.7558372,76.17324521,25.78230028,60.82826281,0.9050150538,151.9509791,6.506103039,297.9518127,0,105.6643448,9.999999747e-05,0.00092632015,76742.42969,15.15544319,3.868402783
106,228.7558372,77.19030338,26.00563512,60.49692838,0.9007436767,150.883031,6.503540993,297.9484863,0,103.7463913,9.999999747e-05,9.999999747e-05,76769,15.09382629,3.916197464
106.1999969,228.7558372,76.32348568,25.85577041,60.74534816,0.9037132433,150.7063839,6.502893448,297.9746094,0,102.8544083,9.999999747e-05,9.655106544,76795.24219,15.12658596,3.975889501
106.4000015,228.7558372,76.97330562,25.99453866,60.53588125,0.9016115006,151.422378,6.500986576,297.9702454,0,102.2108841,7.10694313,0.9655106068,76821.64062,15.09901714,3.959779464
106.5999985,279.5904676,76.96637369,26.03204606,60.58345736,0.901005726,152.0445212,6.499279976,297.9635315,0,102.3404388,4.445683002,0.09655106068,76837.75,15.09715652,3.952178222
106.8000031,279.5904676,76.86561092,25.89434625,60.7293371,0.9040846312,151.2423919,6.498967648,297.960968,0,103.1479568,1.051780224,0.009655106813,76853.88281,15.12605667,3.987616861
107,228.7558372,76.15739666,25.8757793,60.78340571,0.9026689163,150.1045843,6.498875141,297.9564209,0,104.0764084,9.999999747e-05,0.0009655106114,76880.17188,15.12427044,3.919560575
107.1999969,279.5904676,76.00545414,25.83875218,60.7946208,0.9020937952,151.8268735,6.499326229,297.9490662,0,105.0456924,9.999999747e-05,9.999999747e-05,76896.5,15.12820053,3.904109693
107.4000015,228.7558372,76.96828538,25.9121387,60.57474252,0.9036620371,150.9041958,6.49789238,297.9701233,0,105.8333359,9.999999747e-05,11.25238705,76923.35938,15.13221455,3.836400461
107.5999985,228.7558372,76.35373246,25.89332383,60.936629,0.9018033496,150.6526379,6.496564388,297.9535828,0,107.2024536,5.409612656,1.125238657,76950.17188,15.13482571,3.754077402
107.8000031,279.5904676,77.30385292,26.01849125,60.54593932,0.8996894106,148.2286211,6.495851994,297.9409485,0,109.0965347,9.999999747e-05,0.1125238687,76966.71875,15.09735394,3.807207507
108,228.7558372,77.38009547,26.1168485,60.53508023,0.9011332187,151.858465,6.496122837,297.9596252,0,111.2737579,9.999999747e-05,11.47003365,76994.94531,15.11363888,3.82499786
108.1999969,228.7558372,76.74140274,26.04863298,60.61530687,0.9028991878,151.3249377,6.498630047,297.9472961,0,113.3414917,4.325912476,1.147003412,77023.375,15.13599491,3.862165608
108.4000015,228.7558372,76.31775873,26.00564181,60.79494792,0.9031548399,151.8765939,6.501840591,297.9971619,0,114.4021378,1.297773719,23.23431015,77052.01562,15.14840126,3.857637151
108.5999985,228.7558372,77.45121906,25.96724606,60.47594828,0.9019545718,149.9412569,6.504718304,297.981842,0,114.1833725,16.6190834,2.323431015,77080.5625,15.11611176,3.934798119
108.8000031,279.5904676,77.42417743,26.04789389,60.48446725,0.9030119458,153.8197593,6.507902145,297.9680481,0,112.8169785,10.85201931,0.2323431075,77099.3125,15.12349987,4.021618831
109,228.7558372,77.2857205,25.99164298,60.45545757,0.9011295198,150.6429422,6.509923458,297.9600525,0,110.1747971,5.527943134,0.02323430963,77127.28906,15.09930515,4.018633956
109.1999969,228.7558372,77.38273406,25.97275542,60.56690822,0.9005345156,152.020465,6.510895252,297.9571838,0,106.7289429,1.676582932,0.002323430963,77154.9375,15.0896368,4.061621306
109.4000015,279.5904676,77.13028801,25.94641312,60.50516969,0.9006795353,151.1219277,6.510427952,297.9541016,0,102.8941345,9.999999747e-05,0.0002323430963,77171.07812,15.0884285,4.033597606
109.5999985,279.5904676,77.21769264,25.99222662,60.65430032,0.9000799866,149.6538117,6.508182526,297.951416,0,99.24758148,9.999999747e-05,9.999999747e-05,77186.19531,15.07675266,4.01608627
109.8000031,279.5904676,77.1843516,25.93146437,60.59135429,0.9033999209,151.1437969,6.504422665,297.9461365,0,96.50037384,9.999999747e-05,9.999999747e-05,77200.96875,15.10688114,3.96260153
110,228.7558372,76.0041728,25.81158794,60.78654339,0.902495517,151.8561519,6.500294685,297.9679871,0,95.25640869,9.999999747e-05,11.67859077,77225.65625,15.12020302,3.849024558
110.1999969,228.7558372,76.19894337,25.83254051,60.69235683,0.9022190237,152.8274981,6.496232986,297.9547729,0,95.66003418,5.554252625,1.167859077,77250.64062,15.11855221,3.827470902
110.4000015,279.5904676,76.0488326,25.76072899,60.85790792,0.9054268412,152.0185578,6.494826317,297.9447632,0,97.68704224,9.999999747e-05,0.1167859063,77265.49219,15.14951706,3.894375854
110.5999985,228.7558372,76.6487837,25.88943246,60.72083735,0.9035631152,149.9147552,6.493923664,297.9650269,0,100.2680664,9.999999747e-05,10.75252724,77291.03906,15.1233263,3.899243611
110.8000031,279.5904676,76.67542273,25.98876696,60.61246506,0.9006660439,154.1563042,6.494819641,297.9535217,0,103.2169876,4.99102211,1.075252652,77307.6875,15.10597897,3.937386726
111,228.7558372,76.14895389,25.77936729,60.87949648,0.9036090593,152.8927085,6.49734354,297.9422607,0,105.80336,9.999999747e-05,0.1075252742,77334.89062,15.14603043,3.919779322
111.1999969,279.5904676,76.91390671,25.99698894,60.57888281,0.9017798296,151.3769616,6.499999046,297.9653625,0,107.3804703,9.999999747e-05,12.04767227,77351.92188,15.11334419,3.972307855
111.4000015,228.7558372,76.69399794,25.87425422,60.60075008,0.9011051072,151.7318055,6.50281477,297.9542542,0,107.9002991,5.888338089,1.204767227,77379.5,15.11370564,3.95846576
111.5999985,228.7558372,76.62313849,25.85648419,60.84853336,0.9045959263,148.9853483,6.505272388,297.9443665,0,107.2937469,0.5872374773,0.1204767227,77406.36719,15.14254475,3.955232477
111.8000031,228.7558372,77.19855076,26.05350504,60.55818122,0.9024206776,153.0605873,6.506071568,297.9663391,0,105.7058258,0.1761712432,11.91417599,77433.89062,15.11568069,3.957722362
112,228.7558372,76.50286337,25.8749087,60.88062816,0.9042568315,149.4301493,6.506999016,297.9558411,0,103.8023911,5.744820118,1.191417575,77460.09375,15.13699818,3.948744828
112.1999969,279.5904676,77.10117718,25.89123323,60.57601175,0.9029429973,151.289179,6.507305622,297.9482422,0,101.5223694,0.6957445741,0.1191417575,77476.00781,15.11153984,4.022491304
112.4000015,279.5904676,76.95321865,26.03580772,60.62553866,0.9018673221,154.8638769,6.506757259,297.9703674,0,99.12207031,0.2087233812,10.69265366,77492.17969,15.10305691,4.041807623
112.5999985,228.7558372,77.22133919,26.14217474,60.66970781,0.9000875359,151.1604386,6.505278111,297.96698,0,96.94190979,5.957880974,1.069265366,77517.72656,15.07111168,4.079236142
112.8000031,228.7558372,77.62260912,25.96752879,60.64468618,0.9007628858,150.9751099,6.50247097,297.9594116,0,95.35369873,3.508989811,0.1069265381,77542.90625,15.0780611,4.019031214
113,228.7558372,76.88497297,25.92004194,60.57447164,0.9012827325,151.1811484,6.500305176,297.9526062,0,94.88970184,9.999999747e-05,0.01069265418,77567.84375,15.08996964,3.993426742
113.1999969,279.5904676,76.41289983,25.97444772,60.74802759,0.9056691348,153.343784,6.498653412,297.9421997,0,95.28572083,9.999999747e-05,0.001069265418,77582.71094,15.1407156,3.959596856
113.4000015,279.5904676,77.33172703,26.10180963,60.65433377,0.9022170915,150.5476808,6.497797012,297.9721985,0,96.34292603,9.999999747e-05,12.97532749,77597.59375,15.09030151,4.057417848
113.5999985,228.7558372,76.05866375,25.85909712,60.78313693,0.9027735965,151.3878953,6.498435497,297.9617004,0,97.74156189,8.259530067,1.297532678,77622.97656,15.11989689,3.987747486
113.8000031,279.5904676,76.69527336,25.8596479,60.62226549,0.9017454519,152.4577551,6.499593735,297.9512634,0,98.88256073,3.36912775,0.1297532767,77638.57812,15.10539627,4.034662227
114,228.7558372,76.71281337,25.92918287,60.6939273,0.9014532676,150.0188757,6.501143932,297.9457092,0,99.56324768,9.999999747e-05,0.01297532674,77664.33594,15.09599686,4.069972637
114.1999969,228.7558372,76.03747196,25.8718775,60.78458992,0.9024373821,150.1412242,6.503195763,297.9657898,0,99.6242981,9.999999747e-05,9.912325859,77689.95312,15.11431408,4.051857955
114.4000015,228.7558372,76.78216766,25.88811861,60.65519923,0.9025780571,151.0344717,6.504431248,297.9602661,0,98.86414337,4.928674698,0.9912326336,77715.82031,15.10461617,4.088894981
114.5999985,228.7558372,76.47537349,25.81857144,60.79688483,0.9040006681,151.7377342,6.505084991,297.9519653,0,97.61420441,1.5906986,0.09912326187,77741.45312,15.1250639,4.049876656
114.8000031,279.5904676,76.33177041,25.86308385,60.645737,0.902231694,151.7609263,6.505894184,297.9464722,0,96.10209656,9.999999747e-05,0.009912326001,77756.39062,15.10328293,4.109302006
115,228.7558372,76.48520139,25.7886267,60.81465617,0.9051585463,152.1909704,6.505435944,297.9686279,0,94.26377106,9.999999747e-05,10.27855206,77781.48438,15.12937069,4.082662062
115.1999969,279.5904676,77.15106609,25.9782594,60.7183591,0.900678557,150.0635254,6.50425005,297.9659119,0,92.61351013,5.682608604,1.027855158,77795.61719,15.07083416,4.149922584
115.4000015,228.7558372,76.8607877,25.88777066,60.65249588,0.9019223713,151.4531736,6.502869606,297.9620361,0,91.43585968,3.402797222,0.1027855128,77820.17188,15.0843668,4.142442557
115.5999985,228.7558372,76.44538458,25.90884318,60.70938313,0.9019185785,150.3519892,6.50141573,297.9577637,0,90.80870056,0.8023794889,0.01027855184,77844.23438,15.08824444,4.104055123
115.8000031,228.7558372,76.34482947,25.84809778,60.74185359,0.9030705422,152.1973179,6.500095844,297.9518433,0,90.76277161,9.999999747e-05,0.001027855207,77868.61719,15.1055069,4.080247115
116,279.5904676,76.27773837,25.79263806,60.79647128,0.9042268331,151.8961312,6.499708652,297.9457092,0,91.24411011,9.999999747e-05,0.0001027855178,77882.59375,15.11814499,4.102578157
116.1999969,279.5904676,76.61714881,25.88014148,60.81649271,0.9018735413,149.8698282,6.499491692,297.9711304,0,91.87774658,9.999999747e-05,11.23302937,77896.40625,15.0899601,4.122562616
116.4000015,228.7558372,76.4698401,25.82160907,60.69747178,0.9022443663,152.0375872,6.499630928,297.9648743,0,92.60059357,6.788766861,1.123302937,77921.20312,15.09847641,4.107102529
116.5999985,279.5904676,76.17299664,25.77970445,60.7371462,0.9023001574,152.9430258,6.500758171,297.9563293,0,93.26715088,3.349884987,0.1123302951,77935.82031,15.10647678,4.121978148
116.8000031,228.7558372,76.84224513,25.89310632,60.64458471,0.9009699721,151.4605539,6.500598431,297.9484558,0,93.48057556,9.999999747e-05,0.01123302896,77960.73438,15.08539963,4.078190636
117,279.5904676,76.32649938,25.86250566,60.73304658,0.9016532533,151.4405792,6.501291752,297.9674377,0,93.76529694,9.999999747e-05,10.53325367,77975.11719,15.10000038,4.071963687
117.1999969,279.5904676,76.60129181,25.858209,60.61390173,0.901260378,152.4871922,6.501575947,297.9567871,0,93.76581573,4.668364525,1.053325415,77989.75,15.09560108,4.055658042
117.4000015,228.7558372,76.25194528,25.80856939,60.85694674,0.9038276023,149.8565304,6.502076626,297.947113,0,93.65666199,9.999999747e-05,0.1053325385,78014.17188,15.11980438,4.047687103
117.5999985,228.7558372,76.11105922,25.94737951,60.69772029,0.9029875908,153.5376626,6.502791405,297.9672852,0,93.34534454,9.999999747e-05,10.82015324,78039.32812,15.11236572,4.090675628
117.8000031,228.7558372,77.03863102,25.83274922,60.73597438,0.9012468028,151.8275105,6.502794743,297.9604492,0,92.74798584,5.054417133,1.082015276,78064.25,15.08711052,4.120254989
118,279.5904676,76.67822523,26.04468958,60.60786125,0.9022795003,153.5066566,6.502728939,297.9508362,0,92.15233612,1.319964767,0.1082015336,78078.875,15.09698391,4.114301612
118.1999969,228.7558372,75.80947775,25.68295706,60.94900009,0.9048502254,152.9619551,6.502901077,297.9387207,0,91.58101654,9.999999747e-05,0.01082015317,78103.38281,15.14191628,4.029549772
118.4000015,279.5904676,76.58580918,25.80118253,60.7918043,0.9045515378,152.1063848,6.502377033,297.9638062,0,90.93982697,9.999999747e-05,13.49780464,78117.35938,15.12487698,4.06154624
118.5999985,228.7558372,76.955436,25.84420524,60.65450955,0.9031604439,151.4637217,6.501737595,297.9566345,0,90.5112381,6.450451851,1.34978044,78141.72656,15.10057831,4.11669643
118.8000031,228.7558372,76.79037501,25.79782269,60.88031504,0.9029525302,151.3127305,6.50138855,297.9478149,0,90.33666992,2.432541132,0.1349780411,78166.00781,15.10457134,4.119437872
119,228.7558372,76.95526167,25.93604499,60.63910283,0.901125972,151.7256362,6.500483036,297.9747314,0,90.30031586,0.7297623158,13.7292738,78190.36719,15.08446884,4.085070447
119.1999969,228.7558372,76.90154529,25.88750815,60.7396714,0.9017281015,152.3576523,6.499670982,297.9621277,0,90.62897491,8.128331184,1.372927308,78214.85938,15.09725666,4.047373667
119.4000015,228.7558372,76.96084574,25.95084021,60.83463663,0.9043354443,152.8457259,6.498896599,297.9469299,0,91.28033447,2.630236149,0.1372927427,78239.57031,15.12351036,4.019481245
119.5999985,279.5904676,76.71410873,25.84605712,60.90192209,0.9031267156,149.5498945,6.499664783,297.9732666,0,92.24159241,0.7890708447,14.65299988,78253.33594,15.11350822,4.057825091
119.8000031,279.5904676,77.08848164,25.95814255,60.67912094,0.9009044346,149.0259566,6.500480175,297.9613647,0,92.89069366,8.001550674,1.465299964,78267.26562,15.08399773,4.083911213
120,228.7558372,76.72419986,25.83560692,60.6467989,0.9024087221,151.2390176,6.501039505,297.944397,0,93.21844482,2.690698385,0.1465300024,78291.96875,15.11042976,4.001897666
120.1999969,228.7558372,76.81230213,25.85792851,60.6905878,0.9029195458,151.6526519,6.501250744,297.9692383,0,93.32334137,0.8072095513,15.91886997,78316.74219,15.11779404,3.968966801
120.4000015,228.7558372,76.26373288,25.78141947,60.77138615,0.9031347379,151.8172912,6.502150059,297.9512329,0,93.34415436,7.422184467,1.591886997,78341.41406,15.12845802,3.963104094
120.5999985,228.7558372,76.58658073,25.83244396,60.85037607,0.9041585604,151.9993502,6.503245354,297.9364624,0,93.00180054,9.999999747e-05,0.1591887027,78366.25,15.13015079,4.042001789
120.8000031,279.5904676,76.27910817,25.94754655,60.84618476,0.9050194092,151.8379482,6.504361153,297.9552002,0,92.22285461,9.999999747e-05,12.64816475,78380.39062,15.13725281,4.055141669
121,228.7558372,76.29961867,25.78553098,60.79362943,0.9034718044,151.6441834,6.505066395,297.9429932,0,90.99819946,4.192389965,1.264816403,78404.71094,15.12251377,4.068878984
121.1999969,228.7558372,77.14918334,25.87734378,60.67516599,0.9037808197,150.9535123,6.503792763,297.9916992,0,89.49295044,1.257716894,23.93122101,78428.71875,15.1132288,4.029287172
121.4000015,279.5904676,76.58152647,25.84493631,60.80879021,0.9028971729,151.7515592,6.502812862,297.9728699,0,88.50226593,16.01446724,2.393121958,78442.07812,15.11605453,4.010423703
121.5999985,279.5904676,76.33461823,25.84841328,60.71475593,0.9023197829,150.5123744,6.501756191,297.9510803,0,87.8963089,8.840251923,0.2393122017,78454.99219,15.11008358,3.99060729
121.8000031,228.7558372,76.41508506,25.87616761,60.79296611,0.9035078795,150.2037372,6.500304699,297.9331055,0,87.71411133,0.4467846751,0.02393122017,78478.25,15.11974049,3.967165473
122,228.7558372,76.50074964,25.78805012,60.72806931,0.9033430528,152.1138882,6.498880863,297.9494629,0,88.11356354,0.1340353936,13.76855087,78501.92969,15.12558365,3.925485766
122.1999969,228.7558372,76.1812958,25.7632661,60.79949614,0.9031771077,152.6225833,6.498280525,297.9291992,0,89.08115387,0.04021061957,0.8505026102,78525.8125,15.13335419,3.902699445
122.4000015,228.7558372,76.42021999,25.86784326,60.73731818,0.9020476158,150.1189781,6.49770546,297.9710693,0,90.28633881,0.01206318568,24.35466194,78549.4375,15.11893559,3.870693398
122.5999985,228.7558372,76.42411362,25.87823442,60.78055078,0.903193519,150.1089804,6.497414589,297.9437866,0,91.72412109,11.94730568,2.43546629,78573.28125,15.13480282,3.821694909
122.8000031,228.7558372,75.87761461,25.67796815,60.87725905,0.9042421552,153.0724417,6.498325825,298.0233765,0,93.27745056,3.584191799,41.83181763,78597.82812,15.16529846,3.773145382
123,228.7558372,76.91674806,25.81262987,60.69744885,0.9041806425,151.0029584,6.499306679,297.9892273,0,94.46312714,29.14102364,4.183181763,78622.50781,15.14600182,3.837220477
123.1999969,228.7558372,76.73709909,26.07596128,60.63673481,0.9017454053,151.2128365,6.500774384,297.9533691,0,95.26021576,17.63535309,0.4183181822,78647.42969,15.12149239,3.870583762
123.4000015,228.7558372,76.92238193,25.92882341,60.66233907,0.902976059,153.8511502,6.502564907,297.9240417,0,95.46887207,5.114192009,0.04183181748,78673,15.13840866,3.896226883
123.5999985,228.7558372,76.59020732,25.84742859,60.78128629,0.9027258478,150.1638884,6.504910946,297.9533997,0,94.96179962,1.534257531,20.13652229,78697.6875,15.13398647,3.93435841
123.8000031,279.5904676,76.2746128,25.77491084,60.95876329,0.9050688263,150.1439558,6.50664711,297.9273071,0,93.51545715,9.030327797,2.013652086,78711.49219,15.1623497,3.893679549
124,279.5904676,76.45330692,25.76789705,60.97649563,0.9063317905,149.6545904,6.506929874,298.0022583,0,91.37833405,2.709098339,38.72798538,78724.75781,15.16928577,3.8675245
124.1999969,228.7558372,76.68950956,25.8904631,60.62639195,0.9016185549,151.1643033,6.505394936,297.9699402,0,89.13110352,26.04104233,3.872798443,78748.35156,15.11946774,3.840793166
124.4000015,279.5904676,76.61581887,25.77986814,60.8305945,0.9051743314,150.6232471,6.50399065,297.9362183,0,87.49912262,14.40965271,0.3872798383,78761.09375,15.15155983,3.877076968
124.5999985,279.5904676,77.3455128,25.90782069,60.61192492,0.9009702756,149.9258549,6.501656532,297.9870911,0,86.42256927,4.322896004,29.19589615,78773.6875,15.09956741,3.908046596
124.8000031,279.5904676,75.90296938,25.6928925,61.00226457,0.9060748383,150.4572179,6.501251221,297.959259,0,86.28312683,19.73502731,2.91958952,78786.02344,15.16692829,3.900330736
125,228.7558372,76.48137151,25.74149289,60.74891681,0.9044952826,152.4011818,6.500349522,297.9304504,0,86.29654694,9.262611389,0.2919589579,78809.39062,15.14592552,3.917623472
125.1999969,228.7558372,76.67072739,25.80228885,60.67470883,0.9038734095,151.5881762,6.49976778,297.9716187,0,86.67842865,2.778783321,24.85693359,78832.75781,15.13571072,3.940731077
125.4000015,228.7558372,76.31105065,25.76055602,60.73423282,0.9029452441,152.1170845,6.50031805,297.9484253,0,87.2902832,14.59549904,2.485693455,78856.32812,15.13432884,3.968674483
125.5999985,228.7558372,76.46598462,26.02248616,60.7084955,0.9027587031,151.4198402,6.500088692,298.0327148,0,87.67944336,4.378649712,42.16521072,78879.82031,15.12973499,3.910675358
125.8000031,228.7558372,77.35475508,25.88911427,60.64370476,0.9010567689,149.8215534,6.499662876,298.0020142,0,88.16651917,31.69813728,4.216520786,78903.28906,15.10755539,3.919714212
126,228.7558372,76.85443161,25.86632481,60.64298152,0.9018702625,151.4461972,6.499986172,297.964325,0,88.82206726,21.6964283,0.4216521084,78927.09375,15.12555695,3.897285078
126.1999969,279.5904676,76.68465569,25.94328323,60.68159359,0.9047916405,153.9415824,6.500713825,297.9295959,0,89.34525299,8.999193192,0.04216520861,78941.03906,15.15918159,3.889714915
126.4000015,279.5904676,76.77930391,25.82144639,60.6716087,0.9029586143,151.0881677,6.50128746,297.9610596,0,89.57836151,2.699758053,24.08025169,78954.40625,15.14405632,3.846722459
126.5999985,279.5904676,76.2648662,25.77993621,60.88301534,0.9036919408,149.7344932,6.502307892,297.9291992,0,89.58385468,11.17734432,2.408025026,78967.34375,15.15818596,3.824586927
126.8000031,279.5904676,76.76889827,26.02441944,60.61373256,0.9025862546,153.7528703,6.502578259,298.0091553,0,89.17910767,3.353203297,42.7562294,78981.1875,15.1414423,3.854722272
127,228.7558372,76.26600525,25.77542818,60.7513046,0.902524908,152.7737124,6.502750397,297.9704285,0,88.67008972,28.51582718,4.275622845,79004.92969,15.15391731,3.781670263
127.1999969,279.5904676,76.78952749,25.77079437,60.72298034,0.9033486207,152.4475404,6.503103733,297.9317627,0,88.09022522,14.89896965,0.4275622964,79018.26562,15.15249062,3.862393897
127.4000015,279.5904676,76.47083819,25.80547715,60.73722171,0.9018027528,151.7662937,6.502594471,297.9752197,0,87.36804962,4.4696908,30.46345901,79031.125,15.14521885,3.776841161
127.5999985,228.7558372,77.06194658,25.79802111,60.95958957,0.9037677069,148.9370044,6.501285553,297.9397888,0,86.85305023,17.19239044,3.046345949,79053.875,15.15419865,3.773505046
127.8000031,228.7558372,76.9073418,25.82582529,60.72269611,0.9042287864,151.074998,6.500424862,298.0376587,0,86.86140442,5.157716751,50.722435,79077.03125,15.15947628,3.782464852
128,279.5904676,77.22733353,26.01846018,60.72996002,0.9044143319,152.0984261,6.50067091,298.0020752,0,87.21004486,36.92955017,5.072243214,79090.26562,15.15227985,3.90796095
128.1999969,279.5904676,76.62352954,25.84592059,60.70255021,0.9026188758,149.9194854,6.501105785,297.9556274,0,87.4581604,25.33500481,0.5072243214,79102.85156,15.14792061,3.817573073
128.3999939,279.5904676,76.85159005,25.8263761,60.66845019,0.901716289,152.1310698,6.500963211,297.9132385,0,87.53529358,9.650316238,0.05072243512,79115.90625,15.14608288,3.771679461
128.6000061,279.5904676,77.003814,25.82210909,60.83001462,0.9033073633,150.7139635,6.500255585,297.9471741,0,87.67194366,2.895094872,28.10567665,79128.65625,15.16303349,3.712150304
128.8000031,279.5904676,76.73054085,25.83840418,60.75228409,0.9036829044,151.7570488,6.499103069,297.9028015,0,88.09149933,0.8685284853,9.999999747e-05,79141.51562,15.17600441,3.615376486
129,228.7558372,76.81694424,25.82161281,60.70903759,0.9031588175,152.2827957,6.498795986,297.97229,0,88.97169495,0.2605585456,42.09319687,79165.16406,15.17189312,3.641396079
129.1999969,279.5904676,76.88890658,25.81136571,60.80210539,0.9023027392,150.0715367,6.499182224,297.9263611,0,89.9705658,20.91288948,4.209319592,79178.10938,15.1658783,3.642276893
129.3999939,228.7558372,77.60830707,25.94907078,60.60174523,0.9000629547,150.2457803,6.498855114,298.0557251,0,90.81551361,6.273866653,66.77301788,79201.85156,15.13834572,3.623049518
129.6000061,279.5904676,76.7746132,25.83839238,60.65927133,0.9026161036,150.6813396,6.49912405,297.987854,0,91.79573822,48.4824791,6.677301884,79215.09375,15.17983723,3.523495553
129.8000031,228.7558372,77.14091397,25.80637719,60.6516982,0.9026447529,150.2092504,6.499575615,297.9219666,0,92.66414642,26.1846714,0.6677302122,79238.96875,15.17823029,3.52958597
130,228.7558372,76.63086565,25.91845148,60.80944887,0.9044721132,153.9394578,6.500148773,297.9823608,0,93.35327148,7.855401516,44.58760452,79263.57031,15.21067429,3.477180435
130.1999969,279.5904676,76.64686019,25.9769034,60.59302953,0.902657874,153.3441091,6.500662327,297.91922,0,93.81339264,26.26289177,4.458760262,79277.65625,15.19509792,3.45256436
130.3999939,279.5904676,77.32901618,25.87371372,60.75623884,0.9028205492,150.2078437,6.501119137,298.0627136,0,94.06863403,7.878867626,76.4606781,79291.28906,15.19120693,3.46835892
130.6000061,228.7558372,76.9017362,25.74382367,60.80841719,0.9022170164,150.9474492,6.501467228,297.9832764,0,94.14112091,54.8249321,7.646068096,79315.32812,15.19832039,3.395752081
130.8000031,279.5904676,77.27199742,25.84274237,60.57532769,0.9014400331,150.0666083,6.502355576,297.9099121,0,94.07460022,28.6964035,0.7646068335,79328.92969,15.18026543,3.476251211
131,279.5904676,76.95925441,26.00342462,60.63146096,0.9029987747,153.4407274,6.503689766,297.9806519,0,93.65053558,8.608921051,48.87356186,79343.14062,15.19863415,3.51813019
131.1999969,279.5904676,76.75554122,25.73805446,60.67400914,0.9031383184,151.3151934,6.505077839,297.9190369,0,92.69309235,30.18823433,4.887356281,79356.625,15.20453453,3.49916543
131.3999939,228.7558372,76.53001765,25.72287682,60.85756616,0.9046591874,152.2420292,6.506311417,298.0803223,0,91.18170166,9.056469917,82.55377197,79380.42188,15.2209692,3.522521732
131.6000061,279.5904676,77.7586265,25.97430117,60.56281882,0.8991440975,149.3714217,6.506221294,298.0144958,0,89.17753601,62.13346481,8.255376816,79393.19531,15.14369678,3.628392788
131.8000031,279.5904676,76.79249938,25.61630316,60.90617236,0.9036098633,151.5924081,6.50544405,297.9357605,0,87.21318054,41.2246933,0.8255376816,79405.65625,15.21028328,3.503889904
132,279.5904676,76.97737984,25.81074201,60.68340798,0.9024989648,150.2919351,6.503707886,298.0382385,0,85.55786896,12.3674078,61.24243927,79417.59375,15.18817425,3.515658551
132.1999969,279.5904676,76.66888861,25.73616271,60.67005438,0.9009616215,152.7247504,6.501656055,297.9678345,0,84.5978241,45.90367126,6.124243736,79429.71094,15.18604851,3.466825977
132.3999939,228.7558372,76.55070414,25.6913108,60.84620373,0.9055714079,151.7992792,6.500690937,297.905426,0,84.45652771,22.28440666,0.6124243736,79452.16406,15.22493553,3.538404885
132.6000061,228.7558372,76.54202509,25.73653403,60.88870784,0.9048686632,151.2670328,6.500183582,297.9640503,0,84.69680023,6.685322285,42.33172226,79474.60156,15.21976471,3.555314612
132.8000031,279.5904676,76.39742424,25.99120324,60.73758858,0.9027677312,155.1468634,6.499341488,297.9052734,0,85.14202118,23.8374691,4.233172417,79487.41406,15.21006393,3.502833342
133,279.5904676,75.95101857,25.86674348,60.95143583,0.9048141317,153.892538,6.498828411,298.0411377,0,85.92654419,7.151240826,75.06997681,79499.89844,15.24272728,3.411869197
133.1999969,279.5904676,76.06994591,25.74121571,60.86008644,0.9025468497,150.3777081,6.499074936,297.9671631,0,86.91411591,50.91346741,7.506997585,79511.875,15.22136497,3.403739823
133.3999939,228.7558372,77.13150241,25.84412637,60.6326018,0.9005945892,150.9027633,6.499203205,297.8966064,0,87.80173492,25.90643883,0.7506997585,79534.92969,15.19144058,3.467623407
133.6000061,228.7558372,76.44793037,25.90302308,60.87027567,0.9060235741,153.4986574,6.500464916,297.9656067,0,88.64089203,7.771931648,49.24443436,79558.55469,15.25419426,3.462923846
133.8000031,279.5904676,76.36080685,25.68588407,60.77230073,0.9038500694,151.8533875,6.502276897,297.9017029,0,88.97120667,28.22989273,4.924443722,79571.38281,15.24143028,3.441025659
134,279.5904676,76.64397153,25.69821683,60.89049627,0.9033720943,151.4746105,6.503302574,298.0591431,0,88.57861328,8.468968391,84.32011414,79584.0625,15.23921013,3.407491461
134.1999969,279.5904676,76.45390094,25.73764772,60.86518197,0.9033512793,150.0439817,6.504266262,297.9812622,0,87.77997589,59.58167267,8.432011604,79596.23438,15.23703003,3.410408491
134.3999939,279.5904676,76.97294585,25.75592681,60.80846463,0.9033681934,149.8446993,6.504572868,297.9037781,0,86.59354401,33.75504684,0.8432011604,79608.32031,15.22925949,3.454817066
134.6000061,228.7558372,77.69847291,25.89514943,60.64751755,0.9013820184,149.8714508,6.503883362,297.9935608,0,85.2864151,10.12651348,56.77497864,79630.85156,15.19759655,3.511689284
134.8000031,279.5904676,77.39284114,26.0302031,60.75391478,0.9024773358,152.5636621,6.503161907,297.9290466,0,84.25636292,38.06652451,5.677497864,79643.22656,15.21445656,3.520130454
135,228.7558372,76.84654574,25.70236333,60.86522095,0.9051278842,150.2847202,6.502743244,298.1136475,0,83.51184082,11.41995811,94.04721832,79665.20312,15.24802971,3.459577059
135.1999969,228.7558372,75.99453451,25.82629891,60.98339808,0.9041188082,152.1411991,6.501718521,298.0270081,0,82.9336853,72.93073273,9.404722214,79687.10156,15.25619888,3.337786776
135.3999939,279.5904676,77.1082122,25.69637713,60.76307905,0.904550024,150.5576072,6.499645233,297.9321899,0,82.76821899,45.91495514,0.9404721856,79698.42188,15.25183868,3.312691499
135.6000061,228.7558372,77.14189621,25.8577332,60.64230792,0.9021401577,150.7557336,6.496385574,298.0282593,0,83.43360138,13.77448654,66.25519562,79720.22656,15.23566818,3.182734518
135.8000031,228.7558372,76.17800387,25.91421679,60.80254756,0.9038474265,151.5175717,6.495170593,297.9399719,0,85.4034729,45.07891083,6.625519276,79742.35156,15.26713467,3.156888467
136,228.7558372,77.04516923,25.82433778,60.67552562,0.9018090023,152.3071377,6.495325565,298.1434326,0,87.84886169,13.52367306,107.5786667,79765.35156,15.24969959,3.205574282
136.1999969,279.5904676,77.49957409,25.94658481,60.56270473,0.899658872,149.4806395,6.496959209,298.0397034,0,90.23427582,82.13282013,10.75786686,79777.97656,15.22379684,3.264255003
136.3999939,228.7558372,77.4708733,26.08116272,60.66960064,0.9018467389,150.0403863,6.50002718,297.9420471,0,91.96573639,50.19256973,1.07578671,79801.65625,15.24365711,3.337169817
136.6000061,279.5904676,77.39934709,25.86243094,60.66740132,0.9032072612,150.387969,6.50412178,298.0375671,0,92.47007751,15.05777073,65.14453888,79815.05469,15.26408672,3.36218643
136.8000031,228.7558372,77.04525619,25.69019905,60.88424501,0.9033139131,150.7971775,6.507474422,297.9552307,0,91.33776093,46.57798004,6.514453888,79838.57812,15.27796364,3.294257011
137,279.5904676,77.75576805,25.88809328,60.63286331,0.9008112074,149.7198619,6.508648396,297.8760071,0,88.87001801,18.86462212,0.6514453888,79851.14844,15.24106121,3.303831756
137.1999969,228.7558372,77.16478759,25.84966861,60.70336482,0.9032552358,150.646402,6.507944584,297.9256897,0,85.9376297,5.659386635,46.85077667,79873.50781,15.27133083,3.197495208
137.3999939,228.7558372,76.5930669,25.93620302,60.70722419,0.9038788009,153.4163605,6.505392075,297.8529968,0,83.28590393,1.697816014,9.999999747e-05,79895.64844,15.2879982,3.08733565
137.6000061,279.5904676,76.72487868,25.76255673,60.78995041,0.9038285896,151.5471462,6.502336502,297.9537048,0,81.65520477,0.5093448162,65.32219696,79906.58594,15.29047012,3.057035332
137.8000031,228.7558372,76.57802673,25.77143771,60.81594677,0.9028941334,151.8787721,6.499654293,297.8752747,0,81.24250031,30.27911949,6.532219887,79927.9375,15.28565407,3.061344715
138,228.7558372,76.84112776,25.78334918,60.90677908,0.9036501651,148.4072031,6.49681282,298.0695496,0,81.89984894,9.083735466,103.9220734,79948.6875,15.29165554,3.00225544
138.1999969,228.7558372,75.96719791,25.91907019,60.78325935,0.9039092098,152.1532888,6.494646072,297.9601135,0,83.69541931,72.0246582,10.39220715,79970.23438,15.31373024,2.889976856
138.3999939,228.7558372,76.83182795,25.74111282,60.80149021,0.9030799681,149.6599957,6.494401932,297.8612976,0,86.35497284,35.41436768,1.039220691,79992.11719,15.30435085,2.965227859
138.6000061,228.7558372,76.16311734,25.74881368,60.98931003,0.9036520503,150.0288872,6.495797157,297.9533691,0,89.10807037,10.62430954,65.43624115,80014.41406,15.32792187,2.911898515
138.8000031,228.7558372,77.25307058,25.81806036,60.68399489,0.9002188064,151.2721252,6.497539043,297.8664246,0,91.30383301,37.92796326,6.543624401,80037.71094,15.29355621,2.945430261
139,228.7558372,77.49683314,25.89077999,60.62903823,0.9017108434,150.4320821,6.500383854,298.0842285,0,92.80698395,11.37838936,113.7404404,80061.22656,15.30523109,2.987079059
139.1999969,279.5904676,76.43506971,25.70398429,60.89564389,0.9024860232,150.2103358,6.504402637,297.9724731,0,93.16965485,82.15904236,11.37404346,80073.99219,15.33395576,2.928705876
139.3999939,279.5904676,77.21359127,26.0008093,60.67744382,0.9020374307,150.7065574,6.506568909,297.8648987,0,91.92445374,45.13567734,1.137404442,80086.85156,15.31754875,2.942812868
139.6000061,228.7558372,77.02859686,25.74248804,60.80355035,0.9040375577,150.2758863,6.508503914,297.9836731,0,89.82255554,13.54070377,76.49440002,80109.57812,15.34100246,2.937978732
139.8000031,228.7558372,77.7727952,25.782362,60.69934424,0.9021467838,149.5835048,6.509098053,297.8924561,0,86.94158936,50.25825119,7.649439812,80131.82812,15.31196976,3.001474413
140,279.5904676,77.40487808,25.86549759,60.76014564,0.9012789197,147.4499004,6.508267403,298.1459961,0,83.8266449,15.07747555,128.8273773,80142.41406,15.30393314,2.951879656
140.1999969,279.5904676,76.54434121,25.68280614,60.73055348,0.9018095423,150.5536133,6.506653786,298.0230103,0,81.04428101,99.19937897,12.88273716,80152.75,15.32551098,2.859249258
140.3999939,279.5904676,77.23628126,25.63755559,60.85966463,0.9042150887,149.9200094,6.503303528,297.901825,0,78.90546417,60.34104156,1.288273692,80162.67969,15.34340286,2.832198638
140.6000061,279.5904676,77.34622284,25.78525102,60.7006891,0.903199094,149.6060999,6.500181198,298.0396118,0,78.10978699,18.10231209,85.58772278,80172.49219,15.3290472,2.876086977
140.8000031,228.7558372,75.8622563,25.69761423,60.97541005,0.90358701,150.0847306,6.498025417,297.9366455,0,78.55685425,62.87423325,8.558772087,80192.46875,15.35842609,2.748073251
141,279.5904676,77.20923917,25.76780581,60.71747966,0.9033535168,150.2648095,6.495369434,298.2156982,0,79.86379242,18.86227036,140.8846588,80202.57031,15.35027981,2.727501716
141.1999969,228.7558372,76.63288759,25.70456917,60.65932558,0.901432935,150.0869735,6.494119167,298.0736084,0,82.23787689,113.5234985,14.08846569,80223.32031,15.34871674,2.644019849
141.3999939,279.5904676,77.08300478,25.50316599,60.95716683,0.9060304876,150.1041656,6.495912552,297.9451294,0,85.10581207,70.49692535,1.408846498,80234.49219,15.39775467,2.765891388
141.6000061,228.7558372,77.32677568,25.78882104,60.67395166,0.9033365279,151.7086282,6.497551918,298.0759277,0,87.25083923,21.14907646,84.48034668,80256.89844,15.37680817,2.713331413
141.8000031,228.7558372,76.66340007,25.7691605,60.79330869,0.9038528283,147.575469,6.500057697,297.9671936,0,88.75034332,65.17681122,8.448034286,80278.53906,15.39033604,2.635147504
142,228.7558372,77.26221098,25.94123533,60.82851142,0.904815329,153.047952,6.502156734,297.8710938,0,89.24429321,29.52671051,0.8448034525,80301.60156,15.40685368,2.650912742
142.1999969,228.7558372,76.69744124,25.95375131,60.79252558,0.9045978943,151.0175527,6.504680157,297.9414978,0,88.90270233,8.858013153,56.94483185,80324.03125,15.41030884,2.623807791
142.3999939,279.5904676,77.31581542,25.80915298,60.70148339,0.901044307,149.3691705,6.506277084,297.8678894,0,87.54910278,2.657403946,9.999999747e-05,80335.5,15.37831879,2.606985442
142.6000061,279.5904676,76.84004589,25.79108511,60.7724605,0.9036640324,151.180317,6.506733418,297.9763489,0,85.56108093,0.7972211838,68.76948547,80346.71875,15.41313457,2.515795892
142.8000031,279.5904676,76.75084277,25.80507758,60.75708972,0.9017265555,150.7428261,6.50642395,297.8906555,0,83.39129639,33.8141098,6.876948357,80357.36719,15.3980217,2.49352172
143,279.5904676,76.7922206,25.82262732,60.79808568,0.9030367562,151.1067419,6.505654335,298.0935364,0,81.34415436,10.14423275,108.5122375,80367.67188,15.41100311,2.498911558
143.1999969,279.5904676,77.39876497,25.74026526,60.68753104,0.9012687292,150.2096534,6.503979683,297.9771118,0,79.60388947,76.68445587,10.85122395,80377.54688,15.39239693,2.490403454
143.3999939,228.7558372,76.80462673,25.72517076,60.83584749,0.9022093687,149.1336516,6.502244473,297.8728333,0,78.53513336,38.5026474,1.085122466,80397.28906,15.40914822,2.44060121
143.6000061,279.5904676,76.76033326,25.77594404,60.88993547,0.9048560083,150.7854591,6.500731468,297.9641113,0,78.1576004,11.5507946,66.10758209,80406.84375,15.44067955,2.426096014
143.8000031,279.5904676,76.54367876,25.73153798,60.74520967,0.9036979733,151.2666814,6.499073982,297.8717346,0,78.38441467,39.05146408,6.610758305,80416.39062,15.44094467,2.327596784
144,228.7558372,76.66659665,25.90451513,60.96872244,0.9050085404,150.6296938,6.497440338,298.0903015,0,79.27542877,11.71543884,115.2382202,80436.44531,15.44226265,2.343837775
144.1999969,228.7558372,76.83014065,25.72515652,60.7135889,0.9020783426,149.9209665,6.497215748,297.9713745,0,80.81942749,83.0109787,11.52382278,80456.75,15.40722275,2.454054414
144.3999939,279.5904676,76.86875798,25.68448685,60.90935922,0.9050464606,150.1441352,6.497702122,297.8626404,0,82.44862366,43.72472763,1.152382255,80467.05469,15.43071175,2.524748976
144.6000061,228.7558372,77.39876089,25.80868384,60.73880824,0.9029532198,149.8767344,6.498253822,297.9737854,0,83.88536835,13.11741829,74.0821228,80488.24219,15.39719772,2.618136426
144.8000031,228.7558372,77.18297689,25.83130883,60.64469683,0.9017396886,149.9969141,6.498970985,297.8792419,0,85.1036377,47.12951279,7.408212185,80509.64844,15.38271999,2.637176596
145,228.7558372,76.90540785,26.01668625,60.70982506,0.9030000889,154.1109232,6.500027657,298.1277771,0,86.03458405,14.13885403,127.4386978,80532.0625,15.39532375,2.696227951
145.1999969,279.5904676,76.0478476,25.94569499,60.79281039,0.9041052553,150.7945582,6.502261639,298.0046387,0,86.54242706,96.07067871,12.74386978,80543.28125,15.40186596,2.742804527
145.3999939,228.7558372,76.98142273,25.98852922,60.76500009,0.9043577639,152.4569896,6.503128052,297.888031,0,86.1537323,56.51510239,1.274387002,80565.53125,15.39065361,2.83108261
145.6000061,279.5904676,76.89846063,25.77453379,60.80400303,0.9025676336,147.4564338,6.503489494,298.0190735,0,85.42691803,16.95453072,83.11219025,80576.11719,15.36570454,2.835180984
145.8000031,228.7558372,76.31523376,25.67153833,60.81146172,0.9026793371,149.5481466,6.502174377,297.9138184,0,84.55277252,58.84102631,8.311219215,80597.11719,15.37188053,2.720645822
146,228.7558372,77.68567823,25.82616034,60.6690658,0.9012400054,149.3571271,6.500597477,298.1921387,0,84.20840454,17.65230751,140.4091034,80618.50781,15.33469677,2.916894013
146.1999969,228.7558372,76.71191225,25.66276019,60.67357609,0.9021031202,149.2637647,6.499486923,298.0554199,0,84.49036407,111.2266083,14.04090977,80639.625,15.34831238,2.872184232
146.3999939,279.5904676,77.11270258,25.981066,60.74552044,0.9040680635,149.2225273,6.497854233,297.9234619,0,85.21427917,69.17727661,1.404091001,80650.65625,15.352314,2.945258856
146.6000061,279.5904676,77.46470076,25.84861304,60.66126776,0.9024982726,149.3937635,6.496684551,298.0673218,0,86.59431458,20.75318146,89.89157104,80662.10938,15.3350544,2.991914647
146.8000031,279.5904676,76.64279651,25.71622977,60.79649907,0.9034084803,147.9514062,6.498028755,297.9609375,0,88.43901062,68.50200653,8.989157677,80673.53125,15.34640217,3.083706887
147,279.5904676,77.03477129,25.68803758,60.66135828,0.9008791644,151.2033207,6.49968195,297.8645325,0,89.73936462,33.25115204,0.8989157081,80686.08594,15.32315063,3.165072393
147.1999969,228.7558372,77.05797278,25.71759556,60.72970326,0.9031380966,151.4277004,6.500676155,297.9489136,0,90.38541412,9.975345612,62.67955399,80709.23438,15.34012127,3.153389284
147.3999939,228.7558372,76.19723781,25.93149952,60.81769466,0.9042348892,154.7603007,6.500521183,297.875,0,90.6368866,2.992603779,9.999999747e-05,80732.82031,15.35794163,3.05011539
147.6000061,228.7558372,76.90254139,25.9642006,60.85821167,0.9033858389,150.8014763,6.500211716,297.9890747,0,90.95217896,0.897781074,71.25979614,80755.88281,15.3338232,3.141348922
147.8000031,228.7558372,77.27230083,25.97745624,60.74146747,0.904511269,151.5964171,6.498517513,297.9016724,0,91.38803864,36.1244812,7.125979424,80779.1875,15.33831501,3.093555682
148,279.5904676,76.98913578,25.70197655,60.72504636,0.903189156,151.3148734,6.497790813,298.1074219,0,92.50553131,10.83734512,110.5396347,80792.07812,15.33229446,3.093857312
148.1999969,228.7558372,76.66116898,26.04016076,60.67819592,0.903600857,153.5278196,6.496100426,297.9836426,0,93.90620422,78.79328156,11.05396366,80816,15.33460236,3.033512804
148.3999939,228.7558372,77.43087924,25.92602687,60.82067857,0.9057306183,151.9510594,6.494755745,297.875885,0,95.98919678,38.57713699,1.10539639,80840.22656,15.34781456,3.090219128
148.6000061,228.7558372,77.07433172,25.85003834,60.68173179,0.9027049585,150.5334764,6.494292259,297.961853,0,98.60594177,11.5731411,64.78913116,80864.55469,15.32320309,3.07089542
148.8000031,279.5904676,76.9405398,25.79434408,60.7690065,0.9014739089,148.1763201,6.495530128,297.8694763,0,101.4062576,37.38588333,6.478913307,80878.51562,15.31184769,3.131306423
149,279.5904676,76.54365692,25.60899159,60.91143906,0.903386159,151.9153546,6.49789381,298.0800171,0,103.708725,11.215765,112.6912308,80893.53906,15.34354591,3.126833583
149.1999969,228.7558372,76.31568394,25.7222906,60.8659983,0.9026875909,146.9169432,6.499363899,297.953125,0,105.0674438,79.65206146,11.26912308,80918.10938,15.32621384,3.066303445
149.3999939,228.7558372,77.17787562,25.9140022,60.78887787,0.906051156,151.9113692,6.500051975,297.8454285,0,105.8446426,37.29330063,1.126912236,80944.14844,15.34995556,3.149531271
149.6000061,228.7558372,77.27029915,25.75374468,60.85778366,0.9049417461,150.0383096,6.501366138,297.9422913,0,106.3463058,11.18799019,68.79000092,80969.9375,15.33755016,3.205636704
149.8000031,228.7558372,76.8315063,25.80543603,60.71819942,0.9016033043,146.732961,6.503818512,297.8681335,0,106.3176498,3.356397152,9.999999747e-05,80995.01562,15.29830837,3.297380967
150,279.5904676,77.08762986,25.86563003,60.79111173,0.9031181711,150.5551086,6.506324291,297.9944458,0,105.3064575,1.006919146,76.20136261,81010.39062,15.31014729,3.412513041
150.1999969,228.7558372,77.00509594,25.73475636,60.74585138,0.9025597059,149.8646423,6.506738186,297.9033203,0,103.2962875,40.19566345,7.620136261,81035.52344,15.30092144,3.336979742
150.3999939,228.7558372,76.86176343,25.81908561,60.94736713,0.9025941494,147.0186309,6.506997108,298.1278076,0,101.1277618,12.05869961,118.4444504,81059.67969,15.29048824,3.421303168
150.6000061,228.7558372,77.30174728,25.80476384,60.80800275,0.9016533152,148.6809623,6.504517555,297.9984131,0,98.84936523,86.56635284,11.84444523,81083.71094,15.27492809,3.3552707
150.8000031,228.7558372,77.10527813,25.49994194,60.96397417,0.9063431188,150.9070931,6.501296043,297.8835754,0,97.57134247,45.03277969,1.184444547,81107.85156,15.32330799,3.308526142
151,228.7558372,77.60053435,25.81639141,60.63864871,0.9027382954,149.9369858,6.49738884,297.9814148,0,97.57558441,13.50983429,70.41383362,81131.99219,15.27449131,3.364228064
151.1999969,228.7558372,76.65597331,25.62391711,60.76824609,0.9015185,152.3377961,6.495453835,297.8841553,0,99.14247894,43.75764084,7.041383266,81156.71875,15.2807188,3.366337625
151.3999939,228.7558372,76.71694823,25.62373371,60.74650524,0.9026630641,151.4983971,6.494905949,298.1122131,0,101.4747162,13.12729263,120.563942,81181.79688,15.28978729,3.416764741
151.6000061,228.7558372,76.99333065,25.99638539,60.65335615,0.9008124649,151.9129339,6.494941711,297.9837036,0,104.027977,88.19174194,12.05639362,81207.625,15.26659012,3.484086663
151.8000031,228.7558372,76.65390055,25.91865468,60.7418284,0.9025619219,151.8359058,6.496558189,297.8708801,0,106.5695038,46.35307312,1.205639362,81233.95312,15.28830814,3.521273988
152,228.7558372,77.23592889,25.75824016,60.70874535,0.9019502559,149.2286557,6.498003006,297.9779358,0,108.4610825,13.90592289,73.894104,81260.22656,15.27866554,3.513844107
152.1999969,228.7558372,77.17484716,25.77701043,60.63420266,0.9013623083,149.1509661,6.499382019,297.8788147,0,109.7803268,46.83831787,7.389410019,81286.71875,15.272789,3.501161975
152.3999939,228.7558372,77.83351096,25.811187,60.6155512,0.9029856986,148.4654045,6.499715328,298.1228943,0,110.5475311,14.0514946,127.5742722,81313.32812,15.2796402,3.492824804
152.6000061,228.7558372,77.20903118,26.10904068,60.5157333,0.902144728,152.0183801,6.501172543,297.9885559,0,111.1846924,94.46245575,12.75742722,81340.73438,15.27439308,3.56483864
152.8000031,279.5904676,78.64210627,25.76946695,60.56502045,0.9022063649,146.8601905,6.502943516,297.8712158,0,111.232048,50.89770889,1.275742769,81357.10156,15.25934792,3.701336513
153,228.7558372,77.78823273,25.85047588,60.60243054,0.9026250014,148.5334897,6.505542755,297.9891357,0,110.5735397,15.26931286,78.27433777,81383.99219,15.26663208,3.750049686
153.1999969,279.5904676,76.80790961,25.88084251,60.74051781,0.9046114262,154.84833,6.508115768,297.8910828,0,108.8736343,51.99884033,7.827433586,81401.16406,15.29886532,3.751811946
153.3999939,279.5904676,78.18991227,25.89066252,60.5728303,0.9007492791,147.6537649,6.508248806,298.1478271,0,106.1471481,15.59965229,132.6695862,81416.625,15.2344141,3.797545121
153.6000061,228.7558372,76.51309683,25.56536953,60.7252117,0.900876265,150.8627281,6.508569241,298.0188599,0,103.3754196,100.8271332,13.26695824,81442.11719,15.25471878,3.715292976
153.8000031,279.5904676,78.48577233,25.76541477,60.54553339,0.9014119701,147.4422788,6.507236958,297.899292,0,100.4670715,59.95240402,1.3266958,81456.57812,15.22378063,3.925021159
154,279.5904676,77.58666989,25.72603933,60.67503301,0.9027998989,148.0365212,6.504459381,298.0281982,0,98.09761047,17.98572159,83.72796631,81470.35938,15.24071503,3.810891594
154.1999969,279.5904676,77.07100416,25.70456376,60.88931611,0.9025375215,150.5301573,6.500153065,297.9199524,0,96.83866119,59.58498001,8.372797012,81484.125,15.24733829,3.682675491
154.3999939,279.5904676,77.35045549,26.07266655,60.64107786,0.9044438865,152.9057288,6.495942593,298.1923523,0,97.30263519,17.875494,140.3009491,81498.60938,15.25459576,3.741123735
154.6000061,228.7558372,76.61544271,25.61187223,60.96808668,0.9054179917,149.6936959,6.493365288,298.0485535,0,99.4457016,109.6623535,14.0300951,81522.98438,15.27772713,3.652112889
154.8000031,279.5904676,78.01937714,25.73661731,60.54829407,0.9004439806,149.2373612,6.492750168,297.9207458,0,102.6145477,65.22154236,1.403009534,81538.03906,15.21923542,3.857049151
155,279.5904676,77.73346745,25.72306129,60.69720651,0.9029362281,148.3200031,6.492527008,298.0458984,0,106.0282898,19.56646347,83.46554565,81553.4375,15.24844646,3.768587624
155.1999969,279.5904676,76.65529883,25.60537066,60.89032196,0.9045595439,150.7228075,6.494384289,297.9371033,0,109.5363235,60.73570251,8.346554756,81569.72656,15.28353024,3.720069198
155.3999939,228.7558372,76.9534284,25.56194271,60.8894255,0.9038389822,151.4751621,6.496046543,298.2003174,0,112.2957306,18.22071075,137.2438507,81597.14062,15.28206635,3.662603771
155.6000061,228.7558372,77.08847392,25.99473792,60.71380105,0.9036812974,152.6573247,6.498085976,298.055603,0,114.3975296,107.4826584,13.72438431,81625.3125,15.27343178,3.721629591
155.8000031,228.7558372,77.99889189,25.71135821,60.7440884,0.9032678007,143.4685965,6.49994421,297.9245605,0,115.6818237,63.09942245,1.372438431,81652.07812,15.25271893,3.743910857
156,279.5904676,76.8119909,25.92423147,60.63762292,0.9025038697,155.3785319,6.503811836,298.0449524,0,116.2245636,18.92982674,81.32381439,81670.78906,15.27002144,3.829334534
156.1999969,279.5904676,78.23818275,25.94248583,60.48764468,0.9008644936,146.7503285,6.505646706,297.937561,0,115.213028,58.61777115,8.132381439,81687.85156,15.22462368,3.863214993
156.3999939,279.5904676,78.03097043,25.83539868,60.55401019,0.9030419132,147.5805756,6.507009506,298.191803,0,113.4806747,17.58533096,133.4225464,81704.64062,15.24428558,3.858139505
156.6000061,228.7558372,77.16799965,26.07759447,60.51896964,0.9018953263,152.3536287,6.507113934,298.0521851,0,111.1982422,103.7636414,13.34225464,81732.14062,15.23912525,3.804132433
156.8000031,228.7558372,78.25426831,25.7043702,60.57255665,0.9023942424,146.8250548,6.507509708,297.9296265,0,108.8766174,60.87687683,1.334225535,81758.42969,15.22644615,3.952391327
157,228.7558372,77.541472,25.73647998,60.8333311,0.9050746011,147.8756952,6.50775671,298.0403137,0,106.3917847,18.26306343,76.80091858,81784.3125,15.25328922,3.973256953
157.1999969,228.7558372,77.64784438,25.74514971,60.82361095,0.9028318697,147.1171415,6.507389069,297.9434509,0,103.8094788,54.73048401,7.680091858,81809.60938,15.22547245,4.027803217
157.3999939,228.7558372,77.29420779,25.64664123,60.69238408,0.9030787771,150.6776522,6.506028652,298.1729736,0,101.375824,16.41914558,122.7812042,81835,15.23195171,3.983122469
157.6000061,228.7558372,77.34319229,25.76074821,60.68726727,0.9014203136,147.3005482,6.504058838,298.0542297,0,99.48764038,94.21762848,12.27812004,81859.35938,15.20429707,4.010319419
157.8000031,228.7558372,77.77222288,25.67411517,60.66030596,0.9022835524,146.8135711,6.501200199,297.9379578,0,98.3861618,58.01656723,1.227812052,81883.53125,15.20558357,4.007762595
158,279.5904676,76.76046535,25.67117276,60.85265634,0.9022606633,146.8491357,6.499917984,298.0480652,0,98.42918396,17.40497017,75.61628723,81897.09375,15.21422195,4.028848843
158.1999969,228.7558372,77.27099613,25.64771488,60.84889175,0.9049098071,148.2888948,6.498810291,297.9553833,0,98.9770813,53.92755127,7.561628819,81921.67188,15.23522377,4.063823466
158.3999939,228.7558372,77.66479084,25.83915833,60.64821177,0.9015504024,148.3883545,6.496385098,297.8665466,0,99.97251129,22.93045998,0.7561628819,81946.53906,15.19930649,3.992389438
158.6000061,228.7558372,76.61568467,25.66096342,60.90906382,0.9036975699,147.9996027,6.494329929,297.926239,0,101.9429703,6.879137993,53.09611511,81971.3125,15.2347002,3.832546609
158.8000031,228.7558372,76.63873892,25.92802316,60.8149026,0.904083497,153.0456319,6.49407053,297.8537598,0,104.7300339,2.063741446,9.999999747e-05,81997.80469,15.24440861,3.914253485
159,228.7558372,77.29136097,25.8023253,60.73885339,0.9016752733,151.2366726,6.496414661,297.9573975,0,107.6161423,0.619122386,67.97814178,82024.80469,15.22124195,4.062369506
159.1999969,228.7558372,76.75677992,25.68893083,60.89853837,0.9035869726,149.9457563,6.500816822,297.8807068,0,109.5617523,31.43110275,6.797813892,82051.86719,15.24549198,4.117187025
159.3999939,228.7558372,76.77743052,25.62684732,60.87432557,0.9040098817,149.4732294,6.504518032,298.069519,0,109.7480545,9.429330826,104.2100372,82078.78125,15.24904537,4.068267654
159.6000061,228.7558372,77.17354552,25.69840131,60.69895741,0.9016542476,148.2193053,6.507215977,297.9700012,0,108.462883,70.67984009,10.4210043,82105.28906,15.21643829,4.093682133
159.8000031,228.7558372,77.02160576,25.6077816,60.7519791,0.9022716219,150.7730315,6.509057522,297.8737793,0,106.0993881,37.53594208,1.04210043,82131.82031,15.22473907,4.105349688
160,279.5904676,77.23112402,25.79130281,60.81994158,0.9031589914,146.4453099,6.509069443,297.9679565,0,102.9990387,11.26078224,66.77124023,82146.45312,15.21368027,4.115814887
160.1999969,279.5904676,76.41431097,25.90739732,60.90695034,0.9043617127,155.2749793,6.508817196,297.8864441,0,99.89704132,39.74622726,6.677124023,82162.13281,15.23868561,4.152243209
160.3999939,279.5904676,77.8869127,25.79170579,60.72994119,0.9021811917,148.0591234,6.506962299,298.0964661,0,96.89102173,11.92386723,110.4702988,82176.11719,15.18926239,4.237989305
160.6000061,279.5904676,76.51891661,25.69981616,60.8861423,0.9033754976,146.1846505,6.505197525,298.0014954,0,94.63129425,80.74018097,11.0470295,82188.85156,15.20450592,4.173557914
160.8000031,279.5904676,77.73279974,25.78571049,60.67672826,0.9018648937,147.6596349,6.501590729,297.9031677,0,93.07215881,50.01708221,1.10470295,82201.92188,15.17664623,4.197477016
161,228.7558372,76.93838734,25.62722344,60.92736267,0.904271956,149.2715181,6.498038292,298.0179138,0,92.96214294,15.00512409,75.14074707,82225.4375,15.21218014,4.086523554
161.1999969,279.5904676,76.53127202,25.59984364,60.96093182,0.9049024428,147.1555602,6.495611668,297.9291077,0,94.26700592,51.6972847,7.514074802,82238.21094,15.21868992,4.061865068
161.3999939,228.7558372,77.33611701,25.66759554,60.76774736,0.9032716497,148.5990899,6.493839264,298.1594238,0,96.53898621,15.50918579,121.1949463,82262.39844,15.20090389,4.091263641
161.6000061,279.5904676,76.71092066,25.63931572,60.90166794,0.9027102052,147.6222814,6.494337082,298.04953,0,99.52129364,92.97682953,12.11949444,82276.38281,15.20555973,4.09211583
161.8000031,228.7558372,77.15607862,25.73971415,60.93689166,0.9040659875,145.8648348,6.495764256,297.9418945,0,102.2990875,59.30781174,1.211949468,82301.22656,15.21234131,4.13312379
162,279.5904676,76.97405392,25.90353698,60.79803127,0.9056321266,152.0335096,6.497246265,298.0502625,0,104.5102921,17.79234314,75.73540497,82317.23438,15.23731136,4.080542833
162.1999969,279.5904676,76.36468418,25.43307938,61.05986525,0.9060655724,151.8527921,6.498675823,297.9514465,0,106.1315384,53.80384445,7.573540688,82333.15625,15.26084709,3.913390669
162.3999939,228.7558372,77.41504789,26.09181395,60.6625678,0.9037173356,152.0357775,6.497579575,297.8632202,0,107.1812592,20.78933525,0.7573540807,82360.0625,15.21746731,3.891054336
162.6000061,228.7558372,77.08379829,25.64571206,60.83930896,0.9020528323,151.4103516,6.497838974,297.9147949,0,108.6775436,6.236800671,49.91879272,82386.96875,15.21790314,3.855691182
162.8000031,279.5904676,76.83646654,25.64961181,60.90628071,0.9054961712,148.2431758,6.49875021,297.8427124,0,110.0575562,1.871040225,9.999999747e-05,82402.96875,15.24477577,3.85102095
163,228.7558372,77.08181038,25.74192967,60.88035107,0.9046616768,149.2382454,6.499845028,297.9454041,0,111.0752487,0.5613120794,67.84449005,82429.89062,15.23649216,3.868963917
163.1999969,228.7558372,77.04688671,25.69285856,60.8686159,0.9039887142,148.1947443,6.501875877,297.8748169,0,111.656517,0.1683936268,9.999999747e-05,82456.73438,15.22929764,3.915051399
163.3999939,228.7558372,76.60346728,25.81480648,60.90793639,0.9056713564,153.9611862,6.505510807,297.9880981,0,111.4230423,0.05051808804,72.05181122,82484.75,15.25416946,4.032641051
163.6000061,228.7558372,77.86209191,25.74255135,60.75386954,0.9034699543,147.0474717,6.508603096,297.9129639,0,109.7333755,34.9664917,7.205181122,82511.41406,15.20792675,4.16100886
163.8000031,279.5904676,77.52802027,25.80044507,60.74542594,0.9029964563,148.1561344,6.511260033,298.1020203,0,106.8135757,10.48994732,103.2339325,82527.24219,15.20104313,4.214923405
164,228.7558372,76.30078315,25.44938801,61.0950584,0.9051365935,149.2955918,6.513244629,298.0112,0,102.8308105,73.01503754,10.32339287,82552.5625,15.23423481,4.147554424
164.1999969,279.5904676,77.62520268,25.65550926,60.70793306,0.9033368144,147.183443,6.511795521,297.9179382,0,98.05496216,44.08734512,1.032339334,82566.4375,15.18573666,4.195752154
164.3999939,228.7558372,76.36045016,25.80081824,61.0808208,0.9067580662,151.0903226,6.509573936,298.0136108,0,93.86778259,13.22620296,65.77507019,82590.46875,15.22613811,4.188038815
164.6000061,228.7558372,76.49933977,25.6064016,61.02178507,0.9046601269,148.1643914,6.506672382,297.9422913,0,90.56077576,43.85327911,6.577507019,82613.3125,15.19773102,4.227831206
164.8000031,279.5904676,77.0293154,25.93387406,60.83450615,0.904813835,154.9297021,6.502526283,298.1283875,0,88.41414642,13.15598297,100.7037735,82626.86719,15.19514656,4.274169156
165,228.7558372,76.93057566,25.67103365,60.85641713,0.9049841367,148.5176712,6.498051167,298.0410767,0,87.9280014,75.7347641,10.07037735,82649.32031,15.18966293,4.176298757
165.1999969,279.5904676,76.7690994,25.53885517,61.05619985,0.9057586683,145.6136714,6.494852066,297.9483948,0,89.22891235,49.03160095,1.007037759,82660.97656,15.19886589,4.167739509
165.3999939,279.5904676,76.5707754,25.59433657,61.08299012,0.9055708684,147.0676871,6.492593765,298.0399475,0,91.80425262,14.70948029,65.33512115,82673.375,15.20498943,4.107244341
165.6000061,228.7558372,76.99254723,25.68451851,60.85020241,0.9037527921,149.0246501,6.491840839,297.9606323,0,95.28399658,45.05436325,6.533511639,82697.47656,15.19013023,4.128096721
165.8000031,279.5904676,77.29915231,25.93624458,60.7758154,0.9051348461,151.3243225,6.491897583,297.8817444,0,99.06288147,18.50021744,0.6533511877,82712.47656,15.20472336,4.118716735
166,228.7558372,77.07288078,25.6858246,60.9021829,0.904660854,149.3678362,6.492744923,297.9251404,0,102.821228,5.550065517,45.98293686,82738.07812,15.21252823,3.993854106
166.1999969,279.5904676,76.9546228,25.6961189,60.88810006,0.9030424823,147.3157245,6.494307518,297.8534851,0,106.2407532,1.665019631,9.999999747e-05,82753.39844,15.20111656,3.937106768
166.3999939,228.7558372,76.93825948,25.9200871,60.85335814,0.904898066,152.8196552,6.497391224,297.9439392,0,109.0353775,0.4995058775,63.32597733,82780.94531,15.22646713,3.995040228
166.6000061,228.7558372,76.84651163,25.65512318,60.89045921,0.9053968886,148.4744831,6.501823902,297.8735962,0,110.5938187,0.1498517692,9.999999747e-05,82807.86719,15.23026752,4.019563975
166.8000031,228.7558372,76.86486384,25.68374801,60.76671052,0.9024725812,151.4438569,6.505445004,297.9788818,0,110.3796463,0.04495552927,69.15354919,82835.29688,15.20816612,3.9910634
167,279.5904676,77.93885411,25.74362667,60.80876322,0.9034111792,147.6668297,6.50803566,297.9025574,0,108.7239532,32.15420914,6.915355206,82851.48438,15.19609642,4.078940762
167.1999969,228.7558372,77.08187358,25.97872986,60.82429937,0.9052742537,151.2201632,6.508172989,298.0794373,0,106.0327835,9.646262169,100.8526993,82877.9375,15.21601677,3.942307704
167.3999939,228.7558372,77.1721428,25.64430348,60.82983799,0.9030708634,148.9822517,6.506447315,297.9736633,0,103.2914581,67.58576202,10.08526993,82903.20312,15.19367981,3.844061317
167.6000061,228.7558372,77.39669924,25.58021167,60.91456249,0.9052498108,147.56533,6.503387451,297.875885,0,101.2386017,32.74481201,1.00852704,82927.78906,15.2053833,3.818210726
167.8000031,279.5904676,77.1905259,25.63298651,60.88746104,0.905542815,148.6967615,6.501454353,297.9505615,0,100.4081802,9.823443413,60.45076752,82942.02344,15.20666313,3.905267403
168,228.7558372,76.97319714,25.77692729,60.86973374,0.9026677136,146.5429574,6.49849081,297.8670349,0,100.3429794,31.66754913,6.04507637,82966.11719,15.17598057,3.820014136
168.1999969,228.7558372,77.10804356,25.68759677,60.95738059,0.9048758354,146.7945799,6.496090412,298.0464478,0,101.4701157,9.500265121,101.9911804,82990.46875,15.19838905,3.804789914
168.3999939,228.7558372,76.63543148,25.78126111,60.90241947,0.9042781801,154.9475139,6.495345592,297.9417114,0,103.5522537,67.03907776,10.19911861,83016.83594,15.21254063,3.822450091
168.6000061,279.5904676,77.08195069,25.61752132,60.92955189,0.9032434128,145.4765863,6.495810986,298.2434998,0,105.9288177,20.11172485,154.9730072,83031.35156,15.19026852,3.84040233
168.8000031,279.5904676,76.81496999,26.01145009,60.83164145,0.9059858481,153.0875079,6.496238232,298.0950928,0,108.1205063,122.8306274,15.49730015,83047.79688,15.22407055,3.805917367
169,279.5904676,78.31598347,25.61512857,60.68504055,0.9036577096,145.0588117,6.499160767,297.9638672,0,110.1452789,78.49733734,1.549730062,83063.57812,15.18458939,3.998473011
169.1999969,228.7558372,77.11947678,25.9812003,60.64807691,0.9029250269,154.2483927,6.502456665,297.8631897,0,110.9926758,37.90291595,0.1549730003,83091.66406,15.19799232,3.97828717
169.3999939,228.7558372,77.1683508,25.58152721,60.7808335,0.9030253416,150.7607316,6.506111145,297.9429016,0,110.5285034,11.3708744,62.65987778,83118.9375,15.20051861,3.982759071
169.6000061,279.5904676,77.48385141,25.84793409,60.84531383,0.9016309493,145.7429812,6.508617878,297.8721313,0,108.6025543,3.411262274,9.999999747e-05,83134.5,15.16822624,4.031918202
169.8000031,228.7558372,77.28097189,25.85775725,60.72720768,0.9022880194,149.7499311,6.50863266,297.9785461,0,105.6788712,1.02337873,70.14303589,83160.58594,15.17575741,3.926731028
170,279.5904676,76.93929969,25.89585796,60.85271321,0.9041624933,153.9622231,6.508589268,297.8996887,0,102.7538681,33.47380829,7.014303684,83176.5,15.19699097,3.989256851
170.1999969,228.7558372,77.6187279,25.96493873,60.78770164,0.9040595779,151.3416452,6.506800175,298.0865784,0,99.83827209,10.04214287,103.7910919,83201.91406,15.17859268,4.002015088
170.3999939,279.5904676,76.31664611,25.44304113,61.04596827,0.9042154593,148.351071,6.50633049,297.9916992,0,97.64389801,71.35035706,10.37910938,83215.44531,15.19250488,3.982317258
170.6000061,228.7558372,77.01923277,25.85426033,60.83687853,0.9044833112,152.7737391,6.504137516,297.8991699,0,95.62754059,40.46072006,1.037910938,83240.24219,15.18240547,4.032828906
170.8000031,228.7558372,77.52763879,25.79100651,60.78049623,0.9025709254,148.0741498,6.501301289,297.9900818,0,94.49815369,12.13821602,64.66673279,83263.96875,15.15166569,4.036544841
171,228.7558372,76.83140231,25.94324352,60.8510443,0.9051350432,152.1804888,6.499012947,297.9117737,0,94.49987793,40.41664124,6.466673374,83288.40625,15.18405724,4.019393737
171.1999969,279.5904676,77.15184879,25.76016034,60.92327298,0.904064839,148.6315179,6.497461319,298.1004944,0,95.41313171,12.12499332,104.2880173,83301.89062,15.1722517,4.022180434
171.3999939,228.7558372,76.34818257,25.80900934,60.93004713,0.9056901839,152.7925602,6.495809078,297.9971008,0,96.94628906,74.51250458,10.42880154,83326.64844,15.20209217,3.881151855
171.6000061,228.7558372,77.1666594,25.57711145,60.80965034,0.9035055718,150.1441541,6.495539188,297.9003296,0,99.143013,41.20063019,1.042880177,83351.58594,15.17825222,3.942019078
171.8000031,228.7558372,76.88727649,25.89219028,60.80761164,0.9051524593,151.7710881,6.496664047,297.986145,0,101.4429398,12.36018848,64.33085632,83377.34375,15.19495678,3.984665004
172,228.7558372,76.60950784,25.52256844,60.91758686,0.9041832303,151.5429386,6.497869968,297.9007874,0,103.2926788,38.95970917,6.433085918,83403.17969,15.20111084,3.862831735
172.1999969,279.5904676,77.54918669,25.70227732,60.7776387,0.9032749551,147.3300524,6.499869347,298.09021,0,104.6643372,11.68791294,105.8662643,83418.3125,15.17429543,3.974150709
172.3999939,279.5904676,76.23630002,25.83913678,61.00500266,0.9050941151,150.704082,6.50195694,297.986084,0,105.2339401,73.95801544,10.58662605,83433.82812,15.20705891,3.880479404
172.6000061,228.7558372,77.63436308,25.49057625,60.77249464,0.9015995733,149.1734595,6.502997875,297.8866272,0,104.9707718,39.99332428,1.058662653,83459.74219,15.16611099,3.889357027
172.8000031,228.7558372,77.41855768,25.66320659,60.76563371,0.903842331,147.3469665,6.504284382,297.9772339,0,104.2949295,11.99799728,66.46681976,83485.15625,15.17699814,3.934314197
173,279.5904676,76.33431264,25.81197357,60.74646646,0.9034329133,154.9432187,6.504545689,297.8905334,0,103.1003494,39.74973679,6.646681786,83501.07031,15.19102859,3.840202562
173.1999969,279.5904676,77.23327699,25.60339706,60.85460777,0.9042776677,147.8325824,6.503255367,298.0870972,0,101.8052979,11.92492104,110.3044281,83515.35938,15.18136311,3.800759536
173.3999939,279.5904676,76.98094405,25.7300403,60.91296277,0.9049802787,146.8905978,6.500861645,297.973877,0,101.0281601,76.28284454,11.03044224,83529.14062,15.18327808,3.731154169
173.6000061,228.7558372,77.82488977,25.99373534,60.70326874,0.9034958866,150.7260224,6.496705055,297.868988,0,101.2071915,39.01601028,1.103044271,83554.39062,15.16392803,3.697669805
173.8000031,228.7558372,77.21210245,25.93609122,60.75039963,0.9047421584,151.1867557,6.494885921,297.9604187,0,103.0512085,11.70480251,68.38763428,83580.00781,15.18361664,3.730070948
174,228.7558372,77.10809352,26.09010655,60.74668438,0.9037873923,151.8497129,6.494882107,297.8730774,0,105.6095657,39.12139893,6.838763237,83606.32031,15.1781826,3.781695054
174.1999969,228.7558372,77.62327759,25.68456094,60.76947626,0.9030507348,147.3650705,6.494851112,298.0771179,0,108.1709213,11.73642063,113.5639572,83632.17969,15.17339993,3.691663223
174.3999939,279.5904676,76.997895,25.62572341,60.90112006,0.9029526265,147.5238059,6.496626854,297.9620056,0,110.750618,78.02620697,11.35639572,83647.98438,15.18371487,3.689791241
174.6000061,228.7558372,77.0538635,25.46636725,60.94748329,0.9037178083,146.4928103,6.498772621,297.8579712,0,112.6139374,39.67059326,1.135639548,83674.39062,15.19357491,3.659263876
174.8000031,228.7558372,77.45340388,25.8429085,60.80809304,0.9024723116,145.3825413,6.499668121,297.9538574,0,113.6235046,11.90117741,70.50803375,83700.875,15.17031384,3.641341149
175,279.5904676,77.12921011,26.02375093,60.77332237,0.901854244,149.0319854,6.500810146,297.861908,0,114.280159,40.44380951,7.050803185,83717.74219,15.17043781,3.654466662
175.1999969,279.5904676,77.42961789,25.96685503,60.73673662,0.9057310856,150.9071231,6.502373219,298.0801086,0,114.4752655,12.13314247,119.6254883,83735.10156,15.20467854,3.68801077
175.3999939,228.7558372,77.30079036,25.62732054,60.76266226,0.9021444862,147.21027,6.503044605,297.9571533,0,114.0445938,82.92218781,11.96254921,83761.875,15.17388725,3.584369147
175.6000061,279.5904676,77.32388562,25.78542248,60.84996948,0.9054095199,153.6298705,6.502701759,297.8473206,0,113.3494949,41.87215805,1.196254849,83779.41406,15.21021461,3.58663353
175.8000031,279.5904676,78.0366981,25.72286754,60.79177879,0.9030055768,146.3994717,6.500813961,297.9516296,0,112.7920914,12.56164742,74.62090302,83795.45312,15.17060566,3.548279087
176,279.5904676,76.80737502,25.62952658,60.95169642,0.9031040578,145.7048424,6.498268604,297.8517151,0,112.9915314,43.64364243,7.462090492,83810.9375,15.18213463,3.406459002
176.1999969,279.5904676,76.70616169,25.39239606,61.03420044,0.9056036505,150.926301,6.496780872,298.091156,0,114.2064438,13.09309292,129.3420105,83827.64844,15.22106838,3.392602316
176.3999939,228.7558372,78.23582299,25.69020122,60.77365846,0.90184067,144.651146,6.495181084,297.9529724,0,116.0108109,90.88043213,12.93420029,83854.3125,15.15907478,3.46854923
176.6000061,279.5904676,77.54600452,25.57135831,60.74432161,0.9023099328,149.9216281,6.496062279,297.8386536,0,118.4589157,44.83398819,1.293420076,83872.03906,15.18208885,3.520985557
176.8000031,228.7558372,77.66747112,25.72118355,60.91211989,0.9044839382,146.9004527,6.497247696,297.9475708,0,120.54599,13.45019722,76.85176849,83900.05469,15.19645977,3.513067169
177,279.5904676,77.75542721,25.73701491,60.8154767,0.9035777232,146.8308529,6.498949528,297.873291,0,122.1658936,4.035058975,9.999999747e-05,83917.96094,15.18821526,3.533551989
177.1999969,228.7558372,77.15121156,25.71408116,60.97062259,0.9032537732,145.6508197,6.500279903,297.9997253,0,123.1043549,1.210517764,78.88878632,83946.03125,15.19133282,3.444429703
177.3999939,279.5904676,76.26176466,25.50308618,61.04071088,0.90330825,148.7523073,6.502449512,297.9048767,0,123.5134048,40.62945175,7.888878345,83964.10156,15.20819569,3.414502515
177.6000061,228.7558372,78.25462848,25.77218679,60.7181664,0.9025876239,145.1916351,6.502903461,298.1203003,0,123.0506973,12.18883514,119.7032776,83992.32031,15.17042923,3.483775408
177.8000031,228.7558372,77.22685588,25.61302626,60.75162207,0.9008294865,149.3522395,6.504070759,297.9887695,0,122.4147339,83.65087891,11.97032833,84020.96094,15.17147255,3.448938129
178,279.5904676,76.82646422,25.71159815,60.89430606,0.9066609316,155.4355163,6.505581856,297.8778381,0,121.3040543,41.16354752,1.197032809,84040.1875,15.23205757,3.502857568
178.1999969,228.7558372,77.95123356,26.06277881,60.70427642,0.9041573902,149.5983144,6.502806187,297.9589233,0,119.5900726,12.34906387,65.98716736,84068.50781,15.18112373,3.417145925
178.3999939,279.5904676,77.44078819,25.64164757,60.84178972,0.9026947817,146.9460604,6.500984192,297.8637695,0,119.0016174,36.5737915,6.598716736,84085.52344,15.1747427,3.399829728
178.6000061,228.7558372,78.1141067,25.71267322,60.7852048,0.9033783823,145.7093554,6.498277664,298.0624695,0,119.1250229,10.97213745,112.639801,84112.88281,15.17128754,3.379182761
178.8000031,279.5904676,77.48286478,25.7685056,60.83062391,0.9031319514,146.273241,6.496268749,297.9320679,0,120.3370514,75.13044739,11.26398087,84129.99219,15.17491436,3.36423302
179,228.7558372,77.74951072,25.4665048,60.76513996,0.9024579962,147.9698976,6.496795177,298.2776489,0,122.3474045,22.53913498,177.5164337,84158.36719,15.17795372,3.410265497
179.1999969,228.7558372,77.12659503,25.60859599,60.89038146,0.9018837603,142.8791497,6.497228622,298.0891113,0,124.1411209,140.2013702,17.75164223,84185.83594,15.16870403,3.34553352
179.3999939,279.5904676,79.19200935,25.67941003,60.67251601,0.9032176754,141.622779,6.497587204,297.9290466,0,125.7698517,82.97686005,1.775164247,84203.60156,15.16017532,3.483247746
179.6000061,228.7558372,78.07780606,25.74820142,60.80538536,0.9031402102,140.8080999,6.498156071,298.0747986,0,127.2552032,24.89305687,98.06266785,84231.625,15.1675663,3.396626446
179.8000031,228.7558372,78.19056959,25.69693404,60.81186343,0.9042322957,143.73867,6.498853207,297.9439087,0,128.5120087,73.72211456,9.806266785,84260.50781,15.18354034,3.384461829
180,228.7558372,77.82881395,25.68620529,60.82042312,0.9030860473,141.4914571,6.50053215,298.2471313,0,129.4902344,22.11663437,160.6484222,84289.02344,15.17289925,3.384985776
180.1999969,279.5904676,77.87201741,26.08081761,60.6965428,0.9049580866,148.783639,6.504602432,298.0819092,0,129.7941742,125.6018524,16.06484222,84308.88281,15.19025612,3.557848051
180.3999939,228.7558372,78.39351994,26.2216406,60.51574617,0.90384551,149.386689,6.507059097,297.9353943,0,128.4652405,75.59494019,1.606484175,84339.24219,15.1699667,3.56166515
180.6000061,228.7558372,77.24023005,25.85107332,60.70394517,0.9045240815,154.2561163,6.509771347,298.0681763,0,126.1665192,22.67848206,91.1700592,84369.77344,15.19869041,3.509071414
180.8000031,228.7558372,77.79706537,25.56969848,60.90175407,0.9043404087,145.7415028,6.511285782,297.9506836,0,122.7770157,67.16477203,9.117006302,84397.97656,15.17797375,3.51394748
181,228.7558372,78.11586621,25.712665,60.82343077,0.9045711141,145.0784633,6.509655476,297.8526001,0,118.7864151,28.19281006,0.9117006063,84425.29688,15.16471958,3.472515113
181.1999969,228.7558372,77.71143894,25.67178163,60.81619439,0.9037572799,146.6816087,6.506547451,297.9176331,0,115.4544754,8.457842827,57.72140503,84452.11719,15.15770626,3.42007273
181.3999939,279.5904676,76.95753498,25.9113525,60.91908778,0.9053169528,151.4731856,6.503255367,297.8451233,0,113.3604126,2.5373528,9.999999747e-05,84468.91406,15.17721844,3.430283319
181.6000061,279.5904676,77.24295488,25.79088125,60.88009082,0.9034443459,148.9858491,6.499547005,297.9528503,0,112.5791931,0.761205852,71.52751923,84485.0625,15.15486336,3.412425796
181.8000031,279.5904676,77.82095598,25.79910224,60.8091412,0.9031466513,146.3575875,6.495049,297.8632202,0,113.2821045,32.66643524,7.152751923,84500.89844,15.14307594,3.380787807
182,279.5904676,76.41678065,25.47646277,61.02083666,0.9032656601,148.4957502,6.493274212,298.0652161,0,115.7853012,9.799930573,113.8451309,84517.27344,15.17045879,3.33132027
182.1999969,228.7558372,77.66464804,25.57406053,60.80427302,0.9036257183,145.5473165,6.492052078,297.9389038,0,118.9870682,75.03348541,11.3845129,84544.46875,15.15889549,3.366364563
182.3999939,279.5904676,77.83901822,25.81780634,60.82025458,0.9026689138,141.8782356,6.492304802,298.2775574,0,122.6845627,22.5100441,175.6523285,84561.28906,15.14441681,3.413409888
182.6000061,228.7558372,76.10274272,25.61570381,60.99779171,0.905204735,155.2029783,6.494187832,298.0922546,0,126.2779617,138.0067444,17.56523323,84591.46094,15.21566486,3.286922143
182.8000031,228.7558372,78.4158916,25.69736226,60.81696876,0.9042891391,138.3659054,6.49724865,297.9378052,0,129.1175232,81.94772339,1.756523252,84619.51562,15.15825176,3.460580114
183,228.7558372,77.65838985,26.0949337,60.76798451,0.9049875867,146.3939578,6.501791954,298.0761108,0,130.7339478,24.58431625,94.40257263,84649.5,15.17776394,3.514944884
183.1999969,279.5904676,77.1011806,25.41633184,60.90198297,0.9030799262,149.4771791,6.507392883,297.9558105,0,130.5319977,71.12873077,9.440257072,84669.39062,15.18523979,3.490107852
183.3999939,228.7558372,77.6689129,25.97540972,60.84814363,0.9066088825,149.3908273,6.509783745,297.855011,0,128.0909576,31.44173241,0.9440257549,84699.40625,15.19449615,3.476223191
183.6000061,228.7558372,77.70476983,26.04256567,60.75445727,0.9045120823,150.0725717,6.510501862,297.9259338,0,124.707489,9.432519913,60.59814453,84728.88281,15.16889381,3.466295286
183.8000031,228.7558372,77.10070776,25.60360236,61.08221303,0.905550383,144.0133261,6.509477615,297.8532715,0,121.0320892,2.829756021,9.999999747e-05,84756.05469,15.17597485,3.354860567
184,228.7558372,77.57162679,25.71956489,60.86931549,0.9038919545,146.9672802,6.506881237,297.9607239,0,117.7666168,0.8489267826,71.69203186,84783.28125,15.15239811,3.366222137
184.1999969,279.5904676,76.69292697,25.49315013,61.02071157,0.9031883934,148.3192147,6.504720211,297.8722839,0,115.5393524,32.96111298,7.169203281,84799.63281,15.1560936,3.351652362
184.3999939,228.7558372,77.48174989,25.61722626,60.96354178,0.9054075021,146.4502785,6.503836155,298.069397,0,114.1700287,9.888334274,111.9052505,84826.11719,15.15765095,3.476612058
184.6000061,279.5904676,76.62710702,25.83625697,60.90068291,0.9031049848,155.1591716,6.503279686,297.9515381,0,113.1515121,73.76924133,11.19052505,84843.57031,15.15348339,3.492259557
184.8000031,279.5904676,77.02027682,25.93848999,60.90714096,0.9032559511,152.099395,6.502335072,297.8500671,0,112.3586807,34.23561096,1.119052529,84860.41406,15.14223671,3.526115355
185,228.7558372,76.80827552,25.60132485,60.82959432,0.9019883888,151.8563001,6.500446796,297.9315186,0,111.9458847,10.27068329,65.21073151,84887.375,15.13802242,3.41406331
185.1999969,279.5904676,77.22073084,25.59308767,61.01758039,0.9048492832,144.7658462,6.499187946,297.8587952,0,112.2902908,3.081204891,9.999999747e-05,84902.65625,15.14782715,3.464109598
185.3999939,228.7558372,77.45839885,25.62074923,60.96471588,0.9051159815,147.4128822,6.497552872,297.9703369,0,113.1332321,0.9243614674,73.50960541,84929.125,15.15365982,3.422965655
185.6000061,228.7558372,76.93278965,25.64012304,61.06374103,0.9052507528,144.4468391,6.496304035,297.882019,0,114.6335068,34.65798187,7.350960732,84955.125,15.15572929,3.372506424
185.8000031,279.5904676,77.56109939,26.14496053,60.80964764,0.9041748893,148.6717197,6.494977951,298.0791321,0,116.6307144,10.39739418,112.6442108,84972.17188,15.14093971,3.426320193
186,228.7558372,76.86781175,25.39294229,60.9154616,0.9029886474,150.1742471,6.496634483,297.959259,0,119.1598892,74.64352417,11.26442146,85000.23438,15.15792274,3.38370171
186.1999969,279.5904676,77.78826992,25.90243036,60.81935545,0.9068237692,149.4994091,6.498301029,297.8563538,0,121.0164032,34.77255249,1.126442075,85018.48438,15.17381954,3.486184738
186.3999939,228.7558372,78.29422475,25.81663518,60.78838016,0.9028517182,145.2347522,6.500133991,297.9356079,0,122.2159119,10.43176556,64.39630127,85046.67188,15.13146591,3.480880315
186.6000061,228.7558372,77.79857163,25.7426207,60.97873051,0.9033551808,143.3548301,6.50237751,297.862915,0,122.681694,3.129529715,9.999999747e-05,85074.42188,15.13938713,3.455576676
186.8000031,228.7558372,77.57492942,25.70172957,60.90972202,0.9047344959,146.8144846,6.504589558,297.9707947,0,122.2492447,0.9388589263,72.17287445,85102.71875,15.15744591,3.444209101
187,228.7558372,77.3549574,25.63022205,60.90445031,0.9042767285,146.4617586,6.50707531,297.8857422,0,120.9333954,33.56786346,7.21728754,85130.64844,15.15157032,3.461435056
187.1999969,228.7558372,77.42073768,25.93806757,60.83652719,0.9067179746,149.3436743,6.507905483,298.0742493,0,118.6222763,10.07035923,108.9158707,85158.71094,15.16603947,3.454001991
187.3999939,228.7558372,77.96231387,25.60611011,60.8332371,0.9030493195,144.0834144,6.5069561,297.9565735,0,115.9853363,71.45713806,10.89158726,85185.16406,15.12218857,3.402180015
187.6000061,228.7558372,78.02684114,25.55069407,60.87454477,0.9045608908,143.9788479,6.504725933,297.8557129,0,113.7287216,32.23058319,1.089158773,85211.14844,15.13057995,3.378620449
187.8000031,279.5904676,77.46480817,25.73940714,60.95253322,0.9046198531,143.3511888,6.503052711,297.9293213,0,112.362587,9.669174194,61.92756653,85226.21875,15.12677097,3.42158958
188,279.5904676,77.45880336,25.62057723,60.97944279,0.9047470376,145.5813382,6.501675129,297.8568726,0,111.6598129,2.900752306,9.999999747e-05,85241.60156,15.13186836,3.428363963
188.1999969,279.5904676,77.20196233,25.77768395,60.82831566,0.9029622075,147.8536464,6.501453876,297.9633484,0,111.5088348,0.870225668,71.6545639,85257.45312,15.11564541,3.482244807
188.3999939,228.7558372,77.36532,25.57698278,61.01838375,0.9049558653,146.4170443,6.500685215,297.8789673,0,111.4435577,32.77919006,7.165456295,85283.39844,15.13456631,3.422484582
188.6000061,228.7558372,77.52303571,25.91729361,60.8771792,0.9049640419,150.5473077,6.499841213,298.0675049,0,111.6912689,9.833756447,108.9209595,85310.33594,15.13324738,3.445099809
188.8000031,228.7558372,77.35486019,25.51740044,61.05420605,0.9059576322,145.0623063,6.500131607,297.9550781,0,112.2751465,70.97444153,10.89209557,85336.15625,15.14230156,3.427433479
189,228.7558372,77.70219503,25.56203319,61.04761984,0.9050273767,140.9370497,6.500649452,297.8563538,0,112.7388458,33.30209351,1.089209557,85361.39062,15.12193584,3.459362946
189.1999969,279.5904676,77.69464739,25.64863458,60.82689896,0.9029809626,146.1920577,6.502931118,297.9345703,0,112.9982071,9.990628242,63.53610611,85377.46875,15.10806084,3.568715672
189.3999939,279.5904676,77.51066018,25.7380664,60.93970522,0.9033908356,146.9120995,6.504737854,297.8623352,0,112.3398514,2.99718833,9.999999747e-05,85393.52344,15.11211109,3.556257426
189.6000061,228.7558372,77.67903769,25.6491548,61.04864065,0.9057836424,146.9294407,6.506301403,297.96875,0,110.966095,0.8991565108,71.75204468,85419.80469,15.13081455,3.556213408
189.8000031,279.5904676,77.04017709,25.81848278,60.9976135,0.9060384129,151.3993488,6.507685184,297.8881226,0,108.9661713,32.98554993,7.175204754,85436.03906,15.13758183,3.579290537
190,228.7558372,77.06088547,25.56574418,61.02203688,0.9043938528,144.6820535,6.507379532,298.070343,0,106.4125519,9.895665169,106.1415024,85460.70312,15.11108494,3.492803448
190.1999969,228.7558372,77.19845346,25.52424504,60.94393778,0.9025692902,146.8883929,6.505601883,297.9630127,0,103.9861755,69.16991425,10.61415005,85485.30469,15.0934248,3.456123104
190.3999939,228.7558372,77.48901231,25.46477457,61.04345687,0.9053554091,142.7188283,6.502951622,297.8654175,0,102.2702484,33.41204071,1.061415076,85508.78906,15.10465336,3.452701694
190.6000061,228.7558372,76.30898543,25.64423469,61.11175742,0.9063991197,155.1591456,6.499076366,297.9404907,0,101.6126022,10.02361202,62.77725601,85534.28906,15.14418316,3.331482405
190.8000031,228.7558372,77.23603065,25.46132929,61.1340528,0.9061047916,147.1793091,6.495615482,297.8680725,0,102.5062866,3.007083654,9.999999747e-05,85558.55469,15.1242857,3.349080867
191,279.5904676,77.17086082,25.62585213,60.89656038,0.9032687145,147.6668312,6.493405819,297.9694824,0,104.7789993,0.9021251202,69.88912201,85572.94531,15.09856319,3.378329977
191.1999969,228.7558372,76.9910683,25.5577428,61.07562449,0.9050940398,146.7618047,6.491569519,297.8851318,0,107.9328232,31.49094009,6.988912106,85598.09375,15.12331581,3.287727878
191.3999939,228.7558372,76.63143724,25.46140982,60.9992704,0.9030237115,148.8721183,6.491120815,298.0634766,0,111.8238754,9.447281837,105.1226425,85624.28906,15.12095261,3.237374314
191.6000061,279.5904676,76.96986042,25.89886983,60.97995974,0.9057580576,148.94161,6.493389606,297.9528198,0,115.8911514,67.29573822,10.51226425,85641.13281,15.13796902,3.37047886
191.8000031,279.5904676,78.23941915,25.63341576,60.88209098,0.9043193663,144.2073618,6.496717453,297.856781,0,119.0463333,30.16264343,1.051226377,85658.00781,15.11548901,3.426293321
192,279.5904676,76.9925993,25.46783702,60.93482665,0.9032159376,150.2728366,6.500810623,297.9258423,0,120.8757935,9.048792839,59.9522171,85676.09375,15.13447189,3.350806628
192.1999969,228.7558372,77.88345729,25.68110698,60.86601961,0.9028181667,145.2329001,6.501800537,297.8536682,0,121.0687561,2.714637995,9.999999747e-05,85703.73438,15.11091518,3.258782283
192.3999939,279.5904676,77.09916822,25.65691852,61.07475812,0.9052997777,145.7290315,6.501587391,297.9575195,0,120.8783035,0.8143913746,70.90065765,85720.66406,15.1420784,3.171533766
192.6000061,279.5904676,77.55398506,25.96534558,60.86240768,0.9056805913,150.1883014,6.500992775,297.8701477,0,120.7672729,31.70108032,7.090065956,85738.64844,15.13995457,3.209514855
192.8000031,279.5904676,77.58443001,25.76032006,60.97285225,0.9044285792,143.5578884,6.499300957,298.0586548,0,120.8913727,9.510324478,109.8459854,85755.14062,15.12261009,3.128862632
193,228.7558372,77.9665758,25.59915531,60.99968925,0.903636258,142.0496322,6.498179913,297.9353638,0,121.6945801,70.32798767,10.98459911,85781.99219,15.11304474,3.119968844
193.1999969,228.7558372,78.46550183,25.78176945,60.75764373,0.90326685,142.6714401,6.495964527,298.2483521,0,122.9409485,21.0983963,167.3658752,85809.25781,15.10350227,3.085160252
193.3999939,279.5904676,77.44232966,25.36056401,61.0686502,0.9052251551,143.8779546,6.495203018,298.0643616,0,125.0788956,127.5793304,16.73658752,85826.38281,15.14462471,3.024387378
193.6000061,279.5904676,78.78202724,25.50132724,60.79735413,0.9049719349,141.9325965,6.494513512,297.9136353,0,127.5130539,71.07126617,1.673658729,85844.03125,15.12531662,3.094998117
193.8000031,228.7558372,78.25108415,25.74417345,60.75203373,0.9024930738,143.3573705,6.494307995,298.0326843,0,130.2274017,21.32138062,87.56434631,85872.84375,15.10950375,3.057627394
194,228.7558372,76.82912175,25.7643024,60.82700732,0.9039654114,153.6576271,6.493671417,297.9090576,0,133.0227509,60.28601837,8.756434441,85903.86719,15.15846443,2.932791589
194.1999969,228.7558372,78.55468187,25.72622358,60.81178616,0.9028508047,143.3746662,6.493271828,298.1709595,0,136.0756226,18.08580589,145.3236542,85933.79688,15.12402248,2.981343092
194.3999939,279.5904676,77.4803921,25.56034008,61.02688287,0.9038832583,140.6002797,6.495406151,298.0047302,0,139.2860718,105.9608841,14.5323658,85953.08594,15.14385319,2.986066271
194.6000061,228.7558372,77.00354309,25.20413179,60.99683572,0.9046155727,149.0349932,6.497988224,297.8731995,0,141.6352539,53.0535965,1.45323658,85984.85938,15.17966175,2.918225929
194.8000031,279.5904676,77.70364317,26.18528068,60.81429027,0.9049676982,146.222522,6.502375126,297.9718323,0,142.9582977,15.91607857,76.31309509,86006.375,15.14988899,3.131090409
195,279.5904676,78.03490485,25.71528754,60.97984841,0.903604409,139.8883766,6.505907059,297.8662415,0,142.5221863,46.17487717,7.631309509,86026.46875,15.13357925,3.086764558
195.1999969,279.5904676,78.59750889,25.77099746,60.74672033,0.9029955725,142.8718665,6.506686687,298.0949097,0,140.6817627,13.85246277,129.2520752,86046.83594,15.1232338,3.036822711
195.3999939,228.7558372,76.52422317,25.71004726,61.00019792,0.9067426399,155.1942546,6.50817585,297.9482727,0,138.5358124,88.50922394,12.92520809,86079.1875,15.19179153,2.954398522
195.6000061,279.5904676,78.91878431,25.77539778,60.72874974,0.903515852,140.5091338,6.507872581,298.330658,0,135.7830963,26.5527668,199.9954681,86098.125,15.1094265,3.053992659
195.8000031,228.7558372,76.96403257,26.04774113,60.81228329,0.9032451415,146.9166062,6.50710392,298.1126404,0,133.1597748,157.6313324,19.99954605,86127.76562,15.12137604,2.966095197
196,279.5904676,77.79516372,25.84158839,60.99151565,0.9075325671,143.874123,6.506440639,297.9366455,0,130.8397369,91.94942474,1.9999547,86146.19531,15.14578915,3.055996502
196.1999969,279.5904676,77.02637463,25.46293916,60.98970959,0.9030571103,146.0263517,6.504407406,298.0831909,0,128.7832336,27.58482742,102.9154358,86164.3125,15.12161732,2.948177309
196.3999939,228.7558372,78.24326166,25.67780522,60.9199889,0.9047210296,141.8494682,6.501322746,297.9430237,0,127.5448761,77.08214569,10.29154301,86192.10938,15.10971642,2.978603546
196.6000061,228.7558372,78.53402643,25.57594719,60.83459882,0.9041527438,141.758043,6.497867107,298.2496033,0,127.5394669,23.12464333,167.1617279,86219.89844,15.10372448,2.952970162
196.8000031,228.7558372,77.90399598,25.58091491,60.91710872,0.904185353,143.2855228,6.496176243,298.0615234,0,128.9141235,127.8099823,16.71617317,86248.15625,15.11221886,2.959970828
197,228.7558372,78.55421091,25.60052058,60.87951934,0.9046105317,138.3659054,6.495449543,297.9114685,0,130.9581299,69.98472595,1.67161727,86276.09375,15.10214615,3.019053058
197.1999969,228.7558372,78.4900809,25.76217585,60.79581384,0.9045854897,141.3913959,6.49730444,298.0264587,0,133.2952271,20.99541855,85.69109344,86305.27344,15.10539055,3.103871954
197.3999939,228.7558372,78.14246147,25.69274388,60.76861694,0.9030460097,141.9364272,6.500061989,297.9111633,0,134.8849945,58.47027206,8.569109917,86334.8125,15.0981617,3.097874682
197.6000061,228.7558372,77.42177449,25.57144843,60.85806255,0.9023889856,148.7697931,6.503684998,298.1602783,0,135.3771057,17.54108047,139.572113,86365.64062,15.11570263,3.075070829
197.8000031,279.5904676,76.35709857,25.72052612,60.99854171,0.9031987427,153.0240539,6.506010532,298.0048828,0,134.4199982,101.0181198,13.95721149,86386.375,15.13599205,3.013677502
198,279.5904676,77.03946925,25.6485433,60.90571968,0.9064543416,154.7943729,6.507003784,297.8779602,0,132.5397797,51.5533905,1.395721197,86407.28906,15.15835571,3.029352921
198.1999969,228.7558372,78.06866077,25.63390137,60.91364483,0.9047873792,143.8062925,6.505181313,297.9729309,0,130.2623596,15.46601772,75.19503021,86436.09375,15.11242485,2.977278232
198.3999939,228.7558372,77.76085056,25.62965002,60.92845455,0.9041504644,144.261792,6.505767822,297.8713684,0,128.7189331,44.60687256,7.519503117,86464.74219,15.10313416,3.071185611
198.6000061,228.7558372,78.36872715,25.67249128,60.89558834,0.9044030341,142.5542431,6.505612373,298.0891113,0,126.9239502,13.382061,124.549057,86492.82031,15.09225368,3.09230052
198.8000031,228.7558372,77.52889545,25.44871389,61.16291898,0.9056352581,141.7136702,6.507377148,297.9588318,0,125.2013321,84.44254303,12.45490551,86520.21094,15.10819244,3.123876213
199,279.5904676,78.27800551,25.58919369,60.90162243,0.9043133079,140.7891991,6.508509636,297.8493042,0,122.7642059,41.20217514,1.245490551,86536.79688,15.0759573,3.213761817
199.1999969,228.7558372,77.95288966,25.71548673,60.90748157,0.9051875927,143.7218247,6.505373001,297.9402771,0,119.8823547,12.36065292,71.62703705,86563.57812,15.08563614,3.048892141
199.3999939,228.7558372,77.97936816,25.77839661,60.88109478,0.9044196017,144.1169243,6.501317501,297.8668518,0,118.2669754,3.708195686,9.999999747e-05,86590.10156,15.07426071,3.022987533
199.6000061,279.5904676,77.45427122,25.9681769,60.95881167,0.9065095237,149.3507777,6.499009609,297.9787598,0,118.2632751,1.112458706,75.11088562,86607.22656,15.10147285,3.091429282
199.8000031,228.7558372,76.51980853,25.7041141,61.01889169,0.9052282605,154.251487,6.499308109,297.8898926,0,119.1740112,35.2782402,7.511088371,86635.78125,15.11274052,3.089658919
200,228.7558372,77.95696081,25.57858992,61.01736417,0.9057177989,144.3261578,6.496979237,298.0794373,0,119.9623184,10.58347225,111.9270401,86662.65625,15.09381294,3.015577061
200.1999969,228.7558372,76.94141234,25.84737077,61.02303877,0.90688684,148.4187753,6.497271538,297.9571838,0,121.699234,72.50893402,11.1927042,86690.57812,15.11380959,3.061399266
200.3999939,228.7558372,78.29006948,25.69722652,60.8772004,0.9034148643,143.2445644,6.497991562,297.8562927,0,123.3022614,31.88567543,1.119270444,86718.17188,15.06739998,3.117819464
200.6000061,228.7558372,76.62776735,25.50586533,61.12352279,0.9032973893,148.8237383,6.499002934,297.9230652,0,124.6241302,9.565702438,60.31849289,86746.64844,15.09987926,3.009426647
200.8000031,228.7558372,77.63954398,25.55711854,61.03742051,0.906584611,143.9123505,6.50003624,297.8509521,0,125.5420074,2.869710922,9.999999747e-05,86774.58594,15.10866165,3.04914042
201,228.7558372,77.58334757,25.67711517,60.93255357,0.9040756082,146.1115971,6.502118587,297.953186,0,126.0473175,0.8609132171,71.01133728,86803.13281,15.08768082,3.091522068
201.1999969,228.7558372,77.35436692,25.89801568,60.95942951,0.9060731873,149.3933902,6.502689838,297.8667603,0,125.7164459,31.08136177,7.101133823,86832.1875,15.10842609,3.042728702
201.3999939,279.5904676,78.20372812,25.72304353,60.86554414,0.9038627488,143.6132808,6.503117085,298.0512695,0,125.1653519,9.324408531,109.2118149,86849.67969,15.07308006,3.079090725
201.6000061,228.7558372,77.80388476,25.52235211,60.97216409,0.9049333613,142.9717606,6.502157211,297.9291687,0,124.4388809,68.63539124,10.92118168,86877.08594,15.08741856,2.967708613
201.8000031,228.7558372,78.40648518,25.62997433,60.85840901,0.9044986597,141.5730154,6.501289368,298.2346497,0,124.100502,20.59061623,165.5696869,86904.29688,15.07133579,2.998004127
202,279.5904676,77.93225799,25.8938922,61.04371142,0.9091068569,145.993148,6.501475334,298.0638733,0,124.1044769,124.2439804,16.55696869,86921.91406,15.11718369,3.048948345
202.1999969,279.5904676,77.5661317,25.35530319,60.84546417,0.9023038412,148.8098374,6.504006863,297.9223328,0,124.0309143,71.83827209,1.655696869,86940.07812,15.0725317,3.093717237
202.3999939,279.5904676,77.94708568,25.57800761,61.05875803,0.9053160489,140.1522672,6.505661964,298.0406189,0,122.9404144,21.55148125,87.14511108,86956.375,15.07345676,3.111095239
202.6000061,228.7558372,77.65510174,25.58655272,61.21472381,0.9058181775,142.65752,6.506554127,297.9285278,0,121.1983414,60.51047134,8.714510918,86983.1875,15.08185196,3.070951481
202.8000031,228.7558372,77.87886158,25.59345449,61.01119823,0.9063052105,143.2009596,6.506696224,298.1720886,0,119.0990067,18.15314102,138.0093994,87009.72656,15.07734108,3.07105277
203,228.7558372,77.55467649,26.08230358,60.85624717,0.9041424023,149.1139407,6.507712841,298.0356445,0,116.9428787,100.3402405,13.80094051,87037.14844,15.05343723,3.157432779
203.1999969,228.7558372,78.57841924,25.64366975,60.91615845,0.9048797769,140.6877341,6.50718832,297.9117737,0,114.3749466,57.89440918,1.380094051,87062.53125,15.03924084,3.152142262
203.3999939,279.5904676,77.35948531,25.83640427,61.06976427,0.9080139393,149.4784291,6.507385254,298.0151978,0,112.0245285,17.36832237,78.58983612,87078.60938,15.08441067,3.190573442
203.6000061,228.7558372,77.46231454,25.67137233,61.03352743,0.9051067789,145.1312583,6.503742695,297.9108582,0,109.5880127,50.67043686,7.858983517,87103.53125,15.05090141,3.021563088
203.8000031,228.7558372,77.51797643,25.54956222,61.0777918,0.9062067789,142.5532786,6.498941422,298.1270142,0,108.6235199,15.20113087,125.6606522,87127.63281,15.05682373,2.949524204
204,279.5904676,76.96204973,25.21583494,61.22955451,0.9050807874,148.392667,6.497971058,297.9977417,0,109.5710526,87.21327972,12.56606483,87142.63281,15.06978321,3.04659765
204.1999969,228.7558372,77.64279166,25.80026121,61.0333182,0.9085848101,147.0961469,6.496706009,297.8852844,0,110.8903809,45.76117325,1.256606579,87168.41406,15.07766628,3.085259336
204.3999939,228.7558372,76.87020881,25.2970077,61.15443517,0.9058697628,150.1016364,6.496827126,297.9713745,0,112.7291031,13.72835159,70.13185883,87194.89062,15.08238888,3.027410967
204.6000061,279.5904676,77.47688104,25.51029176,61.03609344,0.9061644776,145.3205954,6.498943806,297.8808289,0,114.5138702,39.97753143,7.013185978,87210.63281,15.06500721,3.146487643
204.8000031,228.7558372,77.22060251,25.79428425,61.11067311,0.9086915945,148.8967051,6.499441147,298.0701294,0,115.4497452,11.99325943,112.5131149,87237.57812,15.09441185,3.049637242
205,279.5904676,77.52204613,25.76919258,61.13224808,0.9076672909,149.1944635,6.498493671,297.9479065,0,116.1983566,73.52052307,11.2513113,87254.25,15.08813095,2.997914263
205.1999969,279.5904676,77.62410781,25.51843351,61.08558135,0.904408459,141.871772,6.497615814,298.2562256,0,117.3256607,22.05615807,167.9382935,87269.54688,15.05223274,2.946293223
205.3999939,228.7558372,77.54322681,25.96316524,61.10579315,0.9081085202,147.3207313,6.49716568,298.0860596,0,118.7991791,127.3859253,16.79382896,87296.72656,15.08669567,2.94651947
205.6000061,228.7558372,78.44059193,25.67301229,60.85758827,0.9054668765,140.7649326,6.497102261,297.9378967,0,120.4515228,75.97406006,1.67938292,87323.14062,15.04830551,2.967481084
205.8000031,279.5904676,78.14601595,25.68373655,60.89943641,0.9045275961,141.4851825,6.498333931,298.0609436,0,122.1293182,22.79221725,90.29579926,87339.55469,15.04610729,2.999788067
206,228.7558372,76.91859052,25.38813549,61.16542224,0.9049201611,146.8678098,6.501995564,297.9476929,0,123.3114624,64.02132416,9.029580116,87367.44531,15.07817268,2.976790774
206.1999969,279.5904676,76.77255173,25.62609718,60.99804174,0.905735268,154.4385279,6.504819393,298.1912231,0,123.0251389,19.2063961,139.2095337,87386.32812,15.09453487,2.977365851
206.3999939,279.5904676,77.71146881,25.3899757,61.23845707,0.9050912486,141.406069,6.505587578,298.0423889,0,121.6198044,102.1097794,13.9209528,87402.34375,15.06187057,2.931704437
206.6000061,279.5904676,76.92227315,25.07836722,61.12108279,0.9044257764,148.8720782,6.503725052,297.9107666,0,119.9113083,56.108284,1.392095327,87419.16406,15.07945251,2.791593241
206.8000031,279.5904676,78.21764109,25.70751276,61.02057915,0.9060078264,142.5582683,6.502301693,298.006073,0,118.9498825,16.8324852,76.23277283,87435.03906,15.05097294,2.935985374
207,228.7558372,77.88970982,25.57802273,60.99291789,0.9038655186,143.6313444,6.501581192,297.9038391,0,118.5479431,47.34727859,7.623277664,87461.41406,15.03599644,2.920814163
207.1999969,228.7558372,77.74326618,25.98862725,60.94861552,0.9089300184,146.7682129,6.503818035,298.1108398,0,118.4333344,14.20418358,121.0631409,87488.625,15.07181931,3.060028399
207.3999939,279.5904676,77.43965154,25.53041751,61.11197333,0.9043231052,143.238863,6.507198334,297.9913025,0,117.4164276,82.77472687,12.10631466,87504.35938,15.03575134,3.08771951
207.6000061,279.5904676,78.21119747,25.45353132,61.01118302,0.9058640365,141.8260981,6.509166241,297.8832397,0,115.0530701,44.13844299,1.21063149,87519.5625,15.03361225,3.107408343
207.8000031,279.5904676,77.99745781,25.60067113,60.94571427,0.9054287873,143.379016,6.510352135,297.9701843,0,111.9108734,13.24153233,70.02375793,87534.46875,15.02246284,3.125556232
208,279.5904676,77.31769878,25.52233415,61.21452798,0.9049664458,143.7879334,6.510008812,297.8805542,0,108.2923813,39.67113113,7.002375603,87548.50781,15.02254581,3.075958467
208.1999969,279.5904676,77.43676114,25.55897292,61.19428511,0.9075554459,141.9433975,6.507752419,298.0689087,0,104.8138275,11.90133858,112.1904755,87561.45312,15.03159618,3.043047673
208.3999939,279.5904676,77.75455363,25.45591765,61.19853983,0.9057866685,143.54095,6.505068302,297.956665,0,102.2391586,73.08010101,11.21904755,87574.29688,15.01231194,3.059267044
208.6000061,228.7558372,77.62783281,25.36013764,61.212072,0.9074497699,142.7056867,6.502110004,297.8573914,0,100.733345,35.52830124,1.121904731,87597.125,15.02246571,3.038935034
208.8000031,279.5904676,77.48293129,25.63827197,61.03016635,0.9034669812,146.2801071,6.499213696,297.936554,0,100.4104309,10.65849018,65.77996826,87610.21875,14.98746204,3.067048983
209,279.5904676,76.84711923,25.26179216,61.33690194,0.9052918708,149.7552938,6.497544765,297.864624,0,101.2450714,3.197547197,9.999999747e-05,87623.97656,15.02816772,3.030658279
209.1999969,279.5904676,77.04999153,25.83635786,61.04991109,0.907016592,150.6338735,6.496679783,297.9667053,0,102.7433243,0.9592641592,71.64807129,87638.42188,15.02790165,3.083904007
209.3999939,279.5904676,77.23260515,25.45242684,61.25000927,0.9054645606,146.5725446,6.497854233,297.8874512,0,104.588974,31.64393806,7.164806843,87652.47656,15.01761246,3.110376828
209.6000061,279.5904676,77.20644854,25.77690365,61.09362874,0.9088161574,149.3371836,6.50030756,298.0585632,0,105.9605637,9.493181229,103.4492264,87667.49219,15.04322338,3.156785776
209.8000031,228.7558372,76.81368282,25.74481118,61.12172811,0.9054974346,151.7341216,6.501754761,297.9575195,0,106.3531952,64.9017334,10.34492302,87693.30469,15.02614498,3.061635983
210,228.7558372,78.26950676,25.52426103,61.07152161,0.9066246322,142.0537874,6.502444744,297.8651123,0,106.1744461,30.94550514,1.034492254,87717.46094,15.00688171,3.082748477
210.1999969,228.7558372,77.04569236,25.79559193,60.97361207,0.9054625104,150.1253974,6.503452778,297.9330139,0,105.7189636,9.283651352,60.37080002,87742.92188,15.01393032,3.067041234
210.3999939,279.5904676,77.00283463,25.36544761,61.2223102,0.9061480581,149.3958233,6.502687454,297.8614807,0,104.8567276,2.785095453,9.999999747e-05,87757.375,15.03251553,2.975952079
210.6000061,279.5904676,76.72095915,25.43281952,61.14140017,0.9043203363,150.9626757,6.500916004,297.9569702,0,104.3075562,0.8355286121,68.92198944,87771.88281,15.01960945,2.918243829
210.8000031,279.5904676,77.59482284,25.73654926,60.9660664,0.9029696253,146.2572203,6.499102592,297.8763428,0,104.4645462,29.11876106,6.892198563,87785.75781,14.98089886,2.970504878
211,279.5904676,77.55802529,25.56867427,61.09468719,0.9066251453,144.8800561,6.49887228,298.0429382,0,105.3437042,8.735628128,101.9046021,87799.52344,15.0138607,2.996934898
211.1999969,228.7558372,77.39700526,25.47361162,61.16587257,0.905150787,145.7507331,6.499669552,297.9419556,0,106.3097763,62.17836761,10.19046021,87824.05469,15.00673866,2.982309539
211.3999939,228.7558372,77.62778669,25.58928288,61.14013968,0.9060930427,144.7409628,6.500504971,298.2027588,0,106.9586487,18.65351105,145.7405243,87848.55469,15.00901413,2.978917821
211.6000061,279.5904676,77.40950036,25.38584209,61.39895193,0.9087181922,140.7258717,6.501986504,298.0691833,0,107.2763748,107.2160034,14.57405186,87861.72656,15.03171253,2.981602922
211.8000031,228.7558372,77.35140617,25.09273464,61.1889186,0.9053634726,147.5147584,6.502318859,297.9404907,0,106.999649,66.77619934,1.45740521,87886.57812,15.01980019,2.901596873
212,228.7558372,76.87259453,25.33006052,60.99582655,0.9024938013,149.6367918,6.504432201,298.0541382,0,106.5956726,20.0328598,83.88306427,87911.82812,14.9907999,2.981677022
212.1999969,228.7558372,76.84214196,25.21258163,61.27800252,0.9047138396,148.2301988,6.505386353,297.9532471,0,105.3369446,57.97062302,8.388306618,87936.4375,15.01155949,2.939981547
212.3999939,228.7558372,77.87220657,25.44183637,61.13003196,0.9062329379,142.4331954,6.505247116,297.8656006,0,103.7059631,24.34702682,0.8388306499,87959.89844,14.99158001,2.991826461
212.6000061,228.7558372,76.56200597,25.39015475,61.10398425,0.9046727591,150.3236954,6.504733562,297.9154663,0,102.1306992,7.304108143,52.30119705,87984.27344,15.0023489,2.934314312
212.8000031,279.5904676,77.13655584,25.58335888,61.01109067,0.9048308895,144.6991944,6.504202366,297.845459,0,100.7585526,2.191232443,9.999999747e-05,87997.03125,14.97663498,3.011347115
213,228.7558372,77.16297454,25.86861406,61.15171001,0.9073561517,147.8422773,6.502742767,297.9361267,0,99.59766388,0.6573697329,66.57769775,88020.67969,14.99740028,2.988372044
213.1999969,228.7558372,77.14314926,25.78088864,61.15714539,0.9073412166,150.0916344,6.501880646,297.8682556,0,99.02370453,0.1972109228,9.999999747e-05,88044.71094,15.00083637,3.007277512
213.3999939,228.7558372,77.04724589,25.7696606,61.04954416,0.9056737439,150.3971212,6.500400066,297.9654846,0,98.78968048,0.05916327611,69.57383728,88068.67969,14.98729515,2.965859811
213.6000061,279.5904676,77.59420095,25.51577146,61.14901334,0.9059513163,145.8367693,6.49990797,297.8900452,0,99.15172577,29.17341805,6.957384109,88081.5,14.98166943,3.013856815
213.8000031,228.7558372,77.37634483,25.99364134,60.95990067,0.9038700788,150.6052148,6.499618053,298.0491943,0,99.70545197,8.752025604,98.10198212,88105.89844,14.96242428,3.007567363
214,279.5904676,77.63389126,25.47094903,61.09005887,0.9039503906,144.4144988,6.501111984,297.9593201,0,100.377655,60.09710312,9.81019783,88118.77344,14.95991516,3.053922716
214.1999969,279.5904676,77.70924483,25.39516682,61.17463341,0.9053198784,144.6028368,6.50165081,297.8700867,0,100.4469604,29.74353409,0.9810197949,88131.67969,14.97467709,3.012336858
214.3999939,228.7558372,77.52619442,25.46009267,61.19598329,0.9062022808,145.2348442,6.500095367,297.936615,0,100.3096619,8.923060417,60.03437805,88154.94531,14.98614597,2.889450915
214.6000061,228.7558372,76.55518611,25.62502784,61.11054598,0.9059100838,153.0525881,6.50114584,297.8655396,0,100.7983856,2.67691803,9.999999747e-05,88179.83594,14.99868393,2.958523811
214.8000031,228.7558372,77.12245591,25.51764753,61.22987813,0.9062745,146.4357381,6.502019405,297.9584961,0,100.8516617,0.8030754328,67.53239441,88203.50781,14.98743248,2.961656331
215,279.5904676,77.2504562,25.45849268,61.14710652,0.906247915,144.4939853,6.503177166,297.8847351,0,100.5643845,28.36123657,6.753239155,88216.32812,14.97950745,2.993993801
215.1999969,228.7558372,77.42246701,25.45969742,61.2099062,0.9065261543,144.8397485,6.503804207,298.0418701,0,99.81249237,8.508370399,96.77935028,88239.53125,14.97947311,2.965242634
215.3999939,279.5904676,76.40000301,25.43648774,61.14389164,0.9040027172,150.4277643,6.503987312,297.946106,0,98.81240845,58.94934082,9.6779356,88252.89062,14.97578716,2.924049277
215.6000061,228.7558372,77.37250806,25.41472776,61.17343889,0.9051127072,145.4848396,6.50319767,298.1901245,0,97.73891449,17.6848011,137.7425842,88275.67188,14.96511745,2.909591919
215.8000031,279.5904676,76.15662753,25.39833513,61.43155069,0.9071612793,155.4250367,6.501750946,298.0625,0,96.98300171,100.5688019,13.77425861,88289.4375,15.0174818,2.837218038
216,228.7558372,77.37841976,25.86565202,61.08613482,0.9068784974,149.2182897,6.499643326,297.9434509,0,96.80476379,61.84178925,1.37742579,88312.82031,14.97361183,2.889984118
216.1999969,279.5904676,77.16621589,25.70608014,61.19775881,0.9078148222,150.1963495,6.499633789,298.0435486,0,97.46966553,18.55253601,76.96389008,88326.11719,14.98880482,2.96247147
216.3999939,228.7558372,76.48600468,25.24182022,61.28593061,0.9084870303,149.2954022,6.501009941,297.9536133,0,98.12944031,51.86278534,7.696388721,88349.57812,15.00820827,2.921380619
216.6000061,228.7558372,77.22930447,25.35756502,61.29796042,0.9071247115,143.5119178,6.501610756,297.8725891,0,98.24101257,21.71191216,0.769638896,88372.09375,14.97565269,2.930362466
216.8000031,279.5904676,77.42227896,25.72280054,61.08854893,0.9062423391,146.4592184,6.501479149,297.9175415,0,98.11920166,6.513573647,49.00902557,88384.83594,14.96114445,2.951311757
217,228.7558372,77.34554149,25.49774396,61.28258956,0.9064054408,144.2361827,6.501264095,297.8497314,0,98.04986572,1.954071999,9.999999747e-05,88407.47656,14.96493149,2.90296483
217.1999969,279.5904676,77.04262424,25.78302514,61.1449472,0.9083064166,149.2645436,6.500511169,297.9319763,0,98.06460571,0.5862216353,63.58558273,88420.63281,14.98619461,2.896444481
217.3999939,279.5904676,76.66733175,25.47562442,61.1321783,0.9050849537,149.8580212,6.501634598,297.8639526,0,98.3819046,0.1758664846,9.999999747e-05,88433.90625,14.96639347,2.927076453
217.6000061,228.7558372,76.53282654,25.41169284,61.16340318,0.906249882,151.0761334,6.501321316,297.9577026,0,98.24202728,0.05275994539,68.35868073,88457.67969,14.98346329,2.827702671
217.8000031,279.5904676,76.87460931,25.57356165,61.28301612,0.9064507903,152.5050032,6.502303123,297.883728,0,98.23810577,27.810112,6.835867882,88471.53906,14.9802494,2.928259577
218,228.7558372,77.32021517,25.54263829,61.06663392,0.9056665353,146.5608281,6.503145695,298.0415039,0,97.83267975,8.343033791,96.70885468,88494.65625,14.95187378,2.920673346
218.1999969,228.7558372,77.27000222,25.34898469,61.22802542,0.9064975507,143.834544,6.504149437,297.9552917,0,97.09474945,58.97106171,9.670885086,88517.03125,14.95673275,2.91780244
218.3999939,279.5904676,77.57791323,25.43896114,61.27543618,0.9068236564,141.7133963,6.504048347,297.8703003,0,95.95437622,29.60895348,0.9670885205,88528.39844,14.94854832,2.932474721
218.6000061,228.7558372,77.80080784,25.75946963,60.98434064,0.9060890891,143.2912207,6.502505779,297.9407654,0,94.8586731,8.882685661,59.50751495,88550.38281,14.92886066,2.895782879
218.8000031,279.5904676,77.82290874,25.56356063,61.21929601,0.9048017483,144.4818245,6.501038551,297.8735352,0,94.38108826,2.664805889,9.999999747e-05,88562.03906,14.92678452,2.902904635
219,228.7558372,76.52139091,25.36997773,61.15969151,0.9037813724,151.3175477,6.500268936,297.9607239,0,94.48549652,0.7994417548,65.73677826,88585.17188,14.94559574,2.828708546
219.1999969,228.7558372,76.65210275,25.26841463,61.33026397,0.9056103757,149.9209865,6.501065254,297.8905945,0,94.89572906,26.64152336,6.57367754,88608.21875,14.95885372,2.883868033
219.3999939,228.7558372,77.49900704,25.48117917,61.21643929,0.9065517668,145.16652,6.501006603,298.0367737,0,94.98455811,7.992456913,91.35621643,88630.53906,14.94342041,2.886968804
219.6000061,228.7558372,77.05565718,25.36660318,61.19523898,0.9046392979,146.7640986,6.502455711,297.9559631,0,95.10456848,54.84029007,9.135621071,88653.15625,14.93245888,2.917163847
219.8000031,279.5904676,77.33186688,25.73375076,61.19538188,0.9066041649,150.5243021,6.502892971,297.8737183,0,94.63724518,27.24481964,0.913562119,88666.14062,14.94586372,2.943357265
220,228.7558372,77.46175768,25.66225701,61.19604019,0.9054712759,145.5798552,6.502609253,297.9398804,0,94.00327301,8.173445702,56.9757309,88688.42188,14.92449474,2.898035731
220.1999969,228.7558372,77.02149759,25.41757043,61.20545127,0.9047502849,147.7835709,6.502109528,297.8728943,0,93.48188019,2.452033758,9.999999747e-05,88710.85156,14.93089008,2.853385163
220.3999939,279.5904676,76.75599657,25.49861208,61.22940241,0.9047273984,150.5011226,6.50209713,297.9596558,0,93.15877533,0.7356101274,64.50984192,88723.30469,14.93536472,2.885783807
220.6000061,228.7558372,77.22390524,25.9449982,61.20163531,0.9058332951,150.303186,6.5014081,297.8917847,0,92.8384552,26.40270615,6.450984001,88746.29688,14.92739868,2.887445801
220.8000031,228.7558372,76.54402614,25.25592999,61.22680215,0.904073651,150.73786,6.500788689,298.0314636,0,92.79740143,7.920811653,90.09185791,88768.96875,14.93656063,2.797182038
221,228.7558372,77.70074633,25.48906251,61.05206915,0.9033759101,142.9691469,6.499302864,297.9461975,0,93.00169373,52.55963135,9.009185791,88790.39062,14.89596176,2.807655789
221.1999969,228.7558372,76.94960361,25.18997771,61.3109375,0.9067436653,148.590066,6.499073029,298.1582947,0,93.80335999,15.76788902,123.8279572,88812.86719,14.95405006,2.778300748
221.3999939,279.5904676,77.26327195,25.63980519,61.28923235,0.9051571709,148.926584,6.500258446,298.0574341,0,94.69010162,87.56803131,12.38279533,88825.40625,14.92576694,2.879895093
221.6000061,228.7558372,77.58093971,25.3105816,61.32336144,0.9081452588,143.059627,6.50197506,297.9580078,0,95.10207367,57.11774826,1.238279581,88847.36719,14.94075966,2.875871852
221.8000031,228.7558372,76.86266977,25.15977019,61.32221457,0.9059921921,149.3484517,6.503192425,297.8737793,0,94.83028412,25.72311974,0.1238279566,88870.3125,14.94516373,2.825411709
222,228.7558372,77.43269954,25.4539772,61.23035013,0.9052835809,145.8605335,6.503537178,297.9263916,0,94.07472992,7.716935635,51.37850189,88892.59375,14.9161787,2.843423466
222.1999969,279.5904676,77.18848499,25.60928953,61.06186194,0.9025896885,146.5053372,6.50338316,297.8605957,0,93.18271637,2.315080643,9.999999747e-05,88904.32812,14.88808441,2.853645916
222.3999939,228.7558372,77.17024197,25.76067433,61.18627909,0.9087230983,148.7203179,6.502514362,297.9453125,0,92.3510437,0.6945242286,63.09232712,88926.78906,14.94050026,2.821200852
222.6000061,279.5904676,77.35239588,25.51288905,61.28492032,0.9066979474,146.3057237,6.503405571,297.8841553,0,91.8677063,0.2083572745,9.999999747e-05,88938.36719,14.91732025,2.912160295
222.8000031,279.5904676,77.28607745,25.66066707,61.04422812,0.9033128606,147.9832945,6.503437519,297.9710693,0,91.01979065,0.06250718236,62.90562057,88950.08594,14.883564,2.89291171
223,279.5904676,77.38647746,25.45598373,61.17162536,0.9057879647,145.8310623,6.50357914,297.9075317,0,90.16747284,26.16032219,6.290562153,88961.21875,14.90123272,2.897519776
223.1999969,228.7558372,77.43916267,25.50399661,61.14588514,0.9050841075,145.8761594,6.501700401,298.0404663,0,89.25547791,7.848096848,85.44788361,88982.48438,14.89429188,2.797412096
223.3999939,279.5904676,77.18997174,25.66735995,61.28147049,0.9091770185,148.908908,6.500700951,297.9612427,0,89.10193634,50.72616196,8.544788361,88993.91406,14.93270016,2.846526868
223.6000061,228.7558372,77.84474742,25.58865629,61.25387943,0.9054295546,143.9849902,6.500024319,297.8875732,0,89.33882141,23.91498566,0.8544788361,89015.07812,14.8828249,2.857920131
223.8000031,228.7558372,77.1312991,25.50261613,61.09703157,0.9048182599,146.1796931,6.500512123,297.9380188,0,89.84815979,7.174495697,48.70509338,89036.64062,14.88603592,2.859507009
224,228.7558372,77.25768691,25.43298915,61.36506828,0.9083794492,144.8232319,6.50057745,297.8756714,0,90.15946198,2.152348757,9.999999747e-05,89057.96094,14.91911602,2.827336057
224.1999969,279.5904676,77.02298958,25.89852282,61.22236538,0.9078573681,148.4222277,6.500204563,297.9503784,0,90.44975281,0.645704627,58.3348465,89069.60938,14.91297722,2.833582203
224.3999939,279.5904676,77.3494552,25.43104075,61.18263972,0.9037621878,145.9879188,6.500037193,297.8847351,0,90.88941193,22.22164726,5.83348465,89080.82031,14.88009071,2.806227631
224.6000061,279.5904676,76.63724554,25.51093751,61.30328522,0.9071005415,153.8149271,6.500576973,298.0114136,0,91.39388275,6.666493893,83.63639832,89093.57031,14.93121719,2.794305285
224.8000031,279.5904676,77.47136023,25.38124935,61.21134462,0.90380535,145.5211565,6.500029564,297.9303589,0,91.68078613,46.53432083,8.363639832,89104.76562,14.88152599,2.754739033
225,228.7558372,77.62894509,25.3839951,61.31643339,0.9066124994,143.9054689,6.500173569,298.1306458,0,92.19248962,13.96029663,116.4338989,89126.25,14.89972401,2.751198734
225.1999969,279.5904676,76.37137331,25.33410857,61.48235602,0.9074232354,154.0850764,6.501367569,298.0301514,0,92.64074707,81.05216217,11.6433897,89139.09375,14.94292259,2.741960054
225.3999939,228.7558372,77.2787474,25.34495773,61.36061394,0.9073446388,142.4691782,6.502079487,297.9342651,0,92.61021423,49.78355408,1.164338946,89160.28906,14.90399551,2.748572242
225.6000061,279.5904676,76.87295858,25.215301,61.1929177,0.9041278778,150.0635934,6.503141403,298.0147705,0,92.2999115,14.93506622,66.58114624,89172.40625,14.89483547,2.763552389
225.8000031,228.7558372,77.01411507,25.76947727,61.20360006,0.9066425301,149.9383978,6.502701283,297.9356384,0,91.56223297,40.96242142,6.65811491,89194.86719,14.90007591,2.732808204
226,279.5904676,77.05990457,25.28963776,61.34187362,0.9079048632,146.875979,6.502220154,298.09021,0,91.00654602,12.28872681,97.70035553,89206.01562,14.91650867,2.716430589
226.1999969,279.5904676,77.44728074,25.64316818,61.36726313,0.9078660734,148.9734699,6.500920296,297.9975891,0,90.63864899,63.79221344,9.770035744,89217.64844,14.90790081,2.719032318
226.3999939,279.5904676,77.39755149,25.33395013,61.2483326,0.9088399011,141.22098,6.499936104,297.9091797,0,90.79328156,34.06164169,0.9770035148,89227.67188,14.90282822,2.705540657
226.6000061,279.5904676,76.94482046,25.24898766,61.34966285,0.9068585789,147.8391588,6.499685764,297.9660339,0,91.3378067,10.21849251,55.59571838,89239.04688,14.90688324,2.697690903
226.8000031,228.7558372,76.96743589,25.5711517,61.21084917,0.9052352406,147.6651789,6.499685287,297.8943481,0,91.98117828,27.0965023,5.559571743,89261.05469,14.8808527,2.697906804
227,279.5904676,76.78474379,25.29983282,61.34414666,0.9055005945,148.7575325,6.500964165,298.0206909,0,92.62620544,8.128951073,83.94589996,89272.91406,14.89485645,2.728903038
227.1999969,279.5904676,77.16009837,25.43939916,61.20420786,0.90457634,146.6382288,6.502063274,297.9413757,0,92.75630951,48.28762436,8.394590378,89284.49219,14.87164593,2.739519006
227.3999939,279.5904676,77.25591602,25.49188585,61.24427466,0.9096036376,143.0573961,6.502042294,298.1362305,0,92.45147705,14.48628712,115.394928,89295.19531,14.90583706,2.692002585
227.6000061,279.5904676,77.12970771,25.34838284,61.26547647,0.9008510066,148.2708852,6.501861095,298.0334167,0,92.15811157,80.11486816,11.53949261,89306.82031,14.84615707,2.665032081
227.8000031,279.5904676,77.66784605,25.26629724,61.33808296,0.9087625917,143.5400478,6.501944065,297.9357605,0,91.93426514,48.28726578,1.153949261,89317.64062,14.89635754,2.705470911
228,279.5904676,77.92425846,25.61073109,61.17606569,0.9036800218,146.0541706,6.499996662,298.009552,0,91.67577362,14.48618031,64.71714783,89328.92969,14.84893417,2.650176141
228.1999969,279.5904676,76.63518136,25.15782052,61.44685638,0.9075067491,148.1533331,6.498963833,297.9240723,0,92.20374298,38.26339722,6.471714973,89340.29688,14.91186619,2.5775442
228.3999939,228.7558372,76.80373859,25.18067948,61.35192123,0.9060580603,149.1816016,6.49889183,298.0752869,0,93.1353302,11.47901917,97.54016876,89362.59375,14.89649296,2.585436198
228.6000061,228.7558372,76.99606023,25.21195802,61.43096297,0.9052766877,150.1505324,6.500208378,297.9850769,0,94.09552002,61.43953323,9.754016876,89385.42188,14.88820457,2.637165628
228.8000031,228.7558372,77.87529121,25.57529681,61.1149511,0.9032304075,145.4207594,6.501398087,297.9009094,0,94.52767944,32.00804901,0.9754016995,89407.74219,14.83681202,2.693168087
229,228.7558372,77.06715743,25.88844158,61.01135528,0.9057768193,149.3440668,6.502876759,297.9584351,0,94.48874664,9.602415085,54.52519608,89430.72656,14.86289787,2.695300423
229.1999969,279.5904676,77.48084356,25.40701329,61.19214142,0.9057994966,145.1720599,6.5040555,297.8879395,0,93.85695648,26.36658478,5.452519894,89442.29688,14.86298466,2.697531548
229.3999939,279.5904676,77.45680163,25.84242797,61.17926299,0.9059551,149.2505066,6.504695415,298.0166931,0,92.75553894,7.909975529,84.30966187,89454.5625,14.85881042,2.717465731
229.6000061,279.5904676,77.40509181,25.34162187,61.40518739,0.9081385772,144.7505116,6.505755424,297.9410095,0,91.399086,48.65480042,8.430965424,89465.57031,14.87650776,2.72166274
