Time Step,Discharge rate,Sugar feed rate,Soil bean feed rate,Aeration rate,Back pressure,Water injection/dilution,pH,Temperature,Acid flow rate,Base flow rate,Cooling water,Heating water,Vessel Weight,Dissolved oxygen concentration,Yield Per Step
0,318.1959963,67.23980213,25.66595207,56.44048483,0.8654000004,148.5458443,6.411211014,297.8546448,0,38.4460907,9.999999747e-05,86.50177002,61851.73828,17.08185768,0.05930889374
0.200000003,318.1959963,67.23980213,25.95952788,55.68633503,0.8347580013,148.5458443,6.440657139,297.9387512,0,73.96175385,9.999999747e-05,29.07122421,61850.84375,16.82559776,-2.719723053e-05
0.400000006,318.1959963,67.23980213,26.14897251,55.52655321,0.8219518273,148.5458443,6.482924938,297.9227295,0,98.12223816,9.999999747e-05,9.999999747e-05,61854.90234,16.70413208,-2.70346873e-05
0.6000000238,318.1959963,69.47624609,26.17663167,54.72045907,0.8081941814,148.5458443,6.530464172,298.0560608,0,105.4277878,9.999999747e-05,41.2867012,61860.13672,16.58909416,-2.688940365e-05
0.8000000119,318.1959963,67.58414071,25.92478699,53.98506295,0.8054258055,148.5458443,6.573288918,298.0155334,0,93.74153137,43.22602463,4.128669739,61862.45312,16.56059837,-2.673038484e-05
1,318.1959963,67.23980213,25.72593069,54.4956913,0.8093748046,148.5458443,6.58454895,297.9786377,0.5167158842,46.87076569,30.34156609,0.4128669798,61855.11719,16.57660294,-2.647825056e-05
1.200000048,318.1959963,72.24398717,25.70215223,56.7766662,0.8500368625,148.5458443,6.574465752,297.9572144,1.037285089,23.43538284,18.49914742,0.04128669947,61844.45703,16.90647125,-2.636897477e-05
1.399999976,318.1959963,67.23980213,25.75878407,55.53829576,0.8490132423,148.5458443,6.553692818,297.9497375,1.559063673,11.71769142,10.58903503,0.004128669854,61830.18359,16.88629532,-2.636159614e-05
1.600000024,318.1959963,67.23980213,25.31725224,53.75949926,0.8291919108,148.5458443,6.528065681,298.0168762,2.081191301,5.858845711,3.176710606,17.53250504,61814.79297,16.7095356,-2.648788005e-05
1.799999952,318.1959963,67.23980213,26.01579711,56.63201701,0.8577772776,148.5458443,6.500439167,298.0085144,0,0,24.50930786,1.75325048,61797.79688,16.92564583,-2.663354373e-05
2,318.1959963,67.23980213,25.73491574,56.78948609,0.8636081688,148.5458443,6.474389553,298.0018921,0,0.3529426754,21.75808716,0.175325051,61780.82422,16.95810318,-2.670716069e-05
2.200000048,318.1959963,67.23980213,25.9859181,57.21876258,0.8715094945,148.5458443,6.457420349,298.0026855,0,11.114254,19.84915161,0.0175325051,61766.14453,17.01491547,-2.67690392e-05
2.400000095,318.1959963,67.23980213,25.8503413,56.60047972,0.8609358807,148.5458443,6.452977657,298.0068665,0,28.63835335,20.25057411,0.001753250486,61755.00391,16.90452194,-2.678896498e-05
2.599999905,318.1959963,67.23980213,25.92282438,56.24329299,0.844129472,148.5458443,6.461812973,298.0147705,0,47.9276123,21.78364182,0.0001753250399,61747.86328,16.75094223,-2.674865018e-05
2.799999952,318.1959963,67.23980213,26.00108952,55.99349491,0.8356637265,148.5458443,6.480054855,298.0235291,0,63.67915344,24.73396492,9.999999747e-05,61743.94531,16.66034508,-2.665372718e-05
3,318.1959963,67.23980213,26.07365121,56.29745127,0.8381696058,148.5458443,6.502054691,298.0320435,0,72.14560699,28.24794388,9.999999747e-05,61741.73828,16.66122437,-2.652720951e-05
3.200000048,318.1959963,67.23980213,25.89770624,55.36240297,0.8140490268,148.5458443,6.524168015,298.0436707,0,71.82993317,32.01021957,9.999999747e-05,61741.55469,16.44846535,-2.639823061e-05
3.400000095,318.1959963,67.23980213,25.96800705,57.57198466,0.8678582748,148.5458443,6.540325165,298.0580444,0,62.68054199,37.15187073,9.999999747e-05,61739.58203,16.89832115,-2.62913445e-05
3.599999905,318.1959963,69.1614031,25.88320493,55.84659086,0.8356225559,148.5458443,6.544614315,298.0751038,0,47.08827972,43.66556168,9.999999747e-05,61735.00781,16.61272049,-2.623333422e-05
3.799999952,318.1959963,67.23980213,25.63975726,55.47143174,0.827681629,148.5458443,6.532839298,298.0900879,0,29.80027962,51.62090683,9.999999747e-05,61725.05859,16.52049446,-2.6239128e-05
4,318.1959963,67.23980213,25.86019537,57.07710366,0.8563893508,148.5458443,6.509335518,298.0994873,0,17.2369442,59.47764969,9.999999747e-05,61712.49219,16.73437119,-2.630331206e-05
4.199999809,318.1959963,67.23980213,25.98272053,57.22655591,0.8710973539,148.5458443,6.483757019,298.1083069,0,14.06209373,65.98181152,9.999999747e-05,61699.28906,16.83413696,-2.639787934e-05
4.400000095,318.1959963,67.23980213,25.79452237,56.6289467,0.8622666353,148.5458443,6.464360714,298.1175232,0,21.08806229,72.69046021,9.999999747e-05,61687.5,16.73581505,-2.648712795e-05
4.599999905,318.1959963,67.23980213,25.99097279,56.54431352,0.8572620195,148.5458443,6.456554413,298.1307983,0,35.84562683,79.86779785,9.999999747e-05,61678.82812,16.67703629,-2.653892564e-05
4.800000191,318.1959963,67.23980213,25.72821358,56.94494965,0.8588456365,148.5458443,6.461666584,298.1466675,0,53.70730591,88.78546143,9.999999747e-05,61673.81641,16.67475128,-2.653476748e-05
5,318.1959963,67.23980213,26.03342761,55.97064756,0.8353295547,148.5458443,6.475716591,298.1568909,0,69.51890564,99.06674194,9.999999747e-05,61672.06641,16.44558525,-2.647016062e-05
5.199999809,318.1959963,69.06507992,26.15600593,56.42895674,0.8487927038,148.5458443,6.493964195,298.1635437,0,79.72250366,107.9662094,9.999999747e-05,61672.91797,16.53407478,-2.636295311e-05
5.400000095,318.1959963,67.23980213,26.07698906,55.88691716,0.8410355003,148.5458443,6.510848522,298.1639709,0,82.64194489,116.0769806,9.999999747e-05,61673.79688,16.43527031,-2.623969812e-05
5.599999905,318.1959963,67.23980213,25.94539849,57.55165184,0.8651697611,148.5458443,6.524729252,298.1748352,0,78.82550812,122.3078384,9.999999747e-05,61673.94141,16.62696838,-2.613356726e-05
5.800000191,318.1959963,67.23980213,25.7467605,54.45163476,0.8054258055,148.5458443,6.530908108,298.1860962,0,69.46226501,132.1998749,9.999999747e-05,61672.13672,16.08368683,-2.606519852e-05
6,318.1959963,67.23980213,25.79479439,54.78801066,0.8079535449,148.5458443,6.527781487,298.2028809,0,57.64310074,142.5560608,9.999999747e-05,61667.96484,16.08029938,-2.604278706e-05
6.199999809,322.150817,70.56795427,25.91719465,57.79549909,0.8856330328,157.1020792,6.516606331,298.2340393,0,47.08047867,155.2417755,9.999999747e-05,61663.63281,16.72891045,-2.603069513e-05
6.400000095,318.1959963,67.23980213,25.56979838,55.93952791,0.8394480598,148.5458443,6.499341965,298.2590637,0,40.98457336,173.4775543,9.999999747e-05,61656.09375,16.29473305,-2.616384041e-05
6.599999905,318.1959963,67.23980213,25.85992621,55.94993321,0.8477833408,148.5458443,6.481694221,298.2724304,0,41.78862,190.6513824,9.999999747e-05,61648.72266,16.32456589,-2.624525309e-05
6.800000191,318.1959963,67.23980213,26.00691503,55.87541922,0.8411593708,148.5458443,6.469055176,298.2771912,0,49.63349152,204.7948151,9.999999747e-05,61642.95312,16.22854996,-2.629623657e-05
7,318.1959963,67.23980213,25.87316601,57.05433474,0.8662298545,148.5458443,6.464215279,298.2772827,0,62.51631927,216.5442963,9.999999747e-05,61639.77344,16.40769768,-2.630215204e-05
7.199999809,318.1959963,67.23980213,25.99012878,54.48861053,0.8080371853,148.5458443,6.467391014,298.281189,0,77.32570648,226.9424438,9.999999747e-05,61639.66797,15.86762428,-2.62669383e-05
7.400000095,318.1959963,67.23980213,25.99017798,54.76429278,0.8086045214,148.5458443,6.475946903,298.2898865,0,90.8633194,238.6869049,9.999999747e-05,61642.35156,15.83809948,-2.620633683e-05
7.599999905,318.1959963,68.36747976,25.87248768,55.37094466,0.8172195309,148.5458443,6.485844612,298.2935486,0,100.9866257,252.1978912,9.999999747e-05,61647.38281,15.87382984,-2.612871407e-05
7.800000191,318.1959963,69.24059213,26.17860408,55.07982357,0.8166435563,148.5458443,6.49434042,298.2877808,0,107.1636276,264.2649231,9.999999747e-05,61653.94141,15.82204247,-2.603655339e-05
8,318.1959963,76.35231139,26.25441358,55.76713762,0.8306480387,148.5458443,6.500114918,298.2757568,0,109.9512329,273.2645569,9.999999747e-05,61663.02734,15.8988142,-2.593927766e-05
8.199999809,318.1959963,67.78945372,25.73477104,56.0255984,0.8454411455,148.5458443,6.503247738,298.2735901,0,110.4334946,279.9449158,9.999999747e-05,61669.74219,15.98166943,-2.585745186e-05
8.399999619,318.1959963,67.23980213,25.9912117,53.48515012,0.8054258055,148.5458443,6.502423286,298.2545776,0,109.6625671,289.6272583,9.999999747e-05,61676.12109,15.57265377,-2.578497527e-05
8.600000381,318.1959963,68.5058865,26.01670566,54.02159979,0.8054258055,148.5458443,6.498550415,298.2351685,0,109.2260208,293.3478699,9.999999747e-05,61682.73438,15.52430248,-2.571165821e-05
8.800000191,318.1959963,67.23980213,25.792893,56.87584405,0.8414601825,148.5458443,6.493757248,298.2443237,0,110.3358307,296.3381348,9.999999747e-05,61689.23828,15.80375862,-2.567720199e-05
9,318.1959963,68.50526326,26.11188672,53.72461496,0.8054258055,148.5458443,6.487931252,298.2570801,0,113.3562317,308.4598999,9.999999747e-05,61696.77734,15.4234314,-2.568128576e-05
9.199999809,318.1959963,70.7967371,25.91183941,56.63393914,0.8541730998,148.5458443,6.480135441,298.2315979,0,118.7075806,321.9559631,9.999999747e-05,61705.875,15.79291916,-2.56569837e-05
9.399999619,318.1959963,76.72003048,26.24849964,53.92527649,0.8054258055,148.5458443,6.471648693,298.190033,0,127.1803436,322.7111206,9.999999747e-05,61718.29688,15.297575,-2.558406421e-05
9.600000381,318.1959963,71.26996491,26.42460989,54.64520635,0.8054258055,148.5458443,6.464422703,298.1696167,0,139.0437317,317.2484436,9.999999747e-05,61731.68359,15.24548244,-2.551488361e-05
9.800000191,318.1959963,80.03640025,26.59129168,54.42765977,0.8112601023,148.5458443,6.459098816,298.1939697,0,153.7911377,317.6410828,9.999999747e-05,61749.82422,15.24159431,-2.550786883e-05
10,318.1959963,79.98620278,26.77847636,54.13816419,0.8054258055,148.5458443,6.4541502,298.2310181,0,170.6658936,332.5607605,9.999999747e-05,61771.47656,15.13214493,-2.5554413e-05
10.19999981,318.1959963,79.02308244,26.49852315,57.33092337,0.8733982209,148.5458443,6.448664665,298.2522278,0,189.5249329,352.4321289,9.999999747e-05,61796.63281,15.67094803,-2.559827149e-05
10.39999962,318.1959963,82.18198038,27.39328407,54.02717641,0.816739305,148.5458443,6.442295551,298.2433167,0,210.5811768,368.1275024,9.999999747e-05,61827.03125,15.09164906,-2.559904152e-05
10.60000038,318.1959963,82.18198038,27.25311405,57.74849512,0.9057378645,148.5458443,6.434888363,298.2611694,0,225,374.3583984,9.999999747e-05,61860.40625,15.81415176,-2.560112726e-05
10.80000019,318.1959963,82.18198038,26.8936735,54.79453007,0.8399313948,148.5458443,6.425873756,298.2956238,0,225,389.7101746,9.999999747e-05,61893.75391,15.16311073,-2.565388009e-05
11,318.1959963,82.18198038,27.55638164,56.21164195,0.8675764987,148.5458443,6.415410519,298.3036194,0,225,411.2518005,9.999999747e-05,61927.14453,15.33178425,-2.570458883e-05
11.19999981,318.1959963,82.18198038,27.40554133,55.71561323,0.8506338083,148.5458443,6.403772354,298.3044128,0,225,424.8427124,9.999999747e-05,61960.46094,15.10632992,-2.572814161e-05
11.39999962,318.1959963,82.18198038,27.27353817,55.58759364,0.8620384283,148.5458443,6.391225338,298.3139954,0,225,436.4405823,9.999999747e-05,61993.75,15.12187004,-2.575992335e-05
11.60000038,318.1959963,82.18198038,26.96947675,55.82430909,0.8485165794,148.5458443,6.377806187,298.3068542,0,225,451.1521606,9.999999747e-05,62026.91406,14.92822742,-2.578914285e-05
11.80000019,318.1959963,82.18198038,27.00732674,58.35029909,0.9023233542,148.5458443,6.363820553,298.31604,0,225,460.39505,9.999999747e-05,62060.09375,15.3275013,-2.582344794e-05
12,318.1959963,82.18198038,27.12042631,56.29538173,0.8444644209,148.5458443,6.349440098,298.3435669,0,225,475.1290894,9.999999747e-05,62093.31641,14.73025036,-2.589797761e-05
12.19999981,318.1959963,82.18198038,26.9170644,56.46229489,0.8553676219,148.5458443,6.334487438,298.3477478,0,225,496.4071045,9.999999747e-05,62126.4375,14.73370552,-2.59711519e-05
12.39999962,318.1959963,82.18198038,27.36716335,57.26135409,0.862345494,148.5458443,6.319004536,298.3392334,0,225,510.5275879,9.999999747e-05,62159.58594,14.708848,-2.601148819e-05
12.60000038,331.2745023,82.18198038,26.98071364,56.99823966,0.8718920272,148.5458443,6.303188801,298.3319397,0,225,520.5924683,9.999999747e-05,62189.94922,14.69312763,-2.587266048e-05
12.80000019,318.1959963,82.18198038,27.31144022,57.42649767,0.8591483321,148.5458443,6.287626743,298.3684998,0,225,530.8619995,9.999999747e-05,62223.11719,14.49955463,-2.612546582e-05
13,318.1959963,82.18198038,26.74287956,58.78460563,0.8894561329,148.5458443,6.272051811,298.3948059,0,225,555.9806519,9.999999747e-05,62256.16406,14.68589497,-2.6244123e-05
13.19999981,321.4088236,82.0122162,26.2572318,58.31524439,0.8753817359,149.1422097,6.257406235,298.43573,0,225,578.5969849,9.999999747e-05,62288.56641,14.49022388,-2.63256278e-05
13.39999962,347.5587427,82.18198038,26.9834027,58.19248004,0.8666481966,148.5458443,6.247587681,298.3977356,0,225,607.3247681,9.999999747e-05,62315.58203,14.65288734,-2.603869324e-05
13.60000038,337.8170205,82.18198038,26.77449992,57.66318817,0.8587084482,148.5458443,6.28336668,297.913208,0,225,610.2501221,9.999999747e-05,62344.50781,15.76271343,0.004415172816
13.80000019,335.1450145,82.18198038,26.98363352,58.87691141,0.8798132868,148.5458443,6.322545528,300.4715576,0,225,183.0750427,763.473877,62373.64453,15.95165348,0.006857348156
14,318.1959963,81.53047571,26.23736383,57.60356131,0.8709612131,148.5458443,6.359889984,299.3526611,0,225,1066.091431,76.34738922,62405.76953,15.88188648,0.008423731565
14.19999981,318.1959963,82.18198038,27.17050334,57.2231797,0.8570309945,148.5458443,6.393566132,298.5923767,0,225,753.5656738,7.634738922,62438.57812,15.73742008,0.007528940101
14.39999962,318.1959963,82.18198038,26.72226888,56.01453832,0.8448125755,148.5458443,6.424129486,298.1165161,0,225,550.3886719,0.763473928,62471.46484,15.63475323,0.01099958521
14.60000038,318.1959963,82.18198038,26.76043224,55.80683631,0.8329308333,148.5458443,6.451318264,297.8147888,0,225,414.1274109,0.07634738833,62504.39844,15.53600979,0.01442788948
14.80000019,318.1959963,82.18198038,27.14769222,55.56819081,0.8574669037,148.5458443,6.475171089,299.3403931,0,225,124.2382278,422.7106323,62537.21484,15.73367691,0.01352706861
15,318.1959963,82.18198038,27.84192352,55.39209609,0.8749270892,148.5458443,6.495563984,298.7974854,0,225,645.8878174,42.27106094,62570.02344,14.81420135,0.01089321449
15.19999981,318.1959963,82.18198038,27.18940977,54.9971019,0.8583412053,148.5458443,6.513737679,298.3429565,0,225,497.409668,4.227106094,62602.80469,14.69842434,0.01755489952
15.39999962,318.1959963,80.85386496,26.46447591,56.07739568,0.8549443856,148.5458443,6.530072212,298.0050049,0,220.0305786,374.5669861,0.4227106273,62634.01562,14.75173473,0.040544967
15.60000038,318.1959963,82.18198038,27.36465478,57.17660681,0.9126643753,148.5458443,6.542099953,297.8378601,0,208.5262604,274.2440796,0.04227106273,62663.46484,15.19387817,0.03008794988
15.80000019,318.1959963,82.18198038,27.08123945,57.36779192,0.9146842265,148.5458443,6.551345825,298.8974304,0,192.2191162,82.27322388,272.3208618,62689.48438,15.19938564,0.02849386758
16,318.1959963,82.18198038,27.1323489,55.47256591,0.8863716685,148.5458443,6.534839153,298.5541992,0.5193337202,96.10955811,442.9977112,27.23208618,62695.75781,14.88913918,0.03298229256
16.20000076,318.1959963,67.23980213,25.60580383,55.52516449,0.8292621015,148.5458443,6.522265911,298.256012,0,82.77765656,350.2915649,2.723208666,62695.0625,14.67860985,0.271032502
16.39999962,318.1959963,67.23980213,25.73169633,55.37866979,0.8288227447,148.5458443,6.506753922,298.0756531,0,74.37966919,270.7652588,0.2723208666,62692.75391,14.66013718,0.2976821535
16.60000038,318.1959963,67.23980213,25.94238352,55.87428892,0.8252857399,148.5458443,6.489081383,297.9413452,0,72.20882416,220.3856354,0.02723208629,62689.96094,14.64360428,0.3471093478
16.79999924,318.1959963,67.23980213,25.98487089,56.70008767,0.8401530068,148.5458443,6.474070072,298.8086853,0,77.10450745,66.11569214,227.3238831,62688.01562,14.78421402,0.3818931313
17,318.1959963,73.13673726,25.82390259,56.81300483,0.8644956628,150.6890345,6.461822033,298.4699707,0,87.98921204,364.1495972,22.73238945,62690.125,14.91629219,0.2723888279
17.20000076,318.1959963,67.23980213,25.79344526,57.12302401,0.8543231855,148.5458443,6.459819794,298.2269592,0,103.7725296,271.116272,2.273238897,62693.60547,14.92615795,0.4372492833
17.39999962,318.1959963,70.62841958,25.85174827,57.28081999,0.859298303,148.5458443,6.46350193,298.0927734,0,120.3319778,207.4452667,0.2273238897,62701.44922,14.92005253,0.3575464863
17.60000038,318.1959963,74.87379984,26.30037271,55.5909833,0.8350206777,148.5458443,6.468965054,298.016449,0,135.4327698,171.4805298,0.02273238823,62713.5625,14.63154316,0.2624513497
17.79999924,318.1959963,71.25099722,26.0923988,57.17593313,0.8632874759,148.5458443,6.477639675,297.9530334,0,148.3605499,149.63414,0.002273238963,62727.27734,14.96517372,0.4013993402
18,318.1959963,79.79789934,26.42841742,54.88448308,0.8361985574,148.5458443,6.484584808,297.9411011,0,157.813736,128.9438324,0.0002273238933,62745.21875,14.5800333,0.2099691886
18.20000076,318.1959963,81.88579498,26.51984972,57.23832094,0.8832006318,149.4343186,6.49159193,298.526947,0,164.5047607,38.68315125,128.4499817,62765.17969,14.97502995,0.1743930533
18.39999962,318.1959963,82.18198038,26.65894918,54.28110991,0.8362438725,148.5458443,6.500415325,298.3780212,0,168.3872681,238.680069,12.84499836,62785.88672,14.51907063,0.1530469046
18.60000038,318.1959963,82.18198038,26.66341885,57.81007452,0.9029205941,148.5458443,6.509122372,298.2634888,0,168.7346191,202.6691132,1.284499884,62806.75391,15.11538124,0.1537571834
18.79999924,318.1959963,78.03307098,26.4347959,54.7384811,0.8242987343,148.5458443,6.519692898,298.1997681,0,165.6054077,178.4496155,0.1284499913,62825.99609,14.46156311,0.2179073868
19,318.1959963,79.62648854,27.09596528,56.78521704,0.8636062276,148.5458443,6.525877476,298.1523438,0,158.2415314,167.2004395,0.01284499839,62844.23828,14.77480698,0.1904761013
19.20000076,318.1959963,75.96226906,26.498554,56.93376932,0.8639796738,148.5458443,6.53139019,298.114502,0,148.4241333,158.8164062,0.001284499886,62859.4375,14.8397007,0.296308391
19.39999962,318.1959963,75.95082286,26.41690091,57.04462863,0.8640658768,148.5458443,6.532664299,298.08255,0,136.3896942,151.8214722,0.0001284499886,62872.13281,14.83964157,0.3316551138
19.60000038,318.1959963,78.9527332,26.49397762,57.05219804,0.8558042129,148.5458443,6.528076649,298.0647888,0,123.8573608,145.3817596,9.999999747e-05,62883.09766,14.71773338,0.2786359968
19.79999924,318.1959963,68.6142534,25.87486719,57.13049127,0.8585290513,148.5458443,6.525856018,298.0385437,0,113.1658325,142.5883179,9.999999747e-05,62889.19922,14.89966393,0.6388674649
20,318.1959963,75.04198582,26.03342338,57.34441176,0.8570668437,148.5458443,6.518227577,298.0440979,0,103.3360138,136.0991821,9.999999747e-05,62895.1875,14.77036667,0.4167633509
20.20000076,318.1959963,68.44033004,26.07480051,55.32002607,0.8261956747,148.5458443,6.510329723,298.0274048,0,96.58295441,139.6569061,9.999999747e-05,62898.16797,14.58365059,0.6821715791
20.39999962,318.1959963,69.57177571,25.75131879,57.23268496,0.8597420566,148.5458443,6.499638557,298.0040894,0,92.97264099,135.5036316,9.999999747e-05,62900.71875,14.88863277,0.7363000195
20.60000038,318.1959963,67.23980213,25.92256048,55.72707527,0.8221566057,148.5458443,6.492626667,298.0010986,0,93.64701843,128.6114655,9.999999747e-05,62903.0625,14.57162952,0.807919105
20.79999924,318.1959963,67.23980213,26.03816071,56.50296764,0.8335466677,148.5458443,6.489835262,298.0166626,0,97.10511017,127.9118423,9.999999747e-05,62906.36719,14.65768147,0.7740416031
21,318.1959963,68.50528732,26.17737705,56.68173347,0.8387601477,148.5458443,6.48664093,298.0105591,0,101.677681,133.346283,9.999999747e-05,62910.97656,14.69300461,0.7811569539
21.20000076,318.1959963,72.55648767,26.03373007,55.67751735,0.8293733311,148.5458443,6.48529911,298.0186157,0,107.5428619,131.7439575,9.999999747e-05,62917.94141,14.53808212,0.6317255805
21.39999962,318.1959963,68.18354923,25.87597085,56.0064964,0.8261589732,148.5458443,6.486365795,297.9962158,0,113.9373398,134.9712219,9.999999747e-05,62924.99609,14.60515594,0.8966268042
21.60000038,318.1959963,68.73594149,25.94851894,55.53432031,0.8221117095,148.5458443,6.49135685,297.9994812,0,119.9031601,127.8795624,9.999999747e-05,62933.57031,14.54171848,0.8534592938
21.79999924,318.1959963,75.70586933,26.37545746,56.6087088,0.8592110049,148.5458443,6.496396542,298.0350952,0,123.8675232,129.0338745,9.999999747e-05,62944.99609,14.72532272,0.4954483671
22,318.1959963,73.50404889,26.22003208,56.04383474,0.8359247826,148.5458443,6.50273037,298.0524292,0,125.8282852,141.2732086,9.999999747e-05,62956.19922,14.55735493,0.5897210828
22.20000076,318.1959963,77.18155037,26.27737297,56.05627266,0.8302999193,148.5458443,6.506838322,298.067749,0,125.2514038,148.2987671,9.999999747e-05,62968.23438,14.44676113,0.4698806934
22.39999962,318.1959963,71.32066078,26.17097305,55.96535472,0.8283631863,148.5458443,6.511917591,298.0601196,0,123.0429611,155.42276,9.999999747e-05,62978.18359,14.52286339,0.7416905187
22.60000038,318.1959963,71.21181016,26.0153054,57.42226202,0.8628216283,148.5458443,6.514638901,298.0446777,0,118.7923889,155.2136993,9.999999747e-05,62987.12891,14.83804131,0.816459244
22.79999924,318.1959963,72.91259545,25.95367213,56.9503977,0.8621538216,148.5458443,6.515573502,298.0480042,0,113.464241,152.1986084,9.999999747e-05,62995.45312,14.7851038,0.7377296981
23,318.1959963,70.88645902,26.13032302,56.56901946,0.846647154,148.5458443,6.513402939,298.0295715,0,107.7604523,155.1410065,9.999999747e-05,63001.98438,14.68260098,0.891030893
23.20000076,318.1959963,67.23980213,26.19630363,55.53269145,0.8167359587,148.5458443,6.508694172,297.991272,0,102.9293976,150.5593414,9.999999747e-05,63006.44922,14.48417187,1.154389571
23.39999962,318.1959963,75.38315601,26.16406497,56.61593035,0.8368843242,148.5458443,6.499670982,297.9826355,0,99.98015594,138.5925751,9.999999747e-05,63012.4375,14.53837872,0.8230966551
23.60000038,318.1959963,68.21614741,25.8396029,55.57971629,0.8344788735,148.5458443,6.492972851,297.9515991,0,100.6462097,135.5748444,9.999999747e-05,63016.55078,14.63473892,1.241964173
23.79999924,318.1959963,67.23980213,25.8185496,55.83992518,0.8253669521,148.5458443,6.489445686,297.9397888,0,103.9701767,124.2805023,9.999999747e-05,63021.14844,14.57272243,1.311552585
24,318.1959963,74.66900046,26.29781152,55.91327696,0.839697015,148.5458443,6.485059261,298.5187073,0,108.7019882,37.28415298,132.1107635,63028.69531,14.56192398,0.9493309436
24.20000076,318.1959963,71.1941505,25.92009026,56.28233623,0.8351109242,148.5458443,6.484184742,298.374939,0,115.2014389,234.8456879,13.21107674,63036.50391,14.60249615,1.179925691
24.39999962,318.1959963,70.38734532,26.34691168,55.10452577,0.8129110497,148.5458443,6.484052658,298.2268066,0,122.0363083,200.3498383,1.321107745,63045.56641,14.41467571,1.26649647
24.60000038,318.1959963,71.18993502,26.36552898,55.62212118,0.8181587843,148.5458443,6.486782551,298.1405334,0,128.9328461,164.3815765,0.1321107745,63056.35938,14.45060635,1.241590212
24.79999924,318.1959963,73.22472555,26.14997259,55.28812378,0.8310762813,148.5458443,6.490204811,298.0859375,0,134.7303619,144.2362671,0.01321107708,63068.87109,14.53425121,1.199058098
25,318.1959963,74.86977711,26.3448625,55.53532895,0.8223992065,148.5458443,6.495454311,298.0673523,0,139.1659088,131.3151855,0.001321107731,63082.86719,14.42306995,1.084797909
25.20000076,318.1959963,73.94565225,26.29389195,55.55239787,0.8326570855,148.5458443,6.50198555,298.0581665,0,141.4979553,128.5410919,0.0001321107702,63097.15625,14.51722908,1.129680198
25.39999962,318.1959963,78.13533028,26.37416208,55.84777036,0.8321772886,148.5458443,6.50707674,298.065979,0,141.2190094,128.0389709,9.999999747e-05,63112.57031,14.43929005,0.9103009762
25.60000038,318.1959963,76.7935841,26.30588113,58.10773177,0.8897849902,148.5458443,6.511089325,298.0609436,0,138.9124451,132.978714,9.999999747e-05,63127.11328,14.97484398,1.017207035
25.79999924,318.1959963,73.4595283,26.12085724,57.16781354,0.8610281259,148.5458443,6.515395641,298.0538635,0,134.9997864,133.6581116,9.999999747e-05,63139.98828,14.76817894,1.215133336
26,318.1959963,76.35787348,26.53440135,56.54011273,0.843432441,148.5458443,6.518005371,298.0725403,0,129.3603363,133.5431976,9.999999747e-05,63152.66016,14.5290575,0.992850619
26.20000076,318.1959963,68.76843878,25.73344327,57.77439503,0.8555873938,148.5458443,6.520112038,298.0486755,0,122.6833344,142.0567474,9.999999747e-05,63161.71875,14.79987431,1.521415197
26.39999962,318.1959963,68.98057074,25.92786435,55.67189821,0.8153959746,148.5458443,6.518943787,298.0301514,0,115.1600189,136.4058533,9.999999747e-05,63169.33594,14.41985512,1.549980186
26.60000038,318.1959963,67.57998258,26.05669316,55.92578785,0.8227540317,148.5458443,6.516508579,298.0240479,0,108.1131516,132.0207977,9.999999747e-05,63175.23438,14.48898602,1.608223055
26.79999924,318.1959963,67.23980213,25.85843187,56.23192917,0.8232310209,148.5458443,6.512750626,298.0246582,0,102.0339203,131.1855469,9.999999747e-05,63179.82812,14.49679852,1.649020574
27,318.1959963,67.23980213,26.0124475,55.92898335,0.8293706613,148.5458443,6.50626421,298.0159302,0,97.45814514,132.3353577,9.999999747e-05,63183.48438,14.53999615,1.686563024
27.20000076,318.1959963,69.26289057,26.19485631,56.45879468,0.8548418762,148.5458443,6.501097679,298.0392761,0,95.48171997,130.2440338,9.999999747e-05,63187.48047,14.69790649,1.542196199
27.39999962,318.1959963,71.81810368,26.25939406,56.86718189,0.8484626393,148.5458443,6.494744778,298.0515442,0,95.55890656,138.9680939,9.999999747e-05,63192.16016,14.60837936,1.44944102
27.60000038,318.1959963,67.23980213,26.23071745,55.79129494,0.8236525491,148.5458443,6.491442204,298.0432434,0,98.1853714,144.4944763,9.999999747e-05,63196.13281,14.46335888,1.713637088
27.79999924,318.1959963,71.33687797,26.21338744,57.14033077,0.845282578,148.5458443,6.487623215,298.0337524,0,102.1190033,143.4721527,9.999999747e-05,63201.96094,14.6057291,1.585322422
28,318.1959963,67.26822998,25.91451133,55.55554437,0.8242939316,148.5458443,6.488088608,298.0160828,0,107.591713,141.8855133,9.999999747e-05,63207.78906,14.48439503,1.810701443
28.20000076,318.1959963,68.56430327,25.95792739,56.01121307,0.8313995096,148.5458443,6.492100239,298.0279846,0,112.8625717,137.1197968,9.999999747e-05,63215.19922,14.51243305,1.732578636
28.39999962,318.1959963,77.31684191,26.03259181,56.10307174,0.8366208409,149.0753991,6.494050026,298.0543213,0,116.5308914,141.9641266,9.999999747e-05,63225.83984,14.40865993,1.270899959
28.60000038,318.1959963,72.22721146,26.4946285,56.76671828,0.8473920917,148.5458443,6.497245789,298.0498352,0,119.4372864,152.0086975,9.999999747e-05,63235.60547,14.58556938,1.568719231
28.79999924,318.1959963,71.62147511,26.17042895,56.04362189,0.8280633116,148.5458443,6.501031876,298.0420532,0,121.0547638,152.3021088,9.999999747e-05,63245.48438,14.43186951,1.665212752
29,318.1959963,74.99951428,26.38810736,55.88509083,0.8285743116,148.5458443,6.502875805,298.0393677,0,121.1598587,151.5164795,9.999999747e-05,63256.30469,14.37156677,1.50829431
29.20000076,318.1959963,69.70195355,26.23896372,55.86727702,0.8309718385,148.5458443,6.505446911,298.0153198,0,120.5355225,152.2316589,9.999999747e-05,63265.50391,14.4868679,1.834892888
29.39999962,318.1959963,71.73419148,26.23184169,55.6452862,0.8250136371,148.5458443,6.506558418,298.0048218,0,118.874321,145.4300537,9.999999747e-05,63274.92578,14.39631271,1.776229235
29.60000038,318.1959963,69.72834912,26.19496852,57.14998862,0.8544460525,148.5458443,6.507177353,297.9894409,0,116.7756119,142.5656891,9.999999747e-05,63283.36719,14.69724846,1.901117025
29.79999924,318.1959963,71.069291,26.1105379,55.69814114,0.8232038619,148.5458443,6.504950523,297.9676208,0,114.4261093,137.5117493,9.999999747e-05,63291.59766,14.40430832,1.913848304
30,318.1959963,71.59272842,25.98616159,55.81843362,0.8335529173,148.5458443,6.501773357,297.9525452,0,112.9752197,129.7051239,9.999999747e-05,63299.64844,14.4886055,1.936131517
30.20000076,318.1959963,68.31908919,26.18079182,55.61575479,0.8241391559,148.5458443,6.500091076,297.9402466,0,112.7891998,123.4548187,9.999999747e-05,63306.85547,14.44800568,2.059213611
30.39999962,318.1959963,68.59048272,25.75926442,57.44401534,0.850772922,148.5458443,6.495699883,298.4791565,0,113.2681351,37.03644562,135.3214417,63313.92969,14.72397995,2.123771103
30.60000038,318.1959963,71.35004755,26.02695338,55.41950464,0.8149099022,148.5458443,6.491075516,298.3334351,0,115.5172424,220.8029633,13.53214359,63322.19922,14.34803867,2.057540392
30.79999924,318.1959963,69.20995514,26.33859407,55.65505866,0.8208722223,148.5458443,6.489107132,298.2026062,0,119.6081696,184.4629669,1.353214383,63330.86719,14.42355537,2.119670537
31,318.1959963,71.62064035,25.9988859,57.55061549,0.8546598416,148.5458443,6.489467144,298.1296692,0,124.4770355,152.9207306,0.1353214383,63341.22266,14.70191956,2.076082419
31.20000076,318.1959963,75.15189825,26.25445658,58.46417459,0.8795604909,148.5458443,6.488567829,298.078186,0,129.2027283,136.339447,0.01353214309,63353.49219,14.87352276,1.982075253
31.39999962,318.1959963,78.69045651,26.42629757,55.59513267,0.8361854291,148.5458443,6.485462666,298.0343628,0,134.2997589,123.9836884,0.001353214378,63367.65234,14.43416595,1.907326421
31.60000038,318.1959963,77.09660675,26.16815159,57.83452551,0.894924925,159.9138586,6.485203266,298.0016785,0,140.6420441,112.1860046,0.000135321432,63384.98438,15.00360203,2.006635713
31.79999924,318.1959963,78.51130537,26.47055259,58.75731275,0.891635054,148.5458443,6.486477852,297.9911499,0,147.0717468,102.5250931,9.999999747e-05,63401.75391,14.95155048,1.956438773
32,318.1959963,76.16220239,26.7182273,55.43420731,0.8246475073,148.5458443,6.489256859,297.9765625,0,152.9956818,99.2052536,9.999999747e-05,63419.12891,14.37894154,2.056015968
32.20000076,318.1959963,80.4534686,26.44879231,56.52085241,0.8608317795,148.5458443,6.493557453,297.9906921,0,157.8078461,93.91606903,9.999999747e-05,63438.67969,14.62997913,1.892711897
32.40000153,318.1959963,79.44253666,26.63302538,55.23023599,0.839595407,148.5458443,6.496623993,297.9839172,0,160.899704,98.0241394,9.999999747e-05,63458.51953,14.45839691,1.984219348
32.59999847,318.1959963,78.93924199,26.62915986,56.01349199,0.8482867659,148.5458443,6.498713017,297.9710388,0,162.7737274,95.2335968,9.999999747e-05,63478.53516,14.55981922,2.054034968
32.79999924,318.1959963,81.76726874,26.68224876,55.81768905,0.8454172492,148.5458443,6.500584126,297.9770813,0,163.8114777,90.23000336,9.999999747e-05,63499.55469,14.48433876,1.952551941
33,318.1959963,82.09545822,26.74045003,55.87815979,0.8547834544,148.5458443,6.501640797,297.9787903,0,164.0983734,91.33097076,9.999999747e-05,63520.69922,14.55955887,1.968908916
33.20000076,318.1959963,77.83704888,26.54291471,57.41828513,0.8825135952,149.2286803,6.50255394,297.9603882,0,163.9644928,91.01377106,9.999999747e-05,63540.72266,14.88885307,2.175752756
33.40000153,318.1959963,79.25472233,26.18883458,55.88748585,0.836744182,148.5458443,6.504736423,297.9656677,0,163.4633942,83.85421753,9.999999747e-05,63560.91797,14.4609127,2.152278074
33.59999847,318.1959963,79.32457871,26.49494291,55.82602158,0.8440714415,148.5458443,6.507623196,297.9824524,0,162.0845032,84.32577515,9.999999747e-05,63581.01172,14.49375629,2.119844365
33.79999924,318.1959963,79.48212871,26.42618687,57.50698639,0.8797226255,148.5458443,6.509785175,297.9941711,0,159.5526581,88.78887177,9.999999747e-05,63600.63281,14.80954266,2.133636722
34,318.1959963,76.34096504,26.4779551,57.16016978,0.8722190002,148.5458443,6.513222218,298.005127,0,156.1608124,92.05659485,9.999999747e-05,63618.84375,14.76804543,2.229822245
34.20000076,318.1959963,82.18198038,26.74093418,56.98088909,0.875507892,153.6716111,6.513143539,298.0262146,0,151.3875122,95.52707672,9.999999747e-05,63638.73828,14.69684029,2.004793886
34.40000153,318.1959963,76.4760853,26.37348235,55.59002606,0.8409292363,148.5458443,6.513855457,298.0216064,0,146.6613159,102.9115753,9.999999747e-05,63655.01562,14.47386551,2.271689794
34.59999847,318.1959963,74.49744019,26.08447424,56.41692158,0.8330978264,148.5458443,6.513494492,298.0063171,0,141.6365662,102.1435471,9.999999747e-05,63669.66016,14.45752907,2.370739446
34.79999924,318.1959963,75.98140184,26.03496042,56.97935701,0.8741717725,156.5139684,6.51134491,298.0006409,0,136.7621613,97.72120667,9.999999747e-05,63685.34766,14.79102993,2.355434829
35,318.1959963,77.28345999,26.49784594,56.211523,0.8394446462,148.5458443,6.509009361,298.0169067,0,132.7501068,96.10603333,9.999999747e-05,63699.12891,14.42944145,2.291160619
35.20000076,318.1959963,74.94696478,26.24262916,55.96765211,0.8337968079,148.5458443,6.506153107,298.0118103,0,129.6672363,101.7902603,9.999999747e-05,63711.5625,14.42312908,2.399534635
35.40000153,318.1959963,78.36776515,26.30234075,56.27890807,0.8380332201,148.5458443,6.501212597,298.0132446,0,127.7278824,100.5366821,9.999999747e-05,63724.50391,14.41117477,2.331213783
35.59999847,318.1959963,72.48859792,25.8303361,57.24760441,0.8633462758,148.5458443,6.500322342,298.0045471,0,127.7699814,101.5147171,9.999999747e-05,63735.875,14.72670269,2.496433884
35.79999924,318.1959963,73.26356901,26.01242314,56.70456186,0.8430434547,148.5458443,6.499771595,298.0057068,0,128.1481934,99.00481415,9.999999747e-05,63747.61328,14.52632523,2.492207806
36,326.5960703,77.46982082,26.27194725,57.87716685,0.89567094,158.4460102,6.49646759,298.0054626,0,128.7584991,99.63799286,9.999999747e-05,63760.88672,14.93405533,2.411014684
36.20000076,318.1959963,74.17123526,26.28632015,56.62979607,0.8412808964,148.5458443,6.496323109,298.0067139,0,130.7005615,99.75450134,9.999999747e-05,63773.44141,14.4907074,2.495916448
36.40000153,318.1959963,74.94149057,26.1908112,55.85989433,0.8360353092,148.5458443,6.497149944,298.0129089,0,132.6811829,100.3923874,9.999999747e-05,63786.64062,14.42152691,2.495684894
36.59999847,318.1959963,73.61589591,26.51469062,55.81183571,0.8298612602,148.5458443,6.499196529,298.0189819,0,134.338089,102.7730179,9.999999747e-05,63799.92969,14.3728075,2.524646607
36.79999924,318.1959963,77.44299178,26.28795355,55.69595447,0.8413842449,148.5458443,6.500254154,298.0333557,0,135.1754303,105.3066025,9.999999747e-05,63814.41016,14.41180992,2.447083097
37,318.1959963,82.18198038,26.44046487,56.60933391,0.8627062803,156.2360735,6.500712395,298.0665283,0,135.5968323,110.9296112,9.999999747e-05,63831.96875,14.51734352,2.233162639
37.20000076,318.1959963,73.11081937,26.22217817,55.7670914,0.8356480973,148.5458443,6.503678799,298.0505676,0,135.8336792,123.5257339,9.999999747e-05,63845.41016,14.42606926,2.58731015
37.40000153,318.1959963,77.93433877,26.3563185,56.24677359,0.8385697505,148.5458443,6.50257349,298.0317993,0,134.8738861,120.2623291,9.999999747e-05,63859.85156,14.39550781,2.509793159
37.59999847,318.1959963,72.72577967,26.08257075,55.84836348,0.8332840016,148.5458443,6.502990723,297.9986877,0,134.3775787,115.8038483,9.999999747e-05,63872.70703,14.43281364,2.636974632
37.79999924,318.1959963,74.08432704,25.82243259,57.97050593,0.8583183705,148.5458443,6.503461838,297.9873657,0,133.6964417,105.7160797,9.999999747e-05,63885.80078,14.65338326,2.640105529
38,318.1959963,72.26307737,26.12356485,56.14970533,0.8257954505,148.5458443,6.505711079,297.9941406,0,132.8314667,102.001358,9.999999747e-05,63898.41406,14.35401535,2.672217434
38.20000076,318.1959963,73.07499836,26.39885469,56.01586972,0.8320732343,148.5458443,6.506030083,297.9945679,0,131.061142,103.9507523,9.999999747e-05,63910.89062,14.3867445,2.666829235
38.40000153,318.1959963,74.17101811,26.47175978,56.5914342,0.8534696397,148.5458443,6.505332947,297.9991455,0,129.175354,103.825676,9.999999747e-05,63923.30078,14.55120945,2.660305396
38.59999847,318.1959963,73.89202288,26.30468863,55.10828541,0.8393204053,148.5458443,6.504385948,297.9998779,0,127.5654373,105.1986084,9.999999747e-05,63935.28125,14.41615009,2.68447573
38.79999924,318.1959963,69.595468,26.22412443,55.77672401,0.8308607936,148.5458443,6.505074978,297.9890747,0,126.331955,105.3852158,9.999999747e-05,63945.84375,14.41763783,2.749285243
39,318.1959963,78.00045714,26.17945859,58.17865375,0.8938518925,158.4793475,6.503252983,298.0187378,0,124.8167572,101.6522446,9.999999747e-05,63960.53906,14.85031319,2.61814286
39.20000076,318.1959963,74.88368209,26.23704138,55.58395529,0.8312722746,148.5458443,6.502606869,298.0316467,0,124.043663,111.551857,9.999999747e-05,63972.20312,14.31850433,2.705650346
39.40000153,318.1959963,71.45660253,26.22270548,55.76173406,0.8318584867,148.5458443,6.504193783,298.0414124,0,123.5172195,116.4904022,9.999999747e-05,63982.91797,14.36597919,2.780753296
39.59999847,318.1959963,75.46658272,26.25928616,56.71709633,0.8662108357,156.2319285,6.504035473,298.0637207,0,122.3524323,120.9450455,9.999999747e-05,63996.13281,14.60418034,2.712726722
39.79999924,318.1959963,74.71289836,26.44007854,56.99166248,0.8474335325,148.5458443,6.504402637,298.0891724,0,121.2637482,130.1284485,9.999999747e-05,64007.46094,14.43556976,2.731348717
40,318.1959963,71.99566273,25.99975343,57.40828872,0.8594366823,148.5458443,6.505283356,298.0841064,0,120.0209656,141.1315918,9.999999747e-05,64017.64062,14.60306549,2.822439669
40.20000076,318.1959963,72.78493476,26.06687696,57.43008425,0.8571800041,148.5458443,6.506121159,298.0991821,0,118.4259415,142.5332336,9.999999747e-05,64027.85156,14.55215931,2.821311767
40.40000153,318.1959963,71.72192279,26.08881468,55.85140578,0.8263817131,148.5458443,6.50704813,298.1120605,0,116.4974594,150.9230347,9.999999747e-05,64037.42969,14.27495575,2.855202025
40.59999847,318.1959963,70.46143537,25.98466486,57.56760134,0.862218364,148.5458443,6.507786751,298.1129456,0,114.1979294,158.9753571,9.999999747e-05,64046.16797,14.62210274,2.893871986
40.79999924,318.1959963,75.1393483,26.26570497,57.09623059,0.8444774044,148.5458443,6.505364418,298.1229248,0,111.6037674,163.3904114,9.999999747e-05,64055.71484,14.37663555,2.805822595
41,318.1959963,71.26247739,26.03861705,56.7781374,0.8542393242,148.5458443,6.503894329,298.1009216,0,109.9882889,171.0541534,9.999999747e-05,64063.75,14.52761364,2.90641039
41.20000076,318.1959963,74.72666443,26.11918294,56.26465787,0.8316383748,148.5458443,6.501233101,298.1034241,0,108.9475708,168.002655,9.999999747e-05,64072.61719,14.26006126,2.858500208
41.40000153,318.1959963,70.96063019,25.9965423,56.78185235,0.8487545539,148.5458443,6.501094818,298.1032715,0,108.9783325,172.8144073,9.999999747e-05,64080.5,14.46672249,2.946522884
41.59999847,318.1959963,67.47044151,25.65066539,57.58441569,0.8607508395,148.5458443,6.503215313,298.0969238,0,109.0524063,176.6207123,9.999999747e-05,64087.41406,14.64001369,3.005606597
41.79999924,318.1959963,73.612302,26.10855801,56.14513901,0.8308690466,148.5458443,6.50212431,298.1230774,0,108.2788467,178.3009949,9.999999747e-05,64096.05078,14.23816204,2.922247675
42,318.1959963,73.81811633,26.26637627,56.30480948,0.8344605219,148.5458443,6.50063324,298.135376,0,107.9595108,191.0075989,9.999999747e-05,64104.67188,14.26278114,2.928771594
42.20000076,318.1959963,68.61266638,25.85787988,55.9415763,0.8297193023,148.5458443,6.502175331,298.1286621,0,108.227623,199.6695404,9.999999747e-05,64111.85156,14.31194401,3.03985415
42.40000153,318.1959963,73.74743012,26.0519732,56.03095401,0.8394213581,148.5458443,6.500919819,298.1351624,0,107.8676376,202.3380737,9.999999747e-05,64120.42969,14.29978466,2.971914816
42.59999847,318.1959963,69.23805815,25.92236821,56.28420536,0.8266748766,148.5458443,6.502455711,298.1440735,0,108.0288315,209.4581604,9.999999747e-05,64127.85938,14.26324558,3.067963884
42.79999924,318.1959963,69.31424239,25.90294098,56.29814569,0.8265822165,148.5458443,6.503378391,298.1351318,0,107.5574951,217.5505829,9.999999747e-05,64135.16016,14.26461029,3.076625301
43,318.1959963,69.16763595,26.07452341,56.10700697,0.8258512602,148.5458443,6.50421381,298.1420898,0,106.7280731,219.8014069,9.999999747e-05,64142.36328,14.2409153,3.095336035
43.20000076,318.1959963,74.427251,26.14984411,56.69681208,0.8412337985,148.5458443,6.502383709,298.177124,0,105.5626831,227.3357849,9.999999747e-05,64150.90234,14.27392864,3.004766016
43.40000153,318.1959963,73.99099059,26.0109148,58.89874974,0.8900247256,153.1580149,6.501035213,298.211853,0,105.1379547,244.6975555,9.999999747e-05,64160.19922,14.72956181,3.034914197
43.59999847,318.1959963,67.26938332,26.15954419,55.53916919,0.8171655583,148.5458443,6.502886295,298.2098694,0,105.242424,263.0643311,9.999999747e-05,64166.66797,14.16894436,3.16283329
43.79999924,318.1959963,67.23980213,25.66903619,57.42845979,0.8581149763,148.5458443,6.504669189,298.197876,0,104.5975037,270.0661011,9.999999747e-05,64172.89844,14.55820084,3.179147284
44,318.1959963,67.36511723,26.02452694,55.76311985,0.8305309732,148.5458443,6.505770683,298.2098999,0,103.2499084,273.8127136,9.999999747e-05,64179.04297,14.27275181,3.198881656
44.20000076,318.1959963,67.23980213,26.17972016,55.80489414,0.8262744882,148.5458443,6.50632906,298.2366028,0,101.4637833,285.4664917,9.999999747e-05,64184.88672,14.22282505,3.218979039
44.40000153,318.1959963,76.86328831,26.05688564,57.27761688,0.8577003465,148.5458443,6.502055645,298.3167419,0,99.4538269,302.4589539,9.999999747e-05,64193.15234,14.32242298,2.992496421
44.59999847,318.1959963,67.23980213,26.0593836,55.7193794,0.8301486482,148.5458443,6.502634048,298.3467712,0,99.1674118,338.7767639,9.999999747e-05,64198.5625,14.23963737,3.255776897
44.79999924,318.1959963,67.23980213,25.96963933,56.08965642,0.8299349243,148.5458443,6.503233433,298.3916931,0,98.61830902,360.4229736,9.999999747e-05,64203.91016,14.23603821,3.281472927
45,318.1959963,67.50332721,26.11799543,56.73548681,0.8428389345,148.5458443,6.503081799,298.3973999,0,97.84483337,388.6969299,9.999999747e-05,64209.11719,14.35091686,3.27940208
45.20000076,318.1959963,72.89687697,25.89344806,58.03488327,0.8806729792,160.586014,6.50032568,298.4506531,0,97.13461304,405.0172729,9.999999747e-05,64218.26953,14.60207081,3.208624787
45.40000153,318.1959963,67.34391462,25.85753397,55.41548367,0.8229436072,148.5458443,6.500826836,298.4656372,0,97.53288269,438.2427673,9.999999747e-05,64223.39062,14.16068172,3.31942067
45.59999847,318.1959963,67.63083658,26.06590828,56.76546987,0.8450012973,148.5458443,6.50098753,298.4660339,0,97.71161652,459.9212036,9.999999747e-05,64228.65234,14.35741234,3.325501877
45.79999924,318.1959963,67.23980213,26.1765881,55.45210164,0.8272177353,148.5458443,6.5012784,298.4647217,0,97.8377533,477.4060974,9.999999747e-05,64233.86328,14.18469524,3.341517208
46,318.1959963,67.23980213,26.09517093,57.2375939,0.8648800538,148.5458443,6.501635551,298.4777832,0,97.84604645,494.428009,9.999999747e-05,64239.11328,14.5284586,3.361149051
46.20000076,318.1959963,67.23980213,25.80124451,57.26545973,0.8570940211,148.5458443,6.502151966,298.5064697,0,97.71160889,516.3699951,9.999999747e-05,64244.32812,14.4643116,3.383795129
46.40000153,318.1959963,67.23980213,26.00214031,55.61923744,0.8281347443,148.5458443,6.502386093,298.5656738,0,97.37033081,544.0814819,9.999999747e-05,64249.57812,14.17409039,3.404431833
46.59999847,318.1959963,68.53836601,26.06310897,55.97705874,0.8308903617,148.5458443,6.501677036,298.6031799,0,96.93672943,583.2910156,9.999999747e-05,64255.08984,14.17671871,3.398383141
46.79999924,318.1959963,67.23980213,25.83185045,57.3796463,0.8633838851,148.5458443,6.501856804,298.6199646,0,96.78903198,616.9959717,9.999999747e-05,64260.13281,14.50502396,3.424359534
47,318.1959963,73.12566078,26.15265622,58.05879901,0.8734988397,148.7498962,6.498696804,298.6759949,0,96.56337738,645.1188354,9.999999747e-05,64266.98438,14.47346687,3.340686793
47.20000076,318.1959963,67.23980213,26.02500563,55.72133049,0.8237191612,148.5458443,6.499337196,298.7298279,0,97.61558533,687.5764771,9.999999747e-05,64272.30469,14.12040329,3.460904227
47.40000153,318.1959963,67.23980213,26.14641653,55.80402533,0.8315862213,148.5458443,6.499991894,298.7287903,0,98.38842773,731.0759277,9.999999747e-05,64277.73438,14.18948746,3.461839166
47.59999847,318.1959963,76.23141786,26.18652159,56.86712166,0.8453087049,148.5458443,6.496085167,298.7303772,0,98.91165161,757.6853638,9.999999747e-05,64285.85938,14.15399933,3.30520654
47.79999924,318.1959963,70.08041986,26.08798265,56.09581398,0.8379911284,148.5458443,6.496250153,298.7322083,0,101.0125504,785.5678711,9.999999747e-05,64292.65234,14.19307518,3.462956161
48,318.1959963,67.23980213,25.94469103,57.34478702,0.8658468258,148.5458443,6.498516083,298.6783447,0,103.0193634,813.5806885,9.999999747e-05,64298.96094,14.51263618,3.491391957
48.20000076,318.1959963,67.23980213,26.03200765,57.2245032,0.8678473703,148.5458443,6.500582695,298.6939087,0,104.1260986,822.4432983,9.999999747e-05,64305.61719,14.51443958,3.520727427
48.40000153,318.1959963,67.23980213,25.96440944,56.37708754,0.838444428,148.5458443,6.502455711,298.6664734,0,104.413475,853.6489258,9.999999747e-05,64312.26953,14.25537872,3.522484006
48.59999847,318.1959963,68.30844306,26.22874806,55.6722043,0.8345493546,148.5458443,6.503101826,298.6687317,0,103.9516602,870.0903931,9.999999747e-05,64319.23047,14.17495251,3.534287102
48.79999924,318.1959963,67.23980213,26.0584443,56.0408338,0.8349279156,148.5458443,6.504231453,298.6132507,0,103.2348404,896.0718994,9.999999747e-05,64325.65234,14.21246624,3.537888401
49,318.1959963,67.23980213,25.88913903,57.45143718,0.8624081464,148.5458443,6.505050182,298.5526733,0,102.0606995,901.9849854,9.999999747e-05,64331.80859,14.47101402,3.546523138
49.20000076,318.1959963,68.29714433,26.05133428,55.9066227,0.8366073916,148.5458443,6.504639149,298.5229797,0,100.5615005,904.507019,9.999999747e-05,64338.04297,14.19425488,3.561743128
49.40000153,318.1959963,67.23980213,26.10135599,56.45123932,0.8449846299,148.5458443,6.504484177,298.5497437,0,99.2297287,915.4429321,9.999999747e-05,64343.78125,14.28079033,3.590009654
49.59999847,318.1959963,77.37367954,26.20818086,56.64385978,0.8465414835,153.848087,6.498577118,298.5779419,0,97.95521545,944.5059204,9.999999747e-05,64353.28125,14.10882187,3.450206804
49.79999924,318.1959963,69.51717455,26.1438674,56.05279641,0.8373975818,148.5458443,6.497861862,298.5975342,0,99.06325531,974.6481323,9.999999747e-05,64359.64844,14.16051388,3.603455985
50,318.1959963,68.8376566,26.15489799,56.29402319,0.8376181911,148.5458443,6.497998238,298.5843201,0,100.4219742,1002.875,9.999999747e-05,64366.07422,14.18064976,3.613494125
50.20000076,318.1959963,67.23980213,26.07471209,57.50880835,0.8646871944,148.5458443,6.499353886,298.5961304,0,101.7398605,1020.574951,9.999999747e-05,64372.33203,14.45812607,3.633638569
50.40000153,318.1959963,76.32747849,26.253621,57.16812135,0.8588846544,149.6955434,6.495630264,298.6319275,0,102.5143433,1046.658203,9.999999747e-05,64381.66406,14.22618771,3.546664146
50.59999847,318.1959963,74.25190047,26.28252807,58.16050174,0.8795072288,156.8888724,6.493737221,298.7208862,0,104.7988739,1081.271851,9.999999747e-05,64392.41016,14.45911598,3.608023277
50.79999924,318.1959963,67.23980213,26.03981528,56.36132421,0.8446553739,148.5458443,6.4968853,298.7077332,0,107.8182907,1135.395752,9.999999747e-05,64399.89062,14.27002335,3.664650452
51,319.2837558,77.45697027,26.25554432,58.11615641,0.8830477675,151.5018017,6.494200706,298.74646,0,109.5676956,1157.217041,9.999999747e-05,64411.15625,14.42823029,3.569326816
51.20000076,318.1959963,69.40016737,26.16240573,57.69611911,0.8703984569,148.5458443,6.496705532,298.7138977,0,112.4263458,1197.217041,9.999999747e-05,64420.22266,14.46929169,3.683575573
51.40000153,318.1959963,72.49782398,26.2158659,56.35586529,0.8468070488,148.5458443,6.497480869,298.6478271,0,114.2472687,1213.690918,9.999999747e-05,64430.54688,14.19114304,3.675200366
51.59999847,318.1959963,75.19106907,26.26716611,56.83814126,0.8583268098,161.5928653,6.49686861,298.547821,0,115.7804718,1217.905884,9.999999747e-05,64444.62891,14.27078342,3.656302457
51.79999924,318.1959963,69.26181105,26.09576025,57.60650384,0.8672258896,148.5458443,6.499865055,298.5135498,0,117.5574417,1208.199585,9.999999747e-05,64454.74609,14.44936371,3.713447725
52,318.1959963,69.52101761,25.91715174,58.20729062,0.8827932096,148.5458443,6.502224445,298.5627441,0,118.1195755,1217.664551,9.999999747e-05,64465.10156,14.58248615,3.743023394
52.20000076,318.1959963,74.77578895,26.05520855,58.42524371,0.8859683676,158.160978,6.500925064,298.6450806,0,117.751709,1254.15332,9.999999747e-05,64478.92188,14.51963043,3.725860306
52.40000153,318.1959963,67.23980213,25.83860291,58.19691925,0.8801234207,148.5458443,6.504313469,298.7088623,0,117.913414,1303.288818,9.999999747e-05,64488.55859,14.59738731,3.763746642
52.59999847,318.1959963,69.79937135,26.07720984,56.58641526,0.8520855609,151.3980521,6.505426407,298.7293396,0,116.6927795,1348.869019,9.999999747e-05,64499.26562,14.28069687,3.772111976
52.79999924,318.1959963,68.13451017,25.95665304,58.05484488,0.8783391259,149.9878271,6.507334232,298.692627,0,115.0493164,1382.036743,9.999999747e-05,64508.80469,14.56078911,3.764106293
53,318.1959963,71.70795815,26.30985279,56.6220516,0.8492664591,148.5458443,6.50631237,298.6206665,0,112.6329041,1396.574219,9.999999747e-05,64518.62109,14.20991516,3.771702743
53.20000076,318.1959963,70.04730746,26.15928692,57.13079074,0.8544860904,148.5458443,6.506169319,298.5552063,0,110.6373978,1397.996216,9.999999747e-05,64527.54688,14.29257298,3.781124895
53.40000153,318.1959963,70.64416486,26.10255618,57.78646578,0.8754501601,148.5458443,6.50536871,298.5161133,0,108.6869659,1399.220581,9.999999747e-05,64536.26953,14.4656353,3.796061784
53.59999847,318.1959963,69.6209023,26.11040198,57.15452318,0.8574721958,148.5458443,6.50474453,298.6010132,0,107.0615616,1407.052124,9.999999747e-05,64544.46875,14.30515575,3.830346975
53.79999924,318.1959963,67.75075259,25.94425178,57.23819791,0.8631394415,148.5458443,6.505426884,298.5696716,0,105.6832886,1455.987061,9.999999747e-05,64551.71875,14.39735317,3.801696301
54,318.1959963,71.04137157,26.11810165,57.65001089,0.8746699828,151.6638968,6.503173828,298.7446594,0,104.0283127,1467.075073,9.999999747e-05,64560.41016,14.42008209,3.869697167
54.20000076,318.1959963,69.80211786,26.20609955,57.03984399,0.8558803719,148.5458443,6.501746178,298.9293823,0,103.288353,1500,9.999999747e-05,64567.94141,14.25940132,3.883683054
54.40000153,318.1959963,71.37880965,26.15531498,57.22629072,0.859677681,148.5458443,6.499686718,299.0638123,0,103.107399,1500,9.999999747e-05,64575.82422,14.26581383,3.885965683
54.59999847,318.1959963,72.09657638,26.18703505,57.02916204,0.8581224579,156.0229323,6.497339725,299.2878113,0,103.7548294,1500,9.999999747e-05,64585.63281,14.23482227,3.911760681
54.79999924,318.1959963,71.34917536,26.19220626,57.22052674,0.8586007544,152.4863108,6.496091366,299.4836426,0,105.3399887,1500,9.999999747e-05,64594.76953,14.25185966,3.922263547
55,318.1959963,71.59471647,26.23035494,57.12750102,0.8571775647,152.0063171,6.495140553,299.6831055,0,107.4199905,1500,9.999999747e-05,64604.28516,14.22972965,3.934431737
55.20000076,334.0710926,79.22585596,26.40861763,57.63550448,0.8754034863,154.3211214,6.490595341,299.8574524,0,109.8828506,1500,9.999999747e-05,64613.74219,14.24559402,3.829841071
55.40000153,318.1959963,76.2998654,26.35077823,57.5604534,0.8688802081,151.9157786,6.488829136,299.9884338,0,114.1765747,1500,9.999999747e-05,64625.91406,14.2498455,3.902552545
55.59999847,318.1959963,73.46692199,26.33171224,57.22663825,0.8601512087,162.3039725,6.489454746,300.0912781,0,119.1562195,1500,9.999999747e-05,64640.36719,14.24713516,3.946963739
55.79999924,318.1959963,72.16724833,26.10277107,57.09443315,0.8620231651,173.6460401,6.491332531,300.1668701,0,123.8866043,1500,9.999999747e-05,64657.65625,14.32002258,3.963418783
56,318.1959963,77.49231226,26.3795491,57.62404486,0.8686480814,148.5458443,6.490463257,300.2090454,0,127.8694534,1500,9.999999747e-05,64672.17578,14.24773312,3.915411166
56.20000076,318.1959963,80.93255713,26.42083692,57.39881951,0.8679482375,148.5458443,6.488942623,300.0814819,0,132.213028,1500,9.999999747e-05,64688.45703,14.1923418,3.855466924
56.40000153,327.1202702,81.66884121,26.40808421,57.76708771,0.8787057424,154.376806,6.487838745,299.9315491,0,137.1582336,1500,9.999999747e-05,64705.33203,14.29511452,3.864140156
56.59999847,318.1959963,75.21010371,26.06219524,57.51593834,0.8758726329,152.0004549,6.490908146,299.7696228,0,142.5414124,1500,9.999999747e-05,64722.74219,14.40113354,3.956885737
56.79999924,318.1959963,80.99734123,26.47734983,56.61465489,0.8526006161,159.990763,6.490312576,299.6452637,0,146.6845398,1500,9.999999747e-05,64744.44922,14.08476543,3.919570313
57,318.1959963,80.74265107,26.38005472,56.90181888,0.8576949034,150.8256585,6.490769386,299.4230652,0,151.0913239,1500,9.999999747e-05,64765.03125,14.14601612,3.934343658
57.20000076,318.1959963,73.4235676,26.1669785,58.15416119,0.8835288277,157.521821,6.495083809,299.3010254,0,155.3001709,1485.97168,9.999999747e-05,64785.81641,14.53291988,3.986963617
57.40000153,318.1959963,80.457938,26.5597249,56.51445945,0.8483555182,148.5458443,6.494466782,299.2569275,0,157.7740173,1498.89917,9.999999747e-05,64807.45703,14.04876518,3.98434848
57.59999847,318.1959963,79.97766937,26.41510995,57.86422185,0.8751668821,148.5458443,6.494253635,299.2400208,0,160.5231781,1500,9.999999747e-05,64829.53125,14.31347466,4.009229261
57.79999924,318.1959963,82.18198038,26.58582822,56.70792354,0.8601253186,148.5458443,6.492460251,299.322998,0,163.3403931,1500,9.999999747e-05,64852.94141,14.10857105,3.996987864
58,318.1959963,81.09136261,26.61838523,57.0368204,0.8570524186,148.5458443,6.491928577,299.3354797,0,166.881485,1500,9.999999747e-05,64876.69922,14.11750126,4.024217849
58.20000076,318.1959963,82.18198038,26.61221763,56.73676978,0.8593153763,148.5458443,6.491827965,299.2027283,0,170.6260071,1500,9.999999747e-05,64901.42188,14.13088799,4.011983613
58.40000153,318.1959963,82.18198038,26.63242631,56.58076528,0.8535096477,148.5458443,6.49196291,299.0651245,0,174.4134827,1500,9.999999747e-05,64926.94922,14.08398438,4.027070177
58.59999847,318.1959963,82.18198038,26.55656523,56.87999817,0.857878352,148.5458443,6.492328167,298.9277344,0,178.1476288,1498.621582,9.999999747e-05,64953.25391,14.13431263,4.042886578
58.79999924,318.1959963,81.7604871,26.43082004,57.04342118,0.8638502387,148.5458443,6.493020535,298.810791,0,181.7356567,1492.194946,9.999999747e-05,64980.19922,14.20227528,4.063775825
59,318.1959963,74.86978993,26.08335967,57.42546058,0.8705704952,154.1695827,6.497590065,298.724884,0,185.0463104,1487.676514,9.999999747e-05,65006.97266,14.40923405,4.073318092
59.20000076,318.1959963,82.18198038,26.48005939,56.95177195,0.8616821197,148.5458443,6.497411251,298.6073914,0,186.5174561,1489.311035,9.999999747e-05,65035.05469,14.18148041,4.083915016
59.40000153,337.4662754,78.81399636,26.1664804,58.25868609,0.9000733243,164.1375443,6.49887991,298.5779114,0,188.0882263,1476.603638,9.999999747e-05,65061.77734,14.61841106,4.123182677
59.59999847,318.1959963,81.18969098,26.6230035,57.80587419,0.8748881158,148.5458443,6.498186111,298.6064758,0,189.0509186,1490.097534,9.999999747e-05,65090.26562,14.31274986,4.135514863
59.79999924,318.1959963,82.18198038,26.52900852,56.96215619,0.8635312683,148.5458443,6.497678757,298.5441284,0,190.3034515,1500,9.999999747e-05,65119.20312,14.19584084,4.127829271
60,318.1959963,80.38556203,26.42651271,57.78321079,0.8756264912,148.5458443,6.497758865,298.587616,0,191.7513885,1500,9.999999747e-05,65148,14.33796787,4.165267545
60.20000076,318.1959963,82.15193938,26.49214065,57.90917788,0.8838012769,148.5458443,6.496870518,298.625946,0,193.1660156,1500,9.999999747e-05,65177.60156,14.37607765,4.169224841
60.40000153,318.1959963,80.99085692,26.3609274,57.87346624,0.8764039452,148.5458443,6.496754169,298.683197,0,194.9410248,1500,9.999999747e-05,65207.21875,14.33562469,4.189874139
60.59999847,318.1959963,82.18198038,26.68377421,56.95834061,0.8629937028,148.5458443,6.49539566,298.8079529,0,196.7568207,1500,9.999999747e-05,65237.66406,14.1657486,4.20643782
60.79999924,318.1959963,82.18198038,26.55767016,56.87671884,0.8574054432,148.5458443,6.494621277,298.8836975,0,199.1226807,1500,9.999999747e-05,65268.51172,14.12604046,4.212140149
61,318.1959963,82.18198038,26.62244997,57.0780267,0.8672116254,148.5458443,6.49398756,298.9534607,0,201.7923431,1500,9.999999747e-05,65299.90234,14.21260357,4.223177594
61.20000076,318.1959963,76.30887326,26.0987479,58.01547762,0.892065738,154.8934816,6.497511387,298.9576111,0,204.7169952,1500,9.999999747e-05,65331.33203,14.58100986,4.204583154
61.40000153,318.1959963,82.18198038,26.67702886,57.60967056,0.8763272346,148.5458443,6.497549534,298.8419495,0,206.2188873,1500,9.999999747e-05,65363.46484,14.32333374,4.209146108
61.59999847,318.1959963,82.18198038,26.76819622,56.96743392,0.8623268605,148.5458443,6.497555256,298.7352295,0,207.7301941,1495.975708,9.999999747e-05,65395.94531,14.19157982,4.220123821
61.79999924,318.1959963,82.18198038,26.59729083,57.03544087,0.8615029815,148.5458443,6.498281479,298.5528259,0,209.2281189,1491.591797,9.999999747e-05,65428.65625,14.20211124,4.210753162
62,318.1959963,77.01896739,26.16173521,57.45198383,0.8793821421,152.6183105,6.501927853,298.4302368,0,210.4330902,1457.032837,9.999999747e-05,65460.95703,14.46704006,4.190813575
62.20000076,318.1959963,80.76106319,26.4403343,57.06748912,0.8576112841,148.5458443,6.502468109,298.3518677,0,210.1723938,1436.839233,9.999999747e-05,65493.54688,14.19266033,4.241068459
62.40000153,318.1959963,81.54721475,26.4422652,57.09035905,0.8613225704,148.5458443,6.502743721,298.2402649,0,209.7150574,1426.86145,9.999999747e-05,65526.24219,14.21398163,4.242425061
62.59999847,318.1959963,76.82939289,26.21421604,57.61435884,0.880000175,151.0826606,6.505772114,298.1561279,0,209.1384735,1402.141968,9.999999747e-05,65557.98438,14.47017479,4.210203312
62.79999924,318.1959963,81.72900096,26.52165276,57.93246221,0.8844354936,148.5458443,6.505619049,298.0270691,0,207.3406677,1382.953613,9.999999747e-05,65590.25781,14.41988468,4.248263164
63,318.1959963,80.34253512,26.3864985,56.90546114,0.8595723635,148.5458443,6.506194115,297.9388123,0,205.6233215,1344.915649,9.999999747e-05,65621.8125,14.21214008,4.252915923
63.20000076,318.1959963,82.18198038,26.70460575,56.97561034,0.8701267955,148.5458443,6.505948544,301.9807739,0,203.663269,403.4747009,1351.368286,65652.85156,14.26745224,4.22726867
63.40000153,318.1959963,82.18198038,26.66437365,54.84240167,0.8234413316,148.5458443,6.50557375,301.7263184,0,201.806427,1500,135.1368408,65682.96875,13.81804657,4.21217522
63.59999847,318.1959963,82.18198038,26.54830662,56.44105651,0.8693094426,148.5458443,6.504775524,301.2590332,0,200.0974121,1500,13.51368332,65712.90625,14.22698975,4.24942466
63.79999924,318.1959963,82.18198038,26.65407692,56.48095864,0.8567930849,148.5458443,6.503837109,300.8465271,0,198.7085876,1480.430176,1.351368308,65742.75,14.11218166,4.274205753
64,318.1959963,82.18198038,26.5490564,56.43789756,0.8569692972,148.5458443,6.502931595,300.5131836,0,197.6941986,1463.8396,0.1351368278,65772.52344,14.10985184,4.296989792
64.19999695,318.1959963,82.18198038,26.8096527,56.51919668,0.86091636,148.5458443,6.501760483,300.2551575,0,197.0415955,1458.667358,0.01351368334,65802.34375,14.13047409,4.320328844
64.40000153,318.1959963,82.18198038,26.65466255,56.46071265,0.8586245071,148.5458443,6.501165867,299.9867859,0,196.8582458,1466.39563,0.001351368381,65832.14062,14.11744499,4.321735254
64.59999847,318.1959963,82.18198038,26.735828,56.4388356,0.8561000476,148.5458443,6.50111866,299.6760559,0,196.910202,1460.315308,0.0001351368264,65861.99219,14.10061932,4.311952295
64.80000305,318.1959963,82.18198038,26.74788929,56.48814496,0.8560796373,148.5458443,6.501194477,299.3928833,0,196.980957,1429.631592,9.999999747e-05,65891.92969,14.10181999,4.317840371
65,318.1959963,82.18198038,26.58501825,57.24954333,0.8734769492,148.5458443,6.501669884,299.1087646,0,197.0227661,1397.113281,9.999999747e-05,65921.89844,14.27206135,4.312781013
65.19999695,318.1959963,82.18198038,26.90733569,56.78595399,0.8565627772,148.5458443,6.501821995,298.8682861,0,196.8734741,1353.453857,9.999999747e-05,65951.96875,14.10901356,4.326735847
65.40000153,318.1959963,82.18198038,26.61103426,57.58490293,0.8746583409,148.5458443,6.502078056,298.6768799,0,196.665741,1314.200562,9.999999747e-05,65982.03125,14.28270435,4.337652261
65.59999847,318.1959963,82.18198038,26.71530267,56.65722593,0.8616430416,148.5458443,6.502386093,298.4893494,0,196.354187,1282.527344,9.999999747e-05,66012.07031,14.15323639,4.339205294
65.80000305,318.1959963,82.18198038,26.85525186,56.55716867,0.8581438668,148.5458443,6.502418995,298.3449097,0,195.9196472,1244.645142,9.999999747e-05,66042.11719,14.11346626,4.355981023
66,318.1959963,82.18198038,26.83712121,56.5490565,0.8651583576,148.5458443,6.502399445,298.2290649,0,195.4729309,1214.575562,9.999999747e-05,66072.11719,14.17001724,4.367416512
66.19999695,318.1959963,81.03460703,26.62105873,56.66710985,0.857230144,148.5458443,6.503939152,298.0354309,0,195.0333862,1188.62793,9.999999747e-05,66101.58594,14.14140701,4.317486162
66.40000153,318.1959963,78.83906171,26.32787909,57.03550103,0.8703988948,156.0314975,6.507041454,297.8237,0,193.9725189,1131.276978,9.999999747e-05,66131.6875,14.32141876,4.261983688
66.59999847,318.1959963,82.18198038,26.71192588,56.47782252,0.8604156157,148.5458443,6.507062435,301.372345,0,191.6707306,339.3830872,1181.647583,66160.32812,14.13843155,4.331178148
66.80000305,318.1959963,82.18198038,26.55121338,53.88751384,0.8084137482,148.5458443,6.507768154,300.9576111,0,189.3755188,1500,118.1647568,66187.875,13.65440178,4.292513474
67,319.310978,82.18198038,27.06727059,56.61189362,0.8575922003,148.5458443,6.507763386,300.3451233,0,186.785965,1456.76416,11.81647587,66214.94531,14.0997076,4.312907669
67.19999695,318.1959963,82.18198038,26.73931109,56.56451374,0.8614911833,148.5458443,6.50758791,299.8667603,0,184.2029114,1359.469482,1.181647539,66241.875,14.13015556,4.33425924
67.40000153,318.1959963,82.18198038,26.9804568,56.38484555,0.8534989659,148.5458443,6.50728941,299.447937,0,181.6884003,1286.96936,0.1181647554,66268.44531,14.04880047,4.339251817
67.59999847,318.1959963,82.18198038,26.94338888,56.65598531,0.8562508741,148.5458443,6.506517887,299.1622314,0,179.2931213,1216.073242,0.01181647554,66294.71875,14.06458569,4.375021524
67.80000305,318.1959963,81.9095559,26.25250111,57.62446315,0.8717781496,148.5458443,6.506331444,298.9402466,0,177.2075806,1174.94165,0.001181647531,66320.46875,14.23145294,4.377543523
68,318.1959963,82.18198038,26.83964787,55.89556367,0.8499542563,148.5458443,6.505757809,298.7139282,0,175.1931915,1144.077515,0.0001181647531,66346.01562,13.99180412,4.383374028
68.19999695,318.1959963,76.89174029,26.36144098,57.26191737,0.8755121058,149.967218,6.50818634,298.589447,0,173.411438,1102.928467,9.999999747e-05,66370.04688,14.32435703,4.327682596
68.40000153,318.1959963,82.18198038,26.91169236,56.25744624,0.8510073888,148.5458443,6.506060123,298.5366211,0,170.6470795,1088.453735,9.999999747e-05,66394.9375,13.97674942,4.460095335
68.59999847,318.1959963,81.76538462,26.58322255,57.6642597,0.8830003038,156.8243091,6.504262447,298.5359192,0,168.7578278,1093.259644,9.999999747e-05,66421.03906,14.29540062,4.480256967
68.80000305,318.1959963,79.4932833,26.76566511,56.31540523,0.8493651208,148.5458443,6.504158497,298.5198059,0,167.5720215,1113.541382,9.999999747e-05,66444.57031,14.00270176,4.44677309
69,318.1959963,79.84334043,26.66159314,56.30090306,0.8524529181,148.5458443,6.503678322,298.5359497,0,166.423233,1128.080078,9.999999747e-05,66467.99219,14.01760578,4.470822788
69.19999695,318.1959963,79.41195966,26.50811045,57.84940341,0.8843184414,148.5458443,6.503626823,298.5510559,0,165.4732361,1153.265503,9.999999747e-05,66491.07812,14.32557011,4.466041894
69.40000153,318.1959963,74.63347793,26.01979615,56.70358035,0.852262606,148.5458443,6.507184029,298.5280457,0,164.5410767,1178.459961,9.999999747e-05,66512.46094,14.12841988,4.343425095
69.59999847,318.1959963,79.96273165,26.36565762,56.6608515,0.8559391679,148.5458443,6.506214142,298.540863,0,162.1755829,1191.06665,9.999999747e-05,66534.99219,14.04819679,4.480111296
69.80000305,318.1959963,75.74495598,26.21224937,57.04703746,0.8695649642,148.5458443,6.508101463,298.5456238,0,160.2244568,1215.463623,9.999999747e-05,66555.86719,14.24282551,4.395952051
70,318.1959963,80.79232005,26.66655432,56.35746265,0.8516577471,148.5458443,6.505944252,298.5653687,0,157.4946747,1237.295654,9.999999747e-05,66577.72656,13.96968365,4.514785515
70.19999695,318.1959963,77.76636742,26.36803399,56.93882892,0.8502185433,148.5458443,6.506432056,298.5433655,0,155.6501312,1264.533203,9.999999747e-05,66598.24219,14.02874756,4.439166522
70.40000153,318.1959963,79.08332079,26.52092582,56.58745226,0.8532969786,148.5458443,6.505527496,298.5667419,0,153.5888367,1277.994751,9.999999747e-05,66618.78906,14.01049614,4.49303159
70.59999847,318.1959963,78.14730258,26.48016134,56.86811557,0.858710251,148.5458443,6.504879951,298.6536865,0,151.9022827,1306.601318,9.999999747e-05,66638.77344,14.06655121,4.50921482
70.80000305,318.1959963,76.90806031,26.37502917,58.01245608,0.880447142,148.5458443,6.505634785,298.6540222,0,150.4696045,1357.676514,9.999999747e-05,66657.99219,14.30067158,4.448592181
71,318.1959963,72.90763035,26.08056687,57.14153124,0.8613919972,148.583257,6.509365082,298.5881958,0,148.7311707,1381.64624,9.999999747e-05,66675.58594,14.20044708,4.317288172
71.19999695,318.1959963,76.91548953,26.36992941,56.7945651,0.8559082678,148.5458443,6.509131908,298.5880432,0,145.495224,1383.461182,9.999999747e-05,66693.77344,14.05790234,4.451994633
71.40000153,318.1959963,75.80773706,26.21114102,57.92012666,0.8748286095,148.5458443,6.50980711,298.5425415,0,142.3751068,1405.957397,9.999999747e-05,66710.9375,14.26032066,4.405822444
71.59999847,318.1959963,77.66202876,26.41920874,56.6602875,0.855333284,152.57717,6.508494377,298.5470276,0,138.9693909,1412.317017,9.999999747e-05,66728.84375,14.02888203,4.477962743
71.80000305,318.1959963,77.46543301,26.24230489,57.26773871,0.8601016773,148.5458443,6.507192135,298.6067505,0,136.0981903,1434.550171,9.999999747e-05,66745.28906,14.07054996,4.496832949
72,318.1959963,74.65012144,26.03369154,57.75181854,0.8727964078,152.3031255,6.507828712,298.6759644,0,133.7413483,1475.635864,9.999999747e-05,66761.17969,14.24139118,4.434939538
72.19999695,318.1959963,76.95976471,26.24210979,57.45042188,0.8618155192,148.5458443,6.506702423,298.6991577,0,131.1236725,1500,9.999999747e-05,66776.40625,14.0874567,4.480819844
72.40000153,318.1959963,74.12598783,26.17107864,57.36926116,0.8655960748,148.5458443,6.507491589,298.7165222,0,128.9684296,1500,9.999999747e-05,66790.35938,14.16277313,4.411392724
72.59999847,318.1959963,74.34287352,26.18403181,57.47674032,0.8636655389,148.5458443,6.507845879,298.7168579,0,126.4855499,1500,9.999999747e-05,66803.84375,14.13927174,4.41222682
72.80000305,318.1959963,73.76651002,26.09130063,57.60976282,0.8675194605,148.5458443,6.508080959,298.7759094,0,123.8685684,1500,9.999999747e-05,66816.65625,14.17539597,4.42290728
73,318.1959963,75.12336195,26.26207865,57.14676225,0.8612218716,154.8992739,6.507165432,298.7651978,0,121.1565475,1500,9.999999747e-05,66830.5625,14.09574795,4.437498312
73.19999695,318.1959963,75.13175707,26.30412779,57.45983638,0.8682604331,150.1520382,6.506270885,298.7157288,0,118.8141174,1500,9.999999747e-05,66843,14.15004349,4.42284055
73.40000153,318.1959963,74.64114796,26.0925064,58.36887324,0.8814048136,155.3324631,6.505738735,298.6697693,0,116.8257217,1500,9.999999747e-05,66855.92969,14.29843426,4.405357414
73.59999847,318.1959963,70.91955466,26.01913315,58.22380679,0.8790954533,148.5458443,6.507258415,298.7407837,0,115.0491333,1500,9.999999747e-05,66866.10156,14.31575203,4.35325065
73.80000305,318.1959963,71.54792893,26.07674577,58.0886969,0.8762192839,148.6405105,6.507122993,298.9729614,0,112.6590881,1500,9.999999747e-05,66876.08594,14.25694656,4.451023913
74,318.1959963,72.55421463,26.17909187,57.58451555,0.8653158202,148.5458443,6.506076336,299.140686,0,110.3352356,1500,9.999999747e-05,66885.79688,14.13022804,4.46617793
74.19999695,318.1959963,75.40119142,26.15261735,57.49687611,0.8656618271,156.2429211,6.503107071,299.2564392,0,108.4276123,1500,9.999999747e-05,66897.45312,14.09469986,4.527613468
74.40000153,318.1959963,71.14145951,26.11786031,58.04434869,0.8766881634,150.9738257,6.503600121,299.3163757,0,107.711174,1500,9.999999747e-05,66906.57031,14.26527691,4.39270682
74.59999847,318.1959963,71.44899819,26.15400784,57.25068812,0.8587035173,148.5458443,6.503646851,299.3804016,0,106.7799149,1500,9.999999747e-05,66915.08594,14.08194828,4.408167483
74.80000305,318.1959963,75.08275158,26.13866829,57.81927678,0.874957755,152.1706765,6.500963688,299.4745789,0,105.8426132,1500,9.999999747e-05,66925.21094,14.16831875,4.526443624
75,318.1959963,72.30606632,26.25099455,57.19865518,0.8590582959,153.5349523,6.50071907,299.4882202,0,105.9860001,1500,9.999999747e-05,66934.78906,14.07320499,4.425702615
75.19999695,318.1959963,69.95033587,25.94437379,57.82834213,0.8738160241,157.0794493,6.502547741,299.4538879,0,106.2106628,1500,9.999999747e-05,66944.35938,14.26999664,4.325250467
75.40000153,318.1959963,73.06154326,26.23102428,57.27349119,0.8617218211,160.3247689,6.501825809,299.3589172,0,105.7047272,1500,9.999999747e-05,66955.39844,14.10619926,4.397925068
75.59999847,318.7310186,76.81496888,26.3153608,57.42468768,0.8700596914,166.993635,6.498735428,299.2180786,0,105.5025482,1500,9.999999747e-05,66968.73438,14.13339996,4.478560338
75.80000305,318.1959963,70.40485155,26.06224298,58.25106629,0.8832792188,148.5458443,6.501009941,299.0310059,0,106.5361328,1500,9.999999747e-05,66976.70312,14.34822369,4.261238989
76,318.1959963,72.14015335,26.20299286,57.3085694,0.8610751222,151.8530065,6.501583576,298.9211731,0,106.634819,1482.197632,9.999999747e-05,66985.98438,14.10971737,4.34547441
76.19999695,318.1959963,70.8442554,25.9917755,58.10574784,0.8735028522,150.6951659,6.50317955,298.7835999,0,106.5268097,1484.369263,9.999999747e-05,66994.57812,14.25714779,4.282816165
76.40000153,318.1959963,71.48713482,26.10371539,57.27326649,0.8619467685,155.307986,6.503895283,298.6273193,0,105.7715225,1472.279907,9.999999747e-05,67004.17188,14.13867474,4.29218597
76.59999847,318.1959963,69.5298163,26.01368914,58.220358,0.8752265204,149.1765157,6.505847931,298.382019,0,104.7361755,1448.77356,9.999999747e-05,67011.66406,14.29752731,4.177436485
76.80000305,318.1959963,70.19953017,26.11014626,57.39962002,0.8638916057,148.5458443,6.506522179,298.2070007,0,102.9128571,1388.843018,9.999999747e-05,67018.9375,14.16380119,4.221799433
77,318.1959963,67.96435767,26.10533219,57.23422403,0.8595285144,148.5458443,6.508100033,297.9884949,0,100.8281097,1344.625977,9.999999747e-05,67025.11719,14.15952682,4.120078355
77.19999695,318.1959963,67.23980213,26.00564581,57.34772161,0.8632728467,148.5458443,6.509261608,297.7681274,0,98.10499573,1278.320679,9.999999747e-05,67030.53125,14.20387268,4.076559791
77.40000153,318.1959963,67.23980213,25.86911989,57.33673661,0.8580364519,148.5458443,6.509793758,301.6329041,0,94.92152405,383.4962158,1336.178223,67034.66406,14.15840435,4.063754379
77.59999847,318.1959963,67.23980213,27.2016614,52.75967757,0.8054258055,148.5458443,6.50803566,301.2403259,0,91.52606201,1500,133.6178284,67037.72656,13.57579613,4.100285354
77.80000305,318.1959963,69.90527499,26.39444473,57.15199089,0.8574690201,181.556032,6.504154682,300.5544739,0,88.8392334,1471.809448,13.36178207,67047.77344,14.14638615,4.125481413
78,318.1959963,69.37039794,26.19470032,57.1436452,0.8557159833,168.3978332,6.500702858,299.9099731,0,87.70453644,1359.639648,1.336178184,67054.85156,14.12854481,4.061891111
78.19999695,318.1959963,69.31832031,26.13249346,57.56536114,0.8622841245,160.4688295,6.497689247,299.3469543,0,87.94221497,1238.228149,0.1336178184,67060.47656,14.18568516,4.033305773
78.40000153,318.1959963,67.23980213,26.16253421,57.1261589,0.8547310216,148.5458443,6.497020721,298.9019165,0,89.38526917,1120.447021,0.01336178184,67063.52344,14.12343693,3.979442269
78.59999847,318.1959963,67.23980213,26.00672401,57.87978038,0.8741659344,148.5458443,6.497249603,298.5457458,0,91.08952332,1021.638184,0.001336178277,67067.03125,14.3060627,3.985193319
78.80000305,318.1959963,67.23980213,25.84954706,56.98320664,0.8513146512,148.5458443,6.498199463,298.257843,0,92.70671082,935.9205933,0.0001336178248,67070.95312,14.10101509,3.990863916
79,318.1959963,67.23980213,25.95077404,57.04954809,0.8494239748,148.5458443,6.499372482,298.0217285,0,93.94458771,859.7300415,9.999999747e-05,67075.22656,14.08304501,4.005113777
79.19999695,318.1959963,67.23980213,26.08329378,56.88880721,0.8428941412,148.5458443,6.500415325,297.8016663,0,94.71472168,790.097229,9.999999747e-05,67079.71875,14.02314854,3.996987593
79.40000153,318.1959963,67.23980213,26.25747004,56.5461607,0.8461662574,148.5458443,6.501690388,300.2772827,0,95.06887054,237.0291748,836.7541504,67084.01562,14.03496265,4.017083592
79.59999847,318.1959963,78.53698271,26.81612828,56.6528394,0.8499875206,148.5458443,6.494997501,299.9842224,0,94.91178894,1085.328125,83.67541504,67091.17969,13.88171005,4.32436282
79.80000305,318.1959963,71.79852913,26.18480782,57.66362427,0.8667311473,148.5458443,6.494835377,299.5252991,0,97.45874023,1051.055664,8.367541313,67097.00781,14.16506195,4.116307687
80,318.1959963,71.53797582,26.25850955,57.07383144,0.8605400884,152.1303532,6.495731831,299.1908569,0,100.0236664,969.3335571,0.8367541432,67104.28125,14.10518646,4.166846737
80.19999695,318.1959963,70.42784827,26.03551408,56.84866388,0.8513662989,148.5458443,6.498069763,298.9262695,0,102.2475128,914.5892944,0.08367541432,67111.07031,14.03970337,4.148399801
80.40000153,318.1959963,67.67042143,26.15038377,56.39419271,0.8391278445,148.5458443,6.502087116,298.6565857,0,103.5347672,870.4737549,0.008367541246,67117.39062,13.97191048,4.040826318
80.59999847,318.1959963,68.74462622,25.99896739,57.11527033,0.8536148422,148.5458443,6.504909039,298.4624023,0,103.2141495,814.1524048,0.0008367541595,67124.05469,14.08880615,4.104962135
80.80000305,318.1959963,77.41736993,26.30234797,56.83073061,0.8521655215,148.5458443,6.500944138,298.3500061,0,101.7740555,773.8064575,9.999999747e-05,67133.07812,13.91418743,4.425352935
81,318.1959963,75.74664385,26.21074909,57.27183295,0.8547637119,149.3882128,6.498754978,298.2088623,0,101.9384308,753.8269653,9.999999747e-05,67141.82031,13.98031139,4.343069298
81.19999695,318.1959963,67.51271073,25.95879128,56.67024819,0.8439100897,148.5458443,6.502768517,298.1145325,0,102.9509125,719.102417,9.999999747e-05,67148.3125,14.00617313,4.119707584
81.40000153,318.1959963,70.184111,26.02097662,56.31320404,0.8453980623,148.5458443,6.504242897,298.0516663,0,102.3432465,695.4471436,9.999999747e-05,67155.50781,13.96161556,4.227890033
81.59999847,324.166115,76.03083619,26.11898706,58.0667785,0.8886864349,166.9520514,6.501186371,297.9823303,0,101.1740417,678.7584839,9.999999747e-05,67166.70312,14.30303001,4.399315467
81.80000305,318.1959963,67.69299958,26.14717533,56.20417683,0.83868037,148.5458443,6.504108906,297.8594666,0,101.2342224,657.2501221,9.999999747e-05,67172.89844,13.94843006,4.083609792
82,318.1959963,68.68937192,25.97755449,56.99814675,0.8439730833,148.5458443,6.506099224,299.9765625,0,100.0912704,197.1750336,704.8894043,67178.85156,13.98930931,4.126159472
82.19999695,318.1959963,76.68903489,26.43382153,54.30342427,0.8087615643,148.5458443,6.501725674,299.8464355,0,98.17438507,923.2219849,70.48893738,67186.39844,13.49603558,4.350297855
82.40000153,318.1959963,71.53174419,26.00911464,57.64724985,0.8761611091,148.5458443,6.501612663,299.5257874,0,98.02487946,936.5750122,7.048893929,67192.42969,14.22457027,4.171360539
82.59999847,318.1959963,76.91509029,26.06638735,57.87962348,0.8735766271,166.2034,6.497784615,299.2105713,0,97.88612366,896.1656494,0.7048894167,67203.66406,14.15936184,4.324629999
82.80000305,318.1959963,68.93202992,26.18348008,56.4918362,0.8477752958,148.5458443,6.499991417,298.901947,0,99.30456543,847.0379639,0.0704889372,67209.36719,14.00632191,4.061839209
83,318.1959963,68.89623391,26.19114827,56.41885845,0.8496672264,148.5458443,6.501882076,298.5762329,0,99.8084259,788.3257446,0.00704889372,67215.15625,14.02792549,4.00825934
83.19999695,318.1959963,67.23980213,26.18137319,56.4223109,0.8365444786,148.5458443,6.504184723,298.2453613,0,99.57654572,712.0899048,0.0007048894186,67220.39844,13.94775772,3.903327932
83.40000153,318.1959963,74.85235084,26.13416086,57.13311265,0.8518516073,149.1926815,6.500882626,297.9830933,0,98.42112732,621.9939575,9.999999747e-05,67227.73438,13.97818661,4.137838086
83.59999847,318.1959963,70.37500975,26.05027598,56.57170306,0.8453854133,148.5458443,6.500768661,297.7486572,0,98.60630035,543.1973877,9.999999747e-05,67233.71875,13.98139954,3.982441702
83.80000305,318.1959963,69.30179136,26.06510855,57.04471587,0.8411035375,148.5458443,6.501232624,299.4936523,0,98.80865479,162.9592133,598.2384033,67239.11719,13.97546291,3.880176405
84,318.1959963,70.78436892,25.94790112,54.88370795,0.8125846535,148.5458443,6.500520229,299.120636,0,98.83379364,757.317749,59.82384109,67244.57812,13.68087006,3.856668124
84.19999695,318.1959963,73.18200401,26.2129289,58.10351959,0.8783945421,148.5458443,6.498686314,298.7300415,0,99.14949036,671.5462646,5.982384205,67251.02344,14.24533653,4.001902908
84.40000153,318.1959963,75.7848998,26.1077774,56.78949028,0.8524949282,155.1525797,6.495801926,298.4012146,0,100.1987534,581.6126709,0.5982384086,67259.85938,13.98298073,4.080210376
84.59999847,320.5520725,72.56918453,26.06592607,58.05466203,0.8818181788,157.1470206,6.496255398,298.1528625,0,102.4014893,498.4776611,0.05982384086,67268.3125,14.30461597,4.020405452
84.80000305,318.1959963,68.1607131,26.13584744,56.175173,0.8339510205,148.5458443,6.500198841,297.9622803,0,104.4086304,430.3064575,0.005982384086,67274.78906,13.91046906,3.913589981
85,318.1959963,67.23980213,26.12413639,58.10969981,0.8689698427,148.5458443,6.504165649,297.7866821,0,104.8375397,372.1489258,0.0005982384318,67281.07812,14.25900173,3.853043784
85.19999695,318.1959963,67.89925661,25.72618815,58.28366667,0.866850843,148.5458443,6.507387161,299.0275879,0,103.6908264,111.6446762,419.8449707,67287.07031,14.24291706,3.842077253
85.40000153,318.1959963,73.76067427,26.54969177,55.99351935,0.8299566772,148.5458443,6.504521847,298.7984619,0,101.2581253,533.0758667,41.98449707,67294.07031,13.7852726,3.984004282
85.59999847,318.1959963,69.76799186,26.02606637,56.88444655,0.8498829816,148.5458443,6.504641056,298.5104065,0,99.98917389,483.2550049,4.198449612,67299.72656,14.03434277,3.864447857
85.80000305,318.1959963,70.35280837,25.95771492,56.65686536,0.8396109265,148.5458443,6.504093647,298.2801819,0,98.64318085,415.539978,0.4198449552,67305.36719,13.9301796,3.904712983
86,318.1959963,75.27003841,25.92440028,57.39421524,0.8518600762,151.5605752,6.500422001,298.1247864,0,97.52787018,357.4081116,0.04198449478,67312.92188,13.97382927,4.106698512
86.19999695,318.1959963,71.60818586,26.06821434,56.88877453,0.8608376818,148.5458443,6.49919939,297.9744873,0,97.88934326,316.0302429,0.004198449664,67318.9375,14.0870266,3.968054174
86.40000153,318.1959963,68.72401894,25.9446287,56.80454789,0.8411429717,148.5458443,6.500070095,297.8356018,0,98.72175598,270.0221863,0.0004198449606,67324.28906,13.96845341,3.842293699
86.59999847,318.1959963,69.04974123,25.83666024,58.17542676,0.8698936195,148.5458443,6.501542568,298.7563171,0,99.20702362,81.00666046,306.9969177,67329.77344,14.22688675,3.890189177
86.80000305,318.1959963,75.91643395,25.91996743,56.03755401,0.8530735949,155.8777966,6.498719692,298.6670227,0,99.10797119,393.5343018,30.69969177,67338.63281,13.95028687,4.142737645
87,318.1959963,71.30664078,25.892691,57.50894258,0.8760666481,152.193795,6.49952364,298.4949951,0,100.1541519,384.1872864,3.069969177,67345.70312,14.23511791,3.998977034
87.19999695,318.1959963,76.0528548,25.96565889,58.34765622,0.8850381401,163.5172902,6.497458935,298.355011,0,100.8529663,350.5217285,0.3069969118,67356.67969,14.27728939,4.176546774
87.40000153,318.1959963,75.32829355,26.06076443,57.04257105,0.8508711634,148.5458443,6.496807098,298.2611389,0,102.3987656,322.0765381,0.0306996908,67364.86719,13.93682957,4.214791557
87.59999847,318.1959963,69.40421646,25.89121462,58.02613331,0.8729558256,148.5458443,6.500710487,298.1630859,0,104.1914139,304.0569458,0.003069969127,67371.75781,14.23686695,4.016028343
87.80000305,318.1959963,72.77663754,26.19331731,58.142418,0.8701058933,148.5458443,6.501662731,298.0724487,0,104.4122925,280.7229919,0.0003069968952,67379.67969,14.15954971,4.11054903
88,318.1959963,69.62174132,25.75412864,57.59037222,0.8733852237,148.5458443,6.504702091,297.9730835,0,104.276619,256.3079834,9.999999747e-05,67386.57812,14.23874569,3.954961463
88.19999695,318.1959963,69.77024585,25.87181623,56.88020857,0.8404734987,148.5458443,6.506281853,297.8666077,0,102.9087677,225.4170227,9.999999747e-05,67393.14844,13.94814777,3.893838877
88.40000153,318.1959963,70.62356999,26.14913003,57.64421963,0.8577035695,148.5458443,6.506056309,298.640686,0,100.9205551,67.62510681,259.1908875,67399.42969,14.08606243,3.896151528
88.59999847,318.1959963,71.9714106,26.20693838,56.58580407,0.8447031606,148.5458443,6.504123688,298.5096741,0,99.02384949,330.4784546,25.91908836,67405.55469,13.93382359,3.909398233
88.80000305,318.1959963,70.34903033,26.04314546,56.96743891,0.852525423,148.5458443,6.502907753,298.3199158,0,97.90006256,303.4984741,2.591908932,67410.96094,14.03299618,3.83452072
89,318.1959963,75.21656157,25.96347541,57.14481337,0.8565476793,159.3036914,6.498908043,298.1797791,0,97.25466919,258.1300354,0.2591908872,67419.88281,14.02006149,4.023253296
89.19999695,318.1959963,68.83497811,25.93150573,57.09155625,0.8417018556,148.5458443,6.4999547,298.0613098,0,98.22071838,223.1974487,0.02591908909,67425.07812,13.96163368,3.839805277
89.40000153,318.1959963,71.65233426,25.91540175,57.0407852,0.8531349256,148.5458443,6.499289989,297.9690857,0,98.74259186,190.1177673,0.002591908909,67431.15625,14.01811028,3.924246371
89.59999847,318.1959963,69.95984496,25.95191088,58.25027586,0.8688655055,148.5458443,6.499809265,297.8869019,0,99.55204773,161.4935913,0.0002591908851,67436.92969,14.19845009,3.853158462
89.80000305,318.1959963,76.49920067,26.19349937,58.03001034,0.8608437003,148.5458443,6.496726513,298.4650269,0,100.1444321,48.44807434,185.7109985,67444.6875,14.02161884,4.109164975
90,318.1959963,73.73332471,26.08517495,56.6324153,0.8379972512,148.5458443,6.496963978,298.4185486,0,101.9856796,244.2770538,18.57110023,67452.0625,13.83658791,4.074582643
90.19999695,318.1959963,72.87357434,26.24946016,58.64233669,0.8891897172,148.5458443,6.498161316,298.3232727,0,103.7095184,241.3375397,1.857110023,67459.625,14.31541157,4.058007823
90.40000153,318.1959963,71.83548289,25.85670773,56.71113041,0.8479603095,148.5458443,6.500607014,298.2287598,0,104.9617386,224.5135803,0.1857109964,67467.11719,13.95901871,4.005024502
90.59999847,318.1959963,71.33434601,26.05145971,56.9115504,0.8395050825,148.5458443,6.502999306,298.1471558,0,105.2347031,204.7399292,0.01857109927,67474.60156,13.89162159,4.003886701
90.80000305,318.1959963,69.59206886,26.19457043,56.85423597,0.8449171357,148.5458443,6.50571394,298.0658264,0,104.5548935,185.8801117,0.00185710995,67481.46875,13.95806217,3.928213959
91,318.1959963,76.22179201,26.30830746,56.85579237,0.8578634474,148.5458443,6.50321579,298.0127869,0,102.7880325,163.9526978,0.0001857110037,67489.875,13.96425819,4.146953135
91.19999695,318.1959963,73.49558081,26.1404159,58.1812434,0.8728688425,148.5458443,6.502326488,297.9516296,0,102.0386353,148.7346802,9.999999747e-05,67497.28906,14.16342831,4.010010365
91.40000153,318.1959963,76.0076122,25.88685391,57.12320791,0.8543440473,150.4738555,6.500126839,297.9085999,0,101.6229858,128.5119324,9.999999747e-05,67505.70312,13.96040821,4.083872654
91.59999847,318.1959963,70.26904843,26.06173311,56.74752536,0.8469505611,148.5458443,6.501689911,298.3452148,0,102.0966721,38.55357742,144.4095764,67512.14844,13.96535301,3.880282103
91.80000305,318.1959963,75.4415973,26.10957271,57.00523193,0.8483632311,148.5458443,6.499788284,298.2940063,0,101.9284668,186.077179,14.44095802,67519.9375,13.9074564,4.034045661
92,318.1959963,72.65153419,25.95884205,57.71872401,0.8616176896,148.5458443,6.500282288,298.2064209,0,102.5443878,178.0835114,1.44409585,67527.08594,14.07380581,3.952630935
92.19999695,318.1959963,71.16442944,26.09614348,57.16490167,0.8486640276,148.5458443,6.501867294,298.1315918,0,102.9437561,159.2785492,0.144409582,67533.98438,13.96681309,3.936902726
92.40000153,318.1959963,71.15035001,25.92953542,57.3384176,0.8459174804,148.5458443,6.503463268,298.0710449,0,102.7131882,141.8589478,0.01444095839,67540.83594,13.94789219,3.945200453
92.59999847,318.1959963,76.33624294,25.85394932,57.2259334,0.8506770395,148.5458443,6.501601696,298.039917,0,101.8477936,126.4674606,0.001444095862,67549.02344,13.90490627,4.150632707
92.80000305,318.1959963,69.57241192,25.86126756,57.28664253,0.8541764352,148.5458443,6.503802299,297.9859009,0,101.7382584,118.8459473,0.0001444095833,67555.21094,14.03845978,3.872031573
93,318.1959963,71.12282983,25.88835105,57.05977961,0.8609743683,156.4772108,6.503963947,297.9343872,0,100.7241516,101.9359436,9.999999747e-05,67563.17188,14.08937645,3.876951039
93.19999695,318.1959963,71.27163345,25.934038,57.27707963,0.8489826815,148.5458443,6.503188133,298.2845154,0,99.66511536,30.58078384,117.0050812,67569.20312,13.97678947,3.830600108
93.40000153,318.1959963,70.93326192,25.9483531,56.85438591,0.8420429994,148.5458443,6.50225687,298.2188416,0,98.9129715,149.2996368,11.70050812,67574.89844,13.91386318,3.797766033
93.59999847,318.1959963,70.31961285,25.7462242,58.14120112,0.8695598183,148.5458443,6.501451969,298.1242676,0,98.53079987,134.6843719,1.170050859,67580.26562,14.18523026,3.738850294
93.80000305,318.1959963,71.06054596,25.93542072,57.11073105,0.849845693,148.5458443,6.500003338,298.0473938,0,98.46974945,110.7631836,0.1170050874,67585.85156,13.98408222,3.767792868
94,318.1959963,70.96954169,25.99038656,57.64513331,0.8656880435,148.5458443,6.498592377,297.9834595,0,98.99053955,89.60680389,0.01170050818,67591.50781,14.12974453,3.744869253
94.19999695,318.1959963,73.93962109,26.2128055,57.54716727,0.8671441185,148.5458443,6.495750904,297.9420776,0,100.0735168,69.90315247,0.001170050818,67598.24219,14.09565353,3.846955438
94.40000153,318.1959963,70.64492638,25.89052199,58.46039359,0.8761381219,148.5458443,6.496433735,298.1688843,0,102.2979126,20.97094727,77.9156723,67604.42969,14.24384308,3.724772902
94.59999847,318.1959963,71.67219424,26.06141444,57.68880163,0.8545234447,148.5458443,6.496378899,298.1099854,0,104.2330322,97.35678101,7.791566849,67611.21875,14.0391264,3.710387409
94.80000305,318.1959963,73.32649942,26.09591906,56.32231423,0.8562115351,148.5458443,6.496739864,298.0544739,0,106.2038956,81.66636658,0.7791566849,67618.96094,14.00063992,3.813825193
95,318.1959963,74.93398866,25.90506816,57.82164155,0.861649976,148.5458443,6.49675703,298.0088501,0,108.0266571,67.08238983,0.07791566849,67627.48438,14.06402111,3.840413328
95.19999695,318.1959963,79.67823059,26.04190861,57.32862164,0.8638218945,160.8401099,6.493955612,297.9743652,0,109.8448563,53.79677582,0.007791567128,67640.17188,14.04433346,3.950702479
95.40000153,318.1959963,75.5794023,26.09507391,56.98381715,0.8664897754,153.3381877,6.495236397,297.9466248,0,112.7918472,42.57388687,0.0007791566895,67650.89062,14.09843254,3.858320754
95.59999847,318.1959963,74.44267791,25.89652304,58.63290006,0.8875720676,153.301451,6.498673916,298.1058044,0,115.2040787,12.77216625,52.95132828,67661.83594,14.32333565,3.868852443
95.80000305,318.1959963,74.42817168,25.86595121,58.90949342,0.8821279035,148.8865968,6.50238657,298.0817871,0,116.2472458,65.89453125,5.295133114,67672.11719,14.2716465,3.89644224
96,318.1959963,75.02835952,26.01261142,56.72333958,0.8540290353,150.2224712,6.505012035,298.0482178,0,115.8113937,60.38714981,0.5295132995,67682.79688,13.98385048,3.920458469
96.19999695,318.1959963,71.90151264,25.61245002,58.16887379,0.8748116892,151.7518835,6.508833885,298.0064087,0,114.3298798,52.04962921,0.05295132846,67692.49219,14.24453068,3.761301703
96.40000153,318.1959963,76.95253797,26.02101188,56.67413858,0.8582531346,152.978206,6.507484913,297.9832458,0,111.3122787,39.6823349,0.005295132753,67703.24219,14.0009222,3.905506805
96.59999847,318.1959963,73.64767975,26.02595133,57.17516705,0.8502666698,148.5458443,6.507316113,297.9606018,0,108.8549423,32.24770355,0.0005295132869,67711.65625,13.97338104,3.790246002
96.80000305,318.1959963,70.95601665,26.319015,57.03682123,0.8529921328,148.5458443,6.507555962,297.9402466,0,106.4448013,23.98004723,9.999999747e-05,67718.875,14.01555824,3.708714097
97,318.1959963,73.823823,25.92543351,57.34737947,0.8763778453,162.4074587,6.505539894,298.0457153,0,103.9411316,7.194014072,36.37606049,67729.13281,14.21567822,3.787706318
97.19999695,318.1959963,74.09604451,26.00426837,57.23307952,0.8507941442,148.5458443,6.502093315,298.0211182,0,102.2525864,41.49771118,3.637605906,67736.17188,13.96931553,3.737217311
97.40000153,318.1959963,70.91258258,25.94191681,57.4313788,0.8508310814,148.5458443,6.501202583,297.9889526,0,101.9401932,33.93036652,0.3637605906,67742.29688,14.01063633,3.656766839
97.59999847,318.1959963,72.94326567,26.1145978,57.18047973,0.8565265019,148.5458443,6.498912334,297.968811,0,101.9710007,23.81496048,0.03637605906,67748.99219,14.02300549,3.718544074
97.80000305,318.1959963,71.28184605,26.21380986,56.71915349,0.8601833221,148.5458443,6.498484135,297.9533386,0,102.9306717,16.68729401,0.003637606045,67755.48438,14.06122398,3.69277247
98,318.1959963,75.26782287,25.92699358,57.64157658,0.8556532683,148.5458443,6.496493816,297.9500122,0,104.0510254,10.33440113,0.0003637605987,67763.23438,13.99847317,3.804795171
98.19999695,318.1959963,75.15955142,26.35022006,57.44856464,0.853083968,148.5458443,6.494783878,297.9477844,0,105.9785919,7.552875519,9.999999747e-05,67771.39062,13.96914482,3.795659692
98.40000153,318.1959963,71.72425864,25.8661434,57.07973342,0.8582324938,148.5458443,6.496570587,297.9937439,0,108.5842896,2.265862703,17.83879089,67779.02344,14.06902504,3.650125842
98.59999847,318.1959963,73.9574094,25.90233585,58.30724059,0.8732380714,148.5458443,6.497421265,297.9803467,0,110.4647675,16.18041229,1.783879161,67787.63281,14.19275856,3.708340763
98.80000305,318.1959963,73.04361009,25.9386991,58.22263852,0.8725792112,148.5458443,6.499410152,297.9649658,0,112.0192642,10.98161983,0.1783879101,67796.32812,14.19701385,3.691570264
99,318.1959963,74.48042375,25.89007751,57.66767401,0.8620319145,151.2525178,6.500742435,297.9564209,0,112.7713776,5.04254818,0.01783879101,67806.125,14.0875473,3.739221391
99.19999695,318.1959963,72.95239006,26.25412633,57.10374066,0.8514568585,148.5458443,6.503274441,297.9538269,0,112.9963226,0.8882927895,0.001783879125,67815.14844,13.98390388,3.761702563
99.40000153,318.1959963,71.52118132,26.12624351,56.86462921,0.8514786553,148.5458443,6.506509304,297.949646,0,112.2025757,9.999999747e-05,0.0001783879125,67823.625,13.99649239,3.72976431
99.59999847,318.1959963,74.37579647,25.9595471,57.51978166,0.8687344227,148.7962347,6.506680965,297.9810791,0,110.116272,9.999999747e-05,10.67533398,67832.41406,14.1225729,3.771958355
99.80000305,318.1959963,72.29231633,25.94466608,57.05972923,0.855636009,148.5458443,6.506901741,297.9689636,0,107.9737396,8.98561573,1.067533374,67840.07812,14.02989388,3.670574903
100,318.1959963,75.37939125,25.99444894,57.09140119,0.8623163715,154.1446492,6.505580425,297.9698181,0,105.7328415,3.86022377,0.1067533419,67849.46094,14.03858089,3.869366009
100.1999969,318.1959963,76.2043581,25.99539713,57.73460962,0.8652792923,149.0733328,6.502979279,297.9732971,0,104.0256577,3.081766129,0.01067533437,67857.64062,14.05458069,3.866818355
100.4000015,318.1959963,73.74356908,25.91283319,58.7344827,0.8850628245,149.3512532,6.501161098,297.9671936,0,103.3582153,3.141196251,0.001067533391,67864.97656,14.28027916,3.721932553
100.5999985,318.1959963,73.91944156,25.92929193,57.12570223,0.8612973988,152.8764146,6.500456333,297.967041,0,103.4113693,0.005648853257,0.0001067533376,67873.21094,14.04512405,3.800693645
100.8000031,318.1959963,72.3770339,26.01117474,57.32126321,0.8528666101,148.5458443,6.50178051,297.9699097,0,103.7453079,9.999999747e-05,9.999999747e-05,67880.35938,13.97570133,3.834126399
101,318.1959963,72.97292019,25.92321374,58.11195578,0.8756156848,148.5458443,6.502531528,297.9728088,0,103.5465469,9.999999747e-05,9.999999747e-05,67887.60156,14.176507,3.838736572
101.1999969,318.1959963,71.98640395,26.24003689,57.83227316,0.8654551174,148.5458443,6.503257751,297.9740601,0,103.0556717,9.999999747e-05,9.999999747e-05,67894.51562,14.0890913,3.8114189
101.4000015,318.1959963,71.12208799,25.83127496,58.03515723,0.8752584015,149.359253,6.504535675,297.9713745,0,102.2726746,9.999999747e-05,9.999999747e-05,67901.125,14.19809055,3.75922641
101.5999985,318.1959963,70.2697765,25.99834392,56.75519697,0.8524425652,148.5458443,6.50578022,297.9689026,0,100.9765854,9.999999747e-05,9.999999747e-05,67907.11719,13.98096275,3.755074228
101.8000031,318.1959963,71.88569586,25.81703657,57.41084109,0.8603051384,148.5458443,6.505506516,297.9701843,0,99.18447876,9.999999747e-05,9.999999747e-05,67913.17188,14.03675079,3.811554327
102,318.1959963,71.64025851,25.81259094,57.28438825,0.8592119682,148.5458443,6.505346775,297.9745483,0,97.5067215,9.999999747e-05,9.999999747e-05,67918.89844,14.01640034,3.85938946
102.1999969,318.1959963,76.24703887,25.87570637,57.68940844,0.8696955728,164.0283021,6.501520634,297.9835205,0,95.88766479,0.3796372116,9.999999747e-05,67928.76562,14.07888889,4.017838955
102.4000015,318.1959963,71.56281399,25.82102138,57.94023506,0.8702087965,148.5458443,6.501152039,297.9858093,0,95.81141663,2.482220411,9.999999747e-05,67934.13281,14.12116623,3.851063319
102.5999985,318.1959963,73.6065829,25.82296657,57.09765902,0.8637236437,157.5281052,6.499573708,297.988739,0,95.85954285,2.586311102,9.999999747e-05,67941.92188,14.0420084,3.920128027
102.8000031,318.1959963,71.52063472,25.88466103,57.53303981,0.8580878164,148.5458443,6.499510288,297.9881897,0,96.55415344,3.053710938,9.999999747e-05,67947.40625,14.01504898,3.824418989
103,318.1959963,70.71374507,26.10375648,58.65346935,0.8795095315,148.5458443,6.499762535,297.9847412,0,97.26528168,2.421039343,9.999999747e-05,67952.80469,14.22502327,3.777069562
103.1999969,318.1959963,72.21354805,25.88060009,58.08999401,0.8724696503,148.5458443,6.500005722,297.9867859,0,97.87917328,0.7920236588,9.999999747e-05,67958.75781,14.13627434,3.85745502
103.4000015,318.1959963,76.41424891,26.03511043,58.22110708,0.8833191495,164.2142616,6.497517109,297.9914551,0,98.39679718,0.9468743801,9.999999747e-05,67969.21875,14.20647907,3.997217916
103.5999985,318.1959963,71.96247768,25.90070423,57.74334064,0.8687306888,148.9878328,6.498823643,297.9895935,0,99.91882324,2.042348623,9.999999747e-05,67975.59375,14.11056709,3.831210437
103.8000031,318.1959963,76.05320355,26.07811134,58.11294991,0.8698908761,150.5232825,6.497944832,297.9980469,0,100.8971558,1.047132611,9.999999747e-05,67983.69531,14.06820774,4.001138778
104,318.1959963,75.89155159,26.11436461,57.27077386,0.858378289,148.5458443,6.49805975,298.0069275,0,102.2462845,3.589341164,9.999999747e-05,67991.69531,13.94828796,4.034928593
104.1999969,318.1959963,72.18191459,26.12576131,57.70513062,0.8615656182,148.5458443,6.501067638,298.0059814,0,103.5391846,6.515276432,9.999999747e-05,67998.96094,14.03414345,3.921405884
104.4000015,318.1959963,74.71855565,26.1690803,57.62745969,0.8683403294,148.5458443,6.502072811,298.0093994,0,103.6225967,6.377993584,9.999999747e-05,68006.94531,14.05456161,3.995050625
104.5999985,318.1959963,71.12432399,26.07403684,58.13028416,0.8714342949,148.5458443,6.505160809,298.0028076,0,103.3197937,7.789767265,9.999999747e-05,68013.82812,14.14212894,3.855363561
104.8000031,318.1959963,72.7290771,25.94713949,57.3960979,0.856797062,148.5458443,6.506401539,297.9997864,0,101.7685242,5.84322834,9.999999747e-05,68020.79688,13.98385525,3.890995247
105,318.1959963,73.40541776,26.17712766,58.46595391,0.8912472607,149.1923192,6.506404877,298.0022278,0,99.73370361,4.962290764,9.999999747e-05,68027.75781,14.26974773,3.962446427
105.1999969,318.1959963,72.65842882,26.08854205,57.9245572,0.8678711826,148.5458443,6.506136894,298.0020142,0,97.69569397,5.810769558,9.999999747e-05,68033.9375,14.07025814,3.919294904
105.4000015,318.1959963,70.97330943,26.13686967,57.67839323,0.8631298422,148.5458443,6.505908966,297.996582,0,95.76187134,5.801548481,9.999999747e-05,68039.19531,14.04629135,3.829675586
105.5999985,318.1959963,71.25425384,25.6826506,57.30622554,0.8520834429,148.5458443,6.505289078,297.9918823,0,93.91816711,4.005491734,9.999999747e-05,68044.07812,13.94963169,3.820870389
105.8000031,318.1959963,71.14786453,25.94983087,57.34751641,0.8547500035,148.5458443,6.50339365,297.9865723,0,92.32382965,2.300966501,9.999999747e-05,68048.57031,13.96799469,3.783818565
106,318.1959963,76.23544684,25.91622028,58.42291462,0.8900699997,166.9099218,6.498443127,297.9886475,0,91.49057007,0.1990014613,9.999999747e-05,68058.11719,14.25361824,3.990882846
106.1999969,318.1959963,67.98946248,25.89045185,57.58282432,0.8703690277,148.5458443,6.500054836,297.9797668,0,92.6434021,0.4462830424,9.999999747e-05,68061.85156,14.14586353,3.716646054
106.4000015,318.1959963,70.30390413,25.9042685,58.43818114,0.8721883903,148.5458443,6.500395298,297.9761047,0,93.12026215,9.999999747e-05,9.999999747e-05,68066.33594,14.14404583,3.805933994
106.5999985,318.1959963,74.12658187,26.03304843,57.89311597,0.8602967311,148.9476542,6.498534679,297.9819641,0,93.48619843,9.999999747e-05,9.999999747e-05,68072.09375,13.97513103,3.96791383
106.8000031,318.1959963,69.76171902,25.83669498,57.33916556,0.8561453962,148.5458443,6.500608921,297.9780579,0,94.5995636,1.147355795,9.999999747e-05,68076.79688,13.99218464,3.8337289
107,318.1959963,72.48835312,25.8250573,57.7402806,0.8560803894,148.5458443,6.500973701,297.9809265,0,94.86317444,9.999999747e-05,9.999999747e-05,68082.33594,13.95966339,3.940460004
107.1999969,318.1959963,74.10542913,25.94897894,57.78154263,0.8631206535,148.5458443,6.500329494,297.9882202,0,94.99920654,0.192970857,9.999999747e-05,68088.40625,13.99089718,4.018188303
107.4000015,318.1959963,69.95656909,26.10839066,57.24340003,0.8507071914,148.5458443,6.502571583,297.9861755,0,95.39066315,1.976351619,9.999999747e-05,68093.45312,13.92779732,3.889741764
107.5999985,318.1959963,74.61871769,25.89759284,57.82632721,0.8579884973,148.5458443,6.501764297,297.9957886,0,94.87252808,0.7734494209,9.999999747e-05,68099.72656,13.93475723,4.07338485
107.8000031,318.1959963,73.18434837,25.93931127,57.44645154,0.8668005539,153.6112847,6.50182724,297.9983826,0,94.69655609,3.581757784,9.999999747e-05,68106.60156,14.0323019,4.017956392
108,318.1959963,71.22600375,25.89596201,57.58524998,0.8554734093,148.5458443,6.503132343,297.9970703,0,94.48291779,4.247025013,9.999999747e-05,68111.84375,13.95775318,3.93324948
108.1999969,318.1959963,73.89608643,25.90931982,58.49681577,0.8718374189,148.5458443,6.502111435,298.0002441,0,93.74597168,3.714695692,9.999999747e-05,68117.64844,14.07623291,4.00226892
108.4000015,318.1959963,76.71461501,25.83649554,58.48333043,0.8760338088,153.0283481,6.49920702,298.0057068,0,93.42896271,4.710133553,9.999999747e-05,68125.0625,14.08573532,4.078741539
108.5999985,318.1959963,71.08388414,25.82376117,58.23514268,0.8720641132,148.5458443,6.500473022,297.9973755,0,94.27245331,6.582270622,9.999999747e-05,68130.125,14.12035656,3.853553151
108.8000031,318.1959963,72.53175781,25.77985156,58.03835797,0.8790521932,157.4219064,6.500878334,297.9898071,0,94.58985901,3.876260996,9.999999747e-05,68137.46875,14.17714787,3.903677066
109,318.1959963,77.05860365,26.00058422,57.63947346,0.8823393246,167.043431,6.498356342,297.9918518,0,94.76123047,1.232806563,9.999999747e-05,68148.16406,14.14933395,4.098107898
109.1999969,318.1959963,71.75595947,25.93500606,57.40346436,0.8545039133,148.5458443,6.50014925,297.987793,0,95.94831848,1.607479453,9.999999747e-05,68153.79688,13.94896126,3.899471854
109.4000015,318.1959963,72.24554415,25.69200434,57.96829651,0.8768663907,150.4062533,6.502001286,297.9843445,0,96.39463806,9.999999747e-05,9.999999747e-05,68160.01562,14.15098381,3.917880759
109.5999985,318.1959963,72.74405677,25.95717232,57.23741179,0.8565031515,148.5458443,6.503243446,297.9854736,0,96.11377716,9.999999747e-05,9.999999747e-05,68166.03125,13.94005966,3.985083284
109.8000031,318.1959963,72.9167341,25.91939851,58.49657658,0.8748420094,148.5458443,6.50404501,297.9872131,0,95.33821869,9.999999747e-05,9.999999747e-05,68171.92969,14.11429691,3.996070441
110,318.1959963,70.88643706,25.69133501,57.3346229,0.8551798763,148.5458443,6.50602293,297.9845581,0,94.24162292,0.04843944684,9.999999747e-05,68177.02344,13.95585918,3.925395735
110.1999969,318.1959963,71.94175097,25.99396972,57.54433324,0.8568268699,148.5458443,6.506304264,297.987854,0,92.34857941,9.999999747e-05,9.999999747e-05,68182.125,13.93981361,4.017780892
110.4000015,318.1959963,73.17573371,25.99913615,57.95553628,0.8708843659,148.5458443,6.505033016,297.9950256,0,90.35225677,0.5793301463,9.999999747e-05,68187.20312,14.04112625,4.079074529
110.5999985,318.1959963,75.82549366,26.32908789,57.87579038,0.8760421228,153.1734146,6.501408577,298.0092773,0,88.864151,2.577400684,9.999999747e-05,68193.80469,14.03666782,4.229455673
110.8000031,318.1959963,74.63749351,26.25030112,57.47460102,0.8683511238,150.1582743,6.499395847,298.0237732,0,88.82862854,7.254774094,9.999999747e-05,68199.54688,13.96734715,4.244470895
111,318.1959963,71.06885912,25.92751313,57.47794694,0.8677407201,148.5458443,6.500295639,298.0212402,0,89.58525085,12.49716663,9.999999747e-05,68203.92969,14.03282642,4.006045888
111.1999969,318.1959963,69.64781893,25.96891645,58.14103041,0.8677543418,148.5458443,6.502211571,298.01474,0,89.97764587,12.40719223,9.999999747e-05,68207.99219,14.06594181,3.946972713
111.4000015,318.1959963,73.01664007,25.89058087,58.69786482,0.8937337331,162.5983136,6.501316071,298.0079956,0,89.60960388,10.98059559,9.999999747e-05,68215.74219,14.28612518,4.031761609
111.5999985,318.1959963,72.94248879,25.92616221,58.68807447,0.8842826521,150.3021818,6.500945568,298.0098572,0,89.61217499,9.252048492,9.999999747e-05,68221.03125,14.17263412,4.082680695
111.8000031,318.1959963,70.1049147,25.79904749,58.23499587,0.8692753254,148.5458443,6.502753258,298.0046997,0,89.75237274,10.24351692,9.999999747e-05,68225.17188,14.07768345,3.967038816
112,318.1959963,72.75730203,25.90389335,57.22378735,0.8636054198,152.1358087,6.501929283,298.0010986,0,89.16386414,8.817537308,9.999999747e-05,68230.59375,13.98191261,4.013507107
112.1999969,318.1959963,74.10849993,25.97081241,58.4667272,0.873042672,148.5458443,6.500139713,298.0018005,0,88.92066956,7.794805527,9.999999747e-05,68235.60938,14.05661106,4.057439356
112.4000015,318.1959963,70.72641719,26.00469947,57.16931766,0.8556263683,148.5458443,6.501400948,297.9986267,0,89.38796234,8.106877327,9.999999747e-05,68239.86719,13.92345333,3.996459465
112.5999985,318.1959963,71.11460154,25.76577076,57.87732537,0.8679189419,148.5458443,6.502027512,297.990448,0,89.33766937,7.074875832,9.999999747e-05,68244.05469,14.05126476,3.917379546
112.8000031,318.1959963,71.62717354,26.10801334,57.24390359,0.8620118404,148.5458443,6.501827717,297.9855957,0,89.04871368,4.224655151,9.999999747e-05,68248.38281,13.97024918,3.95132931
113,318.1959963,73.51219601,25.79727482,57.56934318,0.8645599824,155.2153233,6.500287533,297.9793091,0,88.84037018,2.253935099,9.999999747e-05,68254.4375,14.00099087,3.960333708
113.1999969,318.1959963,74.78560162,25.88924277,58.11000651,0.8750911557,155.7034766,6.498283863,297.9770508,0,89.24981689,9.999999747e-05,9.999999747e-05,68261.05469,14.08162785,4.019001362
113.4000015,318.1959963,69.79688387,26.09017046,57.81530765,0.8677303496,148.5458443,6.500424385,297.9682617,0,90.45794678,9.999999747e-05,9.999999747e-05,68265.125,14.06087208,3.872938206
113.5999985,318.1959963,75.09249845,25.8549256,57.69998592,0.8632095232,155.1657129,6.499195576,297.9669495,0,90.79485321,9.999999747e-05,9.999999747e-05,68272.07031,13.96867085,4.051912141
113.8000031,318.1959963,72.51785053,25.90945774,57.96400236,0.8680563331,148.5458443,6.50018692,297.9622498,0,91.64753723,9.999999747e-05,9.999999747e-05,68277.11719,14.03601456,3.96089398
114,318.1959963,75.61848958,26.05284864,58.3558428,0.8717475031,153.672063,6.499042511,297.9617615,0,92.08560181,9.999999747e-05,9.999999747e-05,68284.1875,14.04090595,4.071092116
114.1999969,318.1959963,73.96525246,25.84022937,58.19774751,0.8662548776,148.5458443,6.499973774,297.9603882,0,92.99549866,9.999999747e-05,9.999999747e-05,68289.96875,14.0058794,4.037473777
114.4000015,318.1959963,74.28153719,26.05682846,57.8224283,0.8621175895,148.864315,6.50058651,297.959137,0,93.5193634,9.999999747e-05,9.999999747e-05,68296.03906,13.95547771,4.047460585
114.5999985,318.1959963,72.06150244,26.08449121,57.24860787,0.8634721752,148.5458443,6.502660751,297.9519958,0,93.80573273,9.999999747e-05,9.999999747e-05,68301.46875,13.98726845,3.951585011
114.8000031,318.1959963,70.56779543,25.84010207,58.16652688,0.8756037423,148.5689544,6.505960464,297.9447327,0,93.25666046,9.999999747e-05,9.999999747e-05,68306.45312,14.12486935,3.958987958
115,318.1959963,71.65456992,25.93133871,57.36985766,0.8591310972,148.5458443,6.507247448,297.9733887,0,91.38826752,9.999999747e-05,11.45190716,68311.3125,13.95029449,3.975061821
115.1999969,324.9947318,75.03241854,25.94632885,58.13279283,0.8817818342,164.9278521,6.50469017,297.9648743,0,89.01570892,7.866438389,1.145190716,68318.50781,14.15138626,4.032253566
115.4000015,318.1959963,71.29081804,26.0565515,58.00690303,0.8684348673,148.5458443,6.504079342,297.9521484,0,87.67205048,3.711760521,0.1145190746,68322.375,14.04979897,3.863672649
115.5999985,318.1959963,68.98036227,25.70521902,57.24866531,0.858700269,148.5458443,6.504680634,297.9332275,0,86.55421448,9.999999747e-05,0.01145190746,68325.25781,13.99584293,3.72436953
115.8000031,318.1959963,70.76735213,25.76345364,58.20198988,0.8780984423,156.8665362,6.502961636,297.9608459,0,85.19798279,9.999999747e-05,15.83664703,68329.99219,14.17256641,3.753211793
116,318.1959963,70.28921265,26.15642937,58.02089515,0.8660698932,148.5458443,6.501331806,297.9462585,0,84.540802,7.15798521,1.583664656,68332.84375,14.03988171,3.775983193
116.1999969,318.1959963,75.63070765,25.7514339,57.82237226,0.8664808434,155.6628755,6.496659756,298.0233765,0,84.52800751,2.147395611,29.17855453,68338.53125,13.99611187,3.937456626
116.4000015,318.1959963,69.84408319,26.01634471,56.89723499,0.8662868805,148.5458443,6.496778011,297.9966125,0,86.39428711,26.84998131,2.917855501,68341.53125,14.03802967,3.715881871
116.5999985,318.1959963,75.58040121,25.99292574,57.74452032,0.8651418252,148.5458443,6.494553089,297.9812317,0,88.18772888,17.91309738,0.2917855382,68346.57031,13.964324,3.971881762
116.8000031,318.1959963,72.13553674,25.77636602,57.16450531,0.8677613673,157.6751283,6.49642849,297.9573669,0,90.89414978,12.67964268,0.02917855419,68353.09375,14.05321693,3.863056108
117,318.1959963,71.28297972,25.923008,57.33270928,0.8570324331,148.5458443,6.499959946,297.9433289,0,92.82942963,3.854892969,0.00291785528,68358.03906,13.9481411,3.912181797
117.1999969,318.1959963,73.24608084,25.81899748,58.53253659,0.876345262,148.5458443,6.501877308,297.9713745,0,93.3598175,1.156467915,13.42452049,68363.5625,14.11667633,3.931215155
117.4000015,318.1959963,71.25071997,25.86696305,57.56849214,0.8581634165,148.5458443,6.504951,297.9563599,0,93.13391876,8.805236816,1.342452049,68368.53125,13.9675827,3.878576324
117.5999985,318.1959963,76.57704757,25.9221205,58.00892488,0.8676160682,152.1639978,6.503564835,297.9515076,0,91.66950989,2.340077162,0.1342452019,68375.47656,13.98282623,4.094436726
117.8000031,318.1959963,69.26804767,25.71149713,58.42180357,0.8697674849,148.5458443,6.506976128,297.9310608,0,90.77793121,9.999999747e-05,0.01342452038,68379.38281,14.11096382,3.779414547
118,318.1959963,71.00238542,25.87311662,57.56530034,0.8576895846,148.5458443,6.507958889,297.9727783,0,88.49181366,9.999999747e-05,18.71826553,68383.375,13.95470524,3.876463034
118.1999969,318.1959963,74.01235185,25.7474393,57.54823678,0.863320024,156.1768932,6.505452633,297.9598083,0,85.83596039,11.96893311,1.87182653,68389.15625,13.98041344,3.944202551
118.4000015,318.1959963,70.39685256,25.87385447,57.6421298,0.8684973516,148.5458443,6.504778862,297.9399109,0,84.18630981,6.160023689,0.18718265,68392.03125,14.05256844,3.805508213
118.5999985,318.1959963,71.21135983,25.71667679,57.58935523,0.8620213824,148.5458443,6.503385067,297.9873047,0,82.78890991,1.848007202,20.90180969,68394.86719,13.98299599,3.853264102
118.8000031,318.1959963,74.42276128,25.92154102,57.86436341,0.8632905881,148.5458443,6.499356747,297.9788513,0,81.95735931,16.08707237,2.090181112,68398.45312,13.94636822,3.977903663
119,318.1959963,70.07256279,25.9189537,57.97501155,0.871888839,148.5458443,6.499390125,297.9587708,0,82.74336243,12.34376335,0.2090181112,68401.04688,14.07957554,3.845845773
119.1999969,318.1959963,75.09431085,25.95768572,57.64105169,0.8707226425,161.3938683,6.496546745,297.9485168,0,83.4942627,4.686065674,0.02090181038,68407.90625,14.01974773,4.070405116
119.4000015,318.1959963,73.85414748,26.16939116,58.38006605,0.8732369236,148.5458443,6.495040894,297.9756165,0,85.40501404,1.405819774,13.03318691,68412.07812,14.05403996,3.940210114
119.5999985,318.1959963,74.74255345,25.96614497,57.55409069,0.8630776048,148.5458443,6.494186401,297.9606018,0,87.90449524,8.897105217,1.303318739,68416.90625,13.95707512,3.911277251
119.8000031,318.1959963,74.19389405,26.19159072,57.41108115,0.8644972777,148.5458443,6.495362759,297.9469604,0,90.74785614,2.597218752,0.1303318739,68422.30469,13.96520042,3.964220816
120,318.1959963,68.74984932,26.02603312,57.10037925,0.8532295458,148.5458443,6.501247883,297.9613037,0,93.11608887,0.7791656256,13.54504395,68426.625,13.95043564,3.745315447
120.1999969,318.1959963,74.84561801,25.84472187,57.11752397,0.8694919911,158.1383503,6.502740383,297.947113,0,93.12139893,3.839060545,1.354504466,68434.625,14.0276947,3.993986408
120.4000015,318.1959963,71.99404713,26.0074672,57.94074093,0.8606774237,148.5458443,6.505485535,297.9928589,0,92.55922699,1.15171814,22.25970268,68439.69531,13.98682022,3.853077436
120.5999985,318.1959963,73.06979111,26.236731,58.09448087,0.8758570831,148.5458443,6.506599426,297.9781799,0,90.88083649,15.06593609,2.225970268,68444.82031,14.08685589,3.946449573
120.8000031,318.1959963,71.60779544,26.04163623,57.3453603,0.8643827965,153.6499041,6.507530212,297.9508057,0,88.76617432,9.387456894,0.2225970179,68450.03125,14.01610279,3.821713833
121,318.1959963,71.52247497,25.76777231,57.11645075,0.8656449388,156.8457507,6.507571697,297.9254761,0,86.27462769,9.999999747e-05,0.02225970291,68455.30469,14.03499603,3.798988671
121.1999969,318.1959963,75.12667481,25.96003661,58.28449024,0.8718068524,152.6833062,6.503911972,297.9578857,0,83.76879883,9.999999747e-05,15.65355206,68460.25781,14.03924561,3.951524814
121.4000015,318.1959963,73.432315,26.16501605,57.39806812,0.861158599,148.5458443,6.500975609,297.9414673,0,82.73621368,8.573466301,1.565355182,68463.67969,13.94004345,3.875030227
121.5999985,318.1959963,69.9136102,25.77759075,57.55738138,0.8614684916,148.5458443,6.5014081,298.0149841,0,82.86396027,2.572040081,33.29642487,68466.10156,14.00347328,3.734974023
121.8000031,318.1959963,71.48120883,25.8389084,57.40746787,0.8639038445,151.3945421,6.500939369,297.9920349,0,82.80984497,25.86446953,3.329642534,68469.57031,14.00075722,3.82379305
122,318.1959963,69.85141431,25.77416919,57.14639405,0.8600303359,148.5458443,6.501576424,297.958374,0,82.95697784,17.95558167,0.3329642415,68471.97656,13.9848814,3.725426291
122.1999969,318.1959963,72.46247183,26.14153655,57.70038436,0.8591901475,148.5458443,6.499540329,297.9325256,0,82.84281158,6.217942715,0.0332964249,68475.07031,13.94829941,3.788011689
122.4000015,318.1959963,71.50227401,25.76231957,57.84472681,0.8575916624,148.5458443,6.499238968,297.9627991,0,83.55535889,1.86538291,19.05700302,68478,13.96177864,3.740920447
122.5999985,318.1959963,74.87402144,26.02261658,57.45220645,0.8574130271,148.5458443,6.497226238,297.9467468,0,84.37415314,9.972956657,1.905700326,68482.13281,13.89594936,3.916978725
122.8000031,318.1959963,71.28592143,25.93045588,58.11722156,0.8687033964,148.5458443,6.498797894,298.0186157,0,86.00936127,2.991887093,33.01180649,68485.58594,14.05986404,3.775863466
123,318.1959963,69.04833617,25.9472607,57.49574105,0.8527356522,148.5458443,6.502046108,297.9833679,0,86.99856567,25.91797829,3.301180601,68488.57031,13.94898033,3.658140852
123.1999969,318.1959963,70.23750421,25.78104474,57.85629056,0.8672604083,148.5458443,6.504644871,297.9499512,0,86.69449615,13.90847206,0.3301180601,68491.875,14.06023884,3.746730394
123.4000015,318.1959963,71.39705721,25.84330369,57.59593684,0.8547495589,148.5458443,6.505737782,297.9995117,0,85.35843658,4.172541618,25.12926674,68495.27344,13.92525005,3.822261603
123.5999985,318.1959963,68.28654773,26.04992296,57.34064574,0.8600304722,148.5458443,6.507446766,297.9654846,0,83.58810425,19.64779282,2.512926579,68497.39062,14.0049715,3.650748852
123.8000031,318.1959963,73.56703919,25.77496631,57.92939685,0.8658734019,152.4723704,6.503907204,297.9352112,0,81.12730408,7.524469852,0.2512926757,68501.14844,14.01256657,3.776884644
124,318.1959963,71.78794194,25.96422469,57.80798011,0.8599507765,148.5458443,6.500932217,297.9672546,0,80.10150909,2.257340908,21.06340408,68503.39062,13.97173119,3.68314852
124.1999969,318.1959963,67.93676534,25.59262293,58.19813458,0.869661235,148.5458443,6.500184536,297.921875,0,80.24703217,11.10905361,2.106340408,68504.36719,14.13450909,3.411083724
124.4000015,318.1959963,71.78107059,25.7965215,58.660954,0.8783989457,148.5458443,6.497721195,298.0305481,0,80.68622589,3.332716227,48.36225891,68506.58594,14.15567684,3.616679885
124.5999985,318.1959963,69.1009896,25.98884484,56.86890028,0.84815308,148.5458443,6.496878147,297.9744873,0,82.12348938,38.23620224,4.836225986,68508.25,13.9093256,3.438367646
124.8000031,318.1959963,69.08254748,25.96911519,57.56245632,0.8553916725,148.5458443,6.496858597,297.9161377,0,83.88720703,19.23165512,0.4836225808,68510.24219,13.99108887,3.414106018
125,318.1959963,68.50495909,26.08135658,58.02081602,0.8723221724,148.5458443,6.498264313,297.98349,0,85.66122437,5.769496441,39.5069809,68512.44531,14.14953899,3.409027023
125.1999969,318.1959963,73.06590055,25.98859076,57.80938209,0.8740066847,155.4220048,6.497149467,297.9334106,0,86.87084198,26.29846573,3.950697899,68517.50781,14.12582493,3.556760653
125.4000015,318.1959963,68.47059954,25.99782901,57.49419286,0.8495634204,148.5458443,6.500683784,298.0943604,0,88.53914642,7.889539242,71.46880341,68520.28906,13.95594978,3.433888421
125.5999985,318.1959963,70.8802897,25.83757395,57.51239499,0.8552709152,148.5458443,6.50295496,298.0333862,0,88.77039337,61.29055023,7.14688015,68523.76562,13.97550488,3.535394925
125.8000031,318.1959963,70.84896609,25.79577423,58.27875958,0.8729016348,148.5458443,6.505156994,297.9687195,0,88.11233521,42.58803177,0.7146880031,68527.15625,14.1351757,3.56971983
126,318.1959963,78.16663056,26.01347589,58.84813356,0.8951895257,172.0694464,6.501516819,297.9231262,0,86.56949615,21.98678017,0.07146880031,68537.21875,14.28327656,3.898555696
126.1999969,318.1959963,68.94041498,26.06212964,57.22258903,0.8491647524,148.5458443,6.50421381,297.9798584,0,86.50172424,6.59603405,34.8710022,68539.85938,13.93567371,3.51226235
126.4000015,318.1959963,71.45740438,26.04077998,57.45712062,0.8589688617,148.5458443,6.504156113,297.9343872,0,85.31578827,23.62233353,3.487100124,68542.89844,13.99210358,3.565422828
126.5999985,318.1959963,70.24711872,25.80203548,57.67487618,0.8592961233,148.5458443,6.5047822,298.079071,0,84.18210602,7.086700439,64.55912018,68545.35156,14.01874638,3.51261709
126.8000031,318.1959963,74.04541476,25.95877693,57.87974585,0.8606632272,148.7409378,6.502302647,298.0308533,0,82.78696442,54.88673782,6.455912113,68548.67188,13.9741745,3.69127911
127,318.1959963,68.90850698,25.9088371,57.90629096,0.8707678121,148.5458443,6.503513336,297.9656067,0,82.39608002,40.12957001,0.6455911994,68550.49219,14.12739277,3.502296518
127.1999969,318.1959963,68.36240111,26.11079386,57.62774913,0.8673201053,148.5458443,6.50376606,297.9064026,0,81.49884796,19.1389637,0.06455912441,68551.95312,14.09910679,3.433577903
127.4000015,318.1959963,69.14135586,25.87004853,57.33580502,0.8587468036,148.5458443,6.50335741,297.9742126,0,80.51543427,5.741689205,39.30693054,68553.39062,14.01545334,3.45503453
127.5999985,318.1959963,70.42291947,25.89059768,58.13471289,0.8700720278,148.5458443,6.501882076,297.927063,0,79.69458008,26.06278229,3.930692911,68555.03125,14.10583496,3.517341875
127.8000031,318.1959963,68.27251888,25.9449813,57.50633147,0.8515588559,148.5458443,6.501885414,298.0887756,0,79.4653244,7.818834305,71.73261261,68556.02344,13.9651556,3.430068819
128,318.1959963,71.10670263,26.214562,56.96360657,0.86113376,148.5458443,6.499314785,298.0269775,0,79.22638702,61.22528458,7.173261166,68557.72656,13.99389648,3.515663979
128.1999969,318.1959963,73.68330297,25.84458506,57.96338714,0.8634851072,149.6328973,6.495754719,297.9581299,0,80.02888489,42.02088547,0.7173261046,68560.4375,14.01939869,3.562032064
128.3999939,318.1959963,68.63869907,25.67770439,58.12559928,0.8736767813,148.5458443,6.496936798,297.8904419,0,82.25045776,19.7478981,0.07173261046,68561.9375,14.18403625,3.334390443
128.6000061,318.1959963,75.41169268,26.1325325,57.39929192,0.8597701752,148.5458443,6.494364738,297.9800415,0,83.98043823,5.924369812,44.75725555,68565.76562,13.95633316,3.631049848
128.8000031,318.1959963,72.34132081,25.81404018,57.63224096,0.8626049154,152.0854314,6.495925903,297.9220886,0,86.76678467,33.23189926,4.475725651,68569.99219,14.0482502,3.506802219
129,318.1959963,72.321753,25.87764679,57.2702184,0.8542890823,148.5458443,6.497722626,298.1262207,0,88.90298462,9.969569206,88.58850861,68573.82031,13.97599506,3.430796449
129.1999969,318.1959963,70.41668871,25.74322191,57.32843199,0.8498666573,148.5458443,6.501209259,298.0335388,0,90.33310699,77.89815521,8.858851433,68577.32031,13.97533321,3.316382492
129.3999939,318.1959963,74.22810805,25.9000504,57.75164632,0.8624898644,150.6805203,6.501574516,297.9433899,0,90.36378479,49.12685394,0.8858851194,68582.32031,14.04663467,3.447742066
129.6000061,318.1959963,71.23101476,25.84947251,57.37623647,0.856062231,148.5458443,6.502719879,298.0589294,0,90.26399994,14.73805618,64.316185,68585.89062,14.03059006,3.2371769
129.8000031,318.1959963,76.47028083,25.8879569,57.51155593,0.8650149026,160.1685473,6.500000477,297.9705811,0,89.69351959,53.14745331,6.43161869,68593.125,14.07540035,3.41314929
130,318.1959963,69.80440015,25.95143213,57.0122088,0.8579796468,148.5458443,6.501619816,297.8824768,0,90.22594452,24.01522064,0.6431618333,68596.25,14.06338024,3.146855823
130.1999969,318.1959963,70.74906042,25.87804026,58.65326261,0.8853739554,152.3940906,6.501521587,297.9585571,0,90.08393097,7.204566002,51.86907578,68600.25781,14.33284378,3.101680195
130.3999939,318.1959963,71.31768926,25.74526488,57.55555395,0.8818207001,157.2146922,6.50099802,297.8703003,0,90.00072479,29.70701027,5.186907768,68605.32812,14.29590034,3.096637235
130.6000061,318.1959963,69.94002675,25.97760879,57.88287365,0.8745317593,148.5458443,6.499909878,298.0883789,0,90.12294769,8.912102699,101.1431732,68608.14844,14.24075603,2.969687116
130.8000031,318.1959963,71.71483186,26.17762102,58.79006519,0.8818160934,148.5458443,6.496458054,297.95047,0,90.68094635,79.94163513,10.11431694,68611.42969,14.30445766,2.952185321
131,318.1959963,69.40524189,26.12049722,57.00375632,0.8464686354,148.5458443,6.4974823,297.8435974,0,92.62554932,34.043396,1.011431694,68614.64062,13.99863815,2.968945663
131.1999969,318.1959963,72.11919374,25.92026474,57.79525565,0.8601110513,148.5458443,6.49790287,297.947113,0,94.13815308,10.21301842,62.91339493,68618.84375,14.10702991,3.05555779
131.3999939,318.1959963,70.83915148,25.77311993,57.11681564,0.8535637074,148.5458443,6.499796867,297.869751,0,95.49881744,3.063905478,9.999999747e-05,68622.92188,14.06424141,2.989138474
131.6000061,318.1959963,72.31183759,25.87100845,57.64805541,0.8591718566,148.5458443,6.498504162,298.0280457,0,96.0952301,0.9191716313,78.2048645,68627.34375,14.12011337,2.908659075
131.8000031,318.1959963,74.09695813,26.06566822,58.43842586,0.8877122166,159.5681621,6.496751785,297.9156799,0,97.22382355,51.22415543,7.820487022,68634.75781,14.38052654,2.982780981
132,318.1959963,72.0423224,25.92084107,57.62901613,0.8668978865,148.5458443,6.497300625,298.242981,0,99.04469299,15.36724663,141.3728638,68639.65625,14.200037,2.884418414
132.1999969,318.1959963,71.14291946,25.6950959,57.84151529,0.8739093445,148.5458443,6.500854492,298.0671387,0,100.6371231,125.9656525,14.13728714,68644.67188,14.27646542,2.903559692
132.3999939,318.1959963,76.55311524,25.97160599,58.03308683,0.864982964,151.5537108,6.501990795,297.9209595,0,100.8054047,71.95678711,1.413728714,68652.00781,14.13908577,3.19182967
132.6000061,318.1959963,71.70522634,25.90276913,58.20960698,0.8774633029,148.5458443,6.506089687,298.0852051,0,100.5368042,21.58703804,87.65611267,68657.375,14.29824829,3.011124627
132.8000031,318.1959963,73.47529784,25.95244556,56.75695134,0.8527014401,148.5458443,6.50843668,297.9585266,0,98.61114502,76.38931274,8.765611649,68662.875,14.03752041,3.097023581
133,318.1959963,71.34359022,26.15235245,57.6587705,0.8598314705,148.5458443,6.510790825,297.8526306,0,95.76182556,34.64582062,0.8765611649,68667.33594,14.12655354,3.05113447
133.1999969,318.1959963,76.61675689,26.18422807,58.72300755,0.8884186495,148.5458443,6.507800579,297.9646912,0,91.96533966,10.39374638,64.22193909,68672.46094,14.31974506,3.230588145
133.3999939,318.1959963,71.04983476,26.03002074,57.23451833,0.8508685496,148.5458443,6.506830692,297.8637085,0,89.38252258,44.32214355,6.422194004,68675.48438,14.04613495,2.969885108
133.6000061,318.1959963,70.6905242,25.81491462,57.47320619,0.8560632998,148.5458443,6.506100178,298.1627808,0,87.16390991,13.29664326,129.8846741,68677.96094,14.09749889,2.970495846
133.8000031,318.1959963,72.79190086,26.14001973,57.03246725,0.8525513021,148.5458443,6.503058434,298.0133667,0,85.24305725,112.1233215,12.98846722,68680.65625,14.02365971,3.066047672
134,318.1959963,68.22016315,25.80013486,58.58754965,0.8831754258,151.6433809,6.503171921,297.8797302,0,84.54734039,64.43662262,1.298846722,68682.60938,14.37888432,2.882945259
134.1999969,318.1959963,77.0654908,25.89072024,59.06308824,0.889112435,158.6072471,6.497292519,298.0589294,0,83.78851318,19.33098602,91.23212433,68688.22656,14.35439682,3.202529205
134.3999939,318.1959963,75.55610978,26.00800375,57.41383904,0.851278932,148.5458443,6.492886066,297.9299316,0,85.41107941,77.64474487,9.123212814,68691.65625,14.00923252,3.097544322
134.6000061,318.1959963,70.63402775,25.92907116,57.71974193,0.8591676518,148.5458443,6.492936134,298.3490601,0,88.77235413,23.2934227,175.1495361,68694.33594,14.15402222,2.853131105
134.8000031,318.1959963,72.56300414,25.86678996,56.97741163,0.8535262199,148.5458443,6.495160103,298.1555786,0,92.1036911,166.2277527,17.51495361,68698.27344,14.0739975,2.99604932
135,318.1959963,71.15730107,25.91744073,57.47395433,0.8540025446,148.5458443,6.499978065,297.9813538,0,94.55252838,109.4209824,1.751495361,68702.45312,14.10526943,2.998112027
135.1999969,318.1959963,73.16248322,25.9711943,57.09828435,0.8554242106,153.2303684,6.503446579,297.8538818,0,95.07256317,56.60149384,0.1751495302,68708.29688,14.10149097,3.082170789
135.3999939,318.1959963,77.37046926,25.93768655,57.91703921,0.8635425712,152.5397019,6.503261089,298.0029297,0,94.21795654,16.98044777,80.50881958,68714.89844,14.14208698,3.196881837
135.6000061,318.1959963,73.34700728,26.19856727,57.5307446,0.8562573701,148.5458443,6.504862785,297.8890381,0,93.44527435,63.88053894,8.050882339,68719.44531,14.10578346,3.036497599
135.8000031,318.1959963,70.64527011,25.84626119,57.40321537,0.8649161439,148.5458443,6.508235931,298.2634888,0,92.01434326,19.16416168,157.5114441,68722.89062,14.21453381,2.917309191
136,318.1959963,76.6376386,25.80887498,57.53937538,0.8735675323,166.5691863,6.50642252,298.0903931,0,89.23410797,145.0439911,15.75114346,68731.04688,14.26446724,3.138641319
136.1999969,318.1959963,70.34120146,25.73262053,57.97449692,0.8781991442,154.399992,6.506972313,297.9256897,0,87.20182037,92.39842987,1.575114369,68734.53125,14.36119938,2.835308442
136.3999939,318.1959963,67.99682241,25.81434701,58.02804544,0.8714454103,148.5458443,6.507790089,298.15979,0,84.92530823,27.7195282,113.3999939,68735.6875,14.31443501,2.730777861
136.6000061,318.1959963,74.4747616,26.07285477,58.01476529,0.8698068444,148.5458443,6.502751827,298.0044556,0,82.32839203,106.9303131,11.3399992,68738.04688,14.22013092,2.960064857
136.8000031,318.1959963,74.91235254,25.93504422,57.48562147,0.8624760262,148.5458443,6.497431755,297.8718262,0,81.76682281,57.57912064,1.133999944,68740.41406,14.15166664,2.952495889
137,318.1959963,74.19456543,25.95873145,57.87392249,0.8637735937,148.5458443,6.492507935,298.028656,0,83.31546021,17.27373695,84.17668152,68742.78125,14.19305992,2.834198618
137.1999969,318.1959963,70.28726242,25.7950376,57.38943629,0.8645856009,148.5458443,6.491220474,297.8987732,0,86.83138275,67.56946564,8.417668343,68744.71094,14.25454617,2.616496647
137.3999939,318.1959963,71.69936181,26.115292,57.64110612,0.8555209919,148.5458443,6.491726398,298.2929688,0,90.85170746,20.27083969,165.9818878,68747.89844,14.16897869,2.711190899
137.6000061,318.1959963,69.19047787,25.96186531,56.57520595,0.8467932661,148.5458443,6.495347023,298.0838318,0,94.67539215,153.4403381,16.5981884,68751.08594,14.12261581,2.575664138
137.8000031,318.1959963,70.09066659,25.90607962,57.06522152,0.8582482699,156.117554,6.499856472,297.9110413,0,97.04629517,89.31929016,1.659818888,68756.60938,14.24570847,2.629846715
138,318.1959963,70.34400687,25.7803941,58.5280366,0.8713942676,148.5458443,6.504911423,298.1234741,0,97.62054443,26.7957859,106.6599579,68760.73438,14.36749077,2.641913114
138.1999969,318.1959963,72.27866405,25.85339588,57.42772983,0.8643315374,148.5458443,6.506888866,297.9634705,0,96.1738205,98.03961945,10.6659956,68765,14.27252769,2.653130326
138.3999939,318.1959963,74.01292526,25.83376488,58.65059815,0.8900819712,162.3327592,6.507000446,297.8385315,0,93.94792175,45.87535858,1.066599607,68772.14844,14.52426529,2.731524429
138.6000061,318.1959963,70.12712296,25.75814172,57.13293605,0.8562939281,148.5458443,6.509617805,297.9750366,0,91.67366791,13.76260757,75.65059662,68775.01562,14.21944523,2.622312296
138.8000031,318.1959963,78.74440772,25.94746149,57.69370999,0.8718379548,164.3769889,6.50433588,297.857666,0,88.33831024,55.7457962,7.565059662,68782.71875,14.30565643,2.899537686
139,318.1959963,68.82112688,25.73483604,57.85925468,0.8746793741,148.5458443,6.505797863,298.2205811,0,87.14958954,16.72373772,153.5555267,68784.25,14.4039011,2.527666933
139.1999969,318.1959963,70.67345906,25.90590655,56.77321048,0.8458080039,148.5458443,6.504393578,298.0272217,0,85.3286972,137.4693604,15.35555267,68785.84375,14.12305641,2.543014544
139.3999939,318.1959963,70.30714318,25.96066715,58.41440609,0.878957711,148.5458443,6.501601696,297.8632507,0,84.10048676,76.3078537,1.535555243,68787.07031,14.43852901,2.470466382
139.6000061,318.1959963,71.18417312,25.97716044,57.51937729,0.8659503677,150.6359111,6.498209476,298.0714722,0,83.98451233,22.89235497,104.5093689,68788.90625,14.31670475,2.472357331
139.8000031,318.1959963,69.58627008,25.91279984,57.18982376,0.8473236136,148.5458443,6.497094631,297.915802,0,85.22283173,90.83090973,10.45093727,68790.14062,14.17391872,2.415734451
140,318.1959963,70.02810848,25.83998037,57.54578315,0.8529612031,148.5458443,6.496825218,298.4176941,0,86.89778137,27.2492733,206.4278259,68791.75781,14.23440552,2.402932552
140.1999969,318.1959963,72.67568856,25.92203101,56.89174289,0.8467029997,148.5458443,6.496921539,298.1608276,0,88.68502808,198.409256,20.64278412,68794.48438,14.14516544,2.540333471
140.3999939,318.1959963,73.89998178,25.9566094,57.37683166,0.8613936717,153.2729096,6.496864319,297.944458,0,90.43532562,121.6980972,2.064278364,68798.92969,14.28587914,2.577633674
140.6000061,318.1959963,71.42885871,26.03209358,58.48534501,0.8840031843,148.5458443,6.498810768,298.2208862,0,92.2101059,36.50942993,133.5131531,68802.08594,14.51802921,2.453037126
140.8000031,318.1959963,74.52333174,25.94652624,57.67226182,0.8608261143,148.5458443,6.498069763,298.0126953,0,93.1992569,131.4182739,13.35131454,68806.14062,14.29706192,2.465807584
141,318.1959963,73.70551298,25.88882013,57.03507715,0.8511999254,148.5458443,6.498233795,297.8560181,0,94.50003815,65.80161285,1.335131526,68810.25781,14.22556496,2.412055832
141.1999969,318.1959963,71.87707843,26.24166453,56.84044637,0.859464363,148.5458443,6.499795437,298.0228882,0,95.72357941,19.74048424,89.55577087,68814.19531,14.30889988,2.352816057
141.3999939,318.1959963,71.91188991,25.8627585,57.98286952,0.8728809617,148.5458443,6.502614498,297.8812561,0,96.32077026,73.09125519,8.955576897,68818.21094,14.45482349,2.339884453
141.6000061,318.1959963,71.88059197,26.02389681,57.95646172,0.8632136415,148.5458443,6.505109787,298.3148193,0,95.79067993,21.9273777,181.0590363,68822.07031,14.37514877,2.323587045
141.8000031,318.1959963,75.24478115,25.7842551,57.44435333,0.8511373676,148.5458443,6.506383896,298.0809326,0,94.26757812,168.1219177,18.10590363,68826.50781,14.23505688,2.472414107
142,318.1959963,71.50963399,25.92549068,56.70216264,0.8530546272,148.7112462,6.508606911,297.8919067,0,92.23790741,95.98662567,1.810590386,68829.63281,14.27477741,2.325111386
142.1999969,318.1959963,70.38139129,25.77040974,57.72445605,0.8670625942,149.1123612,6.508625984,298.1234436,0,89.31201172,28.79598618,115.8381729,68831.78125,14.4334259,2.161118877
142.3999939,318.1959963,69.74395077,25.9457233,56.6728345,0.8436549855,148.5458443,6.507053852,297.9375916,0,86.38868713,106.0337219,11.58381748,68833,14.2224741,2.095075097
142.6000061,318.1959963,70.53806293,25.87125903,57.18351147,0.8585179098,148.5458443,6.503906727,298.5031128,0,84.09228516,31.81011581,232.1410065,68833.82031,14.35372353,2.062089543
142.8000031,318.1959963,67.86711764,26.18260003,56.09097399,0.8333337499,148.5458443,6.502151966,298.1759949,0,83.05490875,225.963028,23.21409988,68833.73438,14.14437103,1.975337364
143,318.1959963,69.75172654,26.08515138,56.70003024,0.8560791277,148.5458443,6.499228477,297.9290161,0,82.7098999,127.7322159,2.321409941,68834.11719,14.33572006,2.022611567
143.1999969,318.1959963,68.12444748,25.89432436,58.26866321,0.8737358045,148.5458443,6.498204708,298.1994629,0,83.54251862,38.319664,134.237381,68834.17969,14.53804398,1.937810141
143.3999939,318.1959963,68.07210328,25.66092071,56.74279448,0.8449278974,148.5458443,6.496847153,297.9727478,0,84.77462006,130.8149414,13.42373848,68834.32031,14.29425907,1.832693704
143.6000061,318.1959963,72.17669834,25.81911775,57.39051214,0.8518154953,148.5458443,6.494095325,297.8184509,0,86.55693817,58.04805756,1.342373848,68835.96875,14.33185959,1.979374621
143.8000031,318.1959963,79.49221079,26.08897222,57.69741833,0.8763136738,162.6253459,6.488067627,297.9685974,0,89.44348145,17.41441727,83.96320343,68843.03125,14.52303219,2.21185189
144,318.1959963,73.84393022,25.89293962,57.34077354,0.8531218222,148.5458443,6.489190102,297.8291931,0,94.74733734,63.5631485,8.396320343,68846.84375,14.36052132,2.035551896
144.1999969,318.1959963,77.84523454,26.06408164,57.88812231,0.8622584002,149.5443577,6.48893261,298.2519531,0,99.56835175,19.06894493,177.0879669,68852.82031,14.43468285,2.098115754
144.3999939,318.1959963,74.13494353,26.10287381,57.69579242,0.8673669049,148.5458443,6.491401196,297.9819031,0,104.5197067,159.5625,17.70879745,68858.53125,14.52881622,1.879860315
144.6000061,318.1959963,71.30126715,25.82129748,58.47188185,0.8730188154,148.5458443,6.496313095,297.8008728,0,108.4703598,72.67366791,1.770879626,68864.30469,14.61894608,1.768723851
144.8000031,318.1959963,71.1005472,26.16045579,56.99651011,0.8416746444,148.5458443,6.500934601,297.9894409,0,110.4568405,21.80210114,99.29649353,68870.45312,14.32162285,1.81682524
145,318.1959963,76.09938445,26.16641821,57.07880372,0.8499131608,148.5458443,6.501725674,297.8174438,0,110.6034927,80.74600983,9.929649353,68877.89062,14.34072781,2.009567869
145.1999969,318.1959963,76.27652607,25.9753147,57.66690662,0.8540886464,148.5458443,6.501861095,298.3443909,0,110.4454193,24.22380257,215.9876251,68885.23438,14.37994957,2.020816331
145.3999939,318.1959963,74.34476484,25.89513504,57.59867996,0.8689086078,148.5458443,6.502270699,298.007019,0,110.2231522,200.4559479,21.59876251,68891.97656,14.51073647,1.964624418
145.6000061,318.1959963,79.21067447,26.02555461,57.16777332,0.8522788281,149.155293,6.498876095,297.7883911,0,109.8339005,93.02550507,2.159876347,68900.11719,14.31537819,2.181157782
145.8000031,318.1959963,73.19401698,25.97933134,58.5210856,0.8795244006,148.5458443,6.50017786,298.0182495,0,110.8158646,27.9076519,116.5883179,68906.85156,14.60170937,2.055163774
146,318.1959963,74.97566429,26.09176037,57.02543683,0.8485102229,148.5458443,6.500005722,297.8196106,0,111.2496185,100.9156876,11.6588316,68914.16406,14.29437256,2.156132773
146.1999969,318.1959963,74.4409809,26.07044881,57.22381897,0.8519037297,148.5458443,6.499811649,298.4481506,0,111.772049,30.27470779,254.0598907,68921.38281,14.32541275,2.150025046
146.3999939,318.1959963,74.08353755,25.94948512,57.81904764,0.8671684849,148.5458443,6.500110149,298.0590515,0,112.3674393,241.8487091,25.40598869,68928.60156,14.46007538,2.168071339
146.6000061,318.1959963,72.20076204,26.26855519,57.96465392,0.8712457612,148.5458443,6.503694057,297.815918,0,112.8417511,119.6982422,2.540598869,68935.75781,14.48837376,2.292487029
146.8000031,318.1959963,75.70937988,26.18446665,57.1443596,0.8508187123,148.5458443,6.50366497,298.0808105,0,111.8734131,35.90947342,132.1676941,68943.60156,14.27117443,2.418611331
147,318.1959963,76.90899736,26.01750296,57.12301103,0.8509129745,148.5458443,6.500103951,297.8503418,0,110.9390564,122.2104263,13.21676922,68951.4375,14.26492119,2.380154182
147.1999969,318.1959963,80.41363038,26.12711683,57.1811402,0.8656900705,160.1084213,6.493817806,298.5627747,0,111.4290924,36.6631279,287.4997559,68962.57812,14.38774395,2.499084233
147.3999939,318.1959963,73.44007327,26.3728073,55.76043075,0.8324650259,148.5458443,6.492776394,298.1156311,0,114.4311905,278.5703735,28.7499752,68970.21875,14.10502148,2.308263677
147.6000061,318.1959963,75.26248837,26.24314497,56.84550823,0.8543242744,149.7552506,6.491476059,297.8240967,0,117.8238449,140.0674438,2.874997616,68979.375,14.29917431,2.410628583
147.8000031,318.1959963,79.20155759,26.15779952,58.60671783,0.8835069326,154.2976594,6.490775108,298.1322327,0,121.7543488,42.02023315,150.9311523,68991.36719,14.55405235,2.649657292
148,318.1959963,76.79521421,26.09148674,56.50211344,0.8629844162,158.3207441,6.49248457,297.8768005,0,125.9623489,143.926712,15.09311485,69004.42188,14.38422298,2.578112864
148.1999969,318.1959963,82.04578495,26.38973393,57.40830197,0.8742479157,160.581112,6.490605354,298.6785583,0,129.4806213,43.17801666,322.2475586,69019.92188,14.46221924,2.755866482
148.3999939,318.1959963,80.91522535,26.1132612,57.33046859,0.8735359526,152.9856241,6.490413189,298.1685181,0,133.7702026,317.0805054,32.22475815,69034.35156,14.45871162,2.693563498
148.6000061,318.1959963,74.98903039,25.81705294,56.04304977,0.8401869763,154.9906135,6.491048336,297.8272705,0,138.1195374,160.5490265,3.222475529,69048.48438,14.2297039,2.37756865
148.8000031,318.1959963,81.12412155,26.49127064,57.01807671,0.8622348915,152.1799655,6.486567497,298.170929,0,142.2174835,48.16470718,169.954361,69064.46875,14.37398624,2.600095343
149,318.1959963,82.17698824,26.34988235,56.15066743,0.853410813,148.5458443,6.478540897,297.8377075,0,148.1272736,162.8040771,16.99543571,69080.97656,14.29439831,2.504649346
149.1999969,318.1959963,82.18198038,26.72255141,57.54945256,0.867621827,149.3772863,6.473484039,298.7885742,0,157.2428131,48.84122467,381.133606,69099.49219,14.44486237,2.565954063
149.3999939,318.1959963,82.18198038,26.89517587,55.5386884,0.8402857889,148.5458443,6.469606876,298.0989075,0,168.3601532,373.2972717,38.11335754,69120.04688,14.20257092,2.561766147
149.6000061,318.1959963,80.94683053,26.44539738,56.91434088,0.8605651207,153.9435134,6.471055508,297.7425537,0,181.0339813,157.8033447,3.81133604,69144.10938,14.44735432,2.58784917
149.8000031,318.1959963,79.34703093,26.34190932,56.96829622,0.8611248814,152.3452648,6.473739147,298.0067444,0,193.1146851,47.34100342,143.7786865,69169.82031,14.49056721,2.50387352
150,318.1959963,82.18198038,26.67924842,57.15833677,0.8635934106,148.5458443,6.477620602,297.7290039,0,204.1348114,131.502121,14.37786865,69197.78125,14.49911308,2.673737633
150.1999969,318.1959963,82.18198038,26.86376669,56.2994726,0.8819806556,151.6033831,6.479329586,298.5641479,0,213.6023407,39.45063782,335.0713806,69228.125,14.66803741,2.615174445
150.3999939,318.1959963,82.18198038,28.29863267,55.73427296,0.8961708745,148.5458443,6.47986412,297.9517517,0,222.3973236,319.5007324,33.50714111,69259.8125,14.75505257,2.712762408
150.6000061,318.1959963,82.18198038,26.9616333,57.62913319,0.8805495046,148.5458443,6.482684612,297.650238,0,225,123.1149979,3.350713968,69291.94531,14.68635941,2.681836887
150.8000031,318.1959963,82.18198038,26.62840525,58.88119057,0.9007192099,154.5448918,6.483519077,297.8926086,0,225,36.93449783,130.4297791,69325.1875,14.89487648,2.639790807
151,318.1959963,82.18198038,27.65722292,57.9806471,0.9267182094,148.5458443,6.485042095,297.7973328,0,225,11.08034992,9.999999747e-05,69357.39062,15.05382156,2.772754524
151.1999969,318.1959963,82.18198038,26.76668785,57.86775031,0.8834095008,151.2695618,6.490956306,298.1329346,0,225,3.324104786,140.7939606,69390.05469,14.71157837,2.804694924
151.3999939,318.1959963,82.18198038,27.86539096,58.0171558,0.93779795,148.5458443,6.494168282,297.8858032,0,225,112.2214966,14.07939529,69422.32031,15.13325024,2.878581605
151.6000061,318.1959963,82.18198038,27.82647965,58.15768593,0.9295844142,148.5458443,6.493742943,298.6022644,0,225,33.6664505,293.0953064,69454.4375,15.07188034,2.807085091
151.8000031,318.1959963,82.18198038,28.02779248,55.83826453,0.8963443343,148.5458443,6.49898386,298.0853577,0,225,278.412323,29.30953026,69486.73438,14.74297428,2.968977761
152,318.6747221,82.18198038,26.39678468,58.74789487,0.8987346982,159.2146205,6.502138615,297.795929,0,225,117.2935867,2.930953026,69520.89844,14.87392807,2.818263252
152.1999969,318.1959963,82.18198038,27.77744242,57.28003937,0.9128821117,148.5458443,6.506959438,297.9991455,0,224.6709747,35.18807602,115.7097549,69553.28906,14.90529156,3.020747431
152.3999939,318.1959963,82.18198038,27.64153704,56.70672479,0.9044872296,148.5458443,6.508612156,297.7714539,0,222.401535,99.81208801,11.5709753,69585.15625,14.82598495,2.972104885
152.6000061,318.1959963,82.18198038,27.72138995,56.90433091,0.9103241802,148.5458443,6.509614944,298.4167786,0,219.4866638,29.9436264,264.6231689,69616.39844,14.8680563,2.984470857
152.8000031,318.1959963,82.18198038,28.06537271,57.84191498,0.942253986,148.5458443,6.510849953,297.9569092,0,216.162674,245.7158813,26.46231842,69647.07031,15.12813473,3.053992454
153,318.1959963,82.18198038,27.45347081,55.75333115,0.8863271437,148.5458443,6.516283512,297.7191162,0,212.3417816,97.84571838,2.64623189,69677.13281,14.62439537,3.169332459
153.1999969,318.1959963,82.18198038,27.52060928,56.96273972,0.9047865507,148.5458443,6.520246029,297.9206543,0,206.334549,29.3537159,110.3807297,69706.03125,14.78037357,3.199874364
153.3999939,318.1959963,82.18198038,27.2351802,56.16275882,0.8946130456,155.5997191,6.52443552,297.8315125,0,198.7605438,8.80611515,9.999999747e-05,69734.85938,14.68363857,3.250395979
153.6000061,318.1959963,81.69986805,26.51826759,58.29776384,0.8885807066,161.437886,6.526455402,298.1040955,0,189.5052185,2.641834497,119.6195068,69762.70312,14.68182945,3.163193121
153.8000031,318.1959963,78.77692742,26.66914725,57.293119,0.8645245955,148.5458443,6.530408382,297.9142456,0,179.4498291,91.03705597,11.9619503,69785.24219,14.41927147,3.174760457
154,318.1959963,82.18198038,27.06291089,57.50762438,0.895931666,153.3672022,6.530226707,298.4751892,0,167.799881,27.31111717,233.3020935,69807.35938,14.63381386,3.385100404
154.1999969,318.1959963,80.19115492,26.49674626,56.29581649,0.8483947251,148.5458443,6.529247761,298.1121521,0,156.2424469,219.047821,23.33020782,69825.53125,14.20159626,3.296583711
154.3999939,318.1959963,82.18198038,26.42324461,56.76021272,0.8734006854,159.9193675,6.523025513,297.8700562,0,145.0659485,107.4112015,2.333020926,69844.33594,14.40893555,3.356559382
154.6000061,318.1959963,79.34598515,26.46712481,57.23567782,0.8694114865,148.5458443,6.514605522,298.0806885,0,136.3930664,32.22336197,115.2665405,69858.25781,14.35709667,3.199733903
154.8000031,318.1959963,79.98709168,26.19452071,58.20056444,0.8856483385,156.2115412,6.505883694,297.8732605,0,131.0786133,101.8301468,11.52665424,69872.83594,14.5134325,3.242974909
155,318.1959963,81.29516641,26.19021305,59.13092145,0.9055846761,172.7959963,6.497017384,298.4538574,0,129.2468414,30.54904366,242.0641632,69890.76562,14.72302914,3.312439634
155.1999969,318.1959963,76.99611657,26.69741759,55.99342404,0.8369741706,148.5458443,6.491053581,298.074585,0,130.9611206,227.6614685,24.20641518,69903.01562,14.06086349,3.185979732
155.3999939,318.1959963,81.02509537,26.33922916,57.30841372,0.8608286818,150.833888,6.484554768,297.8293457,0,135.0508881,109.4811325,2.420641661,69917.64062,14.27759266,3.325356926
155.6000061,318.1959963,79.17405879,26.16162944,57.47258363,0.8503111115,148.7791992,6.482840538,298.062439,0,141.751236,32.84433746,122.3713531,69932.77344,14.21614552,3.301866793
155.8000031,318.1959963,80.9149107,26.34595204,58.35977981,0.8876543174,148.5458443,6.482773781,297.8530884,0,149.1198578,108.7005234,12.23713493,69949.85938,14.54043865,3.404880404
156,318.1959963,79.78684904,26.28455608,56.13251277,0.8629862979,160.0343817,6.485492706,298.4812622,0,156.525177,32.61015701,259.1561584,69970.45312,14.35249424,3.355859217
156.1999969,318.1959963,82.18198038,26.87012599,56.43207196,0.8614985137,148.5458443,6.48774004,298.0860291,0,162.8390045,245.3896179,25.91561508,69990.64062,14.30270195,3.473761209
156.3999939,318.1959963,82.18198038,27.23547801,56.60958683,0.862010829,148.5458443,6.487730503,297.8163452,0,168.2642365,122.3685684,2.591561556,70011.98438,14.32022858,3.418881924
156.6000061,318.1959963,82.11308791,26.39201831,57.51501528,0.8633504523,148.5458443,6.488336563,298.0936584,0,173.699173,36.71057129,141.1890564,70034.1875,14.3812809,3.308103387
156.8000031,318.1959963,82.18198038,26.93168736,56.24699735,0.8835035325,156.6562318,6.488741398,297.8417664,0,178.8824615,127.5171738,14.11890507,70059.17969,14.54814243,3.328573906
157,318.1959963,82.18198038,27.04090768,57.43972616,0.8843727295,149.7051547,6.491443157,298.5845642,0,183.906601,38.25515366,304.0557251,70083.72656,14.56669521,3.362292881
157.1999969,318.1959963,82.18198038,26.38871444,56.88463556,0.848027699,148.5458443,6.497570038,298.1112671,0,187.8417969,290.4745483,30.40557289,70108.73438,14.27001476,3.380317937
157.3999939,318.1959963,82.18198038,27.3925582,57.08695724,0.8985080151,152.6467607,6.501810551,297.8085938,0,189.3223877,143.5317078,3.040557384,70135.15625,14.68533516,3.458503106
157.6000061,318.1959963,79.87553097,26.06254781,57.26984665,0.8540431534,156.0504164,6.50709486,298.1134338,0,189.1238403,43.05951309,154.2886963,70161.34375,14.37274933,3.250928951
157.8000031,318.1959963,82.18198038,27.4843165,56.10835995,0.8853146385,148.5458443,6.510614872,297.849823,0,186.802124,143.3259125,15.42886925,70186.40625,14.53940773,3.49547756
158,318.1959963,82.18198038,26.915107,56.54328759,0.8846410519,155.3076542,6.512986183,298.6544495,0,183.0814667,42.99777222,328.6549377,70211.875,14.56430149,3.425571576
158.1999969,318.1959963,82.18198038,26.96311143,56.40985863,0.877990986,148.5458443,6.516836643,298.1629639,0,178.4104462,316.9379272,32.86549377,70235.07812,14.47097492,3.522229184
158.3999939,318.1959963,82.18198038,26.21956262,58.60524932,0.8980155491,164.6158619,6.51795435,297.8304749,0,172.1907196,165.8789978,3.286549568,70260.25781,14.71853542,3.446129335
158.6000061,318.1959963,79.37212806,26.01620578,56.90289824,0.8631724091,165.2681987,6.518873692,298.1904907,0,165.5376282,49.76369858,176.6564789,70283.42969,14.41208744,3.325678134
158.8000031,318.1959963,82.18198038,27.17800409,56.24545331,0.8623631112,148.5458443,6.515526295,297.8933411,0,158.5086212,170.1096191,17.66564751,70302.6875,14.29236984,3.517732519
159,318.1959963,82.18198038,26.53874166,56.81108992,0.8831251844,164.6256598,6.515119553,298.8078918,0,152.8321228,51.03288651,370.5918884,70324.0625,14.50922394,3.601229967
159.1999969,318.1959963,79.03240374,25.81377566,56.2022939,0.8374506136,148.5458443,6.514666557,298.2639465,0,147.2949677,364.7810669,37.05918884,70339.96094,14.10576916,3.380734292
159.3999939,318.1959963,81.65979568,26.39210884,56.45568796,0.8706238507,163.5320506,6.513124466,297.9099731,0,141.9485474,200.5549469,3.705919027,70358.95312,14.37300682,3.660426929
159.6000061,318.1959963,78.48980293,26.25887615,57.43967005,0.8769720216,162.2487493,6.511496544,298.2949219,0,137.2223206,60.16648483,188.7663727,70375.85156,14.45824528,3.508817095
159.8000031,318.1959963,80.78630614,26.1988706,58.63734577,0.8953240829,154.0355159,6.508709431,298.000061,0,133.144043,192.2563934,18.87663651,70390.89062,14.58563423,3.63581513
160,318.1959963,78.16117816,26.64427657,56.44077143,0.854107868,148.5458443,6.507204056,297.7974243,0,130.1842804,98.70163727,1.887663722,70403.77344,14.18877316,3.635739548
160.1999969,318.1959963,80.69594069,26.17195236,57.53629119,0.8658480118,154.0048819,6.5022192,298.0492859,0,127.8187485,29.6104908,126.2919998,70417.78906,14.31198502,3.606764339
160.3999939,318.1959963,77.21547915,26.52730528,57.17458282,0.8646132892,148.5458443,6.501028538,297.8617859,0,127.4625778,110.4216843,12.62919998,70429.88281,14.29275894,3.587862131
160.6000061,318.1959963,81.24929371,26.21267008,57.49243022,0.8714505728,162.6107381,6.497756481,298.4845581,0,127.559021,33.12650299,257.2808838,70445.82031,14.37081432,3.684524523
160.8000031,318.1959963,82.18198038,26.23962401,56.34162831,0.8522931005,149.2117452,6.493750572,298.1294861,0,128.9833374,244.2085419,25.72808838,70459.45312,14.1575346,3.659618808
161,318.1959963,78.5487271,26.03815768,58.65958885,0.8922266422,155.7046643,6.494291306,297.8771667,0,132.0057831,135.214859,2.572808743,70474.22656,14.58063984,3.586937771
161.1999969,318.1959963,78.24685166,26.21206335,56.82044769,0.8558307176,152.215571,6.494869232,298.1719971,0,134.7947235,40.56445694,146.7206726,70488.74219,14.24442291,3.543089368
161.3999939,318.1959963,82.18198038,26.39689232,57.57620288,0.8730108414,149.5559969,6.494944572,297.9477539,0,137.3669281,139.564743,14.67206669,70504.34375,14.36552715,3.735934988
161.6000061,318.1959963,78.30230469,26.21684878,56.83596075,0.8632268528,152.6384044,6.499202251,298.6534119,0,139.9106445,41.8694191,290.9844971,70520.01562,14.31459236,3.620537495
161.8000031,318.1959963,80.28388854,26.15100036,56.4841833,0.8516020908,156.694177,6.50371933,298.2860413,0,140.7360535,285.0403442,29.09844971,70537.21875,14.20572281,3.742384608
162,318.1959963,80.03649469,26.33831039,58.25524637,0.8959965374,169.0693773,6.507520199,297.9927979,0,139.7670441,177.5107117,2.909844875,70556.85156,14.63386726,3.774396687
162.1999969,318.1959963,78.51733045,26.02785414,57.05867734,0.8749151754,170.0551529,6.510868549,297.8049927,0,137.2809143,89.8239212,0.2909845114,70575.74219,14.4557085,3.686125983
162.3999939,318.1959963,78.86909943,26.39507154,57.15064627,0.8610073843,148.5458443,6.512853146,298.0230408,0,133.4546814,26.94717598,111.8510895,70589.60938,14.26910305,3.744671745
162.6000061,318.1959963,81.82064413,26.35619944,58.89801484,0.8993823551,161.2226343,6.513593197,297.870636,0,128.8376465,96.26496887,11.18510914,70606.07031,14.61235428,3.964158706
162.8000031,318.1959963,74.58045693,26.35728559,56.81353336,0.859228214,148.5458443,6.517353535,298.4056091,0,123.9243774,28.87949181,222.3734589,70616.96094,14.25414085,3.710838654
163,318.1959963,79.65399691,25.94648795,56.80695359,0.8495627016,148.5458443,6.516499043,298.1571655,0,117.4929123,209.7432098,22.23734665,70627.8125,14.12449265,3.885519121
163.1999969,318.1959963,78.14794289,25.95329075,57.21105082,0.869722201,160.6810342,6.514323235,297.9404297,0,111.4282074,135.2304077,2.223734617,70639.625,14.32739067,3.852988954
163.3999939,318.1959963,72.86010012,26.14083315,57.23208501,0.8520930362,148.5458443,6.513326645,298.2553101,0,106.2232437,40.56912231,150.0552673,70646.48438,14.17784691,3.649484162
163.6000061,318.1959963,76.27496655,26.05369884,57.10231684,0.8650470331,158.1388869,6.508002758,298.055542,0,101.4089661,148.594696,15.0055275,70655.17969,14.27158928,3.739563297
163.8000031,318.1959963,72.25733596,26.23688253,56.97580848,0.8542022067,148.5458443,6.504124641,297.8896179,0,98.74206543,86.88571167,1.500552773,70660.39062,14.17658901,3.602627642
164,318.1959963,72.61017678,25.71995222,58.52815335,0.881353264,164.5569462,6.498940468,298.1000061,0,97.60795593,26.06571388,108.7937546,70668.54688,14.48032856,3.496681295
164.1999969,318.1959963,70.94123027,25.65818991,58.46919621,0.8730315016,149.9375673,6.49464798,297.9401245,0,98.55635834,95.75574493,10.87937546,70673.35156,14.39297199,3.364442352
164.3999939,318.1959963,77.57381524,25.97726194,57.43027806,0.862627216,151.7110197,6.48826313,298.4301147,0,101.214653,28.72672462,208.2904205,70680.85156,14.23887444,3.659699821
164.6000061,318.1959963,76.12392131,25.90249269,57.22812479,0.8722676963,161.3957335,6.485959053,298.1772766,0,106.4366608,196.7230225,20.82904243,70691.00781,14.36277676,3.62922848
164.8000031,318.1959963,75.73319524,26.10760993,57.47284002,0.8637677934,148.5458443,6.486440659,297.96521,0,112.5600739,121.9455032,2.082904339,70699.80469,14.27705193,3.64447597
165,318.1959963,72.78605207,26.08714718,57.81067018,0.8830883786,148.5458443,6.491708279,297.8282166,0,118.4948578,57.33360291,0.2082904279,70709.14062,14.47886753,3.588025974
165.1999969,318.1959963,75.76272619,25.73396253,57.27204458,0.8615184638,155.4565912,6.49558115,297.966217,0,122.3158798,17.20008087,79.77883148,70721.32031,14.30166531,3.620024864
165.3999939,318.1959963,75.09191929,26.43918642,57.20020718,0.8565141574,148.5458443,6.499099731,297.8447266,0,124.6075668,59.39790344,7.977882862,70732.44531,14.23771286,3.604961333
165.6000061,318.1959963,79.2057005,26.21510796,57.99406397,0.8726376135,154.1626054,6.500934124,298.2157593,0,125.4884644,17.81937027,161.3974762,70745.92969,14.3753643,3.747547989
165.8000031,318.1959963,75.13514287,26.21094573,56.56200886,0.8546842493,148.5458443,6.503716946,298.010437,0,125.6401062,140.9150696,16.13974762,70757.09375,14.22097206,3.522493567
166,318.1959963,78.59147471,26.29920047,57.27779025,0.8669746002,158.3982574,6.503725529,297.8467102,0,124.6700058,75.37984467,1.61397481,70771.0625,14.33003426,3.655359442
166.1999969,318.1959963,77.89462174,26.17858261,57.40293385,0.865625515,148.5458443,6.505013943,298.0465088,0,123.7087402,22.61395454,103.8185654,70782.66406,14.30018806,3.674383453
166.3999939,318.1959963,79.39825122,26.05786873,57.19947237,0.8644203937,157.5784193,6.505913258,297.9013367,0,122.2188797,87.02809143,10.38185692,70796.25781,14.29285336,3.768953731
166.6000061,318.1959963,76.74903907,26.23803388,57.49511433,0.8616986764,149.1909767,6.508331299,298.3739319,0,120.3746796,26.10842705,200.2635651,70807.09375,14.26606178,3.71726504
166.8000031,318.1959963,78.43737313,25.8673125,56.83421183,0.8612494875,151.5552122,6.509084702,298.1437683,0,117.5571823,186.5359802,20.02635574,70818.21094,14.24353695,3.747584213
167,318.1959963,78.690877,26.01667461,57.32163247,0.8659964086,158.8535154,6.508803368,297.9469604,0,114.4486313,117.6125488,2.002635479,70830.40625,14.29539871,3.808423424
167.1999969,318.1959963,75.50627213,25.99161451,57.3883456,0.8575291225,148.5458443,6.509128094,298.2079163,0,111.4506302,35.28376389,129.7284698,70839,14.22150898,3.669077347
167.3999939,318.1959963,76.36518561,25.6887619,57.82283961,0.8667091676,157.5441912,6.508887768,298.0388184,0,108.3174515,124.8018036,12.97284794,70849.04688,14.31733704,3.72966146
167.6000061,318.1959963,74.89555048,25.78438341,58.42563031,0.8800759094,152.8845392,6.508882999,297.8963623,0,105.2842484,72.30553436,1.297284722,70857.25,14.4294672,3.731269302
167.8000031,318.1959963,78.80551768,25.94996831,58.10278664,0.8723538321,157.9293076,6.505094528,298.0704346,0,102.2502747,21.69165993,93.50078583,70866.96094,14.32951164,3.867316068
168,318.1959963,73.28945317,26.41315736,56.96072773,0.8536975636,148.5458443,6.503447056,297.9424438,0,100.7449188,78.93320465,9.350078583,70873.00781,14.16243839,3.664519728
168.1999969,318.1959963,80.34532833,25.91917211,59.22821692,0.9039270367,177.2060525,6.497849941,298.337738,0,99.87930298,23.67996025,172.3733063,70886.52344,14.64771748,3.863784177
168.3999939,318.1959963,77.8021524,25.75326601,56.63085601,0.8654318715,164.8686568,6.495290756,298.1463623,0,101.2723389,158.8625946,17.23733139,70897.07031,14.27847195,3.773524447
168.6000061,318.1959963,73.69154413,25.78320534,57.62179755,0.8565093865,148.5458443,6.497357368,297.9782715,0,103.6665955,102.5389175,1.723733068,70903.80469,14.2182045,3.689146007
168.8000031,318.1959963,78.53886178,25.89044745,58.1098227,0.8752924877,165.4470807,6.497563839,297.8572998,0,105.2287292,51.46796417,0.1723733097,70915.76562,14.38368988,3.916982158
169,318.1959963,78.0340293,25.91925214,57.62434342,0.8618157671,152.5108633,6.497677803,297.9833069,0,106.7292175,15.44038963,74.27178192,70925.15625,14.24349499,3.825278251
169.1999969,318.1959963,76.00601721,26.42065495,57.1505492,0.8603942902,148.5458443,6.499511242,297.8789673,0,108.1783371,54.46472549,7.427178383,70933.59375,14.22045326,3.797384929
169.3999939,318.1959963,76.31996804,26.10569625,57.81817373,0.8698002812,149.4876568,6.500440598,298.1955872,0,108.8882217,16.33941841,141.4679718,70942.25781,14.32451916,3.696583935
169.6000061,318.1959963,75.99165685,25.88484468,57.3293944,0.8566260211,148.5458443,6.501099586,298.0290527,0,109.2348022,121.8134384,14.14679623,70950.5625,14.21319199,3.611059789
169.8000031,318.1959963,76.03974391,25.95096758,57.55516301,0.8604668256,148.6165047,6.500650406,297.8813171,0,109.3157196,69.31788635,1.414679646,70958.88281,14.24964333,3.565711302
170,318.1959963,79.32288141,26.01288788,58.26460026,0.8754850993,160.6547371,6.497880459,298.0594482,0,109.5791702,20.79536629,95.74221039,70970.55469,14.39241982,3.651692104
170.1999969,318.1959963,78.03921449,25.86929028,57.27398246,0.8634179692,159.5987145,6.497189522,297.9233704,0,110.9545975,78.90830994,9.574220657,70981.92969,14.28709126,3.618383502
170.3999939,318.1959963,73.73217049,25.89115437,57.20058941,0.8617919598,163.2382776,6.498404503,298.3359985,0,112.5921783,23.67249298,179.5905914,70993.07812,14.32449532,3.379241533
170.6000061,318.1959963,77.62973445,26.10746059,57.28549982,0.860926835,148.5458443,6.497582436,298.1120605,0,113.7442093,164.1769257,17.95906067,71002.45312,14.24977398,3.517717575
170.8000031,318.1959963,77.20190321,26.15259009,57.529234,0.8669786969,151.544537,6.49618578,297.9217834,0,115.237793,96.42160797,1.795905948,71012.60156,14.32041836,3.45254516
171,318.1959963,80.08833793,25.95694584,57.73384393,0.8641850003,155.7658075,6.494893074,298.1375122,0,117.2853546,28.92648125,113.1611328,71024.78906,14.29644299,3.566924487
171.1999969,318.1959963,81.05938369,26.08105245,57.26812456,0.8620542928,161.9445561,6.494777679,297.9728699,0,119.8478851,101.8444672,11.31611347,71039.08594,14.27906704,3.641445253
171.3999939,318.1959963,80.19567208,26.14224831,57.79164259,0.8657180164,155.7414073,6.496453762,297.845459,0,122.4530182,48.58847427,1.131611347,71052.50781,14.31466579,3.643309982
171.6000061,318.1959963,81.38786911,26.14969451,57.68930593,0.8664255777,154.8356446,6.498571873,297.9760437,0,124.3855743,14.5765419,76.57217407,71066.49219,14.31072617,3.702146111
171.8000031,318.1959963,80.24531095,26.11805002,57.60312291,0.8745047793,163.1042327,6.501937389,297.8624878,0,125.475235,54.78960037,7.657217026,71082.13281,14.40872955,3.681391439
172,318.1959963,75.6245934,26.36304965,57.09889636,0.8726226233,148.6897954,6.507304668,298.1983948,0,125.2161102,16.43688011,148.9976196,71093.52344,14.38165569,3.515124339
172.1999969,318.1959963,80.90035123,26.08723359,57.03703739,0.8649056542,164.4487482,6.508141041,298.015564,0,122.8075027,128.0105286,14.89976215,71108.94531,14.31519127,3.63813942
172.3999939,318.1959963,74.32124594,25.72047386,57.44125325,0.8489973556,152.2691815,6.511971951,297.8654175,0,120.0856018,69.85383606,1.489976168,71119.54688,14.21441269,3.391110239
172.6000061,318.1959963,74.88021194,25.65208127,58.92832388,0.892467561,166.0495335,6.512949467,298.0433655,0,115.8069,20.95615005,96.10067749,71132.17188,14.627038,3.365125883
172.8000031,318.1959963,75.63517794,26.55343722,56.75883349,0.8624762867,148.5458443,6.508340836,297.8951721,0,111.1560745,78.42389679,9.610068321,71140.42969,14.26539803,3.321537377
173,318.1959963,71.22640588,25.95570403,56.81406122,0.8525127623,148.5458443,6.504362583,298.3286133,0,108.3579559,23.52717018,188.3237915,71146.6875,14.22730255,3.028021694
173.1999969,318.1959963,77.62973717,25.92003239,58.49390759,0.8881990446,152.7735997,6.49713707,298.0733337,0,107.1311722,170.2383423,18.83237839,71155.21094,14.51204777,3.273355995
173.3999939,318.1959963,76.40572277,25.75514492,57.32948284,0.8555323132,157.0628944,6.490384102,297.8766479,0,108.8074036,91.24267578,1.883237839,71164.59375,14.24898338,3.175761388
173.6000061,318.1959963,75.31070566,26.05719154,58.45338222,0.8861486581,153.0634692,6.487541199,298.0856934,0,113.1728897,27.37280273,111.1087189,71173.89062,14.52194977,3.223748714
173.8000031,318.1959963,76.74570714,25.83758521,59.00742083,0.8845714276,153.2549358,6.486133099,297.913147,0,118.6641541,96.35173035,11.11087227,71184.65625,14.52540112,3.251521711
174,318.1959963,78.98572684,26.21870772,57.80089112,0.8647968681,148.5458443,6.484844685,298.420929,0,124.726532,28.90551949,217.7617035,71196.26562,14.31975937,3.312590343
174.1999969,318.1959963,81.07817138,26.16584674,56.95300266,0.854384928,148.5458443,6.484769821,298.1224365,0,131.3083344,202.1263275,21.77617073,71209.71094,14.21841526,3.365988577
174.3999939,318.1959963,80.77417096,26.18019697,57.36280995,0.8591095993,159.8790612,6.486961365,297.9005127,0,137.9165192,111.1274796,2.177617073,71226.85938,14.30958652,3.377028551
174.6000061,318.1959963,82.18198038,26.5373838,57.23404782,0.8657817592,151.4670271,6.490409851,298.1338806,0,143.6446228,33.33824158,122.9813614,71243.91406,14.33733082,3.461305219
174.8000031,318.1959963,79.96897144,25.93641394,57.3129626,0.84808463,149.2951494,6.497039318,297.9440918,0,147.9964752,111.7812729,12.29813576,71260.75,14.22380352,3.368904044
175,318.1959963,80.05188331,26.81787515,57.06824075,0.8655783978,148.5458443,6.503477573,298.5034485,0,149.6899872,33.53438187,238.2372131,71277.92969,14.34656429,3.431377571
175.1999969,318.1959963,78.63435056,26.28020827,56.67364015,0.852441761,148.5458443,6.509455681,298.1811829,0,148.8190002,225.8361206,23.82372093,71294.36719,14.25221062,3.299890965
175.3999939,318.1959963,80.74417475,26.14034781,58.02570484,0.8700658909,158.244132,6.514219761,297.9430847,0,145.5578156,129.3419342,2.382372141,71312.82031,14.42166138,3.436251789
175.6000061,318.1959963,78.4642893,26.06193473,56.86059349,0.8668226522,158.4878612,6.51952219,298.1962585,0,140.3933105,38.80258179,131.5917816,71329.73438,14.37948513,3.411168044
175.8000031,318.1959963,80.02018631,26.71326207,57.20587736,0.8700841872,148.5458443,6.521787167,298.0057068,0,133.1023254,125.7994385,13.15917778,71343.71094,14.34073257,3.544482688
176,318.1959963,81.10947914,26.10945691,57.48619514,0.8723863609,159.3306164,6.521892071,297.8592529,0,124.9169312,65.52423096,1.31591773,71358.55469,14.37389851,3.599706724
176.1999969,318.1959963,80.52348257,26.16787852,58.25882463,0.8802684402,161.0786144,6.518903732,298.0204163,0,116.6869125,19.65727043,89.97179413,71371.89844,14.44531441,3.553274924
176.3999939,318.1959963,76.32034428,25.81567238,57.05682001,0.8625320862,152.4127173,6.51645422,297.8891907,0,109.655632,71.06981659,8.997179031,71380.875,14.27885723,3.396133718
176.6000061,318.1959963,76.42959542,25.8888719,58.64002849,0.8964978064,167.1797654,6.511672974,298.2835388,0,103.5923767,21.32094383,172.8803864,71391.65625,14.61175823,3.392008559
176.8000031,318.1959963,75.09749871,25.90867944,58.85984861,0.8846002101,155.2232637,6.506321907,298.0745239,0,99.4510498,154.2026215,17.28803825,71398.75,14.48818779,3.333468671
177,318.1959963,71.45210163,25.47812017,58.34215473,0.8786884819,158.1546213,6.504255295,297.9067078,0,97.44451904,89.76805878,1.728803754,71405.15625,14.46752453,3.254549036
177.1999969,318.1959963,74.68124365,25.90177682,57.46087454,0.8652555058,154.7247689,6.500312805,298.1091003,0,96.25212097,26.93041801,106.5129623,71411.60156,14.2900362,3.436542623
177.3999939,318.1959963,73.45718454,25.73287474,58.34138756,0.8753638788,149.6723616,6.496362686,297.9580688,0,96.65323639,94.51435089,10.65129566,71416.63281,14.39626026,3.303240741
177.6000061,318.1959963,76.83401185,26.19762863,57.76973472,0.8603048039,148.5458443,6.491926193,297.8384094,0,98.62852478,44.98052597,1.065129638,71422.92188,14.22031689,3.489969729
177.8000031,318.1959963,77.19945502,25.9934381,58.00658395,0.8663802136,156.2004066,6.488865852,297.9664917,0,102.3799744,13.49415779,75.44426727,71431.58594,14.30650711,3.46046073
178,318.1959963,75.26976627,26.2105986,57.2068799,0.8550810674,148.5458443,6.488647461,297.8551331,0,107.3495331,52.52587891,7.544426441,71439.19531,14.20189571,3.382541045
178.1999969,318.1959963,79.79932707,26.21122258,58.4416354,0.8763912886,159.8898149,6.487355232,298.1826782,0,112.401474,15.75776386,146.9325714,71451.28906,14.40886593,3.48244299
178.3999939,318.1959963,76.78222838,25.96883301,57.16857487,0.8522315938,148.5458443,6.489912987,298.0014343,0,117.9828873,124.1665344,14.69325733,71461.29688,14.19964123,3.349054552
178.6000061,318.1959963,78.08982948,25.96166779,58.50839613,0.8900631504,164.8154514,6.491936684,297.8499756,0,122.5251007,66.03209686,1.469325781,71475.88281,14.58328819,3.341406125
178.8000031,318.1959963,79.66311037,26.14194971,57.61005371,0.8630298227,153.9546888,6.494187832,298.0273743,0,126.2720566,19.80962944,96.16059875,71489.42969,14.30918121,3.394963414
179,318.1959963,79.76426582,26.17239198,57.29752527,0.8605736169,148.5458443,6.499090672,297.8922119,0,129.1159821,76.52075958,9.616059303,71502.59375,14.2679491,3.482219619
179.1999969,318.1959963,78.23948786,25.94746739,58.86037275,0.9039304513,168.1898296,6.505498409,298.3129578,0,129.990799,22.95622826,182.9783478,71519.5,14.72481632,3.441710049
179.3999939,318.1959963,81.41410624,26.03966036,57.11691011,0.8571706977,152.2106591,6.510037899,298.1063843,0,128.3061676,165.0908813,18.2978344,71533.67188,14.22952557,3.572705661
179.6000061,318.1959963,81.32092325,25.86733173,57.81105011,0.8626072665,162.798901,6.513032436,297.9247437,0,124.8165359,102.39785,1.82978344,71549.29688,14.31047535,3.566748501
179.8000031,318.1959963,77.86996347,26.29619204,57.30540353,0.855322171,148.5458443,6.514422417,298.1583862,0,120.1281891,30.71935463,120.2984543,71560.07812,14.21909904,3.403270878
180,318.1959963,77.62091775,26.08683613,57.55187036,0.8670164578,155.699709,6.51403904,297.9894714,0,114.8842239,109.8698959,12.02984524,71571.125,14.33276463,3.370255241
180.1999969,318.1959963,81.3084044,26.04204641,57.61200254,0.8785949651,168.4592323,6.509237289,297.8529053,0,109.7943497,55.78479385,1.202984571,71584.74219,14.42391014,3.466895962
180.3999939,318.1959963,77.24166487,25.99584504,57.4742603,0.8640984276,150.3116202,6.50656414,298.0007019,0,106.6340179,16.7354393,83.94732666,71592.94531,14.28080177,3.363935831
180.6000061,318.1959963,75.57880904,25.68137459,57.55573498,0.8678918313,157.8225255,6.503960133,297.8772278,0,104.5218582,63.2323761,8.394732475,71601.71094,14.34917068,3.257468869
180.8000031,318.1959963,76.04285484,25.66297233,57.92075991,0.8701525554,164.486829,6.499190807,298.2403564,0,103.4578857,18.96971321,161.7729797,71611.59375,14.39183521,3.174439069
181,318.1959963,77.46659608,25.93431237,57.5139566,0.8582971813,148.5458443,6.493182659,298.0281067,0,104.3088608,140.5732422,16.17729759,71618.69531,14.23400497,3.181170022
181.1999969,318.1959963,72.23535806,25.72876779,57.35782786,0.8573510017,156.1007785,6.491069794,297.8627625,0,107.560257,73.62759399,1.617729783,71626.61719,14.2950201,2.968670611
181.3999939,318.1959963,78.41965408,25.93253283,57.70208937,0.8794216595,173.3035776,6.486855507,298.0384521,0,111.6401367,22.08827972,97.60381317,71640.52344,14.48688126,3.181630996
181.6000061,318.1959963,75.58848645,26.10805467,56.66557877,0.8582315222,148.5458443,6.485224724,297.8849182,0,117.4250107,78.79056549,9.760380745,71649.73438,14.26580715,3.046556876
181.8000031,318.1959963,80.51413109,25.95739212,57.71654941,0.8811248474,174.5051954,6.485180855,298.3242798,0,123.8470154,23.63716888,191.7838745,71666.88281,14.51759624,3.253992209
182,318.1959963,78.31536846,26.0248252,58.26765836,0.8921210887,164.1827126,6.488132954,298.0720215,0,130.2895508,172.0504456,19.17838669,71682.60156,14.62652779,3.167134162
182.1999969,318.1959963,82.18198038,26.48255915,57.8483833,0.8731560526,157.3141952,6.491529942,297.8829041,0,135.5465546,93.88707733,1.917838693,71699.22656,14.41384125,3.370738235
182.3999939,318.1959963,81.001896,26.26101898,57.91098506,0.876416792,155.2994587,6.496098042,298.0888367,0,139.4529572,28.16612434,110.9745941,71715.85156,14.46356297,3.296943531
182.6000061,318.1959963,79.07827115,26.60848249,58.1592448,0.8838824684,148.5458443,6.503737926,297.9286194,0,141.5295715,96.24187469,11.09745884,71731.1875,14.51859093,3.337662732
182.8000031,318.1959963,81.85147141,26.19630756,56.95012263,0.8737384974,161.230285,6.509123802,298.4132385,0,140.5440521,28.87256241,210.0731964,71749.51562,14.43188477,3.368322215
183,318.1959963,81.48249099,26.08757796,56.6907198,0.8563584064,149.2028712,6.513385296,298.1500549,0,137.4212799,194.5884857,21.0073204,71764.57812,14.25094986,3.33333489
183.1999969,318.1959963,80.34653945,26.02331272,57.87782866,0.8758247143,163.3417516,6.516255856,297.9370117,0,132.5903778,115.6515503,2.100732088,71781.32812,14.46800709,3.307341479
183.3999939,318.1959963,78.8431193,26.05679744,57.36816443,0.8634705879,155.7224636,6.51815176,298.1794128,0,126.6121826,34.69546509,126.3625031,71794.92188,14.33437538,3.274526687
183.6000061,318.1959963,75.66719815,26.21053748,56.71415696,0.8588556453,148.5458443,6.520968914,298.0056152,0,119.874382,117.5617065,12.6362505,71804.96875,14.26578617,3.260012752
183.8000031,318.1959963,78.22343287,25.89852235,58.09339595,0.8756272048,159.616419,6.51881218,297.8624878,0,112.0036163,62.51416397,1.263625026,71816.32812,14.42704868,3.303558839
184,318.1959963,75.17753094,25.59563152,57.39207529,0.8675322361,166.6132472,6.516037464,298.0223083,0,105.0149307,18.75424957,89.51027679,71826.82812,14.38066864,3.184709858
184.1999969,318.1959963,76.5386717,25.9206193,58.21251764,0.8764125145,154.4951886,6.510089874,297.8930664,0,99.12213135,69.8085556,8.95102787,71834.07031,14.40773869,3.244242324
184.3999939,318.1959963,74.03925937,25.95637988,57.66865322,0.8586830936,151.2827644,6.506401062,298.2790833,0,95.61689758,20.94256783,169.9258423,71839.38281,14.24746323,3.252453003
184.6000061,318.1959963,78.01332068,25.99016687,58.7155603,0.891865717,163.5421949,6.500201702,298.091156,0,93.56958008,151.081955,16.99258423,71847.88281,14.53355885,3.389528265
184.8000031,318.1959963,73.0051433,25.87494036,57.9344561,0.8652566912,151.4785045,6.497552395,297.9243774,0,94.01737976,93.81671906,1.699258327,71852.71094,14.313344,3.230774356
185,318.1959963,71.25802125,26.14212789,57.62536162,0.8570792763,148.5458443,6.496938229,298.1404114,0,95.50527191,28.14501762,111.9987106,71856.85156,14.24282742,3.195896011
185.1999969,318.1959963,73.30281566,25.67997817,57.18665328,0.8653552767,162.4663838,6.495267391,297.9881897,0,97.24355316,101.0933685,11.19987106,71864.57812,14.33838177,3.176670575
185.3999939,318.1959963,73.62981953,26.23061093,57.77651023,0.8713080151,148.5458443,6.494300842,297.8624573,0,99.6600647,52.22717667,1.11998713,71870.1875,14.35373211,3.235292679
185.6000061,318.1959963,74.56793189,25.83197993,58.14033955,0.8672588946,152.1963704,6.494724274,297.999115,0,102.4576111,15.66815281,79.4052124,71877.3125,14.34160614,3.255592479
185.8000031,318.1959963,75.27880485,25.9177858,59.07134725,0.886154295,157.6350008,6.496243477,297.8878479,0,105.0834351,58.59531784,7.94052124,71886.33594,14.52555847,3.304428896
186,318.1959963,72.96116917,26.28564163,57.44026858,0.8567815104,148.5458443,6.498147011,298.2166748,0,107.1024475,17.57859421,148.5672455,71893.19531,14.24915504,3.165552215
186.1999969,318.1959963,78.08134366,25.71316671,58.13720243,0.8642844803,155.8373144,6.497953415,298.0401001,0,108.3623199,127.6504135,14.85672379,71903.03125,14.31549644,3.277474386
186.3999939,318.1959963,75.2265135,25.81671275,57.78831319,0.8604305264,151.2739651,6.500226021,297.8919983,0,109.707634,72.39609528,1.485672474,71911.53906,14.28779125,3.226606008
186.6000061,318.1959963,75.24822398,25.85678562,58.47153527,0.8777990405,157.039954,6.501137733,298.061676,0,110.1290665,21.71883011,94.28379822,71921.21875,14.46333504,3.159435817
186.8000031,318.1959963,74.54476424,25.82490669,57.46847726,0.8674808396,156.0087799,6.501505375,297.9225464,0,110.1981735,77.31369781,9.428380013,71930.41406,14.36580181,3.085220909
187,318.1959963,78.36777295,25.95463101,57.86031681,0.8666561918,157.396323,6.499223709,298.3207703,0,110.1177139,23.19410896,176.960968,71940.82812,14.33774376,3.180136125
187.1999969,318.1959963,74.55096574,25.85766196,57.78216711,0.8812932879,158.247159,6.501074314,298.1105347,0,110.956955,158.7250061,17.69609642,71950.60938,14.49079704,3.11379952
187.3999939,318.1959963,72.94938466,26.08036667,57.2401357,0.8483270115,148.5458443,6.502753735,297.9292908,0,111.0338821,95.23078918,1.76960969,71958.02344,14.19068718,3.047547797
187.6000061,318.1959963,79.51801531,26.11445465,58.01853206,0.8701384626,159.6964881,6.499272823,298.1352844,0,110.4528885,28.56923676,111.1864853,71969.25781,14.36319256,3.198509379
187.8000031,318.1959963,73.18735509,26.03688432,58.38786193,0.8721452467,148.5458443,6.499296188,297.9692383,0,111.2805252,98.34570312,11.11864853,71976.64062,14.41368008,2.967361683
188,318.1959963,73.55149836,26.19387946,56.84159837,0.8622522984,148.5458443,6.498797894,297.842926,0,112.0707703,44.59184647,1.111864805,71984.32031,14.29830647,2.975323826
188.1999969,318.1959963,78.1074122,25.80025424,58.24670414,0.8779441393,167.5120408,6.496808529,297.9587708,0,113.0733032,13.37755394,72.38707733,71997.23438,14.47571087,3.110768881
188.3999939,318.1959963,77.06379598,25.85858183,57.85668355,0.8605328101,152.3895147,6.498476028,297.8499146,0,114.8748932,48.39411545,7.238707542,72007.29688,14.29070282,3.178941692
188.6000061,318.1959963,77.11256091,26.23762023,57.4847463,0.8588875003,148.5458443,6.501475811,298.1577148,0,115.9925613,14.51823425,140.0198364,72016.94531,14.25008202,3.248742157
188.8000031,318.1959963,78.19905627,25.95561139,57.28824353,0.8633319375,150.1197902,6.504559517,297.9970703,0,115.9176712,115.8986206,14.00198364,72027.17969,14.28155327,3.28618988
189,318.1959963,74.3933159,26.21565024,58.68410381,0.8853799635,148.5458443,6.508249283,297.857666,0,114.6133728,64.08094788,1.40019834,72035.89062,14.51039982,3.168739376
189.1999969,318.1959963,74.04839433,26.44200258,57.32845249,0.8600086303,148.5458443,6.511419296,298.0320129,0,111.8313828,19.22428322,94.20637512,72044.03906,14.26172543,3.202008902
189.3999939,318.1959963,79.11109672,25.86228517,58.62743189,0.8865673704,161.4763464,6.510919094,297.9069214,0,107.7850952,75.08066559,9.420637131,72055.32031,14.49810886,3.33818579
189.6000061,318.1959963,78.29063445,25.86045602,58.99447878,0.8985266336,168.658339,6.509634972,298.3034058,0,103.949295,22.52419853,174.8100128,72067.07031,14.62197781,3.316063838
189.8000031,318.1959963,73.14296308,25.85264783,57.21238831,0.8451149189,148.5458443,6.510445118,298.1183472,0,100.6180038,156.7610016,17.4810009,72072.61719,14.12890911,3.164518685
190,318.1959963,75.19369152,25.97432098,57.64407566,0.8703529973,161.5908062,6.506824017,297.9399109,0,96.95317078,101.3187714,1.748100162,72080.63281,14.35520554,3.169383305
190.1999969,318.1959963,75.35092168,25.69433527,57.85391998,0.8682797456,162.996146,6.503355503,298.1754761,0,94.75809479,30.39563179,120.6085358,72088.53125,14.34405136,3.188598122
190.3999939,318.1959963,75.61947105,25.61945733,57.47820422,0.8572444264,149.2960993,6.499416828,298.0171814,0,93.9356308,110.7585602,12.06085396,72093.46094,14.20974159,3.164409613
190.6000061,318.1959963,75.45395281,26.09461239,57.94700122,0.8613713872,148.5458443,6.495767593,297.8829651,0,94.69073486,60.95167542,1.206085324,72098.5,14.24130058,3.190375697
190.8000031,318.1959963,71.99882213,26.07865601,57.55488893,0.8586684735,148.5458443,6.495952606,298.0327148,0,96.90307617,18.28550339,85.0386734,72103.10156,14.24390411,3.107815937
191,318.1959963,76.35974151,25.80512308,58.41157661,0.8823398701,167.1483056,6.495821476,297.9182434,0,99.02970123,66.56520844,8.503867149,72113.15625,14.47288418,3.272763525
191.1999969,318.1959963,73.39288312,26.10652251,58.75978779,0.8803397921,148.5458443,6.497685432,298.2617188,0,101.2220459,19.96956253,154.6916046,72119.00781,14.44390965,3.161158367
191.3999939,318.1959963,75.14375159,25.57134825,57.16333488,0.8553797486,153.8026246,6.499308109,298.0905151,0,102.6613235,136.2593231,15.46916103,72126.55469,14.21920872,3.161077891
191.6000061,318.1959963,75.96977181,25.81771385,57.79731609,0.8699514249,161.8489161,6.498529434,297.9272766,0,103.4586716,84.42912292,1.546916008,72136.07812,14.36781883,3.115330382
191.8000031,318.1959963,79.19760823,26.00519278,57.79482448,0.8712469295,157.8491541,6.496972561,298.1234131,0,104.5747375,25.32873726,105.1346207,72145.9375,14.33898258,3.232828436
192,318.1959963,73.99043393,25.97181315,56.93386315,0.860128497,152.4268712,6.498681068,297.978241,0,106.3083572,91.4938736,10.51346207,72153.57812,14.26683617,3.054157361
192.1999969,318.1959963,75.19791541,26.00632253,58.87163251,0.881505692,148.5458443,6.499400616,297.8579407,0,107.3453217,44.56119156,1.051346183,72160.94531,14.46269512,3.067540424
192.3999939,318.1959963,77.03390613,25.91094534,57.65120638,0.8704519554,161.2426297,6.499166965,297.9759827,0,108.1081924,13.36835766,72.76101685,72171.52344,14.36911869,3.104166424
192.6000061,318.1959963,76.06965219,26.23903326,58.59805459,0.8835196927,148.5458443,6.499965668,297.8678894,0,108.9644775,49.66584396,7.276101589,72179.47656,14.46458721,3.104721983
192.8000031,318.1959963,76.65038619,25.91447973,58.09273506,0.8723376452,163.2064962,6.502462864,298.1689148,0,109.4948425,14.89975357,138.0280304,72190.72656,14.396842,3.168662465
193,318.1959963,75.70629037,25.74256877,57.17598512,0.8668277933,154.2118961,6.50575304,298.0148315,0,109.0240555,114.6151123,13.80280304,72199.74219,14.32156086,3.143086298
193.1999969,318.1959963,75.93833024,25.88876498,57.60058951,0.8610740368,153.4272493,6.50727129,297.8763733,0,107.2399521,65.53398895,1.380280375,72208.32812,14.27051258,3.137039833
193.3999939,318.1959963,72.31182336,26.21324178,58.66277922,0.8826065762,148.5458443,6.510577679,298.0481262,0,104.8569031,19.6601963,93.27689362,72214.58594,14.47192764,3.092033495
193.6000061,318.1959963,71.97232897,26.23724207,56.99173278,0.8612774955,148.5458443,6.511823654,297.9245911,0,101.1399002,75.31352997,9.327689171,72219.96094,14.25628662,3.05378553
193.8000031,318.1959963,72.82568177,26.10956674,57.44628814,0.8578926113,148.5458443,6.510910988,298.3081665,0,96.93696594,22.59405899,170.3914032,72224.64062,14.22095776,3.065827505
194,318.1959963,74.53504452,25.52845831,58.16992341,0.8900885393,169.6278371,6.508285999,298.1267395,0,93.09947205,153.0250549,17.0391407,72233.22656,14.54310894,3.105032645
194.1999969,318.1959963,71.00533868,26.04702009,57.18360107,0.8522516122,148.5458443,6.50698328,297.9645996,0,90.31067657,99.11779022,1.703914046,72236.1875,14.16532135,3.074199058
194.3999939,318.1959963,75.28915028,25.77276989,58.33845491,0.8886049202,163.229122,6.502151966,297.8448181,0,88.03317261,49.2937088,0.1703914106,72242.85156,14.49006462,3.184852992
194.6000061,318.1959963,73.95505212,25.88093064,57.7580093,0.8683378864,155.4995816,6.498622894,297.9735107,0,87.70413208,14.78811264,75.72867584,72247.57031,14.2983017,3.168753035
194.8000031,318.1959963,73.72232902,26.03769238,58.95969184,0.8871574991,148.5458443,6.495453358,297.8718567,0,88.7711792,54.26100922,7.57286787,72251.01562,14.46269417,3.135568259
195,318.1959963,74.9534637,25.81226159,57.94282156,0.865776664,151.5179768,6.493967056,298.1882935,0,91.10887146,16.27830315,142.5605316,72255.88281,14.26898766,3.186609491
195.1999969,318.1959963,75.89212852,26.14831479,57.84653397,0.8652052336,148.5458443,6.492715836,298.0410767,0,94.03669739,121.4127655,14.25605392,72261,14.24660301,3.187919939
195.3999939,318.1959963,73.30324683,26.10555412,58.67354325,0.888604012,148.5458443,6.493015766,297.894928,0,97.46979523,75.30951691,1.425605297,72266.04688,14.4940691,3.041082096
195.6000061,318.1959963,74.51822287,25.83029158,58.81906739,0.8856771103,154.6575538,6.495078564,298.0915222,0,100.7785034,22.59285545,103.3592529,72273.35156,14.48783398,3.091230364
195.8000031,318.1959963,77.00522527,25.6475034,57.28225532,0.8633220613,160.937138,6.497009754,297.9603882,0,103.2613602,87.57124329,10.3359251,72283.08594,14.27549553,3.153446146
196,318.1959963,76.15003114,25.82970818,57.74011705,0.8616062019,153.4778402,6.498785019,297.8445435,0,104.9776459,44.29065704,1.033592582,72291.39062,14.26234818,3.092202503
196.1999969,318.1959963,76.73915141,26.33797008,57.54520013,0.8643194065,148.5458443,6.500367641,297.9772644,0,105.9839325,13.28719711,77.35887909,72299.14062,14.25306988,3.134180401
196.3999939,318.1959963,76.88705416,25.86719231,57.61228354,0.86764973,160.9002038,6.503483295,297.8739319,0,106.357338,54.12069702,7.735888481,72309.53906,14.31766415,3.170062478
196.6000061,318.1959963,75.48952286,25.8868429,57.91730441,0.8673004307,153.3754296,6.507932663,298.1908264,0,105.4787827,16.23620987,143.5278015,72317.89062,14.3079319,3.17531629
196.8000031,318.1959963,77.38490687,25.9621305,57.15140225,0.8633898525,161.9083906,6.509410381,298.0426025,0,102.8211517,121.6198502,14.35277939,72327.89844,14.25837803,3.192569141
197,318.1959963,75.63486083,25.96772194,58.31447655,0.8908225682,165.0924378,6.511180401,297.9073486,0,99.58644104,75.26076508,1.435277939,72337.54688,14.52217674,3.200546611
197.1999969,318.1959963,79.3904082,25.894457,58.00058656,0.8689446539,159.6416033,6.509242058,298.0937195,0,95.63312531,22.5782299,97.30734253,72346.28125,14.27818775,3.276121284
197.3999939,318.1959963,77.44242864,25.70117794,57.76749518,0.8671288705,163.4095277,6.506862164,297.9729614,0,92.46840668,84.41565704,9.730734825,72354.52344,14.28514099,3.20156815
197.6000061,318.1959963,73.19221517,26.24797339,57.22172875,0.8595406952,148.5458443,6.505420685,297.8652649,0,90.24507141,44.86421967,0.9730734229,72358.23438,14.1957531,3.101882016
197.8000031,318.1959963,74.22774824,25.67622817,57.44006069,0.8709587688,164.3977822,6.503004074,297.9890137,0,88.59388733,13.45926571,73.91773224,72365.01562,14.33581352,3.088971498
198,318.1959963,73.12961002,25.8746651,57.76717332,0.8606884266,150.3831724,6.501019955,297.8915405,0,87.91552734,51.91018677,7.391772747,72368.52344,14.22406292,3.061692958
198.1999969,318.1959963,74.54699241,26.32687592,57.66445355,0.8757468345,148.5458443,6.497790337,298.1847534,0,88.02623749,15.57305527,133.791748,72372.07812,14.32101345,3.093285751
198.3999939,318.1959963,76.85567932,26.03615408,57.67144797,0.8696738812,156.2330156,6.493134022,298.0333862,0,89.43431091,113.3977737,13.37917423,72377.9375,14.28339767,3.064356082
198.6000061,318.1959963,71.26084047,26.04636745,57.61952516,0.8558695015,148.5458443,6.492430687,297.8954163,0,92.70555878,65.90258026,1.337917447,72381.35938,14.20782185,2.85655035
198.8000031,318.1959963,74.63720338,26.04867097,57.67184741,0.8678948568,148.5458443,6.492389679,298.0576477,0,96.24063873,19.77077293,90.371315,72386.46094,14.28305531,2.994956289
199,318.1959963,75.29949138,25.8027842,57.66097817,0.8603094788,149.2902337,6.492826939,297.9328003,0,99.8025589,72.8591156,9.03713131,72392.48438,14.23157215,2.954197669
199.1999969,318.1959963,73.32635739,25.62602404,58.50866423,0.885415761,162.0130131,6.496044159,298.2977905,0,103.1902237,21.85773468,164.3161621,72401.20312,14.51837826,2.879594789
199.3999939,318.1959963,76.3141638,25.78970641,59.23236716,0.8961245481,158.4156401,6.498207092,298.1125183,0,105.2833328,146.1974182,16.43161583,72410.39844,14.58602142,2.965615306
199.6000061,318.1959963,73.76551567,25.72561013,57.36594448,0.8640231575,157.1160538,6.501009941,297.9431763,0,106.5237198,90.70558929,1.643161535,72418.84375,14.31082058,2.848713107
199.8000031,318.1959963,75.30274303,25.94552867,57.76401422,0.8625938777,151.8215123,6.50165081,298.1384277,0,106.6375351,27.21167564,106.5499573,72426.57031,14.27777672,2.855653478
200,318.1959963,76.32946194,25.82085978,58.34516507,0.8675017395,156.7255035,6.499559402,297.9772949,0,106.5039902,93.71430969,10.65499496,72435.36719,14.34154129,2.784920404
200.1999969,318.1959963,76.74194229,25.72919359,57.82997098,0.867706637,164.2187013,6.496747971,297.8535156,0,107.2091675,41.84614944,1.065499544,72445.90625,14.35571003,2.764052923
200.3999939,318.1959963,81.31228983,26.04718788,58.56549099,0.8812377573,164.5833406,6.491431236,297.9559631,0,109.0325241,12.55384541,67.99325562,72458.08594,14.44643211,2.87324755
200.6000061,318.1959963,75.13842281,26.50594006,57.27770914,0.857821832,148.5458443,6.491790295,297.8477173,0,112.9885178,43.33501434,6.799325466,72466.29688,14.23199654,2.765697715
200.8000031,318.1959963,75.82946722,25.72899513,57.41993821,0.8716163747,162.4627128,6.49441433,298.1299438,0,116.7741241,13.00050449,131.8800964,72478.16406,14.4047575,2.756849708
201,318.1959963,76.01321845,26.40023535,57.57253074,0.8597090136,148.5458443,6.498417854,297.9657593,0,119.5209579,105.471199,13.18801022,72487.95312,14.25747871,2.835172273
201.1999969,318.1959963,72.67899496,26.2683354,57.23689891,0.8640232449,148.5458443,6.505170822,297.836731,0,120.6690216,51.58095932,1.318801045,72497.15625,14.31722069,2.771419881
201.3999939,318.1959963,77.82551738,26.21669492,58.11813235,0.8742202893,157.189911,6.507370949,297.9765015,0,119.1113281,15.47428799,81.8868103,72509.125,14.39582825,2.882985181
201.6000061,318.1959963,77.41048924,26.41601727,57.78336006,0.8696625854,148.5458443,6.507309914,297.853302,0,116.6974106,58.53660965,8.188680649,72518.67188,14.32670784,2.830655456
201.8000031,318.1959963,80.30199075,25.91841076,58.24512652,0.8766417336,164.8782958,6.504022598,298.2060547,0,114.3006592,17.56098366,159.7772827,72531.64062,14.42192936,2.823915001
202,318.1959963,74.3577178,26.46875964,57.1318102,0.8582323086,148.5458443,6.504674435,298.0073547,0,113.2223053,134.6835022,15.97772884,72539.63281,14.23457241,2.731901039
202.1999969,318.1959963,73.44058898,26.18158884,57.19175867,0.8506905172,148.5458443,6.504675388,297.8482361,0,111.859848,71.21065521,1.597772837,72547.07031,14.1840744,2.668979683
202.3999939,318.1959963,80.97712827,25.95718624,59.32631586,0.9046942388,177.9812144,6.501457214,298.0290222,0,110.5117874,21.36319542,99.61558533,72562.29688,14.6833725,2.906771167
202.6000061,318.1959963,74.92736961,26.25354995,57.1667351,0.8526876206,148.5458443,6.50214529,297.8888245,0,110.4595413,79.23415375,9.961558342,72569.97656,14.17815018,2.787589145
202.8000031,318.1959963,73.23812529,26.03954695,57.49288128,0.8689616027,148.5458443,6.504472256,298.3168335,0,110.108963,23.7702446,188.7212982,72577.08594,14.33651829,2.736943206
203,318.1959963,75.22292954,26.13923634,58.07151111,0.874488952,148.5458443,6.504689217,298.0914001,0,108.8345413,168.3193512,18.87213135,72584.4375,14.36967182,2.776775474
203.1999969,318.1959963,73.09344301,26.14470812,58.12938741,0.8807912129,148.5458443,6.505234241,297.9046631,0,107.485527,99.21237946,1.887212992,72591.01562,14.43629742,2.723041418
203.3999939,318.1959963,77.95569956,25.99996986,57.91063131,0.8747658516,165.4630505,6.502808571,298.1271057,0,105.9107742,29.76371384,117.9416275,72602.01562,14.38231754,2.856211575
203.6000061,318.1959963,80.11006817,25.93062835,57.90636937,0.8705363572,159.5934763,6.499162197,297.9605408,0,105.31707,104.3327637,11.79416275,72612.24219,14.31549072,2.894957397
203.8000031,318.1959963,71.55457777,26.04214396,56.81507941,0.8569069595,148.5458443,6.502072811,297.8355408,0,106.1764603,49.96356583,1.179416299,72618.28125,14.21973515,2.738751848
204,318.1959963,79.24816591,25.90263482,58.85184229,0.8954486754,173.4147304,6.501584053,297.9679871,0,105.8461761,14.98906994,78.71535492,72631.46094,14.5735445,2.971676169
204.1999969,318.1959963,74.45653791,26.25207645,57.34586587,0.8567954266,148.5458443,6.50412941,297.8596802,0,105.7434616,55.45127869,7.871535778,72638.35156,14.19161797,2.897384662
204.3999939,318.1959963,75.24979388,25.8894066,57.85638354,0.8661368576,164.0190256,6.506034374,298.1877747,0,104.6018524,16.63538361,149.1081238,72648.30469,14.31693172,2.893308382
204.6000061,318.1959963,77.66305435,25.8585719,57.13900385,0.8672583684,159.8067198,6.504868984,298.017395,0,102.7099686,125.3706818,14.91081238,72657.54688,14.281744,2.900815321
204.8000031,318.1959963,74.34012371,25.91291771,57.91251885,0.8752674597,163.6858309,6.5042696,297.8693237,0,101.2923813,71.1761322,1.491081238,72666.4375,14.39888382,2.801146555
205,318.1959963,71.61557018,26.07141921,57.73489205,0.868191573,148.5458443,6.505214214,298.0525208,0,100.1027069,21.35283852,99.15010834,72671.29688,14.31412792,2.746441476
205.1999969,318.1959963,75.96512199,25.84662938,58.0417326,0.8714173473,154.4640434,6.503608704,297.9204712,0,98.53198242,80.77418518,9.915010452,72678.1875,14.32148743,2.868302911
205.3999939,318.1959963,73.48155908,25.95974783,57.90474195,0.8869543005,149.8600993,6.502590179,298.3301697,0,97.61685944,24.23225594,182.100174,72683.22656,14.45645809,2.775329484
205.6000061,318.1959963,76.72655753,26.00452555,57.5023336,0.8683186119,161.3034504,6.499952793,298.1264954,0,97.09895325,163.5839233,18.21001625,72691.375,14.28824615,2.863191577
205.8000031,318.1959963,74.85688199,25.7764815,57.73895807,0.8629789816,152.752166,6.498808861,297.9468384,0,97.64316559,102.6213303,1.821001649,72697.39062,14.24925137,2.813166344
206,318.1959963,73.70138304,25.65260545,57.88095591,0.8727818266,161.1108354,6.500090599,298.1676941,0,98.63496399,30.78639793,116.2269669,72705.07031,14.36608982,2.822154207
206.1999969,318.1959963,78.45958178,26.34484171,57.51330181,0.8673944186,148.5458443,6.498392105,298.0176086,0,99.1108551,106.3357773,11.62269592,72711.65625,14.22424984,2.948634223
206.3999939,318.1959963,80.00983683,25.8775925,58.54239171,0.8773985241,166.1966144,6.49721241,297.8875122,0,100.2835922,59.1935997,1.162269592,72722.52344,14.36893082,2.985166579
206.6000061,318.1959963,76.94866908,25.91643272,57.85788834,0.8746497171,165.3661147,6.499280453,298.0310669,0,101.9170456,17.75807953,83.20482635,72732.82031,14.35952091,2.955528328
206.8000031,318.1959963,74.34923494,25.83924718,57.66870774,0.8591099411,150.7827235,6.503585339,297.9215393,0,102.714241,64.03614044,8.320482254,72739.59375,14.21492386,2.903594981
207,318.1959963,76.97881278,25.73786458,58.21479322,0.8666918843,162.545719,6.505728722,298.2451782,0,101.7925949,19.21084023,148.4741974,72749.24219,14.29522896,2.939495582
207.1999969,318.1959963,78.07484772,25.62207057,58.86548935,0.8885236441,164.5475229,6.506799221,298.09021,0,100.027916,128.7517853,14.84741879,72759.21875,14.48259258,2.95867207
207.3999939,318.1959963,74.53296717,25.83764206,57.65138024,0.8610077557,151.5965555,6.508607388,297.9447937,0,97.83154297,82.04959106,1.484741926,72765.21094,14.21904087,2.89557201
207.6000061,318.1959963,73.52385194,25.98236182,58.07451683,0.8647515316,148.5458443,6.509591579,298.1241455,0,94.90611267,24.6148777,97.95981598,72769.74219,14.24814987,2.874267165
207.8000031,318.1959963,73.6547072,25.57068927,57.81010276,0.8730784091,160.1706505,6.508945465,297.9976501,0,91.5920639,85.50813293,9.795981407,72775.91406,14.34284496,2.841112461
208,318.1959963,76.83064638,25.87894625,58.78621235,0.8903174299,174.6764331,6.50459671,297.8840942,0,88.53908539,45.17515182,0.9795981646,72785.36719,14.49825191,2.924731202
208.1999969,318.1959963,73.22667816,25.93623216,57.81373183,0.8632134051,152.0912381,6.502123356,297.9985962,0,87.2326355,13.55254555,70.79615021,72788.96875,14.22616005,2.843538927
208.3999939,318.1959963,74.26973714,25.71046001,57.65225644,0.8699991765,156.5032443,6.499908447,297.9024963,0,86.89756775,49.56267166,7.079615116,72793.70312,14.28197384,2.882730924
208.6000061,318.1959963,76.97626977,25.7721543,58.44438736,0.8752085346,162.7363122,6.496399879,298.1717834,0,87.45346832,14.86880207,126.526207,72800.53125,14.33231163,2.922464099
208.8000031,318.1959963,74.78407961,25.85439551,57.5285099,0.8641351213,148.5458443,6.49382925,298.028717,0,89.41799164,104.8432922,12.65262127,72804.11719,14.21626568,2.798685966
209,318.1959963,74.74261514,25.63548777,57.93840973,0.8714541359,159.9599917,6.492488861,297.8980103,0,92.40358734,59.90097046,1.265262127,72810.61719,14.32732582,2.77084674
209.1999969,318.1959963,73.88219319,25.60724697,58.61849618,0.8860288251,163.6398953,6.493308067,298.041626,0,95.92419434,17.97029114,83.73257446,72818.33594,14.48849869,2.741072972
209.3999939,318.1959963,77.87593825,25.91317364,57.85622832,0.8619683481,155.3280807,6.493426323,297.926178,0,99.11403656,64.66714478,8.373257637,72826.14062,14.21472454,2.853693618
209.6000061,318.1959963,74.35038335,25.73308854,57.91462009,0.8736178563,159.7415102,6.496076107,298.2514648,0,102.2657776,19.40014267,149.9680176,72834.39844,14.37272263,2.716698235
209.8000031,318.1959963,75.64693523,25.81092404,57.9874032,0.8622394181,151.9904622,6.498342991,298.0779114,0,104.3469391,129.7282715,14.99680233,72841.78125,14.25129986,2.723669903
210,318.1959963,76.65583309,25.73632392,59.25979251,0.9016492188,173.7004989,6.500509739,297.926239,0,105.5308304,76.84272766,1.499680161,72854.17188,14.65233421,2.764456264
210.1999969,318.1959963,77.91531397,26.50614308,57.31096568,0.8694652183,148.5458443,6.5022192,298.0917969,0,105.8471069,23.0528183,93.71137238,72861.97656,14.2532959,2.842391313
210.3999939,318.1959963,74.77454139,25.78933747,57.35751717,0.8694840757,157.5557654,6.505620956,297.9624634,0,105.4808197,78.54029083,9.371137619,72870.54688,14.32179832,2.728637988
210.6000061,318.1959963,76.14281378,25.76171084,57.45864552,0.8725170709,159.4147637,6.506529331,297.8531189,0,103.7466812,36.11798096,0.9371137619,72879.47656,14.34037304,2.732074335
210.8000031,318.1959963,74.05361006,25.79200637,58.49413499,0.888376114,164.1283705,6.507740021,297.9541016,0,101.6628418,10.83539391,65.96009064,72888.39844,14.51620865,2.684207346
211,318.1959963,73.25295719,25.90251302,57.40326723,0.8548483218,151.2174836,6.508617878,297.8572693,0,99.08571625,40.98272705,6.596009254,72893.97656,14.17903709,2.682518212
211.1999969,318.1959963,73.51350229,26.16393058,57.80249345,0.8602910942,148.5458443,6.506884098,298.1180725,0,96.15949249,12.29481792,123.8214874,72898.42188,14.21215534,2.652697715
211.3999939,318.1959963,76.5659126,25.65947849,58.35539626,0.8815236911,156.3514106,6.503347397,297.9726868,0,93.93434143,97.64762115,12.38214874,72904.74219,14.39618397,2.71369175
211.6000061,318.1959963,72.98790806,25.76677187,57.61015196,0.8663540434,158.1072697,6.500557899,297.8475952,0,93.12147522,49.96597672,1.23821485,72910.30469,14.2899332,2.595153339
211.8000031,318.1959963,79.4615548,25.91868808,58.49503415,0.8852294389,171.3240756,6.494858742,297.9868774,0,93.41612244,14.98979378,81.62770081,72920.42188,14.43623352,2.76730052
212,318.1959963,75.86706767,26.23495226,57.52815751,0.8644766871,148.5458443,6.492103577,297.8719788,0,96.00231171,58.25932693,8.162769318,72925.46875,14.21889687,2.686925558
212.1999969,318.1959963,73.26756135,25.76878876,58.8790379,0.8818145957,158.0916514,6.492306709,298.2071228,0,99.67173004,17.47779846,153.142807,72932.38281,14.45781231,2.560783516
212.3999939,318.1959963,77.41807303,25.6640391,57.62930099,0.8545493023,151.262145,6.49241066,298.0283203,0,103.2595215,129.1612091,15.31428051,72939.71875,14.16183662,2.66823637
212.6000061,318.1959963,74.32219479,26.07387488,58.5933517,0.8799074352,148.5458443,6.495274544,297.8782349,0,106.8155212,72.72587585,1.531427979,72946.53906,14.40809059,2.625412974
212.8000031,318.1959963,74.14878519,26.21539256,57.76626345,0.8593083364,148.5458443,6.498579979,298.0537109,0,109.2166748,21.81776428,97.40605927,72953.79688,14.2246685,2.609936867
213,318.1959963,76.81733604,25.77063152,58.01893976,0.8642805349,154.8163727,6.49965477,297.9130249,0,110.3030701,78.9187088,9.740606308,72963.09375,14.28035736,2.602033225
213.1999969,318.1959963,72.13577591,25.95695246,57.29849378,0.8570607763,148.5458443,6.503805161,298.3205261,0,110.9681854,23.6756115,182.3960419,72970.00781,14.22711182,2.492005197
213.3999939,318.1959963,75.20719028,26.10478198,57.80368598,0.8627986085,148.5458443,6.505011559,298.0990906,0,109.9559479,162.059082,18.23960304,72977.46875,14.25049686,2.55227861
213.6000061,318.1959963,76.38643166,25.72821185,59.04261044,0.8899404321,162.5882922,6.504700661,297.9151001,0,108.4806442,94.6333313,1.823960423,72987.79688,14.52980709,2.5668093
213.8000031,318.1959963,74.4438766,26.32155877,57.30871881,0.8561149243,148.5458443,6.50504446,298.1199646,0,107.1252823,28.38999939,111.4653091,72994.57031,14.17711258,2.56287921
214,318.1959963,82.01198547,25.91303803,57.77849596,0.872268525,160.3410909,6.501689434,297.961792,0,105.6253815,97.26654053,11.14653111,73005.42188,14.28856468,2.719295751
214.1999969,318.1959963,76.20958204,25.91503787,57.89960524,0.8711069866,162.5292585,6.501618385,297.8392029,0,105.4817657,45.66360855,1.114653111,73015.21875,14.33455467,2.621266716
214.3999939,318.1959963,77.63663441,25.97690056,59.11027981,0.893593248,164.1797678,6.50045681,297.9608459,0,105.3438492,13.69908237,75.06672668,73025.69531,14.53610706,2.639391081
214.6000061,318.1959963,79.33522512,26.13321928,59.0532985,0.8977128921,172.7002887,6.498757839,297.8499451,0,105.6847458,50.56272507,7.506672859,73038.48438,14.57300377,2.685482739
214.8000031,318.1959963,76.08838426,25.80716019,57.86459364,0.8641668455,153.8884249,6.500032902,298.1628418,0,106.7034454,15.16881752,144.2644501,73046.6875,14.26275253,2.603856139
215,318.1959963,78.81998535,25.93171998,57.67435081,0.877925896,165.4852725,6.499577045,297.9904175,0,107.2006073,118.3248596,14.42644501,73058.08594,14.3786478,2.64625027
215.1999969,318.1959963,75.24870241,25.85522354,57.34536108,0.8706732408,169.1719419,6.500331879,297.8467102,0,107.8952866,62.5971756,1.442644477,73069.39844,14.3598299,2.538776381
215.3999939,318.1959963,77.99463158,25.84950714,58.39381082,0.8805567114,167.795336,6.500883102,298.0131531,0,108.2785797,18.77915192,93.25783539,73081.30469,14.43245602,2.634274678
215.6000061,318.1959963,82.18198038,25.96842828,57.88847465,0.8760160092,168.7967783,6.500388145,297.8861389,0,108.4459763,71.52655792,9.32578373,73094.65625,14.34523964,2.738970055
215.8000031,318.1959963,76.70983785,25.98599867,57.72788951,0.8701194167,165.2381583,6.502747059,298.2734985,0,108.8141479,21.45796776,174.0030518,73105.84375,14.33543873,2.627574965
216,318.1959963,78.33643507,25.99345628,57.56938935,0.8617999126,153.5539183,6.50377512,298.0743103,0,108.2260132,151.7793579,17.40030479,73114.89844,14.2181673,2.637758119
216.1999969,318.1959963,75.70267957,25.8631301,57.89609012,0.8642865956,157.539298,6.506633759,297.9080505,0,107.240242,90.41223145,1.740030527,73123.97656,14.27402687,2.620500916
216.3999939,318.1959963,75.90809014,25.77983442,57.93780216,0.868782879,164.1865236,6.508677483,298.1097412,0,105.1005936,27.12366867,108.8806152,73134.03906,14.32345867,2.627380327
216.6000061,318.1959963,76.11023037,25.77037224,58.57060034,0.8792954569,158.3945015,6.509359837,297.9655457,0,102.1521149,94.50055695,10.88806152,73142.35156,14.39907837,2.62782195
216.8000031,318.1959963,76.70924648,25.66871887,57.62684215,0.8682301766,167.1940503,6.509265423,297.8475342,0,98.93256378,47.3525238,1.088806152,73152.08594,14.2958498,2.68029536
217,318.1959963,79.47714683,25.76946342,58.58908031,0.8931103093,174.0773364,6.505311012,297.9752808,0,95.74880981,14.20575714,77.19927216,73163.27344,14.51010895,2.694835345
217.1999969,318.1959963,71.18871837,25.78787296,58.13289595,0.8764880885,148.5458443,6.504700661,297.8665161,0,94.15699768,53.44468307,7.719926834,73166.61719,14.37244225,2.472350314
217.3999939,318.1959963,72.68535104,25.94646046,57.99972186,0.8822541038,148.5458443,6.50336647,298.1803589,0,92.78604889,16.0334053,144.6979218,73170.13281,14.39339352,2.535246244
217.6000061,318.1959963,74.41272291,25.64025231,58.59909483,0.8797998215,154.8886201,6.500535011,298.0154724,0,91.96183014,120.1204147,14.46979237,73175.125,14.3894434,2.536995498
217.8000031,318.1959963,71.59014192,25.99099907,57.70890614,0.8583361204,148.5458443,6.498122692,297.8705444,0,92.2728653,67.63674164,1.446979165,73178.16406,14.1973238,2.445197096
218,318.1959963,73.74740671,25.74016968,59.14015549,0.8922744225,169.3394104,6.494867325,298.0416565,0,93.54257965,20.29102325,95.77579498,73186.21875,14.55063438,2.465898233
218.1999969,318.1959963,73.59892855,26.19857023,57.15176943,0.8579716183,148.5458443,6.493327618,297.9101562,0,96.11860657,75.56106567,9.577579498,73190.60156,14.16837502,2.502690014
218.3999939,318.1959963,72.68593531,26.1095729,57.75922457,0.8607846125,148.5458443,6.494099617,298.300415,0,99.30210114,22.6683197,175.7687683,73195.34375,14.21964455,2.473585947
218.6000061,318.1959963,74.387327,26.1432923,57.22610552,0.8617729046,148.5458443,6.494816303,298.0962219,0,102.1747971,154.9283447,17.57687569,73201.07812,14.20762253,2.49430577
218.8000031,318.1959963,76.16475389,25.94704173,59.37620291,0.8940186098,165.1728318,6.496890068,297.9266357,0,104.7683792,92.8167572,1.757687569,73211.33594,14.54706097,2.582701344
219,318.1959963,81.00216283,25.89987976,59.40579066,0.8985626595,169.3282707,6.498293877,298.1229248,0,106.5279236,27.84502602,107.3191605,73224.16406,14.55523872,2.686084834
219.1999969,318.1959963,80.07636735,25.8580659,58.89333662,0.8974796619,174.4900396,6.500869274,297.9817505,0,107.7323837,94.09318542,10.73191547,73238.0625,14.56194973,2.677858138
219.3999939,318.1959963,74.63756979,26.01377706,57.17666087,0.8680900989,148.5458443,6.505063534,297.8605957,0,107.9007263,48.52451706,1.073191524,73245.19531,14.26987934,2.557335861
219.6000061,318.1959963,74.28370986,26.20226248,57.3314186,0.8623882083,148.5458443,6.507819176,297.9887695,0,106.3897476,14.55735493,77.46437836,73251.90625,14.22101212,2.527276647
219.8000031,318.1959963,78.37572032,25.77130202,58.84145287,0.8963640554,170.8199902,6.507462025,297.8774414,0,103.7863693,54.46601105,7.746438026,73263.67188,14.55547523,2.592832495
220,318.1959963,76.16641321,25.72226178,58.73621198,0.884452603,160.6731434,6.506845951,298.1880798,0,101.3315582,16.3398037,144.4337921,73272.17969,14.44741726,2.517474605
220.1999969,318.1959963,72.23091749,25.89614795,57.89078262,0.8763846865,148.5458443,6.507326126,298.0198669,0,99.11404419,119.75177,14.4433794,73276.6875,14.35855675,2.417617942
220.3999939,318.1959963,75.65004994,25.98074582,58.26360944,0.876228625,160.1835835,6.505640507,297.8792114,0,96.70006561,66.44111633,1.444337964,73284.13281,14.34857941,2.544966365
220.6000061,318.1959963,75.41871436,25.75121116,57.79776507,0.8699959972,163.212614,6.502527714,298.0370178,0,94.97093964,19.93233299,90.73616791,73291.66406,14.30407524,2.489386439
220.8000031,318.1959963,76.74242166,25.65914823,58.00581682,0.8699317497,164.6658366,6.49891758,297.9093323,0,94.48460388,70.89313507,9.073616982,73299.72656,14.29954815,2.512539761
221,318.1959963,77.92826421,26.06323946,57.84588231,0.8722669013,160.9223536,6.496238708,298.276123,0,95.43941498,21.26794052,166.7744751,73307.65625,14.28471184,2.573492848
221.1999969,318.1959963,77.67703913,25.78916452,58.62912617,0.8942165768,165.8269447,6.493560791,298.0801697,0,97.46116638,145.3728485,16.67744827,73316.76562,14.51516724,2.501958838
221.3999939,318.1959963,73.57468526,25.52693873,58.56911119,0.8942379136,172.248825,6.495549679,297.9181824,0,100.5569992,85.3657074,1.667744756,73326.79688,14.57769012,2.444142535
221.6000061,318.1959963,70.63853347,25.91139003,58.17760286,0.8788022655,148.5458443,6.499315262,298.0993652,0,102.8421097,25.6097126,101.3340607,73331.67969,14.40675259,2.362889984
221.8000031,318.1959963,77.14612492,25.85777677,57.90877369,0.8698790597,154.2633331,6.500920773,297.9617615,0,103.6299591,86.26478577,10.13340664,73339.6875,14.27872658,2.545590783
222,318.1959963,76.29089889,25.88693703,58.19078894,0.8737249711,158.5300297,6.502241611,297.8470764,0,103.7883911,41.15835571,1.013340592,73348.39062,14.33548641,2.521368052
222.1999969,318.1959963,76.11253209,25.88355593,57.60507538,0.8768637587,169.4287557,6.503368378,297.9611511,0,103.412468,12.34750652,71.74308014,73359.20312,14.37993526,2.512955007
222.3999939,318.1959963,78.06823633,25.91727179,57.77804171,0.8704827449,153.7640504,6.502996922,297.8571472,0,102.5856476,46.82349777,7.174307823,73367.14062,14.27028561,2.539308024
222.6000061,318.1959963,78.6599256,25.79983902,58.40589782,0.8729292187,164.7113726,6.501234055,298.1439209,0,101.9116592,14.04704857,135.1078339,73377.22656,14.3306551,2.505535754
222.8000031,318.1959963,77.12778332,25.77842573,57.79297576,0.8650052706,153.1193526,6.501074791,297.9863892,0,101.9426193,108.410553,13.5107832,73384.55469,14.23493767,2.485010764
223,318.1959963,75.18782001,25.74350753,58.16270116,0.8786798569,164.2272846,6.500799179,297.8510742,0,102.0275269,57.30092621,1.351078272,73393.625,14.40594292,2.41313424
223.1999969,318.1959963,74.67685299,25.79214623,58.52455175,0.8728406843,160.0297336,6.501032829,298.0049133,0,102.2282944,17.1902771,88.29225922,73401.75,14.35662651,2.403206842
223.3999939,318.1959963,75.46200071,25.6399086,58.79580951,0.8815632525,158.9035654,6.500370979,297.8792419,0,102.3334198,65.69905853,8.829226494,73409.78906,14.43024731,2.388346299
223.6000061,318.1959963,77.41137651,25.76934964,58.20262089,0.8745557578,165.0456407,6.49919939,298.2437134,0,102.7078705,19.7097168,166.0123596,73419.67969,14.35637569,2.435496107
223.8000031,318.1959963,80.07456974,25.82487285,57.94693107,0.8707215807,160.4079739,6.494013786,298.0295105,0,103.5499344,141.8642578,16.60123634,73429.26562,14.29880524,2.3808625
224,318.1959963,75.34244603,25.85814027,57.32614753,0.8744894254,165.8850976,6.491638184,297.8629456,0,106.4776917,74.3736496,1.660123587,73439.35156,14.38123131,2.264579344
224.1999969,318.1959963,78.7065831,26.40086755,57.80704573,0.8724524419,148.5458443,6.488885403,298.0343933,0,110.3335648,22.31209373,98.21595001,73447.625,14.29666805,2.357056879
224.3999939,318.1959963,76.58681446,25.82514285,58.97922204,0.888841206,162.8078188,6.490899086,297.8899841,0,115.3008652,77.57302094,9.821595192,73459.25781,14.52762794,2.329515095
224.6000061,318.1959963,77.39568724,25.81780862,58.82590589,0.8871212276,159.8173583,6.495401382,298.302887,0,119.4458618,23.27190781,185.7582855,73471.35156,14.50262833,2.374172634
224.8000031,318.1959963,79.67920186,25.6704738,58.70981701,0.8805738487,159.0246987,6.500593662,298.0839539,0,121.7970657,162.6839752,18.57582855,73484.36719,14.42836189,2.432114088
225,318.1959963,82.18198038,26.08163723,57.81469545,0.8735764892,169.3974942,6.505067348,297.9060974,0,122.0769424,95.40657043,1.857582808,73500.45312,14.34342003,2.513850115
225.1999969,318.1959963,79.99443677,25.98907887,58.63941691,0.9006150277,170.361726,6.511492729,298.1153259,0,120.571991,28.62197304,112.7992096,73515.9375,14.59914494,2.527000379
225.3999939,318.1959963,81.53539654,26.26060754,57.40131882,0.8679507386,167.1866913,6.514010906,297.9621887,0,116.4881439,98.61476135,11.27992058,73530.3125,14.27083683,2.512446259
225.6000061,318.1959963,77.65181621,25.96029843,58.94277841,0.89607396,168.7679303,6.516954422,297.8395691,0,111.4161453,48.54282379,1.127992153,73542.96094,14.56642628,2.476331291
225.8000031,318.1959963,76.84285343,25.75515887,58.16731006,0.8694767908,158.2149085,6.518818378,297.972229,0,105.1527405,14.56284714,79.131073,73551.98438,14.29712772,2.480179431
226,318.1959963,76.52333855,26.01806353,57.91536142,0.8645306979,148.5458443,6.518605709,297.8684082,0,98.14861298,55.23500443,7.913107395,73557.64062,14.19983292,2.509129166
226.1999969,318.1959963,72.93712193,26.02676078,58.19266453,0.8808671087,148.5458443,6.517017365,298.18396,0,91.233078,16.57050133,145.866333,73560.89062,14.35902119,2.424701816
226.3999939,318.1959963,72.26297078,26.15282747,57.9867964,0.8786366856,148.5458443,6.512835026,298.0287476,0,84.95071411,121.2744217,14.58663273,73562.67969,14.32204151,2.402103671
226.6000061,318.1959963,76.78013372,25.64860484,58.309295,0.8820296868,170.6557822,6.505194187,297.8899841,0,80.34527588,72.25994873,1.458663344,73569.32812,14.36602306,2.502352422
226.8000031,318.1959963,73.65685674,25.74334557,58.04555364,0.8743715238,159.6487305,6.498911381,298.0671082,0,78.79920959,21.67798424,97.08275604,73572.59375,14.29400253,2.446099256
227,318.1959963,75.54778785,26.25757068,57.95510614,0.8732733017,150.2110732,6.493002415,297.9559021,0,79.75080872,79.69953918,9.708275795,73574.78906,14.22519684,2.510076547
227.1999969,318.1959963,77.04584805,25.78443014,58.43060273,0.8757538879,162.555316,6.488770485,297.8514404,0,83.06916046,42.51661301,0.9708275795,73580.59375,14.29004288,2.525222152
227.3999939,318.1959963,72.63582893,25.6323042,58.08567392,0.8724619097,159.263866,6.489391804,297.9781189,0,88.07588959,12.7549839,75.76334381,73585.5,14.30856228,2.431242997
227.6000061,318.1959963,75.80143768,25.76426269,58.59261767,0.8873384052,163.7136921,6.491223335,297.8802795,0,92.8236084,51.67315292,7.576334476,73593.22656,14.42746258,2.506270122
227.8000031,318.1959963,73.48875047,25.88246302,58.17750585,0.8662123374,157.8228398,6.495471954,298.1719666,0,96.85034943,15.50194645,136.6336212,73599.88281,14.26039028,2.444256837
228,318.1959963,75.25631706,26.10762431,57.45258099,0.8714761978,150.7975621,6.500512123,298.0401611,0,99.17351532,112.3770599,13.66336155,73606.14062,14.2493248,2.499240336
228.1999969,318.1959963,74.43730389,26.01418348,57.4513257,0.8705871235,148.5458443,6.506606579,297.916687,0,99.48571014,71.16542816,1.366336107,73611.85938,14.24098206,2.518878819
228.3999939,318.1959963,73.26442283,26.22355488,58.73125729,0.8851541034,148.5458443,6.51086998,298.0825195,0,97.35925293,21.34962845,91.92645264,73616.76562,14.39188099,2.467972606
228.6000061,318.1959963,75.30073706,25.60443556,57.30329153,0.8693321017,157.931456,6.512287617,297.96698,0,93.53668976,76.37007904,9.192645073,73623.21094,14.24115658,2.470121283
228.8000031,318.1959963,77.28070792,25.89368306,57.73785098,0.879083301,168.5100504,6.509505749,297.8613892,0,89.15067291,38.36139297,0.919264555,73631.49219,14.32343197,2.485503795
229,318.1959963,76.28832613,25.72007362,58.37231523,0.8710131037,164.2541496,6.50485611,297.9688416,0,85.88197327,11.50841808,68.88294983,73637.8125,14.26989746,2.423566171
229.1999969,318.1959963,74.92108257,25.47011795,57.86136079,0.8739975332,169.1306831,6.501522064,297.873291,0,84.46578979,44.17974854,6.888295174,73644.47656,14.30951595,2.414576856
229.3999939,318.1959963,75.53932937,25.74183176,58.24290066,0.8716948346,156.5248593,6.498422623,298.1384888,0,84.37297058,13.25392437,125.0598984,73648.75,14.25047493,2.437424371
229.6000061,318.1959963,74.6092207,25.66705023,57.73170491,0.8677930418,152.0679541,6.496213436,298.0056458,0,85.52338409,100.7152786,12.50599003,73652.01562,14.21144867,2.392682134
