Time Step,Discharge rate,Sugar feed rate,Soil bean feed rate,Aeration rate,Back pressure,Water injection/dilution,pH,Temperature,Acid flow rate,Base flow rate,Cooling water,Heating water,Vessel Weight,Dissolved oxygen concentration,Yield Per Step
0,0,75.13206062,26.03079055,61.90696614,0.9115980088,123.1251365,6.504537106,298.0456543,0,0,2.965773344,9.999999747e-05,61852.98047,17.36340332,0.05758309971
0.200000003,0,76.34830139,25.96542334,61.02930941,0.9053861583,149.0602773,6.482563496,298.0126953,0,0,4.677890778,9.999999747e-05,61904.75,17.30330467,-3.057934829e-05
0.400000006,0,76.31690053,25.9654908,61.04199814,0.9055523777,148.1753553,6.466711044,297.9893799,0,7.566640854,9.999999747e-05,9.999999747e-05,61957.88281,17.29086494,-3.059813341e-05
0.6000000238,0,76.29371927,25.96554102,61.05154169,0.9056703194,147.5452345,6.460599422,297.969635,0,21.38397026,9.999999747e-05,9.999999747e-05,62012.71484,17.28054619,-3.059222325e-05
0.8000000119,0,76.27404919,25.96567879,61.06083491,0.9057698876,147.0485778,6.464909077,297.9532776,0,37.63352203,9.999999747e-05,9.999999747e-05,62070.75781,17.2663784,-3.054194235e-05
1,0,76.26846587,25.96589801,61.06572238,0.9057981769,146.984536,6.478872776,297.9404297,0,52.1561203,9.999999747e-05,9.999999747e-05,62131.81641,17.25873947,-3.044749424e-05
1.200000048,0,76.28414196,25.96612131,61.06240462,0.9057141728,147.5428227,6.496046066,297.9728088,0,61.09509659,9.999999747e-05,11.67642498,62194.69922,17.23036194,-3.037357885e-05
1.399999976,0,76.28996429,25.9663336,61.06225243,0.9056801044,147.8143354,6.515508652,297.9590454,0,63.18494415,9.036294937,1.167642474,62258.14844,17.22631454,-3.028731644e-05
1.600000024,0,76.31379263,25.96639856,61.05329185,0.905553622,148.5371901,6.529571533,297.95224,0,57.49265289,3.026469707,0.1167642474,62320.53125,17.20410156,-3.016976925e-05
1.799999952,0,76.32128599,25.96626592,61.04817907,0.9055157927,148.696725,6.535167217,297.9529724,0,46.20022202,9.999999747e-05,0.01167642511,62380.64062,17.1886425,-3.010185549e-05
2,0,76.32174909,25.96608117,61.04553769,0.9055174775,148.6136147,6.529931068,297.957489,0,32.68000031,9.999999747e-05,0.001167642535,62437.92578,17.16830444,-3.00908616e-05
2.200000048,0,76.31391856,25.96592891,61.04674294,0.9055649662,148.2922042,6.516309261,297.9662476,0,21.26260376,9.999999747e-05,0.0001167642477,62492.84375,17.15626907,-3.013291047e-05
2.400000095,0,76.3035637,25.96580347,61.04944947,0.9056217671,147.9294041,6.498066902,297.9770813,0,15.2867384,1.390878439,9.999999747e-05,62546.38672,17.13044739,-3.021336984e-05
2.599999905,0,76.28202931,25.9657768,61.057488,0.9057357702,147.2921436,6.481307983,297.9892273,0,16.59617233,3.791642904,9.999999747e-05,62600.10547,17.11829376,-3.030704155e-05
2.799999952,0,76.25841632,25.96579952,61.06684529,0.9058568236,146.633441,6.469496727,298.0004272,0,24.58947754,7.042937279,9.999999747e-05,62655.22266,17.09004593,-3.038722411e-05
3,0,76.2266212,25.96595185,61.08064897,0.9060233775,145.7833566,6.465621948,298.0114136,0,37.29585266,10.41432571,9.999999747e-05,62712.76953,17.07411957,-3.043453756e-05
3.200000048,0,76.20877942,25.96617381,61.08977707,0.9061184104,145.3628631,6.470046043,298.021637,0,51.54189301,14.13963604,9.999999747e-05,62775.19922,17.05738831,-3.043935022e-05
3.400000095,0,76.20969033,25.96647802,61.09233834,0.9061193013,145.5062895,6.481125832,298.0309143,0,64.01659393,18.008564,9.999999747e-05,62840.20703,17.03808403,-3.040416654e-05
3.599999905,0,76.22634561,25.96680556,61.08864518,0.9060396977,146.1103791,6.496634007,298.0401001,0,72.06400299,21.94329834,9.999999747e-05,62907.01953,17.02161598,-3.034075409e-05
3.799999952,0,76.249712,25.96704955,61.08101611,0.905921371,146.8886533,6.511222839,298.0471497,0,73.91496277,26.20797348,9.999999747e-05,62973.10156,16.9948101,-3.02679217e-05
4,0,76.26248752,25.96718179,61.07601756,0.9058588636,147.30811,6.520500183,298.0510254,0,69.94761658,30.06798363,9.999999747e-05,63038.35938,16.96262169,-3.02061367e-05
4.199999809,0,76.2615817,25.96718734,61.07529996,0.90586834,147.2687292,6.523691654,298.0549927,0,62.28371429,33.11806107,9.999999747e-05,63102.01172,16.93746758,-3.016899924e-05
4.400000095,0,76.25303689,25.96708405,61.07715103,0.9059146098,146.9678558,6.52015686,298.0592041,0,53.34634018,36.37278748,9.999999747e-05,63163.75,16.91192436,-3.016248466e-05
4.599999905,0,76.23714127,25.9669653,61.08226977,0.9059995055,146.4462338,6.511268139,298.0643616,0,45.8253479,39.85534286,9.999999747e-05,63223.83984,16.88776779,-3.018573186e-05
4.800000191,0,76.21729504,25.96687823,61.08951603,0.9061050454,145.8309045,6.500966072,298.0753784,0,41.85589218,43.83058929,9.999999747e-05,63283.11328,16.87565994,-3.023262371e-05
5,0,76.20016283,25.96682298,61.09595239,0.9061943333,145.3257128,6.489020348,298.0794983,0,41.99477386,50.00555801,9.999999747e-05,63342.20312,16.83832169,-3.028665253e-05
5.199999809,0,76.17312085,25.96695688,61.10788102,0.9063459222,144.5904883,6.478326321,298.0790405,0,46.9128952,54.16975021,9.999999747e-05,63402.03906,16.80150986,-3.033043246e-05
5.400000095,0,76.14946244,25.96718822,61.11919907,0.9064853681,143.9945447,6.472646236,298.0822449,0,56.0991478,56.9600029,9.999999747e-05,63463.65625,16.77684975,-3.035824364e-05
5.599999905,0,76.14188812,25.96748125,61.12432936,0.9065437332,143.893837,6.472594261,298.0866089,0,67.54504395,61.03700256,9.999999747e-05,63527.60547,16.74942589,-3.036445531e-05
5.800000191,0,76.15070127,25.9678859,61.1234309,0.9065238633,144.3020234,6.478610039,298.0943298,0,79.0092392,65.59724426,9.999999747e-05,63594.03906,16.72508049,-3.034571789e-05
6,0,76.1762682,25.96832168,61.11537631,0.9064173113,145.212839,6.487036705,298.0978699,0,88.06526184,71.47627258,9.999999747e-05,63662.48047,16.68979836,-3.030493495e-05
6.199999809,0,76.20249069,25.96876726,61.10646602,0.9063100639,146.1551067,6.496415138,298.1009216,0,93.76222992,76.1832428,9.999999747e-05,63732.27734,16.65625191,-3.025137262e-05
6.400000095,0,76.22444811,25.96910116,61.09791007,0.9062184928,146.9556861,6.503561974,298.0997314,0,95.71232605,80.87586212,9.999999747e-05,63802.57422,16.61643219,-3.01966588e-05
6.599999905,0,76.23407915,25.9693495,61.09375795,0.9061898401,147.3813889,6.50866127,298.1015625,0,94.81408691,84.22557831,9.999999747e-05,63872.77734,16.58205414,-3.015159878e-05
6.800000191,0,76.23524655,25.96948357,61.09258171,0.9061993553,147.5300128,6.507858276,298.094696,0,91.8756485,88.60605621,9.999999747e-05,63942.27734,16.53430176,-3.011996916e-05
7,0,76.22286136,25.96963084,61.09804105,0.9062885099,147.2966183,6.503685951,298.0913086,0,89.27127075,90.03153229,9.999999747e-05,64011.15625,16.49428177,-3.010511854e-05
7.199999809,0,76.20819458,25.96972064,61.10464734,0.9063875489,146.9855017,6.497005939,298.0896606,0,88.32807159,92.47032928,9.999999747e-05,64079.73828,16.45261383,-3.010998755e-05
7.400000095,0,76.19372487,25.96988106,61.11191193,0.9064943793,146.7308746,6.490190029,298.0931091,0,90.05421448,95.35223389,9.999999747e-05,64148.62109,16.41374588,-3.012862428e-05
7.599999905,0,76.18584434,25.9701086,61.11657339,0.9065738246,146.7259493,6.486598492,298.1080017,0,94.49909973,99.90871429,9.999999747e-05,64218.51562,16.38167,-3.015728104e-05
7.800000191,0,76.19002092,25.97041127,61.11569169,0.9065944673,147.135891,6.484622002,298.1208496,0,100.3696442,108.5136566,9.999999747e-05,64289.71094,16.34029579,-3.018404544e-05
8,0,76.20059643,25.97088211,61.11256697,0.9065990447,147.867939,6.483889103,298.1304626,0,107.0357895,116.8862762,9.999999747e-05,64362.41406,16.2958622,-3.019818322e-05
8.199999809,0,76.21657908,25.9714207,61.10677708,0.906583484,148.8500709,6.483898163,298.1365051,0,113.9961395,124.6418839,9.999999747e-05,64436.73047,16.24882507,-3.020020062e-05
8.399999619,0,76.23531759,25.97201311,61.09928786,0.9065603072,150.0091936,6.482308865,298.130127,0,120.954567,131.5466003,9.999999747e-05,64512.60547,16.19366074,-3.018752674e-05
8.600000381,0,76.25282624,25.97266973,61.09225351,0.9065555897,151.26764,6.481067657,298.12677,0,128.5563354,134.4160614,9.999999747e-05,64590.27344,16.14355469,-3.016807528e-05
8.800000191,0,76.27258486,25.97329381,61.08293187,0.9065320164,152.6145748,6.482931614,298.1405029,0,136.6483002,138.1838379,9.999999747e-05,64669.97656,16.10107803,-3.016113155e-05
9,0,76.29487369,25.97399923,61.07115593,0.9064931152,154.1124233,6.484174728,298.1468811,0,143.9855347,147.7048645,9.999999747e-05,64751.45703,16.04751968,-3.015828772e-05
9.199999809,0,76.31153879,25.97499483,61.06224846,0.9065161603,155.79357,6.484796047,298.1514282,0,150.8375397,155.0739136,9.999999747e-05,64834.67188,15.99399948,-3.014887242e-05
9.399999619,0,76.32423683,25.97606676,61.05450839,0.9065649504,157.4806985,6.484563828,298.1547852,0,157.4410706,162.0977631,9.999999747e-05,64919.56641,15.93905067,-3.013994624e-05
9.600000381,0,76.33325454,25.97728346,61.04805511,0.9066445304,159.2453347,6.48514986,298.1726074,0,164.138382,168.8969116,9.999999747e-05,65006.27734,15.88909531,-3.014505338e-05
9.800000191,0,76.34067879,25.97862071,61.04157488,0.9067360214,161.0712048,6.484035015,298.1791077,0,170.5957184,180.8288879,9.999999747e-05,65093.82031,15.82893467,-3.015567549e-05
10,0,76.34236141,25.98040926,61.0378612,0.9069010744,163.2728397,6.482377529,298.1905823,0,177.5071716,189.4069824,9.999999747e-05,65183.25,15.77245998,-3.016519343e-05
10.19999981,0,76.34307411,25.98220968,61.03382834,0.9070595411,165.43697,6.479751587,298.2001038,0,185.0779419,200.0341797,9.999999747e-05,65274.66797,15.71265125,-3.01816911e-05
10.39999962,0,76.34134684,25.98425514,61.03042304,0.9072415365,167.801056,6.477013588,298.2225342,0,193.7005615,210.3839722,9.999999747e-05,65368.40625,16.47302818,-3.021244594e-05
10.60000038,0,76.46953902,25.97343303,60.997299,0.9053100704,157.0793604,6.473590374,298.2459717,0,203.4156952,225.5484772,9.999999747e-05,65461.99609,16.41881561,-3.025990683e-05
10.80000019,0,76.47673104,25.97349596,60.99318455,0.9053077206,157.518844,6.469073772,298.2605286,0,214.5019531,241.8134918,9.999999747e-05,65557.92969,16.37685585,-3.030370636e-05
11,0,76.48371815,25.97332822,60.98976409,0.9052783581,157.7645931,6.463199139,298.2610168,0,225,255.8864899,9.999999747e-05,65656.01562,16.32977676,-3.032969719e-05
11.19999981,0,76.48841358,25.9729346,60.98635347,0.9052458758,157.8809999,6.455795765,298.2703857,0,225,265.7141418,9.999999747e-05,65754.14062,16.28546906,-3.035803538e-05
11.39999962,0,76.48714718,25.97301991,60.98547597,0.9052994463,158.2602146,6.446923256,298.2781067,0,225,278.7310486,9.999999747e-05,65852.32812,16.23773003,-3.040221835e-05
11.60000038,0,76.48557774,25.97311453,60.98527235,0.905365332,158.7163551,6.43719101,298.3023682,0,225,291.4682617,9.999999747e-05,65950.66406,16.19324684,-3.046900919e-05
11.80000019,0,76.48396404,25.97316543,60.98571593,0.90543386,159.1808152,6.426151276,298.3091125,0,225,310.2041016,9.999999747e-05,66049.03906,16.13900185,-3.054125582e-05
12,0,76.48165365,25.97321769,60.98675495,0.9055244973,159.8194163,6.414669991,298.3387146,0,225,323.6941833,9.999999747e-05,66147.61719,16.09142685,-3.062521976e-05
12.19999981,0,76.47941214,25.97312423,60.9880507,0.9056053088,160.3831775,6.402544022,298.3686218,0,225,345.445343,9.999999747e-05,66246.32031,16.03812599,-3.073798663e-05
12.39999962,0,76.47687995,25.97300459,60.99038644,0.905708512,161.1377374,6.390156269,298.4208069,0,225,368.2381592,9.999999747e-05,66345.26562,15.98724747,-3.087918935e-05
12.60000038,0,76.47461759,25.97271622,60.99338124,0.9058113273,161.9134554,6.377364159,298.4776917,0,225,399.8457336,9.999999747e-05,66444.41406,15.93159199,-3.105303281e-05
12.80000019,0,76.47248124,25.97222146,60.99754598,0.905929218,162.8759762,6.364020824,298.5164185,0,225,434.8591919,9.999999747e-05,66543.73438,15.86972237,-3.121701857e-05
13,0,76.46988337,25.97142953,61.00231475,0.906051967,163.9829287,6.350053787,298.52771,0,225,465.7066345,9.999999747e-05,66643.24219,15.80333042,-3.133702257e-05
13.19999981,0,76.46610119,25.97037827,61.00706034,0.906166987,165.1288848,6.335815907,298.5474854,0,225,488.6784363,9.999999747e-05,66742.99219,15.73846722,-3.144137283e-05
13.39999962,0,76.4615475,25.96909408,61.01175233,0.9062597344,166.1686514,6.320932388,298.5366516,0,225,515.1990967,9.999999747e-05,66842.88281,15.66678333,-3.152597793e-05
13.60000038,0,76.45585643,25.96756808,61.01719841,0.9063505678,167.3377057,6.305967808,298.5458984,0,225,531.8463135,9.999999747e-05,66943.03906,15.5980444,-3.160391538e-05
13.80000019,0,76.44886883,25.96588999,61.02259955,0.9064137935,168.3447509,6.291498184,298.6126404,0,225,555.2487183,9.999999747e-05,67043.51562,15.53225327,-3.176819221e-05
14,0,76.4428512,25.96351234,61.02944973,0.9064358846,169.3038657,6.276749134,298.6437073,0,225,598.6723633,9.999999747e-05,67144.14062,15.45859528,-3.195735049e-05
14.19999981,0,76.43812494,25.96038781,61.03770247,0.906415113,170.3776333,6.262380123,298.6878967,0,225,631.8652954,9.999999747e-05,67245.00781,15.39146423,-3.212480436e-05
14.39999962,0,76.43216331,25.95716813,61.04527491,0.9063447667,171.156964,6.249492645,298.757019,0,225,671.0178833,9.999999747e-05,67346.125,15.35127068,-3.233315832e-05
14.60000038,0,76.43397002,25.95371991,61.05044765,0.9061731904,171.1526435,6.254376888,298.6490479,0,225,720.3267822,9.999999747e-05,67447.32812,16.56351089,0.0004983714786
14.80000019,0,76.54190062,25.97001376,61.03979313,0.9052198103,156.0893543,6.299441814,298.2016602,0,225,710.9450073,9.999999747e-05,67545.74219,16.59193993,0.02647008178
15,0,76.53795789,25.97061839,61.0300958,0.9052285658,156.5542452,6.341314793,297.8987732,0,225,581.7444458,9.999999747e-05,67644.41406,16.59474182,0.03207332955
15.19999981,0,76.52494521,25.9709,61.00734744,0.9051618458,157.1523255,6.379705906,299.8425293,0,225,174.5233307,581.0079956,67743.03906,16.59838104,0.03132441523
15.39999962,0,76.51140235,25.96923311,60.99361467,0.9048106522,156.0490084,6.414373875,299.3554077,0,225,843.5914307,58.10079956,67841.26562,16.59636307,0.03110568274
15.60000038,0,76.55944834,25.97294668,61.04037559,0.905497102,158.3701814,6.445384502,298.8170776,0,225,730.055603,5.810080051,67940.14844,16.604599,0.04238229881
15.80000019,0,76.54823482,25.97431406,61.01800429,0.9054860195,159.6255045,6.472592354,298.5107727,0,225,598.8115845,0.5810080171,68039.64844,16.60840607,0.03851066306
16,0,76.5289065,25.97498757,60.98332055,0.9053357437,160.4629569,6.496098995,298.3257446,0,225,527.8104248,0.05810080096,68139.55469,16.61059189,0.03675227649
16.20000076,0,76.51633295,25.97502971,60.95992334,0.9052158185,160.8046979,6.516526222,298.1759644,0,225,485.4328918,0.005810080096,68239.61719,16.61207962,0.04173736406
16.39999962,0,76.50841866,25.97492083,60.94465208,0.9051330041,160.9456635,6.533677101,298.0880737,0,218.9178009,447.356842,0.0005810080329,68338.60156,16.61303711,0.04183373727
16.60000038,0,76.5042614,25.97527909,60.92973544,0.9051088059,161.5309367,6.547849655,298.0207825,0,205.976059,424.7620544,9.999999747e-05,68435.09375,16.61229324,0.04606206049
16.79999924,0,76.505055,25.97602409,60.91226398,0.9051485759,162.648254,6.559062481,297.9647827,0,187.3646545,405.5096436,9.999999747e-05,68528.00781,16.61044312,0.05223771502
17,0,76.51060504,25.97663669,60.8918042,0.9052242056,164.0069673,6.551810265,297.90802,0.5191753507,93.68232727,387.4741516,9.999999747e-05,68602.04688,16.59018898,0.06484177897
17.20000076,0,76.53792425,25.97212622,60.85929163,0.9056039952,166.4598255,6.517409325,299.3739319,1.040612459,46.84116364,116.2422485,408.9034424,68666.90625,16.58408546,0.06645979437
17.39999962,0,76.41225384,25.96700364,60.97069694,0.9056446327,156.9813125,6.48304224,299.2105408,0,40.48704147,618.9580078,40.89034653,68728.03906,16.58186913,0.07268510035
17.60000038,0,76.56575059,25.96452363,60.93142622,0.9063671612,166.0899181,6.457283974,298.9681702,0,47.79281616,603.1150513,4.089034557,68792.625,16.59084129,0.08275066486
17.79999924,0,76.56313863,25.96366116,60.94297597,0.9065065147,166.6971959,6.445694923,298.7767639,0,65.37364197,566.1204224,0.4089034498,68861.01562,16.59747505,0.0912535429
18,0,76.56177803,25.96421084,60.94383559,0.9066767048,167.9427166,6.44852066,298.643219,0,87.57126617,538.2113647,0.04089034349,68934.29688,16.60609055,0.09512983521
18.20000076,0,76.56481499,25.96635658,60.93278015,0.9066911661,168.9528713,6.460842133,298.555481,0,108.6365967,522.7000122,0.004089034628,69012.17188,16.61326981,0.09678886389
18.39999962,0,76.56838752,25.96921511,60.91566761,0.9065415189,169.4139878,6.476098537,298.4421082,0,124.788414,517.5490723,0.0004089034628,69093.39062,16.61642647,0.1164760757
18.60000038,0,76.56864039,25.9714788,60.90139937,0.9063374171,169.3777092,6.491739273,298.3502502,0,134.8584747,499.9286499,9.999999747e-05,69176.69531,16.61858177,0.1260220742
18.79999924,0,76.56414572,25.97295508,60.88959952,0.9061308613,169.0275773,6.50612545,298.2845764,0,138.6803741,485.664917,9.999999747e-05,69260.75,16.6193924,0.1322078955
19,0,76.56156934,25.97370796,60.87955952,0.906003916,168.8920244,6.518314362,298.2204895,0,136.7531281,476.8334961,9.999999747e-05,69344.38281,16.61893654,0.1466312032
19.20000076,0,76.56186236,25.97381812,60.8716226,0.9059536094,168.9597741,6.527783394,298.1738586,0,129.9534149,465.8899536,9.999999747e-05,69426.66406,16.61822128,0.1562758861
19.39999962,0,76.56379092,25.97338013,60.86635253,0.9059475191,169.0638692,6.533546448,298.0958557,0,119.3680649,458.543396,9.999999747e-05,69506.71875,16.6155529,0.1901484034
19.60000038,0,76.56557827,25.97220396,60.8683386,0.9059667229,168.9033022,6.535646439,298.0777588,0,106.4808502,438.5071106,9.999999747e-05,69584.24219,16.61455536,0.1839754612
19.79999924,0,76.56511034,25.97065658,60.87598176,0.9059687392,168.424062,6.533415318,298.1074829,0,92.75374603,436.4442139,9.999999747e-05,69658.98438,16.61309433,0.1759628383
20,0,76.56629276,25.96882617,60.88752666,0.9060201844,168.1401621,6.525104523,298.1044312,0,79.92172241,449.7484131,9.999999747e-05,69730.96875,16.61004257,0.2081024987
20.20000076,0,76.56630408,25.96671789,60.90508707,0.9060857657,167.7883778,6.512164593,298.0971985,0,70.4200058,452.505249,9.999999747e-05,69800.92969,16.60860062,0.2334029819
20.39999962,0,76.56263655,25.96485023,60.92470631,0.9061143005,167.2645623,6.497909069,298.098053,0,66.090065,453.9446716,9.999999747e-05,69869.92969,16.60853386,0.2530642016
20.60000038,0,76.55966514,25.96353912,60.94013307,0.9061607282,167.0907025,6.485151768,298.0695496,0,67.4517746,457.9407349,9.999999747e-05,69939.10938,16.60930634,0.2988113144
20.79999924,0,76.55870731,25.9628444,60.94994084,0.9062273681,167.2622251,6.477040768,298.02948,0,73.9072876,451.7738342,9.999999747e-05,70009.625,16.61215019,0.340513795
21,0,76.55790684,25.96291348,60.95388959,0.9062694658,167.481285,6.474380493,297.9743652,0,83.59673309,440.7776184,9.999999747e-05,70082.13281,16.61566544,0.390352676
21.20000076,0,76.55741572,25.96366462,60.95258485,0.9062654866,167.5867289,6.476820946,297.9188843,0,94.34725189,423.1640625,9.999999747e-05,70156.85938,16.61942291,0.4336428394
21.39999962,0,76.55623292,25.96489461,60.94806737,0.9061969155,167.4164076,6.483727455,299.4353333,0,104.1223526,126.9492111,442.2525024,70233.39062,16.62310219,0.4235024624
21.60000038,0,76.58033719,25.97095531,60.98687985,0.9058602787,162.4103021,6.49271059,299.3330688,0,111.1365967,647.5064087,44.22525024,70310.17188,16.62187004,0.4033377763
21.79999924,0,76.63377311,25.96854859,60.88673601,0.9070248357,174.4999893,6.501272202,299.0949097,0,114.5650635,654.6763306,4.422524929,70390.17188,16.63606453,0.448159021
22,0,76.63254696,25.96883872,60.88734778,0.9069428171,174.265818,6.508765221,298.8823242,0,114.5768127,623.2661743,0.4422525167,70470.21094,16.63679123,0.4860408191
22.20000076,0,76.62779461,25.96912324,60.88173892,0.9068608156,174.2812721,6.51490736,298.741394,0,111.5935211,592.7718506,0.04422524944,70549.78906,16.63742256,0.4890303511
22.39999962,0,76.62263924,25.96903344,60.87942647,0.9067792474,174.0582834,6.518645763,298.6191711,0,106.1544571,578.8284912,0.004422524944,70628.25781,16.63644409,0.5227361841
22.60000038,0,76.61912756,25.96832188,60.88413832,0.9067538531,173.7786047,6.520148754,298.5552063,0,99.22355652,565.5188599,0.0004422524944,70705.38281,16.6363163,0.5196824143
22.79999924,0,76.61578279,25.96733435,60.89184809,0.9067346116,173.4163395,6.51811552,298.4686584,0,91.69117737,567.5844727,9.999999747e-05,70780.84375,16.63446808,0.5824029703
23,0,76.61263292,25.96588998,60.90615361,0.9067496154,172.9834778,6.513445854,298.4054871,0,84.97651672,559.0307007,9.999999747e-05,70854.90625,16.63399506,0.6124551907
23.20000076,0,76.60716303,25.96449266,60.922027,0.9067270527,172.3807789,6.506037712,298.3159485,0,80.12706757,555.4571533,9.999999747e-05,70927.79688,16.6327858,0.6932575873
23.39999962,0,76.60127809,25.96310867,60.9401314,0.9067076239,171.7630097,6.497814178,298.2217407,0,78.24132538,540.2473145,9.999999747e-05,71000.15625,16.63287926,0.7658075634
23.60000038,0,76.59385804,25.96207278,60.95718005,0.9066551551,171.0832615,6.490864277,298.1367493,0,79.63889313,520.267334,9.999999747e-05,71072.69531,16.63396263,0.826401022
23.79999924,0,76.58722,25.96153844,60.97069906,0.9065978115,170.5059246,6.486532211,298.0614929,0,83.80965424,499.9653015,9.999999747e-05,71145.98438,16.63592529,0.8850094924
24,0,76.58225866,25.96155373,60.97959999,0.9065379642,170.0133488,6.486392975,298.0380249,0,89.70866394,479.7663879,9.999999747e-05,71220.51562,16.639328,0.8796733693
24.20000076,0,76.58048462,25.96216317,60.98200567,0.9064877058,169.7505008,6.48837471,298.0011597,0,95.65812683,474.5399475,9.999999747e-05,71296.1875,16.64171791,0.9490372363
24.39999962,0,76.58089785,25.96289402,60.98150545,0.9064515069,169.5837976,6.492529869,297.9913025,0,100.8212814,463.4240723,9.999999747e-05,71372.96094,16.64483833,0.9651059895
24.60000038,0,76.58146149,25.96373517,60.97983474,0.9063957475,169.3765438,6.496930122,297.9628601,0,104.3219681,460.3478699,9.999999747e-05,71450.375,16.64640236,1.04219706
24.79999924,0,76.58202401,25.96429667,60.97926861,0.9063506331,169.1722592,6.501147747,297.9327393,0,106.0688705,450.2775879,9.999999747e-05,71528.10938,16.64783669,1.10357137
25,0,76.58122622,25.96463326,60.98138197,0.9062894637,168.8091869,6.504908562,299.476532,0,106.1300812,135.0832672,465.651123,71605.54688,16.64792442,1.124317415
25.20000076,0,76.67213699,25.97224849,61.05536602,0.9059831898,163.3238249,6.507966518,299.3901672,0,104.6878128,665.3917236,46.56511307,71681.38281,16.64373398,1.10419502
25.39999962,0,76.65512319,25.96565578,60.93490519,0.9072045115,175.1657021,6.509495735,299.177063,0,102.0231857,679.3881836,4.656511307,71759.15625,16.65819168,1.16816439
25.60000038,0,76.65178578,25.96482465,60.94949081,0.9071945773,174.6873434,6.510102749,299.0183411,0,98.74965668,658.6500854,0.4656511247,71836.3125,16.65941811,1.18325232
25.79999924,0,76.64791041,25.96417167,60.95786922,0.9071916597,174.6736376,6.509051323,298.8683167,0,95.23149109,649.6295776,0.04656511173,71912.78125,16.65989685,1.251784524
26,0,76.64363174,25.96328415,60.97061346,0.9071907107,174.4572652,6.506662369,298.7325439,0,92.13634491,637.2498779,0.004656511359,71988.63281,16.66052437,1.317944412
26.20000076,0,76.63786763,25.96235643,60.98505911,0.9071623073,174.0604551,6.502923965,298.5841064,0,89.99596405,624.0966187,0.000465651101,72063.95312,16.66071892,1.418594006
26.39999962,0,76.63079076,25.96139582,61.00210542,0.907113755,173.492745,6.498927593,298.4461365,0,89.35095978,601.3690186,9.999999747e-05,72139.0625,16.66153336,1.496880659
26.60000038,0,76.62236495,25.96063049,61.01912522,0.9070272009,172.7753466,6.495612144,298.3276062,0,90.30115509,576.7871094,9.999999747e-05,72214.27344,16.66268158,1.559991339
26.79999924,0,76.61457235,25.96016674,61.03477769,0.9069282851,172.0090001,6.492222786,298.1712952,0,92.57429504,553.6651611,9.999999747e-05,72289.71875,16.66292763,1.696918232
27,0,76.60572758,25.95987611,61.05131052,0.9068020364,170.9605975,6.489963055,298.02005,0,96.20561218,512.9113159,9.999999747e-05,72365.69531,16.66392899,1.792680908
27.20000076,0,76.59523036,25.96002329,61.06656736,0.9066131358,169.5601292,6.490374565,297.9278564,0,100.7369919,468.3295288,9.999999747e-05,72442.4375,16.66597176,1.809296817
27.39999962,0,76.5886951,25.96071082,61.07777145,0.9064366534,168.2511706,6.492135525,299.4365845,0,105.0986557,140.4988556,472.6092224,72519.5625,16.66609383,1.847639763
27.60000038,0,76.74524843,25.9722363,61.18298012,0.9063003393,162.436893,6.494421959,299.237793,0,108.7600632,658.9911499,47.26092148,72596.03125,16.66395187,1.882708636
27.79999924,0,76.66355481,25.96299939,61.04005638,0.9073133278,173.9621332,6.497135639,298.9439697,0,111.5093918,632.9692383,4.726092339,72675.5,16.67930794,1.951853012
28,0,76.6552639,25.96287117,61.05691002,0.907166498,172.9548185,6.49998045,298.6951904,0,113.1735687,579.5115356,0.4726092219,72755.21094,16.68050003,2.007097576
28.20000076,0,76.64480015,25.96296953,61.07094874,0.9070155875,172.0771535,6.502645493,298.4975586,0,113.7007751,531.2850342,0.04726092145,72834.95312,16.68133354,2.052615875
28.39999962,0,76.6341171,25.96306865,61.08619676,0.90684424,170.8575872,6.504940987,298.3475952,0,113.162941,491.0397339,0.004726092331,72914.4375,16.6816349,2.087576679
28.60000038,0,76.62536208,25.96304249,61.10243369,0.9066930178,169.6165935,6.506451607,298.2268372,0,111.7075424,459.4385986,0.0004726092156,72993.42969,16.68140411,2.131109627
28.79999924,0,76.61832557,25.96279608,61.11950107,0.9065712442,168.4857481,6.50768137,298.158844,0,109.6493301,431.9352722,9.999999747e-05,73071.89062,16.68230438,2.135682046
29,0,76.61407345,25.96249482,61.13613652,0.9064745066,167.5535807,6.507341385,298.0799866,0,107.0976486,417.8895264,9.999999747e-05,73149.60156,16.68110085,2.20860197
29.20000076,0,76.60921508,25.96181151,61.15305101,0.906413179,166.8354371,6.506700516,298.0403442,0,104.6861191,397.148407,9.999999747e-05,73226.77344,16.68229294,2.221346322
29.39999962,0,76.60648467,25.96128951,61.17129114,0.9063418723,166.0765707,6.505856037,298.0321045,0,102.5270081,387.0664673,9.999999747e-05,73303.4375,16.68347549,2.22988462
29.60000038,0,76.60564575,25.96072096,61.1878594,0.9063143782,165.6656628,6.50386858,298.005127,0,100.705307,386.0303955,9.999999747e-05,73379.57812,16.68312263,2.30005733
29.79999924,0,76.60351808,25.95998324,61.20399733,0.9063073559,165.3811831,6.501512527,297.9787292,0,99.68172455,377.9947815,9.999999747e-05,73455.45312,16.68400192,2.349772654
30,0,76.60239885,25.95948285,61.22180969,0.9062823915,164.9077613,6.498999119,297.9468079,0,99.59802246,369.2747498,9.999999747e-05,73531.17969,16.684618,2.404881688
30.20000076,0,76.60214958,25.9591829,61.23959958,0.9062615097,164.3909451,6.496356964,299.1769409,0,100.5190964,110.7824249,382.8807373,73606.69531,16.68414307,2.459986961
30.39999962,0,76.84736195,25.97209371,61.4082382,0.9066522951,159.4359785,6.495781422,299.1206665,0,102.4968948,533.4265137,38.28807449,73681.60938,16.68855286,2.423000672
30.60000038,0,76.66300551,25.96036904,61.21691085,0.9071855958,170.3137558,6.49571228,298.9446411,0,104.6976929,548.9215698,3.828807592,73759.16406,16.69950867,2.485890835
30.79999924,0,76.65932692,25.95989514,61.24049105,0.9071720791,169.5411242,6.495988369,298.7598877,0,106.9311066,530.6412354,0.3828807473,73837.03125,16.70100212,2.544772029
31,0,76.65617227,25.95972836,61.26734123,0.9071293757,168.6996609,6.496104717,298.5629272,0,109.0545654,503.6392822,0.03828807548,73915.13281,16.70120239,2.611219452
31.20000076,0,76.65113429,25.9596984,61.29391526,0.9070463292,167.5467323,6.496807575,298.3983154,0,111.1331711,465.5661011,0.003828807501,73993.48438,16.70259476,2.649848235
31.39999962,0,76.64718873,25.96011046,61.31719919,0.9069188651,166.0869835,6.497900963,298.2607727,0,112.9281921,431.3669434,0.0003828807385,74071.96094,16.70331383,2.68536689
31.60000038,0,76.64560166,25.96068203,61.337742,0.9068079263,164.6736983,6.499300003,298.1513367,0,114.2864075,400.0882874,9.999999747e-05,74150.48438,16.70423698,2.716119587
31.79999924,0,76.64640119,25.96133703,61.35631909,0.9067168669,163.3632553,6.500504017,298.0543213,0,115.0852737,373.1429749,9.999999747e-05,74228.92188,16.70435905,2.75192497
32,0,76.64801086,25.96188727,61.37384743,0.9066470526,162.196658,6.501775742,297.9841614,0,115.4042664,346.1692505,9.999999747e-05,74307.24219,16.70555115,2.778086843
32.20000076,0,76.65212482,25.9624792,61.39145432,0.9065938117,161.1186575,6.502896309,297.9338074,0,115.2136002,324.7271423,9.999999747e-05,74385.34375,16.70655823,2.804316009
32.40000153,0,76.65679324,25.96290729,61.40881462,0.9065648354,160.2457595,6.503403664,299.003418,0,114.5754776,97.41814423,335.524292,74462.9375,16.70609093,2.829833586
32.59999847,0,76.9796469,25.97822081,61.64797687,0.9074408734,155.729056,6.502708912,298.8712158,0,113.7359848,464.3282166,33.5524292,74539.26562,16.7095623,2.849822356
32.79999924,0,76.69525175,25.9618477,61.43527604,0.9072556312,164.8864408,6.50295639,298.7140808,0,113.1763535,448.3199768,3.355242729,74617.46875,16.71689796,2.872893377
33,0,76.68838883,25.96136532,61.46014885,0.9072142943,163.7411302,6.503387451,298.5913696,0,112.5106812,427.7745361,0.3355242908,74695.42188,16.71919441,2.893996137
33.20000076,0,76.68687346,25.96121618,61.4865173,0.9071906355,162.7576672,6.504339218,298.528595,0,111.6750031,413.3890686,0.03355242684,74773.17969,16.72331429,2.903081938
33.40000153,0,76.68759935,25.96120835,61.50821081,0.907177416,161.9435579,6.50460577,298.4598694,0,110.457489,414.8318176,0.003355242778,74850.52344,16.72348595,2.936175785
33.59999847,0,76.68380675,25.96063838,61.52906037,0.9071986812,161.4951554,6.504532814,298.4040222,0,109.1373138,411.4143982,0.0003355242952,74927.55469,16.72522545,2.962831704
33.79999924,0,76.68136391,25.9601886,61.55044555,0.9072095534,160.9388877,6.503979206,298.3495178,0,107.8452072,409.9035645,9.999999747e-05,75004.21094,16.72608566,2.99270965
34,0,76.67839998,25.95965983,61.57255273,0.9072273944,160.4237624,6.503312588,298.3100891,0,106.7750397,406.6691895,9.999999747e-05,75080.60156,16.72806549,3.017639026
34.20000076,0,76.67707045,25.9592829,61.59502074,0.9072490504,159.8748052,6.502304554,298.2662964,0,105.9704208,406.584198,9.999999747e-05,75156.70312,16.72884369,3.047718874
34.40000153,0,76.67512294,25.95885998,61.61822911,0.9072833216,159.3736194,6.501236916,298.2252197,0,105.5697784,403.3998413,9.999999747e-05,75232.63281,16.73031807,3.075539269
34.59999847,0,76.67486389,25.95864958,61.64193401,0.9073204257,158.79237,6.500024319,298.1753845,0,105.5952606,399.5439453,9.999999747e-05,75308.42188,16.73099709,3.10471546
34.79999924,0,76.67507124,25.95855764,61.66595206,0.9073635315,158.1738625,6.498896599,298.1219482,0,106.1061401,391.1022644,9.999999747e-05,75384.1875,16.73207092,3.131681274
35,0,76.67743996,25.95876798,61.6895928,0.9074078156,157.4498125,6.497801304,298.0586853,0,107.0673447,379.618988,9.999999747e-05,75459.95312,16.73252487,3.157027545
35.20000076,0,76.68133202,25.95923249,61.71226574,0.9074546089,156.6558348,6.497830391,298.0298767,0,108.466774,362.7639771,9.999999747e-05,75535.95312,16.73685455,3.17991651
35.40000153,0,76.69183164,25.96029827,61.73431165,0.9075291628,155.7941981,6.497866631,297.9872131,0,109.8509521,355.4985962,9.999999747e-05,75612.00781,16.73741722,3.20255289
35.59999847,0,76.69821303,25.96103111,61.755615,0.9076162128,155.1212946,6.498738289,297.971405,0,111.2241898,342.1216431,9.999999747e-05,75688.29688,16.74180984,3.22579075
35.79999924,0,76.7102682,25.96221775,61.7770266,0.9077245893,154.3622391,6.499909878,297.9648743,0,112.2461243,336.5116882,9.999999747e-05,75764.67969,16.74492073,3.248055273
36,0,76.71937356,25.96306402,61.79934847,0.9078478594,153.7736634,6.501173019,297.9651184,0,112.8010941,333.3021545,9.999999747e-05,75841.07812,16.74797249,3.27043148
36.20000076,0,76.72703788,25.96371026,61.82233216,0.9079753097,153.2482651,6.502550602,297.9822998,0,112.8514328,332.1181641,9.999999747e-05,75917.45312,16.75208664,3.293428813
36.40000153,0,76.73421354,25.96419056,61.84701789,0.9081145711,152.7749605,6.503743649,298.0077209,0,112.3507919,336.7386475,9.999999747e-05,75993.66406,16.75547028,3.31615196
36.59999847,0,76.73759587,25.96424289,61.87347892,0.9082556629,152.4117787,6.504466534,298.0283203,0,111.3738327,344.7171326,9.999999747e-05,76069.59375,16.7575264,3.338504959
36.79999924,0,76.73726445,25.96393214,61.90092447,0.9083874614,152.1041947,6.504833698,298.0539551,0,110.1087341,351.9194336,9.999999747e-05,76145.22656,16.76038933,3.361612776
37,0,76.73694094,25.96356822,61.92973998,0.9085238476,151.7698437,6.504475594,298.0595093,0,108.6963806,361.6727905,9.999999747e-05,76220.44531,16.76075172,3.381508971
37.20000076,0,76.73284769,25.96291406,61.95945495,0.9086460224,151.4545698,6.503848076,298.0690308,0,107.4284897,365.4197083,9.999999747e-05,76295.35938,16.7632618,3.404088417
37.40000153,0,76.73248992,25.96259707,61.98963469,0.9087828707,151.0137459,6.502573967,298.0542297,0,106.4100952,370.8941345,9.999999747e-05,76369.89062,16.76306725,3.419665019
37.59999847,0,76.72965128,25.96215534,62.02080448,0.9089127248,150.5659067,6.500905514,298.022522,0,105.9025955,368.3059387,9.999999747e-05,76444.17188,16.76334572,3.433456651
37.79999924,0,76.73067636,25.962186,62.05005187,0.9090464975,149.9710456,6.49911356,297.9796143,0,106.0617752,359.5117493,9.999999747e-05,76518.32031,16.76399422,3.445359051
38,0,76.736095,25.96274954,62.07712255,0.9091947764,149.2706052,6.497990131,297.9514465,0,106.9369507,345.7845154,9.999999747e-05,76592.53906,16.767519,3.46639363
38.20000076,0,76.74890079,25.9640513,62.10286455,0.909394489,148.4855539,6.497230053,297.9202576,0,108.2588501,335.6328125,9.999999747e-05,76666.85156,16.76978874,3.47923541
38.40000153,0,76.76178405,25.96546327,62.12890312,0.9096168882,147.7444499,6.497554302,299.0152283,0,109.8856964,100.6898499,353.9109192,76741.23438,16.77540398,3.501355764
38.59999847,0,77.37534652,25.99522307,62.45917764,0.9114168933,142.908386,6.49810791,298.9944153,0,111.3805008,475.7051392,35.39109039,76814.92188,16.78790092,3.508911441
38.79999924,0,76.8106525,25.96629719,62.32028399,0.9104541835,148.1077468,6.499299526,298.8804626,0,112.6566544,498.378479,3.539108992,76889.82031,16.78820229,3.534495949
39,0,76.80681046,25.96599335,62.36968712,0.9107221567,147.2845312,6.499914646,298.7174988,0,113.4546127,496.5139465,0.3539108932,76964.63281,16.78810883,3.532854675
39.20000076,0,76.8069076,25.96612614,62.42098474,0.911072867,146.2494082,6.500424385,298.5616455,0,114.0104599,474.1668396,0.0353910923,77039.35938,16.79143524,3.543273526
39.40000153,0,76.8064319,25.96685125,62.44787761,0.9114086631,145.1975461,6.500913143,298.4236755,0,114.3609848,448.5170593,0.003539109137,77113.98438,16.79512596,3.557029511
39.59999847,0,76.807814,25.96793768,62.46298292,0.9117139725,144.2313055,6.50180006,298.3291626,0,114.5157471,423.1505737,0.000353910902,77188.5625,16.80119324,3.586818038
39.79999924,0,76.81376311,25.96945898,62.47087717,0.9120186186,143.3568608,6.502902031,298.2714844,0,114.3143539,407.4671326,9.999999747e-05,77263.02344,16.80733109,3.617822573
40,0,76.81961428,25.97076778,62.48348669,0.9123251907,142.5914743,6.503716469,298.2225952,0,113.6727905,400.6212158,9.999999747e-05,77337.23438,16.81100655,3.635651922
40.20000076,0,76.82113438,25.97152252,62.50284468,0.9126100582,141.9154334,6.504042149,298.1721802,0,112.7071304,394.3699951,9.999999747e-05,77411.10938,16.81338882,3.647012635
40.40000153,0,76.82119644,25.97210395,62.52307287,0.9128823151,141.2716371,6.503469467,298.098999,0,111.6117401,385.6925049,9.999999747e-05,77484.53906,16.81297112,3.640875308
40.59999847,0,76.82025251,25.97261986,62.54116726,0.9131170132,140.654918,6.502473831,298.0280762,0,110.7469025,367.2741089,9.999999747e-05,77557.66406,16.81448174,3.646661831
40.79999924,0,76.82719898,25.9739266,62.5511309,0.9133818711,140.0098028,6.501668453,297.9802551,0,110.2787552,347.069458,9.999999747e-05,77630.61719,16.8187809,3.669041616
41,0,76.84157453,25.97587145,62.5611265,0.9137183791,139.3287735,6.5006814,297.9325256,0,110.130867,332.1595764,9.999999747e-05,77703.38281,16.82122993,3.673901969
41.20000076,0,76.85498548,25.97771882,62.57629533,0.9140591144,138.6681261,6.499559402,298.971344,0,110.3790207,99.64787292,348.0315552,77775.82812,16.82301521,3.668649259
41.40000153,0,77.60462335,26.01549825,62.91584002,0.9162845789,134.2136468,6.497618198,298.8571777,0,111.0758667,455.8675232,34.80315781,77847.4375,16.83387756,3.650379042
41.59999847,0,76.88729259,25.97687339,62.91211544,0.9152007336,136.4140049,6.496854782,298.6723328,0,112.5512772,445.1219788,3.480315685,77919.65625,16.83341217,3.661434833
41.79999924,0,76.88566594,25.97772747,62.95002027,0.9158065583,135.2991808,6.496803284,298.5072021,0,114.3257217,414.3460388,0.3480315804,77992.0625,16.84040642,3.673686463
42,0,76.89968234,25.98063814,62.95835418,0.9165591691,134.2110537,6.497951984,298.3925781,0,116.1221542,383.9796448,0.03480315581,78064.76562,16.85146713,3.710628394
42.20000076,0,76.92304042,25.98453213,62.94828532,0.9173084674,133.3254691,6.49942255,298.2957764,0,117.4573898,364.6917725,0.003480315674,78137.60156,16.85932541,3.725393558
42.40000153,0,76.94148601,25.98781838,62.94512586,0.9179631135,132.5827228,6.500531673,298.195282,0,118.2073135,346.8777466,0.0003480315791,78210.41406,16.863554,3.718008209
42.59999847,0,76.95819888,25.99085367,62.94126682,0.9185265429,131.9703659,6.502196789,298.1364746,0,118.515625,324.0207214,9.999999747e-05,78283.30469,16.8729248,3.758716867
42.79999924,0,76.98548498,25.99477778,62.92737967,0.9191881771,131.4076361,6.50342083,298.0809937,0,118.1550903,311.8091736,9.999999747e-05,78356,16.87824821,3.764136538
43,0,76.99920016,25.99735101,62.92678164,0.9197408957,130.8797528,6.503623962,298.0116882,0,117.3081055,298.2319641,9.999999747e-05,78428.34375,16.87969589,3.744477365
43.20000076,0,77.01298629,25.99981858,62.92642961,0.920200496,130.421659,6.503766537,297.9651489,0,116.3818588,277.7763977,9.999999747e-05,78500.46875,16.88549042,3.766887093
43.40000153,0,77.04187737,26.00354062,62.91870169,0.9207880351,129.9450149,6.503770828,297.9353027,0,115.3953934,262.6722717,9.999999747e-05,78572.34375,16.89191818,3.787588283
43.59999847,0,77.06666175,26.00685885,62.91948442,0.9214140511,129.4057225,6.502353668,298.7495728,0,114.4074554,78.80168152,272.9253235,78643.60156,16.89146233,3.74349988
43.79999924,0,77.86693706,26.05100913,63.29420556,0.9244934958,124.7544022,6.500052452,298.6576538,0,113.9906082,357.5266724,27.29253387,78713.85156,16.91056442,3.737167939
44,0,77.02757415,26.00235854,63.28961048,0.923515792,125.1393652,6.498787403,298.513092,0,114.4926758,347.8174744,2.729253292,78784.10938,16.91073036,3.743130298
44.20000076,0,77.03152415,26.0046873,63.30486803,0.9243032996,124.3298554,6.497810841,298.3782349,0,115.4945068,323.2879333,0.2729253471,78854.42188,16.91782761,3.743895962
44.40000153,0,77.06672685,26.00999277,63.29593946,0.9253761613,123.5605832,6.497330666,298.2639465,0,116.8892899,297.0924072,0.02729253285,78924.90625,16.92767715,3.750047371
44.59999847,0,77.11409202,26.01645882,63.27274914,0.9264730764,122.9432016,6.497667313,298.1763611,0,118.4753952,272.8556824,0.002729253378,78995.66406,16.93919945,3.769965614
44.79999924,0,77.16667931,26.02338099,63.24478524,0.9275744784,122.423354,6.497854233,298.091217,0,119.9258804,253.3960571,0.000272925332,79066.58594,16.94693756,3.755064225
45,0,77.21334669,26.0297228,63.22527452,0.9285405317,121.9530978,6.498953819,298.0350647,0,121.304657,231.2953949,9.999999747e-05,79137.79688,16.95856285,3.785834435
45.20000076,0,77.27258374,26.03707556,63.19819285,0.9296268132,121.5218774,6.500184059,297.9902344,0,122.2401276,215.9776917,9.999999747e-05,79209.13281,16.96848106,3.7944507
45.40000153,0,77.3171986,26.04314382,63.181557,0.9306483641,121.0568054,6.502276421,297.9764099,0,122.6859894,202.2485199,9.999999747e-05,79280.60938,16.98280907,3.849253997
45.59999847,0,77.36107637,26.04909521,63.16431968,0.9318370977,120.522359,6.505023003,297.998291,0,122.2924194,197.4494171,9.999999747e-05,79352.125,17.00105286,3.929365565
45.79999924,0,77.38172684,26.05311157,63.15554675,0.933191408,119.8150432,6.50698185,298.0151367,0,120.8009949,204.2191315,9.999999747e-05,79423.17969,17.01209259,3.936304898
46,0,77.36352465,26.05386451,63.16669256,0.9343017077,119.0375361,6.507714748,298.0159912,0,118.5305786,209.7980042,9.999999747e-05,79493.53125,17.01836777,3.918018685
46.20000076,0,77.34359464,26.05431956,63.18145757,0.935232996,118.3101401,6.506886482,297.9968567,0,115.9685898,210.5401306,9.999999747e-05,79563.09375,17.02139854,3.883247373
46.40000153,0,77.33511029,26.05558629,63.19529776,0.9360433113,117.64453,6.504959583,297.971405,0,113.7389832,204.5251617,9.999999747e-05,79632,17.02558327,3.866561617
46.59999847,0,77.34878529,26.05868876,63.20226512,0.9369294081,116.9986228,6.503097534,297.9595947,0,112.2788391,195.7715302,9.999999747e-05,79700.53906,17.03497314,3.891690747
46.79999924,0,77.37776946,26.06330854,63.20314282,0.9380967242,116.2686683,6.501895428,297.9665527,0,111.559761,190.8154144,9.999999747e-05,79768.89062,17.04903603,3.937212263
47,0,77.40241746,26.06797529,63.2067226,0.9395708648,115.363065,6.499847412,297.9539185,0,111.3194809,191.7940826,9.999999747e-05,79836.89062,17.05692291,3.899208043
47.20000076,0,77.41041261,26.07151881,63.22923717,0.9409185615,114.3566505,6.498305321,297.9459534,0,111.9034729,186.1278076,9.999999747e-05,79904.82031,17.06954956,3.909028169
47.40000153,0,77.44589137,26.07758334,63.23636503,0.9425301911,113.3842857,6.498062611,298.5593567,0,113.0997543,55.83834076,196.1747894,79972.78125,17.08785057,3.950103028
47.59999847,0,78.29930797,26.13349559,63.53494533,0.9473415978,108.5601438,6.497986317,298.5628052,0,114.3905487,265.5007019,19.61747932,80040.17188,17.1242218,3.974856018
47.79999924,211.1623442,126.6620966,32.74707896,57.11166695,1.01764306,128.9534399,6.482815742,298.6533813,0,115.7155075,283.0620728,1.961747885,80083.53125,17.23559189,1.382320837
48,214.5482819,127.2153996,32.76148668,56.94534254,1.020226015,118.0720808,6.471405029,298.7034607,0,123.1586685,335.3947754,0.1961747855,80125.45312,17.24921608,1.358909415
48.20000076,207.007936,128.2388192,33.08318356,56.35907875,1.027021138,106.7498816,6.464680195,298.7445679,0,135.1056213,376.491272,0.01961747929,80169.33594,17.2852478,1.263529506
48.40000153,190.8924972,129.008829,33.3621325,55.58582304,1.033527963,96.29185537,6.461307526,298.7507935,0,149.7391663,416.6757202,0.001961747883,80217.4375,17.32439995,1.306320735
48.59999847,169.2442184,129.4972854,33.59425551,54.8351494,1.039630597,87.51050601,6.460349083,298.723877,0,165.7256775,446.4410706,0.0001961747912,80271.42969,17.3652916,1.397712571
48.79999924,146.6869035,129.7442295,33.72152079,54.28487652,1.044047967,81.62669927,6.461071491,298.6885681,0,182.0983887,465.2624512,9.999999747e-05,80332.21094,17.39718628,1.449398621
49,128.5504711,129.8207483,33.70277969,54.01244565,1.045644861,78.82771516,6.462716103,298.6664734,0,198.1844177,480.4270935,9.999999747e-05,80399.48438,17.41112709,1.454122889
49.20000076,118.4215812,129.7607618,33.52067909,54.04092974,1.043564804,78.84446495,6.464710712,298.646698,0,213.6149597,498.8907166,9.999999747e-05,80471.96094,17.40328598,1.525188982
49.40000153,116.570177,129.5419056,33.18480685,54.38935094,1.037456046,81.42156333,6.466702938,298.6138306,0,225,517.2301636,9.999999747e-05,80547.53125,17.36984825,1.698740022
49.59999847,119.6122626,129.2095128,32.8372059,54.890628,1.029862071,84.93219459,6.468162537,298.5857239,0,225,530.2830811,9.999999747e-05,80623.10156,17.31985283,1.843506016
49.79999924,118.9184398,129.1954233,32.85320523,55.02789122,1.028487761,84.95504423,6.469136238,298.5455017,0,225,543.8519897,9.999999747e-05,80698.82031,17.31105804,1.982250125
50,118.4648237,129.1891277,32.86615937,55.09828047,1.028173886,84.25803135,6.46969223,298.5015564,0,225,552.1585693,9.999999747e-05,80774.53906,17.30967522,2.102606064
50.20000076,118.1666381,129.1785018,32.87310997,55.17099476,1.027860471,83.58193428,6.469868183,298.4674072,0,225,557.7545166,9.999999747e-05,80850.3125,17.30721283,2.176733583
50.40000153,118.0826925,129.1665753,32.87406664,55.2466815,1.027325592,83.07770635,6.469748497,298.4360352,0,225,565.1121216,9.999999747e-05,80926.10156,17.3038559,2.273156258
50.59999847,118.2283204,129.1500239,32.86983203,55.32751446,1.026676347,82.60103288,6.469409943,298.4009399,0,225,572.0725098,9.999999747e-05,81001.85938,17.30050278,2.397062538
50.79999924,118.5465278,129.125555,32.86007624,55.41959118,1.02592854,82.15531044,6.468896389,298.3642273,0,225,576.5438843,9.999999747e-05,81077.55469,17.29657936,2.519281458
51,118.9767334,129.0949753,32.84576782,55.52197458,1.025049344,81.80132121,6.468295097,298.3112488,0,225,579.1834106,9.999999747e-05,81153.125,15.95750618,2.69935996
51.20000076,120.8028605,127.1741191,32.55486879,60.22482589,0.9656623936,116.3763856,6.467535973,298.2818909,0,225,574.8379517,9.999999747e-05,81235.07031,15.57944679,2.930227125
51.40000153,121.5647466,125.8861034,32.40191386,61.99363054,0.9437118359,130.0278573,6.467011929,298.2061768,0,225,576.7805786,9.999999747e-05,81319.21875,15.46666718,3.305702838
51.59999847,122.9385732,125.2785409,32.31181044,62.49367712,0.9372355779,132.9466313,6.466502666,298.1442261,0,225,561.4502563,9.999999747e-05,81403.64844,15.42625141,3.449620985
51.79999924,124.2440233,124.9622742,32.25721011,62.66747381,0.9346667587,133.6731142,6.465768814,298.1307983,0,225,548.3731079,9.999999747e-05,81488.14844,15.39288616,3.449451894
52,124.3487596,124.8393717,32.25062445,62.86608241,0.9320386098,134.3468991,6.465117455,298.1018372,0,225,549.6123657,9.999999747e-05,81572.75,15.378438,3.584106071
52.20000076,125.3106793,124.7007362,32.21688138,62.95316831,0.930578776,133.7003898,6.464529514,298.0692444,0,225,544.6322021,9.999999747e-05,81657.03125,15.36812687,3.696692307
52.40000153,126.501638,124.5472774,32.17808168,63.01404769,0.9293765333,133.1058622,6.463679314,298.0820312,0,225,537.4200439,9.999999747e-05,81741.14062,15.3401289,3.680382683
52.59999847,125.718717,124.5707862,32.20583198,63.22324485,0.9268366497,133.4876877,6.462592602,298.1231079,0,225,544.6732178,9.999999747e-05,81825.64844,15.30415249,3.664184538
52.79999924,123.9138907,124.693893,32.2627561,63.51581402,0.9235134627,133.8745757,6.461507797,298.1573181,0,225,561.8212891,9.999999747e-05,81910.66406,15.27352715,3.722665596
53,122.7497742,124.7607752,32.29481155,63.77334101,0.9204159934,133.7590558,6.460259438,298.2115784,0,225,577.9401855,9.999999747e-05,81996.00781,15.23478889,3.72210037
53.20000076,121.2719645,124.8292747,32.33428779,64.10459732,0.9164612851,134.1763864,6.459154606,298.2439575,0,225,602.2960815,9.999999747e-05,82081.6875,15.20530701,3.81880789
53.40000153,121.104204,124.7794955,32.32804156,64.34563456,0.9132023405,133.9551726,6.458405495,298.2320251,0,225,621.0014038,9.999999747e-05,82167.17969,15.19108677,3.979852487
53.59999847,122.0245358,124.6513761,32.29040791,64.43711077,0.9114928345,133.0891886,6.457881927,298.1987,0,225,625.7817383,9.999999747e-05,82252.17188,15.18235779,4.102580344
53.79999924,122.964233,124.5331239,32.25778731,64.47442701,0.9105294739,132.228293,6.457215309,298.1915283,0,225,623.0784302,9.999999747e-05,82336.84375,15.16302204,4.137585796
54,122.8690427,124.4996041,32.26064559,64.61512614,0.9086094668,132.059392,6.456620693,298.1772461,0,225,628.305542,9.999999747e-05,82421.45312,15.14633083,4.212859691
54.20000076,123.4064688,124.3968135,32.23870611,64.71624358,0.9069409531,131.6384651,6.45591259,298.1825562,0,225,630.6096802,9.999999747e-05,82505.89844,15.12324524,4.2509357
54.40000153,123.1904515,124.3626291,32.2424309,64.8885546,0.9046061297,131.6133556,6.455543995,298.1494141,0,225,639.1981201,9.999999747e-05,82590.24219,15.11381626,4.365861317
54.59999847,124.6293095,124.170523,32.18875071,64.90350608,0.9037174738,130.8471931,6.455164433,298.1288147,0,225,634.5668335,9.999999747e-05,82674.10938,15.10104084,4.425438351
54.79999924,125.023137,124.1018221,32.17697494,64.97772956,0.9025003603,130.4358326,6.454661369,298.125824,0,225,633.3113403,9.999999747e-05,82757.86719,15.08182144,4.46343654
55,124.9411128,124.0663923,32.17855617,65.11299246,0.9006127837,130.2997223,6.453909397,298.1517029,0,225,637.2697144,9.999999747e-05,82841.71094,15.05261993,4.479742631
55.20000076,124.0149873,124.095527,32.20448497,65.35183326,0.8975993375,130.5987054,6.452867985,298.2077332,0,225,650.9383545,9.999999747e-05,82925.95312,15.01292419,4.48260347
55.40000153,122.8111899,124.1126233,32.23205354,65.68651176,0.8933498091,131.3713289,6.451438427,298.3065491,0,225,675.7665405,9.999999747e-05,83010.77344,14.95985222,4.461964585
55.59999847,122.1493692,124.014152,32.23220885,66.12945686,0.8875109401,132.8448197,6.450236797,298.3877258,0,225,717.2214355,9.999999747e-05,83095.96094,14.91683674,4.529802385
55.79999924,124.7689917,123.5437861,32.11574657,66.38900618,0.8828673941,133.8424302,6.4498353,298.3999329,0,225,755.9863892,9.999999747e-05,83180.47656,14.90368366,4.680289107
56,128.6441405,122.9854073,31.96230839,66.35962179,0.8813415819,133.6589925,6.449721336,298.4016724,0,225,774.1260986,9.999999747e-05,83263.97656,14.89766884,4.771873979
56.20000076,130.6560885,122.7014737,31.88456181,66.3521793,0.8803384036,133.3137657,6.450109005,298.3531799,0,225,789.6298828,9.999999747e-05,83346.78125,14.90248394,4.863798597
56.40000153,132.681962,122.4028208,31.8029484,66.21485399,0.8808609274,132.5586096,6.450724125,298.2862244,0,225,787.9537354,9.999999747e-05,83428.89062,14.91109562,4.931454244
56.59999847,133.2361708,122.338296,31.78171747,66.09503219,0.881874027,131.5326154,6.451344013,298.2151794,0,225,778.4649048,9.999999747e-05,83510.67969,14.91656113,4.978169124
56.79999924,133.559319,122.305853,31.77183432,65.99615372,0.8828829279,130.5083206,6.451933861,298.1441345,0,225,765.190918,9.999999747e-05,83592.20312,14.92071819,5.019387756
57,134.2069606,122.2340079,31.75290515,65.89727571,0.8839274769,129.4995328,6.452525139,298.0735779,0,225,749.2832642,9.999999747e-05,83673.38281,14.92570496,5.059524146
57.20000076,135.3745974,122.1019834,31.71816753,65.78414394,0.8851008547,128.4910305,6.453239918,297.9954224,0,225,730.8762817,9.999999747e-05,83754.07031,14.93492794,5.099938801
57.40000153,137.5649258,121.837395,31.64872522,65.61624916,0.8867683524,127.4378833,6.453900337,297.9345703,0,225,707.1967773,9.999999747e-05,83834.0625,14.94284534,5.139385582
57.59999847,139.2622921,121.6705033,31.6037622,65.50113247,0.8879799032,126.4582395,6.454408169,299.8595581,0,225,212.1590271,718.9864502,83913.1875,14.93955421,5.140109693
57.79999924,183.1634842,109.9706993,28.64833638,62.68860517,0.9095517964,122.6735885,6.461279869,299.7549438,0,225,874.2822266,71.89864349,83978.23438,15.28117561,5.240831876
58,177.8823491,116.3876254,29.52827071,64.14162571,0.9024696838,113.089568,6.464093685,299.5164795,0,225,893.4803467,7.189864635,84044.46094,15.12725258,5.267871281
58.20000076,179.359845,115.8413076,29.78006523,64.87922938,0.8924452363,119.6151953,6.466705322,299.2541504,0,225,877.8026733,0.7189864516,84111.63281,15.06043625,5.278450669
58.40000153,169.1162222,118.0050426,30.35265478,65.45858476,0.8849463804,123.2192583,6.468060493,298.9853821,0,225,845.9637451,0.07189864665,84182.34375,14.97444725,5.27160279
58.59999847,155.092661,120.1607353,30.98549087,66.11579505,0.8776645691,126.7307962,6.468390942,298.7119446,0,225,802.2295532,0.007189864758,84257.32031,14.89405441,5.258598627
58.79999924,140.0703671,121.9427265,31.5653945,66.69262019,0.8725611631,128.8679319,6.467961311,298.45047,0,225,746.8635864,0.0007189864409,84336.39844,14.83430099,5.250291568
59,128.7721146,123.0447621,31.96249607,67.02607221,0.8708957457,128.8660158,6.467084885,298.2243042,0,225,685.4082642,9.999999747e-05,84418.19531,14.80406666,5.256168361
59.20000076,125.0874962,123.341385,32.10066412,67.02132072,0.8724488953,127.3747698,6.466472149,298.0122375,0,225,626.2293701,9.999999747e-05,84500.51562,14.81431675,5.261555933
59.40000153,130.0775272,122.7836064,31.95998637,66.58046193,0.8773703233,125.2288595,6.466023922,297.8685608,0,225,563.1738892,9.999999747e-05,84581.35156,14.84172249,5.303131749
59.59999847,137.3927598,121.9821291,31.74692126,66.12367935,0.881839778,123.6270998,6.466250896,299.3888245,0,225,168.952179,579.5409546,84659.80469,14.87922382,5.307354739
59.79999924,158.0822628,117.8159818,30.30183706,64.88912546,0.8927343897,125.5292803,6.469575405,299.1578979,0,225,689.583313,57.95409393,84732.47656,15.04523563,5.241615964
60,140.1603592,123.4594443,31.56643712,66.68428108,0.8745400223,118.8309002,6.469557762,298.8522949,0,225,650.5939941,5.795409679,84809.33594,14.81750679,5.282735974
60.20000076,127.8828152,123.6536915,32.05377008,68.0229556,0.8619989374,126.99173,6.468905449,298.605957,0,225,590.3190918,0.5795409679,84890.6875,14.71758938,5.314746115
60.40000153,116.0782356,124.4211033,32.45289394,68.65695634,0.8573250317,128.5634594,6.467499256,298.4317932,0,225,539.5859985,0.0579540953,84975.27344,14.65716648,5.35219369
60.59999847,111.9840367,124.595696,32.59168896,68.87958643,0.8559389866,128.3749189,6.466328144,298.273407,0,225,504.0701599,0.005795409437,85060.73438,14.64443302,5.362258207
60.79999924,113.6258078,124.436486,32.56063184,68.68251645,0.8578478802,126.605277,6.4654603,298.1435242,0,225,466.9200745,0.000579540967,85145.50781,14.65285587,5.383912772
61,118.429821,124.0332443,32.43389322,68.32411214,0.8610916359,124.6727769,6.464811325,298.0518188,0,225,433.5545654,9.999999747e-05,85228.88281,14.66740036,5.419277697
61.20000076,123.86683,123.5416428,32.28031255,67.97964926,0.8640067164,123.2017686,6.464602947,297.9749451,0,225,408.2727356,9.999999747e-05,85310.71875,14.68834209,5.437849375
61.40000153,129.6408215,122.9745102,32.10632411,67.61454304,0.8669437369,121.9663761,6.464892387,297.9054565,0,225,384.3783875,9.999999747e-05,85390.91406,14.71316147,5.446599831
61.59999847,135.7233093,122.3059118,31.9123487,67.23215648,0.8699962357,121.0203811,6.465857029,298.9921875,0,225,115.3135147,404.9020081,85469.15625,14.74505615,5.424224113
61.79999924,130.8272236,122.0860333,31.69546067,67.99516999,0.8676284476,126.7922148,6.46715498,298.8739624,0,225,487.2071533,40.49020004,85549.17969,14.75542736,5.391962357
62,115.4569161,124.9721647,32.51438439,69.34639828,0.8501164343,124.0851607,6.466742039,298.6819458,0,225,475.4759216,4.04902029,85632.76562,14.57412148,5.417848402
62.20000076,111.7692522,124.4927264,32.61102288,70.01644561,0.8439196843,128.7868676,6.466531754,298.502533,0,225,442.8881836,0.4049020112,85718,14.53885174,5.425459479
62.40000153,109.5042408,124.6238167,32.69696049,70.03508836,0.8439712578,127.4548752,6.466513634,298.3283997,0,225,408.0006409,0.04049019888,85803.40625,14.5426178,5.406206982
62.59999847,112.1719978,124.4680029,32.64156149,69.67947338,0.8473202709,124.6929712,6.466665268,298.1864929,0,225,368.121582,0.004049019888,85887.67969,14.56143188,5.415793625
62.79999924,118.597322,123.9484973,32.46484124,69.15301638,0.8521022895,122.3115083,6.467318058,298.0527649,0,225,332.7865295,0.0004049020063,85969.89062,14.60629368,5.38440287
63,127.8531221,123.1194979,32.18860538,68.42794055,0.85837748,120.0913742,6.468298912,297.96521,0,225,294.7043762,9.999999747e-05,86049.61719,14.64400864,5.421177879
63.20000076,136.234594,122.1868626,31.91584412,67.84580826,0.8633283099,119.1219994,6.469853401,297.881012,0,225,267.4833069,9.999999747e-05,86127.02344,14.69504929,5.379663137
63.40000153,144.7256871,121.1391339,31.62374684,67.22724345,0.8684197574,118.3912641,6.47192812,298.6679382,0,225,80.24498749,294.6535034,86201.97656,14.74312687,5.340427605
63.59999847,120.6342451,123.8614387,32.22878905,68.97403214,0.8582973637,119.2197447,6.472243309,298.565155,0,225,347.9005432,29.4653511,86282.73438,14.63984585,5.379537502
63.79999924,109.7886112,125.1193686,32.74084438,70.05539656,0.8446141375,121.0381097,6.471621513,298.4280701,0,225,331.5899963,2.94653511,86366.64062,14.50733185,5.434872938
64,113.3599497,124.2450486,32.60659319,70.15821976,0.843279348,123.6152651,6.471543312,298.3016968,0,225,306.2531433,0.2946535051,86450.09375,14.50934601,5.428848196
64.19999695,117.9406659,123.8610712,32.48023635,69.78068959,0.8463222034,121.6859562,6.471758842,298.1990662,0,225,279.7391968,0.02946535125,86532.125,14.52738571,5.43671811
64.40000153,123.7799236,123.34422,32.30788068,69.32623725,0.8500455161,119.9524978,6.472278118,298.1195984,0,225,256.5904541,0.002946535125,86612.5,14.54985046,5.450198262
64.59999847,129.6541795,122.763143,32.1242543,68.88983711,0.8535741717,118.7144689,6.473049641,298.0614014,0,225,237.4125214,0.0002946535242,86691.30469,14.57007504,5.469895636
64.80000305,134.7464592,122.1991346,31.95693435,68.52783156,0.8564555356,117.9341314,6.474243641,297.994873,0,225,222.4168549,9.999999747e-05,86768.5625,14.605299,5.407788027
65,140.5661347,121.5446018,31.76217434,68.07675148,0.860056241,117.0777194,6.475534916,297.960968,0,225,202.1972504,9.999999747e-05,86844.42969,14.61750698,5.464733325
65.19999695,144.7902304,120.9216338,31.6061757,67.80987774,0.8621908018,117.0448952,6.477127552,297.9239197,0,225,190.8055267,9.999999747e-05,86919.125,14.64289474,5.423089583
65.40000153,148.7083761,120.3882904,31.46431494,67.52000935,0.8644995446,116.7340164,6.478940487,298.4990234,0,225,57.24166107,208.6495209,86992.57812,14.6666584,5.377462972
65.59999847,124.3364976,123.3021279,32.15477856,69.36677733,0.8533524606,115.7283425,6.478797436,298.4575806,0,225,253.0778198,20.86495209,87071.71094,14.54220772,5.467452052
65.80000305,117.7955724,124.0131078,32.48485153,70.15139667,0.8431036348,119.2264506,6.478250027,298.3587952,0,225,253.1729736,2.086495161,87153.07031,14.46184635,5.45221796
66,121.3167246,123.3575284,32.36340192,70.0849361,0.8429011875,120.1832874,6.477947712,298.2943115,0,225,236.5626373,0.2086495161,87233.95312,14.44453049,5.530580458
66.19999695,124.6079361,122.9496709,32.25663046,69.90233,0.8441050291,119.6172862,6.478081703,298.2252502,0,225,228.5171509,0.02086495236,87313.84375,14.45998192,5.497582954
66.40000153,128.0619422,122.6797442,32.1558921,69.61346387,0.8461150349,118.1816679,6.478325367,298.1755981,0,225,216.2133179,0.002086495282,87392.75781,14.46194458,5.532668023
66.59999847,131.4317132,122.2975,32.04534814,69.38812939,0.8477185826,117.5083532,6.478959084,298.1168823,0,225,208.0481415,0.0002086495224,87470.60156,14.48350525,5.478400525
66.80000305,135.4076239,121.911078,31.9188752,69.06523377,0.8501254289,116.478145,6.479720116,298.0759277,0,225,194.7440338,9.999999747e-05,87547.38281,14.49114609,5.506418305
67,139.0670122,121.4335232,31.79022144,68.81523303,0.8520391113,116.1243676,6.480817318,298.0247803,0,225,185.4392548,9.999999747e-05,87623.03125,14.51870346,5.434713672
67.19999695,143.3360703,120.9369959,31.64420489,68.47034776,0.8547262873,115.4810481,6.482088089,297.9674988,0,225,170.9451447,9.999999747e-05,87697.33594,14.55275345,5.350252032
67.40000153,148.7133591,120.2162077,31.45028395,68.04433131,0.8581190548,115.1335806,6.483679295,297.9338684,0,225,152.4952698,9.999999747e-05,87770.35156,14.56990623,5.382225405
67.59999847,152.9562995,119.5018379,31.28323173,67.74455358,0.8605707889,115.3423513,6.485492229,298.3859863,0,225,45.74858093,161.4918213,87842.28125,14.58457565,5.392634488
67.80000305,130.3007103,122.4539639,31.96961482,69.50618407,0.8497946385,113.0822006,6.485371113,298.3582153,0,225,199.5009003,16.14918137,87919.23438,14.46588707,5.471769331
68,126.6470033,122.8837572,32.19484759,70.04022038,0.8421342098,116.7338455,6.48490715,298.2999268,0,225,201.0057831,1.614918232,87997.91406,14.39439297,5.513604135
68.19999695,129.5818974,122.253974,32.08380865,69.99679524,0.8418118332,117.8655944,6.484934807,298.2285461,0,225,194.542984,0.1614918262,88075.90625,14.40746021,5.449672372
68.40000153,133.1245209,121.9374503,31.9746057,69.69935923,0.8438054451,116.6381599,6.485207558,298.174469,0,225,181.5930176,0.01614918187,88152.90625,14.41166687,5.475523584
68.59999847,136.8177015,121.4803479,31.84721835,69.43221338,0.8457585997,116.0492461,6.485685349,298.1377258,0,225,172.0469513,0.001614918234,88229,14.41467953,5.516752984
68.80000305,139.6742073,121.1024506,31.74591182,69.23538331,0.8471581429,115.6845119,6.486424446,298.0966187,0,225,166.3136292,0.0001614918147,88304.23438,14.43060112,5.474480075
69,142.6708206,120.7581493,31.64354722,68.99485391,0.8489021508,115.1094967,6.487321854,298.0609436,0,225,157.5774841,9.999999747e-05,88378.625,14.44113445,5.465419123
69.19999695,145.7548113,120.3269957,31.53078906,68.76486186,0.850637801,114.8535643,6.488309383,298.0395813,0,225,149.2001953,9.999999747e-05,88452.29688,14.44323254,5.504052822
69.40000153,148.0325967,119.9532535,31.44233644,68.6151521,0.8517577733,114.8342788,6.48927021,298.0296936,0,225,144.3852081,9.999999747e-05,88525.49219,14.44015121,5.546790225
69.59999847,149.3231213,119.719051,31.39028416,68.54794629,0.8521863637,114.8369691,6.490098953,298.0278931,0,225,142.6124725,9.999999747e-05,88598.45312,14.43148422,5.587482584
69.80000305,149.8334752,119.6001148,31.36771339,68.54898361,0.8520209022,114.8419123,6.490738869,298.0317688,0,225,143.185318,9.999999747e-05,88671.35156,14.41812515,5.625760919
70,149.7672562,119.5693501,31.36731663,68.60247248,0.8513804571,114.8431466,6.491592407,298.0219727,0,225,145.5767059,9.999999747e-05,88744.11719,14.41981888,5.568817652
70.19999695,150.4566092,119.4941038,31.34432701,68.56367633,0.8514782129,114.6047817,6.492065907,298.0275879,0,225,143.3604736,9.999999747e-05,88816.85156,14.39904118,5.648921234
70.40000153,150.4790861,119.3993367,31.33638456,68.62804996,0.8507483634,114.7830064,6.492731571,298.0233459,0,225,146.1937714,9.999999747e-05,88889.5,14.39676285,5.612943533
70.59999847,150.784166,119.374389,31.32724035,68.62826116,0.8504998039,114.5882245,6.493471146,298.0139465,0,225,145.7207947,9.999999747e-05,88961.98438,14.39390564,5.589429113
70.80000305,151.6797874,119.2250191,31.29267919,68.58521878,0.850642653,114.5075929,6.494221687,298.0057983,0,225,143.387085,9.999999747e-05,89034.22656,14.38995361,5.591529505
71,152.6598195,119.0422491,31.25287763,68.53926922,0.850838866,114.5011202,6.49514246,297.9915771,0,225,141.167099,9.999999747e-05,89106.125,14.39483738,5.552275199
71.19999695,154.0682292,118.8210474,31.19876724,68.44165153,0.8514784802,114.4121719,6.496196747,297.9741211,0,225,136.5381317,9.999999747e-05,89177.57031,14.402174,5.516291545
71.40000153,155.9066272,118.5094784,31.12587761,68.30687535,0.8524684982,114.4028633,6.497217655,297.9660034,0,225,130.3144684,9.999999747e-05,89248.60938,14.40032101,5.545847798
71.59999847,157.2583724,118.2235094,31.06724062,68.22812192,0.853030141,114.5448834,6.498537064,297.9367981,0,225,126.6754532,9.999999747e-05,89319.00781,14.42861748,5.398818748
71.80000305,159.9105287,117.8380644,30.96686868,67.99143732,0.8548743337,114.4053057,6.4999547,298.3253784,0,225,38.00263596,146.0476074,89388.49219,14.45053673,5.326342782
72,137.9577799,121.1243275,31.67590859,69.74909049,0.8437641085,110.6669558,6.499334335,298.2872925,0,225,169.9062653,14.60476112,89462.65625,14.32411957,5.430493774
72.19999695,138.026367,121.1487804,31.78778678,70.02020044,0.8379594144,114.9117654,6.498661995,298.2128296,0,225,166.0534058,1.460476041,89537.625,14.28508663,5.397243058
72.40000153,142.5482943,120.3596101,31.61858936,69.74917051,0.8395313097,115.4166177,6.498620033,298.1507874,0,225,151.4273987,0.1460476071,89611.57031,14.29647255,5.399707276
72.59999847,146.8462715,119.7492976,31.45821045,69.40166921,0.8421426368,114.9626553,6.49897337,298.096283,0,225,138.5557709,0.01460476033,89684.32031,14.31922436,5.367612009
72.80000305,111.5993587,79.2203451,31.68089371,68.26950351,0.8086106047,81.84637085,6.5163517,298.0035706,0,225,125.8789139,0.00146047608,89746.63281,14.35451603,4.306871477
73,110.8383594,81.2856779,31.83070769,68.18459608,0.8084406175,80.50388845,6.530080318,297.9396667,0,218.9234314,97.91371918,0.0001460476051,89808.09375,14.30684662,4.369362747
73.19999695,107.1286704,82.05493328,32.04575141,68.26695377,0.7974270389,78.0400476,6.540318012,298.1931458,0,207.4219666,29.37411499,105.9759216,89867.5625,14.17211914,4.405543846
73.40000153,97.92255437,80.17355319,32.50822538,68.60825053,0.7709738228,73.98587854,6.547436237,298.1402588,0,191.8251495,115.0441132,10.59759235,89924.26562,13.92818451,4.331308662
73.59999847,94.17821642,78.3456283,32.8219449,69.31108717,0.7698277026,67.0997021,6.550667763,298.0748291,0,173.3801117,102.1357651,1.059759259,89975.96094,13.89568806,4.253549452
73.80000305,87.42964322,79.46812951,32.95640315,69.34985671,0.7621799673,64.16485769,6.525306702,298.0499878,0.5198709369,86.69005585,85.21679688,0.1059759185,90011.09375,13.67678356,4.321256051
74,81.52345731,75.08490162,32.22007718,68.00206214,0.7646164483,64.15043654,6.500431061,298.0179443,0,77.1809082,79.94130707,0.01059759222,90043.94531,13.71036053,4.107145029
74.19999695,88.7539776,70.71627846,31.2721464,67.22827364,0.7801433034,71.00013993,6.48088789,297.9852905,0,77.52890778,70.95336151,0.001059759175,90075.4375,13.88806343,3.952656767
74.40000153,89.81012733,67.49001553,30.61544902,66.91883253,0.7903136867,74.55039186,6.467970371,297.9512329,0,85.67817688,60.60066223,0.0001059759234,90108.0625,14.02065659,3.815776654
74.59999847,90.478672,66.3426093,30.33330946,66.86514324,0.7937783039,77.22233377,6.461688042,297.9203491,0,98.98977661,48.54269409,9.999999747e-05,90143.41406,14.07863426,3.756044675
74.80000305,90.58759089,67.09674516,30.42857844,67.01456777,0.7914221861,78.83447435,6.461689472,298.0740051,0,114.8137512,14.56280804,65.22654724,90182.46875,14.06425571,3.790323055
75,84.38880458,67.06108554,30.92514423,67.3928313,0.7808577846,77.84852397,6.466746807,298.0379028,0,130.6377869,64.81693268,6.522654533,90225.84375,13.98106289,3.80238307
75.19999695,88.7449618,69.1015564,31.24672776,67.83450201,0.7746030024,76.55791739,6.476728439,298.0053711,0,144.4424591,53.99251556,0.6522654295,90271.59375,13.90942192,3.94995348
75.40000153,88.51600022,71.62720262,31.66328494,68.25039521,0.7636955139,74.61173888,6.486579895,297.9794617,0,154.2544708,44.45619583,0.06522654742,90319.69531,13.79179287,4.011456934
75.59999847,88.93627537,72.79361382,31.96537009,68.59981675,0.7508535335,72.60889234,6.497083664,297.9647217,0,160.1420746,35.96603012,0.006522654556,90368.9375,13.66292953,4.089430234
75.80000305,89.86188787,73.54205615,32.19949932,68.88487956,0.7380116751,70.63752768,6.505957603,297.9541016,0,161.8257141,30.30777931,0.0006522654439,90418.14844,13.53778553,4.093378934
76,90.8093737,73.9624552,32.36032977,69.09405008,0.7268586754,68.96415545,6.512423038,297.9466248,0,159.9672546,25.42991638,9.999999747e-05,90466.54688,13.42682362,4.074985468
76.19999695,91.5080052,74.24961768,32.45950115,69.22535665,0.7179433261,67.70828378,6.515769482,298.0396423,0,155.525238,7.628974915,35.70048523,90513.67188,13.3340683,4.036365036
76.40000153,90.7296247,73.40908816,32.56911449,69.29495501,0.7091075938,66.74277893,6.515406609,298.0200195,0,149.7472534,37.77603912,3.570048332,90559.26562,13.25302982,3.936502182
76.59999847,93.4016179,73.0781815,32.51300244,69.29828106,0.7092032228,66.49900417,6.512504578,297.9963379,0,144.1165314,31.7971077,0.3570048213,90602.99219,13.24191189,3.885936558
76.80000305,93.48543246,73.3038286,32.4092866,69.1544637,0.7097049796,67.19690206,6.508235931,297.980011,0,139.6429749,24.52243614,0.03570048511,90646,13.22781372,3.879522916
77,93.84510526,73.07537622,32.28569157,69.00864534,0.710431812,68.17069245,6.503321648,297.9685364,0,136.8732605,18.93384171,0.003570048371,90688.5,13.22371483,3.856618679
77.19999695,94.23832339,72.62553426,32.16086863,68.88224396,0.7117090569,69.18194001,6.500021458,297.9632263,0,136.0670319,14.34818268,0.000357004843,90730.90625,13.22483063,3.879390611
77.40000153,94.50021061,72.38173978,32.08556072,68.81926636,0.7120357371,69.78123243,6.495542049,297.9564514,0,136.5736084,11.41751289,9.999999747e-05,90773.34375,13.22703171,3.810005573
77.59999847,94.788431,71.81090916,32.00346486,68.77329877,0.7125825443,70.46551164,6.493181705,297.953064,0,138.8808746,7.744133949,9.999999747e-05,90816.21094,13.22956085,3.815719127
77.80000305,94.92578039,71.60664384,31.98357167,68.79490197,0.7115431412,70.66497933,6.493015766,297.9528198,0,142.1216888,4.996326923,9.999999747e-05,90859.74219,13.21526718,3.839967611
78,95.23785053,71.62329569,32.01679159,68.87440338,0.7085759001,70.39917506,6.494976997,297.9555054,0,145.4283447,3.169434309,9.999999747e-05,90903.90625,13.18107605,3.88087205
78.19999695,95.84990738,71.83267137,32.0874516,68.99051806,0.7039468016,69.75500432,6.496844769,297.9578552,0,147.9505005,2.333487988,9.999999747e-05,90948.35156,13.13461399,3.870735386
78.40000153,96.73010542,71.89554342,32.1457335,69.09582585,0.6992359575,69.16169103,6.49994278,297.9623413,0,149.7327118,1.459398508,9.999999747e-05,90992.92188,13.08300495,3.906620748
78.59999847,97.71885143,72.1691976,32.21471601,69.20154029,0.6941314462,68.41993343,6.502533913,297.9667358,0,150.2713623,1.400879264,9.999999747e-05,91037.29688,13.02758121,3.908287594
78.80000305,98.79933559,72.34849555,32.26324884,69.28158849,0.6895815815,67.81903408,6.50531435,297.9725342,0,149.7792053,1.475780964,9.999999747e-05,91081.30469,12.97313309,3.938556093
79,99.85945662,72.63514702,32.30551615,69.34480697,0.6853692911,67.24485268,6.50747776,297.9787292,0,148.1725616,2.190879822,9.999999747e-05,91124.72656,12.92001534,3.956949075
79.19999695,100.9071539,72.8838746,32.32898321,69.38120975,0.6818706568,66.82797367,6.507987022,297.9835205,0,145.7033234,3.259536505,9.999999747e-05,91167.35156,12.87540531,3.941727219
79.40000153,101.838307,72.95455746,32.31829397,69.37637128,0.6797259167,66.74231578,6.507417202,297.9875183,0,143.0337372,4.069568634,9.999999747e-05,91209.21875,12.84264946,3.934781173
79.59999847,102.5902441,72.9491044,32.28648952,69.34473401,0.6786147878,66.87218646,6.504433155,297.987793,0,140.5903015,4.789762974,9.999999747e-05,91250.34375,12.82584572,3.871087656
79.80000305,103.0831049,72.57979175,32.21415679,69.27578254,0.6791941041,67.40980993,6.502056122,297.9885864,0,139.3450775,4.386650085,9.999999747e-05,91291.13281,12.82117081,3.875155969
80,103.325102,72.36662961,32.16157727,69.22961397,0.6795969295,67.78057472,6.499394417,297.9879456,0,139.0408325,4.197838783,9.999999747e-05,91331.77344,12.81858158,3.848880899
80.19999695,103.5190798,72.03287645,32.11354367,69.1990643,0.6799517882,68.12654832,6.497982025,297.9879456,0,139.8041077,3.547323227,9.999999747e-05,91372.53125,12.81454182,3.85839264
80.40000153,103.7203671,71.88258224,32.09871411,69.20691871,0.6793200234,68.18450721,6.497321606,297.9878235,0,141.1274261,3.096285343,9.999999747e-05,91413.49219,12.80257225,3.858691688
80.59999847,104.0834918,71.77981881,32.10291458,69.23968373,0.6778908527,68.07393443,6.497733116,297.9882507,0,142.7164612,2.601758718,9.999999747e-05,91454.66406,12.78243637,3.872645537
80.80000305,104.6291655,71.81425536,32.12742097,69.29361901,0.6756197621,67.77146943,6.498286247,297.9881897,0,144.1396942,2.300927162,9.999999747e-05,91495.95312,12.75594902,3.86643536
81,105.3273217,71.82758538,32.15136852,69.34797836,0.6731709285,67.46455235,6.499252319,297.9883728,0,145.3447723,1.837020993,9.999999747e-05,91537.28906,12.72663784,3.871319686
81.19999695,106.10352,71.9197543,32.17866533,69.40258891,0.6705580802,67.11487999,6.500109673,297.9884033,0,146.1624756,1.458457232,9.999999747e-05,91578.57031,12.69572449,3.867029186
81.40000153,106.9256569,71.9998339,32.1994417,69.44834726,0.6681145649,66.81665256,6.502531052,297.9912415,0,146.6389771,1.026377797,9.999999747e-05,91619.82812,12.6590414,3.924084111
81.59999847,107.9037127,72.38838071,32.24079481,69.50693756,0.6649358883,66.29339042,6.503398418,297.9924011,0,146.1414185,1.566343307,9.999999747e-05,91660.72656,12.6209383,3.900197611
81.80000305,108.8987255,72.49939304,32.24810365,69.53163865,0.6627475891,66.09110329,6.504952908,297.9953918,0,145.3068848,1.616985083,9.999999747e-05,91701.29688,12.58575916,3.94115478
82,109.8352782,72.82656041,32.26263123,69.55535736,0.660471804,65.80787706,6.507474422,298.0013428,0,143.8434296,2.357624292,9.999999747e-05,91741.51562,12.54301929,4.016223921
82.19999695,110.9853612,73.34668379,32.28579712,69.58243136,0.6577605621,65.41806395,6.507869244,298.0049438,0,141.370285,4.218236446,9.999999747e-05,91781,12.50428295,3.995716207
82.40000153,112.0266641,73.53489698,32.26598112,69.56474225,0.6564337959,65.45413721,6.508795261,298.0107117,0,138.7493591,5.461694717,9.999999747e-05,91819.88281,12.47015667,4.057973472
82.59999847,113.0002629,73.91290094,32.25182097,69.54580448,0.6550703166,65.43381847,6.508727074,298.0158386,0,135.7494507,7.614387989,9.999999747e-05,91858.07031,12.43865967,4.076222559
82.80000305,113.9311061,74.12969672,32.21699987,69.50570075,0.6543817406,65.61425109,6.507606506,298.0194702,0,132.7817841,9.735314369,9.999999747e-05,91895.5625,12.41615772,4.079123103
83,114.6324089,74.1908876,32.1641035,69.44785159,0.6544632951,65.97003979,6.505851269,298.021759,0,130.262558,11.54549313,9.999999747e-05,91932.49219,12.40232944,4.08148727
83.19999695,115.0977099,74.13480621,32.10444709,69.38654415,0.6550026622,66.38997394,6.503411293,298.021759,0,128.4442291,13.04403496,9.999999747e-05,91969.01562,12.39702988,4.063721311
83.40000153,115.3007607,73.91478431,32.04066816,69.32788536,0.6559495611,66.85087954,6.499615192,298.0170288,0,127.6020355,13.84444141,9.999999747e-05,92005.26562,12.40449715,3.994600202
83.59999847,115.0782084,73.38185747,31.96526472,69.26895474,0.6576767982,67.43274492,6.497295856,298.0130005,0,128.2806702,13.01967907,9.999999747e-05,92041.71875,12.41446877,4.001208645
83.80000305,114.80778,73.07146466,31.93576716,69.25974006,0.6582713715,67.63095519,6.49647665,298.0098572,0,129.8778229,12.31063843,9.999999747e-05,92078.54688,12.41352654,4.015674343
84,114.8568429,72.93414646,31.94415109,69.29267855,0.6575244818,67.50461941,6.496750832,298.0071106,0,131.8025208,11.74283695,9.999999747e-05,92115.71875,12.40084934,4.025142045
84.19999695,115.245809,72.92693074,31.97412793,69.34881315,0.6558398608,67.18400727,6.497139931,298.0032959,0,133.6186676,11.18454933,9.999999747e-05,92153.08594,12.38225269,4.007302369
84.40000153,115.792947,72.91027138,32.00275734,69.4045619,0.6540327636,66.87055612,6.498077393,297.9999695,0,135.2823334,10.15451145,9.999999747e-05,92190.61719,12.36008072,4.009273187
84.59999847,116.465999,73.01099318,32.03702457,69.46246157,0.6519707605,66.49652012,6.500614643,298.0001831,0,136.569519,9.159539223,9.999999747e-05,92228.29688,12.32705784,4.068731434
84.80000305,117.5176115,73.42561186,32.09051518,69.5325347,0.6490575156,65.91360516,6.502318859,297.9996948,0,136.8383026,9.25514698,9.999999747e-05,92265.78125,12.29054832,4.061956898
85,118.6385141,73.71231277,32.11646923,69.57393667,0.6468158254,65.57001929,6.502607346,297.9975281,0,136.4332733,9.098423958,9.999999747e-05,92302.88281,12.26323032,4.028669927
85.19999695,119.450265,73.82563059,32.11212128,69.58233116,0.64565817,65.51837833,6.503053188,297.9968872,0,135.9148712,8.342000008,9.999999747e-05,92339.75,12.23998451,4.046943822
85.40000153,120.172648,74.02526115,32.10936403,69.58800149,0.6445685571,65.45175798,6.503380775,297.9971313,0,135.2130737,8.03834343,9.999999747e-05,92376.36719,12.21676445,4.061579548
85.59999847,120.9066137,74.20965601,32.10270908,69.58906182,0.6435940876,65.41982293,6.503009796,297.9968872,0,134.3810272,8.019637108,9.999999747e-05,92412.67969,12.19758415,4.051988018
85.80000305,121.5052723,74.27195896,32.08389776,69.57882897,0.6430682782,65.50764064,6.501452446,297.9946289,0,133.6993561,7.817713737,9.999999747e-05,92448.6875,12.18760967,4.011315076
86,121.7869946,74.10794388,32.04897202,69.55578837,0.6432530336,65.7614522,6.49988699,297.9921265,0,133.6422729,6.925546169,9.999999747e-05,92484.60938,12.18348694,3.995084999
86.19999695,121.9099666,73.91430761,32.02253523,69.5432046,0.6434175358,65.94790092,6.498650074,297.9897156,0,134.20755,5.884212971,9.999999747e-05,92520.59375,12.1798563,3.983786158
86.40000153,122.0480285,73.72465878,32.00966274,69.54674054,0.6432839109,66.01703786,6.497993946,297.9875793,0,135.2666473,4.766746998,9.999999747e-05,92556.71875,12.17369652,3.978580228
86.59999847,122.301511,73.59353573,32.01224384,69.56690474,0.6427078018,65.94699209,6.499924183,297.9897156,0,136.5872345,3.671094179,9.999999747e-05,92593.13281,12.1526823,4.058013871
86.80000305,123.1480539,73.92920812,32.05697228,69.6223305,0.6406069059,65.45499445,6.499924183,297.9884033,0,137.1290741,3.95174861,9.999999747e-05,92629.36719,12.13195038,3.996148441
87,123.8594333,73.88277559,32.06090325,69.64309138,0.6396131535,65.35259092,6.498933315,297.985321,0,137.6856842,3.104550838,9.999999747e-05,92665.46094,12.1223917,3.947146073
87.19999695,124.1862527,73.69774412,32.05082936,69.64972079,0.6392960243,65.40087483,6.496119499,297.9791565,0,138.6355591,1.61169529,9.999999747e-05,92701.50781,12.12611294,3.856162353
87.40000153,124.0333642,73.13213221,32.01921202,69.64196869,0.6399536873,65.69042768,6.494113922,297.9725647,0,140.7138672,9.999999747e-05,9.999999747e-05,92737.89844,12.13490868,3.826988741
87.59999847,123.8101693,72.67043441,32.01606185,69.66395598,0.6400808238,65.71490656,6.492754459,297.9635925,0,143.5858459,9.999999747e-05,9.999999747e-05,92774.76562,12.14019299,3.794039517
87.80000305,123.7501575,72.24080934,32.03258792,69.7099177,0.6396732328,65.5452311,6.491660595,297.9516907,0,147.0021515,9.999999747e-05,9.999999747e-05,92812.14062,12.14313698,3.749398732
88,123.8080168,71.80592534,32.05748083,69.76623237,0.6390350096,65.30701657,6.492986202,297.9397278,0,150.8572235,9.999999747e-05,9.999999747e-05,92850.17188,12.1362009,3.77199953
88.19999695,124.3525512,71.83475004,32.11793236,69.84779487,0.6372040687,64.68756796,6.496476173,297.9584656,0,154.1748505,9.999999747e-05,12.67696667,92888.70312,12.11118031,3.819428576
88.40000153,125.5737437,71.99511053,32.22200228,69.95217994,0.6335681839,63.57241289,6.500782013,297.9471436,0,156.0972443,4.29899025,1.267696619,92927.23438,12.06845379,3.850689686
88.59999847,127.6194614,72.75540089,32.27222406,70.01607525,0.6311982332,62.93899802,6.504038334,297.9897156,0,156.3014221,1.289697051,22.95048523,92965.42188,12.03334999,3.858676024
88.80000305,129.0392186,72.9308614,32.35160979,70.0758762,0.6278449018,62.02867738,6.507635117,297.9732971,0,155.2092438,14.07120323,2.295048475,93003,11.98561573,3.902065784
89,130.8934791,73.92705797,32.35561927,70.10108293,0.6266954257,61.74268993,6.510293961,297.9610901,0,152.6738739,7.711706161,0.2295048535,93039.92188,11.94960594,3.94975908
89.19999695,131.6702711,74.94198371,32.35367159,70.08901118,0.6255587452,61.59702255,6.511243343,297.9556885,0,149.0791626,2.61843133,0.02295048535,93076.19531,11.91374207,3.978594982
89.40000153,132.4480172,75.64499373,32.3218059,70.0487143,0.6250096084,61.80057332,6.509904385,297.9531555,0,145.107254,9.999999747e-05,0.002295048675,93111.67969,11.89038277,3.967942964
89.59999847,132.8517874,75.92117927,32.25768942,69.98031465,0.6254298155,62.36860602,6.506345272,297.9492188,0,141.6728516,9.999999747e-05,0.0002295048616,93146.5,11.88421631,3.925710131
89.80000305,132.6840978,75.68516355,32.16999458,69.89751173,0.626830434,63.18826527,6.503391266,297.9707031,0,139.6620941,9.999999747e-05,10.69554996,93181.09375,11.88438702,3.941058492
90,132.6176251,75.16248655,32.12574049,69.85226755,0.6273049138,63.57811551,6.500018597,297.9618835,0,138.8239441,5.541790009,1.069555044,93215.42969,11.88849545,3.897915261
90.19999695,132.4675177,74.75563046,32.05518625,69.80862095,0.6288204757,64.1997583,6.497018814,297.9536438,0,139.338028,1.235506892,0.1069554985,93249.91406,11.90171623,3.871861406
90.40000153,131.9432833,74.26689981,32.01598696,69.78507854,0.6299000263,64.59854874,6.495275497,297.9455566,0,141.0494995,9.999999747e-05,0.01069554966,93284.82812,11.91080093,3.864894275
90.59999847,131.6900657,73.85871219,32.01328815,69.80141024,0.630103532,64.62010301,6.495283604,297.9631958,0,143.455368,9.999999747e-05,11.2604866,93320.21875,11.91003609,3.877294891
90.80000305,132.0715215,73.45715191,32.06521245,69.86000825,0.6285902586,64.08624789,6.497397423,297.9539795,0,145.8563232,4.106826305,1.126048565,93355.89062,11.89054203,3.912226338
91,133.2982279,73.79751649,32.10532493,69.91659893,0.627208701,63.62971645,6.500508785,297.9477844,0,147.4103851,9.999999747e-05,0.1126048639,93391.67188,11.86478996,3.956263392
91.19999695,134.4659903,74.37863391,32.15695279,69.96481648,0.6253553955,63.05627706,6.502361774,297.9639587,0,147.7233734,9.999999747e-05,9.990002632,93427.28125,11.83860111,3.942810565
91.40000153,135.6079644,74.54736993,32.19957081,70.00297782,0.6235136574,62.53204068,6.502833366,297.9541321,0,147.3026123,3.668860912,0.9990002513,93462.46094,11.81672573,3.910142136
91.59999847,136.4417109,74.83505481,32.18409559,70.00062019,0.62326588,62.60108898,6.504448891,297.9484253,0,146.6936798,9.999999747e-05,0.09990002215,93497.5,11.79482746,3.972182802
91.80000305,137.1585831,75.37799617,32.19146813,70.00416895,0.6224351734,62.4418801,6.505295277,297.9654846,0,145.4303741,9.999999747e-05,9.56782341,93532.25,11.77126408,3.986272798
92,138.0509207,75.5526156,32.20266569,70.00970814,0.6213096795,62.22747523,6.506263733,297.9603577,0,143.8347321,3.999314547,0.956782341,93566.52344,11.74385548,4.020337993
92.19999695,138.990865,76.07776326,32.18145005,69.99578427,0.6209915745,62.32695434,6.504289627,297.9536438,0,141.8488312,0.8027627468,0.09567823261,93600.24219,11.73624134,3.952653545
92.40000153,138.9422067,76.03882172,32.12604204,69.9460398,0.6217197226,62.84805859,6.503151894,297.9489746,0,140.6624908,9.999999747e-05,0.009567823261,93633.875,11.72821331,3.98538429
92.59999847,139.0323331,76.04652966,32.09407236,69.92092902,0.6219956828,63.10649337,6.502790928,297.9684448,0,139.91922,9.999999747e-05,9.935147285,93667.42969,11.71648693,4.018323106
92.80000305,139.6182975,75.9160248,32.09628549,69.92137073,0.6213134642,63.01855793,6.502724171,297.9628906,0,139.3203888,4.836277962,0.993514657,93700.71094,11.7005167,4.028802883
93,140.2332348,76.12171576,32.07358649,69.91307754,0.6213091197,63.15838465,6.504327774,297.9619141,0,138.7496948,1.592386246,0.0993514657,93733.95312,11.67736626,4.115612874
93.19999695,141.1315541,76.62434813,32.08116845,69.91549645,0.6204982591,63.02907708,6.506515026,297.9656067,0,137.5330353,9.999999747e-05,0.009935147129,93766.96094,11.64462185,4.193081724
93.40000153,142.3917261,77.26314569,32.08864513,69.91562983,0.6194510846,62.88108162,6.506834507,297.9689636,0,135.4450226,9.999999747e-05,0.0009935146663,93799.39062,11.62141418,4.17676054
93.59999847,143.1254798,77.63151545,32.06225554,69.88817,0.6192194659,63.06541291,6.505334377,297.9710388,0,133.2371063,9.999999747e-05,9.999999747e-05,93831.28125,11.61039352,4.140812466
93.80000305,143.3044146,77.64961837,32.01061409,69.8419318,0.6197286693,63.51224555,6.502379417,297.9709167,0,131.6293182,9.999999747e-05,9.999999747e-05,93862.83594,11.61242771,4.087549474
94,142.9542125,77.29326,31.94772181,69.79253717,0.620794535,64.07817013,6.500261307,297.9707947,0,131.2023773,9.999999747e-05,9.999999747e-05,93894.42969,11.614748,4.095243304
94.19999695,142.7685452,76.95975922,31.91232691,69.77059263,0.6213969686,64.38291209,6.498003483,297.9685669,0,131.6153564,9.999999747e-05,9.999999747e-05,93926.07031,11.62196445,4.054140252
94.40000153,142.4591263,76.49584882,31.88727965,69.76230678,0.6219651877,64.60155822,6.496017933,297.9639587,0,132.9345245,9.999999747e-05,9.999999747e-05,93957.92969,11.63145161,4.012971484
94.59999847,142.1616552,75.98497666,31.87913198,69.77222592,0.622305986,64.67448457,6.495090485,297.9578857,0,135.0467224,9.999999747e-05,9.999999747e-05,93990.15625,11.63712692,3.995175495
94.80000305,142.1607555,75.60748457,31.89629218,69.80398631,0.62208702,64.51490519,6.496046066,297.9520264,0,137.5272064,9.999999747e-05,9.999999747e-05,94022.8125,11.63118744,4.019204165
95,142.7623257,75.5805878,31.94231518,69.85560269,0.6210376269,64.06425628,6.498786926,297.9476929,0,139.622757,9.999999747e-05,9.999999747e-05,94055.74219,11.61026573,4.071590283
95.19999695,143.9752955,75.95578631,32.00370705,69.91316849,0.6193735801,63.42605464,6.500396252,297.9653931,0,140.6221313,9.999999747e-05,10.2886982,94088.53125,11.59175587,4.039156874
95.40000153,145.1997368,76.00879613,32.05267203,69.95512513,0.6178037788,62.88587915,6.501876831,297.9575806,0,140.9871063,4.172757149,1.028869748,94121.03906,11.57022953,4.037785525
95.59999847,146.1444178,76.42075518,32.06033888,69.97017264,0.6172260957,62.7423315,6.50319767,297.95224,0,140.7565765,0.05428692698,0.1028869823,94153.39062,11.55123043,4.058145421
95.80000305,146.8646569,76.83441804,32.06750281,69.97158254,0.6166651508,62.6397079,6.504794598,297.948761,0,139.9979553,9.999999747e-05,0.01028869767,94185.57031,11.52687645,4.10530832
96,147.7074107,77.32821515,32.07433993,69.97576636,0.6159617296,62.4896749,6.506439686,297.9703674,0,138.5990601,9.999999747e-05,9.946398735,94217.4375,11.4984951,4.157859212
96.19999695,149.0664741,77.68649345,32.0901347,69.98067229,0.61480609,62.24616056,6.50650692,297.9658813,0,136.5428925,5.559974194,0.9946398735,94248.60156,11.47702599,4.138003765
96.40000153,149.5744431,78.1118548,32.05021002,69.95211796,0.6149597679,62.54434835,6.506398201,297.9637451,0,134.4652557,2.738327742,0.09946398437,94279.45312,11.45783234,4.178532382
96.59999847,150.0175258,78.44190441,32.01425979,69.91526193,0.6150787041,62.86179124,6.506002426,297.9647827,0,132.4265747,0.7528298497,0.009946398437,94309.98438,11.44036865,4.209442626
96.80000305,150.4434044,78.67710971,31.976394,69.87797285,0.6152408094,63.19566524,6.506225586,297.9693604,0,130.546524,9.999999747e-05,0.0009946398204,94340.27344,11.41785049,4.279513685
97,151.185335,78.98795118,31.94810631,69.84851218,0.6151305186,63.43117173,6.506416798,297.9759216,0,128.5743561,0.2492465675,9.999999747e-05,94370.20312,11.39553356,4.32834242
97.19999695,151.9401525,79.29875746,31.91840525,69.81847986,0.6150235802,63.671093,6.505509377,297.9814148,0,126.5277252,1.335858941,9.999999747e-05,94399.67188,11.38248539,4.319600378
97.40000153,152.2232242,79.40837639,31.8749174,69.78134605,0.6153134489,64.02537041,6.503465176,297.9846802,0,124.8476028,2.272793055,9.999999747e-05,94428.80469,11.37957382,4.284235794
97.59999847,152.0334247,79.23637111,31.82218665,69.74191588,0.615994681,64.46331683,6.501997471,297.9883423,0,123.9853439,2.665417671,9.999999747e-05,94457.89062,11.37448215,4.30527587
97.80000305,152.1017996,79.05311842,31.78755184,69.71807009,0.6163751164,64.75233758,6.499966621,297.9891663,0,123.7045822,3.331215858,9.999999747e-05,94486.86719,11.37939358,4.256864217
98,151.7731634,78.70427199,31.75632472,69.70263522,0.6169179319,64.99723313,6.499234676,297.9907532,0,124.2398605,3.147361517,9.999999747e-05,94516.03906,11.37631416,4.282148981
98.19999695,152.0213632,78.49828453,31.75286685,69.70686508,0.616855603,65.02290883,6.497774601,297.988739,0,125.0618973,3.285633087,9.999999747e-05,94545.19531,11.38337708,4.209990957
98.40000153,151.7993117,78.13920432,31.74639294,69.7137073,0.6170616636,65.06129261,6.497437954,297.9871826,0,126.4744186,2.234125376,9.999999747e-05,94574.625,11.38269043,4.212990841
98.59999847,152.101884,77.92072,31.76180759,69.73401889,0.6167669928,64.9356289,6.497661591,297.98526,0,128.0157013,1.283081532,9.999999747e-05,94604.21875,11.37948895,4.199486071
98.80000305,152.569672,77.81446202,31.78654914,69.76049389,0.6162577872,64.71897233,6.498874187,297.9846191,0,129.4691772,0.1582804322,9.999999747e-05,94633.96875,11.36791229,4.219162966
99,153.4525491,77.91834139,31.82142261,69.79068357,0.6154136751,64.40609161,6.499007702,297.9812317,0,130.4362946,9.999999747e-05,9.999999747e-05,94663.60156,11.36404705,4.158257823
99.19999695,153.7920584,77.88455092,31.83649023,69.80920626,0.6150518047,64.24695077,6.497717857,297.9740601,0,131.3566589,9.999999747e-05,9.999999747e-05,94693.1875,11.36960793,4.072392903
99.40000153,153.5684006,77.56190064,31.83277241,69.81816111,0.6152211596,64.26670913,6.496672153,297.9649963,0,132.7942047,9.999999747e-05,9.999999747e-05,94722.97656,11.37466717,4.037878747
99.59999847,153.4507956,77.21792132,31.83900839,69.83604812,0.6152475287,64.20689903,6.495445251,297.953064,0,134.6446686,9.999999747e-05,9.999999747e-05,94752.98438,11.38310432,3.981180987
99.80000305,153.2242794,76.79266426,31.84858135,69.85862305,0.6153138591,64.1270182,6.496563435,297.9421082,0,136.9871979,9.999999747e-05,9.999999747e-05,94783.45312,11.37720394,4.024036604
100,153.8533836,76.79905346,31.89336699,69.90162874,0.6145116876,63.70509096,6.499056339,297.9592285,0,138.8742065,9.999999747e-05,11.88282013,94814.13281,11.35992241,4.064025241
100.1999969,155.5210075,76.92322427,31.9673238,69.95879875,0.6127627286,62.9443024,6.500995636,297.9474792,0,139.7669983,3.821038723,1.188282013,94844.48438,11.34067726,4.0442757
100.4000015,156.3940901,77.3961008,31.98518459,69.97667394,0.6122302849,62.73953992,6.501544476,297.984314,0,139.8903503,1.146311641,22.1389904,94874.66406,11.33162594,4.009271419
100.5999985,157.803492,77.19333761,32.02347887,69.99978179,0.6110479453,62.32407716,6.50160408,297.9640503,0,139.7970276,11.97639561,2.213898897,94904.35156,11.31930542,3.980592089
100.8000031,157.7804821,77.51556768,31.99514154,69.99619004,0.6113724091,62.5215481,6.501590729,297.9469299,0,139.6770325,4.118983269,0.2213899046,94934.14062,11.31199074,3.991012152
101,157.7793626,77.67758091,31.98443854,69.9798233,0.6115556534,62.66619395,6.501849174,297.9664917,0,139.5609131,1.235695004,14.79698563,94963.97656,11.30253887,4.008672393
101.1999969,158.7147457,77.57031572,32.00579738,69.99271429,0.6108054544,62.41627117,6.502417088,297.951416,0,139.3403015,6.119022846,1.479698539,94993.51562,11.28713512,4.019467861
101.4000015,158.9859339,77.93385866,31.98845324,69.98554898,0.6108975073,62.54979984,6.502978325,297.9397278,0,138.8923492,9.999999747e-05,0.1479698569,95023.04688,11.27459621,4.042347845
101.5999985,159.2618909,78.22983874,31.98151238,69.9713301,0.6108690239,62.63449388,6.502264023,297.9533081,0,138.2209778,9.999999747e-05,11.79209232,95052.42188,11.27001572,4.008504589
101.8000031,159.6622275,78.05180657,31.98106836,69.97421973,0.6105413566,62.56820172,6.50188303,297.9404297,0,137.8395233,2.514976263,1.179209232,95081.59375,11.25987625,4.013692878
102,159.7037628,78.19432407,31.95280829,69.95712055,0.6108697342,62.83830301,6.502753735,297.9779663,0,137.6053467,0.7544929385,21.69064903,95110.88281,11.24514198,4.073756392
102.1999969,161.3821668,78.09225927,31.98818424,69.97715815,0.6096907279,62.44660993,6.502772808,297.9597168,0,137.0196838,11.5690918,2.169064999,95139.57031,11.23262215,4.040309601
102.4000015,161.2083298,78.47458508,31.95422072,69.96770017,0.6100426013,62.6902378,6.503081799,297.9451904,0,136.4332886,4.164761543,0.2169064879,95168.375,11.22013855,4.077088502
102.5999985,161.3718312,78.73588073,31.9406141,69.94611881,0.610171721,62.86254587,6.503218174,297.9673157,0,135.7196808,1.249428511,14.92663574,95197.125,11.2093935,4.09037013
102.8000031,162.3492458,78.67635486,31.95175881,69.94927556,0.6095560333,62.7135296,6.502746582,297.9527588,0,134.9529266,6.937089443,1.492663503,95225.45312,11.19976234,4.068037627
103,162.136402,78.90393644,31.91546472,69.93087878,0.6099715122,63.01929407,6.502545834,297.941864,0,134.3763275,0.5264071822,0.1492663473,95253.875,11.19058228,4.094299391
103.1999969,162.2187188,79.02848749,31.89682875,69.90782559,0.6101910658,63.24097504,6.503381252,297.960022,0,133.8771515,0.1579221487,11.78062725,95282.35156,11.17410946,4.154435025
103.4000015,163.3914862,79.1153502,31.91463268,69.91824972,0.609431625,63.01664077,6.504168034,297.9511719,0,133.041275,4.320896626,1.178062797,95310.42969,11.15528774,4.172245398
103.5999985,163.7650592,79.56340793,31.89524004,69.9051795,0.6094357127,63.16900415,6.504608631,297.944458,0,131.8942413,9.999999747e-05,0.1178062782,95338.375,11.13952732,4.197848118
103.8000031,164.0966806,79.88801406,31.87727702,69.88180936,0.6094747723,63.35354597,6.503593922,297.9609375,0,130.5718231,9.999999747e-05,10.89654922,95366.05469,11.13520527,4.159690302
104,164.4198827,79.74474702,31.86144192,69.87208964,0.6093558927,63.43106074,6.50329113,297.9533386,0,129.6589966,3.646711826,1.089654922,95393.52344,11.12069893,4.194832735
104.1999969,164.5381385,79.93431967,31.82740503,69.85011333,0.6096365191,63.73850491,6.502083778,297.945282,0,128.860321,9.999999747e-05,0.1089654937,95420.88281,11.11969376,4.164904165
104.4000015,164.1846276,79.87263134,31.79622655,69.82492058,0.6101024563,64.03845887,6.500497341,297.9617004,0,128.5498962,9.999999747e-05,11.46647549,95448.25781,11.12250137,4.135588899
104.5999985,164.4032222,79.43712088,31.78800959,69.82598875,0.6100189358,64.06045482,6.500852585,297.9536438,0,128.8723145,3.676897049,1.146647573,95475.64844,11.10856342,4.19557186
104.8000031,164.8445777,79.59187128,31.77910328,69.82334421,0.6099952883,64.15871636,6.501046181,297.9457092,0,129.0449829,9.999999747e-05,0.1146647558,95503.03906,11.10263348,4.190367827
105,165.0522243,79.68843973,31.7791077,69.81844516,0.6099700453,64.18747211,6.499378204,297.9591675,0,129.1469421,9.999999747e-05,11.22040844,95530.29688,11.11215687,4.094518334
105.1999969,165.0365534,79.2269603,31.77776939,69.82766697,0.6098990674,64.13306019,6.497664928,297.9450073,0,129.9216919,2.665558577,1.122040868,95557.53125,11.11847496,4.044160721
105.4000015,164.4685936,78.91993745,31.75213044,69.82125975,0.6104851618,64.39041897,6.495489597,297.9747314,0,131.375946,0.7996675968,21.27461815,95585.04688,11.13549519,3.971460657
105.5999985,164.996458,77.98132403,31.77540309,69.84910236,0.61006094,64.16206122,6.494896889,297.9518433,0,133.7017517,9.101154327,2.127461672,95612.63281,11.13950825,3.951767145
105.8000031,164.7279084,77.82168735,31.77430477,69.86849924,0.6103338573,64.20175909,6.497139931,297.9353027,0,136.2579041,0.02700864896,0.2127461731,95640.875,11.12914848,4.03211892
106,165.7991307,78.0380074,31.82892239,69.88980862,0.6096750945,63.83644674,6.49903965,297.9447937,0,137.912674,0.008102594875,12.19622231,95669.16406,11.12195015,4.011922111
106.1999969,167.1082769,78.13700029,31.89277374,69.9373166,0.6084978204,63.17131277,6.500444889,297.9348755,0,138.8178253,0.002430778462,4.067171574,95697.21094,11.10963535,3.988974952
106.4000015,167.7398475,78.45674372,31.90709988,69.94237693,0.6082330924,63.06815649,6.501454353,297.9567871,0,139.1613312,0.0007292335504,18.38608551,95725.22656,11.10043907,3.984252356
106.5999985,169.0874452,78.46199361,31.94413347,69.96885025,0.6073359807,62.6472952,6.503398418,297.938385,0,139.1008148,5.19610548,1.838608623,95752.91406,11.0774765,4.031487704
106.8000031,169.5186787,79.11767573,31.93980925,69.96348408,0.6072281557,62.68332538,6.505412102,297.9854431,0,138.2583618,1.558831573,28.52746773,95780.55469,11.05510426,4.085713691
107,172.0850519,79.26879504,31.98574691,69.98302743,0.6058984945,62.18813927,6.505872726,297.9607849,0,136.6130371,15.62284756,2.852746725,95807.21094,11.0379324,4.050553895
107.1999969,171.262519,79.99997989,31.93726368,69.96498016,0.606333965,62.53931607,6.505774975,297.9403687,0,134.7889557,6.215692043,0.2852746844,95833.95312,11.02204704,4.086477259
107.4000015,171.0194037,80.34025781,31.8995569,69.92022739,0.6067693203,62.96240208,6.504880905,297.9642944,0,133.0006561,1.864707708,18.10038185,95860.53125,11.01421547,4.086764735
107.5999985,171.7736872,80.18287572,31.88596856,69.90598744,0.6065396148,63.05027338,6.503899574,297.9461365,0,131.5709229,8.0405159,1.810038209,95886.65625,11.00396347,4.088174468
107.8000031,171.0251528,80.41558778,31.82967403,69.87377299,0.6071866262,63.55199609,6.502649307,297.9969482,0,130.5314484,2.412154675,30.24188614,95912.88281,11.0005846,4.090733547
108,172.7171546,79.84748968,31.83314574,69.86757096,0.6066085192,63.5272123,6.50220871,297.973114,0,129.9926147,18.05698586,3.024188519,95938.53906,10.9902544,4.099925438
108.1999969,171.7666804,80.22900644,31.78573295,69.86025356,0.6071330694,63.8579295,6.50198698,297.9517517,0,129.6265411,9.335274696,0.3024188578,95964.53125,10.98183632,4.130789888
108.4000015,171.5513856,80.3140218,31.76744727,69.83192848,0.6075161292,64.11860916,6.502506256,297.9384766,0,129.3510132,1.133311152,0.03024188615,95990.67188,10.97071648,4.175328672
108.5999985,171.7864828,80.51173672,31.76261564,69.81168259,0.6075997687,64.24677068,6.503769398,297.9551086,0,128.8660889,0.3399933279,12.07396984,96016.82812,10.95252705,4.236122791
108.8000031,173.1904756,80.68952894,31.78404151,69.82207305,0.6068712893,64.01641495,6.504904747,297.9454651,0,127.8758163,3.869544983,1.207396984,96042.54688,10.93198013,4.262711565
109,173.4743164,81.23316645,31.76512656,69.80495813,0.6068759735,64.19143283,6.506034851,297.9866638,0,126.4342194,1.160863519,21.81951141,96068.17188,10.90860558,4.325299528
109.1999969,175.7082375,81.33124761,31.77860158,69.80036358,0.6060195744,64.07376029,6.505820274,297.9731445,0,124.5401611,13.39273739,2.181951046,96092.92188,10.89640808,4.290172567
109.4000015,174.840299,81.89749864,31.72550753,69.78072846,0.6064504068,64.43460246,6.506464481,297.9645081,0,122.7362976,7.926917553,0.2181951106,96117.875,10.86562347,4.413581876
109.5999985,175.4783881,82.23617873,31.69031363,69.73406188,0.6066350389,64.86752365,6.505465031,297.9568481,0,120.6677094,4.03903532,0.02181951143,96142.39844,10.86267853,4.372126472
109.8000031,174.7912585,82.41946967,31.64575637,69.6976396,0.6071649105,65.23577279,6.503923893,297.9522705,0,119.0070114,0.1332160085,0.002181951189,96166.86719,10.85683155,4.373474222
110,174.3181533,82.32888792,31.59602004,69.65708388,0.6077872468,65.69331385,6.503526688,297.9505005,0,117.9593582,9.999999747e-05,0.0002181951131,96191.41406,10.84085751,4.453945632
110.1999969,174.5793908,82.34955508,31.56749297,69.63402266,0.6079584173,65.96561676,6.502795219,297.9483337,0,117.0649643,9.999999747e-05,9.999999747e-05,96215.79688,10.8365984,4.445072726
110.4000015,174.3793613,82.35910909,31.54300361,69.61925349,0.6081977503,66.14804174,6.502071857,297.9697571,0,116.4680786,9.999999747e-05,10.54503536,96240.15625,10.83101177,4.449035938
110.5999985,175.1165489,82.1254462,31.53650494,69.6172665,0.6079729533,66.16924719,6.500798702,297.9637146,0,116.1592789,5.464415073,1.05450356,96264.17969,10.83469868,4.391037564
110.8000031,174.3727303,82.08733529,31.50609675,69.61156078,0.608394191,66.35790163,6.49831152,297.9537048,0,116.3616104,2.088409424,0.1054503545,96288.28906,10.85268402,4.287716695
111,173.1946706,81.61132074,31.47878774,69.60081131,0.6091396986,66.56650744,6.495297909,297.9407349,0,117.5610199,9.999999747e-05,0.01054503489,96312.67969,10.87939548,4.178486516
111.1999969,171.8398237,80.88097824,31.46227783,69.60647291,0.609891005,66.67512986,6.493983746,297.9559631,0,119.9637299,9.999999747e-05,13.24043274,96337.66406,10.89353657,4.162371353
111.4000015,172.5484451,80.08678108,31.50132839,69.6487705,0.6093384695,66.33218287,6.494443417,297.9407043,0,122.8848267,3.13554883,1.324043274,96362.82031,10.89687061,4.149310852
111.5999985,172.9456755,79.96290753,31.53454117,69.67598645,0.6090602949,66.14909591,6.496857643,297.9775696,0,125.621727,0.940664649,23.38125229,96388.4375,10.88677979,4.198905794
111.8000031,176.097216,79.76581692,31.63254477,69.73458697,0.6072234171,65.35322253,6.500318527,297.960083,0,127.3921814,11.54759407,2.338125229,96413.57812,10.86394787,4.226959773
112,177.1259489,80.5736644,31.67244588,69.76330088,0.6065075878,65.02285831,6.503351212,297.9440002,0,127.781105,4.391598701,0.2338125259,96438.73438,10.8413496,4.260352098
112.1999969,178.1959268,81.23521939,31.70553087,69.7587091,0.6060283959,64.83939025,6.505433559,297.9662781,0,126.9618454,1.31747961,16.0300045,96463.60938,10.82197285,4.273877454
112.4000015,180.0190358,81.61881222,31.73683175,69.76860143,0.6051779149,64.53614425,6.507401943,297.9547424,0,125.3112946,7.017656326,1.603000402,96487.875,10.79036236,4.33748933
112.5999985,180.3875634,82.4474773,31.71114956,69.74327379,0.6051455434,64.79231441,6.508450985,297.9461365,0,122.8707504,1.610868096,0.1603000462,96511.86719,10.76365471,4.394536093
112.8000031,180.7080964,83.033556,31.67594689,69.69667061,0.6053129003,65.18648384,6.509085178,297.9685059,0,120.0133133,0.4832604229,12.09116936,96535.53125,10.73408318,4.478325914
113,182.0606031,83.3562684,31.64666463,69.66384319,0.6050697618,65.46649762,6.508298397,297.9630432,0,116.9005814,6.249388218,1.209116936,96558.41406,10.71799278,4.475638696
113.1999969,181.2140746,83.81653262,31.57411098,69.61869678,0.6056551475,66.04167116,6.506759167,297.9588928,0,114.1058273,3.011434078,0.1209116951,96581.17969,10.70220757,4.514416438
113.4000015,180.6600845,83.85112067,31.5017642,69.5594705,0.6064043385,66.69740801,6.504529953,297.9563293,0,111.9246368,0.2422965169,0.01209117007,96603.75781,10.70088482,4.505027379
113.5999985,179.6530167,83.69654816,31.43746739,69.51550509,0.6072441848,67.20655773,6.50189209,297.9526367,0,110.6350632,9.999999747e-05,0.001209117007,96626.32812,10.70763874,4.473337981
113.8000031,178.4496032,83.34616874,31.38480862,69.49183974,0.6080550942,67.55809122,6.498985291,297.9463501,0,110.3998184,9.999999747e-05,0.0001209116963,96649.01562,10.72438431,4.406410488
114,177.0814182,82.81578159,31.34798525,69.48564607,0.6088344478,67.75609254,6.496599197,297.9636841,0,111.3268127,9.999999747e-05,11.69760132,96672.04688,10.74204636,4.352549038
114.1999969,177.0365388,82.03766566,31.35101454,69.50747693,0.6088371146,67.63819929,6.495560646,297.9530029,0,113.2056885,4.017482281,1.169760108,96695.25,10.75201416,4.322487549
114.4000015,176.6737927,81.71917797,31.35476504,69.52344949,0.6089876548,67.62898355,6.494945049,297.9396362,0,115.4972305,9.999999747e-05,0.1169760153,96718.85156,10.76754951,4.259207449
114.5999985,176.5481235,81.34437591,31.38227653,69.54135507,0.60898198,67.47936519,6.493897915,297.9510803,0,118.0378799,9.999999747e-05,13.40922928,96742.73438,10.79207325,4.139777712
114.8000031,176.9889539,80.70590417,31.43296128,69.59471964,0.6083789054,66.98788435,6.494972229,297.9340515,0,121.0000992,1.785544515,1.340922832,96766.91406,10.78905106,4.15714919
115,177.7350382,80.67287827,31.47136613,69.6147325,0.608001256,66.82341269,6.497024059,297.9655151,0,123.5242615,0.5356633663,22.94504356,96791.40625,10.78576756,4.161501516
115.1999969,180.5403954,80.50048039,31.56341513,69.67374033,0.6063887981,66.05403277,6.499140739,297.9427795,0,125.2312546,9.045771599,2.294504404,96815.42969,10.77622128,4.129002447
115.4000015,180.7303323,81.06342871,31.58848601,69.6931304,0.6060827769,65.86801573,6.500231743,297.9962158,0,126.0945587,2.713731527,35.17520905,96839.60156,10.77380276,4.089395921
115.5999985,183.8492731,80.73067393,31.65424782,69.72569777,0.6047938738,65.31982621,6.501351357,297.9647217,0,126.5250397,19.17550659,3.517520905,96862.98438,10.76365662,4.065562912
115.8000031,182.7041167,81.43062637,31.63720471,69.73690704,0.6049774452,65.37865933,6.502034187,297.9358521,0,126.5043488,7.769192696,0.3517521024,96886.78125,10.75370502,4.082886889
116,182.5172222,81.63846663,31.63403879,69.70603938,0.6052684074,65.55717503,6.502454281,297.9582825,0,126.2120285,2.330757856,21.39007378,96910.61719,10.74903584,4.083225789
116.1999969,183.9687334,81.53611025,31.6607717,69.71912481,0.60467549,65.29819112,6.504460335,297.9371643,0,125.751152,7.877275944,2.13900733,96934.10938,10.7201767,4.181047735
116.4000015,184.1554756,82.23545264,31.6451036,69.69811857,0.6046968729,65.52081647,6.505577564,297.9880981,0,124.4817429,2.363182783,32.38411713,96957.50781,10.705019,4.199917595
116.5999985,186.9804567,82.23473879,31.67289009,69.7032262,0.6037745134,65.29019979,6.504089832,297.9572449,0,122.7735596,17.7374897,3.238411903,96979.75781,10.71002865,4.076783035
116.8000031,184.1498612,82.74294579,31.60284957,69.69199659,0.6046074259,65.69665447,6.501617908,297.9284973,0,121.6660309,6.261365891,0.3238411844,97002.52344,10.71271229,4.054546991
117,182.6250388,82.39109086,31.5447913,69.63658678,0.6056830505,66.30637409,6.499618053,297.9499207,0,121.5421982,1.878409743,21.46193695,97025.60938,10.72257233,4.041003377
117.1999969,183.1363602,81.72740408,31.54521843,69.64620088,0.605571001,66.2421984,6.498739243,297.924408,0,122.2136993,0.5635229349,9.999999747e-05,97048.5625,10.72341251,4.037565215
117.4000015,182.0928692,81.69772289,31.51200276,69.6125857,0.6063292112,66.66879945,6.499500751,297.964386,0,123.2344742,0.1690568775,28.69842148,97072.10156,10.71769333,4.098475859
117.5999985,184.7739201,81.3339834,31.57094057,69.65732013,0.605099023,66.12346827,6.501278877,297.9390259,0,123.9488983,11.32107162,2.869842291,97095.08594,10.70102787,4.124765256
117.8000031,184.5052481,81.98256113,31.56856613,69.66032704,0.6050703894,66.16750162,6.502363205,298.0041504,0,123.9538956,3.396321535,41.1120491,97118.27344,10.69291973,4.12300508
118,188.2693461,81.65718113,31.62321738,69.67860238,0.6038321441,65.76402924,6.503534317,297.9712219,0,123.5307693,23.76266861,4.111205101,97140.46094,10.6784687,4.118751561
118.1999969,186.5799854,82.57943257,31.58976976,69.68691564,0.6040932408,65.90915652,6.50383997,297.9398193,0,122.6366043,12.07443619,0.4111205041,97163.09375,10.66570091,4.1421222
118.4000015,186.0334366,82.80878252,31.56823365,69.64186575,0.604575976,66.24173,6.503736973,297.9704285,0,121.6234283,3.622330904,25.30010796,97185.76562,10.66095924,4.146774656
118.5999985,187.6432357,82.61341199,31.58048231,69.63918497,0.6041405171,66.14682913,6.504050255,297.945282,0,120.6498871,12.16070175,2.5300107,97207.90625,10.64587402,4.177054971
118.8000031,186.5213612,83.14523276,31.53830747,69.61725939,0.6045661325,66.50122863,6.504024506,298.0066223,0,119.5484543,3.648210526,38.30657196,97230.28906,10.63494682,4.206093895
119,189.6957144,82.72687626,31.55554899,69.60988517,0.6037912273,66.44622388,6.503923416,297.9769287,0,118.4597397,22.95390129,3.830657005,97251.6875,10.62613964,4.192186726
119.1999969,187.4752862,83.45682417,31.50118738,69.61077982,0.6042920405,66.72306699,6.503228188,297.9480591,0,117.4106369,12.49065971,0.3830657005,97273.60156,10.61640072,4.217073808
119.4000015,186.622157,83.45034114,31.46460683,69.56123881,0.6049815589,67.16162174,6.503464222,297.9807434,0,116.6412811,3.747198105,24.1010952,97295.72656,10.60356236,4.288645834
119.5999985,188.7281259,83.21177907,31.47691711,69.54976275,0.6044996866,67.15245726,6.503665447,297.9588013,0,115.7725754,13.28455925,2.41010952,97317.21094,10.59457684,4.28732619
119.8000031,187.4670677,83.75013074,31.4403499,69.53856647,0.604867575,67.3979269,6.503165722,297.9378357,0,114.8265762,4.75195837,0.2410109639,97338.96094,10.58808041,4.292152557
120,186.7984541,83.78431444,31.41045377,69.49816967,0.605426585,67.74754042,6.502504349,297.9584351,0,114.0825653,1.425587535,17.99137497,97360.78125,10.58750343,4.289547048
120.1999969,187.6373741,83.54733941,31.41218602,69.50230386,0.6051834564,67.68498437,6.502599239,297.9412537,0,113.6014786,6.353190422,1.799137473,97382.33594,10.5738554,4.331537167
120.4000015,187.0530598,83.82540837,31.38020623,69.48062101,0.6055261659,67.99558844,6.502308369,297.9853821,0,113.0794144,1.905957103,28.3953228,97404.03125,10.57138634,4.325848282
120.5999985,189.142268,83.47284853,31.39803304,69.48859585,0.6048951024,67.85087063,6.502403736,297.9646606,0,112.6773529,15.05729866,2.839532137,97425.125,10.56162739,4.331727324
120.8000031,187.8995699,83.95705823,31.36256703,69.48617315,0.6052151158,68.06704573,6.501449108,297.9415283,0,112.2347031,7.024481297,0.2839532197,97446.49219,10.56507015,4.289810635
121,186.8578275,83.86856062,31.33884083,69.45637347,0.6058410741,68.31688774,6.501307964,297.9676819,0,112.1784821,2.107344389,20.47345734,97468.15625,10.55929279,4.331047888
121.1999969,188.5128984,83.53683896,31.35588066,69.461148,0.6053636164,68.21565556,6.500908852,297.9464111,0,112.1726379,9.109277725,2.047345877,97489.3125,10.56274986,4.277757783
121.4000015,187.1478294,83.80986896,31.33224687,69.46006726,0.6057560913,68.34070723,6.500154495,297.9959106,0,112.3299255,2.732783318,32.74253082,97510.82812,10.56612873,4.250899593
121.5999985,189.5212229,83.1811556,31.35867328,69.47197489,0.6050730101,68.15868316,6.499814034,297.9682007,0,112.7892914,17.96051788,3.27425313,97531.71875,10.56813049,4.210792254
121.8000031,187.705398,83.57679189,31.33159158,69.48705732,0.6054400359,68.23963556,6.499205589,297.9397278,0,113.3823471,7.876348019,0.3274253011,97553.1875,10.5709877,4.191637501
122,187.0037838,83.37185125,31.32508771,69.45967117,0.6059720491,68.43081701,6.499809265,297.9630432,0,114.220932,2.362904549,21.54528809,97575.00781,10.56772709,4.230292223
122.1999969,189.0454174,83.09377346,31.36807926,69.47908667,0.6052122141,68.13716235,6.501441956,297.9407654,0,114.8134003,8.363128662,2.154528856,97596.45312,10.55250168,4.270141585
122.4000015,188.9649362,83.62761858,31.3688399,69.47337215,0.6051628298,68.21850517,6.502605438,297.989563,0,114.7532578,2.508938551,32.72234726,97618.03906,10.54372692,4.275464657
122.5999985,192.1564775,83.46391842,31.41402197,69.48884277,0.604125361,67.91941762,6.503298283,297.9624634,0,114.2325745,17.29018974,3.272234678,97638.71094,10.53568363,4.242947046
122.8000031,190.5113517,84.21473306,31.38364158,69.49281689,0.6043961169,68.05382079,6.502312183,297.9333191,0,113.4347839,7.177698135,0.3272234499,97659.6875,10.53873348,4.188097539
123,189.1610788,84.17454283,31.35354925,69.45399826,0.6051344476,68.36524184,6.500353813,297.9539185,0,113.035408,2.153309345,22.47812271,97680.79688,10.55554676,4.107725988
123.1999969,189.3992915,83.62724846,31.35560619,69.46929767,0.6050750105,68.22169994,6.500067234,297.9280396,0,113.41716,6.979372978,2.247812271,97701.85938,10.54596138,4.159759968
123.4000015,188.4915848,83.7253429,31.32586298,69.44862644,0.6055494964,68.54464811,6.500799656,297.9776001,0,113.9048691,2.093811989,34.2901001,97723.35156,10.53766155,4.215185297
123.5999985,191.8332726,83.3391743,31.37417249,69.47072736,0.6044535208,68.22911275,6.501834393,297.948822,0,114.1016693,16.69321251,3.429009914,97744.03125,10.5291357,4.202495618
123.8000031,190.4761047,84.05749641,31.35579077,69.47826281,0.6046200488,68.30959722,6.500753403,298.0217285,0,113.8868637,5.007963657,47.96094513,97764.97656,10.54213333,4.095904067
124,193.7913523,83.26295298,31.38877023,69.48496506,0.6038303634,68.11460236,6.500986099,297.983429,0,114.1123581,28.45420456,4.796094418,97785.09375,10.53310204,4.113643813
124.1999969,191.2973649,83.99817584,31.34845369,69.50625982,0.6042092972,68.23695174,6.501038074,297.9454956,0,114.2337799,15.50984192,0.4796094596,97805.97656,10.52551937,4.141691586
124.4000015,190.6131055,83.95475208,31.33922374,69.46213388,0.6047762943,68.50971879,6.500371933,297.9737854,0,114.3391953,4.652952671,28.21250916,97826.99219,10.53984356,4.073516535
124.5999985,191.9959698,83.51513689,31.37077895,69.47533436,0.6043659338,68.23886454,6.499024391,297.9363403,0,114.7127151,12.64956951,2.821250916,97847.52344,10.55365562,3.975695917
124.8000031,189.3854281,83.66189605,31.33532813,69.47459378,0.6051204942,68.41460383,6.498185158,297.9952698,0,115.6253052,3.794870853,43.68593979,97868.83594,10.55896473,3.97632949
125,192.8021374,82.74661854,31.38031328,69.49507358,0.6041974811,68.14260931,6.497210979,297.9485779,0,116.8696747,22.01685143,4.368593693,97889.30469,10.57557487,3.867288098
125.1999969,189.5745683,83.12068245,31.35123675,69.52155564,0.6048422488,68.16303486,6.496143818,298.0370483,0,118.5057526,6.605055332,61.03449631,97910.78906,10.58763885,3.829947858
125.4000015,194.8006522,81.76562434,31.41600519,69.53396043,0.6036197579,67.89733256,6.495351315,297.9743347,0,120.5687027,35.54969025,6.103449821,97931.10938,10.60757256,3.710277293
125.5999985,190.4374799,82.37764515,31.38775104,69.59035871,0.604258161,67.75877317,6.496201038,297.9205017,0,122.9474411,14.63859177,0.6103449464,97953.02344,10.60078049,3.785998896
125.8000031,190.3878445,82.1150072,31.4172125,69.5405959,0.6047305295,67.92087358,6.497364044,297.9403687,0,124.9816284,4.391577244,31.00807762,97975.28125,10.61478615,3.746265738
126,192.7281465,81.83829186,31.50452743,69.58760429,0.6037027271,67.19866463,6.498476982,297.8929749,0,126.5548248,1.317473292,9.999999747e-05,97997.10938,10.6150856,3.700695767
126.1999969,191.2408274,82.27358093,31.49783546,69.55074194,0.6042987074,67.45918887,6.501129627,297.9407654,0,127.6840973,0.3952419758,41.90779877,98019.72656,10.60194683,3.788375563
126.4000015,195.694297,82.21604498,31.59527373,69.61821377,0.6025926398,66.5837988,6.503519535,297.8964233,0,127.7470627,0.1185725927,9.999999747e-05,98041.23438,10.58510113,3.779193935
126.5999985,194.0067643,83.21157398,31.57110125,69.56624949,0.6031621513,66.96892384,6.503642559,297.9514465,0,126.8598328,0.03557177633,46.0938797,98063.125,10.58969593,3.72335192
126.8000031,197.0580273,82.98183358,31.62056502,69.62371153,0.60205376,66.3699722,6.505193233,297.9050598,0,125.930069,15.46632576,4.609388351,98084.125,10.56065178,3.806753308
127,194.9829769,83.91591057,31.56997657,69.59584176,0.6025476288,66.83333088,6.50684309,297.9970093,0,124.3680878,4.639897823,62.1208725,98105.64844,10.53777695,3.898753816
127.1999969,201.1543762,83.65123397,31.61815963,69.60132351,0.6012175315,66.6185857,6.507671833,297.9427795,0,122.1504135,33.14791489,6.212087154,98125.32812,10.5224905,3.879039674
127.4000015,196.660193,85.08827117,31.54264034,69.60719114,0.601850828,66.95162046,6.507356644,298.0795898,0,119.6041565,9.944375038,83.8531723,98145.875,10.50100899,3.9431765
127.5999985,205.0415992,84.02209375,31.54777607,69.53638062,0.6008211124,67.52565622,6.505878925,298.0094604,0,117.1851959,55.40987778,8.385316849,98163.95312,10.50911236,3.835552286
127.8000031,196.9607685,85.63951805,31.44012129,69.60810375,0.6017307741,67.54045334,6.502984524,297.9427185,0,115.3574677,33.16916656,0.838531673,98183.76562,10.4984417,3.870439775
128,194.0605926,85.10153158,31.36542722,69.50759792,0.6032639414,68.33005736,6.500418186,297.9959412,0,114.6883621,9.950749397,47.11177826,98204.05469,10.51654816,3.841182878
128.1999969,196.4299777,83.95885516,31.37857888,69.48524876,0.6031405554,68.34564374,6.497325897,297.9363098,0,115.0403137,26.66349792,4.711177826,98223.53906,10.5451088,3.701547903
128.3999939,191.2215226,84.08211504,31.30904438,69.49740887,0.6044269595,68.56760065,6.494874477,298.0361023,0,116.6318512,7.999049664,70.59650421,98244.46094,10.56261539,3.681274052
128.6000061,196.8989469,82.26182178,31.36032932,69.49724372,0.6033957887,68.48936952,6.494553089,297.9656067,0,119.2002792,40.49274826,7.059650421,98264.26562,10.57745647,3.62576964
128.8000031,192.2386972,83.00819913,31.33491122,69.560784,0.6039700791,68.30038125,6.495837688,297.904541,0,121.8922729,16.77125359,0.7059650421,98285.83594,10.57101727,3.705471254
129,192.1867601,82.76711929,31.37443573,69.50179675,0.6044582795,68.44404893,6.498822689,297.9328613,0,124.0720367,5.031375885,36.55895615,98307.90625,10.57112026,3.748847981
129.1999969,196.0850314,82.74795005,31.4891617,69.55162651,0.6029739538,67.58624613,6.500706196,297.8813782,0,125.0572815,1.509412766,9.999999747e-05,98329.11719,10.57032108,3.672300288
129.3999939,194.0999152,83.52169358,31.48155166,69.50835298,0.6035764047,67.82283233,6.503245831,297.937561,0,125.2981262,0.4528238177,47.7618866,98351.10938,10.55524158,3.75249474
129.6000061,198.9778966,83.52672293,31.57006691,69.57305536,0.6019234839,67.03914013,6.504395962,297.8876648,0,124.5175476,0.1358471513,9.999999747e-05,98371.70312,10.54666805,3.69124401
129.8000031,195.882919,84.45717993,31.51835509,69.50968329,0.6028573632,67.58530218,6.504909039,297.9517212,0,123.2834854,0.04075414315,51.60998535,98393.03125,10.5389986,3.725037854
130,200.0397028,84.22652318,31.56487489,69.56039339,0.6016380178,67.11116023,6.504193306,297.8960571,0,121.841835,18.30018997,5.160998344,98412.98438,10.53562927,3.658995638
130.1999969,195.704954,84.99163776,31.48720124,69.54366779,0.6025726632,67.58798635,6.504088879,298.0002747,0,120.6885376,5.490056992,71.79490662,98433.95312,10.52055168,3.747783091
130.3999939,202.379112,84.1314605,31.52293634,69.54077984,0.6013571343,67.57203246,6.504263401,297.9351807,0,119.570961,37.96279907,7.179490566,98453.10156,10.51417255,3.723464107
130.6000061,196.8934649,85.43407715,31.44957131,69.56681825,0.6020983901,67.75760291,6.502739429,298.0862122,0,118.3846512,11.38883972,96.51120758,98473.41406,10.51420403,3.703124465
130.8000031,206.0342627,83.80903556,31.47215534,69.50395874,0.600989833,68.26495862,6.501057148,297.9978333,0,117.814476,61.54964828,9.651120186,98491.3125,10.53195477,3.578844319
131,196.8130001,85.33186473,31.38035733,69.60948586,0.6019416378,67.97753938,6.497134209,297.912384,0,117.9121857,33.15855026,0.9651120305,98511.34375,10.54646683,3.512593745
131.1999969,192.9511688,84.3177309,31.3283498,69.51125379,0.6038259863,68.60693892,6.493474007,297.9615784,0,119.5860138,9.947565079,54.2141571,98532.28125,10.58995342,3.402735613
131.3999939,195.2454878,82.64872158,31.37628498,69.52662562,0.6035475892,68.30089141,6.492622852,297.8894043,0,122.715889,24.2766571,5.421415806,98552.9375,10.6044302,3.386307935
131.6000061,191.7200432,82.74825781,31.35007423,69.52363721,0.6044900982,68.53501723,6.493881702,297.9975586,0,126.1777954,7.282997131,80.35613251,98575.13281,10.61313248,3.428469073
131.8000031,200.173615,81.52314699,31.48974634,69.57318368,0.6022491003,67.75362082,6.498370647,297.9195251,0,129.1381989,40.9968605,8.03561306,98595.83594,10.59448433,3.485981547
132,196.9808768,83.19205749,31.50884028,69.62068424,0.6022239442,67.40599689,6.501600266,298.0829468,0,130.2992706,12.29905796,107.5529251,98617.71875,10.58502769,3.497385268
132.1999969,209.6721836,82.23428522,31.64029834,69.60863033,0.5999984704,67.05776511,6.505000591,297.9847107,0,130.1828766,66.24485016,10.75529289,98636.64062,10.57357121,3.458243817
132.3999939,201.4198579,84.75547206,31.60063246,69.71115945,0.6003794402,66.56110671,6.504708767,297.892334,0,128.701767,34.23827362,1.075529218,98657.39844,10.56557274,3.434329169
132.6000061,198.3382345,84.8769263,31.57711485,69.61461144,0.6015146009,66.95891213,6.504126549,297.9497681,0,127.3501663,10.27148247,58.92844009,98678.61719,10.56908131,3.434050579
132.8000031,202.38552,84.25739073,31.6194633,69.61619918,0.6008540845,66.71009757,6.504439354,297.8864746,0,126.2206116,3.08144474,9.999999747e-05,98698.63281,10.55739403,3.457278014
133,197.9847593,85.02849537,31.53982022,69.51550806,0.6022149505,67.5313713,6.502712727,297.9520874,0,124.9620438,0.9244334102,59.1328125,98719.53906,10.57386684,3.388789596
133.1999969,201.3697706,84.39875181,31.57210431,69.5715797,0.6013046731,67.11256426,6.500114441,297.8796387,0,124.4035645,19.77899933,5.913281441,98739.3125,10.58336449,3.294491838
133.3999939,195.5650714,84.68060155,31.47349196,69.54818741,0.6026956368,67.74987634,6.496963501,297.9864197,0,124.880806,5.933700085,81.99407196,98760.48438,10.60684109,3.236937746
133.6000061,201.4259208,83.02251522,31.51444292,69.57160335,0.6016516581,67.58699131,6.494641781,297.8972473,0,126.6175079,38.80313873,8.199406624,98780.28906,10.62662888,3.138237291
133.8000031,194.4741168,83.45123005,31.43305131,69.59408249,0.6030053413,67.8956155,6.492100239,298.0640259,0,129.2782745,11.64094257,112.7935944,98802.13281,10.65528011,3.077711772
134,205.3361548,81.02939131,31.52141571,69.58446079,0.6012554816,67.8873431,6.492113113,297.9508362,0,132.9590302,65.99485016,11.27935886,98821.86719,10.67200756,3.006215251
134.1999969,196.7390583,82.295279,31.47118483,69.68245938,0.6021601599,67.59058342,6.49181366,297.8566589,0,136.6256409,28.09363365,1.127935886,98844.34375,10.68725204,2.99983616
134.3999939,194.9616483,81.60814774,31.50866496,69.58272336,0.6033857623,67.81897755,6.492274761,297.9055786,0,140.4211731,8.428090096,56.71728897,98867.79688,10.71823692,2.941977688
134.6000061,199.5164963,80.7476096,31.64285005,69.64783902,0.6019740501,66.71804744,6.493284225,297.8374634,0,144.0288544,2.528427124,9.999999747e-05,98890.55469,10.72672176,2.880442028
134.8000031,196.6120537,81.03594624,31.61897456,69.56538373,0.6031607697,67.29893153,6.493597031,297.9189453,0,147.2334137,0.7585281134,67.70336151,98914.65625,10.75473595,2.816016764
135,202.4551595,80.25156046,31.754486,69.67633371,0.6012032965,65.93645184,6.492990494,297.8535156,0,150.3167267,0.227558434,9.999999747e-05,98937.58594,10.76455879,2.71106661
135.1999969,198.508415,80.30890829,31.68800144,69.58305115,0.6027525603,66.89510036,6.492315769,297.9396057,0,153.6434326,0.06826753169,69.52803802,98962.125,10.79656124,2.658063969
135.3999939,204.4693074,79.29587568,31.81016183,69.6877044,0.6009432455,65.65732568,6.493407249,297.8742676,0,157.237381,0.02048025839,9.999999747e-05,98985.66406,10.79558849,2.640416366
135.6000061,201.1417952,79.61116277,31.76132216,69.59524926,0.6022183546,66.4706893,6.495223999,297.9531555,0,160.3887787,0.006144077517,66.28977966,99010.72656,10.81517601,2.636071876
135.8000031,207.4305061,79.22265184,31.90661002,69.70277377,0.6002600968,64.90548092,6.498754501,297.8745117,0,162.8167114,22.99477577,6.628977776,99034.60938,10.79927731,2.660462615
136,203.7282526,80.28769767,31.87923407,69.66037548,0.6008846476,65.27643055,6.501926422,297.9993896,0,163.8290863,6.898432732,91.4072113,99059.76562,10.8011179,2.674561265
136.1999969,213.1371901,80.09319144,32.03361876,69.74806475,0.5988620391,63.68047499,6.503991127,297.8972168,0,163.5793457,45.86564255,9.140720367,99082.51562,10.78719044,2.632970554
136.3999939,205.4302476,81.53996062,31.94868415,69.71840237,0.5998410788,64.40885365,6.507909775,298.0934753,0,162.5063324,13.75969219,128.2904663,99107.21094,10.76933479,2.751958218
136.6000061,220.7761352,81.11333754,32.09556693,69.75747462,0.5977208494,63.35614544,6.511032581,297.9622498,0,159.8561096,78.38170624,12.82904625,99127.88281,10.74669361,2.730809501
136.8000031,207.9986765,83.67870635,31.99347219,69.80636615,0.5985673443,63.70028171,6.511286736,297.8573608,0,155.9653473,35.13516998,1.282904625,99151.10938,10.73119545,2.770435167
137,204.3223968,84.38638023,31.97950496,69.74272319,0.5993983272,63.75954551,6.513078213,297.9155273,0,151.9797974,10.54055023,62.31848907,99174.625,10.7035675,2.895376821
137.1999969,209.648908,84.7488561,32.04184984,69.78817826,0.5984734361,63.09274652,6.515219212,297.8467407,0,147.2634277,3.162165165,9.999999747e-05,99196.17969,10.66699505,2.981865406
137.3999939,204.5182983,86.25469974,31.94669709,69.69992794,0.59938671,64.02195937,6.51531744,297.9302979,0,141.6945038,0.9486495256,68.99595642,99218.24219,10.65038204,3.018661868
137.6000061,210.0507103,86.63860668,31.96782755,69.7539776,0.5984126143,63.80083042,6.513929367,297.8645935,0,136.0940704,0.2845948637,9.999999747e-05,99238.125,10.62598705,3.027530088
137.8000031,203.3068444,87.61380849,31.81394885,69.64476884,0.599750318,65.19512551,6.511405468,297.9465637,0,131.0471039,0.08537846059,67.96474457,99258.94531,10.61920738,3.058932659
138,207.8949794,87.31916405,31.78959442,69.66776645,0.5991019579,65.4544315,6.51085043,297.8808899,0,127.0086823,0.02561353706,9.999999747e-05,99278.21094,10.58530712,3.193081817
138.1999969,202.0671272,88.12295846,31.65204905,69.55333508,0.600471428,66.69524122,6.509382248,297.9541321,0,123.1822815,0.007684061304,64.0426178,99298.40625,10.58225918,3.22514856
138.3999939,206.363257,87.92989959,31.64797831,69.58640952,0.5997267241,66.72466947,6.506800175,297.881134,0,119.9524612,21.3038559,6.404261589,99317.04688,10.57897663,3.177173319
138.6000061,199.3054034,88.57137991,31.5152684,69.55593159,0.6010421638,67.50279691,6.503702164,297.9938965,0,117.7562256,6.391156673,85.29586792,99337.03906,10.58568382,3.180605727
138.8000031,205.579667,87.32511717,31.50796693,69.53660854,0.6003682973,67.88737126,6.501057148,297.905365,0,116.797348,41.38479233,8.529586792,99355.32031,10.5972147,3.10861761
139,196.9236727,88.11158027,31.39498791,69.56869984,0.6016935788,68.12218153,6.497992992,298.0757446,0,116.8932724,12.41543865,115.0645981,99375.60938,10.61457062,3.078197459
139.1999969,207.8003454,85.92472525,31.4213501,69.49697069,0.6005836054,68.87208144,6.497087002,297.9664307,0,118.2176514,68.31113434,11.50646019,99393.5625,10.63099861,3.010759336
139.3999939,197.3713477,87.49217842,31.35018282,69.63505224,0.6014308319,68.23115909,6.496158123,297.8712463,0,119.8959503,32.16506195,1.150645971,99414.32031,10.63428688,3.051046685
139.6000061,194.7401178,86.65854135,31.35521348,69.51564566,0.6028486653,68.65210428,6.496336937,297.9243774,0,121.952774,9.649518967,59.14679337,99435.91406,10.66378498,2.998770924
139.8000031,199.191035,85.94217215,31.46344311,69.55231427,0.6017365162,67.93976464,6.498456001,297.8560791,0,123.9345322,2.894855499,9.999999747e-05,99456.73438,10.65848255,3.020553449
140,196.0068326,86.57732404,31.44916254,69.47679927,0.6026717342,68.28441033,6.502595425,297.9316711,0,125.0658112,0.8684566617,65.4450531,99478.8125,10.64739227,3.149857662
140.1999969,203.5637754,86.88781084,31.59229654,69.57499331,0.6004504372,67.1523352,6.506507397,297.8659058,0,124.5408859,0.2605369985,9.999999747e-05,99499.09375,10.62161541,3.172245676
140.3999939,199.9726474,88.29826785,31.56829381,69.51654932,0.6010932419,67.39236994,6.508461952,297.9425659,0,122.458313,0.07816109806,65.69363403,99520.03906,10.61706829,3.168048972
140.6000061,205.9473881,88.70316602,31.64048279,69.59146974,0.5996677834,66.76939984,6.509261131,297.8768616,0,119.5995712,0.02344832942,9.999999747e-05,99539.13281,10.59648705,3.168299324
140.8000031,200.4120669,89.72861212,31.54738163,69.50785235,0.6008321387,67.47901172,6.510103226,297.9486389,0,116.4186935,0.007034499198,63.52334213,99559.22656,10.57685757,3.292628512
141,206.0735352,89.88795879,31.57198404,69.54624031,0.5997693248,67.38267839,6.509537697,297.882843,0,112.8972549,0.002110349713,9.999999747e-05,99577.42188,10.56459808,3.26563114
141.1999969,199.68076,90.7325479,31.4577226,69.45801839,0.601175379,68.15947083,6.506906509,297.9493103,0,109.6066818,0.0006331049372,61.11406326,99596.53906,10.57693481,3.204892002
141.3999939,202.6423536,90.35078713,31.44306901,69.49389388,0.6006802723,68.15968992,6.504739761,297.8834839,0,107.3708267,0.0001899314811,9.999999747e-05,99614.54688,10.56790161,3.229292607
141.6000061,196.3081401,90.53536309,31.31770293,69.39583196,0.6024810089,69.06166519,6.502762794,297.9467468,0,105.9936523,9.999999747e-05,59.66489029,99633.82031,10.58095455,3.24145861
141.8000031,199.7255526,89.9788763,31.33426778,69.44632099,0.6017149033,68.84432091,6.501529694,297.8809204,0,105.4080429,9.999999747e-05,9.999999747e-05,99652.125,10.57961464,3.234280298
142,194.2823271,90.20187197,31.24776883,69.36883868,0.6033275181,69.475715,6.500496387,297.9435425,0,105.3138962,9.999999747e-05,59.37604523,99671.71094,10.58947945,3.228608488
142.1999969,198.4993928,89.63831666,31.29241183,69.42944431,0.6022055279,69.11643411,6.500733376,297.8777466,0,105.6348343,9.999999747e-05,9.999999747e-05,99690.39844,10.5568676,3.344068934
142.3999939,195.0162637,89.76652328,31.21702935,69.33254908,0.6035422153,69.94552723,6.501140594,297.9413452,0,105.8573456,9.999999747e-05,59.84921646,99710.09375,10.54941654,3.429420066
142.6000061,200.5317356,89.33938577,31.27760793,69.39017576,0.6020847065,69.60314116,6.500083447,297.8755798,0,105.9205551,9.999999747e-05,9.999999747e-05,99728.35938,10.54608536,3.331962969
142.8000031,195.4637207,89.49083073,31.19852539,69.31077552,0.6036771596,70.23586613,6.499712944,297.9406433,0,106.4119263,9.999999747e-05,60.51925659,99748.01562,10.53746605,3.44480837
143,200.9558842,88.7725808,31.24878071,69.36173744,0.602324172,70.00469374,6.499589443,297.8748779,0,107.0445709,9.999999747e-05,9.999999747e-05,99766.46094,10.52289772,3.455263455
143.1999969,196.771217,88.97617094,31.18248672,69.27782237,0.6037216066,70.65559417,6.499884129,297.940979,0,107.7279739,9.999999747e-05,61.01589966,99786.15625,10.51676083,3.546024084
143.3999939,202.6087657,88.42040722,31.24863392,69.33903019,0.6021739576,70.29691101,6.500200748,297.8752136,0,108.2929535,9.999999747e-05,9.999999747e-05,99804.5625,10.50003719,3.553877842
143.6000061,198.5148312,88.7442133,31.18711467,69.2555493,0.6034798906,70.91395834,6.499855042,297.9416809,0,108.7325211,9.999999747e-05,61.20514297,99824.07812,10.50359631,3.563023338
143.8000031,203.8050375,88.15374964,31.24710003,69.32155091,0.6020806328,70.52454129,6.499597549,297.875946,0,109.312561,9.999999747e-05,9.999999747e-05,99842.40625,10.48899269,3.56708955
144,199.4087237,88.34790073,31.17720832,69.23415648,0.6035168871,71.19312459,6.49993515,297.9423828,0,109.9932251,9.999999747e-05,61.14660263,99862.04688,10.48300266,3.666542619
144.1999969,205.3959082,87.78804366,31.24428617,69.29686045,0.6019679955,70.83296186,6.498810291,297.8766785,0,110.537323,9.999999747e-05,9.999999747e-05,99880.21875,10.4850378,3.538147434
144.3999939,200.1108331,87.94223822,31.17152092,69.21897404,0.6035581924,71.40362786,6.498517513,297.942627,0,111.5380325,9.999999747e-05,60.98466492,99899.89844,10.48186111,3.634529613
144.6000061,205.9445786,87.17666935,31.23384109,69.28051326,0.6020924757,71.07878907,6.498272419,297.8769226,0,112.6483688,9.999999747e-05,9.999999747e-05,99918.32812,10.47419643,3.602244807
144.8000031,201.5023064,87.37339736,31.17398644,69.19923061,0.6034842469,71.65894378,6.497827053,297.9424438,0,113.85923,9.999999747e-05,60.80350876,99938.04688,10.48148632,3.611426961
145,207.0645819,86.63808875,31.24418014,69.27209229,0.602005026,71.20577671,6.499176979,297.87677,0,115.2491455,9.999999747e-05,9.999999747e-05,99956.75,10.45550823,3.721143825
145.1999969,203.7856463,87.02193806,31.20006138,69.18445808,0.6030684739,71.80068339,6.499520779,297.9421082,0,116.0924835,9.999999747e-05,60.72655869,99976.44531,10.46244335,3.698120543
145.3999939,209.5388104,86.56115481,31.27934635,69.26385882,0.6015111265,71.25134066,6.499509335,297.8764648,0,116.8074188,9.999999747e-05,9.999999747e-05,99994.84375,10.45008278,3.672799333
145.6000061,204.9967768,86.84265742,31.21508311,69.17747644,0.6028501714,71.86771595,6.499701977,297.9417725,0,117.5247879,9.999999747e-05,60.73076248,100014.5312,10.44878578,3.734981566
145.8000031,210.9970775,86.26781092,31.28442254,69.24662183,0.6013732066,71.4520262,6.500661373,297.8761902,0,118.1632462,9.999999747e-05,9.999999747e-05,100032.9375,10.42752171,3.791839072
146,206.9221524,86.72946087,31.22875155,69.1584141,0.6025318251,72.04683078,6.500767231,297.9415283,0,118.4161911,9.999999747e-05,60.76760864,100052.4219,10.42967892,3.79969932
146.1999969,212.6695752,86.24996159,31.29411968,69.23008042,0.6011330789,71.6189422,6.500618458,297.8759155,0,118.6320038,9.999999747e-05,9.999999747e-05,100070.5469,10.41617298,3.788982295
146.3999939,207.7595724,86.57631822,31.22129065,69.13937454,0.6025087235,72.27364128,6.501349926,297.9432983,0,118.9054642,9.999999747e-05,60.83944702,100090.0312,10.4062109,3.917843294
146.6000061,214.2440384,86.11772396,31.28817176,69.20316964,0.6010148875,71.92806112,6.5017066,297.879303,0,118.8826065,9.999999747e-05,9.999999747e-05,100107.9844,10.39172745,3.906266244
146.8000031,209.371922,86.61436942,31.22119518,69.11562859,0.602285523,72.51545527,6.501288414,297.9450989,0,118.7210693,9.999999747e-05,60.16692734,100127.1172,10.39259434,3.925568988
147,214.9360705,86.05042445,31.27157546,69.18001101,0.6010438027,72.2132694,6.500286579,297.8803406,0,118.7282104,9.999999747e-05,9.999999747e-05,100144.8438,10.3855896,3.877251556
147.1999969,209.4374003,86.26236954,31.18822596,69.08866115,0.6025713725,72.88726402,6.501117229,297.9477844,0,119.1355743,9.999999747e-05,59.81207657,100164.1406,10.37190151,4.062013451
147.3999939,216.1614119,85.75959082,31.25412424,69.14852011,0.601060771,72.59561632,6.502584457,297.8877258,0,119.2027588,9.999999747e-05,9.999999747e-05,100181.9609,10.34924126,4.125949731
147.6000061,212.005053,86.44144717,31.20160451,69.06155362,0.602103622,73.12067959,6.504559517,297.9542542,0,118.6867676,9.999999747e-05,57.33429718,100200.9375,10.32873344,4.294013236
147.8000031,218.8427252,86.34840725,31.26718722,69.11758103,0.6005967737,72.85443697,6.506227493,297.8980713,0,117.3812485,19.19524574,5.733429909,100218.25,10.30038834,4.361607411
148,214.7906209,87.42329899,31.20997044,69.09770245,0.601153399,73.20891924,6.505501747,297.9953308,0,115.4111786,5.758574009,73.07873535,100236.2656,10.2942152,4.34079507
148.1999969,221.7798497,86.73019838,31.22554206,69.09279883,0.6002653165,73.48392047,6.504956722,297.9308777,0,113.7382812,35.91686249,7.307873726,100252.4453,10.27670097,4.380561087
148.3999939,215.0556559,87.74500321,31.13010897,69.10191794,0.6011569733,73.76776148,6.503516674,298.0705872,0,112.2750473,10.77505875,93.39025116,100270.0625,10.2644043,4.458614731
148.6000061,225.3936386,86.22923859,31.13371144,69.02761297,0.6002584258,74.66405274,6.503444672,298.0005493,0,111.391304,56.86707687,9.339025497,100285.2734,10.25340462,4.498555098
148.8000031,217.0017439,87.8070161,31.05001481,69.11183839,0.6008849025,74.4212318,6.501243114,297.9262695,0,110.5290298,34.30243683,0.9339025617,100302.3516,10.24795914,4.49878693
149,213.250493,87.16422819,31.00217665,69.01138749,0.6023128896,74.83710276,6.498947144,297.9809265,0,110.5588608,10.29073048,53.82398987,100320.0859,10.26609421,4.433019768
149.1999969,217.1394608,85.93076245,31.03048463,68.99330739,0.6020344496,74.8491575,6.498658657,297.921875,0,111.5005722,26.94287872,5.382399082,100337.0234,10.26006222,4.493044675
149.3999939,212.8951234,86.3543674,30.98380005,68.98461646,0.6028041368,75.03894268,6.498859406,298.0236206,0,112.5507736,8.082863808,73.95179749,100355.2422,10.25644398,4.56231897
149.6000061,221.6404115,85.22185089,31.0491206,68.97296398,0.6014460407,75.19489262,6.49998951,297.9605103,0,113.5254288,40.69724274,7.395180225,100371.6172,10.25107384,4.539605914
149.8000031,216.2467808,86.42871219,31.01610957,69.02252236,0.6018273251,75.00680104,6.500234604,297.8978271,0,114.0465317,19.05175209,0.7395179868,100389.5,10.24182987,4.587669264
150,214.4844406,86.14673268,31.01008589,68.93344775,0.6027044056,75.31931606,6.499112606,297.9303894,0,114.4754257,5.715525627,42.51787186,100407.6719,10.26370525,4.438379261
150.1999969,217.26566,85.50226146,31.05455396,68.96161063,0.6021663121,75.00969527,6.497332096,297.8719177,0,115.3548126,1.714657664,9.999999747e-05,100425.0938,10.27374649,4.313570382
150.3999939,212.5552631,85.36897983,30.99173798,68.8825561,0.6036952203,75.50815618,6.495919228,297.9273376,0,116.9442444,0.5143973231,52.99559784,100443.8281,10.29010677,4.290665195
150.6000061,217.38722,84.42214904,31.05198763,68.95593011,0.6024635601,75.09665834,6.495527267,297.8681946,0,119.0955353,0.1543191969,9.999999747e-05,100461.6562,10.28939438,4.25652595
150.8000031,213.4542972,84.45675193,31.00743499,68.87494554,0.6037603024,75.5948654,6.494434357,297.9311829,0,121.4014816,0.04629575834,58.10328293,100480.7109,10.31350708,4.155839387
151,219.1224479,83.50682083,31.09166063,68.96920765,0.6022020656,74.98640989,6.494373322,297.8682556,0,124.1500244,0.01388872787,9.999999747e-05,100498.75,10.31139755,4.11764322
151.1999969,215.1078088,83.56980436,31.05130405,68.88304617,0.6034962275,75.49141095,6.49524641,297.9359131,0,126.9174347,0.004166618455,60.98765945,100518.2578,10.32204342,4.144571368
151.3999939,222.4311316,82.87673379,31.16522677,68.98149691,0.6015170628,74.75992723,6.496856689,297.8720398,0,129.3357391,0.00124998542,9.999999747e-05,100536.3984,10.3112154,4.129698555
151.6000061,218.519042,83.36152683,31.13904811,68.89627974,0.602536286,75.14701323,6.499583721,297.941925,0,131.1105804,0.0003749956377,61.67163086,100555.9453,10.3055048,4.238421646
151.8000031,226.6678156,83.13520715,31.26035249,68.99132129,0.6005110135,74.39071579,6.50318718,297.8811646,0,131.7932129,0.0001124986957,9.999999747e-05,100573.7969,10.27631855,4.324424229
152,222.7621401,84.20935255,31.23697531,68.90556972,0.6012459388,74.71273725,6.505437851,297.9486389,0,131.0353241,9.999999747e-05,59.47185516,100592.6094,10.26559353,4.368964279
152.1999969,229.8539854,84.28055204,31.3163731,68.98396501,0.5997380143,74.25804288,6.507304192,297.8902893,0,129.3842468,9.999999747e-05,9.999999747e-05,100609.5938,10.23651886,4.43313445
152.3999939,224.5938057,85.28108833,31.24752504,68.88852424,0.600735656,74.83331818,6.509311676,297.9565735,0,126.9836349,9.999999747e-05,56.31947327,100627.6875,10.20840263,4.627551107
152.6000061,231.428097,85.42400134,31.28587348,68.93359041,0.5995332489,74.84711402,6.508211613,297.8972473,0,123.7784042,19.19467545,5.631947041,100643.625,10.19992542,4.503178353
152.8000031,224.636407,86.32220355,31.18261243,68.9087209,0.6005325814,75.3574847,6.506613255,297.9978943,0,121.0237732,5.758402824,74.11676788,100660.8047,10.1825552,4.616752172
153,232.1842656,85.41310845,31.1691641,68.88969721,0.5998052286,75.96696183,6.504131317,297.9293823,0,118.9002686,37.0664711,7.411676407,100675.8359,10.18300343,4.525807192
153.1999969,223.4607742,86.22398921,31.05197228,68.90256517,0.601003554,76.239474,6.501347542,298.0737915,0,117.7707138,11.11994076,96.88859558,100692.7266,10.17899704,4.586737422
153.3999939,234.2989056,84.34561801,31.04930821,68.83959832,0.6001446386,77.16128648,6.500183105,297.9951477,0,117.7529221,58.80171585,9.688858986,100707.1406,10.18174171,4.554195609
153.6000061,224.5846038,85.6595066,30.96297122,68.92714472,0.6009863314,76.86069175,6.49860239,297.9187622,0,118.1946411,33.35529327,0.9688859582,100723.9844,10.17598534,4.627400029
153.8000031,221.4009759,84.956087,30.93891654,68.81882077,0.6023062885,77.17675077,6.497683525,297.9700317,0,119.2751465,10.00658798,52.86328506,100741.6094,10.19281387,4.590806764
154,226.4170313,83.9386902,31.00095374,68.82114547,0.6016147379,76.9717362,6.497737408,297.9072266,0,120.7196579,25.2285099,5.286328793,100758.2188,10.19498253,4.555211548
154.1999969,221.878009,84.41352545,30.96737942,68.80919948,0.6023658795,77.08210212,6.497599602,298.0068054,0,122.1416473,7.568552971,75.44876862,100776.1719,10.20162868,4.545459003
154.3999939,230.8834953,83.26583527,31.04453948,68.82767448,0.600922812,77.02141038,6.498989105,297.9376221,0,123.622406,38.91242981,7.544876575,100792.3281,10.19439983,4.550088219
154.6000061,225.1373506,84.36245856,31.01195925,68.85353344,0.6014366549,76.95560804,6.501469135,298.083313,0,124.5418625,11.6737299,97.03475952,100810.2578,10.17433167,4.731176915
154.8000031,239.3914971,83.26575739,31.1036238,68.81569469,0.5996167801,77.42136919,6.503481865,298.0047913,0,124.4705276,60.11196518,9.703475952,100824.9922,10.17131901,4.626523385
155,230.3399989,85.29137999,31.05725859,68.90764396,0.6000258867,76.9811163,6.502974033,297.9251709,0,123.5991287,35.05626297,0.9703476429,100841.7969,10.15993023,4.64318131
155.1999969,226.8079305,85.09746071,31.035583,68.80836771,0.6010898581,77.17579505,6.501882553,297.9776001,0,122.9375916,10.51687908,54.27634048,100859.1406,10.16726685,4.602518458
155.3999939,231.6698422,84.2545853,31.07101556,68.79781055,0.6006009573,77.14990494,6.50067234,297.9117432,0,122.706604,26.39310455,5.427633762,100875.1797,10.16926003,4.534917968
155.6000061,225.5466845,84.71350777,31.00044806,68.7769436,0.601652291,77.4076803,6.500490189,298.0153809,0,122.9580841,7.917931557,76.90299988,100892.7656,10.16242123,4.645893881
155.8000031,234.921158,83.59720827,31.05275297,68.77447493,0.6004023723,77.62870335,6.500937462,297.9454956,0,123.2787399,40.85049057,7.690299988,100908.2344,10.15883923,4.605510084
156,227.8993927,84.72578117,30.99715226,68.80390516,0.6011020584,77.5934304,6.501689434,298.0933228,0,123.42173,12.25514698,98.61712646,100925.5078,10.14454842,4.729405875
156.1999969,241.5173582,83.35013661,31.05589583,68.75111659,0.5996230979,78.2992513,6.50287199,298.0144043,0,123.2649689,61.73445892,9.861712456,100939.7109,10.14170361,4.664116049
156.3999939,231.9516515,85.22595714,30.99618177,68.84446815,0.6001409786,77.8879784,6.503927231,297.9406738,0,122.6346893,36.89544678,0.9861712456,100956.2891,10.11278915,4.86355044
156.6000061,229.6379457,85.17240464,30.98905343,68.73471178,0.6009762036,78.1293512,6.505362988,297.9938354,0,121.5841904,11.06863403,51.14718246,100973.2578,10.10259151,4.947483158
156.8000031,235.527671,84.84389945,31.04186677,68.71008926,0.6002522097,78.14344956,6.505632401,297.936554,0,119.9576721,27.74204254,5.11471796,100988.5547,10.09626484,4.879921289
157,229.7931312,85.81159064,30.97982444,68.69994481,0.6009973921,78.31030352,6.504490376,298.0327148,0,118.2284088,8.322612762,70.9099884,101004.9219,10.08966446,4.891188429
157.1999969,237.3987392,84.86230152,30.98808286,68.6730379,0.6002558382,78.79569511,6.503149033,297.9699097,0,116.9568481,39.54831696,7.09099865,101019.2812,10.08962154,4.819525264
157.3999939,229.5401609,85.80995221,30.90061527,68.70284375,0.6011965968,78.82174917,6.501430035,297.9100647,0,116.2179337,18.38990021,0.7090998888,101035.4062,10.0826292,4.88817844
157.6000061,226.3278746,85.30544302,30.85389219,68.60300693,0.6024823676,79.22880856,6.499814987,297.9390869,0,116.1672592,5.516970158,38.6329422,101052.1172,10.09742451,4.838357431
157.8000031,228.9332066,84.59407567,30.87618053,68.61737962,0.602155539,79.11457179,6.498612404,297.8873901,0,116.7610092,1.655090928,9.999999747e-05,101068.1953,10.10224056,4.784729237
158,224.4604003,84.59144976,30.82199009,68.54096512,0.6035077055,79.48716609,6.498716831,297.9376831,0,117.8347626,0.4965272844,46.93675232,101085.5547,10.10549355,4.856980813
158.1999969,229.9048534,84.04006454,30.88347189,68.60420025,0.6021742021,79.20838811,6.498811245,297.8865967,0,118.8639221,0.1489581913,9.999999747e-05,101101.7578,10.10529041,4.781198988
158.3999939,225.6616867,84.34599919,30.84396725,68.53327563,0.6032960318,79.51020486,6.499099255,297.943512,0,119.8594894,0.04468745738,50.73510742,101119.1719,10.11146545,4.791238859
158.6000061,231.6176211,83.85663398,30.9135108,68.60880364,0.6018175083,79.15928871,6.499621868,297.8914795,0,120.7391129,0.01340623666,9.999999747e-05,101135.3203,10.10506725,4.752836949
158.8000031,227.230985,84.2653078,30.8717965,68.53089746,0.6029220399,79.49245123,6.499123573,297.9476318,0,121.4095306,0.004021870904,51.55331039,101152.5781,10.11878586,4.679498471
159,232.6720332,83.7111419,30.93200287,68.61047875,0.6016207232,79.13562722,6.497615337,297.8911438,0,122.2833328,0.001206561341,9.999999747e-05,101168.5391,10.12609863,4.531470083
159.1999969,227.0294419,83.77446558,30.86739098,68.53252708,0.6031319071,79.51492198,6.496348381,297.946106,0,123.7605896,0.0003619683848,52.75548935,101186,10.14241695,4.503866438
159.3999939,232.6106987,82.90277975,30.926865,68.61164837,0.6018589701,79.17805162,6.495482922,297.8868713,0,125.7404709,0.0001085905169,9.999999747e-05,101202.3516,10.14735985,4.420535204
159.6000061,227.5976579,82.93720538,30.8772844,68.53062241,0.6032586132,79.55403102,6.492596149,297.9386292,0,128.06604,9.999999747e-05,54.12653351,101220.0469,10.18355656,4.221087532
159.8000031,232.5351742,81.71560608,30.9363008,68.62317468,0.6021341738,79.10532605,6.491855621,297.8742981,0,131.5542908,9.999999747e-05,9.999999747e-05,101237.0312,10.18767643,4.205430362
160,228.0967703,81.55509769,30.89460148,68.53176167,0.6035535068,79.57145796,6.491914272,297.9311829,0,135.3251648,9.999999747e-05,57.37143326,101255.6797,10.21094608,4.172519058
160.1999969,235.3496978,80.65776355,31.00887273,68.63564815,0.6016705774,78.85537473,6.492696285,297.8659973,0,139.076828,9.999999747e-05,9.999999747e-05,101273.1641,10.21203423,4.108555955
160.3999939,231.0286732,80.83315269,30.98318086,68.5424251,0.6028584945,79.22528477,6.494234085,297.9297485,0,142.5160217,9.999999747e-05,60.58146667,101292.3047,10.22607708,4.116293464
160.6000061,239.2919942,80.22983163,31.1143603,68.65150998,0.6008040584,78.3689056,6.496630669,297.8645935,0,145.3398132,9.999999747e-05,9.999999747e-05,101309.9688,10.21521378,4.11050638
160.8000031,234.6624689,80.83425475,31.09140925,68.55409326,0.6018071628,78.6785735,6.499449253,297.9325256,0,147.2046204,9.999999747e-05,62.5670166,101329.1719,10.21642399,4.163886267
161,243.3025518,80.64892377,31.22036579,68.66304711,0.5998443416,77.81494273,6.498626709,297.8674011,0,147.9433899,9.999999747e-05,9.999999747e-05,101346.3047,10.21818924,3.971666064
161.1999969,236.3693711,80.95781894,31.13892859,68.55730355,0.6013402946,78.43118319,6.49631834,297.9363403,0,149.0244293,9.999999747e-05,63.04688263,101365.1484,10.23763371,3.894641824
161.3999939,243.336499,79.87050684,31.19600948,68.64564438,0.6001258747,78.09296096,6.495850563,297.8712158,0,151.0220795,9.999999747e-05,9.999999747e-05,101382.6406,10.23348331,3.905965163
161.6000061,237.2234284,80.01387607,31.12050787,68.52744665,0.6016244605,78.79189344,6.49499464,297.9389954,0,153.1960754,9.999999747e-05,62.52599335,101401.9297,10.25284767,3.868504956
161.8000031,244.8356073,79.09715892,31.20872147,68.62539394,0.6001287977,78.1943425,6.493391991,297.8739319,0,155.7194824,9.999999747e-05,9.999999747e-05,101419.7188,10.25814533,3.765491553
162,238.4937633,79.00145055,31.12082548,68.50069415,0.6018079748,79.03744296,6.492175102,297.9399109,0,158.8852234,9.999999747e-05,61.68573761,101439.5469,10.2821579,3.738829069
162.1999969,246.2013748,77.91219584,31.21295866,68.59595834,0.6003010853,78.40641591,6.493446827,297.8748779,0,162.5339813,9.999999747e-05,9.999999747e-05,101458.1719,10.27760601,3.769126693
162.3999939,241.0435135,78.21229774,31.16171777,68.47122729,0.6015885089,79.03670494,6.495788574,297.9394531,0,165.6672363,9.999999747e-05,61.03667831,101478.7188,10.28890705,3.812352037
162.6000061,249.4663879,77.83490897,31.29700874,68.57858251,0.5997103601,77.95910528,6.501492023,297.8743896,0,167.8682556,9.999999747e-05,9.999999747e-05,101497.8203,10.26151943,3.958532344
162.8000031,244.5561114,79.07929191,31.28519429,68.47209857,0.6004237757,78.13782222,6.506708622,297.9383545,0,167.7801971,9.999999747e-05,60.77787399,101518.3047,10.24924374,4.045451001
163,252.8555622,79.62089976,31.42652152,68.59317012,0.5986240452,76.93380156,6.510418892,297.873291,0,165.6179352,9.999999747e-05,9.999999747e-05,101536.5625,10.21740627,4.079833447
163.1999969,246.028663,81.00569224,31.37212297,68.50692979,0.5994655554,77.33260247,6.511528015,297.9373169,0,161.9748535,9.999999747e-05,60.85504532,101555.8828,10.20383072,4.101128283
163.3999939,253.1537694,81.22953966,31.43350234,68.60958275,0.5982905953,76.96720985,6.513148308,297.8721924,0,157.8919067,9.999999747e-05,9.999999747e-05,101573.0391,10.16740036,4.221097031
163.6000061,245.6102039,82.41297421,31.34098564,68.51506017,0.599294829,77.67821251,6.509959221,297.9367065,0,153.1507721,9.999999747e-05,61.10907745,101591.0781,10.168046,4.111847865
163.8000031,251.400477,82.01706876,31.33517952,68.59164005,0.5985797821,77.92971034,6.506368637,297.8715515,0,149.702713,9.999999747e-05,9.999999747e-05,101607.2188,10.15477562,4.10699246
164,242.5376951,82.17777465,31.18206634,68.46850108,0.6002569426,79.04651936,6.501723766,297.9365234,0,147.6769104,9.999999747e-05,61.35660172,101625,10.16735172,4.063135998
164.1999969,248.2288783,81.05276211,31.17221301,68.53245024,0.5996107098,79.2994023,6.497879982,297.8713989,0,147.5112152,9.999999747e-05,9.999999747e-05,101641.3828,10.1702795,4.024739078
164.3999939,240.1685086,80.80225615,31.04060915,68.40624738,0.6015666066,80.26430238,6.495916843,297.9366455,0,148.8769379,9.999999747e-05,61.49913788,101659.8906,10.18705559,4.065023167
164.6000061,247.3853432,79.74993964,31.10055274,68.49238353,0.6002987788,79.96448494,6.496809483,297.8715515,0,151.0242615,9.999999747e-05,9.999999747e-05,101677.1641,10.1793375,4.125465498
164.8000031,241.4982541,80.13776083,31.04640297,68.38170302,0.6016021336,80.44186634,6.4982481,297.9368286,0,152.8112183,9.999999747e-05,61.53369141,101696.2344,10.18837261,4.15596341
165,249.7525114,79.73117603,31.15702932,68.48688143,0.5998567081,79.72193498,6.500631332,297.8717346,0,154.0301208,9.999999747e-05,9.999999747e-05,101713.6719,10.17294693,4.186144282
165.1999969,243.7288692,80.51225156,31.11301845,68.38362877,0.600934501,80.07338488,6.501572132,297.9369202,0,154.2944489,9.999999747e-05,61.50295639,101732.625,10.17895699,4.163449208
165.3999939,251.5013306,80.21843834,31.20262008,68.48532732,0.5994294925,79.50740728,6.501965523,297.8718262,0,154.190094,9.999999747e-05,9.999999747e-05,101749.7656,10.16758442,4.135602138
165.6000061,244.4158082,80.78471371,31.12442097,68.37721134,0.6007479666,80.07665291,6.501438141,297.9368591,0,153.9255981,9.999999747e-05,61.45656967,101768.5234,10.17477894,4.122885566
165.8000031,251.7770561,80.25925623,31.18881901,68.46925804,0.5994625365,79.73486705,6.500050068,297.8717957,0,153.8733215,9.999999747e-05,9.999999747e-05,101785.5,10.1708889,4.056557858
166,244.222336,80.49139698,31.08895409,68.35345472,0.6010327005,80.46986096,6.496785164,297.9367371,0,154.3761749,9.999999747e-05,61.42570114,101804.2031,10.1930809,3.957502271
166.1999969,250.9307176,79.36524826,31.12837663,68.43795367,0.5999987093,80.30191477,6.494283676,297.8717041,0,156.188324,9.999999747e-05,9.999999747e-05,101821.5469,10.19798946,3.90395968
166.3999939,243.8460444,79.16409917,31.02342549,68.3081678,0.6018337901,81.19009034,6.493854523,297.936615,0,158.9926605,9.999999747e-05,61.40816116,101841.0625,10.21694946,3.941989335
166.6000061,251.9477316,78.28451832,31.12008774,68.40546311,0.6002284553,80.57997779,6.492157459,297.8716125,0,161.9642029,9.999999747e-05,9.999999747e-05,101859.0469,10.22516632,3.814771828
166.8000031,245.3774408,78.14626741,31.02911452,68.27240282,0.6019956214,81.44294883,6.489893913,297.9365234,0,165.625412,9.999999747e-05,61.39776993,101879.1406,10.2572031,3.73443178
167,253.1400263,76.88428345,31.11175729,68.36353683,0.600559241,80.93460436,6.489730835,297.871582,0,170.1898804,9.999999747e-05,9.999999747e-05,101898.1484,10.26172161,3.719433517
167.1999969,247.5529603,76.84842472,31.03603189,68.21527424,0.6022096637,81.83598567,6.489291668,297.9364624,0,174.8109283,9.999999747e-05,61.38586044,101919.3125,10.29247761,3.662778319
167.3999939,255.8375407,75.87360634,31.14675435,68.30796229,0.6004812224,81.05365686,6.490961075,297.8715515,0,179.6152496,9.999999747e-05,9.999999747e-05,101939.3516,10.29078865,3.671211478
167.6000061,250.5372971,76.14813412,31.07802631,68.14777885,0.6019726434,81.95199618,6.494776726,297.9363708,0,183.743988,9.999999747e-05,61.3695488,101961.5781,10.30536842,3.738738414
167.8000031,259.2682126,75.99925483,31.23169455,68.2501704,0.5998439972,80.6235387,6.498556614,297.8714905,0,186.3461761,9.999999747e-05,9.999999747e-05,101982.2109,10.28937054,3.743392744
168,253.3736116,76.82738037,31.17133633,68.10519846,0.6010495865,81.30766233,6.500630856,297.9362183,0,187.4433289,9.999999747e-05,61.36631775,102004.5312,10.29860687,3.724587086
168.1999969,261.1525678,76.69934178,31.29283343,68.21990256,0.599318943,80.17803244,6.503685951,297.8713379,0,187.7163391,9.999999747e-05,9.999999747e-05,102025.0938,10.27547073,3.780542152
168.3999939,254.5220079,77.5937459,31.22073774,68.09482304,0.6005065469,80.88429912,6.506254196,297.9360352,0,186.7586517,9.999999747e-05,61.38245773,102047.1641,10.27297592,3.826238356
168.6000061,262.1980229,77.75197011,31.34164222,68.22633889,0.5988378094,79.73207011,6.50705862,297.8711548,0,184.7783356,9.999999747e-05,9.999999747e-05,102067.0391,10.25017071,3.812048059
168.8000031,254.7171897,78.49547074,31.24935533,68.12252218,0.6000978681,80.54460489,6.507042408,297.9358521,0,182.480545,9.999999747e-05,61.41643524,102088.3203,10.24817371,3.837333305
169,262.1458577,78.34150668,31.33412745,68.24923445,0.5987293951,79.82440493,6.507827282,297.8709412,0,180.1862335,9.999999747e-05,9.999999747e-05,102107.5,10.22266674,3.897980332
169.1999969,254.5549627,79.10447529,31.24121284,68.14647808,0.5999598947,80.6060133,6.509271622,297.9356689,0,177.5726318,9.999999747e-05,61.46629333,102128.1328,10.21296692,3.989810567
169.3999939,262.3406325,79.23139455,31.33282096,68.27186408,0.5985297481,79.89794661,6.50877142,297.8707275,0,174.3817139,9.999999747e-05,9.999999747e-05,102146.3984,10.19195557,3.966009728
169.6000061,254.1291852,79.91288201,31.22744199,68.17472378,0.5998214068,80.70761107,6.507144928,297.9354858,0,171.3994141,9.999999747e-05,61.522686,102166.0859,10.19081974,3.974010648
169.8000031,261.4271357,79.5469837,31.27511628,68.28101567,0.5987093571,80.48593846,6.505177498,297.8705444,0,169.0652161,9.999999747e-05,9.999999747e-05,102183.7031,10.17693329,3.965749162
170,253.0468648,79.87490957,31.15181031,68.16605482,0.6002332795,81.44301127,6.502916336,297.9353943,0,167.5154419,9.999999747e-05,61.57445908,102203.0234,10.18423462,3.967688388
170.1999969,260.3280589,79.21744803,31.19464155,68.26036835,0.5991416447,81.28980741,6.502093792,297.8704224,0,166.8700562,9.999999747e-05,9.999999747e-05,102220.6094,10.17249393,4.000526794
170.3999939,252.5195545,79.5670661,31.09052698,68.13932658,0.6006488952,82.09405358,6.500492096,297.9353027,0,166.5480804,9.999999747e-05,61.61365891,102239.9766,10.18517113,3.974865199
170.6000061,260.0217099,78.90486942,31.14998112,68.23616683,0.5994134884,81.78878007,6.500266552,297.8703308,0,166.8738861,9.999999747e-05,9.999999747e-05,102257.7266,10.1754818,3.997574109
170.8000031,252.5580631,79.26456492,31.05765207,68.11306391,0.6009037993,82.50920832,6.500082016,297.9352112,0,167.2828827,9.999999747e-05,61.63619614,102277.3438,10.18633366,4.004018737
171,260.5050484,78.77455147,31.13954884,68.21508985,0.5994592134,82.01388169,6.499112606,297.8702698,0,167.7698975,9.999999747e-05,9.999999747e-05,102295.1875,10.18204117,3.94581655
171.1999969,252.8411793,79.00824318,31.03958413,68.0893025,0.6010602865,82.79743116,6.499761581,297.9351196,0,168.6474915,9.999999747e-05,61.64474869,102315.0703,10.19033146,4.005764285
171.3999939,261.1175674,78.60082154,31.13404172,68.19252193,0.5994879846,82.20308434,6.500200748,297.8702087,0,169.2575836,9.999999747e-05,9.999999747e-05,102333.1484,10.18117428,3.980625639
171.6000061,253.7455118,79.06230732,31.0508596,68.07141439,0.6009177198,82.84247264,6.500177383,297.9350281,0,169.697937,9.999999747e-05,61.65379715,102353.0547,10.19202232,3.972580292
171.8000031,261.7613712,78.60951033,31.13615692,68.17525878,0.5994417828,82.31189212,6.499485493,297.8701172,0,170.1485291,9.999999747e-05,9.999999747e-05,102371.1562,10.18582344,3.923883758
172,254.1209378,78.88384377,31.03731466,68.04849449,0.6010201847,83.09453748,6.499035358,297.9349365,0,170.8765717,9.999999747e-05,61.66205215,102391.1719,10.19864464,3.927740846
172.1999969,262.1324255,78.31968285,31.11935439,68.14943633,0.5995635795,82.59814583,6.49960947,297.8700256,0,171.7816467,9.999999747e-05,9.999999747e-05,102409.5156,10.18823814,3.939837398
172.3999939,254.8808903,78.75124578,31.03545687,68.02296819,0.6010155283,83.27282766,6.50170517,297.9347839,0,172.4545441,9.999999747e-05,61.6744957,102429.7734,10.19155216,4.014778941
172.6000061,263.4355219,78.63785896,31.14714768,68.13432131,0.5992926711,82.50856131,6.501647472,297.869873,0,172.2875214,9.999999747e-05,9.999999747e-05,102447.9609,10.18216133,3.936941756
172.8000031,255.6424271,79.09077486,31.05393014,68.01505848,0.600764839,83.20745228,6.499889374,297.9346619,0,172.155365,9.999999747e-05,61.69185257,102467.8828,10.19683838,3.878877302
173,263.298146,78.41204277,31.11663294,68.11449676,0.5994880095,82.87974155,6.499631405,297.8697815,0,172.7252197,9.999999747e-05,9.999999747e-05,102486.1328,10.18688393,3.901089918
173.1999969,255.7873909,78.71644575,31.01976571,67.98419138,0.6010476272,83.66359287,6.501680851,297.9345398,0,173.3879395,9.999999747e-05,61.71121979,102506.3672,10.18980789,3.997304928
173.3999939,264.3965982,78.59318551,31.13057999,68.0949934,0.5993185366,82.91908244,6.50278759,297.8696594,0,173.2279816,9.999999747e-05,9.999999747e-05,102524.5781,10.17539787,3.970834336
173.6000061,256.7861014,79.22718079,31.05031087,67.9796448,0.6006625399,83.49278309,6.503176689,297.9344177,0,172.6357727,9.999999747e-05,61.73567581,102544.4766,10.18047142,3.973394466
173.8000031,264.9041569,78.97670285,31.13528784,68.08923608,0.5991838758,82.98250453,6.503133774,297.8695068,0,171.8874207,9.999999747e-05,9.999999747e-05,102562.375,10.16670418,3.959011996
174,256.9444702,79.45939296,31.03960785,67.97216065,0.6006373415,83.66924376,6.50239706,297.9342957,0,171.1552124,9.999999747e-05,61.76361847,102581.9688,10.1746521,3.949910583
174.1999969,264.8750711,79.02654278,31.10925869,68.07602974,0.5992814094,83.31785985,6.498956203,297.8694153,0,170.7187195,9.999999747e-05,9.999999747e-05,102599.5547,10.1756773,3.822567836
174.3999939,256.2621398,78.91738456,30.97444835,67.9425165,0.6012023525,84.34804019,6.493899345,297.9342041,0,171.6650696,9.999999747e-05,61.78173065,102619.1562,10.20585537,3.715261195
174.6000061,263.4671524,77.55138151,31.00238067,68.02377274,0.6002337768,84.37607429,6.487250805,297.8693848,0,174.6309204,9.999999747e-05,9.999999747e-05,102637.4141,10.22790146,3.551216034
174.8000031,255.3599002,76.57797101,30.82978445,67.84567859,0.603013399,86.0083397,6.483786106,297.9342041,0,180.2563019,9.999999747e-05,61.77190781,102658.5703,10.2734108,3.542923077
175,263.5349831,75.09535059,30.9042935,67.91777226,0.6015318621,85.73459418,6.481833458,297.8694458,0,187.2519989,9.999999747e-05,9.999999747e-05,102679.0234,10.29179859,3.478823808
175.1999969,257.6069439,74.6312429,30.77943168,67.70829989,0.6040357981,87.30799457,6.48009491,297.9341736,0,195.0339966,9.999999747e-05,61.74331284,102702.3828,10.3453474,3.399473116
175.3999939,265.8775036,73.43394469,30.87139811,67.75665236,0.6022293494,86.93221403,6.480730057,297.8694763,0,203.5153961,9.999999747e-05,9.999999747e-05,102725.3906,10.35891438,3.380439153
175.6000061,260.6978002,73.34719412,30.7317954,67.49162582,0.6048727247,88.90077959,6.483190536,297.9341125,0,211.7357635,9.999999747e-05,61.70832062,102751.4766,10.40673447,3.377497343
175.8000031,268.6404429,72.92587072,30.84240932,67.50830178,0.6025810276,88.20654783,6.486544609,297.8693848,0,218.9734802,9.999999747e-05,9.999999747e-05,102777.1328,10.40693951,3.369658629
176,263.4341982,73.33346895,30.68443064,67.2128103,0.60529226,90.34729423,6.490056992,297.9338989,0,224.8724365,9.999999747e-05,61.69458008,102805.5156,10.44768524,3.358565715
176.1999969,270.2127625,73.30291317,30.78923771,67.23465498,0.6029080436,89.45736173,6.491284847,297.8691711,0,225,9.999999747e-05,9.999999747e-05,102832.2734,10.42673683,3.318600138
176.3999939,264.15023,73.79147307,30.66041291,67.07278178,0.6053859069,90.92031861,6.488244534,297.9336853,0,225,9.999999747e-05,61.7130394,102860.5234,10.45635128,3.220686367
176.6000061,270.1719524,73.17251448,30.75996251,67.21121799,0.6032001003,89.92877091,6.484350681,297.868988,0,225,9.999999747e-05,9.999999747e-05,102887.125,10.44090652,3.184098494
176.8000031,264.1711777,72.93909483,30.57598823,67.03576644,0.6065924683,92.19306855,6.479945183,297.9335022,0,225,9.999999747e-05,61.74062347,102915.2734,10.47834587,3.140940428
177,269.7267241,72.17726519,30.66492149,67.17636798,0.6044478159,91.37475837,6.475102901,297.8688049,0,225,9.999999747e-05,9.999999747e-05,102941.8828,10.46422386,3.107517099
177.1999969,263.6743235,71.84893353,30.46628966,66.99702393,0.6084479292,93.82532516,6.46772337,297.9333496,0,225,9.999999747e-05,61.77141953,102970.0156,10.51299381,3.007312577
177.3999939,268.402164,70.76531885,30.52536955,67.13497627,0.6066836368,93.48216913,6.460249901,297.8686829,0,225,9.999999747e-05,9.999999747e-05,102996.7969,10.50574493,2.962651965
177.6000061,261.9613794,70.1799547,30.29497157,66.95347083,0.6120952802,96.35036104,6.453935146,297.933197,0,225,9.999999747e-05,61.79289246,103025.2891,10.56187153,2.939341751
177.8000031,265.8688671,69.35571799,30.36843949,67.09739004,0.6099112673,95.85199247,6.446723461,297.8685608,0,225,9.999999747e-05,9.999999747e-05,103052.6328,10.55018044,2.89126843
178,259.5850169,68.83600644,30.13968628,66.92020681,0.6162978419,98.64782888,6.441891193,297.933075,0,225,9.999999747e-05,61.8099556,103081.6953,10.61128807,2.903241818
178.1999969,263.0293754,68.28779787,30.23027311,67.06518144,0.6134708306,97.96529159,6.438864708,297.8684082,0,225,9.999999747e-05,9.999999747e-05,103109.8125,10.58568668,2.939471322
178.3999939,257.7618974,68.21272723,30.04865208,66.89878948,0.6192410209,100.0156695,6.437053204,297.9328918,0,225,9.999999747e-05,61.83484268,103139.3984,10.63776684,2.953399854
178.6000061,261.7101577,67.99410878,30.16944418,67.04204176,0.6151995548,98.9268073,6.435469627,297.8682556,0,225,9.999999747e-05,9.999999747e-05,103167.9219,10.60110569,2.97059253
178.8000031,257.0940634,68.01661969,30.00178635,66.87551551,0.6207035726,100.7440447,6.432936192,297.9327087,0,225,9.999999747e-05,61.8643074,103197.7188,10.65388107,2.936284081
179,260.8898852,67.72902637,30.11274108,67.01307594,0.6167769911,99.83443245,6.430958271,297.8680725,0,225,9.999999747e-05,9.999999747e-05,103226.5156,10.61893368,2.955952702
179.1999969,256.2369924,67.71622189,29.94284312,66.84969657,0.6226969213,101.6576241,6.428804874,297.9325256,0,225,9.999999747e-05,61.89680862,103256.6094,10.6741848,2.938747682
179.3999939,259.9179333,67.50019941,30.05753061,66.98602468,0.6184751574,100.7253637,6.425846577,297.8678894,0,225,9.999999747e-05,9.999999747e-05,103285.7109,10.63902569,2.927559874
179.6000061,255.2587677,67.37579638,29.87800611,66.82248097,0.6250743378,102.6669283,6.427959442,297.9323425,0,225,9.999999747e-05,61.92917252,103316.2344,10.69088364,3.037448656
179.8000031,259.444403,67.62495833,30.0406882,66.96976025,0.6189934322,101.0283151,6.431469917,297.8676758,0,225,9.999999747e-05,9.999999747e-05,103345.7266,10.62926579,3.113957759
180,256.4113952,68.05643642,29.9254514,66.80904371,0.6228560981,101.9879788,6.435153008,297.9321289,0,225,9.999999747e-05,61.97379684,103376.1562,10.65960979,3.135983705
180.1999969,261.651928,68.36104413,30.10154647,66.95298908,0.6164094738,100.1264652,6.438986301,297.8674927,0,225,9.999999747e-05,9.999999747e-05,103405.2734,10.59613228,3.183133684
180.3999939,258.5500328,68.831344,29.98593754,66.78491419,0.6199807634,101.1268783,6.442494392,297.9319458,0,225,9.999999747e-05,62.01667023,103435.3516,10.62492657,3.192504387
180.6000061,263.9503187,69.11055807,30.16284246,66.93414765,0.6140141507,99.23408765,6.445446014,297.8673096,0,225,9.999999747e-05,9.999999747e-05,103464.0547,10.56734085,3.218406355
180.8000031,260.3564318,69.52488655,30.03653769,66.76157052,0.6177375089,100.4246433,6.453012466,297.9317627,0,225,9.999999747e-05,62.05546951,103493.9844,10.58775234,3.355588562
181,266.4784821,70.26726826,30.26169665,66.92690513,0.6109883917,97.78930097,6.460927963,297.8670959,0,225,9.999999747e-05,9.999999747e-05,103522.4062,10.51463127,3.438208801
181.1999969,263.4031984,71.22153908,30.18553826,66.75573114,0.6129516264,98.29946354,6.469511509,297.9315491,0,225,9.999999747e-05,62.10211945,103551.8594,10.52105141,3.505887433
181.3999939,270.1468399,72.0702844,30.41678631,66.92359031,0.6071163545,95.55306537,6.480380535,297.8668518,0,225,9.999999747e-05,9.999999747e-05,103579.75,10.44893742,3.653462094
181.6000061,266.2313334,73.48482514,30.37304564,66.76374359,0.6083297594,95.66434854,6.490825176,297.9313354,0,225,9.999999747e-05,62.15709686,103608.875,10.44553661,3.721899115
181.8000031,273.2286755,74.63782186,30.60901671,66.93327071,0.6035617101,92.84858005,6.502006531,297.8666077,0,225,9.999999747e-05,9.999999747e-05,103636.4375,10.3825016,3.84677912
182,267.7530232,76.18719671,30.56572698,66.78479908,0.6047508999,93.01725737,6.511779785,297.9311218,0,224.7141724,9.999999747e-05,62.22035217,103665.5156,10.37967873,3.893249417
182.1999969,274.5825642,77.39173744,30.76966244,66.9441353,0.6012651184,90.70663878,6.519710064,297.866333,0,220.5259094,9.999999747e-05,9.999999747e-05,103692.2578,10.32142925,3.958352765
182.3999939,267.8414323,78.89086372,30.755496,66.9095869,0.602155041,90.48178179,6.526984692,297.9308777,0,213.1671295,9.999999747e-05,62.29191971,103719.3281,10.288517,4.074563979
182.6000061,276.1536637,80.4274854,30.98601014,67.19806244,0.5991078731,88.11319762,6.531848431,297.8660583,0,202.8946686,9.999999747e-05,9.999999747e-05,103742.6328,10.2121954,4.183564297
182.8000031,269.3743271,82.12554131,31.00278519,67.28037868,0.5995112025,87.55636685,6.533722878,297.9306335,0,190.6826324,9.999999747e-05,62.37677002,103765.2344,10.16405296,4.264223679
183,280.1266593,83.55716143,31.14758383,67.55416307,0.5976023705,86.86952404,6.528226376,297.8657532,0,177.7228546,9.999999747e-05,9.999999747e-05,103783.1094,10.11741638,4.169198337
183.1999969,270.8563243,84.31194541,31.0440084,67.58232996,0.5986144014,87.2819498,6.52049017,297.9304504,0,166.9764099,9.999999747e-05,62.46596146,103801,10.09375381,4.167744065
183.3999939,279.4770201,84.02083626,30.99020991,67.67887051,0.5980000866,88.67662354,6.51375246,297.865509,0,159.3082123,9.999999747e-05,9.999999747e-05,103815.8906,10.06693363,4.228802346
183.6000061,267.8508234,83.90765874,30.79882258,67.56507536,0.5998981937,89.59800259,6.506698608,297.9302979,0,154.3245697,9.999999747e-05,62.55651855,103832.3359,10.07297707,4.199811426
183.8000031,274.881518,82.96309367,30.7377172,67.61183181,0.599466169,90.74761064,6.499577999,297.8653564,0,152.1666718,9.999999747e-05,9.999999747e-05,103846.875,10.07971668,4.122732137
184,263.2106797,82.28619946,30.55929528,67.4740061,0.6021691904,91.38862756,6.492496967,297.9302673,0,152.8562927,9.999999747e-05,62.60885239,103863.8516,10.11800003,4.016319903
184.1999969,270.2410024,80.70788671,30.54514406,67.53245356,0.6015383268,91.9473292,6.485639095,297.8654175,0,156.378006,9.999999747e-05,9.999999747e-05,103879.7266,10.14732552,3.867623959
184.3999939,260.5369979,79.58130942,30.39929864,67.37920094,0.6048542477,92.64105861,6.483298302,297.9303284,0,162.6421509,9.999999747e-05,62.60232544,103898.7969,10.19438744,3.88933005
184.6000061,269.8235314,78.31051001,30.49803952,67.46616117,0.6028010799,92.44096619,6.485134125,297.8655396,0,169.8286438,9.999999747e-05,9.999999747e-05,103917.1484,10.1996069,3.920800693
184.8000031,263.5576115,78.28873391,30.46396317,67.31914679,0.6045749474,92.66525863,6.486947536,297.9303589,0,176.2813873,9.999999747e-05,62.56690979,103938.0469,10.23799515,3.844712904
185,273.2584659,77.77953421,30.61232453,67.42003605,0.6019120585,91.94194373,6.491439342,297.8656006,0,182.0223846,9.999999747e-05,9.999999747e-05,103957.8828,10.22798634,3.882563473
185.1999969,266.7525615,78.25923034,30.57685598,67.26595623,0.6033820403,92.11807953,6.49583292,297.9302979,0,185.9577026,9.999999747e-05,62.52215958,103979.9453,10.24790859,3.86414482
185.3999939,276.283254,78.39319403,30.73387227,67.3783111,0.6007389615,91.14466386,6.501025677,297.8655396,0,188.1445923,9.999999747e-05,9.999999747e-05,104000.3281,10.22409534,3.902724206
185.6000061,268.9757094,79.22861571,30.68740787,67.24633074,0.6020392215,91.27560264,6.50358963,297.9301453,0,188.2513428,9.999999747e-05,62.4995079,104022.3359,10.23484325,3.841121861
185.8000031,278.0093496,79.45468375,30.81138421,67.37531782,0.5999046983,90.5635547,6.506077766,297.865387,0,187.3436279,9.999999747e-05,9.999999747e-05,104042.2031,10.2082777,3.869548684
186,269.8481494,80.12636321,30.73666745,67.26542856,0.6013410178,90.8718883,6.509153366,297.9299316,0,185.4324646,9.999999747e-05,62.50871658,104063.5859,10.20299721,3.930775163
186.1999969,279.4322492,80.58613267,30.85498494,67.40315433,0.5993011086,90.3316904,6.508570671,297.8651428,0,182.2889557,9.999999747e-05,9.999999747e-05,104082.2422,10.18227577,3.85389165
186.3999939,270.2785193,81.04118648,30.7552401,67.31069869,0.6008797149,90.74624152,6.506697655,297.929718,0,179.3925323,9.999999747e-05,62.54767227,104102.3047,10.18679428,3.826510559
186.6000061,279.1760619,80.83400324,30.81012623,67.42454254,0.5994500624,90.85885762,6.506253242,297.8648987,0,177.2377319,9.999999747e-05,9.999999747e-05,104120.1328,10.16408157,3.883972232
186.8000031,270.0749552,81.1691215,30.70706657,67.31518147,0.6011096067,91.28796808,6.505906582,297.9295349,0,175.2519379,9.999999747e-05,62.60546875,104139.5859,10.16771317,3.898974418
187,279.330871,81.10183312,30.7754136,67.42499739,0.5995219963,91.33470075,6.50647068,297.8647156,0,173.4089203,9.999999747e-05,9.999999747e-05,104156.8281,10.14476013,3.948641159
187.1999969,270.258252,81.58423941,30.68702444,67.32092822,0.6010613107,91.58242811,6.506844997,297.9293823,0,171.3376465,9.999999747e-05,62.66457748,104175.6953,10.14585304,3.965498399
187.3999939,279.7847731,81.64572959,30.75823951,67.42982649,0.5994266905,91.67487915,6.507811069,297.8645325,0,169.120285,9.999999747e-05,9.999999747e-05,104192.2656,10.1209259,4.016780188
187.6000061,270.5906477,82.23392735,30.676088,67.33258761,0.600874416,91.81073927,6.509033203,297.9292603,0,166.513855,9.999999747e-05,62.72086334,104210.4375,10.11500549,4.068092165
187.8000031,280.53369,82.47754481,30.74615002,67.43855257,0.5992189894,92.0350958,6.512104511,297.8643494,0,163.4195862,9.999999747e-05,9.999999747e-05,104226.2422,10.07672405,4.20618813
188,271.6903827,83.45051352,30.68500575,67.35508023,0.6003411946,91.98838478,6.514206886,297.9290771,0,159.0915375,9.999999747e-05,62.78528976,104243.2969,10.06046009,4.258175123
188.1999969,282.1025098,84.04665548,30.74261469,67.45636111,0.5987624519,92.53293045,6.51690197,297.8666992,0,153.9316406,9.999999747e-05,9.999999747e-05,104257.6328,10.01520729,4.397955938
188.3999939,272.8177387,85.16328823,30.66832041,67.37836485,0.5998258905,92.51787829,6.517642021,297.9337769,0,147.688736,9.999999747e-05,61.55758286,104272.9609,9.993312836,4.437028489
188.6000061,282.787265,85.761362,30.67600453,67.44982761,0.5986067197,93.62939559,6.515974045,297.8747864,0,141.1582031,9.999999747e-05,9.999999747e-05,104285.3281,9.966400146,4.430390808
188.8000031,271.4400807,86.4142479,30.54916624,67.35993212,0.6001660849,93.66398736,6.513375282,297.94104,0,135.2964325,9.999999747e-05,59.49429703,104299.1016,9.9510746,4.473213014
189,279.327037,86.3420775,30.49950756,67.38951378,0.5994675807,95.00619244,6.508345127,297.8834229,0,130.4694366,9.999999747e-05,9.999999747e-05,104310.4844,9.94863987,4.375576914
189.1999969,266.7739635,86.30083859,30.34809229,67.28954212,0.6018114921,94.8886616,6.503800869,297.9450073,0,127.6595535,9.999999747e-05,57.16329956,104323.9141,9.954856873,4.390794302
189.3999939,273.1021862,85.52694152,30.30224564,67.31895962,0.6013368108,95.82561394,6.499486923,297.8876953,0,126.6579895,9.999999747e-05,9.999999747e-05,104335.8438,9.962183952,4.331133369
189.6000061,262.5463889,85.165369,30.19010768,67.22471146,0.6039288443,95.60054918,6.496927261,297.944458,0,127.3829041,9.999999747e-05,55.05241013,104350.0312,9.981701851,4.347621433
189.8000031,269.9099997,84.39714576,30.21186129,67.28289538,0.6027213945,96.05224466,6.496001244,297.887207,0,129.1266479,9.999999747e-05,9.999999747e-05,104363.0156,9.982891083,4.337888805
190,262.2398328,84.30968321,30.16283538,67.19998515,0.6045842009,95.78985287,6.496589184,297.9412537,0,131.2410889,9.999999747e-05,53.93273544,104377.9844,9.998983383,4.351883373
190.1999969,271.0545762,83.98258077,30.24104751,67.27825072,0.6025383343,96.00309225,6.497485161,297.882843,0,133.1205292,9.999999747e-05,9.999999747e-05,104391.4688,9.995261192,4.305047445
190.3999939,264.0564252,84.20287543,30.2153202,67.20351516,0.6039507476,95.67588984,6.49886322,297.936554,0,134.645401,9.999999747e-05,54.46478653,104406.6797,10.0066185,4.297576941
190.6000061,273.1130134,84.08558254,30.29800687,67.28538647,0.6018847948,95.88899539,6.499242306,297.8760681,0,135.6184387,9.999999747e-05,9.999999747e-05,104420.1484,10.00424767,4.209352664
190.8000031,265.2495357,84.32857927,30.25787512,67.20948263,0.6034301606,95.55843745,6.498784542,297.930481,0,136.4447327,9.999999747e-05,56.34766769,104435.2812,10.02288342,4.137214239
191,273.5758734,84.00074582,30.31495182,67.28784664,0.6017717198,95.85447089,6.499316692,297.8687744,0,137.4536133,9.999999747e-05,9.999999747e-05,104448.8906,10.01242924,4.146538742
191.1999969,265.6772589,84.19234166,30.26814919,67.19985426,0.6033776266,95.60921425,6.501635551,297.9291077,0,138.2436676,9.999999747e-05,58.35054398,104464.3516,10.01145267,4.228642526
191.3999939,275.892641,84.23847399,30.35311812,67.2814338,0.6011984403,95.95785465,6.503578186,297.868988,0,138.1036072,9.999999747e-05,9.999999747e-05,104477.7344,9.994374275,4.216665512
191.6000061,267.8288622,84.80699262,30.31624083,67.20351525,0.6025129146,95.59499833,6.505427361,297.932251,0,137.1934509,9.999999747e-05,59.31614685,104492.6484,9.990207672,4.248516498
191.8000031,277.8554179,84.97631554,30.37807411,67.2801865,0.6006310714,96.14850317,6.506094456,297.8730164,0,135.5426941,9.999999747e-05,9.999999747e-05,104505.2656,9.973722458,4.218558874
192,268.6613328,85.49182435,30.31579466,67.19960028,0.6021617332,95.80933789,6.503964901,297.9335327,0,133.6286469,9.999999747e-05,58.97687531,104519.25,9.989974976,4.095436196
192.1999969,276.3882896,85.20863315,30.32567251,67.26618873,0.6010265754,96.45466187,6.502280235,297.8729553,0,132.5718842,9.999999747e-05,9.999999747e-05,104531.4922,9.979138374,4.101576922
192.3999939,266.5748662,85.21385001,30.23570997,67.16865326,0.6031083868,96.23749956,6.501085758,297.9337463,0,132.1784515,9.999999747e-05,58.71133041,104545.6172,9.990113258,4.104817046
192.6000061,275.0848657,84.82984326,30.26555613,67.23311996,0.6016632388,96.82336769,6.501233101,297.8744812,0,132.2627258,9.999999747e-05,9.999999747e-05,104558.0938,9.975657463,4.146146346
192.8000031,266.5487435,85.02439974,30.20774257,67.14362916,0.6034011276,96.52860933,6.502151489,297.9358215,0,132.28508,9.999999747e-05,58.08245468,104572.3516,9.979353905,4.182681023
193,276.0697329,84.94766981,30.26602716,67.21613487,0.6015131101,97.04785163,6.504266262,297.8791504,0,131.9419708,9.999999747e-05,9.999999747e-05,104584.7812,9.95370388,4.256974577
193.1999969,268.3612736,85.48158238,30.22790862,67.13392642,0.6028183524,96.71707213,6.50619173,297.9399719,0,130.7515106,9.999999747e-05,56.50437164,104598.6641,9.948493004,4.291670206
193.3999939,277.9599643,85.71593969,30.28173527,67.20301512,0.6009734519,97.3529431,6.506921291,297.8844604,0,128.7951813,9.999999747e-05,9.999999747e-05,104610.3594,9.930750847,4.26970802
193.6000061,269.1087953,86.2507281,30.22244914,67.12791071,0.6024705722,96.9728078,6.50521946,297.9407654,0,126.5505295,9.999999747e-05,54.9786644,104623.3516,9.943240166,4.171053321
193.8000031,276.2007238,86.09006362,30.22657191,67.1867893,0.6014036412,97.63391347,6.501703739,297.881897,0,124.9906998,9.999999747e-05,9.999999747e-05,104634.5547,9.948830605,4.054711788
194,265.5911886,85.92264517,30.12549187,67.1037916,0.6038388601,97.25564054,6.498093128,297.9361267,0,124.8352051,9.999999747e-05,55.34953308,104647.7422,9.973023415,3.997017059
194.1999969,272.1828629,85.14707867,30.12644946,67.15831399,0.6029331948,97.79747499,6.495988846,297.8761292,0,126.1184616,9.999999747e-05,9.999999747e-05,104659.7891,9.975270271,3.990241576
194.3999939,263.5562261,84.86126967,30.05871966,67.0701213,0.6052286647,97.50065547,6.49325943,297.9291992,0,128.2383423,9.999999747e-05,56.32860565,104673.7891,10.01538467,3.863049775
194.6000061,271.0046225,84.08975887,30.10511055,67.14956402,0.6037094086,97.74602865,6.492539883,297.8658142,0,131.4568634,9.999999747e-05,9.999999747e-05,104686.8047,10.01669025,3.861435726
194.8000031,263.5255152,83.84751819,30.06439695,67.05809611,0.6057256538,97.48526902,6.494251251,297.9243774,0,134.9545593,9.999999747e-05,59.13045883,104702.0312,10.03419971,3.907177514
195,274.0382694,83.57601123,30.17440861,67.14865595,0.602962042,97.67869733,6.49734211,297.8612366,0,137.7661438,9.999999747e-05,9.999999747e-05,104715.6953,10.01779938,3.931481115
195.1999969,267.3063712,84.00119671,30.17148783,67.06717917,0.6041299015,97.25137472,6.500877857,297.9244995,0,139.3445587,9.999999747e-05,61.34343719,104731.1094,10.021698,3.954442305
195.3999939,278.6626791,84.23278594,30.28547018,67.16574267,0.6014113388,97.52248866,6.504162312,297.8618469,0,139.5117798,9.999999747e-05,9.999999747e-05,104744.3516,9.996953964,3.969314859
195.6000061,270.6199694,84.93744876,30.26306272,67.08830167,0.6025983266,97.04052329,6.505896568,297.927002,0,138.3673401,9.999999747e-05,62.24081802,104759.0312,9.998827934,3.939936695
195.8000031,281.0972041,85.18459216,30.32742803,67.17391854,0.6006176283,97.65122955,6.505957603,297.8636475,0,136.5334473,9.999999747e-05,9.999999747e-05,104771.3125,9.983752251,3.896080848
196,270.8717212,85.59936576,30.25566051,67.08948631,0.6023750615,97.22208532,6.50627327,297.930603,0,134.675827,9.999999747e-05,62.57525253,104785.375,9.978090286,3.948959066
196.1999969,280.9836209,85.58606167,30.28494584,67.15115162,0.6007469979,98.12662774,6.505438328,297.8685608,0,132.6856232,9.999999747e-05,9.999999747e-05,104797.0938,9.966347694,3.913419146
196.3999939,270.3138202,85.87591723,30.2035899,67.065007,0.6027006444,97.66786243,6.502912998,297.9322205,0,131.0340271,9.999999747e-05,61.6412735,104810.5391,9.98243618,3.83519453
196.6000061,278.5648123,85.47287888,30.2081393,67.12618536,0.6015201465,98.45321838,6.502229691,297.8709412,0,130.3944855,9.999999747e-05,9.999999747e-05,104822.3359,9.963189125,3.914454806
196.8000031,268.8853064,85.53137673,30.13059006,67.02670936,0.6035818098,98.12101111,6.501693726,297.9334106,0,130.0167847,9.999999747e-05,60.09708023,104835.9844,9.974442482,3.911052088
197,278.0551747,85.29920515,30.16897004,67.09560313,0.601896661,98.77256635,6.501487255,297.872467,0,129.8588867,9.999999747e-05,9.999999747e-05,104847.8125,9.962498665,3.913196309
197.1999969,268.781097,85.46264375,30.10861552,67.00938851,0.6038091836,98.33573323,6.500199795,297.9322205,0,129.7829437,9.999999747e-05,59.40263748,104861.3828,9.983113289,3.838738464
197.3999939,277.3468198,85.13058682,30.14528064,67.08240899,0.6022219998,98.89231487,6.500537395,297.8711548,0,130.2265625,9.999999747e-05,9.999999747e-05,104873.4141,9.965553284,3.898520174
197.6000061,268.7340082,85.26511368,30.09173082,66.99143398,0.6040518367,98.52132874,6.500025749,297.9300842,0,130.5262909,9.999999747e-05,59.03232956,104887.1562,9.985553741,3.833486206
197.8000031,277.6474153,85.0359357,30.14237633,67.06978601,0.6022519319,99.01995731,6.498978615,297.8664856,0,131.0386963,9.999999747e-05,9.999999747e-05,104899.1562,9.983264923,3.774021772
198,268.1771169,85.03182176,30.07979605,66.98441136,0.604373469,98.56864143,6.496823311,297.9256592,0,131.9689941,9.999999747e-05,60.51412201,104913.0703,10.01354504,3.671012123
198.1999969,276.6476877,84.46803931,30.12020835,67.0612037,0.6027740639,99.04095304,6.494722366,297.8607178,0,133.763443,9.999999747e-05,9.999999747e-05,104925.5078,10.01933765,3.602592963
198.3999939,267.0580913,84.17482175,30.05145398,66.96595916,0.6052516761,98.64669812,6.49403286,297.9232178,0,136.3944397,9.999999747e-05,62.12885666,104940.2891,10.04475307,3.597534453
198.6000061,277.0207176,83.61333275,30.12516952,67.04802427,0.603039607,99.04403656,6.492885113,297.8583374,0,139.2969208,9.999999747e-05,9.999999747e-05,104953.4609,10.05248356,3.500288105
198.8000031,267.9082724,83.41027294,30.07354389,66.95267663,0.6053314031,98.62540025,6.491493225,297.9235229,0,142.6643982,9.999999747e-05,63.42304611,104968.9297,10.08963776,3.412638518
199,277.8406444,82.71946148,30.15380938,67.04267883,0.6031068292,98.90130583,6.49231863,297.8587036,0,146.5880585,9.999999747e-05,9.999999747e-05,104983.0781,10.0831852,3.436320487
199.1999969,269.7049771,82.65639938,30.11948951,66.93621679,0.6050386701,98.55032965,6.494650364,297.9250793,0,150.1733856,9.999999747e-05,64.01134491,104999.5469,10.10264301,3.453273947
199.3999939,281.2290156,82.51405032,30.24512845,67.04011127,0.6021130368,98.65042217,6.497283459,297.8602295,0,152.8281555,9.999999747e-05,9.999999747e-05,105014.1484,10.08795452,3.447157218
199.6000061,272.8449844,82.86401688,30.22051311,66.9437714,0.603647595,98.17066949,6.501237869,297.9265137,0,154.4335938,9.999999747e-05,63.99608231,105030.8359,10.08966255,3.509012572
199.8000031,284.8452209,83.14058824,30.34305332,67.04906464,0.6008883873,98.37271255,6.505077362,297.8616638,0,154.453949,9.999999747e-05,9.999999747e-05,105045.1875,10.06113625,3.545093661
200,276.037717,83.88326031,30.31523085,66.96580342,0.6021284341,97.84332402,6.510687351,297.9272461,0,152.9431458,9.999999747e-05,63.69734192,105061.2812,10.03558254,3.700908334
200.1999969,288.9056309,84.65683565,30.41672086,67.06197621,0.5996733822,98.4990659,6.515001297,297.8623047,0,149.1821594,9.999999747e-05,9.999999747e-05,105074.3438,9.993305206,3.764811602
200.3999939,279.4533468,85.81697902,30.37577532,66.99595986,0.6006954668,97.99340768,6.517053127,297.9276733,0,143.7054291,9.999999747e-05,63.41470718,105088.4297,9.969855309,3.799118907
200.6000061,290.8934985,86.54478388,30.39596905,67.06521126,0.5991323996,99.34950614,6.517325401,297.8652954,0,137.4111786,9.999999747e-05,9.999999747e-05,105099.4141,9.930893898,3.854147118
200.8000031,279.3409983,87.30749408,30.29266052,66.97986818,0.6006825138,99.00150567,6.515782356,297.932312,0,131.0066071,9.999999747e-05,61.98724365,105111.625,9.911160469,3.887623154
201,288.5171255,87.51438761,30.24580869,67.00792183,0.5997746192,100.6344681,6.512061596,297.8727112,0,125.2195969,9.999999747e-05,9.999999747e-05,105121.1484,9.894824028,3.860057222
201.1999969,275.0675187,87.65688908,30.10582014,66.9117665,0.6021883091,100.1140563,6.508097172,297.9382019,0,120.9222794,9.999999747e-05,60.08856964,105132.5703,9.890577316,3.894295041
201.3999939,282.1965547,87.18105912,30.04503009,66.92876337,0.6016689611,101.409327,6.503605843,297.8802795,0,118.2044754,9.999999747e-05,9.999999747e-05,105142.1172,9.890550613,3.854544087
201.6000061,269.7430079,86.90287241,29.92438012,66.83855573,0.6046819875,100.7613916,6.498235226,297.9388428,0,117.2841568,9.999999747e-05,57.7029953,105153.7578,9.925024033,3.750645505
201.8000031,275.6877288,86.00420363,29.90051388,66.89106968,0.6041318287,101.3716261,6.495027065,297.8795471,0,118.5132828,9.999999747e-05,9.999999747e-05,105164.4219,9.926945686,3.772834299
202,266.1723889,85.48768161,29.82195658,66.80021858,0.6070684741,100.9020905,6.49326849,297.9351196,0,121.0157013,9.999999747e-05,56.52254486,105177.3438,9.960644722,3.7461078
202.1999969,274.6829004,84.84052433,29.87642173,66.87449249,0.6050577727,101.3246265,6.492606163,297.8733521,0,124.2238235,9.999999747e-05,9.999999747e-05,105189.1016,9.965204239,3.699960858
202.3999939,266.9993312,84.63304992,29.84653755,66.79679892,0.6071615223,100.8468662,6.493453979,297.9291077,0,127.6979904,9.999999747e-05,57.75943756,105203.0156,9.990078926,3.693325443
202.6000061,277.1998527,84.30309923,29.94164909,66.88127373,0.6043334103,101.23804,6.495611668,297.8660583,0,130.8315277,9.999999747e-05,9.999999747e-05,105215.5078,9.977834702,3.698905057
202.8000031,270.2485289,84.51156644,29.93608803,66.80315782,0.6057432234,100.7469221,6.497593403,297.9238281,0,133.1025696,9.999999747e-05,59.64508057,105229.7891,9.996459007,3.655979351
203,280.9177979,84.51299609,30.03625889,66.896183,0.6029502027,101.1524911,6.498426914,297.8589172,0,134.5856934,9.999999747e-05,9.999999747e-05,105242.1641,9.990716934,3.57788928
203.1999969,272.1052757,84.71688476,30.00361689,66.81846199,0.6047488554,100.5578484,6.499667168,297.921051,0,135.7386322,9.999999747e-05,62.14351654,105256.5,10.00151539,3.582476437
203.3999939,282.9251708,84.64028869,30.08037696,66.90079196,0.6023272307,101.1666172,6.501342773,297.8561401,0,136.3904114,9.999999747e-05,9.999999747e-05,105268.8672,9.982479095,3.601019821
203.6000061,273.9150003,84.98209438,30.04365426,66.81640472,0.604013006,100.5947782,6.502693176,297.9216309,0,136.3717346,9.999999747e-05,63.78307724,105283.0078,9.98949337,3.596210992
203.8000031,285.0039412,85.05212236,30.11126583,66.89912248,0.6017159845,101.3314288,6.503298759,297.8566895,0,135.8153687,9.999999747e-05,9.999999747e-05,105294.8828,9.973400116,3.577255109
204,274.8230434,85.36415068,30.05540142,66.81448565,0.6036226006,100.7101485,6.504361153,297.9237976,0,135.01828,9.999999747e-05,64.50656128,105308.6562,9.972276688,3.620909359
204.1999969,286.0239215,85.40488702,30.10545247,66.8851802,0.601511347,101.6491025,6.504976749,297.8591614,0,133.7922516,9.999999747e-05,9.999999747e-05,105320.0703,9.952774048,3.625527671
204.3999939,275.5336699,85.76937599,30.04508923,66.80086208,0.603420528,101.0029708,6.504376411,297.9259033,0,132.3228455,9.999999747e-05,64.32798767,105333.2188,9.961943626,3.588983197
204.6000061,285.6805523,85.68320772,30.07315717,66.86936933,0.6016714523,101.9547818,6.504320145,297.8622131,0,131.0962067,9.999999747e-05,9.999999747e-05,105344.25,9.939888,3.633032014
204.8000031,275.0778124,85.88737264,30.00211135,66.77692211,0.6037749175,101.3632013,6.501652718,297.9266663,0,129.8863525,9.999999747e-05,63.34843445,105356.9531,9.967823982,3.499514783
205,283.7880928,85.53962003,30.01627539,66.84902744,0.6023623252,102.1526445,6.49844265,297.8617249,0,129.7538757,9.999999747e-05,9.999999747e-05,105367.8438,9.969223022,3.438567372
205.1999969,272.2238313,85.21365631,29.92303905,66.75268339,0.6052689836,101.5322766,6.496244431,297.9259338,0,130.8987885,9.999999747e-05,63.25116348,105381.1172,9.99398613,3.427299387
205.3999939,281.7908089,84.57879805,29.95849208,66.81992731,0.6034723401,102.2586974,6.49461937,297.8610535,0,132.9178619,9.999999747e-05,9.999999747e-05,105392.7969,9.99677372,3.385239182
205.6000061,271.786067,84.32616147,29.89881727,66.72725425,0.6060688096,101.6596454,6.493332386,297.9254456,0,135.588501,9.999999747e-05,63.32359314,105406.8125,10.03033352,3.32926287
205.8000031,281.9866388,83.75154186,29.96747174,66.81084471,0.6037599404,102.1773578,6.494577885,297.8605652,0,138.7744751,9.999999747e-05,9.999999747e-05,105419.4375,10.01656055,3.384533168
206,273.5850621,83.76701701,29.93964,66.71447457,0.6056790128,101.6478331,6.496477604,297.9252014,0,141.4551392,9.999999747e-05,63.45063019,105434.2109,10.03642273,3.374610619
206.1999969,285.1788327,83.69609401,30.04581161,66.81140256,0.6027374349,102.086848,6.500270367,297.860321,0,143.3818512,9.999999747e-05,9.999999747e-05,105447.1719,10.00714302,3.456186445
206.3999939,277.0428593,84.18459722,30.03459545,66.72472305,0.6040740865,101.4672738,6.50329113,297.9251404,0,143.7872925,9.999999747e-05,63.55904388,105461.8594,10.01350117,3.44229092
206.6000061,288.9474782,84.51868719,30.13030034,66.82236612,0.6013962289,102.0843028,6.505147934,297.86026,0,142.9930878,9.999999747e-05,9.999999747e-05,105474.125,9.991318703,3.432096567
206.8000031,278.9545468,85.01990947,30.08503503,66.74233124,0.6030414464,101.416688,6.504710674,297.9251709,0,141.457428,9.999999747e-05,63.62154007,105488.0156,10.00375271,3.359206999
207,289.3000945,85.02990407,30.12205247,66.82012751,0.6012470154,102.3167814,6.504650593,297.86026,0,140.1005859,9.999999747e-05,9.999999747e-05,105499.75,9.981501579,3.400126845
207.1999969,278.4916605,85.22912351,30.04755919,66.72606924,0.603306637,101.7500548,6.50439024,297.9251709,0,138.7591858,9.999999747e-05,63.64593506,105513.375,9.987233162,3.405636858
207.3999939,289.0405399,85.17436368,30.08070536,66.79455884,0.601485447,102.7414227,6.504098415,297.86026,0,137.5236969,9.999999747e-05,9.999999747e-05,105524.7969,9.969648361,3.421473831
207.6000061,278.0813867,85.36241725,30.00853209,66.70476286,0.6036147995,102.1030983,6.504607677,297.9251099,0,136.4043884,9.999999747e-05,63.6509819,105538.2344,9.968765259,3.474893863
207.8000031,289.0567046,85.35685398,30.0468913,66.76958683,0.6016352407,103.1477289,6.503207684,297.860199,0,135.0786591,9.999999747e-05,9.999999747e-05,105549.2734,9.964362144,3.398424128
208,277.4019006,85.47596473,29.97035293,66.68781022,0.6039841981,102.3842265,6.50262928,297.9250488,0,134.3218842,9.999999747e-05,63.65278244,105562.4844,9.968580246,3.43785572
208.1999969,287.8929979,85.25434331,29.9988185,66.74739124,0.6021470448,103.4184183,6.502882481,297.8601074,0,133.7875977,9.999999747e-05,9.999999747e-05,105573.6719,9.949753761,3.478367081
208.3999939,277.4274706,85.45001777,29.93872477,66.6594508,0.6042519733,102.7413102,6.50301075,297.9249573,0,133.1519318,9.999999747e-05,63.66798782,105586.7969,9.958489418,3.478329946
208.6000061,288.1091579,85.39496108,29.98134511,66.73023757,0.6021928853,103.6880439,6.503246307,297.8600159,0,132.4680176,9.999999747e-05,9.999999747e-05,105597.8125,9.940347672,3.494175404
208.8000031,277.5482912,85.61116124,29.92170385,66.64456816,0.6043069343,102.979131,6.503653049,297.925354,0,131.6891479,9.999999747e-05,63.6895256,105610.7812,9.945245743,3.51345753
209,288.4041407,85.59289101,29.9631078,66.71224975,0.602210705,103.9856603,6.504316807,297.8615417,0,130.7473755,9.999999747e-05,9.999999747e-05,105621.5859,9.923286438,3.545099085
209.1999969,277.9990109,85.88349853,29.90657146,66.62806575,0.6042335995,103.2676552,6.50338316,297.9256287,0,129.5398254,9.999999747e-05,63.17491531,105634.1328,9.939886093,3.47853625
209.3999939,287.8365506,85.78391206,29.93438271,66.69847993,0.6024281368,104.2037059,6.502891064,297.8615723,0,128.711792,9.999999747e-05,9.999999747e-05,105644.7109,9.921358109,3.506589167
209.6000061,277.0747682,85.86670889,29.86518297,66.60858303,0.6047624928,103.5088166,6.50251627,297.9263306,0,128.0740051,9.999999747e-05,62.92159271,105657.2578,9.931653023,3.509527624
209.8000031,287.3605596,85.73062598,29.89890091,66.67368494,0.6027759055,104.4837593,6.502537727,297.8632507,0,127.5871429,9.999999747e-05,9.999999747e-05,105667.8047,9.913983345,3.530488185
210,277.0052616,85.88098055,29.84064211,66.58902697,0.6049919919,103.7563634,6.502838612,297.9282837,0,127.0908127,9.999999747e-05,62.46056747,105680.2969,9.920941353,3.546818642
210.1999969,287.6179416,85.82586948,29.88138425,66.65438105,0.6028371487,104.7462319,6.503484726,297.8666077,0,126.4744949,9.999999747e-05,9.999999747e-05,105690.7188,9.899731636,3.575099643
210.3999939,277.6062557,86.07551088,29.82981319,66.57265614,0.6048898739,104.0165974,6.503875256,297.9306641,0,125.5994568,9.999999747e-05,61.425354,105702.9453,9.906148911,3.576033248
210.6000061,287.9879429,86.09075804,29.86718201,66.63707967,0.6027913647,105.0187204,6.505039692,297.8711243,0,124.5702133,9.999999747e-05,9.999999747e-05,105713.1328,9.877104759,3.641975614
210.8000031,278.3482988,86.40535762,29.81583282,66.55322602,0.6047196599,104.348245,6.505690575,297.9338379,0,123.0717087,9.999999747e-05,59.63780594,105724.9453,9.879648209,3.646197966
211,288.4209543,86.52766856,29.84679181,66.61316119,0.602709095,105.3943554,6.505666256,297.8753052,0,121.3169861,9.999999747e-05,9.999999747e-05,105734.5859,9.859999657,3.645983272
211.1999969,278.0912196,86.78536005,29.7844907,66.5364544,0.6048603452,104.6368251,6.504257679,297.9347229,0,119.5725784,9.999999747e-05,58.17113495,105745.8281,9.874087334,3.591427357
211.3999939,286.5360834,86.65841206,29.79284145,66.59267398,0.6033583654,105.5633046,6.502028465,297.8748169,0,118.3940277,9.999999747e-05,9.999999747e-05,105755.2031,9.869487762,3.544353682
211.6000061,275.5310465,86.5578088,29.71555389,66.5161658,0.6061223504,104.7488573,6.500439167,297.9334106,0,118.1053696,9.999999747e-05,57.86811829,105766.6094,9.883575439,3.553446968
211.8000031,284.1953932,86.18638645,29.73160194,66.56802231,0.6044670379,105.630296,6.49848938,297.8726196,0,118.4478302,9.999999747e-05,9.999999747e-05,105776.3281,9.88609314,3.490592691
212,274.0168035,86.02821623,29.67208065,66.49701296,0.6072001344,104.8180374,6.496141911,297.928894,0,119.5732956,9.999999747e-05,58.36165237,105788.0625,9.920593262,3.408006954
212.1999969,282.4463138,85.50864,29.70547892,66.56717351,0.6053791911,105.4505364,6.493558407,297.8639526,0,121.6379776,9.999999747e-05,9.999999747e-05,105798.375,9.932029724,3.314441361
212.3999939,272.5325697,85.11117866,29.64972372,66.4910238,0.6083873022,104.693096,6.493453979,297.9231567,0,124.7354889,9.999999747e-05,60.75611877,105811.1562,9.955075264,3.353912039
212.6000061,283.2328629,84.65446083,29.72221391,66.56263421,0.6055343321,105.4194738,6.494123936,297.8582458,0,127.8658981,9.999999747e-05,9.999999747e-05,105822.375,9.950770378,3.321265219
212.8000031,274.8053495,84.63641938,29.70276276,66.48442392,0.6076151181,104.7314322,6.495826721,297.9206848,0,130.7337952,9.999999747e-05,62.61556625,105835.7578,9.970705032,3.319247031
213,286.5751734,84.5317973,29.79966762,66.57142475,0.6043309014,105.4253664,6.499136448,297.8558044,0,132.9197083,9.999999747e-05,9.999999747e-05,105847.3516,9.942686081,3.378059993
213.1999969,278.5198388,84.89472766,29.79179646,66.48914161,0.6058209269,104.7508427,6.502299786,297.9208679,0,133.7796783,9.999999747e-05,63.91638184,105860.7109,9.949302673,3.377685161
213.3999939,290.9750209,85.20850921,29.88495403,66.579213,0.6026918832,105.6178579,6.505768776,297.8565063,0,133.3799591,9.999999747e-05,9.999999747e-05,105871.7422,9.91300106,3.437147951
213.6000061,281.7488915,85.80336704,29.85967783,66.50075215,0.6041860056,104.864709,6.508579731,297.9242249,0,131.5911255,9.999999747e-05,64.27809143,105884.3125,9.904934883,3.465940764
213.8000031,294.1070134,86.26940522,29.91424198,66.57262393,0.6016682174,106.1181738,6.50828743,297.8596497,0,128.6811829,9.999999747e-05,9.999999747e-05,105893.9922,9.891622543,3.382965565
214,281.9696413,86.68161123,29.84566698,66.50356631,0.6038620579,105.1217877,6.506807804,297.9266968,0,125.8962021,9.999999747e-05,64.37692261,105905.4688,9.894302368,3.368643352
214.1999969,291.9367504,86.57302239,29.83967958,66.55051307,0.6023522351,106.4501926,6.505135536,297.8634033,0,123.6969528,9.999999747e-05,9.999999747e-05,105914.7031,9.877244949,3.382173241
214.3999939,279.7051524,86.59475922,29.75280478,66.46248971,0.6050820515,105.556936,6.504083157,297.9300537,0,122.1635208,9.999999747e-05,63.06797028,105926.0312,9.880545616,3.422444088
214.6000061,289.7643908,86.39097422,29.76031708,66.50952092,0.6033297213,106.7733046,6.503953457,297.869873,0,121.0483322,9.999999747e-05,9.999999747e-05,105935.3594,9.856888771,3.48002821
214.8000031,279.1256931,86.51272757,29.69706041,66.42397782,0.6057441326,105.9667546,6.504369736,297.9347839,0,119.9840012,9.999999747e-05,60.74241257,105946.5938,9.858119965,3.523122901
215,289.5398078,86.51375331,29.72480269,66.47717303,0.6035937764,107.1143015,6.50468874,297.8767395,0,118.7543259,9.999999747e-05,9.999999747e-05,105955.7266,9.836629868,3.541170295
215.1999969,279.3876782,86.74930557,29.6711212,66.40125432,0.6058166943,106.2889922,6.503093243,297.9356079,0,117.3990326,9.999999747e-05,58.29391479,105966.4453,9.859991074,3.448084704
215.3999939,287.7729812,86.62824968,29.68630339,66.4657583,0.6041736044,107.1375898,6.501062393,297.8753357,0,116.6879959,9.999999747e-05,9.999999747e-05,105975.4219,9.853226662,3.416601705
215.6000061,276.962843,86.48119854,29.6150304,66.38907383,0.6070584766,106.2808204,6.498352051,297.9309082,0,116.7845078,9.999999747e-05,57.72302628,105986.3438,9.885817528,3.337280034
215.8000031,284.8977753,86.03004225,29.6325546,66.45382039,0.6054899446,106.9868032,6.496837616,297.8691101,0,117.9661484,9.999999747e-05,9.999999747e-05,105995.9609,9.879293442,3.346057382
216,275.3574601,85.76339846,29.57726892,66.37285067,0.6083022202,106.267258,6.497358799,297.9274902,0,119.747345,9.999999747e-05,58.60627365,106007.7734,9.893984795,3.39582476
216.1999969,285.8443512,85.54541422,29.63809552,66.43784938,0.6055151632,107.13561,6.499130249,297.867157,0,121.3173599,9.999999747e-05,9.999999747e-05,106017.9531,9.873171806,3.430130541
216.3999939,277.8200294,85.73852987,29.61890628,66.36295341,0.6073108827,106.4709059,6.502048016,297.9286194,0,122.1811905,9.999999747e-05,59.27037811,106029.9609,9.87288475,3.485797149
216.6000061,289.594919,85.95921967,29.69433931,66.43127335,0.6041403105,107.5039434,6.505137444,297.870575,0,121.8780365,9.999999747e-05,9.999999747e-05,106039.8203,9.839416504,3.528455988
216.8000031,281.2683174,86.48437728,29.67371173,66.35968677,0.6056273327,106.7978685,6.506520271,297.9312134,0,120.342247,9.999999747e-05,58.66482544,106051,9.845646858,3.484509484
217,291.5265352,86.79984045,29.71432428,66.42675605,0.6033022406,107.8557431,6.507073879,297.8733826,0,118.2595749,9.999999747e-05,9.999999747e-05,106059.9688,9.818593979,3.498545558
217.1999969,281.3322881,87.1031265,29.655521,66.35034829,0.6054659962,107.0593239,6.506848812,297.93396,0,115.9525833,9.999999747e-05,57.84262466,106070.4766,9.819882393,3.501528353
217.3999939,290.4649373,87.16706784,29.66222817,66.39635587,0.6037274302,108.2105367,6.505271435,297.8764648,0,113.7355957,9.999999747e-05,9.999999747e-05,106078.8594,9.809010506,3.46203172
217.6000061,279.2343064,87.23689993,29.58868768,66.32615538,0.6064735618,107.2584494,6.503373146,297.9354858,0,112.1513977,9.999999747e-05,57.098629,106089.0391,9.820390701,3.453589297
217.8000031,287.3021741,86.97539245,29.58572563,66.3701649,0.605044572,108.2403568,6.501749516,297.8788452,0,111.3232422,9.999999747e-05,9.999999747e-05,106097.5547,9.808650017,3.459375124
218,277.0351598,86.8622297,29.51884796,66.29467945,0.6079370366,107.4035218,6.501098633,297.9371338,0,111.1426773,9.999999747e-05,55.97109604,106108.0078,9.818631172,3.493352605
218.1999969,285.9628642,86.64200856,29.54136485,66.34331706,0.6059047013,108.3473576,6.501983643,297.883667,0,111.2201843,9.999999747e-05,9.999999747e-05,106116.9141,9.790096283,3.570595732
218.3999939,277.7968952,86.74408255,29.50047567,66.26288248,0.6080386408,107.7550064,6.503023148,297.9401245,0,110.9417419,9.999999747e-05,53.87618637,106127.3672,9.797615051,3.579709241
218.6000061,287.1608998,86.84817321,29.54202214,66.31974754,0.6055567448,108.68143,6.504728794,297.8890991,0,110.2518539,9.999999747e-05,9.999999747e-05,106136.0938,9.762610435,3.64615689
218.8000031,279.3598843,87.11802026,29.50353761,66.24132293,0.607416481,108.1395226,6.506518841,297.9446411,0,108.8780289,9.999999747e-05,51.61270905,106146.1875,9.755285263,3.692741664
219,288.5410228,87.36875347,29.53213232,66.28278505,0.6051109784,109.2235689,6.507420063,297.8961182,0,106.7901077,9.999999747e-05,9.999999747e-05,106154.2812,9.728096008,3.702434099
219.1999969,279.9507246,87.70676412,29.48313354,66.2149988,0.6071552972,108.5505895,6.506220818,297.9463196,0,104.3448105,9.999999747e-05,49.21710968,106163.4844,9.744299889,3.626393958
219.3999939,286.2652514,87.76547323,29.48394521,66.26630891,0.6058336555,109.2515787,6.504853249,297.8979492,0,102.3832474,9.999999747e-05,9.999999747e-05,106171.2109,9.721765518,3.654370958
219.6000061,277.0788874,87.68891774,29.41011251,66.18951283,0.6086857035,108.6031764,6.502585411,297.9450073,0,100.962616,9.999999747e-05,47.47260666,106180.3125,9.746598244,3.596763792
219.8000031,282.639521,87.49335962,29.41137874,66.2431079,0.6075468784,109.1142266,6.500543594,297.8959351,0,100.4514465,9.999999747e-05,9.999999747e-05,106188.25,9.738050461,3.59229465
220,274.1026499,87.25316819,29.34959105,66.17796197,0.6105582991,108.4377915,6.498851776,297.9423218,0,100.7533951,9.999999747e-05,47.30327988,106197.7812,9.764719009,3.562496046
220.1999969,280.5810364,86.96498671,29.37194737,66.23493484,0.6088508087,108.9467115,6.498357773,297.8932495,0,101.7317734,9.999999747e-05,9.999999747e-05,106206.2734,9.750923157,3.585090044
220.3999939,273.7066539,86.81082756,29.33416108,66.16810542,0.6112204162,108.4558187,6.497817039,297.9390564,0,102.904953,9.999999747e-05,47.66235733,106216.1953,9.783029556,3.517316255
220.6000061,281.0871074,86.6884076,29.38251371,66.23861181,0.6087982499,108.9383128,6.498048306,297.88797,0,104.2983627,9.999999747e-05,9.999999747e-05,106224.9688,9.768647194,3.516167531
220.8000031,274.5396062,86.62312619,29.35538258,66.17370241,0.6108591744,108.4618608,6.499022484,297.9364929,0,105.5965347,9.999999747e-05,49.1872406,106235.2422,9.784428596,3.512747269
221,283.2789829,86.61785434,29.41131899,66.23360896,0.6079794865,109.1985688,6.499833584,297.8840942,0,106.5050354,9.999999747e-05,9.999999747e-05,106244.0078,9.77206707,3.476644351
221.1999969,276.2968043,86.73975416,29.39049373,66.17632268,0.6098545542,108.600829,6.50092411,297.9352722,0,107.0920105,9.999999747e-05,51.0201149,106254.2266,9.782073021,3.475375164
221.3999939,285.2933101,86.78356654,29.43876362,66.23222879,0.6071285633,109.4474744,6.501704216,297.8823853,0,107.2414551,9.999999747e-05,9.999999747e-05,106262.7812,9.765570641,3.45419871
221.6000061,277.6215951,86.94669428,29.40946348,66.1710569,0.609145542,108.7935637,6.503017426,297.936615,0,107.0806427,9.999999747e-05,52.18613052,106272.8438,9.765339851,3.49290954
221.8000031,286.891346,87.0236208,29.44656042,66.21653372,0.6065657179,109.8026059,6.503576279,297.8844299,0,106.3918686,9.999999747e-05,9.999999747e-05,106281.0391,9.748939514,3.466058545
222,278.5295057,87.24100345,29.41022582,66.15674469,0.6087214573,109.0561901,6.503769398,297.9387817,0,105.4836884,9.999999747e-05,52.32685089,106290.6641,9.755443573,3.464182221
222.1999969,286.8829707,87.26307945,29.43266715,66.20394426,0.606594104,109.980343,6.504666805,297.8892822,0,104.4970093,9.999999747e-05,9.999999747e-05,106298.6797,9.720081329,3.537804167
222.3999939,278.9056644,87.39145882,29.38306228,66.12206051,0.6088473203,109.4527221,6.505502224,297.9436646,0,103.1480255,9.999999747e-05,50.5915947,106308.0312,9.719860077,3.567113935
222.6000061,287.1871367,87.52865863,29.4036384,66.16324052,0.6066733246,110.4261241,6.506698132,297.8982239,0,101.4673233,9.999999747e-05,9.999999747e-05,106315.7266,9.678479195,3.648163987
222.8000031,279.4628981,87.72156567,29.34972991,66.07817735,0.6088804611,109.9719089,6.506651878,297.9492188,0,99.3068161,9.999999747e-05,47.5939827,106324.4844,9.687479019,3.622017372
223,286.1972419,87.88957694,29.35995291,66.12449623,0.6071542933,110.7260617,6.50624752,297.9055481,0,97.17008972,9.999999747e-05,9.999999747e-05,106331.7109,9.656423569,3.662009375
223.1999969,277.8829823,87.91814099,29.29303052,66.04574272,0.6098844347,110.1766504,6.505159855,297.9530334,0,95.19229889,9.999999747e-05,44.75033569,106340.1406,9.667070389,3.653603132
223.3999939,283.4739739,87.88798298,29.29181944,66.08528841,0.6085922537,110.7991102,6.503352165,297.9129028,0,93.65060425,13.17484188,4.475033283,106347.2188,9.657642365,3.629196191
223.6000061,276.701755,87.9781788,29.23185598,66.07943587,0.6107704924,110.261464,6.501101494,297.9775391,0,92.8322525,3.952452421,54.5068779,106355.4062,9.675444603,3.5950966
223.8000031,282.8830465,87.47127299,29.23105555,66.0840859,0.6098084334,110.8898301,6.500102997,297.9362488,0,92.91333771,23.28074646,5.450687885,106362.4297,9.660973549,3.632350797
224,276.8812668,87.64485922,29.18507239,66.09253732,0.6114671085,110.3928612,6.499248505,298.0205383,0,93.38822937,6.984223843,64.56594086,106370.7188,9.675988197,3.609436737
224.1999969,286.0567679,87.04325209,29.20773491,66.06934657,0.6096262243,111.3989616,6.498503208,297.9723511,0,94.20851135,33.97773743,6.456594467,106377.2422,9.684345245,3.533353331
224.3999939,279.3397754,87.59139729,29.18766243,66.13729142,0.6106599407,110.4903821,6.498361111,297.9213562,0,95.32697296,17.49853134,0.6456594467,106385.3984,9.682328224,3.562087603
224.6000061,275.8031783,87.16618686,29.18872618,66.0701979,0.6122541093,110.2265907,6.498125553,297.9456482,0,96.5005188,5.249559402,36.49449539,106394.2578,9.715764046,3.475906175
224.8000031,280.0634278,86.97551561,29.23715546,66.09401917,0.6108223735,110.3711399,6.499258995,297.8990173,0,97.77055359,1.574867845,9.999999747e-05,106402.5781,9.69622612,3.519341776
225,275.1620281,86.94858064,29.22179042,66.02569474,0.6124537077,110.0985339,6.50101757,297.9379578,0,98.58249664,0.4724603295,41.82118225,106412.0391,9.703425407,3.530824563
225.1999969,282.677291,87.08645924,29.27192163,66.06987569,0.6096268593,110.80636,6.50278759,297.8926392,0,98.69330597,0.1417381018,9.999999747e-05,106420.1797,9.677195549,3.540734374
225.3999939,277.1646096,87.3008787,29.25075469,66.00824006,0.611176699,110.4715251,6.504611015,297.9395752,0,98.09809875,0.04252143204,44.93803787,106429.375,9.672399521,3.571948692
225.6000061,285.0546358,87.50378653,29.28242427,66.04373291,0.608604967,111.3843111,6.505282879,297.894989,0,96.77329254,0.01275642961,9.999999747e-05,106436.8672,9.653265953,3.542987284
225.8000031,277.8434855,87.74493199,29.24532742,65.98835693,0.61073503,110.7878888,6.505090714,297.9440918,0,95.18369293,0.003826928791,46.12574005,106445.4375,9.659478188,3.530854313
226,284.3461789,87.79063041,29.25457385,66.02761428,0.6089653988,111.5257537,6.504055023,297.8996277,0,93.67025757,0.001148078591,9.999999747e-05,106452.4844,9.645104408,3.509715668
226.1999969,276.1411575,87.78326781,29.19942031,65.96837437,0.6118788416,110.8232836,6.501242638,297.944519,0,92.57099152,0.0003444235772,45.69313431,106460.6406,9.688687325,3.380838621
226.3999939,280.7973448,87.63326763,29.21275781,66.04303249,0.6106493127,110.997759,6.498091221,297.8954773,0,92.59992981,0.0001033270746,9.999999747e-05,106467.7578,9.692951202,3.31900465
226.6000061,272.3174514,87.23517567,29.15508013,65.9927808,0.6143198856,110.1811744,6.495981216,297.9407349,0,93.88474274,9.999999747e-05,46.84959793,106476.5781,9.726732254,3.299384696
226.8000031,278.7573711,86.8315606,29.18369748,66.05336748,0.6123127985,110.6096337,6.4952631,297.8908386,0,96.00917053,9.999999747e-05,9.999999747e-05,106484.5078,9.719641685,3.297973435
227,272.572064,86.58008808,29.15687796,65.99351703,0.6147954644,110.1318693,6.495765686,297.9375,0,98.41962433,9.999999747e-05,48.13024521,106494.0156,9.746434212,3.282096726
227.1999969,281.1543867,86.47148489,29.22004805,66.05821852,0.6113557974,110.787538,6.496648788,297.8851318,0,100.6294785,9.999999747e-05,9.999999747e-05,106502.25,9.736134529,3.23878391
227.3999939,275.2291244,86.48671405,29.21061133,66.00249975,0.6131544753,110.2985296,6.498912334,297.9354858,0,102.4887161,9.999999747e-05,50.35686493,106512.0391,9.740893364,3.279542001
227.6000061,285.2121582,86.5596167,29.27502458,66.05273712,0.6094314387,111.2892588,6.501505852,297.8840027,0,103.4392548,9.999999747e-05,9.999999747e-05,106520.2031,9.711213112,3.293377328
227.8000031,279.1024047,86.84575656,29.26441535,65.98674664,0.610905849,110.8432382,6.503742695,297.9362488,0,103.3555984,9.999999747e-05,51.23323059,106529.5703,9.715185165,3.290233974
228,288.5488444,87.12972544,29.3146352,66.04083798,0.6077539618,111.8383311,6.506084919,297.8868103,0,102.3794632,9.999999747e-05,9.999999747e-05,106537.1719,9.670459747,3.356674951
228.1999969,281.3728391,87.41841455,29.27714598,65.95885453,0.6096751594,111.4035036,6.506698132,297.9387512,0,100.4649277,9.999999747e-05,50.52499771,106545.75,9.683532715,3.304908954
228.3999939,289.0282077,87.70996423,29.30131952,66.01615143,0.6074347656,112.2220114,6.50622654,297.8890686,0,98.31111145,9.999999747e-05,9.999999747e-05,106552.5547,9.656654358,3.309211485
228.6000061,279.8567304,87.76744326,29.23764387,65.94320987,0.6103699521,111.4866569,6.505027771,297.9412537,0,96.34402466,9.999999747e-05,50.06872559,106560.7031,9.667838097,3.302911735
228.8000031,286.3757429,87.70876001,29.23673526,65.98499815,0.6088431193,112.2525797,6.503279209,297.8922729,0,94.85531616,9.999999747e-05,9.999999747e-05,106567.3516,9.654013634,3.294118226
229,277.0941257,87.58391824,29.17299557,65.92085118,0.6122539202,111.4173731,6.501907825,297.9441223,0,94.06551361,9.999999747e-05,49.27539062,106575.5938,9.667016983,3.316840828
229.1999969,283.8044829,87.36755263,29.17949436,65.96170969,0.6105288804,112.1392701,6.50134182,297.8977356,0,93.82122803,9.999999747e-05,9.999999747e-05,106582.6016,9.643287659,3.361950216
229.3999939,276.2279819,87.24209098,29.12928379,65.88863944,0.613484915,111.5775831,6.499577522,297.9438477,0,93.80199432,9.999999747e-05,47.33288574,106590.8438,9.690211296,3.24235313
229.6000061,282.2056142,87.18444201,29.16538194,65.97193366,0.6113761516,111.8317189,6.497779369,297.8930969,0,94.49503326,9.999999747e-05,9.999999747e-05,106597.9922,9.685198784,3.200173594
