Time Step,Discharge rate,Sugar feed rate,Soil bean feed rate,Aeration rate,Back pressure,Water injection/dilution,pH,Temperature,Acid flow rate,Base flow rate,Cooling water,Heating water,Vessel Weight,Dissolved oxygen concentration,Yield Per Step
0,0,76.05436146,26.00275249,61.30569434,0.9073908937,145.7434384,6.634928703,297.8519287,0,0,9.999999747e-05,86.10135651,62045.60156,17.25470543,0.05734219794
0.200000003,0,76.51173435,25.96573961,60.96951534,0.9046204205,153.4696489,6.604886055,297.9265442,0,0,9.999999747e-05,29.61718559,62098.13281,17.3433342,-2.960288701e-05
0.400000006,0,76.51354632,25.96560644,60.96855095,0.9046125978,153.5151664,6.576498032,297.8951721,0.523771286,0,9.999999747e-05,9.999999747e-05,62150.71875,17.32724953,-2.974831354e-05
0.6000000238,0,76.51021358,25.9659242,60.97190767,0.9046421794,153.3941786,6.549356461,298.0458069,1.045861602,0,9.999999747e-05,49.03529358,62202.46875,17.33423424,-2.997500432e-05
0.8000000119,0,76.50564887,25.96637146,60.97653987,0.9046867703,153.2273005,6.52463007,297.9621582,0,0,48.2654953,4.903529167,62253.82031,17.30841637,-3.014423577e-05
1,0,76.50953933,25.96600629,60.97344239,0.9046624211,153.3636158,6.501124859,297.9106445,0,0,19.99803162,0.4903529286,62305.26172,17.30343246,-3.009838736e-05
1.200000048,0,76.50892543,25.96606041,60.9740111,0.9046725117,153.3377538,6.478737354,298.0001831,0,0.06804782152,5.999409676,32.40679169,62356.71875,17.29620934,-3.023410418e-05
1.399999976,0,76.50719658,25.96619348,60.9759933,0.9047008185,153.2646647,6.462625027,297.9418945,0,9.091347694,33.91940308,3.240679026,62409.93359,17.277668,-3.034721929e-05
1.600000024,0,76.50645913,25.96624215,60.97819314,0.9047272754,153.2278902,6.455359459,298.2204285,0,24.54249382,10.1758213,85.40074921,62466.22656,17.26346016,-3.062724481e-05
1.799999952,0,76.50355126,25.96628926,60.98574063,0.9048281474,153.0434101,6.458564281,298.0751038,0,42.89089584,104.5222778,8.540074348,62526.27344,17.26133919,-3.07622468e-05
2,0,76.50950328,25.9658177,60.98727789,0.904822664,153.2818181,6.469580173,297.9720154,0,59.95148468,60.56412506,0.8540074825,62589.83984,17.24429131,-3.044348998e-05
2.200000048,0,76.51603374,25.96532621,60.98884338,0.9048113446,153.5577665,6.486316204,297.9201355,0,72.6134491,28.91044235,0.08540074527,62656.05469,17.2324543,-3.019246932e-05
2.400000095,0,76.52262476,25.96483744,60.99054917,0.9048040171,153.843595,6.506748199,298.0298767,0,78.58740997,8.673132896,34.67713928,62723.59766,17.22907448,-3.014575064e-05
2.599999905,0,76.52587896,25.96458868,60.99249915,0.9048117263,153.9846438,6.525967598,297.9751587,0,76.39461517,43.92179108,3.467714071,62790.73828,17.22212982,-3.009220852e-05
2.799999952,0,76.52740772,25.9645193,60.99212221,0.9047973199,154.0739309,6.538714886,297.9411621,0,66.52993774,25.34688377,0.3467713892,62855.87109,17.21013069,-2.990905649e-05
3,0,76.52256082,25.96491682,60.98860043,0.9047685402,153.8942619,6.541629314,298.0583191,0,51.58367157,7.604064941,33.63775635,62917.88672,17.19763184,-2.994507472e-05
3.200000048,0,76.51489324,25.96551691,60.98627087,0.904758028,153.5960558,6.534076214,298.0110474,0,35.48326111,46.07113266,3.36377573,62978.60156,17.1883564,-3.001270727e-05
3.400000095,0,76.51029312,25.96588867,60.9842578,0.9047457048,153.4244473,6.517837048,297.9800415,0,22.40695,31.07098389,0.3363775611,63036.61719,17.1752739,-2.996967219e-05
3.599999905,0,76.50650724,25.96618661,60.98301578,0.9047415474,153.2775613,6.497620106,297.9671936,0,15.82131481,21.13898849,0.03363775834,63093.23828,17.15956306,-2.999374153e-05
3.799999952,0,76.50417579,25.96636406,60.9834482,0.9047528249,153.1851547,6.478646755,297.965332,0,17.30765724,16.19816971,0.003363775788,63148.86719,17.14011955,-3.005741937e-05
4,0,76.50265786,25.96646169,60.98567487,0.9047810575,153.1204208,6.465842247,297.9717102,0,26.36641312,14.42029572,0.0003363775613,63206.41797,17.1356411,-3.012531703e-05
4.199999809,0,76.50371146,25.9663263,60.98838792,0.9048120358,153.147809,6.46011591,297.979248,0,40.53083801,15.33319378,9.999999747e-05,63266.78906,17.11203003,-3.017101238e-05
4.400000095,0,76.50602833,25.96607811,60.99386218,0.9048629401,153.2318799,6.46261692,297.9883728,0,56.98223114,16.82309341,9.999999747e-05,63330.53906,17.09771919,-3.01806952e-05
4.599999905,0,76.51324553,25.96545844,60.99988201,0.904906492,153.5214863,6.473196507,297.9988098,0,72.42893982,19.1359005,9.999999747e-05,63397.54688,17.08856392,-3.015171386e-05
4.800000191,0,76.52465957,25.96456673,61.00654669,0.9049422332,153.9974152,6.486144543,298.0060425,0,83.64370728,22.23795509,9.999999747e-05,63466.83984,17.06195641,-3.009487014e-05
5,0,76.53516918,25.96378201,61.01432561,0.9049858587,154.4502676,6.499374866,298.0120239,0,89.69722748,24.611166,9.999999747e-05,63537.39453,17.03991127,-3.002799886e-05
5.199999809,0,76.54278663,25.96324085,61.01988803,0.9050148382,154.7829225,6.513459682,298.0206909,0,90.46525574,26.8446331,9.999999747e-05,63608.23828,17.03203964,-2.996137647e-05
5.400000095,0,76.54595641,25.96305115,61.02135921,0.9050161965,154.9254147,6.523976326,298.0286865,0,85.59752655,30.23651886,9.999999747e-05,63678.10938,17.01561356,-2.990478117e-05
5.599999905,0,76.54224411,25.96337654,61.01997849,0.9050036876,154.7846839,6.52796936,298.0350647,0,76.5375061,33.70539474,9.999999747e-05,63746.05859,16.99423409,-2.987030439e-05
5.800000191,0,76.53342702,25.96407876,61.01693407,0.9049846733,154.4333894,6.52357769,298.0383301,0,65.89028931,36.9251442,9.999999747e-05,63811.65234,16.9655056,-2.98655781e-05
6,0,76.52236509,25.96494101,61.01479292,0.9049770579,153.991015,6.512524605,298.0401001,0,57.00633621,39.31628799,9.999999747e-05,63875.25,16.93708038,-2.989101866e-05
6.199999809,0,76.51279641,25.96567341,61.01456259,0.9049864013,153.6071384,6.498342037,298.0426941,0,52.53861237,41.34244156,9.999999747e-05,63937.8125,16.91287994,-2.993944229e-05
6.400000095,0,76.5071349,25.96608198,61.01628072,0.9050118249,153.3775488,6.482303619,298.0407715,0,53.73292923,43.72719193,9.999999747e-05,64000.42188,16.87708473,-2.999740455e-05
6.599999905,0,76.50441494,25.966232,61.02171864,0.9050691568,153.2701304,6.47011137,298.0450134,0,61.3387146,44.64103317,9.999999747e-05,64064.60938,16.86143875,-3.005372182e-05
6.800000191,0,76.510176,25.96569177,61.02767586,0.9051252772,153.4991893,6.460974693,298.0456848,0,73.80285645,47.65652847,9.999999747e-05,64131.3125,16.83220673,-3.009674406e-05
7,0,76.52175195,25.96468213,61.0382053,0.9052118345,153.9830451,6.457305908,298.0486755,0,89.92385864,49.54475403,9.999999747e-05,64201.41797,16.81182289,-3.011719071e-05
7.199999809,0,76.54354072,25.96290979,61.0515351,0.9053039175,154.90126,6.459755898,298.0535278,0,107.5043411,52.27600098,9.999999747e-05,64275.33594,16.79364586,-3.011232268e-05
7.400000095,0,76.57355267,25.96058365,61.06880538,0.9054095602,156.1805915,6.465075016,298.0546875,0,124.1022568,55.75485229,9.999999747e-05,64352.85938,16.76696777,-3.00824591e-05
7.599999905,0,76.60509471,25.95820121,61.08844005,0.9055284593,157.5387669,6.474104404,298.0580139,0,138.5825806,58.12332153,9.999999747e-05,64433.64453,16.74679184,-3.0034441e-05
7.800000191,0,76.63465434,25.95604563,61.10662438,0.9056360073,158.8085337,6.48996067,298.0711365,0,149.4481506,61.32019424,9.999999747e-05,64517.07812,16.74077415,-2.997311983e-05
8,0,76.65919794,25.95435453,61.12121276,0.905719944,159.8557614,6.502232075,298.0728455,0,153.9606781,67.99800873,9.999999747e-05,64601.55469,16.70808792,-2.990361096e-05
8.199999809,0,76.67154501,25.95353641,61.13072784,0.9057832321,160.4224894,6.511081696,298.0730286,0,153.5983887,71.15240479,9.999999747e-05,64686.02734,16.67920876,-2.983895638e-05
8.399999619,0,76.6756468,25.953323,61.13502754,0.9058163761,160.6496171,6.512382984,298.0660706,0,149.6959229,73.93289185,9.999999747e-05,64769.60938,16.63963509,-2.979210611e-05
8.600000381,0,76.67302877,25.95357572,61.13674082,0.9058394883,160.620634,6.511720657,298.0681458,0,145.2867584,74.26721954,9.999999747e-05,64852.29688,16.61400986,-2.976971993e-05
8.800000191,0,76.66860613,25.95395878,61.13670025,0.9058503201,160.5061917,6.508396149,298.072113,0,141.1247711,77.51873016,9.999999747e-05,64934.10547,16.58473206,-2.976958314e-05
9,0,76.66344546,25.95438472,61.13701437,0.9058670113,160.3782855,6.502910614,298.0768738,0,138.2951508,81.42186737,9.999999747e-05,65015.29688,16.55423164,-2.978367263e-05
9.199999809,0,76.65929046,25.95471911,61.13814028,0.9058911114,160.3028127,6.493161201,298.0749817,0,137.6582184,85.741539,9.999999747e-05,65096.25,16.51491547,-2.980729589e-05
9.399999619,0,76.65682461,25.95488286,61.14078431,0.9059289466,160.3177391,6.484398365,298.0798645,0,140.9281158,87.93242645,9.999999747e-05,65177.89453,16.48517609,-2.983933919e-05
9.600000381,0,76.66167703,25.95447901,61.14550239,0.9059757226,160.6184845,6.477672577,298.0874939,0,147.6862793,92.44485474,9.999999747e-05,65261.01562,16.45518303,-2.98744545e-05
9.800000191,0,76.67257967,25.95362743,61.15254868,0.9060360666,161.1828992,6.472104073,298.0925293,0,157.1313171,98.03966522,9.999999747e-05,65345.34766,16.42061806,-2.990219175e-05
10,0,76.68514312,25.95265759,61.15941686,0.9060935041,161.8292103,6.472634315,298.109314,0,168.806427,102.9955826,9.999999747e-05,65432.33203,16.39723587,-2.99213467e-05
10.19999981,0,76.69949324,25.95163692,61.16541545,0.9061388617,162.5256079,6.476159573,298.1251221,0,180.2531281,112.2174911,9.999999747e-05,65521.86719,16.36739159,-2.992898229e-05
10.39999962,0,76.70857345,25.95106601,61.16800463,0.9061666003,163.041225,6.479600906,298.1330566,0,190.2994843,121.6485138,9.999999747e-05,65613.55469,16.33015633,-2.992021205e-05
10.60000038,0,76.71020357,25.95106642,61.16554906,0.9061660922,163.2787455,6.482816219,298.1394348,0,198.979187,128.9622803,9.999999747e-05,65707.07031,16.29256439,-2.990245991e-05
10.80000019,0,76.70655246,25.9514676,61.15925246,0.9061426789,163.3073505,6.485305309,298.1451721,0,206.3731689,136.0905609,9.999999747e-05,65802.10938,16.25317383,-2.988487461e-05
11,0,76.69942639,25.95213072,61.15070651,0.9061090017,163.221064,6.486172199,298.1472778,0,212.7731628,143.2510223,9.999999747e-05,65898.41406,16.20999527,-2.986871595e-05
11.19999981,0,76.68967085,25.95298435,61.14053681,0.9060693532,163.0613071,6.485673904,298.1494446,0,218.8294373,149.374527,9.999999747e-05,65995.91406,16.16599846,-2.985622593e-05
11.39999962,0,76.67783031,25.95398161,61.12876637,0.9060200557,162.8237292,6.484135628,298.1536865,0,225,155.6355591,9.999999747e-05,66094.625,16.12122154,-2.985185681e-05
11.60000038,0,76.66416599,25.9551006,61.11545642,0.905960026,162.5096565,6.481490612,298.1650391,0,225,162.6797028,9.999999747e-05,66193.3125,16.0763588,-2.986235911e-05
11.80000019,0,76.6565399,25.95587688,61.11024079,0.9059911311,162.7166931,6.478347301,298.1861572,0,225,172.3327332,9.999999747e-05,66292.11719,16.03283691,-2.989443728e-05
12,0,76.64824238,25.95673446,61.10476458,0.9060320288,162.9860996,6.473006248,298.194397,0,225,185.7219086,9.999999747e-05,66390.9375,15.97993565,-2.993008559e-05
12.19999981,0,76.63791818,25.95775898,61.09820536,0.9060815396,163.3135861,6.465555191,298.1947937,0,225,195.3902283,9.999999747e-05,66489.77344,15.92452145,-2.995512133e-05
12.39999962,0,76.62576689,25.9588929,61.0902269,0.9061225781,163.592566,6.456718922,298.1966858,0,225,202.7479401,9.999999747e-05,66588.65625,15.86878395,-2.998278932e-05
12.60000038,0,76.61236455,25.96009108,61.0813346,0.9061569431,163.8336523,6.445683479,298.190094,0,225,210.7086029,9.999999747e-05,66687.52344,15.80808735,-3.001300311e-05
12.80000019,0,76.59752988,25.96132903,61.07154152,0.9061806505,164.0153234,6.434564114,298.1983643,0,225,215.7976227,9.999999747e-05,66786.45312,15.75052929,-3.005665714e-05
13,0,76.58263393,25.96253765,61.0618361,0.9061991075,164.1644461,6.422986507,298.2101135,0,225,225.8259735,9.999999747e-05,66885.42188,15.68962765,-3.012193534e-05
13.19999981,0,76.56759902,25.96371629,61.05285002,0.9062255478,164.3743646,6.408764839,298.202301,0,225,237.2517548,9.999999747e-05,66984.33594,15.6216116,-3.017994823e-05
13.39999962,0,76.55229368,25.96472424,61.04387015,0.9062198336,164.3954984,6.393373966,298.1988831,0,225,242.352417,9.999999747e-05,67083.22656,15.55427074,-3.02341139e-05
13.60000038,0,76.5381477,25.96547881,61.0357339,0.9061767616,164.1748869,6.378614426,298.2122498,0,225,248.8173828,9.999999747e-05,67182.10156,15.48726082,-3.031390885e-05
13.80000019,0,76.52562471,25.9660365,61.03013596,0.9061367274,163.97345,6.367821693,298.271698,0,225,260.9172363,9.999999747e-05,67281.14062,15.42389584,-3.044868027e-05
14,0,76.51471575,25.96659069,61.02902835,0.9061662543,164.2186868,6.356379986,298.309845,0,225,289.2860718,9.999999747e-05,67380.21875,15.35066509,-3.060145751e-05
14.19999981,0,76.50411215,25.96686509,61.03093395,0.9061993957,164.5369675,6.344601631,298.3412781,0,225,312.1870422,9.999999747e-05,67479.38281,15.27520275,-3.072894229e-05
14.39999962,0,76.49518676,25.96678071,61.03514563,0.9061978894,164.6523706,6.332087517,298.3623657,0,225,334.3643799,9.999999747e-05,67578.55469,15.19588375,-3.084296316e-05
14.60000038,0,76.48769341,25.96628205,61.0418522,0.9061559295,164.5332734,6.317984104,298.363678,0,225,354.2045593,9.999999747e-05,67677.66406,15.11244774,-3.093343479e-05
14.80000019,0,76.48168942,25.96529026,61.05029188,0.9060489576,164.0248984,6.304445267,298.387146,0,225,368.0849915,9.999999747e-05,67776.71875,15.02816963,-3.1031606e-05
15,0,76.47730448,25.96401018,61.06286493,0.9059179182,163.3454485,6.291035175,298.4174805,0,225,389.8100891,9.999999747e-05,67875.67188,14.94039345,-3.116057102e-05
15.19999981,0,76.47372795,25.96236815,61.07937386,0.9057607469,162.5060332,6.27752161,298.4488525,0,225,414.6170044,9.999999747e-05,67974.47656,14.84943104,-3.129988556e-05
15.39999962,0,76.47116411,25.96040615,61.09853095,0.9055672394,161.4373391,6.261449814,298.4362183,0,225,440.8635559,9.999999747e-05,68072.96875,14.75485706,-3.140321394e-05
15.60000038,0,76.46762817,25.95824218,61.11383079,0.905322888,160.1204084,6.243983746,298.4202271,0,225,453.1039734,9.999999747e-05,68171.14844,14.65947723,-3.147110025e-05
15.80000019,0,76.46502209,25.95618023,61.12825141,0.9050440093,158.5714332,6.225356579,298.4051819,0,225,464.038147,9.999999747e-05,68268.99219,14.56451797,-3.154808961e-05
16,0,76.46354043,25.95437105,61.14105828,0.9047549611,156.9192052,6.204827309,298.3769226,0,225,474.7312622,9.999999747e-05,68366.4375,14.47524834,-3.162599406e-05
16.20000076,0,76.46341161,25.95313874,61.14801746,0.9044815647,155.3048154,6.183814526,298.3478699,0,225,480.2887573,9.999999747e-05,68463.51562,14.41772366,-3.170285616e-05
16.39999962,0,76.47018119,25.95281029,61.14933134,0.9042391167,153.6132876,6.175335407,298.2055054,0,225,484.6116943,9.999999747e-05,68560.22656,16.09619522,0.001610981861
16.60000038,0,76.55587056,25.96594755,60.99043561,0.9047054256,154.04183,6.206181526,297.7138977,0,225,448.7525635,9.999999747e-05,68657.16406,16.21438599,0.1385838907
16.79999924,0,76.55518872,25.9649826,60.98705847,0.9048106309,155.1635704,6.239391327,299.6835632,0,225,134.6257629,617.8482056,68754.11719,16.21648216,0.1416065436
17,0,76.54048863,25.96535536,60.98105679,0.9045917091,153.5507584,6.270721436,298.6996155,0,225,807.1154785,61.78482056,68850.49219,16.2195282,0.1630771212
17.20000076,0,76.57477095,25.96666559,60.9951614,0.9050840873,156.6703258,6.300597191,298.0524292,0,225,516.0130615,6.178482056,68947.71094,16.22999191,0.2005579366
17.39999962,0,76.61731957,25.96466926,61.02492406,0.9053764645,158.8106048,6.330877781,297.7240906,0,225,326.3511047,0.6178482175,69045.59375,16.23485947,0.2141866573
17.60000038,0,76.62914903,25.96257203,61.04107891,0.9054402532,159.3513765,6.361487865,298.7864685,0,225,97.90533447,318.2393799,69143.57812,16.2364769,0.2165717355
17.79999924,0,76.59643265,25.96481087,61.01855956,0.9053711391,158.6914626,6.391085148,298.3294678,0,225,456.5357971,31.82393837,69241.42969,16.23791122,0.2248738786
18,0,76.68415012,25.96484533,61.0664865,0.9062101375,164.2183056,6.419712067,298.0260925,0,225,320.3949585,3.182393789,69340.71094,16.24726677,0.2306064452
18.20000076,0,76.70180626,25.96219864,61.08343028,0.9062225608,164.5193026,6.446391106,297.8595276,0,225,231.5202026,0.3182393909,69440.25,16.24996567,0.2419478022
18.39999962,0,76.6985464,25.96130214,61.08390178,0.9061530376,164.1689701,6.469211578,298.677063,0,225,69.45606232,233.7410126,69539.61719,16.25671959,0.2801970045
18.60000038,0,76.63183674,25.96340735,61.03821026,0.9059751668,162.9640653,6.4901371,298.3489685,0,225,347.4790649,23.37410164,69638.73438,16.2573719,0.2913923786
18.79999924,0,76.72968095,25.96594283,61.07846509,0.9068155903,168.5094593,6.509199619,298.1216736,0,225,253.5435638,2.337410212,69739.20312,16.26740265,0.3002188432
19,0,76.72535688,25.96441778,61.07582964,0.9065521091,167.0182342,6.525887966,297.9941711,0,221.844635,190.6808624,0.2337410152,69838.84375,16.26622009,0.3139101463
19.20000076,0,76.71806143,25.96451508,61.06784881,0.9064336174,166.3421603,6.539072514,297.9249573,0,212.0157013,152.9581146,0.02337410115,69936.375,16.26534462,0.3364926056
19.39999962,0,76.72888081,25.96580777,61.06250883,0.9065508455,167.1823552,6.549206257,298.5307312,0,196.9169312,45.8874321,156.8524933,70030.96094,16.26136589,0.3333510301
19.60000038,0,76.69444927,25.96811548,61.03339539,0.906914131,169.4983634,6.553485394,298.3328247,0,177.7633972,252.5858002,15.68525028,70121.95312,16.26377869,0.3696994022
19.79999924,0,76.86677043,25.98055165,61.05250837,0.9087315923,181.2929551,6.527189255,298.1708069,0.5198819637,88.88169861,199.6617889,1.568524957,70197.24219,16.25766945,0.4277482342
20,0,76.86369462,25.99267659,60.95986248,0.9103774318,189.4511474,6.500061989,298.0828552,0,78.62588501,157.7378387,0.1568524987,70272.03906,16.26951981,0.4505686858
20.20000076,0,76.81884474,25.98956044,60.95105583,0.9094883983,183.5145528,6.475396156,298.0329895,0,79.12599945,135.0086365,0.01568524912,70345.67969,16.26222038,0.4867236662
20.39999962,0,76.82264833,25.98920405,60.94581542,0.9092392484,182.1943963,6.456083298,298.0023193,0,89.48157501,121.5726395,0.001568524982,70421.13281,16.26513672,0.5247200681
20.60000038,0,76.84921144,25.98984148,60.9484312,0.9091072426,181.8474965,6.446274281,297.9971924,0,107.5525894,112.6028671,0.000156852504,70500.28906,16.26671791,0.5116177879
20.79999924,0,76.88410051,25.99048924,60.95899083,0.9090473687,182.0176951,6.44009304,297.9693298,0,129.5331726,111.1550674,9.999999747e-05,70583.78125,16.28306389,0.6112282767
21,0,76.90059523,25.98855793,60.97856403,0.9086548213,180.1724207,6.440599442,297.9519653,0,154.0047913,101.469902,9.999999747e-05,70671.875,16.29070091,0.6533789736
21.20000076,0,76.87872786,25.98393883,61.00179988,0.9080116623,176.4770191,6.450897694,297.9570923,0,178.2636108,94.54219818,9.999999747e-05,70764.26562,16.28977776,0.6273245518
21.39999962,0,76.83486799,25.97866449,61.01968358,0.907347857,172.4086904,6.465964317,297.9623718,0,198.3923492,94.63574219,9.999999747e-05,70859.9375,16.29156685,0.6382398057
21.60000038,0,76.78986692,25.97454574,61.02698989,0.9067799901,168.8553631,6.482745647,297.9653931,0,212.5102081,94.81627655,9.999999747e-05,70957.76562,16.29334068,0.6609714011
21.79999924,0,76.75650108,25.9721783,61.02556409,0.9063889848,166.4174422,6.498718739,297.9639282,0,219.9250641,94.40622711,9.999999747e-05,71056.5625,16.29592323,0.6989219071
22,0,76.74195615,25.97136092,61.02063753,0.9061885987,165.2565407,6.50929451,297.9450989,0,220.9588165,92.58135986,9.999999747e-05,71155.17188,16.30435371,0.8074069267
22.20000076,0,76.74584032,25.97168673,61.0164982,0.9061394274,165.1114417,6.521190166,298.3876953,0,217.7774506,27.77440834,108.8517227,71253.14844,16.2998333,0.7755779144
22.39999962,0,76.73606683,25.96944283,60.99885649,0.9061804055,165.8445095,6.529900551,298.2564087,0,209.8161316,178.5585938,10.88517189,71349.57812,16.30107117,0.80783152
22.60000038,0,76.89197545,25.9793086,60.99659344,0.9070883698,173.0299205,6.537103176,298.1661987,0,198.385437,144.4824524,1.088517189,71445.29688,16.30475998,0.793014811
22.79999924,0,76.93799062,25.98269077,60.98676168,0.9073795755,175.2607145,6.538922787,298.1001892,0,184.0683441,123.9590683,0.1088517234,71538.53125,16.30742455,0.8520971551
23,0,77.00173102,25.98776964,60.97333417,0.9078958617,178.9029951,6.53610754,298.0589294,0,169.0362244,108.0964279,0.01088517159,71629.4375,16.31021309,0.8965677572
23.20000076,0,77.06284764,25.99323502,60.95604638,0.9084996592,182.910222,6.529407024,298.0342102,0,155.1282959,98.11040497,0.001088517252,71718.35156,16.31343079,0.9332216142
23.39999962,0,77.113831,25.99841636,60.9376378,0.9091009988,186.6796252,6.519918919,298.0199585,0,143.8984222,92.10236359,0.0001088517165,71805.76562,16.31707191,0.9659184649
23.60000038,0,77.15045718,26.00266933,60.92152895,0.9095921844,189.6055042,6.507677078,298.0066223,0,136.4604645,88.65052795,9.999999747e-05,71892.23438,16.32286644,1.022463247
23.79999924,0,77.17418793,26.00574906,60.91098704,0.9098882019,191.2820668,6.492763042,297.9885254,0,133.9193726,84.91301727,9.999999747e-05,71978.44531,16.3309536,1.109451217
24,0,77.18413554,26.00738561,60.90901545,0.9099204352,191.3476914,6.47712183,297.9703674,0,137.3439789,79.01551056,9.999999747e-05,72065.29688,16.33841133,1.191936128
24.20000076,0,77.17834415,26.00733383,60.91801331,0.909684785,189.7561283,6.465420246,297.9642944,0,147.0188751,72.4523468,9.999999747e-05,72153.83594,16.34112167,1.219837643
24.39999962,0,77.15701098,26.00543816,60.93826105,0.909260541,186.9336731,6.461433411,297.97229,0,161.3591003,69.38043213,9.999999747e-05,72244.85156,16.3400383,1.198888628
24.60000038,0,77.12061746,26.00163323,60.96630999,0.9087191129,183.2974689,6.464414597,297.9838867,0,177.2814026,70.84871674,9.999999747e-05,72338.46094,16.33951569,1.18445774
24.79999924,0,77.07035645,25.99646682,60.99497237,0.9081102577,179.1618201,6.471354961,297.9902954,0,192.013092,73.74622345,9.999999747e-05,72434.25,16.34080696,1.203541021
25,0,77.0143181,25.99122273,61.01736321,0.9075269355,175.1391499,6.478960991,297.9873352,0,203.9778595,75.27349091,9.999999747e-05,72531.60156,16.34417915,1.258502295
25.20000076,0,76.96303036,25.98697863,61.03198204,0.9070504688,171.7803033,6.48662281,297.9812927,0,212.9106598,73.83378601,9.999999747e-05,72630.03906,16.34705353,1.308555606
25.39999962,0,76.9233402,25.98396754,61.0399345,0.9067060492,169.3273137,6.495241642,297.9795837,0,218.780838,71.30243683,9.999999747e-05,72729.1875,16.34800339,1.331970009
25.60000038,0,76.90169536,25.98221376,61.0418838,0.9064928138,167.9066974,6.504182339,297.980896,0,221.2003326,70.05141449,9.999999747e-05,72828.54688,16.34859467,1.349536947
25.79999924,0,76.90287502,25.98183403,61.03956081,0.9064095713,167.5654837,6.513540268,297.9869385,0,220.0457153,69.75279999,9.999999747e-05,72927.64844,16.34780312,1.350179481
26,0,76.92930987,25.98281843,61.03324219,0.9064524806,168.3283212,6.523432255,297.9994507,0,215.147522,71.11180115,9.999999747e-05,73026,16.34500504,1.32649923
26.20000076,0,76.98716483,25.98544341,61.02181181,0.9066409664,170.4177322,6.527781487,297.9945068,0,206.2921295,74.88921356,9.999999747e-05,73122.85156,16.34993172,1.405497326
26.39999962,0,77.07722977,25.99041935,61.01034124,0.9070070126,173.8288668,6.530611038,297.9966736,0,195.7168732,73.07272339,9.999999747e-05,73218.29688,16.34993553,1.412352746
26.60000038,0,77.17783526,25.99625403,60.99473631,0.907479114,177.9790973,6.526576996,297.9853821,0,183.9970245,73.64777374,9.999999747e-05,73312.08594,16.35680008,1.496405953
26.79999924,0,77.28371745,26.00341248,60.9812265,0.9080592562,182.5758915,6.521847248,297.9856262,0,173.908432,69.61177063,9.999999747e-05,73404.82031,16.35877991,1.503206361
27,0,77.36328259,26.00929544,60.96828334,0.9085760166,186.3996468,6.517849445,297.9945068,0,165.6921844,69.23419189,9.999999747e-05,73496.76562,16.35946274,1.489695133
27.20000076,0,77.43383138,26.01467174,60.9559144,0.9090434298,189.8281504,6.514338017,298.0059204,0,159.0704346,71.7540741,9.999999747e-05,73588.14062,16.36069107,1.480598001
27.39999962,0,77.49724411,26.01961674,60.94525343,0.9094502826,192.8152697,6.50555563,297.9970093,0,153.8540039,75.42172241,9.999999747e-05,73678.92188,16.36966324,1.573048684
27.60000038,0,77.53733975,26.02377272,60.94454237,0.9097322408,194.5037618,6.500254631,298.0036621,0,152.16922,72.48477173,9.999999747e-05,73769.84375,16.36952782,1.552804453
27.79999924,0,77.5494293,26.02530253,60.94982276,0.9098327403,194.8567756,6.493997574,298.0010681,0,152.5766144,74.73641205,9.999999747e-05,73860.86719,16.37444687,1.60325203
28,0,77.55936196,26.02653371,60.96316324,0.9098469812,194.5768974,6.487978458,297.9954529,0,155.5010986,73.92435455,9.999999747e-05,73952.39844,16.37893295,1.648075417
28.20000076,0,77.54537788,26.02586161,60.98667279,0.9097147679,193.025131,6.482791424,297.988678,0,160.8293457,72.05265045,9.999999747e-05,74044.67969,16.38297653,1.691146938
28.39999962,0,77.51216482,26.02355315,61.0200583,0.9094730943,190.473402,6.48074007,297.9874878,0,168.2306213,69.57883453,9.999999747e-05,74137.97656,16.38477516,1.709565053
28.60000038,0,77.46601118,26.01981564,61.05834066,0.9091577325,187.3411996,6.478834629,297.9801331,0,176.4447174,68.7966156,9.999999747e-05,74232.24219,16.38936615,1.761153098
28.79999924,0,77.40781563,26.01544061,61.10116055,0.9088088056,183.7591771,6.476667404,297.9695129,0,185.4306488,65.80068207,9.999999747e-05,74327.53125,16.39421082,1.813402758
29,0,77.329538,26.01008069,61.14796258,0.9084266749,179.6174201,6.476265907,297.963501,0,195.284668,61.44688034,9.999999747e-05,74423.96094,16.3973465,1.845329506
29.20000076,0,77.24154609,26.0041621,61.19166615,0.9080339868,175.3820208,6.476034164,297.9567566,0,205.2926331,58.30902481,9.999999747e-05,74521.50781,16.40158844,1.884458288
29.39999962,0,77.1528196,25.99855499,61.23077771,0.9076722955,171.3904824,6.47469759,297.9482422,0,215.3985291,54.66012955,9.999999747e-05,74620.20312,16.40686798,1.925478588
29.60000038,0,77.06192185,25.99326764,61.26645041,0.9073449073,167.6052573,6.477976322,298.2088928,0,225,16.39803886,65.884758,74720.10156,16.40825081,1.934239615
29.79999924,0,76.98331742,25.98526116,61.27217559,0.9069973747,164.4263874,6.481571674,298.1315613,0,225,104.4427872,6.588475704,74819.32031,16.40689278,1.951588649
30,0,77.09776269,25.99265011,61.27714599,0.9073475236,167.6883273,6.487603188,298.0820923,0,225,83.64142609,0.6588475704,74919.33594,16.41073227,1.95286556
30.20000076,0,77.07331322,25.99150596,61.27202387,0.9072459891,166.7580089,6.490270138,298.0437012,0,225,72.0960083,0.06588476151,75019.09375,16.41415787,1.988822306
30.39999962,0,77.05793043,25.99109291,61.28027186,0.9072271527,166.0134926,6.494020939,298.0257263,0,225,62.29889297,0.006588475779,75118.73438,16.41543198,2.002925989
30.60000038,0,77.04859833,25.99066921,61.28297513,0.9072127307,165.4978475,6.500074387,298.0213013,0,225,58.01862717,0.0006588475662,75218.35156,16.41574669,2.007429597
30.79999924,0,77.05070537,25.99057563,61.27770858,0.9072041015,165.3605636,6.504820824,298.0150452,0,225,57.59145737,9.999999747e-05,75317.90625,16.41856575,2.030843126
31,0,77.05534936,25.99079175,61.27621484,0.907218521,165.2465081,6.508451939,298.009552,0,223.5954895,56.26737595,9.999999747e-05,75417.14062,16.42067146,2.052485595
31.20000076,0,77.06982022,25.9916166,61.27727259,0.9072886648,165.4108249,6.511299133,298.0062561,0,220.7380676,54.98697281,9.999999747e-05,75515.82812,16.42224693,2.070759245
31.39999962,0,77.09693424,25.99316548,61.2796272,0.907417433,165.9232568,6.512850285,298.0035095,0,216.7406311,54.24831772,9.999999747e-05,75613.78906,16.42407799,2.09011102
31.60000038,0,77.13418135,25.99538156,61.28473094,0.9076021155,166.6850304,6.511998653,297.9988708,0,212.1244507,53.56136322,9.999999747e-05,75710.92969,16.42675209,2.113317561
31.79999924,0,77.17419169,25.99800066,61.29637455,0.9078360692,167.4504101,6.508849621,297.9934998,0,207.8526611,52.10734558,9.999999747e-05,75807.3125,16.42999458,2.135663526
32,0,77.20587862,26.00039862,61.31533335,0.908084632,167.8916701,6.502261639,297.9850769,0,204.8404388,50.24610519,9.999999747e-05,75903.08594,16.43462181,2.159597282
32.20000076,0,77.21845948,26.00207369,61.34813394,0.908332275,167.633805,6.497337818,297.9843445,0,204.467392,47.13631058,9.999999747e-05,75998.77344,16.43806648,2.174339176
32.40000153,0,77.20747313,26.00215931,61.37956962,0.908484667,166.6886818,6.498696804,297.9960327,0,206.0472565,46.39141846,9.999999747e-05,76094.73438,16.43901634,2.176971921
32.59999847,0,77.19387505,26.00142331,61.391721,0.9085355965,165.8320752,6.502202988,298.0061951,0,207.0683441,49.83763504,9.999999747e-05,76190.78906,16.44062805,2.186082135
32.79999924,0,77.19378034,26.00135661,61.39569284,0.9086031677,165.4053152,6.502557755,298.0036011,0,206.7000275,53.10611343,9.999999747e-05,76286.58594,16.44476128,2.213066933
33,0,77.19856164,26.00201716,61.41014566,0.9087498251,164.9895618,6.500594139,297.9968567,0,206.2070312,52.36755753,9.999999747e-05,76382.125,16.44898415,2.235140527
33.20000076,0,77.19365484,26.00236291,61.43304893,0.908917851,164.2326879,6.497372627,297.9903564,0,206.4968567,50.19790649,9.999999747e-05,76477.53125,16.45325661,2.253522474
33.40000153,0,77.17805519,26.00219527,61.46201013,0.9090829934,163.1336769,6.49635601,297.9906921,0,208.0720367,47.88728714,9.999999747e-05,76573.07812,16.45657539,2.267922572
33.59999847,0,77.15525535,26.00139098,61.48354788,0.9091957892,161.9443128,6.496922493,297.9930725,0,210.0427094,47.6955986,9.999999747e-05,76668.80469,16.45986176,2.282459082
33.79999924,0,77.1345047,26.00061064,61.49941434,0.9092982631,160.8804922,6.499038219,297.9966431,0,211.7885895,48.15827179,9.999999747e-05,76764.70312,16.46290016,2.296767216
34,0,77.11794566,25.99999686,61.50858792,0.9094006105,160.0003358,6.499353886,297.9940186,0,212.6881866,49.11919022,9.999999747e-05,76860.54688,16.46701241,2.314119005
34.20000076,0,77.1063282,25.99988665,61.52516102,0.9095656911,159.140893,6.494475365,297.9821167,0,213.4723663,48.05928802,9.999999747e-05,76956.21875,16.47286797,2.327830704
34.40000153,0,77.08773191,25.9998262,61.56316692,0.9098065555,157.8616995,6.489933014,297.9762878,0,216.2193146,43.7471962,9.999999747e-05,77052.17969,16.47833061,2.341222134
34.59999847,0,77.0516688,25.99872004,61.59784719,0.9099751579,156.2733342,6.483197689,297.968689,0,220.7653503,41.15612411,9.999999747e-05,77148.64844,16.48485756,2.348933371
34.79999924,0,77.00489416,25.99717268,61.63992188,0.9101197923,154.4459205,6.478844166,297.9684448,0,225,37.69083786,9.999999747e-05,77245.63281,16.4896965,2.363507464
35,0,76.96503614,25.99581052,61.66879431,0.9102449298,152.9593749,6.472450733,297.9665527,0,225,36.49153519,9.999999747e-05,77342.23438,16.49341202,2.370359253
35.20000076,0,76.95889738,25.99643433,61.71335135,0.9105836874,151.8776485,6.46913147,297.9717102,0,225,34.65799713,9.999999747e-05,77438.67969,16.49757957,2.388036531
35.40000153,0,76.95454051,25.99698158,61.74343458,0.9108988434,150.9602154,6.46881628,297.9798584,0,225,35.19153214,9.999999747e-05,77534.99219,16.5014534,2.405747086
35.59999847,0,76.95370284,25.99763395,61.7631101,0.9112130271,150.2161613,6.470491409,297.987793,0,225,36.9037056,9.999999747e-05,77631.20312,16.50549889,2.421681261
35.79999924,0,76.95405603,25.99834077,61.77626669,0.9115318936,149.5562789,6.468995094,297.9867859,0,225,38.82067108,9.999999747e-05,77727.1875,16.51095581,2.426814216
36,0,76.9527666,25.99918548,61.80312498,0.9118953552,148.6896393,6.465915203,297.9842224,0,225,37.95554352,9.999999747e-05,77822.95312,16.51634789,2.433754475
36.20000076,0,76.94896656,25.99996693,61.83511868,0.9122756288,147.6993685,6.460297108,297.9797058,0,225,36.59118271,9.999999747e-05,77918.44531,16.5220623,2.436158919
36.40000153,0,76.94498583,26.00082524,61.87626359,0.9126826554,146.5828419,6.45202446,297.9745178,0,225,34.45525742,9.999999747e-05,78013.63281,16.52796555,2.435690725
36.59999847,0,76.94109596,26.00170776,61.92504786,0.9130990625,145.3703833,6.444158077,297.9737244,0,225,31.94445992,9.999999747e-05,78108.5625,16.53335381,2.444818622
36.79999924,0,76.93837297,26.00255755,61.96984242,0.9135056557,144.2180312,6.43954134,297.9788208,0,225,30.75425529,9.999999747e-05,78203.3125,16.5381546,2.465116884
37,0,76.93799646,26.00347104,62.0039614,0.9139210873,143.2060515,6.428620815,297.9730835,0,225,31.53359795,9.999999747e-05,78297.69531,16.54456329,2.447075323
37.20000076,0,76.93828751,26.00441691,62.05450702,0.914303585,142.0565238,6.416932583,297.9706726,0,225,28.7183342,9.999999747e-05,78391.80469,16.54985237,2.448661239
37.40000153,0,76.93685137,26.00502808,62.09827668,0.9146148481,141.000683,6.403256893,297.9680786,0,225,26.91782188,9.999999747e-05,78485.625,16.55470276,2.443035597
37.59999847,0,76.93605346,26.00540773,62.13868047,0.9148401816,140.0651411,6.394780636,297.9749756,0,225,24.94154358,9.999999747e-05,78579.35156,16.55792809,2.473816679
37.79999924,0,76.93692065,26.00587439,62.165599,0.9151068984,139.2611649,6.391907692,297.9863892,0,225,26.14057541,9.999999747e-05,78673.03125,16.56133461,2.50798136
38,0,76.94114067,26.00681561,62.18797452,0.9155001375,138.4465537,6.382302284,297.9823303,0,225,29.08862877,9.999999747e-05,78766.375,16.56729889,2.481469499
38.20000076,0,76.94277412,26.00724654,62.21138922,0.915691107,137.7573451,6.375339031,297.9848022,0,225,27.09523201,9.999999747e-05,78859.61719,16.5705471,2.501170539
38.40000153,0,76.94283506,26.00756773,62.22720755,0.9158957631,137.1315118,6.369608402,297.9878845,0,225,27.31988907,9.999999747e-05,78952.75,16.574049,2.514444789
38.59999847,0,76.94441289,26.00804181,62.24252203,0.9161277943,136.5115578,6.364855766,297.9907837,0,225,27.78837967,9.999999747e-05,79045.77344,16.57778358,2.526728517
38.79999924,0,76.94621584,26.0085881,62.25662103,0.9163746894,135.8983726,6.358095169,297.9891968,0,225,28.31303596,9.999999747e-05,79138.60938,16.58192253,2.521764209
39,0,76.94633226,26.00879594,62.26569128,0.916502117,135.4283341,6.350644112,297.9875793,0,225,27.39352798,9.999999747e-05,79231.32031,16.58498573,2.523167969
39.20000076,0,76.94497185,26.00871655,62.26953746,0.916547223,135.0839165,6.34160614,297.9847412,0,225,26.44854927,9.999999747e-05,79323.90625,16.58746719,2.517923774
39.40000153,0,76.9420025,26.00821466,62.26606464,0.9164573976,134.9286846,6.336242199,297.9890442,0,225,25.01163673,9.999999747e-05,79416.53906,16.58849335,2.547027225
39.59999847,0,76.94165627,26.00821253,62.26916825,0.9165346267,134.6018047,6.328228951,297.9870605,0,225,25.94243813,9.999999747e-05,79509.02344,16.59127808,2.534981696
39.79999924,0,76.93920713,26.00768816,62.26287386,0.9164154533,134.5209288,6.320301056,297.9865112,0,225,24.82053947,9.999999747e-05,79601.48438,16.59233284,2.540017624
40,0,76.93545783,26.0069381,62.25291103,0.9162387559,134.5413599,6.312113285,297.9860229,0,225,24.16257668,9.999999747e-05,79693.92969,16.59296608,2.542514209
40.20000076,0,76.93115949,26.00599645,62.23990787,0.9159950695,134.6611731,6.303107738,297.9847717,0,225,23.49049377,9.999999747e-05,79786.35938,16.59309006,2.540227063
40.40000153,0,76.92543099,26.00470561,62.2214667,0.9156366401,134.9419897,6.293350697,297.9833069,0,225,22.53329468,9.999999747e-05,79878.80469,16.59231758,2.537488775
40.59999847,0,76.91827506,26.00305644,62.19805566,0.9151631377,135.3839307,6.283808231,297.9832458,0,225,21.46977615,9.999999747e-05,79971.32812,16.59062004,2.5421574
40.79999924,0,76.91112814,26.00130305,62.1747114,0.9146528226,135.8772932,6.274690628,297.9840698,0,225,20.83466148,9.999999747e-05,80063.94531,16.5886364,2.548798094
41,0,76.9045635,25.99954499,62.15347891,0.9141288547,136.3809906,6.268038273,297.9883423,0,225,20.49225235,9.999999747e-05,80156.71875,16.58654594,2.57388087
41.20000076,0,76.90142551,25.99833886,62.14411115,0.913765877,136.6571833,6.262398243,297.9917297,0,225,21.35883141,9.999999747e-05,80249.57031,16.58574677,2.587490028
41.40000153,0,76.89987245,25.99736881,62.14070078,0.9134505627,136.8473294,6.256302357,297.9923706,0,225,22.06081772,9.999999747e-05,80342.42969,16.58535767,2.588190098
41.59999847,0,76.89760365,25.99620566,62.13654755,0.9130525146,137.1298596,6.248977661,297.990509,0,225,21.94184685,9.999999747e-05,80435.30469,16.58431435,2.580914721
41.79999924,0,76.89382885,25.99461395,62.1290832,0.9125031348,137.5956941,6.239590168,297.9863281,0,225,21.01294708,9.999999747e-05,80528.1875,16.58208656,2.563756071
42,0,76.8881297,25.99237385,62.11661181,0.9117333712,138.3261737,6.231793404,297.9872131,0,225,19.23063278,9.999999747e-05,80621.25781,16.57821655,2.582253191
42.20000076,0,76.88575696,25.99048028,62.11490291,0.9110757397,138.8840339,6.224234104,297.9879761,0,225,19.05167007,9.999999747e-05,80714.42969,16.57522583,2.588045109
42.40000153,0,76.88535363,25.98865557,62.11983581,0.910413781,139.3998703,6.219018459,297.992157,0,225,18.83021927,9.999999747e-05,80807.78125,16.5722847,2.616173729
42.59999847,0,76.88878448,25.98739884,62.13710535,0.9099262447,139.6614132,6.212288857,297.9913025,0,225,19.81313515,9.999999747e-05,80901.11719,16.57057953,2.604460159
42.79999924,0,76.89191149,25.98575253,62.15521662,0.9092733425,140.0810534,6.20497179,297.9898682,0,225,19.18976402,9.999999747e-05,80994.50781,16.5676384,2.6011566
43,0,76.89583477,25.98389186,62.17690915,0.9085387563,140.5667337,6.196542263,297.9873657,0,225,18.37915611,9.999999747e-05,81087.95312,16.56402588,2.59107859
43.20000076,0,76.90095308,25.98174305,62.20325258,0.9076895699,141.1390282,6.187479019,297.9853516,0,225,17.14414215,9.999999747e-05,81181.47656,16.55957603,2.585402461
43.40000153,0,76.90816189,25.97944782,62.23662724,0.9067769224,141.7292214,6.179269791,297.986145,0,225,15.99250412,9.999999747e-05,81275.13281,16.55476189,2.597744585
43.59999847,0,76.91868234,25.97736665,62.27996708,0.9059262418,142.1885829,6.171369553,297.9871521,0,225,15.73205662,9.999999747e-05,81368.88281,16.55042267,2.604022742
43.79999924,0,76.9319949,25.97538536,62.33238745,0.9050882121,142.5700247,6.163024902,297.9869385,0,225,15.55515575,9.999999747e-05,81462.67969,16.54613495,2.600522105
44,0,76.94761192,25.97333819,62.3927002,0.9042068649,142.9396604,6.156867504,297.9908447,0,225,14.99385071,9.999999747e-05,81556.625,16.54180336,2.631781643
44.20000076,0,76.96644799,25.97171707,62.46145354,0.9034717964,143.1029996,6.151212692,297.9933472,0,225,15.85022449,9.999999747e-05,81650.60938,16.53843307,2.642166611
44.40000153,0,76.98759749,25.97020449,62.53770992,0.9027509587,143.1965708,6.146367073,297.9957581,0,225,16.34262657,9.999999747e-05,81744.64844,16.53522873,2.656823669
44.59999847,0,77.01089005,25.96881897,62.61998074,0.902063829,143.2134581,6.143191338,297.9996338,0,225,16.90977287,9.999999747e-05,81838.75,16.53241158,2.683607613
44.79999924,0,77.03630073,25.96769873,62.70756422,0.9014634797,143.1035459,6.14208889,298.0048218,0,225,18.07159996,9.999999747e-05,81932.91406,16.53033257,2.716296924
45,0,77.06344092,25.96690975,62.79923866,0.9009719937,142.8519482,6.143035889,298.010437,0,225,19.81609917,9.999999747e-05,82027.10938,16.52909088,2.748718517
45.20000076,0,77.09168295,25.96646049,62.89322103,0.9005918376,142.4686924,6.145195961,298.0144653,0,225,21.89329529,9.999999747e-05,82121.28906,16.52858734,2.770328476
45.40000153,0,77.12051263,25.96623334,62.98844266,0.9002776748,142.007446,6.146778584,298.0140381,0,225,23.63437653,9.999999747e-05,82215.35938,16.52833939,2.769104117
45.59999847,0,77.15027293,25.96591436,63.08641823,0.8999097541,141.5790525,6.14994669,298.0158386,0,225,23.99742317,9.999999747e-05,82309.41406,16.52799988,2.795124751
45.79999924,0,77.17988119,25.96587559,63.18276444,0.8996548324,141.0458013,6.152740955,298.014679,0,225,25.15213966,9.999999747e-05,82403.35938,16.52821922,2.796606706
46,0,77.21018775,25.96580485,63.28148867,0.8993688808,140.5223753,6.15994215,298.0217896,0,225,25.33061028,9.999999747e-05,82497.375,16.52897072,2.856537181
46.20000076,0,77.23588463,25.9666775,63.36665193,0.8994754468,139.6960048,6.165063858,298.0195007,0,225,28.34409332,9.999999747e-05,82591.15625,16.53164673,2.838081418
46.40000153,0,77.26269495,25.96729792,63.45767873,0.8994277022,138.9749848,6.170278072,298.0171509,0,225,28.32126617,9.999999747e-05,82684.79688,16.53349686,2.844929412
46.59999847,0,77.28824199,25.96797791,63.54492053,0.8994225657,138.237793,6.177068233,298.0178223,0,225,28.25463486,9.999999747e-05,82778.35156,16.5359478,2.869882451
46.79999924,0,77.30938682,25.96916203,63.62223518,0.899630809,137.3512146,6.183365345,298.0157776,0,225,29.14221382,9.999999747e-05,82871.71875,16.53964424,2.869955577
47,0,77.32934259,25.97039422,63.69922055,0.8998386011,136.4591703,6.187610626,298.009491,0,225,29.10536194,9.999999747e-05,82964.82031,16.54300499,2.850586403
47.20000076,0,77.35246901,25.9711243,63.78454639,0.8998369724,135.7152968,6.191993713,298.0058289,0,225,27.5420208,9.999999747e-05,83057.78125,16.545187,2.857756836
47.40000153,0,77.37398674,25.97189424,63.86545964,0.8998883299,134.9507683,6.195920467,298.002533,0,225,26.68192863,9.999999747e-05,83150.57031,16.54765511,2.857708947
47.59999847,0,77.39566397,25.97257235,63.94768061,0.8999055693,134.2069599,6.19764328,297.9963989,0,225,25.78864098,9.999999747e-05,83243.125,16.54942322,2.835066019
47.79999924,113.1701577,96.08521943,24.56068836,67.11234075,0.9346494051,106.1510953,6.195268154,298.0162354,0,225,23.79885864,9.999999747e-05,83311.125,16.76570129,2.923882518
48,113.6722913,96.16603703,24.59693477,66.94237865,0.9362387165,106.3615161,6.194214344,298.0274353,0,225,30.55038261,9.999999747e-05,83379.15625,16.77715302,2.943598382
48.20000076,111.3087545,96.36872929,24.56718952,67.0416851,0.9369901978,105.3244306,6.194110394,298.0333862,0,225,34.87255096,9.999999747e-05,83447.55469,16.78347778,2.959046391
48.40000153,109.7604523,96.53302823,24.54961746,67.10982918,0.9373840786,104.5704801,6.190185547,298.0245972,0,225,37.87095642,9.999999747e-05,83515.97656,16.79038811,2.936441794
48.59999847,110.8831951,96.49917074,24.53121589,67.12509911,0.9369360036,104.4756694,6.187476158,298.0213013,0,225,36.04744339,9.999999747e-05,83584.20312,16.78769112,2.954061745
48.79999924,111.4470402,96.4859866,24.50866155,67.15141024,0.93656717,104.227656,6.188575268,298.0271301,0,225,35.89538193,9.999999747e-05,83652.44531,16.78360939,2.992953216
49,110.0655872,96.64086628,24.49422425,67.21041197,0.9367664185,103.5492511,6.190870762,298.0312805,0,225,38.73645782,9.999999747e-05,83720.92969,16.78503227,3.010559233
49.20000076,108.5792072,96.83608718,24.49233693,67.26031594,0.9370211596,102.9276947,6.19700861,298.0415039,0,225,41.1396904,9.999999747e-05,83789.83594,16.78434753,3.042294016
49.40000153,105.8498568,97.15022998,24.50586879,67.31622086,0.9375910299,102.0875973,6.200942993,298.039032,0,225,45.80773163,9.999999747e-05,83859.10938,16.78993797,3.040347067
49.59999847,105.0946674,97.34673,24.52967616,67.32347232,0.9375856004,101.8118305,6.206664562,298.0404053,0,225,46.43160248,9.999999747e-05,83928.64062,16.78812408,3.06007058
49.79999924,103.946238,97.56878061,24.55836776,67.32782576,0.9375941164,101.4662826,6.212996006,298.0406494,0,225,48.39045715,9.999999747e-05,83998.42188,16.78702164,3.073092216
50,102.8687509,97.79878309,24.59647014,67.32046865,0.9375726011,101.1877678,6.221108437,298.0435181,0,225,49.97572327,9.999999747e-05,84068.53125,16.78447342,3.090615616
50.20000076,101.4359763,98.06187165,24.64776539,67.30170681,0.9376246211,100.8883518,6.23218441,298.0511169,0,225,52.49094391,9.999999747e-05,84139.09375,16.78096008,3.108660418
50.40000153,99.33250302,98.38256042,24.72322058,67.26357752,0.9378615184,100.5353302,6.245147228,298.0585022,0,225,56.72687912,9.999999747e-05,84210.19531,16.77886581,3.120209363
50.59999847,97.40426696,98.70380338,24.82664312,67.18334815,0.9380476863,100.3555976,6.257889271,298.0596619,0,225,61.12936783,9.999999747e-05,84281.75,16.77743149,3.129418961
50.79999924,96.58351664,98.96031291,24.94639033,67.05675674,0.9378626773,100.5286592,6.2688694,298.0527039,0,225,63.66667938,9.999999747e-05,84353.52344,16.7742424,3.137931002
51,97.0320695,99.1345208,25.06366658,66.9060322,0.9372088645,101.0177818,6.280086517,298.0470886,0,225,63.49577713,9.999999747e-05,84425.39062,16.76594925,3.149314816
51.20000076,97.61569854,99.27760816,25.18292525,66.74636477,0.9364519094,101.5598606,6.290645123,298.0399475,0,225,63.58642578,9.999999747e-05,84497.28125,16.75767517,3.159503525
51.40000153,98.40928909,99.39600943,25.29986998,66.58324364,0.9356403299,102.1357327,6.303324699,298.0401306,0,225,62.93496704,9.999999747e-05,84569.28125,16.74670792,3.172911869
51.59999847,98.75231648,99.51204835,25.43412408,66.40050631,0.9349921512,102.668342,6.316847801,298.0411072,0,225,64.54436493,9.999999747e-05,84641.41406,16.73766136,3.183806726
51.79999924,99.11232595,99.61394155,25.5811526,66.19433588,0.9344086082,103.2188221,6.329780579,298.0386658,0,225,66.38815308,9.999999747e-05,84713.61719,16.73008919,3.194882535
52,99.89705264,99.68422491,25.72604993,65.97826429,0.9337154938,103.8588858,6.34183836,298.0335693,0,225,67.07743835,9.999999747e-05,84785.8125,16.72203445,3.206325167
52.20000076,101.0298798,99.72246183,25.86150914,65.76635884,0.9329086047,104.566045,6.353485584,298.0284729,0,225,66.78582764,9.999999747e-05,84857.94531,16.71301079,3.218242736
52.40000153,102.2919508,99.73294668,25.98907797,65.56138898,0.9320761455,105.2911208,6.367912292,298.0330811,0,225,66.33136749,9.999999747e-05,84930.13281,16.70107651,3.22964915
52.59999847,103.3938567,99.68668635,26.13441227,65.32921404,0.9313931783,106.035105,6.385359287,298.0458069,0,225,69.02368927,9.999999747e-05,85002.4375,16.68929291,3.232538894
52.79999924,104.5239112,99.55832036,26.29887829,65.05580922,0.9309077488,106.7654227,6.401495934,298.0494385,0,225,74.6190033,9.999999747e-05,85074.61719,16.68347549,3.248825957
53,106.1103437,99.41582216,26.44801871,64.78226519,0.9303823804,107.4741047,6.41740036,298.0516357,0,225,77.49165344,9.999999747e-05,85146.64844,16.67623329,3.261934872
53.20000076,108.2897962,99.20480149,26.58166043,64.51899126,0.9296781888,108.3621155,6.431557655,298.0467834,0,225,80.07967377,9.999999747e-05,85218.32812,16.67019463,3.281927998
53.40000153,110.6905767,98.9948317,26.69205068,64.28397079,0.9288947797,109.2438099,6.444297314,298.0389099,0,225,80.32566071,9.999999747e-05,85289.63281,16.66368675,3.300527593
53.59999847,113.2810435,98.77474877,26.78108314,64.08175966,0.9280122665,110.1952215,6.457193375,298.036438,0,225,79.40148163,9.999999747e-05,85360.63281,16.65497208,3.315535941
53.79999924,116.0433962,98.47962519,26.85642252,63.89812366,0.9271472831,111.1948342,6.468055248,298.0273743,0,225,80.07009125,9.999999747e-05,85431.14062,16.65020943,3.33588702
54,118.5323982,98.24283751,26.91491872,63.74032728,0.9263858695,112.0188355,6.477543354,298.0173645,0,225,78.32415771,9.999999747e-05,85501.21875,16.64551544,3.353263809
54.20000076,121.0263933,98.01724037,26.95900074,63.6115528,0.9255709223,112.8977562,6.487110138,298.0137329,0,225,75.96342468,9.999999747e-05,85570.98438,16.63892937,3.370752082
54.40000153,123.5788044,97.73189521,26.99403929,63.49759666,0.9247986006,113.7880025,6.496332169,298.0125732,0,225,75.44283295,9.999999747e-05,85640.38281,16.63380623,3.388694991
54.59999847,125.9631616,97.43430387,27.02196623,63.39206445,0.9241691235,114.541919,6.504964828,298.0118713,0,225,75.5812149,9.999999747e-05,85709.39844,16.63038445,3.406916832
54.79999924,128.235054,97.14273962,27.043446,63.2961661,0.9236120944,115.2251008,6.51328373,298.0150146,0,223.5351868,75.8189621,9.999999747e-05,85777.78906,16.6259613,3.425764925
55,129.2136716,97.06492516,27.08147411,63.24609732,0.9233100515,115.4984381,6.520036221,298.0171509,0,218.7421112,77.35707855,9.999999747e-05,85845.04688,16.62142944,3.440880921
55.20000076,127.0394857,97.56764418,27.16697399,63.29099425,0.9235895772,114.7115125,6.524095058,298.0162659,0,211.2521362,78.63479614,9.999999747e-05,85911.14844,16.61673355,3.446966832
55.40000153,122.3862015,98.56632926,27.29323426,63.42824932,0.924311652,113.0054836,6.525760651,298.0186768,0,202.1423798,78.94792938,9.999999747e-05,85976.28125,16.60999489,3.446457646
55.59999847,116.5827909,99.80397775,27.44567735,63.63619298,0.9253307797,110.6659848,6.526174545,298.0313721,0,192.3656464,80.39812469,9.999999747e-05,86040.59375,16.60113144,3.434024378
55.79999924,110.7056331,101.03646,27.6110896,63.8800949,0.9266653283,107.8392116,6.523916721,298.0418701,0,182.4198608,85.46028137,9.999999747e-05,86103.82812,16.59699631,3.422424509
56,104.7261496,102.3179232,27.78427017,64.14312283,0.9284072412,104.3736694,6.519968987,298.0549316,0,173.3818359,90.17050934,9.999999747e-05,86166.14844,16.59461212,3.400366896
56.20000076,99.69864952,103.451018,27.94325427,64.3992279,0.930215746,100.8929288,6.515032768,298.070282,0,165.9199066,96.16551971,9.999999747e-05,86227.65625,16.59406281,3.372347224
56.40000153,95.63550308,104.3779659,28.07530815,64.62693301,0.9320199744,97.5980537,6.508282661,298.0770264,0,160.4302521,103.424736,9.999999747e-05,86288.40625,16.59923744,3.373552152
56.59999847,92.17767103,105.1859138,28.17203912,64.82321573,0.9336046868,94.68093219,6.503000259,298.0927429,0,157.6435242,108.272522,9.999999747e-05,86349.08594,15.92685699,3.331474881
56.79999924,94.83912934,101.1741438,27.91652648,65.57751781,0.9247540832,91.23747392,6.497796059,298.081665,0,156.9591675,116.5267258,9.999999747e-05,86407.11719,15.32348728,3.504740506
57,100.0428302,97.61747013,27.67127168,66.30167412,0.9135729416,95.35832925,6.494187355,298.0591431,0,158.3609009,116.0653763,9.999999747e-05,86464.19531,15.28209305,3.588059414
57.20000076,100.2342816,97.44656032,27.62513424,66.39804499,0.9120618854,95.70853498,6.493072987,298.0488281,0,161.2012024,111.4378891,9.999999747e-05,86521.95312,15.25046062,3.612361603
57.40000153,101.1118553,97.14489778,27.56782909,66.44580708,0.9105705997,96.94837426,6.493511677,298.0414429,0,164.4840851,110.2747955,9.999999747e-05,86580.40625,15.2282505,3.634315113
57.59999847,102.1282652,96.81330749,27.51204481,66.46557523,0.9092817635,98.27344355,6.494254112,298.0290222,0,167.5943451,109.6287689,9.999999747e-05,86639.42969,15.21735001,3.650907
57.79999924,103.2366751,96.541745,27.46393496,66.4621031,0.908227299,99.37267462,6.495919704,298.0191345,0,170.4116211,106.9560242,9.999999747e-05,86698.96875,15.2006073,3.669693355
58,104.7512081,96.21571716,27.42168176,66.44766607,0.9071284833,100.6352344,6.498631954,298.0140991,0,172.5606079,104.7301636,9.999999747e-05,86758.86719,15.18017101,3.69144639
58.20000076,106.3314643,95.87943714,27.39174186,66.42833474,0.9061222068,101.7945616,6.501307487,298.0075989,0,173.6242523,103.7799377,9.999999747e-05,86818.78906,15.16623211,3.706479816
58.40000153,107.5018254,95.66699699,27.37965965,66.40894515,0.90542305,102.3687019,6.50298357,297.9961853,0,173.6210632,102.1051025,9.999999747e-05,86878.46875,15.15786934,3.711395189
58.59999847,108.2127814,95.60257346,27.38177784,66.39879808,0.9049648177,102.3494733,6.504619598,297.9899597,0,172.9506226,98.50287628,9.999999747e-05,86937.86719,15.13836956,3.726986134
58.79999924,108.8392425,95.52721454,27.38990847,66.40902055,0.9044089644,102.2972577,6.505182743,297.98172,0,171.6227722,96.29348755,9.999999747e-05,86996.78125,15.12567425,3.730740607
59,108.9150055,95.57858963,27.40620304,66.43052226,0.9040918983,101.7063249,6.505378246,297.9775085,0,170.0731201,93.12426758,9.999999747e-05,87055.27344,15.10615921,3.742925313
59.20000076,108.9107643,95.61890602,27.4226126,66.4673191,0.9037014485,101.1249103,6.504933834,297.9743652,0,168.4430084,91.04433441,9.999999747e-05,87113.30469,15.08869934,3.750935734
59.40000153,108.6547595,95.69908067,27.43908677,66.51236275,0.9033858718,100.3728783,6.504925728,297.9782104,0,166.9915619,89.15428162,9.999999747e-05,87171.03125,15.06243229,3.772855716
59.59999847,108.4732461,95.7089463,27.45213936,66.56696812,0.9029237772,99.86001466,6.505549908,297.9881592,0,165.5399628,89.54164124,9.999999747e-05,87228.47656,15.03336239,3.798414246
59.79999924,108.1595197,95.69835135,27.46677324,66.62737054,0.9024550836,99.35362345,6.506637096,298.0023193,0,163.8378448,92.12875366,9.999999747e-05,87285.625,15.00364208,3.823780121
60,107.6714046,95.69982268,27.48630456,66.69172804,0.9020456881,98.71423783,6.506100655,298.0051575,0,161.7015228,96.49359131,9.999999747e-05,87342.20312,14.99408627,3.820958518
60.20000076,106.6604367,95.89577808,27.51398987,66.74993549,0.9020348274,97.29485117,6.504938126,298.0067444,0,159.786499,97.44908905,9.999999747e-05,87398.35938,14.97500229,3.829955343
60.40000153,106.0347857,96.02188065,27.53344406,66.81179334,0.9017997025,96.22612199,6.503481865,298.0080566,0,158.3333435,98.16717529,9.999999747e-05,87454.16406,14.95441914,3.841127863
60.59999847,105.5465251,96.10851709,27.5448887,66.87404735,0.9014675042,95.39666693,6.500453949,297.9993896,0,157.4616241,98.86127472,9.999999747e-05,87509.625,14.94850349,3.82867845
60.79999924,104.9512829,96.26664638,27.54747976,66.92890514,0.9012586359,94.44259852,6.49688673,297.9885254,0,157.8052826,96.16641235,9.999999747e-05,87565.05469,14.93791866,3.824361174
61,104.9247483,96.29838755,27.52754587,66.97742083,0.9007570671,94.29447027,6.495337486,297.9880981,0,159.5725098,92.46598053,9.999999747e-05,87620.92969,14.91103649,3.85400922
61.20000076,105.6042206,96.08100258,27.48794208,67.02073498,0.8998004947,95.36807938,6.495456219,297.9916992,0,161.9512482,91.96541595,9.999999747e-05,87677.36719,14.88928413,3.877548047
61.40000153,106.3317308,95.81569633,27.44697178,67.05099595,0.8988683013,96.66065539,6.496087551,297.9916382,0,164.2834473,92.76281738,9.999999747e-05,87734.3125,14.87848854,3.883368506
61.59999847,107.0380147,95.59658148,27.41151657,67.06242372,0.898134927,97.72480623,6.497376442,297.9910889,0,166.3667908,92.4072113,9.999999747e-05,87791.6875,14.865448,3.893925435
61.79999924,107.9944919,95.35303713,27.38095008,67.06149551,0.8974053826,98.82501583,6.500257969,297.9981689,0,167.9339752,91.90093994,9.999999747e-05,87849.46094,14.83974743,3.928735759
62,109.1768612,95.03254743,27.35917034,67.06068136,0.8965368462,100.0895446,6.502838612,298.0000916,0,168.3453827,94.01679993,9.999999747e-05,87907.21875,14.82911587,3.93227701
62.20000076,109.6661173,94.90853364,27.35773882,67.05789461,0.8960937079,100.3583236,6.505725861,298.006012,0,167.7306519,94.56041718,9.999999747e-05,87964.83594,14.80601692,3.957229931
62.40000153,110.106027,94.78797669,27.36792015,67.06897125,0.8955700988,100.4652233,6.508108616,298.0110474,0,165.9591522,96.59009552,9.999999747e-05,88022.00781,14.78652287,3.970706649
62.59999847,109.9316511,94.81048455,27.39451782,67.094459,0.8952729216,99.80308815,6.508961201,298.009491,0,163.2370605,98.50640869,9.999999747e-05,88078.46875,14.77458763,3.964331602
62.79999924,109.1990223,95.00203126,27.43370889,67.13048312,0.8952478484,98.30273032,6.509185314,298.0112,0,160.1774139,98.34951019,9.999999747e-05,88134.23438,14.74957085,3.98149097
63,108.6055582,95.15748465,27.47213985,67.18095031,0.8950612992,96.91535277,6.509177685,298.0180969,0,157.0253601,99.30677032,9.999999747e-05,88189.30469,14.71877098,4.00789036
63.20000076,107.9603275,95.29859549,27.50970519,67.24301049,0.8948169366,95.57122631,6.509174347,298.0308228,0,153.8750153,102.0909271,9.999999747e-05,88243.72656,14.6838398,4.040255281
63.40000153,107.2778689,95.42276161,27.54610748,67.31326362,0.8945405068,94.32225678,6.508095264,298.0380859,0,150.725235,107.1085358,9.999999747e-05,88297.40625,14.66323757,4.045532818
63.59999847,106.2185959,95.66048779,27.58547,67.38294676,0.8945194557,92.56115135,6.505770206,298.0385742,0,148.0107117,110.6702805,9.999999747e-05,88350.40625,14.64676571,4.04293876
63.79999924,105.2775787,95.90351818,27.61696404,67.44874691,0.8944872131,90.83920344,6.501568794,298.0265808,0,146.2268219,112.2113037,9.999999747e-05,88402.8125,14.64214802,4.016939223
64,104.4269603,96.16152839,27.63333081,67.50780491,0.8944386847,89.16571307,6.496664047,298.0108337,0,146.1256409,109.5193558,9.999999747e-05,88455.02344,14.63224316,4.003441729
64.19999695,104.3149855,96.23821159,27.61796072,67.55750479,0.8939981409,88.66627614,6.49285841,297.9998474,0,147.9827576,105.1773605,9.999999747e-05,88507.57031,14.61422062,4.014028316
64.40000153,104.914715,96.08219503,27.57146676,67.60004759,0.8931285878,89.65617467,6.489463806,297.984436,0,151.3562469,101.9096375,9.999999747e-05,88560.75781,14.61176777,3.996250158
64.59999847,105.6740993,95.8814948,27.5067807,67.62710155,0.8922932583,91.11441224,6.486256123,297.9636536,0,156.0897369,96.67071533,9.999999747e-05,88614.88281,14.61803055,3.96282029
64.80000305,107.0717917,95.58757624,27.42229618,67.62319368,0.891491959,93.2533803,6.484367371,297.9447937,0,162.1070099,89.02887726,9.999999747e-05,88670.23438,14.62099075,3.945824269
65,109.4749609,95.11272899,27.32141266,67.58172082,0.8906201048,96.41924066,6.484716892,298.2386169,0,168.8759155,26.70866394,100.532608,88726.92969,14.62143326,3.942190313
65.19999695,92.26111353,96.31567247,27.45578353,68.31436806,0.8900611025,98.6366398,6.485331535,298.1927185,0,175.5019684,126.1467361,10.0532608,88789.1875,14.61604881,3.941034635
65.40000153,107.2794456,93.98402787,27.07965933,67.89623531,0.8880987476,104.6233379,6.488507271,298.1277771,0,181.8884125,117.0557404,1.005326152,88850.21875,14.63851357,3.910278879
65.59999847,112.6407878,93.36203033,27.00139131,67.66557178,0.8874579841,107.0330613,6.492554665,298.0732117,0,186.9969635,102.2259903,0.1005326137,88911.49219,14.64256001,3.895956617
65.80000305,117.1448475,92.84850615,26.96387652,67.46985159,0.8869961504,109.4205191,6.49650526,298.0285034,0,190.4919891,88.67594147,0.01005326118,88972.85156,14.64813709,3.87237795
66,121.1592706,92.43946079,26.94568868,67.27063687,0.8870180497,111.2702928,6.501283169,297.9991455,0,192.4099579,76.40660095,0.001005326165,89034.07812,14.64272308,3.886084896
66.19999695,124.7305766,92.04673288,26.94240242,67.09315129,0.8870322675,112.8753487,6.505606174,297.9778137,0,192.4136963,67.68622589,0.0001005326121,89094.77344,14.64102459,3.879296652
66.40000153,126.7579449,91.87811611,26.95914439,66.96908397,0.8871973532,113.3856217,6.506728172,297.9550171,0,190.6923676,60.51049423,9.999999747e-05,89154.59375,14.65253353,3.813944367
66.59999847,126.9224941,92.05340199,26.98958921,66.91032075,0.8876741457,112.4644796,6.507057667,297.942749,0,188.5312958,51.97642517,9.999999747e-05,89213.76562,14.64223289,3.816998497
66.80000305,127.0176729,92.16053194,27.01573454,66.89713859,0.8877287144,111.779806,6.507527828,298.1271362,0,186.2307587,15.59292698,61.40812302,89272.33594,14.62362957,3.839624837
67,112.1462676,93.5842112,27.1996246,67.59419926,0.8858673315,108.7484755,6.505640507,298.1001892,0,183.7391663,77.14862823,6.14081192,89333.125,14.58942699,3.842900497
67.19999695,118.6502395,92.69917983,27.05014877,67.4269535,0.8851002379,109.5042538,6.504898071,298.0686646,0,182.0106812,71.24093628,0.6140812039,89392.17188,14.57914257,3.851431228
67.40000153,119.8723088,92.7401183,27.06107525,67.3708405,0.8852352052,108.8434756,6.504079819,298.0452576,0,180.5678558,64.317276,0.06140812114,89450.57031,14.56605911,3.861290567
67.59999847,120.1839661,92.84028035,27.07886164,67.36302886,0.8851986506,108.1573318,6.504285812,298.03302,0,179.4561615,59.05935669,0.0061408123,89508.64844,14.54340935,3.900392453
67.80000305,120.753414,92.81490597,27.09033392,67.36098295,0.8848989587,108.0046619,6.50538826,298.0279846,0,178.2586212,56.71017456,0.0006140812184,89566.41406,14.52071285,3.937622606
68,121.0947155,92.78284284,27.10434822,67.36801006,0.8845275148,107.8355266,6.50561142,298.0218201,0,176.6203918,56.29619217,9.999999747e-05,89623.71875,14.51034832,3.929839164
68.19999695,120.6707657,92.90674058,27.12579823,67.39105312,0.8843791676,106.9724359,6.505009651,298.0159607,0,174.8985443,55.26306152,9.999999747e-05,89680.60156,14.49821091,3.926132479
68.40000153,120.1942431,93.04440172,27.14526003,67.42207694,0.8842205422,106.0545722,6.503480911,298.0097961,0,173.4172821,54.1051178,9.999999747e-05,89737.10938,14.48782539,3.916505189
68.59999847,119.7046904,93.18925089,27.15884118,67.45793488,0.8840718544,105.1601815,6.502858639,298.0092773,0,172.5479126,52.6163559,9.999999747e-05,89793.46875,14.46503258,3.951431657
68.80000305,119.8499228,93.1695126,27.16184971,67.48719816,0.8836344181,105.0328028,6.503368378,298.0128784,0,171.9216003,52.85634613,9.999999747e-05,89849.74219,14.44116592,3.990596566
69,120.0556667,93.10356356,27.16440568,67.51503431,0.8830928852,105.1208886,6.503971577,298.0156555,0,171.0906525,54.45049667,9.999999747e-05,89905.82812,14.42495537,4.00285168
69.19999695,119.9034925,93.11256469,27.17291551,67.54575233,0.882673119,104.8589235,6.505571365,298.0223694,0,170.0216675,55.85942078,9.999999747e-05,89961.79688,14.39771557,4.0489521
69.40000153,119.9886452,93.05230695,27.18398487,67.57570954,0.8820823973,104.8500937,6.506671429,298.0261536,0,168.3098602,58.74751663,9.999999747e-05,90017.39062,14.3818264,4.053856895
69.59999847,119.3845915,93.15020911,27.20732399,67.61586248,0.8817363736,104.0610792,6.507687092,298.0309448,0,166.1627808,60.84292984,9.999999747e-05,90072.59375,14.35802078,4.080009811
69.80000305,118.8415202,93.24069462,27.23432399,67.65959497,0.8813373996,103.2417633,6.508829117,298.038208,0,163.6082306,63.44763565,9.999999747e-05,90127.33594,14.32896805,4.118615456
70,118.2170503,93.34168856,27.26612746,67.7105137,0.8808954544,102.3293109,6.507930279,298.0367432,0,160.5960236,67.07514191,9.999999747e-05,90181.34375,14.3211832,4.085925061
70.19999695,116.7212483,93.67584394,27.3087152,67.77234981,0.8808935169,100.2632747,6.505673885,298.0326538,0,157.9505768,67.94646454,9.999999747e-05,90234.75,14.30618286,4.075813016
70.40000153,115.7352745,93.93533003,27.33968983,67.82692503,0.8808182986,98.58177091,6.504384995,298.0360107,0,156.2056427,67.92279816,9.999999747e-05,90287.84375,14.27240276,4.129516702
70.59999847,115.6705515,93.9590023,27.35176078,67.87257642,0.8803168612,98.17964363,6.504951954,298.0487671,0,154.9685669,70.33622742,9.999999747e-05,90340.82031,14.22978115,4.211260372
70.80000305,115.8849369,93.85773824,27.35732841,67.92146036,0.8795047942,98.54045831,6.504864693,298.0544739,0,153.5018768,76.07036591,9.999999747e-05,90393.46875,14.2159481,4.204976833
71,115.039394,93.99667693,27.37708999,67.98192919,0.8791266614,97.69623051,6.504499912,298.058075,0,152.0780792,79.76931763,9.999999747e-05,90445.89062,14.19515991,4.21756096
71.19999695,114.5849866,94.0773336,27.39287037,68.03118661,0.8787068473,97.11784044,6.503027916,298.0540771,0,150.7989502,83.01143646,9.999999747e-05,90497.98438,14.18689919,4.194323435
71.40000153,113.8770235,94.24181344,27.40937597,68.07832659,0.8784988949,96.0703352,6.501407623,298.049469,0,150.1114655,83.7855835,9.999999747e-05,90549.90625,14.16996002,4.199702236
71.59999847,113.8103352,94.27675781,27.41206348,68.11141809,0.8781245809,95.73132038,6.501224995,298.0526428,0,150.0690308,84.253685,9.999999747e-05,90601.89844,14.13809776,4.254475172
71.80000305,114.4219186,94.12430431,27.40126956,68.13722293,0.8773885769,96.51258025,6.500757694,298.0497742,0,150.0943909,87.23064423,9.999999747e-05,90653.85156,14.12996483,4.240933529
72,114.2572784,94.13746852,27.39904927,68.17150851,0.8769571551,96.40676,6.500263214,298.0447388,0,150.3122406,88.19672394,9.999999747e-05,90705.85156,14.11778355,4.239084742
72.19999695,114.4670899,94.09077057,27.3918482,68.19154691,0.876502748,96.57703499,6.499341488,298.0350037,0,150.727005,88.34799957,9.999999747e-05,90757.85156,14.11306667,4.217397368
72.40000153,114.6586674,94.07000376,27.38326413,68.20318605,0.8761866194,96.56689367,6.498240948,298.0231323,0,151.5118256,86.70100403,9.999999747e-05,90809.91406,14.10769176,4.200572832
72.59999847,115.207362,93.99328744,27.36722454,68.20016038,0.8758844136,96.84855091,6.497796059,298.0140381,0,152.7362061,83.99360657,9.999999747e-05,90862.16406,14.09613705,4.207925159
72.80000305,128.1152902,123.6262982,24.78174066,68.92723182,0.6463657733,67.76178259,6.49016428,298.0604858,0,154.1357269,81.80901337,9.999999747e-05,90913.72656,11.77456093,4.396351218
73,155.9396955,129.8581386,24.44162106,68.91466058,0.6043647599,91.58070814,6.482233524,298.0914307,0,158.6136475,98.43073273,9.999999747e-05,90966.9375,11.38177872,4.328967908
73.19999695,166.6452315,129.5962181,24.62893556,68.09860396,0.6072819835,100.7875237,6.476466179,298.1020508,0,166.2418671,111.0275192,9.999999747e-05,91021.30469,11.41298389,4.353804404
73.40000153,166.3826672,129.5314018,24.56185136,68.02119355,0.6085120268,99.13189159,6.473278999,298.0996094,0,176.1689606,117.884407,9.999999747e-05,91077.34375,11.43649006,4.377827872
73.59999847,165.9425387,129.5264734,24.47613997,68.0044724,0.60943868,97.51487504,6.473333359,298.0953369,0,187.3694458,120.7876511,9.999999747e-05,91135.5,11.43991661,4.397826641
73.80000305,166.5328155,129.541948,24.42310706,67.99932313,0.6103095771,97.01218804,6.476142406,298.092926,0,198.5458069,123.0741653,9.999999747e-05,91195.82031,11.43549347,4.41572073
74,168.4730975,129.5475372,24.41524572,67.98936538,0.6113160069,97.6084816,6.480365276,298.0868835,0,208.599762,125.8430328,9.999999747e-05,91257.96875,11.44471836,4.434077941
74.19999695,170.8456145,129.5391237,24.42878323,67.98876355,0.6123888457,98.3932896,6.485816002,298.0889893,0,216.9687653,127.2656631,9.999999747e-05,91321.67969,11.42554379,4.447588543
74.40000153,174.3832933,129.4965835,24.49340784,67.91894025,0.6138090218,100.7413053,6.490944386,298.0778503,0,223.1579437,131.2939453,9.999999747e-05,91386.32031,11.45683861,4.469404227
74.59999847,176.4598492,129.4814916,24.52202058,67.94244155,0.6146358476,101.4130038,6.495306969,298.0592651,0,225,130.7722168,9.999999747e-05,91450.96094,11.47547531,4.48699379
74.80000305,176.7751943,129.5139042,24.53269119,68.00053112,0.6144010196,101.8202904,6.499456882,298.0535278,0,225,127.3627243,9.999999747e-05,91515.78125,11.43798065,4.505319975
75,177.8392991,129.532711,24.57947542,67.98242904,0.6142435789,103.8474325,6.502784252,298.0410461,0,225,127.7447052,9.999999747e-05,91580.72656,11.44309139,4.520579115
75.19999695,178.102367,129.5587922,24.59650879,68.0298817,0.6139260285,104.4087131,6.5058074,298.0376587,0,224.4086609,125.4861984,9.999999747e-05,91645.73438,11.41108608,4.538873351
75.40000153,178.8688342,129.5672038,24.63872405,68.01690729,0.6138272994,106.027153,6.507633686,298.0191345,0,222.6064606,125.9570084,9.999999747e-05,91710.34375,11.43771267,4.547066098
75.59999847,177.7218849,129.6145042,24.62578014,68.12450906,0.612987346,105.369957,6.508896828,298.0054016,0,220.0766296,120.9959183,9.999999747e-05,91774.54688,11.41880226,4.56208264
75.80000305,176.7235124,129.6459911,24.63335763,68.16328621,0.6123202043,105.7849504,6.509969234,298.0041199,0,217.0396423,117.1234741,9.999999747e-05,91838.55469,11.37604713,4.584668558
76,176.6251373,129.6587098,24.66827382,68.16280551,0.6119189023,106.9903039,6.510550022,298.0061951,0,213.572403,116.9851532,9.999999747e-05,91902.16406,11.34989452,4.601647868
76.19999695,176.6276421,129.6679467,24.70075889,68.18545836,0.6115195252,107.7107457,6.510293007,298.0020142,0,209.8739319,117.8612061,9.999999747e-05,91965.08594,11.34796429,4.611091238
76.40000153,175.9515161,129.6795603,24.71200141,68.23935043,0.6110170055,107.4810097,6.509471416,297.9975586,0,206.2793732,116.6383209,9.999999747e-05,92027.33594,11.33417416,4.623227051
76.59999847,175.2672686,129.6752034,24.72786768,68.25837664,0.6107258883,107.430306,6.508588314,298.0003357,0,203.0126343,115.2089081,9.999999747e-05,92089.125,11.30118465,4.644522917
76.80000305,175.2939914,129.6478792,24.7656098,68.22836422,0.6107763486,108.0540961,6.506827354,297.9934692,0,200.0975647,116.1077576,9.999999747e-05,92150.3125,11.31267834,4.64491885
77,174.3861949,129.6278269,24.76735354,68.25293332,0.6106824611,107.1930622,6.505334377,297.9945374,0,197.8896332,113.7259521,9.999999747e-05,92211.13281,11.28247261,4.66779739
77.19999695,174.369347,129.5778568,24.80155249,68.19410986,0.6110502152,107.6568658,6.503675938,297.993866,0,196.2751617,113.9086227,9.999999747e-05,92271.69531,11.27695179,4.678355088
77.40000153,174.1695879,129.5293321,24.82145541,68.16319646,0.6114067672,107.4871217,6.502260685,297.9958801,0,195.3253632,113.4587555,9.999999747e-05,92332.09375,11.26099491,4.695934108
77.59999847,174.3135651,129.4692622,24.85004089,68.10740159,0.6119562673,107.7288349,6.500770569,297.9940491,0,194.9403687,113.9282913,9.999999747e-05,92392.38281,11.26350307,4.702698952
77.80000305,174.1401086,129.4152582,24.8628115,68.07544607,0.6124531734,107.456007,6.499409676,297.9908142,0,195.1524963,113.1335983,9.999999747e-05,92452.66406,11.26301384,4.711023856
78,173.9461748,129.3581602,24.87354665,68.03367442,0.6130364752,107.2918503,6.498810768,297.9943542,0,195.9083405,111.8019409,9.999999747e-05,92513.1875,11.24118233,4.736845889
78.19999695,174.4595133,129.289588,24.90495299,67.95987713,0.6138355925,107.9831666,6.498661518,297.9995117,0,196.9015961,112.7079391,9.999999747e-05,92573.98438,11.23054028,4.755878787
78.40000153,175.1077464,129.2298275,24.93466931,67.90961038,0.6145614709,108.5471961,6.498889923,298.0057068,0,197.9555206,114.2493515,9.999999747e-05,92635.02344,11.21987438,4.774889428
78.59999847,175.9166647,129.1729083,24.96706426,67.86473506,0.6152700098,109.2138749,6.499444962,298.0133667,0,198.9182739,116.3301239,9.999999747e-05,92696.28906,11.20679569,4.795606284
78.80000305,176.9145646,129.1166668,25.00410084,67.82172243,0.6159695593,110.0285597,6.500230312,298.0223999,0,199.6591492,119.1390839,9.999999747e-05,92757.71875,11.19237709,4.81703786
79,178.0738651,129.0607572,25.04520966,67.782031,0.6166446513,110.9358732,6.500830173,298.0241394,0,200.086319,122.6956787,9.999999747e-05,92819.125,11.20064831,4.822554376
79.19999695,178.6034225,129.0285687,25.06582552,67.78561917,0.6169920412,111.0895144,6.501420975,298.0248718,0,200.2747803,124.0667572,9.999999747e-05,92880.5,11.1937952,4.836350283
79.40000153,179.1443891,128.9874815,25.09161374,67.76771182,0.6174083542,111.5489749,6.501783371,298.0204163,0,200.2263031,125.2103882,9.999999747e-05,92941.79688,11.19941616,4.839802515
79.59999847,179.1955497,128.9601194,25.10417315,67.77377692,0.6176200581,111.5368677,6.501299858,298.0013123,0,200.0336456,124.6046753,9.999999747e-05,93002.8125,11.23409176,4.809763405
79.80000305,177.9721271,128.9571699,25.08071887,67.82312016,0.6174860236,110.3628235,6.501270771,297.992981,0,200.0365295,118.8168106,9.999999747e-05,93063.92969,11.20846272,4.837238749
80,177.7862639,128.9049464,25.09865652,67.77309063,0.6179664693,110.9274026,6.500579834,297.9760742,0,200.0466766,116.1346664,9.999999747e-05,93125.03906,11.23465252,4.811759167
80.19999695,176.6351949,128.8854425,25.08206639,67.79809883,0.6180316712,110.0269354,6.499968052,297.9631348,0,200.3369751,110.0999756,9.999999747e-05,93186.22656,11.23136425,4.815063021
80.40000153,175.9302134,128.8366205,25.08272515,67.76791529,0.618468975,109.9529027,6.499777794,297.9573669,0,200.8695068,104.8621063,9.999999747e-05,93247.67969,11.21890259,4.834388572
80.59999847,175.7120141,128.7789082,25.09769227,67.72489365,0.6190514787,110.3264436,6.50015831,297.9599915,0,201.4771118,101.588562,9.999999747e-05,93309.46094,11.19778347,4.866449143
80.80000305,176.0482275,128.7165024,25.12873964,67.67728726,0.6197153759,111.1352786,6.501246929,297.9750977,0,201.9319305,100.9352951,9.999999747e-05,93371.625,11.15640926,4.92139227
81,177.274982,128.6369726,25.18680588,67.6112312,0.6205682128,112.6904414,6.50236702,297.9909668,0,201.950882,104.624321,9.999999747e-05,93433.92188,11.14182377,4.946456311
81.19999695,178.3368628,128.5842609,25.23736853,67.59720227,0.6210545091,113.6203594,6.502771854,297.9907532,0,201.5239716,109.0569305,9.999999747e-05,93495.89062,11.17436504,4.914901982
81.40000153,178.1139565,128.5835597,25.24714927,67.65836981,0.6208750262,113.0672272,6.503017426,297.9898682,0,200.937561,108.5251389,9.999999747e-05,93557.66406,11.16719341,4.920169943
81.59999847,178.1929029,128.5388997,25.27058356,67.65191984,0.6211389762,113.3280706,6.502861977,297.9841919,0,200.2511597,107.8705368,9.999999747e-05,93619.24219,11.17606449,4.908596291
81.80000305,177.7866966,128.5063637,25.28056383,67.66769151,0.6212285129,113.0719876,6.503180981,297.9897156,0,199.6276245,105.5471954,9.999999747e-05,93680.875,11.13921928,4.954701713
82,178.4033377,128.4225064,25.32390756,67.61313216,0.6218831109,114.0807383,6.503855228,298.0061646,0,198.8736267,106.8958282,9.999999747e-05,93742.60938,11.09729004,5.010104391
82.19999695,179.6793885,128.3219597,25.38618111,67.55468703,0.6226657173,115.4181739,6.504596233,298.0304565,0,197.8503265,112.14608,9.999999747e-05,93804.32031,11.05747604,5.059723171
82.40000153,181.4824902,128.2029631,25.46099541,67.4966883,0.623538735,116.8455315,6.505084038,298.0487976,0,196.531662,120.6353912,9.999999747e-05,93865.67188,11.05391121,5.072206146
82.59999847,182.7760078,128.1239189,25.51580332,67.49575227,0.6239085444,117.3621426,6.505431652,298.0693054,0,195.0187225,127.9176102,9.999999747e-05,93926.65625,11.02583694,5.104124431
82.80000305,184.5935125,127.990121,25.58379982,67.44524949,0.6247230769,118.4115389,6.505591393,298.0881653,0,193.3664398,136.6920166,9.999999747e-05,93987.1875,11.01050568,5.12730496
83,186.3200114,127.8573337,25.64591121,67.40897535,0.6254302283,119.1508921,6.505591393,298.1078186,0,191.6503754,145.6366577,9.999999747e-05,94047.22656,10.988451,5.15561548
83.19999695,188.3097164,127.6900498,25.71214286,67.35150843,0.626367603,120.0404875,6.505369663,298.1134644,0,189.9343719,155.5838013,9.999999747e-05,94106.57031,11.00557137,5.150186325
83.40000153,189.2335647,127.5936792,25.74258416,67.36109809,0.626603327,119.8169078,6.505060196,298.1204834,0,188.3072968,161.4318237,9.999999747e-05,94165.39062,10.98514366,5.174401169
83.59999847,190.5293132,127.4277806,25.78711121,67.30729746,0.6274280175,120.3402532,6.504548073,298.1136169,0,186.8035126,168.0669861,9.999999747e-05,94223.60156,11.00580978,5.161943598
83.80000305,190.6325313,127.3442464,25.79435946,67.32610757,0.6275128132,119.7005989,6.503947258,298.1033325,0,185.5050507,170.1628571,9.999999747e-05,94281.35938,11.00262547,5.166545406
84,190.609988,127.2327073,25.80269003,67.3123949,0.6278653379,119.4097411,6.503377914,298.0951538,0,184.4464417,170.9212799,9.999999747e-05,94338.85938,10.99091625,5.183973721
84.19999695,190.6867569,127.1044503,25.81585932,67.28379626,0.6283912182,119.3474432,6.502852917,298.0878906,0,183.6152802,172.0529785,9.999999747e-05,94396.14844,10.98323822,5.198892021
84.40000153,190.780669,126.9781451,25.82763678,67.25817495,0.6289303017,119.2594565,6.501963139,298.0608215,0,182.9940948,173.1752319,9.999999747e-05,94453.02344,11.02462578,5.149816831
84.59999847,189.3624771,126.9596897,25.79059046,67.31714587,0.6286132639,117.7263501,6.501094341,298.0343323,0,182.7299805,167.1861115,9.999999747e-05,94509.76562,11.02392673,5.143942549
84.80000305,188.1578839,126.8912455,25.76712157,67.31428416,0.6288348425,117.056412,6.500380039,298.0115051,0,182.8121796,160.5301819,9.999999747e-05,94566.60938,11.02187824,5.147102057
85,187.1088802,126.8237082,25.748352,67.30438345,0.629159283,116.5887788,6.499687195,297.9879456,0,183.1797028,154.1481934,9.999999747e-05,94623.55469,11.0316534,5.133404726
85.19999695,185.9515083,126.7766175,25.72356681,67.30671621,0.6294036471,115.960607,6.499153614,297.9672852,0,183.8247681,146.6153717,9.999999747e-05,94680.69531,11.03436184,5.12931409
85.40000153,184.9955677,126.72242,25.70436512,67.2938404,0.6298065894,115.6263632,6.49904108,297.9553223,0,184.6828003,139.2110748,9.999999747e-05,94738.16406,11.02298546,5.150830225
85.59999847,184.5387675,126.6526461,25.70126143,67.25993269,0.6304243813,115.8268186,6.499479294,297.9563904,0,185.5849762,134.0127869,9.999999747e-05,94796.07031,10.99615765,5.200371922
85.80000305,184.7603866,126.560921,25.72102329,67.20836069,0.6312450975,116.6085344,6.500166893,297.9636536,0,186.3114166,132.7942657,9.999999747e-05,94854.29688,10.98092461,5.23372833
86,185.1327708,126.4886311,25.74693639,67.1812531,0.6318451325,117.2602509,6.500968933,297.9754333,0,186.7637634,133.6616669,9.999999747e-05,94912.73438,10.96435738,5.265285306
86.19999695,185.752224,126.4048571,25.78131787,67.15557082,0.632441836,117.9837626,6.50154829,297.9762878,0,186.8957825,136.3022461,9.999999747e-05,94971.07031,10.98669243,5.236221233
86.40000153,185.5776021,126.4007889,25.79148012,67.19508018,0.6322960752,117.7379021,6.502288818,297.9907227,0,186.7971954,135.5922852,9.999999747e-05,95029.5625,10.94160175,5.300716241
86.59999847,186.6533938,126.2396868,25.84138451,67.12718529,0.6333289989,118.9566495,6.502914906,298.0016174,0,186.401062,139.6773529,9.999999747e-05,95087.96094,10.944767,5.306731108
86.80000305,187.0621455,126.1752202,25.87455564,67.14024293,0.6334667723,119.1604091,6.503367901,298.0077515,0,185.7554779,142.9772797,9.999999747e-05,95146.13281,10.94472313,5.304283113
87,187.4274586,126.0911882,25.9036772,67.14630839,0.6336571886,119.3035966,6.503538609,298.0036316,0,184.9289093,145.0695648,9.999999747e-05,95203.96094,10.96148396,5.274050478
87.19999695,187.1540687,126.0448192,25.91503392,67.1819276,0.6334803954,118.8993504,6.50369215,298.0053101,0,184.0343018,143.8991089,9.999999747e-05,95261.64844,10.93848228,5.302911527
87.40000153,187.4630635,125.9024756,25.9458341,67.15446601,0.6340194338,119.2877711,6.503941059,298.0276794,0,183.0774994,144.6437225,9.999999747e-05,95319.40625,10.87845516,5.399253543
87.59999847,188.9791821,125.6256523,26.01545405,67.05839141,0.6354691686,120.6678417,6.504015923,298.0327454,0,182.0208435,152.5457458,9.999999747e-05,95376.70312,10.91547108,5.356757923
87.80000305,188.9174388,125.5851453,26.03579126,67.11803704,0.6350428807,120.0280202,6.50405407,298.0491333,0,180.9349518,155.164444,9.999999747e-05,95433.82031,10.8704586,5.415779388
88,190.3179002,125.3049319,26.09355015,67.03620517,0.6363431264,121.025946,6.504022121,298.0588074,0,179.8334351,162.0098724,9.999999747e-05,95490.53125,10.88069344,5.412806486
88.19999695,190.8455077,125.161175,26.12755302,67.04249741,0.6365754288,120.9415606,6.503920078,298.0675354,0,178.744873,167.0684204,9.999999747e-05,95546.89844,10.86994076,5.427379908
88.40000153,191.6869844,124.9467554,26.16512871,67.01050533,0.6372792585,121.2104047,6.503786087,298.0758972,0,177.6971588,172.2119446,9.999999747e-05,95602.91406,10.86235046,5.444089281
88.59999847,192.4639781,124.7329589,26.2008096,66.98192051,0.6379492097,121.4193554,6.503617287,298.0799255,0,176.7028961,177.5598297,9.999999747e-05,95658.55469,10.86384583,5.445700951
88.80000305,193.0223992,124.5402558,26.22728147,66.96656721,0.638450008,121.4074193,6.503449917,298.0871277,0,175.7761536,181.7381592,9.999999747e-05,95713.90625,10.8484211,5.472790675
89,193.8836792,124.2923201,26.26151962,66.9221259,0.639329938,121.7449745,6.503294468,298.093811,0,174.9161072,187.1821289,9.999999747e-05,95768.94531,10.84368038,5.488360424
89.19999695,194.6604636,124.0641153,26.29132878,66.89040523,0.6400558315,121.9220586,6.503089905,298.085022,0,174.1182556,192.7030334,9.999999747e-05,95823.50781,10.87088966,5.446881284
89.40000153,194.523192,123.9453579,26.29086511,66.9155854,0.6400291382,121.2831686,6.502747536,298.0637817,0,173.4025116,193.1452026,9.999999747e-05,95877.64844,10.89089489,5.402659632
89.59999847,193.7802637,123.8457047,26.27481083,66.94695636,0.6399221743,120.4557654,6.502446651,298.0455322,0,172.8240356,189.0647125,9.999999747e-05,95931.64062,10.88243866,5.409022797
89.80000305,193.225222,123.7023505,26.26964188,66.94441015,0.6402309513,120.1328295,6.502400875,298.0498962,0,172.3652039,185.3240356,9.999999747e-05,95985.78125,10.83292294,5.498471783
90,193.9035296,123.4249542,26.30378656,66.8676611,0.6415012123,120.9451654,6.502392292,298.0501404,0,171.9239655,188.6707764,9.999999747e-05,96039.77344,10.84284115,5.495112121
90.19999695,194.0077544,123.2899232,26.31727066,66.87093742,0.6417403235,120.7794963,6.50241518,298.0532532,0,171.486969,190.597641,9.999999747e-05,96093.61719,10.82964516,5.516341931
90.40000153,194.534052,123.0792038,26.33960127,66.83664502,0.6424749138,121.0515377,6.502485275,298.0619812,0,171.0407104,193.5457611,9.999999747e-05,96147.35156,10.81392765,5.550588948
90.59999847,195.2762565,122.8493596,26.36976964,66.79469008,0.6433098493,121.4701413,6.502569675,298.0767517,0,170.566452,198.535965,9.999999747e-05,96200.96094,10.79657364,5.589259163
90.80000305,196.3703601,122.5825267,26.40776739,66.73969098,0.644328951,122.0553422,6.50268507,298.0765686,0,170.058548,205.8921356,9.999999747e-05,96254.16406,10.82360363,5.549933288
91,196.6041746,122.4571972,26.41578331,66.75475608,0.6443624895,121.7133956,6.502670765,298.0565186,0,169.5043793,208.5881653,9.999999747e-05,96306.91406,10.85581398,5.47967942
91.19999695,195.9539714,122.3832279,26.39764107,66.80009544,0.6440202927,120.8418703,6.502567291,298.0324097,0,168.9564819,204.5475464,9.999999747e-05,96359.42188,10.85997391,5.455986373
91.40000153,195.1187364,122.280388,26.3823243,66.82613232,0.6439520423,120.2299693,6.502260208,297.9998779,0,168.4497681,198.5005951,9.999999747e-05,96411.70312,10.87886524,5.405599227
91.59999847,193.7198208,122.2309626,26.35372475,66.88098795,0.6435532022,119.2038015,6.501939297,297.9711304,0,168.0664368,188.6729431,9.999999747e-05,96463.94531,10.87431335,5.397681997
91.80000305,192.6036287,122.1374223,26.33498321,66.90253725,0.6436013808,118.6388697,6.501786232,297.9523621,0,167.8107147,178.9892883,9.999999747e-05,96516.27344,10.85931015,5.421135606
92,191.870732,122.027535,26.32994444,66.90363288,0.6438845835,118.4602354,6.501638412,297.9354553,0,167.6156158,171.6507416,9.999999747e-05,96568.60938,10.86125088,5.412362797
92.19999695,191.0570868,121.958142,26.32277282,66.9234484,0.6439174026,118.0850599,6.501511097,298.3955078,0,167.4802856,51.495224,184.9421234,96620.84375,10.86376762,5.388661834
92.40000153,168.9457741,123.8657223,26.96999308,67.47194497,0.6321673027,122.8021397,6.500001907,298.3847961,0,167.3957672,207.9175262,18.4942112,96679.03125,10.73909092,5.409765762
92.59999847,199.2177552,120.9863936,26.98422686,66.51861536,0.6487726775,126.0139325,6.500556469,298.3486633,0,167.9195404,215.6085968,1.849421144,96731.21875,10.85926056,5.461406809
92.80000305,198.1213691,121.0529992,26.90861798,66.63618296,0.6483463878,124.1512383,6.500992298,298.2994995,0,168.2103424,217.6461182,0.1849421114,96783.23438,10.86917973,5.426719396
93,197.6564958,121.0352121,26.83861242,66.65531003,0.6482189098,123.5434895,6.501385212,298.2483521,0,168.3336945,214.032547,0.01849421114,96835.19531,10.87366867,5.409108748
93.19999695,196.3545816,121.0818371,26.77418285,66.70815551,0.6476142578,122.6770018,6.501948357,298.2112122,0,168.2997437,207.9890289,0.001849421184,96887.35938,10.84378624,5.45821702
93.40000153,195.836472,121.0257191,26.73781396,66.710408,0.6477045067,122.5089842,6.502338409,298.1697388,0,168.0397186,204.8695679,0.0001849421242,96939.46875,10.85343266,5.43091346
93.59999847,194.7781944,121.0247637,26.69204238,66.76264398,0.6471289504,121.6837867,6.502435207,298.1227722,0,167.6248322,198.7575684,9.999999747e-05,96991.4375,10.86359596,5.38679988
93.80000305,193.3194728,121.0111271,26.6426379,66.82720611,0.6465027451,120.6262056,6.502268791,298.0745239,0,167.1715851,189.2338715,9.999999747e-05,97043.32031,10.86987305,5.349092819
94,191.6871106,120.9794438,26.59461107,66.89032338,0.6460000923,119.5375367,6.501758099,298.0247192,0,166.7849579,177.5487366,9.999999747e-05,97095.10938,10.88227272,5.297984546
94.19999695,189.9339187,120.9375265,26.54399241,66.95331476,0.6456073967,118.3562216,6.500988483,297.9770203,0,166.6029053,163.520874,9.999999747e-05,97146.88281,10.89266396,5.253098415
94.40000153,188.3575675,120.8661107,26.49490402,66.99516665,0.6455889847,117.3546205,6.500640392,297.9440308,0,166.728363,148.3615875,9.999999747e-05,97198.83594,10.87771416,5.279289347
94.59999847,187.5442303,120.7620895,26.46542168,66.98583622,0.6461797938,117.1477753,6.500282288,298.3244019,0,166.9909058,44.50847244,157.5241699,97250.78125,10.89098263,5.241704521
94.80000305,167.2152716,123.167548,26.99806247,67.60071601,0.6334221761,119.5373851,6.498262405,298.2938538,0,167.3979645,173.8897095,15.75241661,97308.03906,10.76272488,5.2579622
95,190.5726313,120.0064203,26.96254552,66.67502244,0.6498597946,122.1042975,6.497619152,298.2187805,0,168.6184692,172.6614838,1.575241685,97360.3125,10.95021439,5.13834677
95.19999695,186.4483384,120.4386504,26.82512562,66.94818975,0.6474273444,118.5830673,6.497468472,298.1550598,0,170.0864258,158.0078583,0.1575241685,97413.14844,10.92047596,5.158126495
95.40000153,185.6152932,120.4376985,26.73272102,66.92598912,0.6482614578,118.4272558,6.497075081,298.0918579,0,171.6174469,144.7875214,0.0157524161,97466.30469,10.95171165,5.094633474
95.59999847,183.9652808,120.6080365,26.63461424,66.98006141,0.6479747124,117.4989306,6.497764111,298.0493164,0,173.3081665,129.281723,0.00157524168,97520.11719,10.92421055,5.158374338
95.80000305,183.7663214,120.6762885,26.57197211,66.93896622,0.6488155367,117.9797657,6.498283386,298.0089722,0,174.7190552,118.5230637,0.0001575241622,97574.27344,10.94601154,5.118227594
96,183.0924441,120.8324456,26.51021252,66.96243554,0.6487319088,117.7674674,6.499299049,297.9810181,0,175.9263,106.7755432,9.999999747e-05,97628.86719,10.93125343,5.150915116
96.19999695,183.1130684,120.8853441,26.47274707,66.93529941,0.649317444,118.2632651,6.499958038,297.9543457,0,176.7249756,97.77053833,9.999999747e-05,97683.64844,10.95015621,5.108950468
96.40000153,182.6141402,120.989431,26.43751445,66.95981314,0.6491768836,118.1536175,6.500094414,297.9292908,0,177.2629547,88.06266022,9.999999747e-05,97738.53125,10.96499538,5.058461526
96.59999847,182.2293651,120.982985,26.4073901,66.96341147,0.6494788104,118.0573533,6.50098753,298.1835938,0,177.7469177,26.41879845,103.0539169,97793.60938,10.94426537,5.107250171
96.80000305,168.6929485,123.2004469,26.73799153,67.50155545,0.6379520415,119.5435266,6.501571178,298.1813049,0,177.8693848,111.6955643,10.30539227,97852.58594,10.77519131,5.269169171
97,184.2589185,120.4894915,26.76098828,66.72099927,0.652273531,122.2470545,6.502972603,298.1470642,0,177.7618866,115.878334,1.030539155,97908.125,10.92833805,5.180421784
97.19999695,181.8351396,121.0794541,26.71120413,66.9962911,0.648499988,120.0365398,6.503400803,298.1088257,0,177.0901184,110.8803101,0.10305392,97963.625,10.90757084,5.137344335
97.40000153,182.0821384,120.9045782,26.67843339,66.98168205,0.6489330082,119.9841677,6.503946781,298.0788269,0,176.2529144,103.4588852,0.01030539162,98018.90625,10.89913273,5.157396516
97.59999847,181.6882593,120.8459368,26.65813267,67.00857673,0.6487173381,119.7304306,6.503464222,298.0445862,0,175.1937714,97.47810364,0.001030539162,98073.82812,10.92179966,5.077615885
97.80000305,180.8884282,120.7401703,26.63148257,67.05919614,0.6483142477,118.865292,6.503165722,298.0195312,0,174.3314667,88.85102844,0.0001030539206,98128.58594,10.90598774,5.096085351
98,180.7995653,120.5004135,26.61770063,67.03980214,0.6490172188,118.7233844,6.502746105,297.9983215,0,173.5845947,82.13785553,9.999999747e-05,98183.10156,10.91272449,5.080033204
98.19999695,180.4171898,120.3349719,26.60529178,67.05049346,0.6492541766,118.3161416,6.503044128,297.9884033,0,173.0065308,75.73823547,9.999999747e-05,98237.57812,10.8859911,5.144028789
98.40000153,180.6804904,120.1236528,26.60847798,67.0167377,0.6500544454,118.5730462,6.502556324,297.9740601,0,172.3064728,72.41073608,9.999999747e-05,98291.72656,10.91405392,5.071945081
98.59999847,180.035847,120.0358319,26.60231656,67.05970144,0.6497286259,117.9093379,6.502436638,297.9666443,0,171.8065338,67.10092926,9.999999747e-05,98345.8125,10.89464664,5.102478791
98.80000305,180.2758437,119.7822503,26.60657224,67.02160213,0.6506684671,118.0730692,6.501250267,297.9528503,0,171.3506165,63.67837906,9.999999747e-05,98399.53906,10.93422318,5.001032153
99,179.5466613,119.6406265,26.59654007,67.05490395,0.6506359976,117.2969006,6.500373363,297.9441223,0,171.3740692,57.72783661,9.999999747e-05,98453.23438,10.92841721,5.003003014
99.19999695,179.7367999,119.3393414,26.59092581,67.00006134,0.6520218565,117.4047161,6.499520302,298.1144714,0,171.7437134,17.31834984,68.08146667,98506.8125,10.94862938,4.965433891
99.40000153,169.1884421,121.1583084,26.81500995,67.42146509,0.6431288765,117.0742566,6.497345924,298.1002808,0,172.4555511,74.06092072,6.808146477,98563.01562,10.86550426,4.964002602
99.59999847,178.1180203,118.7673431,26.79676284,66.8548364,0.6542885693,118.2926361,6.497721672,298.0765991,0,174.041626,72.17811584,0.6808146238,98617.44531,10.95549965,4.974082962
99.80000305,177.1473337,119.0931079,26.74429833,66.95077986,0.6533555034,117.5898423,6.498715878,298.0579529,0,175.4646759,67.87273407,0.06808146089,98672.35938,10.93268204,5.013505392
100,178.2133146,119.0280265,26.71119818,66.8801285,0.6546729141,118.4763689,6.499938965,298.0413818,0,176.4963226,64.49177551,0.006808146369,98727.42188,10.94276142,5.014057937
100.1999969,178.4216376,119.1691225,26.68445514,66.89232761,0.6545435607,118.7866739,6.501018524,298.0262756,0,177.0399017,61.08782196,0.0006808146718,98782.625,10.94223595,5.006361595
100.4000015,178.7381534,119.2100354,26.66596826,66.89245371,0.6546294659,119.0941408,6.50243187,298.0165405,0,177.1528931,57.54825592,9.999999747e-05,98837.92188,10.92696571,5.043197018
100.5999985,179.1009794,119.2324208,26.65996367,66.89040444,0.6546748371,119.5056144,6.504235744,298.0132751,0,176.6990356,55.28994751,9.999999747e-05,98893.25,10.90077305,5.106695601
100.8000031,179.4536778,119.2551024,26.66884939,66.89807524,0.6544351229,119.9212173,6.504816532,298.0039978,0,175.5234222,54.85658264,9.999999747e-05,98948.21875,10.91985798,5.031290614
101,178.9736494,119.2753225,26.67530205,66.96815554,0.653300499,119.3759756,6.505636692,298.0013428,0,174.1205902,52.17661667,9.999999747e-05,99002.99219,10.88333988,5.088430979
101.1999969,179.398182,119.0452497,26.69490439,66.94937782,0.6536772044,119.5680281,6.50580883,297.9967957,0,172.3851471,51.48158646,9.999999747e-05,99057.25781,10.89075756,5.056521559
101.4000015,178.9379069,118.9289069,26.71379508,67.00359162,0.6528785507,118.9658714,6.506414413,297.9995728,0,170.5835876,49.98588562,9.999999747e-05,99111.24219,10.8489275,5.133860139
101.5999985,179.368767,118.6081398,26.7448232,66.97990253,0.6533494844,119.0657571,6.50675869,298.0024414,0,168.5364838,50.85402298,9.999999747e-05,99164.6875,10.84247303,5.140995893
101.8000031,179.0521966,118.4266117,26.77790189,67.02453934,0.6526392223,118.5402377,6.50662756,298.004425,0,166.3538208,51.80453491,9.999999747e-05,99217.60156,10.82983589,5.13482369
102,178.9517473,118.0923153,26.81226373,67.04360676,0.6524619868,118.0122291,6.50587225,298.0033875,0,164.2243347,52.55829239,9.999999747e-05,99269.85938,10.83250046,5.097823332
102.1999969,178.6119433,117.7178111,26.8422233,67.07164322,0.6522728616,117.2214282,6.504415035,297.9986572,0,162.3975677,52.35610199,9.999999747e-05,99321.46875,10.8420496,5.04131186
102.4000015,178.2897874,117.2424906,26.86381765,67.08159382,0.6525754779,116.3783121,6.502267361,297.9898987,0,161.1538696,50.85921478,9.999999747e-05,99372.49219,10.86300182,4.966163816
102.5999985,177.9514226,116.7118737,26.87217534,67.07364795,0.6533760023,115.5393908,6.500086784,297.9806213,0,160.7692261,47.82661438,9.999999747e-05,99423.14062,10.87962532,4.920457195
102.8000031,177.8972577,116.1905957,26.86791858,67.02916833,0.6548477026,115.0960856,6.498170376,297.9714966,0,161.254715,44.31163788,9.999999747e-05,99473.61719,10.90158367,4.881139676
103,177.9131559,115.8095068,26.85157069,66.97565194,0.6564216257,114.9376789,6.497223377,297.9657593,0,162.5058899,40.50835037,9.999999747e-05,99524.24219,10.91036415,4.88850977
103.1999969,178.2174184,115.6117084,26.8300787,66.90625729,0.6580434712,115.3038023,6.495487213,297.9547119,0,164.1334381,37.52301407,9.999999747e-05,99574.96094,10.95851326,4.781149108
103.4000015,178.1077998,115.4715067,26.79550833,66.86692957,0.659339328,115.2586932,6.495798111,297.9521179,0,166.4611816,32.47571182,9.999999747e-05,99626.25781,10.94478703,4.856336231
103.5999985,178.9167269,115.4722494,26.76652463,66.76506729,0.6613084798,116.3895996,6.496481895,297.9495239,0,168.6553345,29.96068192,9.999999747e-05,99678.01562,10.96711159,4.840905304
103.8000031,178.9663734,115.7390845,26.7395393,66.74905231,0.6616192703,116.9638933,6.497063637,298.0484924,0,170.5812378,8.988204956,40.17408371,99730.24219,10.97898102,4.810036643
104,172.8072994,117.4058141,26.84813368,66.98539994,0.6553214557,116.9463804,6.495722294,298.0362244,0,172.2759705,41.25941086,4.017408371,99784.32031,10.93935108,4.752136375
104.1999969,177.6053853,115.8127671,26.81478144,66.63649324,0.6630417711,117.9634037,6.495088577,298.0131836,0,174.5133667,38.1040535,0.4017408192,99837.5625,11.03458118,4.666071472
104.4000015,177.254587,116.0099584,26.75875412,66.67807171,0.6630793069,117.6531,6.495530605,297.99646,0,176.9957581,31.60132027,0.04017408192,99891.39062,11.02785969,4.693647013
104.5999985,178.496646,115.9398325,26.71415584,66.57709695,0.6653674378,118.7874803,6.497527599,297.9867859,0,179.3001099,26.49404335,0.004017408006,99945.73438,11.03043365,4.752575456
104.8000031,179.101421,116.2534413,26.68248501,66.56012553,0.6657004758,119.7596725,6.499322414,297.9783936,0,180.803894,23.15463066,0.0004017408355,100000.4844,11.03816414,4.740260481
105,179.4463195,116.5106134,26.66161907,66.56906357,0.6655221111,120.3668288,6.500810623,297.9715271,0,181.5953827,19.83024979,9.999999747e-05,100055.4688,11.03990555,4.728118414
105.1999969,179.6918469,116.6614074,26.64975324,66.57804239,0.6653684064,120.802515,6.501999378,297.9664917,0,181.7919922,16.72302246,9.999999747e-05,100110.5391,11.03962612,4.7188403
105.4000015,179.786401,116.7424523,26.64555316,66.5917399,0.6651350163,121.0531982,6.501469612,297.9587402,0,181.5131226,13.9624815,9.999999747e-05,100165.4297,11.06540394,4.623849216
105.5999985,179.6274398,116.6036929,26.64088104,66.602011,0.6652777758,120.7677953,6.501020432,297.9541016,0,181.4507751,10.07255554,9.999999747e-05,100220.2344,11.06607533,4.615548169
105.8000031,179.8635808,116.3619412,26.63798722,66.56536115,0.6663466399,120.8784045,6.500061989,297.9498596,0,181.562439,6.985289574,9.999999747e-05,100274.8906,11.08796978,4.567503437
106,179.8523268,116.1326638,26.63292614,66.54362969,0.6672246107,120.7533201,6.499222279,297.9858704,0,182.0594025,2.095586777,17.1371212,100329.5234,11.0997982,4.54670742
106.1999969,177.6748068,116.5432025,26.67422991,66.62000711,0.6650288685,120.4998787,6.498910904,297.9795227,0,182.890152,12.6766901,1.713712096,100384.8594,11.06734562,4.581312384
106.4000015,179.9164086,115.7141031,26.6628272,66.43950413,0.6693844544,121.1866727,6.49766922,297.9669189,0,183.8441772,9.684803963,0.1713712066,100439.7031,11.1381979,4.473977973
106.5999985,179.7562684,115.5937102,26.63838432,66.45199485,0.6699038455,120.7926305,6.49794817,297.9608459,0,185.2996521,4.618114948,0.01713712141,100494.8438,11.12860012,4.519649802
106.8000031,180.5887203,115.4313015,26.62026807,66.37451765,0.6718571197,121.5703275,6.499265671,297.9584961,0,186.6355438,1.378812075,0.001713712118,100550.2578,11.13651276,4.550018761
107,180.7953932,115.5973387,26.60857204,66.37510607,0.671944971,122.0729767,6.500621319,297.9569397,0,187.445755,9.999999747e-05,0.0001713712118,100605.9297,11.1363163,4.552911737
107.1999969,181.0075022,115.7169837,26.60356125,66.37983594,0.6718281427,122.4707584,6.502831936,297.9573059,0,187.7169952,9.999999747e-05,9.999999747e-05,100661.8125,11.11595154,4.61005624
107.4000015,181.225782,115.9093408,26.60681514,66.39862065,0.6711377608,122.9357806,6.50475359,297.9578247,0,187.1013794,9.999999747e-05,9.999999747e-05,100717.6797,11.1036644,4.621177067
107.5999985,181.0742573,116.0941724,26.61682921,66.44641697,0.6698307038,123.0346594,6.50732851,297.961792,0,185.7207489,9.999999747e-05,9.999999747e-05,100773.5,11.06111813,4.704672706
107.8000031,181.015996,116.262633,26.63749282,66.48798509,0.6684532382,123.2742908,6.50996542,297.9688721,0,183.3070221,9.999999747e-05,9.999999747e-05,100829.0547,11.01948643,4.776306376
108,180.547479,116.4596771,26.66965284,66.56369791,0.6663095062,123.1851116,6.511425972,297.9756165,0,179.8405304,0.9802884459,9.999999747e-05,100884.0391,10.99118137,4.777684137
108.1999969,179.8059628,116.4736821,26.71102556,66.65013877,0.6640803086,122.54012,6.512163639,297.9832764,0,175.7937927,2.084819317,9.999999747e-05,100938.2812,10.95152473,4.806021633
108.4000015,179.3003179,116.2314099,26.76014553,66.70380188,0.6626441954,121.7856458,6.511432648,297.9884949,0,171.4505005,3.763444424,9.999999747e-05,100991.4844,10.93963909,4.765502121
108.5999985,178.4907351,115.8031421,26.81202577,66.76724191,0.6612954412,120.4733835,6.509861469,297.9928589,0,167.4022369,4.881759167,9.999999747e-05,101043.6562,10.92112541,4.747848792
108.8000031,178.0757272,115.0963455,26.86241422,66.77976254,0.6612079969,119.2561288,6.507394314,297.9947815,0,163.9804077,5.915972233,9.999999747e-05,101094.7422,10.9251852,4.696444888
109,177.5318545,114.3011853,26.90560161,66.78877636,0.6614523037,117.8912954,6.50442028,297.994751,0,161.5457764,6.283973217,9.999999747e-05,101144.9297,10.93372822,4.645551069
109.1999969,177.2621312,113.4089764,26.93627288,66.76008764,0.6626414939,116.7914749,6.502184391,297.9953308,0,160.2994995,6.064079762,9.999999747e-05,101194.5078,10.93649483,4.647303446
109.4000015,177.2720563,112.6939782,26.95319418,66.71058049,0.6641430295,116.2373082,6.500179291,297.9944153,0,159.943573,6.065948009,9.999999747e-05,101243.6953,10.95499992,4.613921654
109.5999985,177.2007998,112.1790987,26.95761091,66.67177494,0.6653955015,115.8392837,6.498725891,297.9930115,0,160.3912048,5.570534229,9.999999747e-05,101292.7656,10.96752739,4.598497938
109.8000031,177.4061613,111.8051008,26.95116872,66.61459814,0.6669128925,115.8595348,6.498333454,297.9925232,0,161.4191589,4.886555195,9.999999747e-05,101341.9609,10.97348881,4.616346407
110,177.7182482,111.6912401,26.93865374,66.56391089,0.6680584584,116.2227717,6.498917103,297.9930725,0,162.6024017,4.459620476,9.999999747e-05,101391.4141,10.97269344,4.647368813
110.1999969,178.0476894,111.7809553,26.92587999,66.53017047,0.6686293249,116.7536067,6.49804163,297.9884644,0,163.5523987,4.3753438,9.999999747e-05,101440.9453,11.00893879,4.540017026
110.4000015,178.0273131,111.6987362,26.91031319,66.51784179,0.6691537279,116.7278864,6.498298645,297.9864197,0,164.8604584,2.522776365,9.999999747e-05,101490.7656,11.00218678,4.574499576
110.5999985,178.6561045,111.6533442,26.89285386,66.45418557,0.6705172827,117.4036395,6.498381138,297.9831238,0,166.0574341,1.415834188,9.999999747e-05,101540.7578,11.02443027,4.537941525
110.8000031,178.8017903,111.7274177,26.87586215,66.44045918,0.6708956133,117.6870679,6.499980927,297.9835815,0,167.2255402,9.999999747e-05,9.999999747e-05,101591.1328,11.00331402,4.615721431
111,179.3903185,111.9061106,26.86374413,66.40354798,0.6713962401,118.4992918,6.502290726,297.9856873,0,167.7482147,9.999999747e-05,9.999999747e-05,101641.7812,10.98857975,4.672239395
111.1999969,179.5572268,112.2553125,26.86113132,66.42349741,0.6704927109,119.0037774,6.503545284,297.9859619,0,167.3494568,0.1078583971,9.999999747e-05,101692.4141,10.98812675,4.636077044
111.4000015,179.4374616,112.3876261,26.86622578,66.45836185,0.6695066242,118.9907034,6.503890991,297.9847717,0,166.4546509,9.999999747e-05,9.999999747e-05,101742.8516,10.98537922,4.60111931
111.5999985,179.421487,112.2564593,26.87491022,66.470634,0.6691985358,118.8041708,6.504219532,297.9838562,0,165.4211121,9.999999747e-05,9.999999747e-05,101793.0156,10.97505379,4.609002723
111.8000031,179.5191839,112.0616918,26.88537672,66.47225334,0.6691101583,118.6508746,6.504459858,297.9830322,0,164.2534027,9.999999747e-05,9.999999747e-05,101842.8438,10.96802425,4.611521908
112,179.5265896,111.8599413,26.89738332,66.48104733,0.6688889406,118.4047125,6.503479004,297.9794006,0,162.9897766,9.999999747e-05,9.999999747e-05,101892.2031,10.98207664,4.539917838
112.1999969,179.3705883,111.4813355,26.90800768,66.48964831,0.6689601033,117.836959,6.501910686,297.9737854,0,162.1221771,9.999999747e-05,9.999999747e-05,101941.125,10.99333954,4.487891046
112.4000015,179.5547298,110.9362097,26.91232409,66.46005075,0.6700040256,117.4343268,6.499581814,297.9648438,0,161.879837,9.999999747e-05,9.999999747e-05,101989.6328,11.0234251,4.405703817
112.5999985,179.81433,110.3266561,26.90606205,66.41765826,0.671560051,117.0481745,6.498511314,297.9562073,0,162.5697327,9.999999747e-05,9.999999747e-05,102038.0312,11.03093719,4.420842003
112.8000031,180.5895321,109.9284035,26.88958513,66.34775267,0.6734299925,117.3194298,6.496826172,297.9437866,0,163.6812134,9.999999747e-05,9.999999747e-05,102086.3281,11.07151508,4.338375993
113,181.1761004,109.5675301,26.86431006,66.29830969,0.6750967011,117.3958431,6.495265484,297.9557495,0,165.4729156,9.999999747e-05,12.80256939,102134.7188,11.10244656,4.287200292
113.1999969,180.4712648,109.7199596,26.86561577,66.29592498,0.6747708018,117.3879818,6.493395329,297.9385071,0,167.8864288,2.109595776,1.280256867,102183.6797,11.1164856,4.235775169
113.4000015,182.6550706,108.8847114,26.81588795,66.10129752,0.6804084679,118.4120492,6.492936134,297.9655762,0,171.0494537,0.6328787804,22.56462097,102232.8125,11.17739391,4.210598297
113.5999985,180.7694213,109.8344712,26.82147804,66.18667452,0.6773239969,118.3541943,6.493741035,297.9443359,0,174.3905945,7.790251255,2.256462097,102283.2891,11.13540649,4.274643849
113.8000031,184.2738673,109.1009164,26.76231427,65.93496874,0.6840674531,120.33873,6.496140003,297.9898376,0,177.4100494,2.337075472,32.05566406,102333.8828,11.19847488,4.277148061
114,180.8635641,111.0410666,26.78946568,66.16469341,0.6764893532,120.140655,6.498410702,297.9637146,0,179.4688263,16.10474777,3.205566168,102386.0859,11.11225319,4.350096782
114.1999969,185.073035,110.0736059,26.74169606,65.89861345,0.6834298932,122.1312811,6.50067234,297.9371338,0,180.6247253,6.36956501,0.3205566406,102437.7578,11.19286251,4.289134745
114.4000015,185.2100254,110.6530561,26.70131636,66.00959514,0.6813518597,122.2454029,6.503368855,297.9588623,0,180.8755646,1.910869479,20.39235115,102489.6719,11.16050148,4.340988801
114.5999985,183.8197335,111.6230646,26.72620063,66.11709511,0.6771085061,122.5280364,6.506917953,297.9420471,0,180.046402,7.25633049,2.039235115,102542.1641,11.0822525,4.468632812
114.8000031,185.9646205,111.2271238,26.7127627,66.01586232,0.6794971159,123.5481868,6.509507179,297.9855957,0,177.7961578,2.176899195,29.33558846,102593.8203,11.10783577,4.433587762
115,181.7831081,112.8234161,26.78059995,66.33781516,0.6698317195,122.2657237,6.511227131,297.96698,0,174.5162048,15.15404034,2.933558941,102645.9219,10.98387909,4.534861816
115.1999969,184.9678454,111.4254585,26.78596819,66.12385851,0.674927246,122.9048213,6.512260914,297.9474182,0,170.5479279,7.867726326,0.2933558822,102696.3125,11.03375149,4.482338591
115.4000015,183.6719941,111.5747455,26.79890414,66.30847437,0.670889743,121.4582551,6.51282692,297.9764404,0,166.1655884,2.360317945,19.60717583,102745.9219,10.97227573,4.535678974
115.5999985,181.761417,111.7150992,26.87411939,66.41883472,0.6672427273,120.4652259,6.512401581,297.9636841,0,161.5563202,10.55212212,1.960717559,102794.875,10.91803074,4.565646568
115.8000031,183.2071378,110.3311144,26.90181263,66.33194126,0.6697246638,119.7038301,6.511590481,297.951416,0,157.1188812,5.047884464,0.196071744,102842.1484,10.93693256,4.535396548
116,182.4456811,109.7511189,26.93241141,66.42747908,0.6682223038,118.1408594,6.509977818,297.9434814,0,153.0039215,9.999999747e-05,0.01960717514,102888.2891,10.91821289,4.517451025
116.1999969,182.5150834,108.7135221,26.96606714,66.42679267,0.669037073,117.0115377,6.508302212,297.9581299,0,149.5355682,9.999999747e-05,10.6250782,102933.2656,10.91822052,4.507702308
116.4000015,181.0193006,108.2306521,27.03000756,66.52182321,0.6668731519,115.3732931,6.505903244,297.9497986,0,146.7350616,2.991204739,1.062507749,102977.5078,10.89884853,4.476130567
116.5999985,181.9692899,106.7635776,27.04914729,66.43178511,0.6700115886,114.6707812,6.502821922,297.9771729,0,144.8962708,0.8973613977,19.19380569,103020.5547,10.95235729,4.362418072
116.8000031,178.9833394,106.6776276,27.11684546,66.57995906,0.6666662743,112.6982603,6.498642921,297.9590454,0,144.289978,8.527663231,1.919380546,103063.5625,10.93936157,4.283828411
117,181.1885011,104.731268,27.09662238,66.35717826,0.6734271424,112.8457789,6.495087624,297.9390259,0,145.3566895,1.206568837,0.1919380575,103105.7734,11.03076553,4.171079838
117.1999969,181.2787613,104.2095974,27.05533423,66.32438792,0.6757300052,112.6287208,6.493045807,297.9497986,0,147.8399658,0.3619706333,14.87139988,103148.3047,11.05550098,4.165878637
117.4000015,180.7710687,104.3883126,27.04799224,66.28409319,0.676233714,112.9367596,6.492759228,297.9348755,0,151.1369171,0.1085911915,2.161181927,103191.7656,11.05037975,4.210734135
117.5999985,183.0657292,104.1291333,26.98051713,66.07847761,0.6815971343,114.7913102,6.492777348,297.9541321,0,154.5476227,0.03257735819,20.30645752,103235.6484,11.11949062,4.147863952
117.8000031,181.3638068,105.3186094,26.97384044,66.16654118,0.6781494752,114.8574096,6.494529724,297.9343262,0,157.9557495,4.341537952,2.030645609,103280.9844,11.06287193,4.253603363
118,184.7388028,105.0216398,26.90528141,65.92217179,0.6842208535,117.2827616,6.499308586,297.9750366,0,160.6582184,1.302461386,28.21952057,103326.7734,11.08476734,4.379082661
118.1999969,181.8276548,107.4191488,26.92893773,66.14186108,0.6757695463,117.5014055,6.502019882,297.9529419,0,161.4446106,13.02702522,2.821952105,103373.8906,11.00360584,4.392628288
118.4000015,185.2745446,106.7068705,26.88843281,65.94058126,0.6807793989,119.1716924,6.502777576,297.9263916,0,161.1631622,4.168096066,0.2821952105,103420.1875,11.08886433,4.241166181
118.5999985,185.0866745,107.0021456,26.85899264,66.0548054,0.6786727981,118.7497315,6.505232334,297.9511719,0,160.5782928,1.250428796,21.33970451,103466.5547,11.03289509,4.367783438
118.8000031,183.9041966,107.788456,26.89613107,66.13213315,0.6749720767,118.8341686,6.506310463,297.9307556,0,158.9997406,7.234884739,2.133970499,103513.0156,10.99461555,4.364671115
119,185.8696429,106.9200844,26.8823846,66.03268263,0.6779319318,119.1687785,6.505968094,297.9757385,0,156.9998627,2.170465469,33.40184021,103558.3672,11.04513836,4.25716807
119.1999969,181.5809743,108.0220326,26.96027362,66.30347092,0.6698540498,117.2410374,6.504027367,297.9467468,0,155.137146,15.24791813,3.340183973,103604.0547,10.96748352,4.25169295
119.4000015,185.2899243,105.7919016,26.94091229,66.01917102,0.6782029433,117.8330464,6.503287315,298.0137024,0,154.0515442,4.574375629,45.83611298,103648.3047,11.05090427,4.200800452
119.5999985,179.371848,107.4492377,27.03442223,66.34081986,0.6685003007,115.6469878,6.502435207,297.9806213,0,153.2528687,25.88626099,4.583611488,103693.6719,10.93017101,4.300353522
119.8000031,184.5361816,105.0648255,26.99507116,65.9605767,0.6788875198,117.1553186,6.504606724,297.951355,0,152.7991943,14.49094677,0.4583611488,103737.7656,11.00438213,4.35690783
120,184.3324246,105.643564,26.96213873,66.10299289,0.6759907592,116.8879648,6.507828236,297.9354248,0,151.4665833,3.917735815,0.04583611339,103781.9453,10.935112,4.504444053
120.1999969,185.8301238,105.5881513,26.94709909,66.0554755,0.6770751501,117.7826194,6.50905323,297.9481201,0,148.8517609,1.175320745,14.30052662,103825.3359,10.96074104,4.420827615
120.4000015,183.6776835,106.164599,26.9940956,66.25962445,0.6712601914,116.3520757,6.509462357,297.9421387,0,145.7566681,0.3525962234,3.753148794,103868.4609,10.88621807,4.47054396
120.5999985,185.2402447,105.0131916,27.0079656,66.1472774,0.6745992644,116.4298748,6.5084548,297.960083,0,142.4943848,0.1057788655,16.90383148,103910.2188,10.93647575,4.362049155
120.8000031,182.4964068,105.1170086,27.07400001,66.35882947,0.6692740697,114.2407484,6.50679493,297.9447327,0,139.6371765,4.171143055,1.690383077,103951.5781,10.87577343,4.378379904
121,184.6794947,103.305718,27.07983099,66.19492329,0.6745236579,114.2003133,6.504985809,297.9754944,0,137.4414062,1.251342893,24.31803131,103991.5156,10.94100857,4.286870819
121.1999969,181.0492718,103.6661408,27.15640463,66.42560967,0.6686041092,111.9087271,6.503041267,297.9561462,0,135.9676666,9.906461716,2.431803226,104031.5859,10.87137985,4.323742156
121.4000015,184.0828534,101.7187197,27.13872521,66.18392429,0.6757879309,112.5736217,6.502007961,297.9359131,0,135.2717285,2.08046174,0.2431803197,104070.5234,10.94841003,4.265250113
121.5999985,183.664244,101.5772281,27.12033643,66.25969832,0.6749960433,111.8922474,6.500900269,297.9491272,0,134.985672,0.6241385341,16.12373543,104109.2969,10.94512081,4.243808537
121.8000031,182.7704897,101.5366197,27.15032046,66.29344874,0.6737992928,111.3766236,6.499117374,297.9307556,0,135.1458282,0.1872415692,1.779752374,104148.0938,10.94757175,4.18333955
122,184.460644,100.5597217,27.11365443,66.14924996,0.678600026,112.0040226,6.497189045,297.9518127,0,136.0211029,0.05617246777,22.85071182,104186.4688,11.01787853,4.078955363
122.1999969,181.9621026,101.1130645,27.1445414,66.28244942,0.6746757916,110.8868707,6.494317532,297.9233704,0,137.6661224,4.862683773,2.285071135,104225.4766,11.00161266,4.009021933
122.4000015,185.1116109,99.69898607,27.07946307,66.01311923,0.6830259242,112.3964052,6.492905617,297.9599915,0,140.4623108,1.458805084,33.98128891,104264.2969,11.09725475,3.944025626
122.5999985,181.6862271,101.0896205,27.10520324,66.17318854,0.6773416187,111.5472389,6.490466595,297.9216919,0,143.8154907,11.42850685,3.398128986,104304.5391,11.06219006,3.896346574
122.8000031,186.2686904,99.6018249,27.00946005,65.80579974,0.6884595824,114.0490206,6.489006996,297.9765625,0,148.1522369,3.428552151,47.73062134,104344.7109,11.19854069,3.783304137
123,181.7694411,101.6496732,27.03492376,66.0029436,0.6808998633,113.1688677,6.490263939,297.933197,0,153.0664215,19.70414925,4.773062229,104387.2969,11.0909853,3.956581365
123.1999969,187.901502,100.5911661,26.9225582,65.56424883,0.6931909852,116.9495349,6.495123863,298.0160828,0,157.4720612,5.911244869,59.78701019,104430.1172,11.19020557,4.024095261
123.4000015,182.0277864,104.4509417,26.96768091,65.90456293,0.6790200091,116.492171,6.4988451,297.9693909,0,159.9305878,32.33036804,5.978701115,104475.5547,11.0289011,4.153722445
123.5999985,188.5942577,103.0542833,26.88552048,65.50571272,0.6899744038,119.7577539,6.503826618,297.9239807,0,160.915863,16.20160294,0.5978701115,104520.1875,11.13193798,4.14187356
123.8000031,189.1095013,104.3026653,26.82574038,65.70387722,0.6851139589,120.1343946,6.508144855,297.9575195,0,159.9008026,4.860480785,33.34733963,104564.9297,11.07317162,4.202465953
124,186.9080326,105.8712392,26.86593926,65.85975063,0.678329123,120.156015,6.510428905,297.9230347,0,157.1646729,13.91842747,3.334733963,104609.9531,10.9961338,4.232976858
124.1999969,189.9150589,104.6293306,26.84663253,65.71980891,0.6827078434,120.7587687,6.510676861,297.9839783,0,153.5194244,4.175528049,48.04434204,104653.2656,11.06401634,4.094722072
124.4000015,184.1014013,106.2834143,26.94789669,66.10585424,0.6704517851,118.0439547,6.509333611,297.9434814,0,149.7751617,22.57710266,4.804434299,104696.9141,10.92630196,4.160169721
124.5999985,188.9521998,103.3350543,26.9349116,65.76041954,0.6811970604,118.7577393,6.510107994,298.0334473,0,146.566925,6.773130894,61.27568054,104738.4297,11.01157665,4.166950496
124.8000031,181.5136286,105.6086089,27.06233542,66.19482938,0.6671751636,115.8130418,6.509991169,297.9946594,0,143.0368652,35.99640656,6.127567768,104780.9062,10.82917595,4.332551049
125,187.6021992,102.4593722,27.04184625,65.77948717,0.6790769673,117.1220698,6.509959698,297.9502869,0,139.5632324,23.19981575,0.6127567887,104820.8516,10.96125412,4.206409704
125.1999969,186.2271684,102.4209782,27.03768856,66.05386387,0.6739625433,115.0346443,6.508431911,297.9163208,0,136.0991058,7.983885288,0.06127567962,104859.9219,10.92140484,4.166902272
125.4000015,188.0200427,100.9005149,27.0324995,65.97518749,0.6782034275,114.8215296,6.505802631,297.9318237,0,133.2513275,2.395165682,23.820467,104897.5156,10.98579311,4.04174512
125.5999985,185.1468893,100.8000234,27.09838935,66.18891084,0.6730929086,112.449509,6.502446651,297.9054871,0,131.45401,0.7185496688,2.883438349,104934.8047,10.94304371,4.010789188
125.8000031,187.9650281,98.65507051,27.07302361,65.95409648,0.6817060108,113.0138456,6.500162125,297.9353943,0,130.9979401,0.2155649066,31.39573288,104970.9766,11.03719711,3.936411535
126,184.2659502,99.27745328,27.13313836,66.19163642,0.6749291378,110.8897009,6.497621536,297.9012756,0,131.4498444,0.06466946751,9.999999747e-05,105007.7109,10.97544765,3.936827681
126.1999969,188.4694498,97.35361821,27.06344213,65.83889304,0.686505328,112.8939228,6.495985508,297.9393921,0,132.9221954,0.01940084063,37.52761841,105043.7188,11.10825348,3.828040895
126.4000015,183.9199627,98.80175379,27.11524163,66.13059141,0.677166277,110.8631935,6.492096424,297.8971252,0,135.0452881,0.005820252467,9.999999747e-05,105080.8438,11.05319691,3.726767235
126.5999985,189.0235041,96.67932524,27.01646405,65.68394007,0.6920603317,113.6218134,6.489779472,297.9371033,0,138.7342987,0.001746075694,42.79112625,105117.6016,11.22100449,3.612979125
126.8000031,184.6865126,98.36427288,27.04409857,65.94265002,0.6831115521,112.0497148,6.488398552,297.890625,0,143.3377228,0.0005238227313,9.999999747e-05,105156.2891,11.13460064,3.671871787
127,190.8213764,96.9394967,26.9181691,65.43271117,0.6992915795,116.1116675,6.490182877,297.9355469,0,148.4955139,0.0001571468165,45.81324005,105195.2656,11.28803825,3.669985228
127.1999969,186.7455153,99.72741558,26.93294367,65.73458233,0.6869944641,115.213947,6.490923882,297.8866882,0,152.9321594,9.999999747e-05,9.999999747e-05,105236.4141,11.17982197,3.698487421
127.4000015,192.9040479,98.47846121,26.81889102,65.26021472,0.7023576266,119.2497858,6.492805481,297.9325562,0,157.0858917,9.999999747e-05,48.55243683,105277.5547,11.34315777,3.622588408
127.5999985,188.7558845,101.1554182,26.84233532,65.61226308,0.6886095024,117.9209176,6.492697716,297.8782654,0,160.4799347,9.999999747e-05,9.999999747e-05,105320.5156,11.23095798,3.616237722
127.8000031,194.9303772,99.34465709,26.74323159,65.13540073,0.7052424531,121.5308114,6.494647503,297.9271545,0,163.9272919,9.999999747e-05,52.09545898,105363.1562,11.39690971,3.569413586
128,190.7134034,101.9739299,26.77358293,65.51939253,0.6903217372,119.9064948,6.49618578,297.8718262,0,166.5815125,9.999999747e-05,9.999999747e-05,105407.5312,11.25155067,3.65019535
128.1999969,196.7058047,100.2422773,26.68635557,65.05614135,0.7065149637,123.5062792,6.498366833,297.9233704,0,168.628479,9.999999747e-05,54.46451569,105451.2969,11.42124081,3.562157614
128.3999939,192.0797288,102.9160161,26.7272894,65.49709477,0.6896100646,121.4143816,6.499547958,297.8660583,0,169.7994843,9.999999747e-05,9.999999747e-05,105496.4922,11.25800514,3.635533016
128.6000061,197.8368126,100.8395113,26.65410033,65.02874289,0.7063512909,124.6832803,6.500376701,297.919342,0,170.5033417,9.999999747e-05,56.86432266,105540.6562,11.44119072,3.500879386
128.8000031,192.8735401,103.2572028,26.70476126,65.49424316,0.6889155621,122.0454414,6.500290871,297.8591614,0,170.873764,9.999999747e-05,9.999999747e-05,105585.9922,11.27327442,3.56983319
129,198.662363,100.7580637,26.63761678,64.99688635,0.7071562961,125.1274997,6.500632763,297.9156799,0,171.2803497,9.999999747e-05,59.55431747,105630.125,11.46386242,3.453111062
129.1999969,193.5337992,103.1387587,26.69193317,65.47415543,0.6892442278,122.2831543,6.500720978,297.8542786,0,171.5458832,9.999999747e-05,9.999999747e-05,105675.4375,11.28470612,3.550091834
129.3999939,199.354355,100.6018972,26.62556618,64.96358835,0.7080493657,125.4617118,6.504879475,297.9193726,0,171.7783813,9.999999747e-05,61.69488144,105719.7734,11.43651485,3.602942314
129.6000061,193.615902,103.9030599,26.68340394,65.50679824,0.6864881945,122.9273356,6.506920815,297.8623047,0,170.3331909,9.999999747e-05,9.999999747e-05,105765.3281,11.22237301,3.695911803
129.8000031,198.9072209,101.5827639,26.63152199,65.03367812,0.703381114,125.8899291,6.508944511,297.9257202,0,168.0914612,9.999999747e-05,60.93100739,105809.3047,11.38998604,3.597812846
130,192.497654,104.4650103,26.70590995,65.60942589,0.6816589481,122.5433346,6.509218693,297.8695679,0,165.0334778,9.999999747e-05,9.999999747e-05,105854.0859,11.16792679,3.701280385
130.1999969,197.8798641,101.5661633,26.66652363,65.10980022,0.6996376405,125.0629755,6.509069443,297.9283752,0,161.8716583,9.999999747e-05,58.79231644,105896.8281,11.35336113,3.559700284
130.3999939,191.2943085,103.9277259,26.75003549,65.67608217,0.679274422,121.2165569,6.507325649,297.87146,0,158.7651978,9.999999747e-05,9.999999747e-05,105940.1406,11.14952087,3.637446118
130.6000061,196.9833467,100.5957865,26.71063811,65.15459517,0.6984446699,123.5253135,6.505733967,297.9264526,0,156.3602295,9.999999747e-05,57.49879456,105981.3594,11.34900093,3.487715596
130.8000031,190.6811006,102.5581741,26.79173285,65.67967884,0.6801026039,119.6719511,6.5028615,297.8673096,0,154.5863342,9.999999747e-05,9.999999747e-05,106023.25,11.17293358,3.537835385
131,196.7103684,99.18126864,26.7386193,65.14429453,0.7001969662,122.19086,6.49938345,297.919342,0,153.9661102,9.999999747e-05,58.03332138,106063.2734,11.40052032,3.325128322
131.1999969,191.039712,100.7082554,26.80646828,65.60498562,0.6845063748,118.5624912,6.496247768,297.8556519,0,154.7350464,9.999999747e-05,9.999999747e-05,106104.3281,11.24932766,3.393577378
131.3999939,197.6073834,97.61922112,26.72731018,65.03999876,0.7059928566,121.80353,6.496169567,297.9136353,0,156.7551422,9.999999747e-05,60.98557281,106144.3672,11.45513725,3.343099761
131.6000061,192.4931007,99.9897315,26.77527052,65.48289697,0.6890385913,119.1647072,6.496334553,297.8502197,0,158.7975922,9.999999747e-05,9.999999747e-05,106185.9922,11.28764439,3.444853882
131.8000031,198.9550806,97.75031504,26.68774602,64.95111956,0.7086614137,122.9557533,6.496944904,297.913208,0,160.7830658,9.999999747e-05,63.47900009,106226.8125,11.4962225,3.316988145
132,193.7474227,100.3264299,26.73703145,65.4198672,0.6902911521,120.2395038,6.496192932,297.8474121,0,162.5236359,9.999999747e-05,9.999999747e-05,106269.1094,11.3315897,3.355763731
132.1999969,200.1315117,97.81044963,26.65471487,64.87636974,0.7110731876,123.8799638,6.497136593,297.9153748,0,164.5708923,9.999999747e-05,65.99971008,106310.5859,11.53901577,3.272845189
132.3999939,194.9646332,100.472697,26.70484473,65.35229851,0.6920129631,121.1402906,6.500460625,297.8507996,0,166.230835,9.999999747e-05,9.999999747e-05,106353.7734,11.32264423,3.49783386
132.6000061,200.9670029,98.70928071,26.62572974,64.84619038,0.7103004729,125.1776326,6.505103588,297.9190063,0,166.5587463,9.999999747e-05,66.20967102,106396.1875,11.49276066,3.463404633
132.8000031,195.1324023,102.1671034,26.6812794,65.41331371,0.6868275387,122.4347398,6.508637905,297.8575745,0,165.0327759,9.999999747e-05,9.999999747e-05,106439.8828,11.24695778,3.621178558
133,200.4942671,100.0574898,26.62733666,64.93420272,0.7040982385,125.7708665,6.511730194,297.9221191,0,162.1009064,9.999999747e-05,63.95708847,106481.9688,11.41606522,3.52100049
133.1999969,193.8633199,103.1482479,26.70153799,65.54355099,0.6801692981,122.2357179,6.51452446,297.8656311,0,157.930069,9.999999747e-05,9.999999747e-05,106524.8281,11.14301395,3.747927419
133.3999939,199.2569446,100.4821881,26.66842145,65.05265095,0.6977249584,125.0128264,6.517890453,297.9294739,0,152.6410522,9.999999747e-05,59.96347046,106565.4453,11.29339123,3.71170825
133.6000061,191.9035754,103.4864355,26.76260907,65.69915954,0.6733477639,120.9821264,6.518543243,297.8786316,0,146.0028687,9.999999747e-05,9.999999747e-05,106606.2656,11.02932262,3.857631785
133.8000031,197.5035307,100.0143279,26.75240761,65.21488693,0.6910944465,122.8190506,6.519935131,297.9394226,0,139.1142883,9.999999747e-05,55.50211334,106644.1172,11.17908573,3.816905083
134,189.9239092,102.2582469,26.87283157,65.85058154,0.6689924611,118.0738578,6.518116951,297.8934021,0,131.6577911,9.999999747e-05,9.999999747e-05,106681.6875,10.9448204,3.909885473
134.1999969,195.7722192,98.12097757,26.87431024,65.37997397,0.6870429016,119.2402781,6.516064644,297.9451599,0,124.9414902,9.999999747e-05,50.32508087,106715.8438,11.12691116,3.751170828
134.3999939,188.2732438,99.27453232,27.0118578,65.98682233,0.6683933338,113.8220534,6.512879372,297.9018555,0,119.0365143,9.999999747e-05,9.999999747e-05,106749.7109,10.91664124,3.888579134
134.6000061,194.4360607,95.12571847,26.99922168,65.51019703,0.6868999583,115.2721044,6.509431839,297.9443665,0,114.4087219,9.999999747e-05,45.56121445,106780.5,11.12254906,3.670107226
134.8000031,187.3963783,95.81296145,27.12452963,66.06619196,0.6709863401,110.1314575,6.504426479,297.8967285,0,111.1570892,9.999999747e-05,9.999999747e-05,106811.2031,10.9765501,3.664823429
135,193.1842006,92.14693732,27.08255958,65.61670224,0.6889470887,111.9132492,6.499961853,297.9342346,0,109.911911,9.999999747e-05,45.58563614,106839.7578,11.18435478,3.44887812
135.1999969,187.1551271,92.71071898,27.17252162,66.0569235,0.6765444877,107.9145379,6.496715069,297.8834534,0,110.4457626,9.999999747e-05,9.999999747e-05,106869.125,11.05556679,3.544146636
135.3999939,193.1938906,90.39502241,27.08171811,65.57491609,0.6939413544,111.0880901,6.494909286,297.9241333,0,112.2761917,9.999999747e-05,47.91779327,106897.5938,11.24316216,3.417258829
135.6000061,187.903169,91.90097357,27.13689386,65.94587269,0.6812554947,108.4318509,6.493191719,297.8692017,0,114.8279877,9.999999747e-05,9.999999747e-05,106927.5078,11.12909603,3.44844953
135.8000031,194.0527447,90.36317535,27.02254373,65.45921803,0.6980022063,112.2651462,6.492794037,297.9155884,0,118.0710907,9.999999747e-05,52.81902313,106957.1094,11.30868435,3.339732067
136,189.017147,92.41439834,27.0648466,65.81168431,0.6843227111,110.1440293,6.491974831,297.8558655,0,121.4692307,9.999999747e-05,9.999999747e-05,106988.4609,11.18999863,3.359026248
136.1999969,195.5029067,91.05470867,26.94277485,65.30562732,0.7017473261,114.3474023,6.491528511,297.9080505,0,125.2007828,9.999999747e-05,58.35596466,107019.5781,11.38690853,3.202838651
136.3999939,190.423501,93.26436676,26.98161781,65.67242219,0.6870391434,112.203747,6.492091656,297.8445435,0,129.1082001,9.999999747e-05,9.999999747e-05,107052.6953,11.24048901,3.315407386
136.6000061,197.3066329,92.00794183,26.85918609,65.13871747,0.7053859643,116.7839801,6.495453835,297.9064331,0,132.7882538,9.999999747e-05,63.1789856,107085.7969,11.40823936,3.32568567
136.8000031,191.9485959,95.17567662,26.90104779,65.56345861,0.6864398538,114.8028527,6.498216152,297.8442688,0,135.1175842,9.999999747e-05,9.999999747e-05,107120.8828,11.21919918,3.442427491
137,198.580869,93.84250932,26.79999182,65.05542237,0.703944166,119.1112925,6.500476837,297.9100647,0,136.3527527,9.999999747e-05,65.26641083,107155.2266,11.40889454,3.295884282
137.1999969,192.4436128,96.74416772,26.86089997,65.55770281,0.6832744153,116.2069007,6.501173973,297.8446655,0,136.6833496,9.999999747e-05,9.999999747e-05,107191.0078,11.21179962,3.367473649
137.3999939,199.0485242,94.49293022,26.77964721,65.03531197,0.7028099156,119.9084839,6.5019207,297.914093,0,136.7387238,9.999999747e-05,67.13697815,107225.5,11.41759586,3.219470554
137.6000061,192.5005972,97.07758001,26.85186489,65.5609769,0.682036524,116.4726215,6.502235413,297.8486023,0,136.4901581,9.999999747e-05,9.999999747e-05,107261.2969,11.20685387,3.345552904
137.8000031,199.1529414,94.58995782,26.77671287,65.02361229,0.7024152119,120.0920361,6.504063129,297.9181824,0,136.1173248,9.999999747e-05,67.2820282,107295.75,11.40094566,3.278553486
138,192.5021155,97.37256747,26.85063036,65.56593448,0.6806312549,116.6707814,6.50366354,297.8526917,0,135.0071411,9.999999747e-05,9.999999747e-05,107331.3047,11.19683647,3.327444021
138.1999969,198.9905667,94.62979729,26.78378607,65.04308057,0.7010010162,119.9343414,6.506079197,297.9206238,0,134.0688171,9.999999747e-05,66.50984192,107365.4219,11.37325859,3.335025757
138.3999939,192.3775393,97.41763791,26.86052627,65.58421627,0.6791727575,116.5395528,6.507899761,297.8590393,0,132.1480255,9.999999747e-05,9.999999747e-05,107400.6719,11.1367836,3.518354773
138.6000061,198.8560184,94.94102314,26.79958031,65.07887746,0.6980676784,119.8488499,6.509239197,297.9211426,0,129.5098877,9.999999747e-05,63.65213776,107434,11.33159542,3.367050949
138.8000031,191.8197002,97.37376926,26.88911542,65.66260839,0.6759963846,115.7930467,6.509052753,297.8596802,0,126.3355713,9.999999747e-05,9.999999747e-05,107468.0234,11.10406876,3.489786326
139,198.3684092,94.29108272,26.83981366,65.15590332,0.6957641483,118.6101114,6.509094238,297.9185791,0,123.2393646,9.999999747e-05,62.02536392,107499.8125,11.30336666,3.350275833
139.1999969,191.2903853,96.28536739,26.93773773,65.73224422,0.6750092392,114.274655,6.506538391,297.8548584,0,120.1209335,9.999999747e-05,9.999999747e-05,107532.0156,11.11255646,3.360862154
139.3999939,197.8108434,92.86104665,26.88659899,65.23297676,0.6954547872,116.8043549,6.505757332,297.9154053,0,118.0340652,9.999999747e-05,62.87308884,107562.1484,11.30805683,3.279419752
139.6000061,190.9706951,94.6210942,26.98294127,65.76651735,0.6764438555,112.6823033,6.502555847,297.8501282,0,116.2455902,9.999999747e-05,9.999999747e-05,107592.8672,11.14377594,3.25204365
139.8000031,197.5301194,91.45075424,26.91494617,65.26255633,0.6971004951,115.5117018,6.500847816,297.9143982,0,115.7513046,9.999999747e-05,64.70432281,107621.875,11.35373116,3.12795523
140,190.8301683,93.13111571,27.00238644,65.7576941,0.6793029169,111.6811591,6.498203278,297.8491821,0,115.9274979,9.999999747e-05,9.999999747e-05,107651.9375,11.19358349,3.15265527
140.1999969,197.5801612,90.53283747,26.91331548,65.2260422,0.7002413385,115.1911953,6.497315407,297.9156189,0,117.1693573,9.999999747e-05,65.7899704,107680.8906,11.40482044,3.048510563
140.3999939,191.2348555,92.53876562,26.98420357,65.68527226,0.6824965203,111.9323717,6.496241093,297.8504333,0,118.7577362,9.999999747e-05,9.999999747e-05,107711.3438,11.23862362,3.118391095
140.6000061,198.0215352,90.55654117,26.88373629,65.14960527,0.702712041,115.9194261,6.496773243,297.9173279,0,120.7819138,9.999999747e-05,66.07521057,107741.0859,11.44086552,3.031044984
140.8000031,191.9954361,92.92538594,26.9436582,65.59575947,0.6842136626,113.0528472,6.498970509,297.8520813,0,122.5873871,9.999999747e-05,9.999999747e-05,107772.6562,11.23616314,3.254836528
141,198.7948161,91.53466611,26.84470172,65.07575718,0.7026103334,117.3476815,6.501060009,297.918457,0,123.51371,9.999999747e-05,65.87906647,107803.4062,11.42968369,3.117474484
141.1999969,192.545852,94.19780781,26.90858454,65.56800634,0.6819467704,114.300841,6.504468441,297.8531494,0,123.6099243,9.999999747e-05,9.999999747e-05,107835.7734,11.19175434,3.390541354
141.3999939,199.3102161,92.57873407,26.82607627,65.06286525,0.699924569,118.3206973,6.508766174,297.9187012,0,122.3381195,9.999999747e-05,65.55754852,107866.9297,11.35393524,3.364771255
141.6000061,192.6594336,95.54228593,26.90288189,65.61272685,0.676901008,114.9768183,6.509556293,297.853363,0,119.3485184,9.999999747e-05,9.999999747e-05,107898.8516,11.13819313,3.393337594
141.8000031,199.0786952,92.85023707,26.84851189,65.1437416,0.6955067935,117.8364816,6.510056496,297.9184265,0,116.0572586,9.999999747e-05,65.3183136,107928.6016,11.32856274,3.239778103
142,191.9014581,94.82684899,26.94999101,65.71508242,0.6743554456,113.4906925,6.508617878,297.8531189,0,112.5554581,9.999999747e-05,9.999999747e-05,107958.7656,11.11948299,3.316741047
142.1999969,198.5825961,91.5932401,26.89945416,65.22230016,0.6947065703,116.1590513,6.508569717,297.9179688,0,109.6346283,9.999999747e-05,65.22286224,107986.7188,11.31017685,3.244080572
142.3999939,191.456438,93.34872928,27.00460697,65.77820403,0.6745806591,111.8075859,6.508142948,297.8562317,0,106.7223282,9.999999747e-05,9.999999747e-05,108015.2969,11.08860493,3.435015473
142.6000061,198.3805171,90.47330216,26.94431656,65.2711794,0.6946269542,114.8679529,6.507553101,297.9176331,0,103.9862976,9.999999747e-05,63.49598694,108041.6797,11.29910755,3.251352164
142.8000031,191.0914094,92.06760963,27.05109727,65.83930176,0.6746662887,110.343,6.50563097,297.854248,0,101.4856339,9.999999747e-05,9.999999747e-05,108068.5938,11.10292721,3.330442515
143,197.9507515,89.13036502,26.9849061,65.33812606,0.695008614,113.3448812,6.504756451,297.915741,0,99.75773621,9.999999747e-05,63.520401,108093.5859,11.30575466,3.211507368
143.1999969,190.9844023,90.610038,27.08669928,65.86634641,0.6763941843,109.1363063,6.503353119,297.8527222,0,98.37185669,9.999999747e-05,9.999999747e-05,108119.3516,11.11813354,3.321787679
143.3999939,197.8141961,88.1443537,27.00662839,65.3634308,0.696127836,112.4817783,6.502652645,297.9146423,0,97.55240631,9.999999747e-05,63.73935318,108143.5234,11.3222599,3.175220964
143.6000061,190.9699808,89.70487034,27.10176293,65.87289503,0.6777741942,108.5215559,6.500870228,297.8496399,0,97.00911713,9.999999747e-05,9.999999747e-05,108168.5781,11.15429688,3.205763699
143.8000031,197.6745093,87.4620935,27.01201145,65.3748561,0.6973037353,111.99097,6.501063824,297.9141846,0,97.18465424,9.999999747e-05,65.05620575,108192.4688,11.33886814,3.161772352
144,191.1659917,89.24880682,27.09944462,65.8483293,0.67919284,108.4877205,6.500201225,297.8491821,0,97.27274323,9.999999747e-05,9.999999747e-05,108217.4453,11.17315578,3.195869085
144.1999969,197.7888604,87.37182298,27.00315772,65.35531743,0.6979546414,112.144256,6.501559258,297.9151306,0,97.71567535,9.999999747e-05,65.7913208,108241.4922,11.34221649,3.198314472
144.3999939,191.4245728,89.41373972,27.08718932,65.81958402,0.6792777363,108.8709322,6.502140522,297.8504639,0,97.60475922,9.999999747e-05,9.999999747e-05,108266.7422,11.15771675,3.29937041
144.6000061,198.1283202,87.72672453,26.99286993,65.32972286,0.6973699334,112.6149156,6.503042698,297.9163208,0,97.2710495,9.999999747e-05,65.78556824,108290.7812,11.34462452,3.163149092
144.8000031,191.4199974,89.65591624,27.08248008,65.82716423,0.6780529267,108.9803478,6.502974987,297.8513184,0,96.57292175,9.999999747e-05,9.999999747e-05,108315.8594,11.15588665,3.253340084
145,198.187356,87.68900001,26.99467625,65.33445247,0.6968211203,112.5640501,6.503493309,297.9169617,0,95.90602112,9.999999747e-05,65.70321655,108339.5625,11.34619045,3.128993989
145.1999969,191.4255743,89.4816829,27.08719163,65.83638544,0.6776818077,108.8057187,6.503391266,297.8519592,0,95.02677155,9.999999747e-05,9.999999747e-05,108364.2656,11.15337658,3.250722452
145.3999939,198.2382245,87.4776277,27.00095255,65.34256619,0.6965740821,112.3693912,6.504232883,297.9171753,0,94.19230652,9.999999747e-05,65.51931,108387.5938,11.33726978,3.165655533
145.6000061,191.5234365,89.27235051,27.09479805,65.8437534,0.6773696215,108.6195161,6.503127098,297.8522034,0,93.01615906,9.999999747e-05,9.999999747e-05,108411.7031,11.16656208,3.160801551
145.8000031,198.0543825,87.1149494,27.01157353,65.37131166,0.6961506107,111.9023043,6.502963066,297.9170837,0,92.29155731,9.999999747e-05,65.3583374,108434.3828,11.35459518,3.050568662
146,191.4374154,88.64649392,27.10551386,65.85709446,0.678025944,108.1425904,6.501778126,297.8521423,0,91.62326813,9.999999747e-05,9.999999747e-05,108457.9219,11.18702984,3.091798612
146.1999969,197.9630516,86.64039319,27.01755912,65.38032109,0.6968001595,111.5524113,6.502205372,297.9168396,0,91.43527985,9.999999747e-05,65.27267456,108480.2891,11.36468601,3.044121928
146.3999939,191.5644886,88.29402963,27.10619047,65.84654968,0.6787895919,108.050879,6.501453876,297.8519287,0,91.06795502,9.999999747e-05,9.999999747e-05,108503.5859,11.20141506,3.069728013
146.6000061,197.9789351,86.49134361,27.01561299,65.37883339,0.6969506049,111.5056461,6.50154686,297.9165649,0,91.01018524,9.999999747e-05,65.26335144,108525.7266,11.38618565,2.951176657
146.8000031,191.5676332,88.08727284,27.10224145,65.84316471,0.6791022913,108.0024124,6.501203537,297.8516846,0,90.90880585,9.999999747e-05,9.999999747e-05,108548.9062,11.21474361,3.037042752
147,198.058394,86.41515862,27.01030709,65.36874265,0.6972131498,111.5824806,6.50178957,297.9163513,0,90.94874573,9.999999747e-05,65.29908752,108571.0156,11.395751,2.93634542
147.1999969,191.6924608,88.11523947,27.09463575,65.83131274,0.6790476433,108.1611611,6.501389027,297.8514404,0,90.74992371,9.999999747e-05,9.999999747e-05,108594.125,11.22938156,2.976660329
147.3999939,198.0699078,86.43884907,27.00472251,65.36682025,0.6969408225,111.6501699,6.502133369,297.9161682,0,90.71754456,9.999999747e-05,65.34771729,108616.1797,11.40395927,2.90078816
147.6000061,191.7988561,88.13432104,27.08852209,65.82303161,0.6788864208,108.2810936,6.500817299,297.8513184,0,90.38040161,9.999999747e-05,9.999999747e-05,108639.0625,11.25871944,2.82584328
147.8000031,197.9077813,86.32692624,27.00127322,65.37671901,0.6967457361,111.5387101,6.500830173,297.9161072,0,90.58022308,9.999999747e-05,65.38334656,108660.9062,11.43469906,2.744095404
148,191.7969534,87.85477294,27.08231254,65.81416344,0.6796223548,108.2509204,6.5003438,297.8512268,0,90.76387024,9.999999747e-05,9.999999747e-05,108683.7734,11.27731323,2.797013201
148.1999969,198.0102591,86.30553795,26.9917293,65.35853242,0.6972082619,111.7284338,6.50101614,297.9160156,0,91.14801788,9.999999747e-05,65.4078598,108705.7266,11.45075798,2.7155913
148.3999939,191.9298323,87.99701368,27.06909361,65.79601842,0.679550092,108.5433167,6.501357555,297.8511658,0,91.25780487,9.999999747e-05,9.999999747e-05,108728.7891,11.28174877,2.80764215
148.6000061,198.1713392,86.56588699,26.98064353,65.34255412,0.6967062742,112.0601168,6.50253582,297.9159241,0,91.23574066,9.999999747e-05,65.42812347,108750.8672,11.45127392,2.720189429
148.8000031,192.0376359,88.32649447,27.05938502,65.79048848,0.6785012051,108.8180903,6.502709389,297.8510437,0,90.73867035,9.999999747e-05,9.999999747e-05,108773.9141,11.28294182,2.772683424
149,198.2055229,86.73490272,26.97727087,65.34773835,0.6956447624,112.141906,6.504315853,297.915802,0,90.17810059,9.999999747e-05,65.44729614,108795.9219,11.41786861,2.799900382
149.1999969,192.4546797,88.39787154,27.06080279,65.76954531,0.6782845901,109.0289121,6.505177975,297.8508911,0,88.9671402,9.999999747e-05,9.999999747e-05,108818.8281,11.21018887,3.051048316
149.3999939,199.1361002,86.6437355,26.98281764,65.29731473,0.6965099589,112.5053986,6.50520277,297.9156494,0,87.41833496,9.999999747e-05,65.48345947,108840.1719,11.37943745,2.92795395
149.6000061,192.8606522,87.94428123,27.0778525,65.76158496,0.6788400905,108.7990771,6.50320673,297.8507996,0,85.85984802,9.999999747e-05,9.999999747e-05,108862.0469,11.20139027,2.98995714
149.8000031,199.3943388,85.67222131,27.00217805,65.29261998,0.6987424131,111.9618498,6.502455235,297.9155884,0,85.10374451,9.999999747e-05,65.49343109,108882.5625,11.36512756,3.01301662
150,193.4252928,86.796221,27.09471434,65.72064249,0.6824120582,108.4772248,6.501018047,297.8507385,0,84.63774872,9.999999747e-05,9.999999747e-05,108903.8906,11.1883812,3.167634621
150.1999969,199.9636337,84.9384853,27.0065543,65.24399779,0.702004763,111.9670955,6.499905586,297.9155273,0,84.75275421,9.999999747e-05,65.49623871,108924.0547,11.37075424,3.063702539
150.3999939,193.8967969,86.12084206,27.0931178,65.66876672,0.6854792814,108.565616,6.498031139,297.8507385,0,85.30961609,9.999999747e-05,9.999999747e-05,108945.2188,11.20629311,3.148615039
150.6000061,200.3329306,84.46462859,26.99638279,65.18691182,0.7052765479,112.2282798,6.496836185,297.9154968,0,86.61972809,9.999999747e-05,65.48391724,108965.5781,11.39208794,3.046759451
150.8000031,194.4838362,85.76126394,27.0720411,65.5818286,0.6891517755,109.1633038,6.495405197,297.850708,0,88.40319824,9.999999747e-05,9.999999747e-05,108987.2422,11.23287296,3.143519647
151,200.8417294,84.45516335,26.96695254,65.09569585,0.7086412577,113.0724916,6.495344162,297.9154053,0,90.76189423,9.999999747e-05,65.47343445,109008.5312,11.4067564,3.114790254
151.1999969,195.3165983,86.09284637,27.03093383,65.46152789,0.6921524192,110.4410135,6.494876862,297.8506165,0,93.13993835,9.999999747e-05,9.999999747e-05,109031.3359,11.24676609,3.204752983
151.3999939,201.5733876,85.03197247,26.92460828,64.98381683,0.7109695836,114.4408161,6.49533844,297.9152222,0,95.7105484,9.999999747e-05,65.48526764,109053.875,11.41880703,3.148669605
151.6000061,196.1920406,86.83629177,26.98269838,65.34252246,0.6940148526,111.957749,6.49650526,297.8503723,0,98.0920639,9.999999747e-05,9.999999747e-05,109078.1094,11.23512936,3.378947822
151.8000031,202.5241659,85.93577391,26.8803955,64.86723728,0.7123031204,116.0537231,6.497813702,297.9150085,0,100.0075302,9.999999747e-05,65.53197479,109101.9453,11.406003,3.287971014
152,197.0538492,87.91134197,26.93938492,65.24734419,0.6939862045,113.4733014,6.498993874,297.8500977,0,101.4014359,9.999999747e-05,9.999999747e-05,109127.2812,11.21319962,3.487303357
152.1999969,203.3410742,86.71578277,26.84802415,64.78348172,0.7126701556,117.3238514,6.500766754,297.9147339,0,102.3241043,9.999999747e-05,65.60054779,109151.9688,11.37777138,3.454427342
152.3999939,197.782004,88.72485213,26.91162679,65.18214813,0.693484979,114.5807624,6.502218246,297.8497925,0,102.5353851,9.999999747e-05,9.999999747e-05,109177.9531,11.17005348,3.691467688
152.6000061,204.0937951,87.25862982,26.83044364,64.72675914,0.7124718653,118.2124152,6.503890991,297.9145203,0,102.1690063,9.999999747e-05,65.68327332,109202.9141,11.33757401,3.641306521
152.8000031,198.2769629,89.17506878,26.9028967,65.15457847,0.6924854909,115.1285896,6.504499912,297.8514099,0,101.1317444,9.999999747e-05,9.999999747e-05,109228.8438,11.12540531,3.844900126
153,204.5756422,87.29596958,26.83213131,64.70273561,0.7123692492,118.4556394,6.504888535,297.9143982,0,99.85509491,9.999999747e-05,64.83582306,109253.3516,11.30804634,3.732001935
153.1999969,198.5604779,88.88614739,26.9128154,65.1475927,0.6927085738,115.0063206,6.503705025,297.8517761,0,98.42025757,9.999999747e-05,9.999999747e-05,109278.5547,11.11072445,3.851022519
153.3999939,204.7843542,86.68285671,26.84564974,64.69831846,0.7136295434,118.1005406,6.502385139,297.9134521,0,97.46342468,9.999999747e-05,64.17343903,109302.2422,11.31043816,3.68633538
153.6000061,198.7946661,87.93680989,26.92674862,65.12995631,0.6953355491,114.5726616,6.500538349,297.8507996,0,97.02988434,9.999999747e-05,9.999999747e-05,109326.7656,11.12518883,3.831606501
153.8000031,204.9905519,85.89736889,26.85104548,64.67298117,0.7165894704,117.8423898,6.499843121,297.9125366,0,97.33635712,9.999999747e-05,64.06240845,109350.2109,11.31661987,3.770231388
154,199.3023721,87.32440073,26.92248628,65.07201759,0.6986678107,114.7227523,6.497770309,297.8487549,0,97.91553497,9.999999747e-05,9.999999747e-05,109374.6172,11.15382385,3.789727602
154.1999969,205.2970691,85.52779921,26.83896131,64.62540638,0.7194450802,118.0777974,6.495799065,297.9116821,0,99.33197784,9.999999747e-05,64.81560516,109398.1328,11.36106205,3.589622994
154.3999939,199.7876313,86.82837011,26.90202447,64.99425598,0.7028273108,115.1529715,6.49276495,297.8468933,0,101.5321655,9.999999747e-05,9.999999747e-05,109422.8438,11.22021866,3.563784323
154.6000061,205.7354038,85.20516236,26.8079941,64.53360293,0.724362364,118.7465428,6.491332054,297.9117126,0,104.9499054,9.999999747e-05,65.78357697,109447.2734,11.4226923,3.47937751
154.8000031,200.768691,86.76035438,26.85366151,64.84936976,0.7085305041,116.4367386,6.490911007,297.8468933,0,108.9321594,9.999999747e-05,9.999999747e-05,109473.5234,11.27013111,3.630573728
155,206.7221062,85.81293476,26.75144651,64.38911954,0.7284569828,120.4595174,6.491945267,297.9125366,0,113.0846405,9.999999747e-05,66.25798035,109499.8984,11.45484829,3.583983256
155.1999969,202.1005859,87.88352925,26.78725061,64.69847679,0.7109223023,118.5247052,6.492330074,297.8476868,0,116.8218307,9.999999747e-05,9.999999747e-05,109528.0547,11.29811096,3.647501963
155.3999939,207.8621765,86.90453772,26.69402911,64.26031024,0.7303408755,122.3828725,6.493833542,297.9133301,0,120.4118042,9.999999747e-05,66.32626343,109556.2266,11.47793388,3.595624976
155.6000061,203.414926,89.02447678,26.72885851,64.57717872,0.7121991838,120.4243948,6.495575428,297.8484192,0,123.3947754,9.999999747e-05,9.999999747e-05,109586.1094,11.3013649,3.764596413
155.8000031,208.9784793,88.02348913,26.64635207,64.16032999,0.7308770524,124.1257059,6.496805668,297.9136963,0,125.6837463,9.999999747e-05,66.20491028,109615.6562,11.48387337,3.620457155
156,204.4787569,90.03819754,26.68551002,64.49879521,0.7121183673,121.9089142,6.497492313,297.8487244,0,127.4829712,9.999999747e-05,9.999999747e-05,109646.5547,11.30604553,3.742823261
156.1999969,209.8349224,88.62024477,26.6152594,64.09001991,0.7317479516,125.2611839,6.499342442,297.9136353,0,129.0077972,9.999999747e-05,66.05955505,109676.9766,11.48001003,3.718211599
156.3999939,205.3250513,90.70578519,26.65567931,64.44098578,0.7121067226,122.9837064,6.500583172,297.8486328,0,129.7868958,9.999999747e-05,9.999999747e-05,109708.6016,11.28892326,3.869664543
156.6000061,210.4931751,89.18648746,26.5938643,64.04681488,0.7313707499,126.1467076,6.50124979,297.9132996,0,130.0754852,9.999999747e-05,65.99208069,109739.3594,11.47169209,3.729527954
156.8000031,205.8160562,91.02877027,26.64056276,64.41093545,0.7118168096,123.5541675,6.501554489,297.8483276,0,130.0973206,9.999999747e-05,9.999999747e-05,109771.0938,11.27897263,3.890561928
157,210.9142398,89.23691776,26.5851464,64.01513171,0.7319456315,126.5217181,6.502550602,297.9129333,0,129.9965973,9.999999747e-05,66.00199127,109801.8984,11.45792389,3.833420065
157.1999969,206.1721719,91.12092354,26.63295129,64.38559542,0.7118584608,123.8948189,6.500884056,297.8479614,0,129.4940948,9.999999747e-05,9.999999747e-05,109833.4297,11.28091812,3.82809878
157.3999939,211.1984914,88.97036275,26.58290082,63.98864271,0.7332622906,126.594866,6.500788212,297.9126282,0,129.6690369,9.999999747e-05,66.05396271,109864,11.46817398,3.796346121
157.6000061,206.5839629,90.6495508,26.63022933,64.34207453,0.7143176081,123.9659003,6.500812054,297.8476562,0,129.8686523,9.999999747e-05,9.999999747e-05,109895.5625,11.28028679,3.97371374
157.8000031,211.6310596,88.8708617,26.57475597,63.95098603,0.7346194762,126.9053049,6.502497196,297.912384,0,130.0635376,9.999999747e-05,66.12354279,109926.3516,11.45361519,3.983058578
158,206.9992117,90.85477805,26.61948004,64.3140067,0.714189109,124.4200946,6.500771523,297.8474426,0,129.5791931,9.999999747e-05,9.999999747e-05,109957.8438,11.28053761,3.924662273
158.1999969,211.9282909,88.736586,26.57041579,63.92684341,0.7354866593,127.063437,6.500648499,297.9122314,0,129.8015594,9.999999747e-05,66.17913055,109988.4219,11.46742725,3.891343345
158.3999939,207.396602,90.39011883,26.61657125,64.27270086,0.7166226376,124.4784708,6.501329899,297.8472595,0,130.0570984,9.999999747e-05,9.999999747e-05,110020.0391,11.27493668,4.118598397
158.6000061,212.3648975,88.73888875,26.56135068,63.89159657,0.7364325799,127.4319886,6.501209259,297.9120789,0,130.0426025,9.999999747e-05,66.22649384,110050.7031,11.46596813,3.944365858
158.8000031,207.7836904,90.3938849,26.60818877,64.24418803,0.7171718918,124.7853235,6.500000954,297.847168,0,130.0814819,9.999999747e-05,9.999999747e-05,110082.2031,11.28828144,4.019824399
159,212.7037314,88.44789015,26.55648395,63.85790905,0.7383185745,127.5530348,6.500553131,297.9119568,0,130.604599,9.999999747e-05,66.24771881,110112.9219,11.47264004,4.005057456
159.1999969,208.2906961,90.20460498,26.5992978,64.1994677,0.7190168119,125.0902579,6.500599384,297.8470154,0,130.8977051,9.999999747e-05,9.999999747e-05,110144.6172,11.28898335,4.133474675
159.3999939,213.140247,88.49696926,26.54600331,63.82495602,0.7391176804,127.9423365,6.502966404,297.9117737,0,131.179657,9.999999747e-05,66.26925659,110175.6406,11.45525551,4.192348144
159.6000061,208.692471,90.53898333,26.58703419,64.17645456,0.7183159916,125.6021186,6.504750729,297.8469543,0,130.5055237,9.999999747e-05,9.999999747e-05,110207.6016,11.2490921,4.376001932
159.8000031,213.4345147,88.93862699,26.53836087,63.81814188,0.7372137586,128.4010556,6.507218838,297.9115295,0,129.1269073,9.999999747e-05,66.23886871,110238.5078,11.41033554,4.358206578
160,208.6338662,90.96194555,26.58665827,64.19520196,0.7152879744,125.7874224,6.507414818,297.8483582,0,126.7570419,9.999999747e-05,9.999999747e-05,110269.9141,11.20192814,4.441370081
160.1999969,213.3325961,88.89467067,26.54926008,63.83634486,0.7354040312,128.2049842,6.506642818,297.9113159,0,124.3183975,9.999999747e-05,65.42541504,110299.7188,11.39063549,4.258113747
160.3999939,208.313701,90.32852176,26.60820961,64.21531441,0.7152542298,125.1206601,6.504566669,297.8476257,0,122.1843948,9.999999747e-05,9.999999747e-05,110329.8906,11.19809341,4.348027771
160.6000061,213.192256,87.98516664,26.56989295,63.84196775,0.7371348422,127.4658021,6.503428936,297.9103394,0,120.8821487,9.999999747e-05,65.31330872,110358.6797,11.39271069,4.267414848
160.8000031,208.3447691,89.3432873,26.62521052,64.19927887,0.7180755903,124.5542233,6.50089407,297.8465881,0,120.0277405,9.999999747e-05,9.999999747e-05,110388.0234,11.21935081,4.304119621
161,213.2739272,87.18990368,26.57833994,63.82483694,0.7399654692,127.0602325,6.49920702,297.9096375,0,120.194809,9.999999747e-05,65.49517822,110416.3047,11.4217186,4.186716756
161.1999969,208.7248566,88.47689177,26.62684463,64.15126957,0.7223352187,124.401969,6.497622967,297.8456726,0,121.0294418,9.999999747e-05,9.999999747e-05,110445.5312,11.25657845,4.29730822
161.3999939,213.6789944,86.75179175,26.56934558,63.77686199,0.7433627505,127.2211609,6.497723579,297.9093018,0,122.5000534,9.999999747e-05,65.82263184,110474.1797,11.44580364,4.256529072
161.6000061,209.4393192,88.35381634,26.60862266,64.08602995,0.7252044748,124.953323,6.496497154,297.8445129,0,123.9251556,9.999999747e-05,9.999999747e-05,110503.8594,11.28949833,4.261693511
161.8000031,214.3003868,86.77495095,26.54934459,63.72123381,0.7456808364,127.8092111,6.496665001,297.9093018,0,125.850563,9.999999747e-05,66.44437408,110533.0859,11.47746944,4.197745701
162,210.273784,88.39245015,26.58512687,64.01804617,0.7278299483,125.6574498,6.496355534,297.8445129,0,127.7000122,9.999999747e-05,9.999999747e-05,110563.4766,11.31783772,4.266050967
162.1999969,215.032709,86.98872777,26.52553102,63.66050507,0.7476274529,128.5794786,6.497029781,297.90979,0,129.6794281,9.999999747e-05,66.73262024,110593.4766,11.50160027,4.187868133
162.3999939,211.1572912,88.67576661,26.55906063,63.95579307,0.7294537158,126.4922559,6.498140335,297.8449707,0,131.3843231,9.999999747e-05,9.999999747e-05,110624.6953,11.32923603,4.34106346
162.6000061,215.7516154,87.4306195,26.50196575,63.61136765,0.7482027294,129.4241516,6.498838902,297.9102173,0,132.6466522,9.999999747e-05,66.76665497,110655.3672,11.51057434,4.189275213
162.8000031,211.8758308,89.09586416,26.53689685,63.91436729,0.7296201355,127.2472459,6.497917175,297.8454285,0,133.6324463,9.999999747e-05,9.999999747e-05,110686.9375,11.35016346,4.194109024
163,216.33108,87.4752869,26.48701421,63.56797355,0.7498218072,129.9111312,6.499632359,297.9104004,0,134.99086,9.999999747e-05,66.66970062,110718.0859,11.52161026,4.240734653
163.1999969,212.5738466,89.27735301,26.51917652,63.87047507,0.7306391817,127.8494665,6.500944614,297.8455505,0,135.6493683,9.999999747e-05,9.999999747e-05,110750.2109,11.34164524,4.365230663
163.3999939,216.8452026,87.92500877,26.47077585,63.5425993,0.7490773333,130.5599746,6.503596306,297.9102478,0,135.7926483,9.999999747e-05,66.57990265,110781.7422,11.49995708,4.369762806
163.6000061,212.8881307,89.85084257,26.5051634,63.86339585,0.7284747719,128.4130955,6.505048752,297.8453979,0,134.8695374,9.999999747e-05,9.999999747e-05,110813.9844,11.30461979,4.483300607
163.8000031,217.005171,88.31799117,26.46497335,63.54337738,0.7468942293,130.9103736,6.506063461,297.9099731,0,133.373764,9.999999747e-05,66.54679871,110845.1328,11.47213364,4.370013069
164,212.741044,89.97503298,26.50750994,63.87707558,0.7264798741,128.4084756,6.504662514,297.8451233,0,131.4696045,9.999999747e-05,9.999999747e-05,110876.6172,11.28852367,4.376534035
164.1999969,216.9111116,87.93809254,26.4746079,63.54568412,0.7471008742,130.6045431,6.503540516,297.909668,0,130.1324463,9.999999747e-05,66.56023407,110906.8672,11.47499561,4.264719747
164.3999939,212.6798291,89.2447697,26.52015143,63.86544624,0.7284507546,127.9700025,6.501802444,297.8448792,0,129.2354736,9.999999747e-05,9.999999747e-05,110937.6328,11.30040932,4.352572566
164.6000061,216.9877481,87.3118355,26.48159912,63.5282329,0.7493926463,130.302647,6.500795841,297.9094543,0,129.0366364,9.999999747e-05,66.59324646,110967.4297,11.49081993,4.25694599
164.8000031,212.967305,88.6298898,26.52260656,63.83137734,0.7313925443,127.8552102,6.498051643,297.8447266,0,129.236145,9.999999747e-05,9.999999747e-05,110997.8516,11.33784485,4.230209225
165,217.316043,86.74275316,26.47940769,63.49164201,0.7528035252,130.2476111,6.496197224,297.9093323,0,130.5411987,9.999999747e-05,66.6186142,111027.5938,11.53792381,4.114672127
165.1999969,213.7299565,87.92076674,26.51444118,63.76281572,0.7367027959,128.0173108,6.49586916,297.8446045,0,132.5795898,9.999999747e-05,9.999999747e-05,111058.4688,11.38450813,4.283735551
165.3999939,218.0577427,86.60425361,26.4620051,63.43431659,0.7560510616,130.7383089,6.496554375,297.9091797,0,134.7469788,9.999999747e-05,66.641716,111089.0781,11.56440926,4.212416604
165.6000061,214.7380727,88.14770313,26.49005918,63.70294228,0.7386165082,128.8138678,6.497689247,297.8444519,0,136.6420135,9.999999747e-05,9.999999747e-05,111120.8203,11.4034729,4.340243598
165.8000031,218.8412819,87.00557249,26.43990232,63.39242596,0.7565868836,131.5155011,6.49976635,297.9089661,0,138.0848389,9.999999747e-05,66.67072296,111152.2734,11.56659603,4.297068368
166,215.4828465,88.72998383,26.46750609,63.673308,0.7377560592,129.6096478,6.501215458,297.8442078,0,138.6950531,9.999999747e-05,9.999999747e-05,111184.6172,11.39380836,4.391776502
166.1999969,219.3318347,87.48324273,26.42443078,63.37356362,0.7554222116,132.1357846,6.505962849,297.9086914,0,138.7307129,9.999999747e-05,66.71295166,111216.5938,11.52781487,4.556338011
166.3999939,215.6479928,89.59542403,26.45186989,63.68139875,0.7337150994,130.2600985,6.508975506,297.8460999,0,136.8547058,9.999999747e-05,9.999999747e-05,111249.1406,11.32036686,4.673048158
166.6000061,219.1919962,88.28628426,26.41901286,63.39672898,0.7503452132,132.5697573,6.512791634,297.9118347,0,133.7897797,9.999999747e-05,65.6783905,111280.6016,11.44969177,4.727348052
166.8000031,214.8746066,90.25223988,26.45776707,63.73089139,0.7276782261,130.2588216,6.514957428,297.8548279,0,129.1902313,9.999999747e-05,9.999999747e-05,111312.1875,11.21708298,4.920575916
167,218.4423609,88.510482,26.4384561,63.44172961,0.7454544972,132.2043442,6.516141891,297.9186096,0,123.7323074,9.999999747e-05,62.56421661,111341.8984,11.36438847,4.852404359
167.1999969,213.6919672,89.98556924,26.49276566,63.79168197,0.7237108274,129.3402152,6.514711857,297.8646545,0,117.7986069,9.999999747e-05,9.999999747e-05,111371.25,11.14724731,4.949114726
167.3999939,217.5513223,87.61557792,26.48378046,63.49758637,0.7439383811,130.8434249,6.512456417,297.9240112,0,112.4423294,9.999999747e-05,59.19561005,111398.3984,11.32367802,4.819613692
167.6000061,212.8566586,88.41550757,26.54767006,63.83173754,0.7254833869,127.7052482,6.508531094,297.8715515,0,107.9826813,9.999999747e-05,9.999999747e-05,111425.2344,11.14367008,4.882746217
167.8000031,216.8866143,86.00442459,26.53212319,63.53932763,0.7466078373,129.1978447,6.504117966,297.9249268,0,105.0959015,9.999999747e-05,56.26720428,111450.25,11.34302139,4.675973416
168,212.664565,86.41404361,26.58900868,63.82909044,0.7319069346,126.3465603,6.498976231,297.8701172,0,103.9705582,9.999999747e-05,9.999999747e-05,111475.4062,11.21443939,4.655679361
168.1999969,216.6722009,84.44446596,26.55415379,63.53976838,0.7524346304,128.1649488,6.494885445,297.920166,0,104.9027405,9.999999747e-05,55.75419235,111499.7266,11.41155243,4.503208169
168.3999939,213.2052479,84.98175705,26.59050679,63.76453471,0.7403517688,126.0847195,6.490914345,297.8616638,0,107.4655762,9.999999747e-05,9.999999747e-05,111524.9297,11.31812382,4.454188439
168.6000061,217.2431145,83.7080163,26.53500921,63.47474014,0.7591067479,128.408646,6.488908768,297.9119568,0,111.6198349,9.999999747e-05,57.71835709,111550.2422,11.50044918,4.36340968
168.8000031,214.4614232,84.65482516,26.55375143,63.65591744,0.7473504856,127.0013893,6.488520145,297.8512573,0,116.5702362,9.999999747e-05,9.999999747e-05,111577.1172,11.40245247,4.43556159
169,218.5680637,84.04439825,26.48890784,63.37231105,0.7634701743,129.7323228,6.491065025,297.9066162,0,121.6771088,9.999999747e-05,60.52761841,111604.6406,11.54936218,4.481857557
169.1999969,215.9679983,85.66795068,26.50159576,63.56451679,0.7482435346,128.6222262,6.49492836,297.8469238,0,125.7615051,9.999999747e-05,9.999999747e-05,111633.7891,11.40901279,4.635347286
169.3999939,219.7997147,85.37779381,26.44377996,63.30556717,0.7616531011,131.3754209,6.499303341,297.9057617,0,128.3055725,9.999999747e-05,62.35634232,111663.1016,11.53500271,4.593009185
169.6000061,216.8133958,87.22311975,26.46241703,63.5412834,0.7433574481,130.0038048,6.503876209,297.84729,0,129.1022949,9.999999747e-05,9.999999747e-05,111693.4766,11.3555603,4.775255494
169.8000031,220.2937526,86.60013364,26.41953837,63.2919039,0.7570628915,132.4492965,6.508570671,297.909729,0,128.0708313,9.999999747e-05,62.79452133,111723.2812,11.46983433,4.781413792
170,216.6306533,88.48192553,26.44827535,63.56950686,0.736386543,130.6533209,6.510308743,297.8522034,0,125.1617584,9.999999747e-05,9.999999747e-05,111753.2891,11.2782402,4.796188007
170.1999969,219.9945238,87.07797957,26.42375408,63.31653306,0.7526801963,132.5404442,6.511198044,297.9139709,0,121.5674973,9.999999747e-05,62.43536758,111781.8438,11.41926765,4.706875019
170.3999939,215.9345263,88.37111162,26.46727596,63.60923477,0.7333974411,130.1454046,6.509501457,297.856842,0,117.6109085,9.999999747e-05,9.999999747e-05,111810.2188,11.2385931,4.715933642
170.6000061,219.5152682,86.41110828,26.45003698,63.34298556,0.7525110231,131.7408606,6.507579803,297.9163818,0,114.3387375,9.999999747e-05,61.207798,111836.9766,11.40717697,4.60926376
170.8000031,215.5005478,87.24531778,26.49846278,63.6238312,0.735641071,129.1772831,6.504119396,297.8592224,0,111.8277664,9.999999747e-05,9.999999747e-05,111863.7109,11.25265503,4.613276142
171,219.2515287,85.29446632,26.47440363,63.35161632,0.7556596329,130.8520632,6.501101017,297.9159851,0,110.7051392,9.999999747e-05,60.19779587,111889.2344,11.43641376,4.490926395
171.1999969,215.6127391,85.96574231,26.51596995,63.599898,0.7411245571,128.5572947,6.497485161,297.8571777,0,110.783493,9.999999747e-05,9.999999747e-05,111915.1797,11.31132889,4.477593747
171.3999939,219.4341971,84.38042526,26.47842725,63.32632222,0.7605299006,130.5195282,6.495198727,297.9125671,0,112.3116226,9.999999747e-05,60.39407349,111940.6172,11.49285221,4.387226894
171.6000061,216.3041724,85.19803107,26.50766599,63.53848035,0.7471714996,128.6977673,6.492075443,297.8502502,0,114.7481461,9.999999747e-05,9.999999747e-05,111966.8984,11.39198303,4.301509105
171.8000031,220.2069844,83.95755598,26.45932895,63.26517618,0.7657666908,130.9307159,6.490837097,297.9059753,0,118.4409561,9.999999747e-05,62.48621368,111993.2422,11.56887817,4.237230613
172,217.5819778,84.96231082,26.47874005,63.45316406,0.7528150618,129.4704969,6.489681244,297.8415222,0,122.6201401,9.999999747e-05,9.999999747e-05,112020.8672,11.46906948,4.217269616
172.1999969,221.5370954,84.08623141,26.42480306,63.18190643,0.7700915948,131.9533105,6.49072361,297.901947,0,127.267395,9.999999747e-05,64.96446228,112048.9062,11.63194942,4.199115975
172.3999939,219.1413939,85.42031999,26.44004892,63.37309941,0.7555482854,130.6493267,6.492347717,297.8374939,0,131.490799,9.999999747e-05,9.999999747e-05,112078.3672,11.50963688,4.259880408
172.6000061,222.8914013,84.79770806,26.38881314,63.11489077,0.7710607336,133.1974338,6.495228767,297.9016113,0,135.0696259,9.999999747e-05,66.94637299,112108.1172,11.6558609,4.228261277
172.8000031,220.3840068,86.36562763,26.40533691,63.33045474,0.7542334197,131.8038178,6.498081684,297.8371277,0,137.4938202,9.999999747e-05,9.999999747e-05,112139,11.50656223,4.310801798
173,223.7617316,85.66756699,26.36238452,63.08268553,0.7692250859,134.2153343,6.501063824,297.9031067,0,138.7809906,9.999999747e-05,67.96157837,112169.7109,11.64571381,4.247637221
173.1999969,220.9141048,87.25474805,26.38341665,63.32327548,0.7508604289,132.5752191,6.506462574,297.8395386,0,138.8747253,9.999999747e-05,9.999999747e-05,112201.3672,11.44991398,4.573456593
173.3999939,223.8800204,86.63166535,26.34682709,63.0853354,0.7645163467,134.9386288,6.509974003,297.9047852,0,136.8014984,9.999999747e-05,67.65648651,112232.1953,11.57599068,4.44692926
173.6000061,220.3803122,88.31743468,26.37374677,63.36036785,0.743652818,133.0090304,6.511048317,297.8408203,0,133.3377075,9.999999747e-05,9.999999747e-05,112263.0625,11.37970924,4.492741408
173.8000031,223.3223879,86.84105629,26.3541549,63.11030843,0.7608355484,134.827237,6.510732174,297.9053955,0,129.4461823,9.999999747e-05,67.34378052,112292.4375,11.53194809,4.360828654
174,219.5441933,87.99770314,26.39256539,63.38875049,0.7417739917,132.4542555,6.509724617,297.8432617,0,125.6777649,9.999999747e-05,9.999999747e-05,112321.7422,11.34084606,4.497119323
174.1999969,222.7598475,86.2313357,26.37595806,63.12748376,0.7608750453,134.1466594,6.507745266,297.9060974,0,122.3101578,9.999999747e-05,66.12918854,112349.5234,11.51263618,4.353113462
174.3999939,219.0380949,87.10668731,26.41718392,63.39656617,0.7434975323,131.7091429,6.503749847,297.8425903,0,119.7352829,9.999999747e-05,9.999999747e-05,112377.2109,11.35901356,4.317230261
174.6000061,222.5322296,85.14504435,26.39715809,63.13041674,0.7643443976,133.346349,6.500498772,297.9050293,0,118.7620392,9.999999747e-05,66.23943329,112403.7969,11.54656219,4.222504459
174.8000031,219.2235798,85.82814948,26.43316348,63.36576809,0.7496182383,131.154329,6.495550632,297.8406067,0,119.0804214,9.999999747e-05,9.999999747e-05,112430.7266,11.43128395,4.119034612
175,222.9068372,84.11842292,26.40064299,63.09449752,0.7705829184,133.0424365,6.491499424,297.9041443,0,121.3859863,9.999999747e-05,66.81340027,112457.2344,11.63277817,3.979329533
175.1999969,220.2776646,84.72333359,26.42655816,63.28541763,0.7586580048,131.2498266,6.489707947,297.8397827,0,125.3036041,9.999999747e-05,9.999999747e-05,112484.9766,11.52733421,4.099176141
175.3999939,224.0193264,83.75120851,26.38011191,63.02017374,0.7767461199,133.5753231,6.490252495,297.9040833,0,129.9334106,9.999999747e-05,67.24215698,112513.1328,11.69648647,4.089244264
175.6000061,221.8498155,84.93555327,26.39568276,63.20400131,0.7626229804,132.2260611,6.490517616,297.8397217,0,134.3448029,9.999999747e-05,9.999999747e-05,112542.5859,11.58749485,4.072566064
175.8000031,225.3868482,84.19231754,26.35075361,62.95742435,0.7788592738,134.5603342,6.490938663,297.9043274,0,138.6586761,9.999999747e-05,67.44852448,112572.3594,11.75196648,3.945873568
176,223.5117889,85.29643672,26.36683641,63.14080881,0.7651818305,133.168383,6.491708755,297.8399658,0,142.8026428,9.999999747e-05,9.999999747e-05,112603.3281,11.64101696,3.979651284
176.1999969,226.8221858,84.5437999,26.32596348,62.90450301,0.7809384977,135.4230461,6.493612766,297.9045715,0,146.6379547,9.999999747e-05,67.48204041,112634.625,11.79123497,3.936991447
176.3999939,225.066498,85.77705644,26.34145294,63.09943875,0.7660994222,134.0242334,6.494609833,297.8401489,0,149.7090912,9.999999747e-05,9.999999747e-05,112666.8594,11.67222595,3.928475386
176.6000061,228.0382777,84.95250623,26.30577196,62.87089798,0.7815714865,136.1631682,6.498457909,297.9045715,0,152.38797,9.999999747e-05,67.43717194,112699.3359,11.80387974,4.007238104
176.8000031,226.1409751,86.40277513,26.32032538,63.08454382,0.7646563445,134.7482095,6.501789093,297.8401489,0,153.5153198,9.999999747e-05,9.999999747e-05,112732.5078,11.65340042,4.076948371
177,228.5396257,85.72634963,26.28832134,62.87071862,0.7782112016,136.84795,6.50480032,297.9044189,0,153.3209991,9.999999747e-05,67.40377808,112765.3438,11.77498531,4.024223371
177.1999969,226.1875629,87.12180547,26.30629434,63.09545023,0.7604517754,135.2417871,6.506320953,297.8399658,0,151.9216156,9.999999747e-05,9.999999747e-05,112798.3828,11.61327934,4.06605192
177.3999939,228.3156816,86.10515257,26.28269016,62.87505683,0.7753445982,137.1127942,6.506783009,297.9041443,0,149.9178925,9.999999747e-05,67.4039917,112830.6172,11.74609184,3.968459332
177.6000061,225.7111978,87.22592939,26.30644311,63.10008107,0.7584188999,135.2625689,6.507122517,297.8397217,0,147.7280121,9.999999747e-05,9.999999747e-05,112862.9141,11.58186531,4.080331534
177.8000031,227.9046167,86.0214444,26.28635438,62.87440565,0.7743817323,137.0282815,6.507961273,297.9038696,0,145.3994293,9.999999747e-05,67.43379211,112894.3672,11.7136755,4.070163527
178,225.1215699,87.19372371,26.31042927,63.10409783,0.75682144,135.1697726,6.508815289,297.839447,0,142.7332916,9.999999747e-05,9.999999747e-05,112925.8672,11.5394392,4.211432055
178.1999969,227.3796475,85.99937611,26.29127712,62.88135473,0.7726251462,136.9137351,6.509001732,297.903656,0,139.7271576,9.999999747e-05,67.48410797,112956.3281,11.6751461,4.139205567
178.3999939,224.3995957,87.09362604,26.31805559,63.11339151,0.7550919312,134.9667792,6.508712292,297.8392334,0,136.6485291,9.999999747e-05,9.999999747e-05,112986.7422,11.50316811,4.250533014
178.6000061,226.8489934,85.72439724,26.30148373,62.88775069,0.7719641411,136.6099376,6.505836964,297.9034729,0,133.6850739,9.999999747e-05,67.53279877,113015.8672,11.66493034,4.024721803
178.8000031,223.9288312,86.41558681,26.33345518,63.10900119,0.7567903987,134.4954276,6.501006603,297.8391113,0,131.8788757,9.999999747e-05,9.999999747e-05,113044.8906,11.53608704,3.962264879
179,226.8123114,84.65521949,26.31678485,62.86765448,0.7769632469,136.0250236,6.497952461,297.9033813,0,132.0028229,9.999999747e-05,67.54463959,113073.2656,11.7123251,3.93707094
179.1999969,224.4316288,85.2776913,26.34292363,63.06156044,0.7638904484,134.1902525,6.492742538,297.8391113,0,133.3364258,9.999999747e-05,9.999999747e-05,113102.0312,11.61788464,3.804821736
179.3999939,227.6056785,83.76051524,26.31642584,62.81883585,0.7839352281,135.9311992,6.491461754,297.9033203,0,136.7667389,9.999999747e-05,67.53192902,113130.9531,11.79131603,3.880151124
179.6000061,225.8844391,84.5507437,26.33444365,62.99108341,0.7716020912,134.4569749,6.491440296,297.8390503,0,140.6895447,9.999999747e-05,9.999999747e-05,113160.9766,11.68878651,3.950306432
179.8000031,228.9384088,83.77731164,26.29922981,62.7738974,0.7871787083,136.4828453,6.492917538,297.9031677,0,144.6294861,9.999999747e-05,67.52996826,113191.3906,11.83647156,3.923817262
180,227.4229021,84.83422272,26.31360756,62.94972859,0.7734246315,135.1568718,6.494832516,297.8388977,0,147.9775238,9.999999747e-05,9.999999747e-05,113222.8125,11.72169209,3.975958951
180.1999969,230.119723,84.21039255,26.28057247,62.74832098,0.787286241,137.1520264,6.497821331,297.9029541,0,150.5628967,9.999999747e-05,67.54409027,113254.4609,11.84973335,3.961185038
180.3999939,228.4580116,85.42206535,26.2943981,62.93732939,0.7718968781,135.8018583,6.501429081,297.8386536,0,151.9506531,9.999999747e-05,9.999999747e-05,113286.8203,11.70918941,4.071531943
180.6000061,230.6335757,84.87204183,26.26483237,62.74608537,0.7843778551,137.7465151,6.504482269,297.90271,0,151.8968048,9.999999747e-05,67.58464813,113318.9375,11.82310677,4.009978447
180.8000031,228.5266348,86.13850373,26.28012778,62.94770245,0.7675595416,136.2785371,6.504949093,297.8383789,0,150.6254425,9.999999747e-05,9.999999747e-05,113351.1406,11.67888641,3.970429857
181,230.4888864,85.1320639,26.25973663,62.74429724,0.7823664108,137.9726309,6.506203175,297.9024658,0,149.1740875,9.999999747e-05,67.63259888,113382.7734,11.8017168,3.971902699
181.1999969,228.1938427,86.22121781,26.27881035,62.947371,0.7660169194,136.341475,6.504574776,297.8381653,0,147.2101593,9.999999747e-05,9.999999747e-05,113414.2969,11.66250515,3.907906678
181.3999939,230.2496865,84.95768359,26.26237869,62.73607403,0.7824916043,137.9113848,6.503042698,297.9022827,0,145.9096527,9.999999747e-05,67.67787933,113445.0938,11.80692673,3.842128757
181.6000061,228.1165202,85.70467595,26.28531572,62.92675234,0.7684301963,136.1652888,6.500516891,297.8380127,0,145.2123413,9.999999747e-05,9.999999747e-05,113475.9844,11.68430996,3.84039278
181.8000031,230.4304031,84.42330697,26.26676598,62.71344993,0.7855935217,137.7567939,6.49933815,297.9021606,0,145.5288849,9.999999747e-05,67.7069397,113506.4766,11.83404732,3.823200822
182,228.5913508,85.16478421,26.28739251,62.89463725,0.7722763681,136.1323639,6.497804642,297.8379211,0,146.3094025,9.999999747e-05,9.999999747e-05,113537.3359,11.72015667,3.83911601
182.1999969,230.9990466,84.08510293,26.26483151,62.68837927,0.788501848,137.8138101,6.496600628,297.9020386,0,147.708847,9.999999747e-05,67.72320557,113568.0078,11.87129211,3.761841887
182.3999939,229.4575508,84.77994161,26.28410862,62.85945591,0.77611273,136.2727267,6.494884014,297.8378296,0,149.5877228,9.999999747e-05,9.999999747e-05,113599.1875,11.7713623,3.750222427
182.6000061,231.9378317,83.7535874,26.26012587,62.65645061,0.7922221185,137.9709474,6.495800018,297.901886,0,152.1559143,9.999999747e-05,67.72838593,113630.5391,11.91221619,3.793162204
182.8000031,230.6204347,84.63319385,26.27603143,62.82933369,0.7789965051,136.5617238,6.497722149,297.837677,0,154.3474426,9.999999747e-05,9.999999747e-05,113662.5938,11.79543591,3.883438545
183,232.7893349,83.99719438,26.24902925,62.64480007,0.792122603,138.3622268,6.49922657,297.9017029,0,155.775238,9.999999747e-05,67.74708557,113694.6328,11.92080116,3.802798796
183.1999969,231.3405442,84.93977233,26.26439832,62.82014626,0.7781853809,136.9545764,6.500301838,297.8374939,0,156.6058807,9.999999747e-05,9.999999747e-05,113727.0781,11.80016899,3.834058366
183.3999939,233.2592588,84.17506336,26.2410963,62.63456441,0.7917360779,138.6594512,6.500844002,297.9015198,0,157.006485,9.999999747e-05,67.77249908,113759.3047,11.92628098,3.752400488
183.6000061,231.74192,85.02308606,26.25808272,62.8093922,0.7780886007,137.1770973,6.502859592,297.8372803,0,157.1905975,9.999999747e-05,9.999999747e-05,113791.8906,11.79528904,3.889564301
183.8000031,233.4498822,84.3400593,26.23510307,62.62876975,0.7908227853,138.8830964,6.503432751,297.9013062,0,156.5619507,9.999999747e-05,67.80910492,113824.0859,11.91475296,3.779419286
184,231.7450897,85.21546574,26.25212092,62.80559943,0.77663516,137.3826683,6.506212711,297.8370667,0,155.7135162,9.999999747e-05,9.999999747e-05,113856.5469,11.76990986,3.975412126
184.1999969,233.2479153,84.57838136,26.2301736,62.62820666,0.788768282,139.0756965,6.507246971,297.9010925,0,153.7411041,9.999999747e-05,67.85359192,113888.3906,11.88025188,3.869418767
184.3999939,231.2105497,85.54791651,26.24686288,62.81104525,0.7733840182,137.5594821,6.506518364,297.8368835,0,151.3679047,9.999999747e-05,9.999999747e-05,113920.0781,11.74172115,3.868005978
184.6000061,232.7904329,84.50251264,26.23189106,62.62129795,0.7881316883,139.0554367,6.504673004,297.9009094,0,149.2863007,9.999999747e-05,67.89032745,113950.9844,11.87374115,3.761083061
184.8000031,230.8605848,85.1500482,26.2530151,62.79512037,0.7748300664,137.4075214,6.502480507,297.836731,0,147.9408722,9.999999747e-05,9.999999747e-05,113981.8594,11.75225544,3.796598351
185,232.7524104,84.00014996,26.23779982,62.60228483,0.790752459,138.8733914,6.500399113,297.9007568,0,147.4700317,9.999999747e-05,67.91615295,114012.2344,11.89480495,3.727745357
185.1999969,231.116736,84.56998473,26.25805634,62.7668675,0.778606091,137.299276,6.497336388,297.8366089,0,147.8301392,9.999999747e-05,9.999999747e-05,114042.7891,11.79501438,3.698040432
185.3999939,233.2874263,83.42540662,26.24054627,62.57425016,0.7950528432,138.7862781,6.496637821,297.9006348,0,149.4190063,9.999999747e-05,67.92655945,114073.3047,11.93749332,3.727349127
185.6000061,232.0018547,84.08164102,26.25771785,62.73349325,0.7830915852,137.3580616,6.494939804,297.8365173,0,151.2763062,9.999999747e-05,9.999999747e-05,114104.2812,11.84449291,3.688616197
185.8000031,234.213749,83.14854111,26.23685088,62.54953447,0.798296167,138.918959,6.494709969,297.9004822,0,153.8236847,9.999999747e-05,67.93409729,114135.4219,11.98390961,3.671154676
186,233.2138471,83.80027631,26.25305448,62.70362089,0.7868463392,137.5524283,6.496764183,297.8363647,0,156.4549255,9.999999747e-05,9.999999747e-05,114167.2969,11.87965202,3.804034146
186.1999969,235.1798294,83.25767446,26.22845159,62.53852247,0.7989889015,139.2075512,6.49797678,297.9002991,0,158.2617798,9.999999747e-05,67.95311737,114199.25,11.99959946,3.704961673
186.3999939,234.0734893,84.04752729,26.24276706,62.69554504,0.7864370423,137.8921993,6.499327183,297.8362122,0,159.5935822,9.999999747e-05,9.999999747e-05,114231.6484,11.89131355,3.747991259
186.6000061,235.7780727,83.40758272,26.22102312,62.52918117,0.7988760139,139.4796807,6.503273964,297.9000854,0,160.3822174,9.999999747e-05,67.97576141,114264.1328,11.99132538,3.838516526
186.8000031,234.3542237,84.49638832,26.23168239,62.69985804,0.7836608057,138.2282584,6.507944584,297.835968,0,159.5839539,9.999999747e-05,9.999999747e-05,114296.8672,11.84465599,3.972745265
187,235.4519747,84.12041245,26.20874513,62.54154893,0.793644726,139.8970922,6.512285709,297.8998413,0,156.9234161,9.999999747e-05,68.02487183,114329.1016,11.92280865,3.978604321
187.1999969,233.2946405,85.37836754,26.21809413,62.72026707,0.7762143419,138.624677,6.513818264,297.8356628,0,152.5298462,9.999999747e-05,9.999999747e-05,114360.8984,11.76090527,3.976036936
187.3999939,234.2082973,84.59133251,26.20470444,62.5495919,0.7884912561,140.0769979,6.514699936,297.8995667,0,147.5314636,9.999999747e-05,68.08369446,114391.6016,11.8538456,3.962534618
187.6000061,231.7251709,85.56195039,26.22091075,62.72809623,0.7720951803,138.5673754,6.515043736,297.8354187,0,142.1735687,9.999999747e-05,9.999999747e-05,114421.7734,11.68460941,4.086279586
187.8000031,232.9154538,84.55853962,26.21209565,62.5537742,0.785848666,139.9001678,6.514061928,297.8993835,0,136.6778259,9.999999747e-05,68.14643097,114450.5938,11.79412174,4.026689702
188,230.3215599,85.31223692,26.23323183,62.73213881,0.7704561982,138.2526562,6.511644363,297.8352356,0,131.5773315,9.999999747e-05,9.999999747e-05,114478.7969,11.64262676,4.071976264
188.1999969,232.0198603,83.99850455,26.22811501,62.55424285,0.7866013798,139.4311777,6.509484291,297.899231,0,127.444397,9.999999747e-05,68.18928528,114505.7812,11.77125645,4.063466707
188.3999939,229.5942257,84.56201543,26.25106635,62.72441104,0.7728475832,137.7859795,6.506483078,297.8351135,0,124.1700821,9.999999747e-05,9.999999747e-05,114532.4531,11.64005184,4.100111813
188.6000061,231.6739712,83.28171995,26.24233296,62.54933095,0.7894008345,138.9911677,6.503361702,297.8991394,0,122.0997086,9.999999747e-05,68.21189117,114558.1797,11.7855444,4.02193972
188.8000031,229.5457812,83.70015779,26.26443907,62.70539286,0.7774988917,137.4396957,6.499213696,297.835083,0,121.2756805,9.999999747e-05,9.999999747e-05,114583.9297,11.68597794,3.975365743
189,231.9174459,82.48822569,26.25054351,62.53074051,0.7944131865,138.7086483,6.496398926,297.8990784,0,122.1138611,9.999999747e-05,68.20887756,114609.3359,11.83780575,3.941005095
189.1999969,230.2181063,82.91362053,26.26839155,62.6690115,0.783848863,137.3670987,6.495703697,297.835022,0,124.0702209,9.999999747e-05,9.999999747e-05,114635.4688,11.73939419,4.067047016
189.3999939,232.5790427,82.20329007,26.24630217,62.50537082,0.7977439443,138.8366501,6.495916843,297.8989868,0,126.3019791,9.999999747e-05,68.20713806,114661.6797,11.87047005,4.020367918
189.6000061,231.0039877,82.91669372,26.25935969,62.6423833,0.7856955499,137.6729668,6.497280121,297.8349304,0,128.4523468,9.999999747e-05,9.999999747e-05,114688.6719,11.76390839,4.100923235
189.8000031,233.1789728,82.40024284,26.23646048,62.48844954,0.7978879449,139.1701157,6.499219894,297.8988037,0,130.0565948,9.999999747e-05,68.21399689,114715.7031,11.87734795,4.064410174
190,231.5073394,83.27656419,26.24782072,62.63117695,0.7844411573,138.0401364,6.501968384,297.8347473,0,130.8866882,9.999999747e-05,9.999999747e-05,114743.3281,11.75226116,4.1670025
190.1999969,233.4063632,82.81459294,26.22671194,62.48256,0.7957194356,139.5180337,6.504696369,297.8985901,0,130.6164703,9.999999747e-05,68.24074554,114770.6797,11.85182858,4.137705755
190.3999939,231.4414875,83.78362525,26.23809721,62.63382644,0.7809130624,138.3482619,6.507153511,297.8346558,0,129.2577362,9.999999747e-05,9.999999747e-05,114798.2344,11.71030045,4.223015108
190.6000061,233.1478216,83.18595711,26.22139571,62.48447525,0.7926466992,139.737753,6.509964943,297.8993835,0,126.9169464,9.999999747e-05,68.21778107,114825.1562,11.80106544,4.259421393
190.8000031,230.8324601,84.18574196,26.23435218,62.64279257,0.7768537712,138.4935787,6.511964321,297.8390503,0,123.4496231,9.999999747e-05,9.999999747e-05,114851.9375,11.64232349,4.36553921
191,232.451965,83.44135773,26.22286298,62.49250111,0.7892220998,139.7619478,6.512338161,297.9026489,0,119.1863861,9.999999747e-05,66.48511505,114877.5312,11.74551296,4.288916081
191.1999969,229.9755998,84.17520664,26.2416197,62.65160206,0.7745892871,138.3435685,6.511135101,297.8436584,0,114.7762299,9.999999747e-05,9.999999747e-05,114902.6719,11.6011591,4.331622687
191.3999939,231.8426857,83.08758267,26.23543408,62.4990403,0.78921531,139.4200583,6.51008606,297.9072266,0,110.8472366,9.999999747e-05,64.85886383,114926.6562,11.71421623,4.355875031
191.6000061,229.4567385,83.62644043,26.25660354,62.64829392,0.7762260848,137.9945056,6.507530212,297.8505554,0,107.3323364,9.999999747e-05,9.999999747e-05,114950.2578,11.59071159,4.362332359
191.8000031,231.5078656,82.5025722,26.24946528,62.50024258,0.7912796085,139.0136166,6.505070686,297.9112549,0,104.8452072,9.999999747e-05,62.76887894,114972.8828,11.71787262,4.330493122
192,229.3878061,82.85498865,26.27033916,62.63462601,0.7803894829,137.66922,6.502029896,297.8552551,0,103.3368149,9.999999747e-05,9.999999747e-05,114995.4531,11.61892223,4.331667766
192.1999969,231.5432453,81.86408766,26.2584835,62.49187962,0.7949142121,138.7297368,6.499575138,297.9122925,0,103.0470276,9.999999747e-05,60.92378998,115017.4922,11.74979687,4.279518816
192.3999939,229.7364009,82.20141714,26.27551695,62.61042281,0.7852862159,137.5691631,6.497737885,297.8562317,0,103.735321,9.999999747e-05,9.999999747e-05,115039.9297,11.66409969,4.315435279
192.6000061,231.8806174,81.48936048,26.25811728,62.47442379,0.7981331523,138.7264273,6.495010376,297.9080811,0,105.1583557,9.999999747e-05,59.82204056,115062.0781,11.80194759,4.103045402
192.8000031,230.4035768,81.78978914,26.27201462,62.58295945,0.7896135006,137.6901327,6.493865013,297.8489685,0,107.6772461,9.999999747e-05,9.999999747e-05,115084.9766,11.72856903,4.162216622
193,232.5966109,81.2444604,26.25075316,62.44981084,0.8015499113,138.9321178,6.494482517,297.9028931,0,110.6463318,9.999999747e-05,60.90900421,115108.1562,11.84006977,4.16103028
193.1999969,231.1877493,81.87490233,26.25999542,62.55640981,0.7911899701,138.0602465,6.494382381,297.8411865,0,113.3676071,9.999999747e-05,9.999999747e-05,115132.0469,11.76730061,4.065564815
193.3999939,233.3224361,81.40085779,26.23873578,62.42859422,0.8023667887,139.3142573,6.49552393,297.8974304,0,116.1368942,9.999999747e-05,63.76589203,115156.1719,11.87398911,4.0392354
193.6000061,231.9241711,82.08356636,26.24774114,62.53998054,0.7914010104,138.4168563,6.495594978,297.8334961,0,118.4433289,9.999999747e-05,9.999999747e-05,115180.9062,11.79467773,3.945956723
193.8000031,234.0229883,81.56734094,26.22764019,62.40876264,0.8029334449,139.68681,6.496920109,297.8937988,0,120.7288284,9.999999747e-05,66.55075836,115205.7969,11.90116215,3.936072866
194,232.5728267,82.28055166,26.23727371,62.52700639,0.7913323289,138.7245173,6.498362064,297.8298645,0,122.4765778,9.999999747e-05,9.999999747e-05,115231.3047,11.80267715,3.956100336
194.1999969,234.5140998,81.83297322,26.21766023,62.39381534,0.8023707737,140.0351007,6.501817226,297.8933411,0,123.6512375,9.999999747e-05,68.28548431,115256.8984,11.89146805,4.04153868
194.3999939,232.7896231,82.7651982,26.22597542,62.52331333,0.7885328781,139.0625182,6.504220963,297.8296204,0,123.4375305,9.999999747e-05,9.999999747e-05,115282.7891,11.76938725,4.046757803
194.6000061,234.4814399,82.29545063,26.2092224,62.39059971,0.7993163781,140.3447614,6.507165432,297.8953857,0,122.272377,9.999999747e-05,69.07342529,115308.2891,11.85482883,4.081522711
194.8000031,232.4456712,83.20613608,26.21962594,62.52770266,0.7847828921,139.2643843,6.509922028,297.835083,0,119.9242401,9.999999747e-05,9.999999747e-05,115333.8359,11.70722103,4.20659102
195,233.9708783,82.6662571,26.20660587,62.39268034,0.7958165867,140.491784,6.511154652,297.9000854,0,116.4758224,9.999999747e-05,67.51006317,115358.4297,11.79990387,4.139866504
195.1999969,231.7210415,83.40800017,26.22124156,62.53343455,0.7817346764,139.2722703,6.509953499,297.8396912,0,112.5387726,9.999999747e-05,9.999999747e-05,115382.5547,11.66957951,4.107097231
195.3999939,233.4544302,82.45025232,26.21485976,62.39609031,0.7954976282,140.2869892,6.508461952,297.9034729,0,109.085228,9.999999747e-05,66.41680908,115405.6094,11.78049469,4.091743657
195.6000061,231.3479767,82.89204033,26.23311648,62.5273704,0.7837622863,139.0097349,6.505697727,297.8443298,0,106.22155,9.999999747e-05,9.999999747e-05,115428.3594,11.67059326,4.090223629
195.8000031,233.2851078,81.88559924,26.22553434,62.39140383,0.7982116607,139.9924071,6.503498554,297.906189,0,104.4668045,9.999999747e-05,64.81117249,115450.3438,11.79095173,4.089373966
196,231.4221026,82.23111417,26.24263552,62.51017228,0.7879906555,138.8156132,6.501468658,297.8487549,0,103.585762,9.999999747e-05,9.999999747e-05,115472.4609,11.69372845,4.14307156
196.1999969,233.3948143,81.43880455,26.23041039,62.37980912,0.8011988403,139.8611263,6.500524521,297.9086609,0,103.5178375,9.999999747e-05,62.9422493,115494.2344,11.80664253,4.156039176
196.3999939,231.6931736,81.88652526,26.24408775,62.48918245,0.7910260222,138.8398623,6.499456406,297.8516235,0,103.8246155,9.999999747e-05,9.999999747e-05,115516.3359,11.71874714,4.156665072
196.6000061,233.6110283,81.26587728,26.22941231,62.36733464,0.80285472,139.9025608,6.499067783,297.9086609,0,104.562561,9.999999747e-05,61.76347351,115538.2578,11.82704449,4.12234969
196.8000031,232.0431408,81.74842897,26.24114013,62.47140679,0.7928621203,138.9646042,6.497911453,297.8496704,0,105.45327,9.999999747e-05,9.999999747e-05,115560.5469,11.75016117,4.051608466
197,233.963775,81.15694033,26.22578946,62.35419224,0.8043680382,140.0189636,6.497742176,297.9052734,0,106.8113251,9.999999747e-05,62.02635956,115582.7969,11.85602474,4.028292321
197.1999969,232.5176926,81.65177958,26.23623777,62.45492452,0.7945819221,139.1291684,6.497801781,297.8455811,0,108.2313232,9.999999747e-05,9.999999747e-05,115605.5781,11.77385235,4.034685591
197.3999939,234.3848283,81.18158923,26.21954054,62.33941159,0.80523025,140.2282127,6.499035835,297.9022217,0,109.6298599,9.999999747e-05,62.68806458,115628.4062,11.86871624,4.043269109
197.6000061,232.8962491,81.80221543,26.22862029,62.44288398,0.7944339637,139.3678615,6.500619411,297.8432007,0,110.5315933,9.999999747e-05,9.999999747e-05,115651.75,11.7711134,4.093003985
197.8000031,234.6170798,81.42341964,26.21223115,62.32956849,0.8042032285,140.4829118,6.5026021,297.9013367,0,110.8026428,9.999999747e-05,63.2276535,115674.9375,11.85695457,4.084108082
198,232.969621,82.11134695,26.22143207,62.43843294,0.7924638683,139.5941801,6.504976273,297.8441467,0,110.2804565,9.999999747e-05,9.999999747e-05,115698.4609,11.74018097,4.191555162
198.1999969,234.543237,81.72614093,26.20704698,62.3249636,0.8020387887,140.6890888,6.507678509,297.9047241,0,108.8085938,9.999999747e-05,62.86232758,115721.5547,11.81308174,4.238496187
198.3999939,232.648234,82.47644594,26.2169996,62.43795216,0.7893315007,139.7678564,6.508907795,297.8496399,0,106.2559891,9.999999747e-05,9.999999747e-05,115744.5391,11.69133472,4.260463975
198.6000061,234.1783658,81.90381546,26.20730497,62.3255272,0.7998514631,140.7423433,6.509471893,297.9095764,0,103.2174225,9.999999747e-05,61.73864365,115766.6562,11.77446175,4.25278971
198.8000031,232.2464035,82.43282026,26.22110404,62.43696529,0.7884265253,139.7208689,6.508212566,297.8555603,0,99.95068359,9.999999747e-05,9.999999747e-05,115788.4062,11.66629028,4.239036486
199,233.9123006,81.63642842,26.21456431,62.32434228,0.8005193074,140.579149,6.506857872,297.9136963,0,97.19165039,9.999999747e-05,60.07052994,115809.2812,11.76239491,4.24782575
199.1999969,232.1356788,81.96054451,26.23012371,62.42728712,0.7909447856,139.5530839,6.504336834,297.8608093,0,94.96884155,9.999999747e-05,9.999999747e-05,115829.9141,11.67405415,4.230402925
199.3999939,233.8980886,81.1543882,26.22225708,62.31761929,0.8032769936,140.3856108,6.502989769,297.9174194,0,93.75809479,9.999999747e-05,58.23505402,115850.0391,11.76961231,4.301636315
199.6000061,232.3007428,81.46846196,26.23586627,62.40919966,0.79458996,139.4753096,6.500742912,297.865448,0,93.07850647,9.999999747e-05,9.999999747e-05,115870.1875,11.69785213,4.244443451
199.8000031,234.0387742,80.80469388,26.2251612,62.30668688,0.8058603863,140.3196467,6.499589443,297.9186707,0,93.30433655,9.999999747e-05,56.65446472,115890.0781,11.79475784,4.257917729
200,232.6092653,81.13304227,26.2365663,62.39112287,0.7976811846,139.5050927,6.497973442,297.8657837,0,93.98516846,9.999999747e-05,9.999999747e-05,115910.2422,11.73244667,4.18910231
200.1999969,234.3226534,80.60625206,26.223404,62.29362759,0.80794923,140.3786209,6.497159004,297.9155884,0,95.31731415,9.999999747e-05,56.00798798,115930.3438,11.8304882,4.141434729
200.3999939,233.0347637,80.96260665,26.23294009,62.37506927,0.7999351757,139.6277671,6.496086597,297.8601379,0,96.97122955,9.999999747e-05,9.999999747e-05,115950.8984,11.7733593,4.063483559
200.6000061,234.7549576,80.52167308,26.21814232,62.27985801,0.8096189825,140.5350609,6.495940685,297.9091187,0,99.05751801,9.999999747e-05,57.04862213,115971.5469,11.86819935,4.01534779
200.8000031,233.5509763,80.93838214,26.22623466,62.36115621,0.8013193591,139.8212316,6.495562077,297.8508911,0,101.1982193,9.999999747e-05,9.999999747e-05,115992.7422,11.80949783,3.941054942
201,235.2787756,80.55345281,26.21054773,62.2655863,0.8106770358,140.7689197,6.497057438,297.9032288,0,103.4941406,9.999999747e-05,59.52348709,116014.2031,11.89110756,3.987164087
201.1999969,234.0143556,81.12016403,26.21730361,62.35023333,0.801124807,140.074107,6.499738693,297.8468628,0,105.184967,9.999999747e-05,9.999999747e-05,116036.3594,11.80016708,4.084142773
201.3999939,235.5498285,80.92978351,26.20087669,62.25391755,0.8089702059,141.0941473,6.502763748,297.9024658,0,105.8055191,9.999999747e-05,60.61779404,116058.4766,11.86935806,4.080068599
201.6000061,234.0198441,81.6291339,26.20770166,62.34875127,0.7976517335,140.3508857,6.505317688,297.8468628,0,105.2186813,9.999999747e-05,9.999999747e-05,116080.8359,11.76224613,4.123283672
201.8000031,235.4364371,81.31531571,26.19485489,62.25107328,0.8061024864,141.3181453,6.507058144,297.9040527,0,103.612999,9.999999747e-05,61.19886017,116102.6562,11.83499813,4.081126897
202,233.7434808,81.89950039,26.2045326,62.35009072,0.7950047576,140.4701392,6.507786751,297.8493347,0,101.312294,9.999999747e-05,9.999999747e-05,116124.3516,11.72539902,4.122040049
202.1999969,235.2088681,81.36403814,26.19559868,62.24847742,0.8050616156,141.3536131,6.508590698,297.9086609,0,98.72080994,9.999999747e-05,60.83493042,116145.3516,11.79802895,4.178728052
202.3999939,233.467508,81.85173636,26.20724301,62.3443895,0.7945971509,140.4712018,6.507071018,297.8549194,0,95.80423737,9.999999747e-05,9.999999747e-05,116165.9531,11.70615196,4.104263543
202.6000061,235.0267798,81.13149746,26.20107786,62.24536864,0.8058570181,141.2437254,6.505092621,297.9118347,0,93.50335693,9.999999747e-05,59.96662903,116185.7344,11.80156612,4.067236119
202.8000031,233.4716986,81.36338714,26.21500003,62.33500752,0.7975649611,140.3252954,6.502211571,297.8579407,0,91.9879303,9.999999747e-05,9.999999747e-05,116205.3672,11.72782326,4.037783895
203,235.1577135,80.63709665,26.20682218,62.23534956,0.8092829791,141.1090836,6.500164509,297.9129639,0,91.62639618,9.999999747e-05,58.81457901,116224.6016,11.8275032,4.046205027
203.1999969,233.792649,80.86862878,26.21865041,62.31624798,0.8017534601,140.2923165,6.49825716,297.8593445,0,92.07808685,9.999999747e-05,9.999999747e-05,116244.0938,11.76315784,4.040809167
203.3999939,235.4528229,80.33680433,26.20686589,62.22100932,0.8121440762,141.1279826,6.497161388,297.9118652,0,93.29489899,9.999999747e-05,57.97141647,116263.5234,11.86120415,4.00119867
203.6000061,234.2088996,80.65249626,26.2162734,62.29854069,0.8044271684,140.3955245,6.496605873,297.8571167,0,94.94773865,9.999999747e-05,9.999999747e-05,116283.4688,11.7980032,3.999293226
203.8000031,235.819097,80.2778226,26.20240637,62.20749926,0.8135834099,141.2687861,6.49598074,297.907074,0,96.82363129,9.999999747e-05,58.1208992,116303.4219,11.89730835,3.870464714
204,234.6656428,80.62835684,26.21069108,62.28613531,0.8056916182,140.5600001,6.497049332,297.8511963,0,98.95169067,9.999999747e-05,9.999999747e-05,116324.1094,11.82188225,3.970540098
204.1999969,236.2190622,80.37919064,26.19549759,62.19497653,0.8139470987,141.4870989,6.498841286,297.9035034,0,100.6465302,9.999999747e-05,59.00538635,116344.9375,11.8999567,3.950077752
204.3999939,234.942107,80.92518701,26.20204597,62.27714223,0.804376554,140.8120525,6.500775814,297.84729,0,101.6274719,9.999999747e-05,9.999999747e-05,116366.2422,11.81506157,3.974441949
204.6000061,236.3743594,80.67590593,26.18838889,62.18889055,0.8122620118,141.7176228,6.502652645,297.9019775,0,101.8365097,9.999999747e-05,60.49116135,116387.3828,11.88728809,3.939725735
204.8000031,234.9558956,81.22857069,26.19571558,62.27515942,0.8021817994,140.9957634,6.503689289,297.8451233,0,101.2954178,9.999999747e-05,9.999999747e-05,116408.6719,11.79764557,3.930085138
205,236.3725987,80.83873011,26.18475494,62.18439794,0.8110471302,141.8589049,6.503329277,297.8999329,0,100.3423691,9.999999747e-05,61.70498657,116429.3984,11.88683891,3.797905596
205.1999969,234.9576252,81.20725251,26.19483554,62.27287099,0.8020037158,141.0412747,6.501795292,297.8402405,0,99.53511047,9.999999747e-05,9.999999747e-05,116450.1016,11.81172657,3.740382332
205.3999939,236.5351137,80.61527607,26.18549775,62.17705215,0.8127139445,141.8679788,6.499714851,297.8959656,0,99.34094238,9.999999747e-05,63.56553268,116470.3438,11.91591644,3.634380777
205.6000061,235.2706837,80.85379002,26.19639126,62.26176091,0.8049301341,141.0382226,6.498706818,297.835968,0,99.97682953,9.999999747e-05,9.999999747e-05,116490.9453,11.83952522,3.717164444
205.8000031,236.9061717,80.36672718,26.18440128,62.16214993,0.8153454069,141.938589,6.497153759,297.8928528,0,101.0108414,9.999999747e-05,64.73395538,116511.3359,11.94749451,3.585996352
206,235.7170264,80.65874308,26.19422196,62.24704679,0.8073166677,141.1366182,6.496271133,297.8305359,0,102.6712723,9.999999747e-05,9.999999747e-05,116532.2109,11.87937832,3.605559588
206.1999969,237.3908607,80.21904462,26.18098424,62.14817877,0.8175044238,142.0622161,6.496334553,297.890564,0,104.6806641,9.999999747e-05,66.79896545,116553.2109,11.97515392,3.582922677
206.3999939,236.2139478,80.64901713,26.18899283,62.23256774,0.808575757,141.3081548,6.496634007,297.8270874,0,106.663826,9.999999747e-05,9.999999747e-05,116574.7734,11.90312386,3.576287833
206.6000061,237.8239285,80.29168195,26.17524597,62.13575196,0.8180500646,142.2543449,6.496357918,297.8899536,0,108.5295029,9.999999747e-05,68.63100433,116596.3281,12.00456905,3.447684633
206.8000031,236.6698775,80.70291159,26.18382097,62.22307738,0.8090774576,141.4587071,6.496244907,297.8262634,0,110.5081024,9.999999747e-05,9.999999747e-05,116618.4219,11.93272209,3.436891689
207,238.2839674,80.30612187,26.17071249,62.12346033,0.8190118096,142.4098833,6.497569561,297.8908081,0,112.529686,9.999999747e-05,69.56035614,116640.7188,12.02011681,3.464936977
207.1999969,237.0934538,80.84107603,26.17770858,62.21166599,0.8090729623,141.6469472,6.499835491,297.8271179,0,114.0171814,9.999999747e-05,9.999999747e-05,116663.6016,11.92780781,3.544657157
207.3999939,238.5057114,80.58192336,26.16402981,62.1150999,0.8176655561,142.6290628,6.501876831,297.8920288,0,114.5997543,9.999999747e-05,69.81569672,116686.3828,12.00810051,3.500353049
207.6000061,237.1471335,81.17696749,26.17069288,62.208476,0.8067674243,141.8418749,6.504599094,297.8283386,0,114.3695908,9.999999747e-05,9.999999747e-05,116709.4922,11.89879227,3.609907881
207.8000031,238.4049836,80.88369165,26.15861904,62.11085776,0.8154076366,142.8155063,6.50753212,297.8932495,0,113.0475235,9.999999747e-05,69.67896271,116732.25,11.96427345,3.649513409
208,236.7956954,81.55466071,26.16467635,62.20677252,0.8034758153,142.0309149,6.509958267,297.8321533,0,110.5537262,9.999999747e-05,9.999999747e-05,116754.9297,11.84107304,3.743283987
208.1999969,237.9404062,81.16260607,26.15585487,62.10903728,0.8125604153,142.9424305,6.511301041,297.8968506,0,107.0919495,9.999999747e-05,68.1262207,116776.7656,11.91026592,3.734898438
208.3999939,236.2040558,81.70069723,26.16463015,62.20435687,0.8012842327,142.0923171,6.511334896,297.8382568,0,103.0948639,9.999999747e-05,9.999999747e-05,116798.1875,11.79226208,3.796998721
208.6000061,237.4684746,81.08947751,26.15976126,62.10576173,0.8119651436,142.8940955,6.510925293,297.9028015,0,99.08517456,9.999999747e-05,66.1061554,116818.6328,11.86762714,3.842367606
208.8000031,235.8032789,81.4556412,26.17094563,62.19394433,0.8022330966,142.0286165,6.50889492,297.8469543,0,95.23653412,9.999999747e-05,9.999999747e-05,116838.5938,11.76943111,3.857268898
209,237.2216412,80.72962572,26.16740319,62.09918955,0.8137473506,142.7413635,6.50586462,297.9073181,0,92.20387268,9.999999747e-05,63.49114227,116857.5859,11.86822987,3.796427924
209.1999969,235.8185175,80.86003822,26.18031514,62.17912966,0.8063895805,141.8830172,6.501734734,297.8506165,0,90.38153076,9.999999747e-05,9.999999747e-05,116876.3281,11.80506516,3.745008863
209.3999939,237.3996892,80.11588494,26.1746911,62.08879452,0.8182579639,142.572469,6.498359203,297.9075928,0,90.21139526,9.999999747e-05,61.96956253,116894.7031,11.90940189,3.731475957
209.6000061,236.2847531,80.22319832,26.18525506,62.15743941,0.812167345,141.8398489,6.494740486,297.8491516,0,91.38548279,9.999999747e-05,9.999999747e-05,116913.3438,11.87015915,3.644256172
209.8000031,237.8951813,79.66670618,26.17543033,62.07339742,0.8227023571,142.573771,6.492644787,297.9035339,0,94.01033783,9.999999747e-05,61.95220566,116932.2188,11.97185516,3.619466305
210,236.9819107,79.88207313,26.18312931,62.1375778,0.8164602702,141.9424844,6.491273403,297.8426819,0,97.46770477,9.999999747e-05,9.999999747e-05,116951.8516,11.93326092,3.56747311
210.1999969,238.5688364,79.55117137,26.17015145,62.05741932,0.8252663575,142.7403157,6.492221832,297.8978882,0,101.4762268,9.999999747e-05,63.30867767,116972.125,12.01655674,3.600868645
210.3999939,237.668436,79.98693026,26.17535977,62.12475302,0.8173300778,142.1575875,6.493369579,297.835144,0,105.1000824,9.999999747e-05,9.999999747e-05,116993.2188,11.96442127,3.538928691
210.6000061,239.13766,79.79336468,26.16177735,62.0480766,0.8247858853,142.9852336,6.495659351,297.8919678,0,108.2714539,9.999999747e-05,65.58811951,117014.7656,12.03914165,3.522333945
210.8000031,238.1486159,80.32198142,26.16635983,62.12274734,0.8156434414,142.3728648,6.49831152,297.8283386,0,110.5239563,9.999999747e-05,9.999999747e-05,117036.9609,11.9636364,3.533511992
211,239.4548774,80.15531306,26.1533441,62.04314884,0.8227908374,143.2355368,6.501739025,297.888855,0,111.7180481,9.999999747e-05,67.63028717,117059.2812,12.0253706,3.554253933
211.1999969,238.2142923,80.78082865,26.15739106,62.12456583,0.8122252153,142.5898518,6.503993511,297.8252258,0,111.5396957,9.999999747e-05,9.999999747e-05,117081.7656,11.93517685,3.525416345
211.3999939,239.3795003,80.4989107,26.14709878,62.04110757,0.8201258703,143.4324852,6.506171227,297.8885803,0,110.4659576,9.999999747e-05,69.17960358,117103.8906,11.99849987,3.532230178
211.6000061,237.9663415,81.05177982,26.15272156,62.12486891,0.8096189675,142.721653,6.507006645,297.8252258,0,108.5176086,9.999999747e-05,9.999999747e-05,117125.8594,11.90069962,3.529155258
211.8000031,239.1359443,80.61373015,26.14521279,62.03626346,0.8188440427,143.5300058,6.507497311,297.8904114,0,106.2392654,9.999999747e-05,69.7930603,117147.1719,11.97248936,3.533492264
212,237.6771176,81.04584428,26.15295366,62.11928326,0.8090697289,142.7650139,6.506135464,297.8273926,0,103.7614517,9.999999747e-05,9.999999747e-05,117168.1484,11.8850832,3.486841067
212.1999969,238.9788046,80.44945618,26.14757958,62.02893893,0.8196840067,143.5153758,6.504231453,297.8918152,0,101.8332214,9.999999747e-05,69.72346497,117188.4141,11.97593117,3.442741119
212.3999939,237.6845475,80.69398927,26.15733953,62.10739514,0.8116379035,142.7248052,6.502438545,297.8297729,0,100.6625824,9.999999747e-05,9.999999747e-05,117208.6562,11.89540195,3.496276479
212.6000061,239.0946469,80.13224917,26.15040239,62.01651248,0.8223161369,143.4920111,6.501497269,297.8944397,0,100.2069626,9.999999747e-05,68.76731873,117228.5859,11.981987,3.529081962
212.8000031,237.8760507,80.43817631,26.15874747,62.09075102,0.8142040416,142.768271,6.500204563,297.8330383,0,100.1253815,9.999999747e-05,9.999999747e-05,117248.6484,11.91192722,3.517727168
213,239.2716819,79.9642516,26.15066604,62.00602256,0.8240107825,143.5218149,6.499509335,297.895874,0,100.5647736,9.999999747e-05,67.97525024,117268.5547,11.99887848,3.506765647
213.1999969,238.1464126,80.2786398,26.15826628,62.07759196,0.816112114,142.8351274,6.498667717,297.8338928,0,101.2791595,9.999999747e-05,9.999999747e-05,117288.75,11.93375969,3.489061305
213.3999939,239.5307604,79.86753064,26.1493036,61.99617599,0.8253452058,143.5899914,6.498963356,297.895752,0,102.332695,9.999999747e-05,67.52601624,117308.9766,12.01347256,3.511656356
213.6000061,238.4384496,80.24438043,26.15571653,62.06647536,0.8171173222,142.9419745,6.499377728,297.8340454,0,103.2637329,9.999999747e-05,9.999999747e-05,117329.5859,11.94296837,3.519428241
213.8000031,239.7368814,79.92067413,26.14614967,61.98814749,0.825470217,143.703356,6.499468327,297.8937073,0,104.0321884,9.999999747e-05,67.16633606,117350.0859,12.0265131,3.440729513
214,238.67151,80.27446267,26.15270929,62.06001466,0.8173309757,143.0441617,6.499632359,297.8305359,0,104.7658463,9.999999747e-05,9.999999747e-05,117370.9141,11.95633698,3.447967278
214.1999969,239.9661846,79.9258084,26.14345428,61.9811347,0.8258828843,143.804508,6.499375343,297.8910217,0,105.4327469,9.999999747e-05,67.75992584,117391.6094,12.04177761,3.365317757
214.3999939,238.9270637,80.25564654,26.15026524,62.05297015,0.8179280718,143.1357477,6.499490738,297.8274231,0,106.2040405,9.999999747e-05,9.999999747e-05,117412.6406,11.97080231,3.393842926
214.6000061,240.2154267,79.9042519,26.14104671,61.97308416,0.8265629649,143.9018168,6.49998951,297.8896179,0,106.9265671,9.999999747e-05,68.70362091,117433.625,12.04928017,3.375563455
214.8000031,239.1450368,80.2882249,26.14716043,62.04512953,0.8181508497,143.2460819,6.500225544,297.8260498,0,107.4494781,9.999999747e-05,9.999999747e-05,117454.875,11.97790432,3.368635462
215,240.3922775,79.93584656,26.13841094,61.96612091,0.8267047129,144.002136,6.499963284,297.8894653,0,107.8800507,9.999999747e-05,69.40367126,117475.9375,12.06198788,3.290355661
215.1999969,239.3462784,80.26996433,26.14521033,62.03829696,0.8186329048,143.323736,6.499809742,297.8259277,0,108.4164124,9.999999747e-05,9.999999747e-05,117497.2812,11.99091053,3.305783643
215.3999939,240.603877,79.89546401,26.13672929,61.95783936,0.8274721724,144.0801716,6.499998569,297.8899231,0,109.0121078,9.999999747e-05,69.73728943,117518.5312,12.07067585,3.28688691
215.6000061,239.563524,80.25785022,26.14298382,62.02919336,0.8192304214,143.4180231,6.499476433,297.8263855,0,109.5316238,9.999999747e-05,9.999999747e-05,117539.9844,12.00500298,3.245724379
215.8000031,240.8160358,79.86295792,26.13507913,61.95018996,0.8281580674,144.154096,6.50014782,297.8904419,0,110.2634354,9.999999747e-05,69.78393555,117561.4375,12.07883263,3.284310235
216,239.7855869,80.25321208,26.14066822,62.02004719,0.8197920815,143.5148758,6.500660896,297.8268738,0,110.7204437,9.999999747e-05,9.999999747e-05,117583.1562,12.00605869,3.291065865
216.1999969,240.9578224,79.92013689,26.13233222,61.94279917,0.8280938958,144.2589846,6.501297951,297.8907166,0,110.9765015,9.999999747e-05,69.69571686,117604.7266,12.08043671,3.26962109
216.3999939,239.9018267,80.30628801,26.13799104,62.01357652,0.8196353851,143.6115295,6.502660275,297.827179,0,110.9769669,9.999999747e-05,9.999999747e-05,117626.5547,11.99621677,3.351753417
216.6000061,240.9912651,80.01236839,26.12941883,61.93606175,0.8275676008,144.370372,6.50449419,297.8907471,0,110.4304504,9.999999747e-05,69.58917236,117648.1797,12.05876255,3.383013299
216.8000031,239.8007202,80.4779877,26.13397666,62.00776466,0.8182723478,143.7450248,6.505509377,297.827179,0,109.151123,9.999999747e-05,9.999999747e-05,117669.7734,11.97230434,3.392705028
217,240.8312136,80.12881832,26.12697858,61.93145993,0.8264255579,144.4693642,6.506514072,297.8905945,0,107.4699707,9.999999747e-05,69.52257538,117690.9062,12.03500271,3.41165734
217.1999969,239.5868555,80.53807854,26.13229386,62.00179169,0.8174778106,143.8321382,6.506487846,297.8276367,0,105.3843079,9.999999747e-05,9.999999747e-05,117711.8516,11.94944763,3.419713513
217.3999939,240.6517639,80.10735445,26.12674742,61.92469842,0.8262993915,144.5233968,6.5054636,297.8904419,0,103.3124847,9.999999747e-05,69.21001434,117732.1328,12.02644253,3.361953616
217.6000061,239.4837588,80.37340513,26.1339749,61.99298546,0.8185520956,143.8531236,6.503864765,297.8275452,0,101.6502686,9.999999747e-05,9.999999747e-05,117752.2656,11.95219612,3.374215795
217.8000031,240.6788921,79.87117599,26.12881334,61.9150157,0.82816735,144.5222384,6.50252533,297.8908997,0,100.6263733,9.999999747e-05,69.06275177,117771.9766,12.03173733,3.376920263
218,239.6125774,80.10874021,26.13595075,61.97925803,0.8210067177,143.8811395,6.502078533,297.8302917,0,100.1356049,9.999999747e-05,9.999999747e-05,117791.875,11.95542622,3.474533607
218.1999969,240.7882231,79.72418508,26.12912082,61.90389708,0.8296830367,144.5647477,6.500545979,297.8915405,0,99.82128143,9.999999747e-05,67.96339417,117811.3828,12.04389858,3.356604007
218.3999939,239.7990644,79.94026784,26.13636281,61.96827137,0.8227916809,143.9282796,6.499310017,297.8292847,0,100.1264801,9.999999747e-05,9.999999747e-05,117831.1094,11.9820509,3.374808294
218.6000061,241.0386123,79.54136553,26.12931609,61.89530184,0.8315798643,144.594964,6.499083996,297.8914185,0,100.9215622,9.999999747e-05,68.13677979,117850.8359,12.05770493,3.393671285
218.8000031,240.0851603,79.83847864,26.13505115,61.95634392,0.8243508067,144.0134739,6.497913837,297.8279114,0,101.8047791,9.999999747e-05,9.999999747e-05,117870.7812,12.00761127,3.306534493
219,241.320874,79.4617207,26.12799502,61.88791403,0.8327599785,144.6575382,6.497289181,297.8901978,0,103.1623154,9.999999747e-05,69.00197601,117890.7656,12.08787632,3.272809516
219.1999969,240.4572487,79.73211694,26.13384398,61.94832459,0.8258755293,144.0755466,6.498241901,297.827179,0,104.7648621,9.999999747e-05,9.999999747e-05,117911.3203,12.02052784,3.365825839
219.3999939,241.6080753,79.49362875,26.12500637,61.87921042,0.8332321085,144.7676799,6.501085281,297.891449,0,105.9829712,9.999999747e-05,69.04090881,117932.0938,12.07529926,3.461372538
219.6000061,240.5506233,79.98249125,26.12827879,61.94257425,0.824306888,144.2276021,6.50445652,297.831543,0,106.0625763,9.999999747e-05,9.999999747e-05,117953.2031,11.98646259,3.542824364
219.8000031,241.4504775,79.8409939,26.11974461,61.87714662,0.8303794612,144.9165578,6.508104801,297.8962402,0,104.7980347,9.999999747e-05,67.73045349,117974.0703,12.02733707,3.5994842
220,240.1585326,80.38447503,26.12239189,61.94162549,0.8205943626,144.3824104,6.510398865,297.8387146,0,102.0748901,9.999999747e-05,9.999999747e-05,117994.6953,11.92946434,3.623962095
220.1999969,240.9801543,80.11024108,26.11693504,61.8751945,0.8275057202,145.0204247,6.510990143,297.9006653,0,98.43952942,9.999999747e-05,65.68476868,118014.4375,11.98361588,3.580875393
220.3999939,239.700951,80.44270394,26.12257321,61.9366432,0.8193201149,144.4344461,6.509377003,297.8432007,0,94.56880188,9.999999747e-05,9.999999747e-05,118033.5703,11.90497208,3.541127178
220.6000061,240.7250097,79.91925335,26.12041202,61.86847684,0.8283871826,144.9872458,6.506121635,297.9012451,0,91.34520721,9.999999747e-05,64.07946777,118051.7266,11.98570919,3.448315519
220.8000031,239.7169496,79.98376318,26.12882617,61.92347079,0.8228821769,144.379084,6.50197649,297.8426819,0,89.42205048,9.999999747e-05,9.999999747e-05,118069.5625,11.93577671,3.414862939
221,240.9578318,79.40026929,26.12560868,61.85581434,0.8328124143,144.9179272,6.49708128,297.8972778,0,89.15470123,9.999999747e-05,63.54808044,118086.9062,12.03815556,3.277130456
221.1999969,240.2460999,79.36916728,26.13382131,61.90600807,0.8288498783,144.35462,6.492808819,297.8355408,0,90.84494019,9.999999747e-05,9.999999747e-05,118104.5859,12.01239681,3.242960783
221.3999939,241.6050999,78.90709902,26.12719801,61.84106858,0.8380845506,144.9331717,6.489672184,297.8904419,0,94.23966217,9.999999747e-05,65.0602951,118122.6094,12.11025143,3.17434904
221.6000061,241.0701929,78.99853776,26.13345369,61.88968679,0.8336785164,144.4336386,6.488697529,297.8269958,0,98.88733673,9.999999747e-05,9.999999747e-05,118141.6406,12.08075619,3.207280671
221.8000031,242.3817325,78.78007042,26.12395659,61.82916439,0.8408153235,145.0540544,6.490880966,297.8863831,0,103.9214554,9.999999747e-05,67.35810852,118161.6094,12.14597511,3.291494589
222,241.7268452,79.18083189,26.12739461,61.88368911,0.8335954456,144.5766108,6.493476391,297.822937,0,108.0787354,9.999999747e-05,9.999999747e-05,118182.4766,12.10045052,3.241662873
222.1999969,242.8201589,79.10676525,26.11778071,61.82945416,0.8389498207,145.1931593,6.495032787,297.8855286,0,111.2067108,9.999999747e-05,69.28433228,118203.6562,12.17424583,3.085219796
222.3999939,242.1056952,79.47361876,26.12215906,61.89074791,0.8314443357,144.6453442,6.498321533,297.8220825,0,113.7167816,9.999999747e-05,9.999999747e-05,118225.5547,12.10400009,3.173907895
222.6000061,243.0624462,79.38484122,26.11266193,61.82971791,0.8370909715,145.3132677,6.501786709,297.8863525,0,114.9022827,9.999999747e-05,70.25200653,118247.5781,12.15685558,3.160997452
222.8000031,242.1044708,79.87621271,26.11506971,61.89325571,0.8281213772,144.7847559,6.50483799,297.822937,0,114.7068253,9.999999747e-05,9.999999747e-05,118269.75,12.07484055,3.178921242
223,242.8846202,79.71256809,26.10741387,61.83026336,0.8341562023,145.4460618,6.506585121,297.8876343,0,113.2927704,9.999999747e-05,70.51205444,118291.4844,12.12961292,3.117255076
223.1999969,241.7954076,80.12058895,26.11075187,61.89270825,0.8255754926,144.8936302,6.507145882,297.8241882,0,111.1828308,9.999999747e-05,9.999999747e-05,118312.9609,12.04817867,3.114311728
223.3999939,242.6144697,79.7825349,26.10580389,61.82496395,0.8332041346,145.5238617,6.506108761,297.8885803,0,108.8482208,9.999999747e-05,70.36430359,118333.7266,12.11674213,3.032246355
223.6000061,241.5992626,80.02254232,26.11134483,61.88380651,0.8261078889,144.9404179,6.504786968,297.8251648,0,106.9298935,9.999999747e-05,9.999999747e-05,118354.2812,12.04409504,3.068147319
223.8000031,242.5659228,79.59274269,26.10724613,61.81417595,0.8347711646,145.5490105,6.502942562,297.8890076,0,105.5362167,9.999999747e-05,70.09228516,118374.3203,12.11917019,3.028501593
224,241.6742418,79.77226423,26.11324696,61.86961197,0.8285077168,144.9808225,6.500753403,297.825592,0,104.881012,9.999999747e-05,9.999999747e-05,118394.3203,12.06294346,3.022985185
224.1999969,242.752016,79.33714386,26.10888714,61.80287155,0.8372714965,145.5653909,6.499005795,297.8890076,0,105.1008453,9.999999747e-05,69.86592102,118414.1484,12.14017677,3.011137328
224.3999939,241.9926536,79.51285962,26.11458394,61.85565155,0.8314204854,145.0259856,6.497153282,297.8256226,0,106.0173492,9.999999747e-05,9.999999747e-05,118434.2266,12.09471035,2.986208139
224.6000061,243.1107259,79.14080305,26.10925893,61.79274766,0.8396142829,145.6024089,6.494719028,297.8887939,0,107.67659,9.999999747e-05,69.74731445,118454.3047,12.18378448,2.873593482
224.8000031,242.526547,79.27063927,26.1156286,61.84526095,0.8344106536,145.0563706,6.494031906,297.8254089,0,110.3111267,9.999999747e-05,9.999999747e-05,118475.0391,12.13770103,2.938612826
225,243.6548081,78.99826847,26.10875437,61.78384252,0.841832637,145.6518804,6.49477005,297.8885193,0,113.2128067,9.999999747e-05,69.7232666,118496.2266,12.20781994,2.954486252
225.1999969,243.0476231,79.29451451,26.11303659,61.83828375,0.8352647148,145.1406327,6.49546051,297.8251343,0,115.8201447,9.999999747e-05,9.999999747e-05,118517.9766,12.16248989,2.918804302
225.3999939,244.0660719,79.08219289,26.1062479,61.7820653,0.8417717568,145.7156396,6.496663094,297.8882751,0,118.156105,9.999999747e-05,69.75314331,118540.0391,12.22807217,2.893108346
225.6000061,243.4421694,79.39989703,26.11016244,61.8377206,0.8349211861,145.2009995,6.499217987,297.8248901,0,120.0091629,9.999999747e-05,9.999999747e-05,118562.6641,12.16437149,2.966386644
225.8000031,244.2863345,79.2621628,26.10248709,61.78079428,0.8406470869,145.8089558,6.500730038,297.8880615,0,120.83741,9.999999747e-05,69.81016541,118585.2734,12.22605705,2.883959874
226,243.5437214,79.60426239,26.10594925,61.8383683,0.8332732553,145.2876503,6.501778126,297.824707,0,121.0685425,9.999999747e-05,9.999999747e-05,118608.0391,12.16328812,2.875433253
226.1999969,244.3354147,79.36420197,26.09994345,61.77864264,0.8398355502,145.8829347,6.503296852,297.8879395,0,120.878624,9.999999747e-05,69.85681152,118630.6953,12.21614647,2.895865715
226.3999939,243.5134644,79.71365722,26.10273855,61.83362033,0.8323933801,145.3862561,6.502889156,297.824585,0,120.0782394,9.999999747e-05,9.999999747e-05,118653.2344,12.15862274,2.818386937
226.6000061,244.3046553,79.38658306,26.09832121,61.77309108,0.8396510205,145.954388,6.502319813,297.8878174,0,119.4487991,9.999999747e-05,69.88923645,118675.4922,12.22122955,2.79758131
226.8000031,243.5640002,79.62161522,26.10257643,61.82521086,0.8333154575,145.4416665,6.502035141,297.8244934,0,119.0413437,9.999999747e-05,9.999999747e-05,118697.8047,12.15979958,2.83642153
227,244.3794048,79.31174782,26.09762414,61.76357781,0.8405774719,146.0227139,6.502233505,297.8877258,0,118.7464981,9.999999747e-05,69.91405487,118719.9609,12.2189579,2.852875721
227.1999969,243.6268076,79.58283386,26.10129581,61.81569115,0.8339528956,145.5249731,6.502744198,297.8244019,0,118.3715363,9.999999747e-05,9.999999747e-05,118742.2109,12.15443325,2.897285933
227.3999939,244.3984111,79.31539934,26.09599551,61.75609286,0.8407319033,146.1029067,6.504859447,297.8876038,0,117.7927399,9.999999747e-05,69.9338913,118764.3594,12.19852448,2.994273499
227.6000061,243.5162918,79.69017159,26.09788147,61.80810914,0.8331265099,145.644181,6.506796837,297.8242493,0,116.3636932,9.999999747e-05,9.999999747e-05,118786.4531,12.12185192,3.041808403
227.8000031,244.1505612,79.47561528,26.09240687,61.75035905,0.8391959031,146.2249384,6.508481503,297.8874512,0,114.1653137,9.999999747e-05,69.96161652,118808.0703,12.16489124,3.061324866
228,243.1440029,79.83714077,26.09444601,61.80231744,0.8314522547,145.7621226,6.507246017,297.8241272,0,111.293457,9.999999747e-05,9.999999747e-05,118829.1719,12.10258389,2.953397544
228.1999969,243.88288,79.44303016,26.09202253,61.74328414,0.8390913611,146.2827873,6.504991531,297.8873596,0,108.9245148,9.999999747e-05,69.98316193,118849.6016,12.16776371,2.900017197
228.3999939,243.071784,79.58432329,26.09702558,61.79057749,0.8335285346,145.7840469,6.502130508,297.8240356,0,107.4513245,9.999999747e-05,9.999999747e-05,118869.8203,12.11628342,2.888231232
228.6000061,244.0063866,79.14497016,26.09432567,61.72983095,0.8419708703,146.3030706,6.49853754,297.8872681,0,107.1212921,9.999999747e-05,70.00099945,118889.6875,12.19834709,2.80394612
228.8000031,243.4197979,79.20249827,26.10041253,61.77530923,0.8375375488,145.8022767,6.495985031,297.8239746,0,108.2288971,9.999999747e-05,9.999999747e-05,118909.875,12.15797997,2.841808735
229,244.4626985,78.83965585,26.09611369,61.71735166,0.8454772428,146.3248631,6.495001316,297.887207,0,110.3517838,9.999999747e-05,70.0094223,118930.3438,12.2285738,2.871761566
229.1999969,243.9435825,79.02126678,26.10063217,61.76331002,0.8402416684,145.8608182,6.494913101,297.8239136,0,112.8662491,9.999999747e-05,9.999999747e-05,118951.4062,12.18835258,2.88639786
229.3999939,244.9064174,78.79728977,26.09510207,61.7120384,0.8466324017,146.3718533,6.494341373,297.8871155,0,115.4181747,9.999999747e-05,70.01747131,118972.7266,12.26274014,2.788878653
229.6000061,244.4430599,78.99139907,26.09987347,61.76083721,0.8412259228,145.8877946,6.493695736,297.8238525,0,118.2031555,9.999999747e-05,9.999999747e-05,118994.5859,12.22944736,2.741381002
