Time Step,Discharge rate,Sugar feed rate,Soil bean feed rate,Aeration rate,Back pressure,Water injection/dilution,pH,Temperature,Acid flow rate,Base flow rate,Cooling water,Heating water,Vessel Weight,Dissolved oxygen concentration,Yield Per Step
0,180.0526812,69.668755,27.46811608,57.59156488,0.844747951,139.4579344,6.419638157,297.553833,0,35.23377228,9.999999747e-05,341.7072144,62353.21875,16.83509827,-0.001540938646
0.200000003,180.0526812,69.668755,24.506251,57.59156488,0.844747951,139.4579344,6.444598675,297.8476562,0,67.37851715,9.999999747e-05,89.23600006,62377.83203,16.81764412,-2.742682157e-05
0.400000006,180.0526812,69.668755,23.22244633,57.59156488,0.844747951,139.4579344,6.483977795,297.8115845,0,89.97718811,9.999999747e-05,9.999999747e-05,62406.88281,16.81900406,-2.750043136e-05
0.6000000238,180.0526812,69.668755,24.51506429,57.59156488,0.844747951,139.4579344,6.524138927,298.2243652,0,96.85679626,9.999999747e-05,121.9632721,62436.37109,16.79305649,-2.767068255e-05
0.8000000119,180.0526812,69.668755,25.33223286,57.59156488,0.844747951,139.4579344,6.558339119,298.0213928,0,87.7155838,135.6138763,12.19632721,62464.04297,16.77521515,-2.768397796e-05
1,180.0526812,69.668755,25.41347983,57.59156488,0.844747951,139.4579344,6.567211628,297.8911438,0.5174873471,43.8577919,70.91062164,1.219632626,62482.98828,16.77583885,-2.720761137e-05
1.200000048,180.0526812,69.668755,24.41207821,57.59156488,0.844747951,139.4579344,6.559081078,298.1287842,1.037957907,21.92889595,21.27318573,81.02612305,62497.32812,16.76296616,-2.728721701e-05
1.399999976,180.0526812,69.668755,23.22244633,57.59156488,0.844747951,139.4579344,6.54265213,297.9878235,1.559382796,10.96444798,100.1567383,8.102612495,62509.34766,16.75772858,-2.740892029e-05
1.600000024,180.0526812,69.668755,23.22244633,57.59156488,0.844747951,139.4579344,6.519854546,297.8884888,0,0,54.57234192,0.8102612495,62518.80469,16.7413578,-2.721589022e-05
1.799999952,180.0526812,69.668755,23.22244633,57.59156488,0.844747951,139.4579344,6.498095989,298.1069641,0,0,16.37170219,71.4336853,62528.26172,16.7314167,-2.741346703e-05
2,180.0526812,69.668755,23.22244633,57.59156488,0.844747951,139.4579344,6.478132725,297.9814148,0,1.280007601,88.30701447,7.143368721,62537.90234,16.709589,-2.757895816e-05
2.200000048,180.0526812,69.668755,23.22244633,57.59156488,0.844747951,139.4579344,6.464590549,297.8970337,0,10.54274178,47.37164307,0.7143368721,62549.44922,16.69449806,-2.741207538e-05
2.400000095,180.0526812,69.668755,23.86228427,57.59156488,0.844747951,139.4579344,6.459708214,298.089447,0,25.20709801,14.21149254,61.90198898,62564.06641,16.67700386,-2.754227697e-05
2.599999905,180.0526812,69.668755,23.22244633,57.59156488,0.844747951,139.4579344,6.465633869,297.9889221,0,41.81655884,77.36326599,6.190198898,62582.06641,16.67856216,-2.760493348e-05
2.799999952,180.0526812,69.668755,24.90934682,57.59156488,0.844747951,139.4579344,6.48037672,297.921051,0,56.04804611,44.59843826,0.619019866,62603.35938,16.66967773,-2.734702462e-05
3,180.0526812,69.668755,23.22244633,57.59156488,0.844747951,139.4579344,6.502840519,298.1040955,0,64.38799286,13.37953186,55.62829208,62626.1875,16.67680931,-2.734592939e-05
3.200000048,180.0526812,69.668755,24.76731438,57.59156488,0.844747951,139.4579344,6.52267313,298.0215759,0,63.74523163,74.0825119,5.562829494,62651.11719,16.65213203,-2.731883167e-05
3.400000095,180.0526812,69.668755,23.22244633,57.59156488,0.844747951,139.4579344,6.537100315,297.9618835,0,55.20278168,48.13827896,0.5562829375,62674.07422,16.64424515,-2.706200694e-05
3.599999905,180.0526812,69.668755,23.22244633,57.59156488,0.844747951,139.4579344,6.540565968,297.9293518,0,40.89886475,28.97171211,0.05562829226,62694.10938,16.62878799,-2.68962344e-05
3.799999952,180.0526812,69.668755,23.22244633,57.59156488,0.844747951,139.4579344,6.531483173,298.0652771,0,25.22729301,8.691514015,37.93996811,62709.67969,16.61057281,-2.698389062e-05
4,180.0526812,69.668755,23.22244633,57.59156488,0.844747951,139.4579344,6.513265133,298.0215759,0,13.19484234,53.18527985,3.793996572,62722.79297,16.59574509,-2.710903535e-05
4.199999809,180.0526812,69.668755,23.22244633,57.59156488,0.844747951,139.4579344,6.491735458,297.982666,0,8.439430237,39.53276062,0.3793996572,62734.83984,16.5650692,-2.708555813e-05
4.400000095,180.0526812,69.668755,23.35762516,57.59156488,0.844747951,139.4579344,6.473457336,297.9633179,0,12.27754307,27.24575806,0.03793996572,62747.6875,16.54501724,-2.709048717e-05
4.599999905,180.0526812,69.668755,23.22244633,57.59156488,0.844747951,139.4579344,6.463098049,297.9588013,0,23.40573502,20.21665192,0.003793996526,62762.84375,16.53298759,-2.710616173e-05
4.800000191,180.0526812,69.668755,23.22244633,57.59156488,0.844747951,139.4579344,6.463427067,297.9635925,0,38.66202927,17.42341232,0.0003793996584,62781.21484,16.52526855,-2.710158519e-05
5,180.0526812,69.668755,23.22244633,57.59156488,0.844747951,139.4579344,6.473555565,297.9725037,0,53.77688217,17.56609154,9.999999747e-05,62802.71484,16.51084518,-2.705990368e-05
5.199999809,180.0526812,69.668755,24.28720894,57.59156488,0.844747951,139.4579344,6.489174843,297.9819031,0,64.84242249,19.23612785,9.999999747e-05,62826.63281,16.48643303,-2.698568053e-05
5.400000095,180.0526812,69.668755,24.3176193,57.59156488,0.844747951,139.4579344,6.506084442,297.9913025,0,69.6736145,21.39052391,9.999999747e-05,62851.50391,16.46294594,-2.689691686e-05
5.599999905,180.0526812,69.668755,23.22244633,57.59156488,0.844747951,139.4579344,6.520718575,298.0011902,0,67.75441742,23.88036537,9.999999747e-05,62875.76953,16.44361877,-2.681268139e-05
5.800000191,180.0526812,69.668755,23.22244633,57.59156488,0.844747951,139.4579344,6.529548645,298.0115967,0,59.99316406,26.8923378,9.999999747e-05,62898.45312,16.42370796,-2.674931911e-05
6,180.0526812,69.668755,23.89507368,57.59156488,0.844747951,139.4579344,6.529109001,298.0205994,0,48.71150589,30.458601,9.999999747e-05,62918.91016,16.39635658,-2.671941905e-05
6.199999809,180.0526812,69.668755,23.48197372,57.59156488,0.844747951,139.4579344,6.520792484,298.0317078,0,37.61761475,33.91613007,9.999999747e-05,62937.06641,16.37836266,-2.672862195e-05
6.400000095,180.0526812,69.668755,26.66954147,57.59156488,0.844747951,139.4579344,6.505631924,298.0385742,0,29.84641075,38.44992065,9.999999747e-05,62954.13672,16.34085274,-2.676956438e-05
6.599999905,180.0526812,69.668755,23.22244633,57.59156488,0.844747951,139.4579344,6.489637375,298.0476074,0,28.13673401,41.93128967,9.999999747e-05,62970.25781,16.32337189,-2.682761051e-05
6.800000191,180.0526812,69.668755,23.22244633,57.59156488,0.844747951,139.4579344,6.476272106,298.0532227,0,32.80570602,46.44464493,9.999999747e-05,62987.28516,16.29200363,-2.688211678e-05
7,180.0526812,69.668755,23.33801726,57.59156488,0.844747951,139.4579344,6.467926502,298.0543823,0,42.80957794,50.1002121,9.999999747e-05,63006.29688,16.25701332,-2.691162037e-05
7.199999809,180.0526812,69.668755,23.58561283,57.59156488,0.844747951,139.4579344,6.467005253,298.0576782,0,56.14350891,52.44788361,9.999999747e-05,63028.09375,16.23138618,-2.690893503e-05
7.400000095,180.0526812,69.668755,24.04682291,57.59156488,0.844747951,139.4579344,6.474210739,298.0652466,0,69.83766937,55.62303925,9.999999747e-05,63052.84375,16.21046829,-2.687456287e-05
7.599999905,180.0526812,69.668755,24.95650521,57.59156488,0.844747951,139.4579344,6.48614502,298.071167,0,80.64672089,60.36237717,9.999999747e-05,63079.96484,16.1815567,-2.681160228e-05
7.800000191,180.0526812,69.668755,24.64635448,57.59156488,0.844747951,139.4579344,6.499812126,298.0762024,0,86.69262695,64.80076599,9.999999747e-05,63108.26562,16.1536026,-2.673130655e-05
8,180.0526812,69.668755,26.27827762,57.59156488,0.844747951,139.4579344,6.511762619,298.0794983,0,87.28106689,69.15643311,9.999999747e-05,63136.96484,16.11977577,-2.664944972e-05
8.199999809,180.0526812,69.668755,24.19470177,57.59156488,0.844747951,139.4579344,6.5203619,298.0848999,0,83.1006012,73.12175751,9.999999747e-05,63164.44141,16.09392738,-2.658059435e-05
8.399999619,180.0526812,69.668755,25.20886143,57.59156488,0.844747951,139.4579344,6.526007652,298.1011658,0,75.4858551,77.93595123,9.999999747e-05,63190.67969,16.07205391,-2.65395582e-05
8.600000381,180.0526812,69.668755,26.29226742,57.59156488,0.844747951,139.4579344,6.524977684,298.1173401,0,65.61184692,86.69692993,9.999999747e-05,63215.13672,16.03904343,-2.653098979e-05
8.800000191,180.0526812,69.668755,24.34040983,57.59156488,0.844747951,139.4579344,6.517205238,298.1336365,0,56.1621933,95.94270325,9.999999747e-05,63237.33594,16.00881767,-2.655240311e-05
9,180.0526812,69.668755,25.64986953,57.59156488,0.844747951,139.4579344,6.504608631,298.1492004,0,49.82232666,105.8475647,9.999999747e-05,63258.50391,15.96980095,-2.659973789e-05
9.199999809,180.0526812,69.668755,25.94974695,57.59156488,0.844747951,139.4579344,6.491424561,298.1684265,0,48.51522446,116.1021805,9.999999747e-05,63279.52344,15.93432999,-2.666356852e-05
9.399999619,180.0526812,69.668755,24.57628808,57.59156488,0.844747951,139.4579344,6.479592323,298.1748352,0,52.46840668,128.2177887,9.999999747e-05,63301.03516,15.89090061,-2.671777012e-05
9.600000381,180.0526812,69.668755,25.16789683,57.59156488,0.844747951,139.4579344,6.47181797,298.171814,0,61.14813232,136.5982513,9.999999747e-05,63324.375,15.84336185,-2.673763683e-05
9.800000191,180.0526812,69.668755,26.47437335,57.59156488,0.844747951,139.4579344,6.470173359,298.1703186,0,72.92860413,142.0648651,9.999999747e-05,63349.55078,15.79805756,-2.6725134e-05
10,180.0526812,69.668755,27.62425092,57.59156488,0.844747951,139.4579344,6.474450588,298.1729736,0,85.35978699,148.0175781,9.999999747e-05,63377.50391,15.75445366,-2.668931528e-05
10.19999981,180.0526812,69.668755,27.22085806,57.59156488,0.844747951,139.4579344,6.482435226,298.1770935,0,96.08020782,155.3261108,9.999999747e-05,63407.58984,15.71222878,-2.663585296e-05
10.39999962,180.0526812,69.668755,27.17753278,57.59156488,0.844747951,139.4579344,6.49204731,298.1859436,0,103.6137085,163.2144928,9.999999747e-05,63439.23828,15.66917992,-2.657619186e-05
10.60000038,180.0526812,69.668755,25.96849466,57.59156488,0.844747951,139.4579344,6.500042439,298.1871643,0,107.3087692,172.8787689,9.999999747e-05,63471.38672,15.62211227,-2.651410503e-05
10.80000019,180.0526812,69.668755,28.38298996,57.59156488,0.844747951,139.4579344,6.50647831,298.1982117,0,107.8163071,180.2063599,9.999999747e-05,63504.13281,15.56986904,-2.646209548e-05
11,180.0526812,69.668755,28.19518802,57.59156488,0.844747951,139.4579344,6.509101391,298.1999817,0,105.7495499,191.0328674,9.999999747e-05,63536.375,15.51529121,-2.642317942e-05
11.19999981,180.0526812,69.668755,28.17098333,57.59156488,0.844747951,139.4579344,6.506842613,298.1856384,0,102.6409683,198.9941559,9.999999747e-05,63567.88672,15.45468807,-2.637869621e-05
11.39999962,180.0526812,69.668755,27.36494032,57.59156488,0.844747951,139.4579344,6.502324581,298.1838074,0,100.439682,201.5302277,9.999999747e-05,63598.82422,15.40117359,-2.63469872e-05
11.60000038,180.0526812,69.668755,28.38298996,57.59156488,0.844747951,139.4579344,6.495586872,298.1800842,0,100.0374298,207.9660797,9.999999747e-05,63629.83594,15.33788395,-2.633630661e-05
11.80000019,180.0526812,69.668755,28.04491749,57.59156488,0.844747951,139.4579344,6.486483574,298.1593323,0,102.3303452,213.5893555,9.999999747e-05,63661.15234,15.27248287,-2.631770845e-05
12,180.0526812,69.668755,28.26723727,57.59156488,0.844747951,139.4579344,6.478785992,298.1529236,0,108.2651367,213.2102814,9.999999747e-05,63693.73438,15.21066761,-2.629931496e-05
12.19999981,180.0526812,69.668755,28.29211528,57.59156488,0.844747951,139.4579344,6.470338345,298.1231079,0,117.2668533,217.1255188,9.999999747e-05,63728.02344,15.14099121,-2.627092405e-05
12.39999962,180.0526812,69.668755,28.38298996,57.59156488,0.844747951,139.4579344,6.464337349,298.1068726,0,129.6546326,212.6204224,9.999999747e-05,63764.85156,15.07631683,-2.622941381e-05
12.60000038,180.0526812,69.668755,28.38298996,57.59156488,0.844747951,139.4579344,6.462208748,298.1177063,0,144.4322662,211.8633728,9.999999747e-05,63804.76953,15.01479626,-2.621354487e-05
12.80000019,180.0526812,69.668755,28.38298996,57.59156488,0.844747951,139.4579344,6.462387085,298.1454773,0,160.0565948,219.7312469,9.999999747e-05,63847.95312,14.95154572,-2.622657511e-05
13,180.0526812,69.668755,28.38298996,57.59156488,0.844747951,139.4579344,6.462415218,298.1620178,0,175.6143951,233.6452332,9.999999747e-05,63894.29688,14.88259315,-2.624003234e-05
13.19999981,180.0526812,69.668755,28.38298996,57.59156488,0.844747951,139.4579344,6.460886478,298.1456604,0,191.1687317,244.5986328,9.999999747e-05,63943.69531,14.80850887,-2.621372767e-05
13.39999962,180.0526812,69.668755,28.38298996,57.59156488,0.844747951,139.4579344,6.458679199,298.1355896,0,207.3392334,244.9023895,9.999999747e-05,63996.37891,14.73609257,-2.616669801e-05
13.60000038,180.0526812,69.668755,28.38298996,57.59156488,0.844747951,139.4579344,6.455703259,298.1314392,0,224.3899231,247.0151978,9.999999747e-05,64052.53125,14.66217899,-2.613553732e-05
13.80000019,180.0526812,69.668755,28.38298996,57.59156488,0.844747951,139.4579344,6.450823784,298.1349487,0,225,250.7419586,9.999999747e-05,64108.80078,14.58228493,-2.612361538e-05
14,180.0526812,69.668755,28.38298996,57.59156488,0.844747951,139.4579344,6.444473743,298.1507874,0,225,256.9195557,9.999999747e-05,64165.08594,14.49977875,-2.613983546e-05
14.19999981,180.0526812,69.668755,28.38298996,57.59156488,0.844747951,139.4579344,6.436788082,298.1693115,0,225,267.4140015,9.999999747e-05,64221.37109,14.41387749,-2.617801408e-05
14.39999962,180.0526812,69.668755,28.38298996,57.59156488,0.844747951,139.4579344,6.428123951,298.1965942,0,225,279.3368835,9.999999747e-05,64277.67969,14.3248682,-2.623374426e-05
14.60000038,180.0526812,69.668755,28.38298996,57.59156488,0.844747951,139.4579344,6.418225765,298.2075195,0,225,294.9630432,9.999999747e-05,64333.94531,14.23230839,-2.628791162e-05
14.80000019,180.0526812,72.80402051,28.38298996,57.59156488,0.844747951,139.4579344,6.407898903,298.2419739,0,225,305.8960876,9.999999747e-05,64391.12109,14.13723946,-2.635455061e-05
15,180.0526812,85.15070056,28.38298996,57.59156488,0.844747951,139.4579344,6.396484375,298.249939,0,225,325.489624,9.999999747e-05,64451.5625,14.04196644,-2.642331385e-05
15.19999981,180.0526812,85.15070056,28.38298996,57.59156488,0.844747951,139.4579344,6.384309292,298.2521973,0,225,337.0524902,9.999999747e-05,64511.96875,13.94025326,-2.64651408e-05
15.39999962,180.0526812,85.15070056,28.38298996,57.59156488,0.844747951,139.4579344,6.371495724,298.2532043,0,225,347.1469421,9.999999747e-05,64572.34766,13.83541203,-2.65048028e-05
15.60000038,180.0526812,85.15070056,28.38298996,57.59156488,0.844747951,139.4579344,6.358366489,298.2639771,0,225,356.9325562,9.999999747e-05,64632.73438,13.72671318,-2.655679532e-05
15.80000019,180.0526812,85.15070056,28.38298996,57.59156488,0.844747951,139.4579344,6.34549427,298.3035278,0,225,370.1336365,9.999999747e-05,64693.20312,13.61238575,-2.664906234e-05
16,180.0526812,85.15070056,28.38298996,57.59156488,0.844747951,139.4579344,6.332331657,298.335907,0,225,393.5998535,9.999999747e-05,64753.67578,13.49578476,-2.676435671e-05
16.20000076,180.0526812,85.15070056,28.38298996,57.59156488,0.844747951,139.4579344,6.318960667,298.3667603,0,225,415.8560486,9.999999747e-05,64814.16016,13.37507153,-2.6873818e-05
16.39999962,180.0526812,85.15070056,28.38298996,57.59156488,0.844747951,139.4579344,6.30546236,298.3997192,0,225,438.8527527,9.999999747e-05,64874.66797,13.25005245,-2.698640059e-05
16.60000038,180.0526812,85.15070056,28.38298996,57.59156488,0.844747951,139.4579344,6.291334152,298.4082031,0,225,463.7425537,9.999999747e-05,64935.12891,13.12417316,-2.707983068e-05
16.79999924,180.0526812,85.15070056,28.38298996,57.59156488,0.844747951,139.4579344,6.27755785,298.4481201,0,225,481.414032,9.999999747e-05,64995.66016,12.98917294,-2.718328286e-05
17,180.0526812,85.15070056,28.38298996,57.59156488,0.8670057663,139.4579344,6.264075279,298.5085144,0,225,510.4252625,9.999999747e-05,65056.26953,13.03580284,-2.733953099e-05
17.20000076,180.0526812,85.15070056,28.01988997,59.63562177,0.8856082503,139.4579344,6.249768734,298.5189819,0,225,547.7684326,9.999999747e-05,65116.73047,13.10702038,-2.746832453e-05
17.39999962,180.0526812,85.15070056,27.17228479,61.30802599,0.9067387706,139.4579344,6.233372688,298.4586487,0,225,569.9975586,9.999999747e-05,65176.88281,13.19904041,-2.748356224e-05
17.60000038,197.7791896,81.94446225,26.19540123,63.52769945,0.9255268673,148.0117005,6.218008518,298.46698,0,225,568.5625,9.999999747e-05,65234.26953,13.27841377,-2.727565637e-05
17.79999924,194.7390497,80.14746267,26.11317262,63.41920329,0.9307244907,149.7412619,6.202064991,298.4590149,0,225,589.0877075,9.999999747e-05,65292.26562,13.19909763,-2.738689382e-05
18,198.4661486,78.55374936,25.91836231,63.74894969,0.9358668573,153.0227941,6.187417984,298.469574,0,225,603.7893066,9.999999747e-05,65349.96875,13.17616177,-2.741573489e-05
18.20000076,199.7868623,77.85690879,25.84814542,63.94415981,0.9371003974,154.2092767,6.193014622,298.300354,0,225,624.7062988,9.999999747e-05,65407.71875,15.75259686,0.01126105304
18.39999962,198.6123682,78.11424196,25.8887498,63.82025303,0.9363377034,153.4815147,6.238843918,297.8300171,0,225,583.8579102,9.999999747e-05,65466.05469,15.74951744,0.115602881
18.60000038,191.7122691,81.39922215,26.40359498,63.15429615,0.9194357931,144.8526185,6.282080173,300.2587891,0,225,175.1573792,716.6553955,65524.75391,15.53709984,0.07090531136
18.79999924,219.0318534,85.15070056,28.38298996,57.59156488,0.844747951,139.4579344,6.320784569,299.3293457,0,225,1010.242859,71.6655426,65577.89844,14.72742558,0.02549988154
19,215.5838207,85.15070056,27.32156298,61.98198458,0.8697953053,139.4579344,6.357191563,298.6739197,0,225,756.0706177,7.166553974,65631.90625,15.00720215,0.0347245391
19.20000076,180.0526812,85.15070056,28.38298996,57.59156488,0.844747951,139.4579344,6.389293194,298.203125,0,225,586.7730713,0.7166554332,65693.42188,14.72332859,0.03685872026
19.39999962,180.0526812,85.15070056,28.38298996,57.59156488,0.844747951,139.4579344,6.418065548,297.9317322,0,225,454.5334778,0.07166554034,65755.04688,14.71668434,0.03846101735
19.60000038,180.0526812,85.15070056,28.38298996,57.59156488,0.844747951,139.4579344,6.443548679,299.4928894,0,225,136.3600464,431.9040833,65816.44531,14.71314621,0.03749734038
19.79999924,180.0526812,85.15070056,28.38298996,57.59156488,0.844747951,139.4579344,6.465901375,299.0120239,0,225,674.4377441,43.1904068,65877.58594,14.71351814,0.03887312595
20,180.0526812,85.15070056,28.38298996,57.59156488,0.844747951,139.4579344,6.4852705,298.6076355,0,225,552.8101196,4.319040775,65938.84375,14.70639515,0.04216006461
20.20000076,180.0526812,69.668755,28.38298996,57.59156488,0.844747951,139.4579344,6.508162498,298.2807312,0,225,454.8493958,0.4319040775,65995.92969,14.94207668,0.2886506053
20.39999962,180.0526812,69.668755,28.38298996,57.59156488,0.844747951,139.4579344,6.528134823,298.0455322,0,222.2419128,367.8923035,0.0431904085,66052.42188,14.94620037,0.3322389596
20.60000038,180.0526812,69.668755,28.38298996,57.59156488,0.844747951,139.4579344,6.544782639,297.8860474,0,211.5158081,299.7295837,0.00431904057,66106.70312,14.9448595,0.3606614343
20.79999924,180.0526812,69.668755,28.38298996,57.59156488,0.844747951,139.4579344,6.55800581,299.0426025,0,194.1321106,89.91887665,311.5726318,66157.28906,14.92710495,0.3500257837
21,180.0526812,69.668755,28.38298996,57.59156488,0.844747951,139.4579344,6.550362587,298.7663574,0.5190391541,97.0660553,485.8512573,31.1572628,66187.98438,14.86529922,0.3401145877
21.20000076,180.0526812,69.668755,28.38298996,57.59156488,0.844747951,139.4579344,6.515498161,298.4896851,1.040629387,48.53302765,420.9761047,3.115726233,66208.89844,14.83725834,0.3765793623
21.39999962,180.0526812,69.668755,28.38298996,57.59156488,0.844747951,139.4579344,6.481389046,298.29599,0,42.94371796,356.3372498,0.3115726411,66228.53125,14.82878876,0.4101020964
21.60000038,180.0526812,69.668755,28.38298996,57.59156488,0.844747951,139.4579344,6.454885483,298.1420593,0,50.9084053,309.9449463,0.03115726262,66249.79688,14.83703423,0.4655613307
21.79999924,180.0526812,69.668755,28.38298996,57.59156488,0.844747951,139.4579344,6.44021368,298.0227661,0,69.45191193,269.3884583,0.003115726402,66274.85156,14.85115242,0.518996456
22,180.0526812,69.668755,27.13592921,57.59156488,0.844747951,139.4579344,6.438007832,297.9210205,0,93.84970093,234.7182922,0.0003115726286,66304.65625,14.909935,0.6667528278
22.20000076,180.0526812,69.668755,27.632709,57.59156488,0.844747951,139.4579344,6.446749687,298.8781128,0,119.1269302,70.4154892,251.2242432,66339.65625,14.90396309,0.6454934087
22.39999962,180.0526812,69.668755,26.71495285,57.59156488,0.844747951,139.4579344,6.461964607,298.5958862,0,140.9113007,398.4162903,25.12242508,66378.84375,14.94619656,0.7390959237
22.60000038,180.0526812,69.668755,28.38298996,57.59156488,0.844747951,139.4579344,6.479019165,298.356781,0,156.6235962,326.8032837,2.512242317,66421.6875,14.90048695,0.637373986
22.79999924,180.0526812,69.668755,28.38298996,57.59156488,0.844747951,139.4579344,6.495875359,298.1929932,0,165.5286865,268.7685852,0.2512242496,66466.44531,14.90429974,0.6566087046
23,180.0526812,69.668755,28.38298996,57.59156488,0.844747951,139.4579344,6.511561394,298.0992126,0,167.6977844,227.434494,0.02512242459,66511.75,14.89755344,0.6543211055
23.20000076,180.0526812,69.668755,28.38298996,57.59156488,0.844747951,139.4579344,6.524700165,298.038269,0,163.5957184,203.5525513,0.002512242412,66556.26562,14.89298058,0.67290896
23.39999962,180.0526812,69.668755,28.38298996,57.59156488,0.844747951,139.4579344,6.534879208,298.0061035,0,154.2427368,186.9478149,0.0002512242354,66598.91406,14.88170147,0.6801588882
23.60000038,180.0526812,69.668755,28.38298996,57.59156488,0.844747951,139.4579344,6.541153431,297.9869385,0,140.8197021,177.7461853,9.999999747e-05,66638.82031,14.87127876,0.7021000518
23.79999924,180.0526812,69.668755,28.38298996,57.59156488,0.844747951,139.4579344,6.542519093,297.9749451,0,124.8902512,171.6000519,9.999999747e-05,66675.46094,14.86029148,0.7323013094
24,180.0526812,69.668755,28.38298996,57.59156488,0.844747951,139.4579344,6.539803505,297.9909973,0,108.4181366,167.1168976,9.999999747e-05,66708.82812,14.83414364,0.7069069278
24.20000076,180.0526812,69.668755,28.38298996,57.59156488,0.844747951,139.4579344,6.531255245,298.006012,0,93.03000641,171.8020935,9.999999747e-05,66739.04688,14.81952953,0.7272886493
24.39999962,180.0526812,69.668755,28.38298996,57.59156488,0.844747951,139.4579344,6.519880295,298.0478821,0,81.06720734,176.5314026,9.999999747e-05,66766.95312,14.78964233,0.6832802969
24.60000038,180.0526812,69.668755,28.18832572,57.59156488,0.844747951,139.4579344,6.5039258,298.0509949,0,73.6449585,191.0811462,9.999999747e-05,66793.17188,14.80067158,0.7860544808
24.79999924,180.0526812,69.668755,28.38298996,57.59156488,0.844747951,139.4579344,6.48929739,298.0613098,0,72.61055756,193.640564,9.999999747e-05,66819.24219,14.78498459,0.7866780058
25,180.0526812,69.668755,28.38298996,57.59156488,0.844747951,139.4579344,6.479113579,298.0730591,0,77.4084549,199.082901,9.999999747e-05,66846.33594,14.77987862,0.8012372926
25.20000076,180.0526812,69.668755,28.34140599,57.59156488,0.844747951,139.4579344,6.475683689,298.0946045,0,86.26959229,205.3611908,9.999999747e-05,66875.30469,14.77351475,0.7954497737
25.39999962,180.0526812,69.668755,28.38298996,57.59156488,0.844747951,139.4579344,6.476672649,298.0931702,0,96.49484253,215.448822,9.999999747e-05,66906.32812,14.78147793,0.8477508048
25.60000038,180.0526812,69.668755,28.38298996,57.59156488,0.844747951,139.4579344,6.482181549,298.0963135,0,106.331604,218.3336639,9.999999747e-05,66939.40625,14.77988815,0.8579386344
25.79999924,180.0526812,69.668755,28.19197293,57.59156488,0.844747951,139.4579344,6.490668774,298.1103516,0,113.9640656,222.9285126,9.999999747e-05,66974.09375,14.77878952,0.8633613814
26,180.0526812,69.668755,28.38298996,57.59156488,0.844747951,139.4579344,6.498569965,298.0973511,0,118.2063599,231.3564911,9.999999747e-05,67009.61719,14.78208351,0.9161214825
26.20000076,180.0526812,69.668755,28.38298996,57.59156488,0.844747951,139.4579344,6.506281853,298.0961304,0,119.2995453,230.9101105,9.999999747e-05,67045.42969,14.77404213,0.9199557695
26.39999962,180.0526812,69.668755,28.38298996,57.59156488,0.844747951,139.4579344,6.511783123,298.0742188,0,117.3067322,234.2364349,9.999999747e-05,67080.77344,14.77850723,0.9896083793
26.60000038,180.0526812,69.668755,28.38298996,57.59156488,0.844747951,139.4579344,6.513246059,298.0153198,0,113.1201324,230.2930908,9.999999747e-05,67115.11719,14.7938385,1.122790303
26.79999924,180.0526812,69.668755,28.38298996,57.59156488,0.844747951,139.4579344,6.51218605,297.9675293,0,108.3544464,212.9147797,9.999999747e-05,67148.47656,14.79295444,1.185304189
27,180.0526812,69.668755,28.38298996,57.59156488,0.844747951,139.4579344,6.511182308,297.9638672,0,104.0081711,197.4403687,9.999999747e-05,67181.10156,14.77261925,1.151889179
27.20000076,180.0526812,69.668755,28.38298996,57.59156488,0.844747951,139.4579344,6.507518768,297.9470825,0,100.0551147,195.3218842,9.999999747e-05,67212.86719,14.77601337,1.227977357
27.39999962,180.0526812,69.668755,28.38298996,57.59156488,0.844747951,139.4579344,6.502536774,298.7687073,0,97.57646179,58.59656525,210.0332947,67243.98438,14.77492809,1.278407981
27.60000038,180.0526812,69.668755,28.38298996,57.59156488,0.844747951,139.4579344,6.4973979,298.616272,0,97.08635712,340.1983643,21.00333023,67274.89062,14.77431965,1.317472356
27.79999924,180.0526812,69.668755,28.38298996,57.59156488,0.8608694879,139.4579344,6.49247551,298.4273987,0,98.64808655,310.2724915,2.100332975,67306.14062,14.91426277,1.389788444
28,180.0526812,69.668755,28.38298996,57.59156488,0.8545375284,139.4579344,6.488820553,298.2766113,0,102.1775055,269.3675537,0.2100332975,67338.14844,14.86553478,1.45165607
28.20000076,180.0526812,69.668755,28.38298996,57.59156488,0.844747951,139.4579344,6.4877038,298.173645,0,107.1656036,234.7867279,0.02100333013,67371.25,14.78300476,1.482640256
28.39999962,180.0526812,69.668755,28.38298996,57.59156488,0.844747951,139.4579344,6.48818779,298.0935059,0,112.596138,210.7744598,0.002100332873,67405.47656,14.78833103,1.534584232
28.60000038,180.0526812,69.668755,28.38298996,57.59156488,0.844747951,139.4579344,6.491548538,298.0527649,0,117.8359528,190.4081268,0.0002100332931,67440.875,14.78141499,1.531073372
28.79999924,180.0526812,69.668755,28.38298996,57.59156488,0.844747951,139.4579344,6.494418144,298.0053101,0,121.7270279,180.4600983,9.999999747e-05,67477.00781,14.79265499,1.609547551
29,180.0526812,69.668755,28.38298996,57.59156488,0.844747951,139.4579344,6.496310711,297.9572754,0,124.4811401,166.3724976,9.999999747e-05,67513.63281,14.80348682,1.68898953
29.20000076,180.0526812,69.668755,28.38298996,57.59156488,0.844747951,139.4579344,6.499539375,297.9397278,0,126.4798431,150.3576965,9.999999747e-05,67550.75781,14.79591179,1.692555879
29.39999962,180.0526812,69.668755,28.38298996,57.59156488,0.844747951,139.4579344,6.501387119,298.5586853,0,127.1795959,45.10731125,155.6708221,67587.85938,14.80242348,1.751481764
29.60000038,180.0526812,69.668755,28.38298996,57.59156488,0.844747951,139.4579344,6.504078865,298.4407349,0,127.1490326,256.5135193,15.56708241,67624.95312,14.79218483,1.743719949
29.79999924,180.0526812,69.668755,28.38298996,57.59156488,0.844747951,139.4579344,6.506657124,298.3210754,0,126.0345154,232.1335754,1.556708217,67661.90625,14.78450489,1.755481275
30,180.0526812,69.668755,28.38298996,57.59156488,0.844747951,139.4579344,6.509296894,298.2461243,0,123.8917618,208.2659912,0.1556708217,67698.53125,14.77152061,1.748762422
30.20000076,180.0526812,69.668755,28.38298996,57.59156488,0.844747951,139.4579344,6.508794308,298.1625061,0,120.6925354,195.3462219,0.01556708291,67734.39844,14.78094769,1.837367069
30.39999962,180.0526812,69.668755,28.38298996,57.59156488,0.844747951,139.4579344,6.506729603,298.098175,0,117.7048569,176.2901764,0.001556708245,67769.65625,14.78006649,1.884929204
30.60000038,180.0526812,69.668755,28.38298996,57.59156488,0.844747951,139.4579344,6.503444195,298.0484924,0,115.5382004,160.8138885,0.0001556708303,67804.45312,14.77991486,1.929728763
30.79999924,180.0526812,69.668755,28.38298996,57.59156488,0.844747951,139.4579344,6.499513626,298.0105286,0,114.6847229,147.8370056,9.999999747e-05,67839.0625,14.78058052,1.972275547
31,180.0526812,69.668755,28.38298996,57.59156488,0.844747951,139.4579344,6.496566296,297.9904785,0,115.4017029,136.9354553,9.999999747e-05,67873.85938,14.77622318,1.992712109
31.20000076,180.0526812,69.668755,28.38298996,57.59156488,0.844747951,139.4579344,6.492221355,297.9588623,0,117.2923203,130.6963501,9.999999747e-05,67908.9375,14.78908253,2.062187611
31.39999962,180.0526812,69.668755,28.38298996,57.59156488,0.844747951,139.4579344,6.49024868,297.947113,0,120.9285355,119.5800018,9.999999747e-05,67944.82031,14.78568459,2.078131715
31.60000038,180.0526812,69.668755,28.38298996,57.59156488,0.844747951,139.4579344,6.489743233,298.4595337,0,125.341629,35.87400055,125.7788544,67981.52344,14.78769684,2.10276149
31.79999924,180.0526812,69.668755,28.38298996,57.59156488,0.844747951,139.4579344,6.489140987,298.3299561,0,129.9597321,210.7696838,12.57788563,68019.03906,14.7984581,2.147752323
32,180.0526812,69.668755,28.38298996,57.59156488,0.844747951,139.4579344,6.49138546,298.2237549,0,134.8237,179.4537048,1.257788539,68057.66406,14.79312801,2.155101444
32.20000076,180.0526812,69.668755,28.38298996,57.59156488,0.844747951,139.4579344,6.49379158,298.1400757,0,138.7802277,156.1609955,0.1257788539,68097.10156,14.79884052,2.189070826
32.40000153,180.0526812,69.668755,28.38298996,57.59156488,0.844747951,139.4579344,6.494292736,298.0644226,0,141.7828979,136.474884,0.01257788576,68137.05469,14.81299496,2.240312064
32.59999847,180.0526812,69.668755,28.38298996,57.59156488,0.844747951,139.4579344,6.49666357,298.0274353,0,144.5919189,116.2582932,0.001257788506,68177.67188,14.80750084,2.250851842
32.79999924,180.0526812,69.668755,28.38298996,57.59156488,0.844747951,139.4579344,6.500350475,298.0124817,0,146.4403534,106.4779205,0.0001257788535,68218.73438,14.80079842,2.257999467
33,180.0526812,69.668755,28.38298996,57.59156488,0.844747951,139.4579344,6.504192829,298.0063477,0,146.8156433,102.6214752,9.999999747e-05,68259.92188,14.79611492,2.271518342
33.20000076,180.0526812,69.668755,28.38298996,57.59156488,0.844747951,139.4579344,6.506608486,297.9967957,0,145.6576538,101.09198,9.999999747e-05,68300.82812,14.79754353,2.30032277
33.40000153,180.0526812,69.668755,28.38298996,57.59156488,0.844747951,139.4579344,6.509061337,297.9981995,0,143.5386658,98.07501984,9.999999747e-05,68341.35938,14.78815937,2.309927403
33.59999847,180.0526812,69.668755,28.38298996,57.59156488,0.844747951,139.4579344,6.509009838,297.9889221,0,140.4337158,98.50915527,9.999999747e-05,68381.17969,14.79185486,2.344938937
33.79999924,180.0526812,69.668755,28.38298996,57.59156488,0.844747951,139.4579344,6.508629799,297.9884033,0,137.3578796,95.23110962,9.999999747e-05,68420.40625,14.78385353,2.359840864
34,180.0526812,69.668755,28.38298996,57.59156488,0.844747951,139.4579344,6.50826025,297.9948425,0,134.4270325,94.70641327,9.999999747e-05,68459.07812,14.77403831,2.370633519
34.20000076,180.0526812,69.668755,28.38298996,57.59156488,0.844747951,139.4579344,6.506563663,297.9953003,0,131.6428986,96.49526215,9.999999747e-05,68497.15625,14.7723608,2.395305633
34.40000153,180.0526812,69.668755,28.38298996,57.59156488,0.844747951,139.4579344,6.505975246,298.0075684,0,129.5417175,96.41618347,9.999999747e-05,68534.89844,14.75846767,2.398953648
34.59999847,180.0526812,69.668755,28.38298996,57.59156488,0.844747951,139.4579344,6.505774021,298.0220337,0,127.6680908,100.4690781,9.999999747e-05,68572.3125,14.74822903,2.407216034
34.79999924,180.0526812,69.668755,28.38298996,57.59156488,0.844747951,139.4579344,6.502465248,298.0098572,0,125.8773193,105.6537247,9.999999747e-05,68609.21094,14.75990009,2.453358291
35,180.0526812,69.668755,28.38298996,57.59156488,0.844747951,139.4579344,6.499390602,298.0026855,0,125.4214935,102.1725616,9.999999747e-05,68646.02344,14.7567625,2.473607945
35.20000076,180.0526812,69.668755,28.38298996,57.59156488,0.844747951,139.4579344,6.497240543,298.0005188,0,126.1847763,100.1549072,9.999999747e-05,68683.01562,14.75289822,2.490075354
35.40000153,180.0526812,69.668755,28.38298996,57.59156488,0.844747951,139.4579344,6.496086597,298.0004272,0,127.8058472,99.56484985,9.999999747e-05,68720.36719,14.75042725,2.507060958
35.59999847,180.0526812,69.668755,28.38298996,57.59156488,0.844747951,139.4579344,6.49568224,297.9993896,0,129.888031,99.56738281,9.999999747e-05,68758.14062,14.75004387,2.525884832
35.79999924,180.0526812,69.668755,28.38298996,57.59156488,0.844747951,139.4579344,6.494556904,297.9877625,0,132.1327515,99.23003387,9.999999747e-05,68796.30469,14.75793743,2.552030948
36,180.0526812,69.668755,28.38298996,57.59156488,0.844747951,139.4579344,6.494969845,297.9848938,0,134.8323822,95.20166016,9.999999747e-05,68835.0625,14.75486851,2.56726096
36.20000076,180.0526812,69.668755,28.38298996,57.59156488,0.844747951,139.4579344,6.497470856,297.9933167,0,137.3595276,93.83623505,9.999999747e-05,68874.42969,14.74642754,2.576667231
36.40000153,180.0526812,69.668755,28.38298996,57.59156488,0.844747951,139.4579344,6.499165535,297.9904175,0,138.884201,96.19696045,9.999999747e-05,68914.04688,14.75169086,2.59907511
36.59999847,180.0526812,69.668755,28.38298996,57.59156488,0.844747951,139.4579344,6.50037384,297.9846191,0,139.7405243,94.88506317,9.999999747e-05,68953.82031,14.75362301,2.618446828
36.79999924,180.0526812,69.668755,28.38298996,57.59156488,0.844747951,139.4579344,6.500740528,297.9758911,0,140.112442,92.55047607,9.999999747e-05,68993.625,14.75651264,2.637017654
37,180.0526812,69.668755,28.38298996,57.59156488,0.844747951,139.4579344,6.499038219,297.9589233,0,140.3389587,89.00547028,9.999999747e-05,69033.375,14.76533413,2.65411657
37.20000076,180.0526812,69.668755,28.38298996,57.59156488,0.844747951,139.4579344,6.497144222,297.947998,0,141.2504272,82.31047821,9.999999747e-05,69073.28906,14.76708317,2.668515499
37.40000153,180.0526812,69.668755,28.38298996,57.59156488,0.844747951,139.4579344,6.495454788,298.3175049,0,142.9135437,24.69314194,91.73915863,69113.47656,14.76847172,2.680437123
37.59999847,180.0526812,69.668755,28.38298996,57.59156488,0.844747951,139.4579344,6.495285034,298.227356,0,145.2510529,150.3030243,9.173915863,69154.125,14.765625,2.693989967
37.79999924,180.0526812,69.668755,28.38298996,57.59156488,0.844747951,139.4579344,6.498235703,298.1639709,0,147.6521301,128.335495,0.9173915982,69195.42188,14.75335789,2.710733506
38,180.0526812,69.668755,28.38298996,57.59156488,0.844747951,139.4579344,6.498401165,298.0955505,0,148.8675995,115.6685333,0.09173915535,69236.84375,14.76700497,2.720928479
38.20000076,180.0526812,69.668755,28.38298996,57.59156488,0.844747951,139.4579344,6.497883797,298.0472107,0,150.0359497,98.68788147,0.009173915721,69278.47656,14.77075577,2.731771267
38.40000153,180.0526812,69.668755,28.38298996,57.59156488,0.844747951,139.4579344,6.49672699,298.0128174,0,151.4046936,86.11122894,0.0009173915605,69320.35938,14.77474403,2.740571873
38.59999847,180.0526812,69.668755,28.38298996,57.59156488,0.844747951,139.4579344,6.495640755,297.9909363,0,153.2359619,76.38011169,9.999999747e-05,69362.59375,14.77689266,2.750335656
38.79999924,180.0526812,69.668755,28.38298996,57.59156488,0.844747951,139.4579344,6.496514797,297.9847412,0,155.4995117,69.56140137,9.999999747e-05,69405.35938,14.77213287,2.767460265
39,180.0526812,69.668755,28.38298996,57.59156488,0.844747951,139.4579344,6.49932003,297.9887695,0,157.4072418,67.25322723,9.999999747e-05,69448.58594,14.76517391,2.785800944
39.20000076,180.0526812,69.668755,28.38298996,57.59156488,0.844747951,139.4579344,6.503596306,297.9997864,0,158.192749,68.11535645,9.999999747e-05,69492.05469,14.75569057,2.8043504
39.40000153,180.0526812,69.668755,28.38298996,57.59156488,0.844747951,139.4579344,6.506494999,298.0014343,0,157.2692108,71.46620941,9.999999747e-05,69535.30469,14.75699139,2.813880846
39.59999847,180.0526812,69.668755,28.38298996,57.59156488,0.844747951,139.4579344,6.507383823,297.995575,0,155.1954803,71.94315338,9.999999747e-05,69578.05469,14.75941467,2.820333268
39.79999924,180.0526812,69.668755,28.38298996,57.59156488,0.844747951,139.4579344,6.507564068,297.9927368,0,152.7683868,69.96108246,9.999999747e-05,69620.3125,14.75530338,2.83226733
40,180.0526812,69.668755,28.38298996,57.59156488,0.844747951,139.4579344,6.50444746,297.9795532,0,150.2649231,68.85945129,9.999999747e-05,69661.94531,14.76235294,2.82853946
40.20000076,180.0526812,69.668755,28.38298996,57.59156488,0.844747951,139.4579344,6.499359131,297.9663696,0,149.0167694,64.0590744,9.999999747e-05,69703.24219,14.76655674,2.826968888
40.40000153,180.0526812,69.668755,28.38298996,57.59156488,0.844747951,139.4579344,6.493694782,297.9569397,0,149.7998962,58.8486824,9.999999747e-05,69744.65625,14.76990604,2.828319651
40.59999847,180.0526812,69.668755,28.38298996,57.59156488,0.844747951,139.4579344,6.488179207,297.9501648,0,152.844223,54.42901993,9.999999747e-05,69786.64844,14.77506828,2.829142638
40.79999924,180.0526812,69.668755,28.38298996,57.59156488,0.844747951,139.4579344,6.484518528,297.9484253,0,158.0924377,50.54476166,9.999999747e-05,69829.71094,14.7786932,2.837356402
41,180.0526812,69.668755,28.38298996,57.59156488,0.844747951,139.4579344,6.481309414,298.1928711,0,164.799469,15.16342831,59.68771744,69874.05469,14.78850079,2.833158787
41.20000076,180.0526812,69.668755,28.38298996,57.59156488,0.844747951,139.4579344,6.482656002,298.125,0,172.7945251,97.58433533,5.968771935,69920.07812,14.78800964,2.856985956
41.40000153,180.0526812,69.668755,28.38298996,57.59156488,0.844747951,139.4579344,6.48388958,298.0629883,0,180.2374573,79.55930328,0.5968772173,69967.57812,14.79961586,2.852182369
41.59999847,180.0526812,69.668755,28.38298996,57.59156488,0.844747951,139.4579344,6.485482693,298.0229492,0,187.2017975,63.36234283,0.05968771875,70016.48438,14.80871201,2.851415918
41.79999924,180.0526812,69.668755,28.38298996,57.59156488,0.849620003,139.4579344,6.489506721,298.004425,0,193.5274506,52.3758049,0.005968771875,70066.71875,14.85097122,2.868381717
42,180.0526812,69.668755,28.38298996,57.59156488,0.844747951,139.4579344,6.49541378,297.9976501,0,198.2367554,47.14927673,0.0005968771875,70117.97656,14.80982399,2.887245525
42.20000076,180.0526812,69.668755,28.38298996,57.59156488,0.844747951,139.4579344,6.498951912,297.9867249,0,200.5846558,45.11236954,9.999999747e-05,70169.625,14.81869411,2.87528178
42.40000153,180.0526812,69.668755,28.38298996,57.59156488,0.844747951,139.4579344,6.502418995,297.9820557,0,201.531189,41.31231308,9.999999747e-05,70221.46875,14.81855869,2.883262732
42.59999847,180.0526812,69.668755,28.38298996,57.59156488,0.844747951,139.4579344,6.506718159,297.9840393,0,201.0835876,39.28672028,9.999999747e-05,70273.26562,14.81318092,2.902209586
42.79999924,180.0526812,69.668755,28.38298996,57.59156488,0.844747951,139.4579344,6.510343075,297.9863586,0,198.9132843,39.3278389,9.999999747e-05,70324.625,14.80952263,2.911628103
43,180.0526812,69.668755,28.38298996,57.59156488,0.8529632494,139.4579344,6.512577534,297.9876404,0,195.2979431,39.51541519,9.999999747e-05,70375.22656,14.87449932,2.916283557
43.20000076,180.0526812,69.668755,28.38298996,57.59156488,0.844747951,139.4579344,6.513543606,297.9891052,0,190.7912292,39.43062973,9.999999747e-05,70424.89844,14.80094147,2.922631413
43.40000153,180.0526812,69.668755,28.38298996,57.59156488,0.844747951,139.4579344,6.513234138,297.9906311,0,185.8977814,39.46641541,9.999999747e-05,70473.5625,14.79539871,2.928757324
43.59999847,180.0526812,69.668755,28.38298996,57.59156488,0.844747951,139.4579344,6.511593342,297.9916687,0,181.1283112,39.57336807,9.999999747e-05,70521.24219,14.79038715,2.933217994
43.79999924,180.0526812,69.668755,28.38298996,57.59156488,0.844747951,139.4579344,6.510634899,297.9970093,0,177.0153503,39.56445312,9.999999747e-05,70568.125,14.78038406,2.954420237
44,180.0526812,69.668755,28.38298996,57.59156488,0.844747951,139.4579344,6.503611565,297.9869385,0,173.2792206,41.08916855,9.999999747e-05,70614.07031,14.79044724,2.913011578
44.20000076,180.0526812,69.668755,28.38298996,57.59156488,0.844747951,139.4579344,6.498758316,297.9872131,0,172.3745575,37.46247864,9.999999747e-05,70659.88281,14.78357315,2.934710009
44.40000153,180.0526812,69.668755,28.38298996,57.59156488,0.844747951,139.4579344,6.491873741,297.9815979,0,173.3847351,37.13709641,9.999999747e-05,70705.82031,14.79030132,2.916642038
44.59999847,180.0526812,69.668755,28.38298996,57.59156488,0.844747951,139.4579344,6.487560272,297.9815369,0,177.1622925,34.72595215,9.999999747e-05,70752.5625,14.79016304,2.931863261
44.79999924,180.0526812,69.668755,28.38298996,57.59156488,0.844747951,139.4579344,6.48515892,297.98172,0,182.6503906,34.05594254,9.999999747e-05,70800.42969,14.79393578,2.939968013
45,180.0526812,69.668755,28.38298996,57.59156488,0.8501068582,139.4579344,6.482805252,297.9780884,0,189.1008606,33.4282341,9.999999747e-05,70849.5625,14.8480711,2.930883595
45.20000076,180.0526812,69.668755,28.38298996,57.59156488,0.844747951,139.4579344,6.481024265,297.9738159,0,196.498764,31.4869709,9.999999747e-05,70900.17969,14.81302357,2.924974774
45.40000153,180.0526812,69.668755,28.38298996,57.59156488,0.844747951,139.4579344,6.481563091,297.9725037,0,204.6073914,29.21643448,9.999999747e-05,70952.46094,14.81949043,2.933947258
45.59999847,180.0526812,69.668755,28.38298996,57.59156488,0.844747951,139.4579344,6.481754303,297.9685669,0,212.4946747,27.81894493,9.999999747e-05,71006.29688,14.83117008,2.922249862
45.79999924,180.0526812,69.668755,28.38298996,57.59156488,0.844747951,139.4579344,6.486999512,297.9730835,0,220.3139648,25.43264008,9.999999747e-05,71061.82812,14.83049107,2.959146334
46,180.0526812,69.668755,28.38298996,57.59156488,0.844747951,139.4579344,6.494029045,297.9781494,0,225,25.84736443,9.999999747e-05,71118.35938,14.8311758,2.978949413
46.20000076,180.0526812,69.668755,28.38298996,57.59156488,0.8584328699,139.4579344,6.497113228,297.9750977,0,225,26.54516792,9.999999747e-05,71174.78125,14.95301723,2.951524856
46.40000153,180.0526812,69.668755,28.38298996,57.59156488,0.844747951,139.4579344,6.49741888,297.9710388,0,225,24.63777161,9.999999747e-05,71231.13281,14.84427547,2.933437559
46.59999847,180.0526812,69.668755,28.38298996,57.59156488,0.844747951,139.4579344,6.496342659,297.9689941,0,225,22.32903671,9.999999747e-05,71287.44531,14.84658337,2.926167612
46.79999924,180.0526812,69.668755,28.38298996,57.59156488,0.844747951,139.4579344,6.495086193,297.9695435,0,225,20.56627083,9.999999747e-05,71343.74219,14.84665394,2.928280083
47,180.0526812,69.668755,28.38298996,57.59156488,0.844747951,139.4579344,6.492539883,297.969696,0,225,19.61285591,9.999999747e-05,71400,14.84885693,2.920839928
47.20000076,180.0526812,69.668755,28.38298996,57.59156488,0.844747951,139.4579344,6.489905357,297.9711914,0,225,18.515522,9.999999747e-05,71456.24219,14.84893417,2.922492006
47.40000153,180.0526812,69.668755,28.38298996,57.59156488,0.844747951,139.4579344,6.490355968,297.9772034,0,225,17.89347839,9.999999747e-05,71512.54688,14.84291744,2.951576576
47.59999847,180.0526812,69.668755,28.38298996,57.59156488,0.844747951,139.4579344,6.492614746,297.9835205,0,225,18.87912941,9.999999747e-05,71568.89062,14.83862114,2.973274546
47.79999924,180.0526812,69.668755,28.38298996,57.59156488,0.9037838866,139.4579344,6.491467476,297.9823914,0,225,20.15221405,9.999999747e-05,71625.14844,15.33541965,2.948542488
48,180.0526812,69.668755,28.38298996,57.59156488,0.8912719401,139.4579344,6.48728466,297.9788818,0,225,19.09826469,9.999999747e-05,71681.33594,15.23654652,2.925556873
48.20000076,180.0526812,69.668755,28.38298996,57.59156488,0.844747951,139.4579344,6.479640007,297.9743958,0,225,17.24275398,9.999999747e-05,71737.44531,14.85608101,2.89803719
48.40000153,180.0526812,69.668755,28.38298996,57.59156488,0.8507674152,139.4579344,6.47351408,297.9753113,0,225,14.92785072,9.999999747e-05,71793.5625,14.90401936,2.908791387
48.59999847,180.0526812,69.668755,28.38298996,57.59156488,0.844747951,139.4579344,6.464999676,297.9741211,0,225,14.31223869,9.999999747e-05,71849.60938,14.8581953,2.889331666
48.79999924,180.0526812,69.668755,28.38298996,57.59156488,0.844747951,139.4579344,6.461102962,297.9795532,0,225,12.97619057,9.999999747e-05,71905.74219,14.85111046,2.925326623
49,180.0526812,69.668755,28.38298996,57.59156488,0.844747951,139.4579344,6.452324867,297.9773865,0,225,13.87975121,9.999999747e-05,71961.75781,14.85908508,2.88672492
49.20000076,180.0526812,69.668755,28.38298996,57.59156488,0.844747951,139.4579344,6.446883202,297.9808655,0,225,12.32903576,9.999999747e-05,72017.82031,14.85418415,2.912112214
49.40000153,180.0526812,69.668755,28.38298996,57.59156488,0.844747951,139.4579344,6.440317154,297.9817505,0,225,12.69785404,9.999999747e-05,72073.84375,14.85615444,2.903340393
49.59999847,180.0526812,74.01002479,28.38298996,57.59156488,0.844747951,139.4579344,6.435796261,297.9935608,0,225,12.25439262,9.999999747e-05,72131.03906,14.80976105,2.983910818
49.79999924,180.0526812,69.668755,28.38298996,57.59156488,0.844747951,139.4579344,6.434074402,297.9922791,0,225,15.64265728,9.999999747e-05,72187.14844,14.84828758,2.946646291
50,180.0526812,69.668755,28.38298996,57.59156488,0.844747951,139.4579344,6.427349091,297.9865112,0,225,14.86573982,9.999999747e-05,72243.14844,14.85640621,2.905254702
50.20000076,180.0526812,76.9133453,28.38298996,57.59156488,0.844747951,139.4579344,6.422629356,298.0011902,0,225,12.59862709,9.999999747e-05,72301.07031,14.78133202,3.024586051
50.40000153,180.0526812,69.668755,28.38298996,57.59156488,0.844747951,139.4579344,6.421093464,297.9951172,0,225,17.20403481,9.999999747e-05,72357.17188,14.84794426,2.952752399
50.59999847,180.0526812,85.15070056,28.31558341,57.59156488,0.8932499914,139.4579344,6.411913872,298.0144348,0,225,15.03823757,9.999999747e-05,72417.125,15.11325073,3.073324168
50.79999924,180.0526812,76.59873017,28.38298996,57.59156488,0.8595104931,139.4579344,6.406351089,298.0074463,0,225,21.57165337,9.999999747e-05,72474.95312,14.90930557,3.022574921
51,180.0526812,69.668755,28.38298996,57.59156488,0.844747951,139.4579344,6.405709267,297.9955444,0,225,19.55472755,9.999999747e-05,72531.07812,14.84639263,2.963406936
51.20000076,180.0526812,69.668755,28.0356442,57.59156488,0.859657586,139.4579344,6.403120041,297.9867554,0,225,15.78057098,9.999999747e-05,72587.08594,14.98257351,2.93453942
51.40000153,180.0526812,69.668755,28.38298996,57.59156488,0.844747951,139.4579344,6.397872448,297.982605,0,225,12.66627979,9.999999747e-05,72643.10156,14.85377407,2.924580287
51.59999847,180.0526812,78.96654276,28.38298996,57.59156488,0.844747951,139.4579344,6.391800404,297.9987183,0,225,10.80756664,9.999999747e-05,72701.5,14.76488495,3.053822785
51.79999924,180.0526812,69.668755,28.06970695,57.59156488,0.844747951,139.4579344,6.391298294,297.9909668,0,225,15.74046707,9.999999747e-05,72757.53125,14.85412312,2.960253309
52,180.0526812,69.668755,28.38298996,57.59156488,0.8493834887,139.4579344,6.390341282,297.9891968,0,225,12.90276241,9.999999747e-05,72813.60938,14.88475227,2.967977789
52.20000076,180.0526812,85.15070056,28.38298996,57.59156488,0.866639712,139.4579344,6.385222912,298.0145874,0,225,12.00953293,9.999999747e-05,72873.61719,14.88164997,3.130647109
52.40000153,180.0526812,85.15070056,28.38298996,57.59156488,0.844747951,139.4579344,6.38111496,298.0244141,0,225,20.38111305,9.999999747e-05,72933.65625,14.6970005,3.144002702
52.59999847,180.0526812,69.668755,28.26834913,57.59156488,0.8701661815,139.4579344,6.382170677,298.0009766,0,225,24.12384224,9.999999747e-05,72989.75,15.05605507,2.992265204
52.79999924,180.0526812,85.15070056,28.38298996,57.59156488,0.844747951,139.4579344,6.383343697,298.0236206,0,225,16.88281441,9.999999747e-05,73049.9375,14.68119526,3.188599236
53,180.0526812,85.15070056,28.38298996,57.59156488,0.844747951,139.4579344,6.38614893,298.0339355,0,225,24.90552902,9.999999747e-05,73110.1875,14.67525005,3.208920906
53.20000076,180.0526812,85.15070056,28.38298996,57.59156488,0.844747951,139.4579344,6.389634132,298.0371704,0,225,29.17989349,9.999999747e-05,73170.47656,14.67225075,3.221190067
53.40000153,180.0526812,82.58567801,28.38298996,57.59156488,0.844747951,139.4579344,6.397850513,298.0387268,0,225,31.49451256,9.999999747e-05,73230.24219,14.68479538,3.249554639
53.59999847,180.0526812,69.668755,28.38298996,57.59156488,0.844747951,139.4579344,6.410128117,298.013855,0,225,33.39824295,9.999999747e-05,73286.6875,14.81677723,3.136052345
53.79999924,180.0526812,73.61778081,28.38298996,57.59156488,0.844747951,139.4579344,6.420645237,298.007782,0,225,26.25669479,9.999999747e-05,73344.14844,14.77584362,3.189739676
54,180.0526812,69.668755,28.38298996,57.59156488,0.844747951,139.4579344,6.431306362,297.9957581,0,225,24.87018394,9.999999747e-05,73400.57031,14.81735229,3.135646394
54.20000076,180.0526812,69.668755,28.38298996,57.59156488,0.844747951,139.4579344,6.440637589,297.988678,0,225,21.05357361,9.999999747e-05,73456.95312,14.8186779,3.12955741
54.40000153,180.0526812,69.668755,28.38298996,57.59156488,0.844747951,139.4579344,6.450221062,297.9867859,0,225,18.54828835,9.999999747e-05,73513.34375,14.81662464,3.142476808
54.59999847,180.0526812,69.668755,28.38298996,57.59156488,0.8491010667,139.4579344,6.457832336,297.9842529,0,225,17.5209446,9.999999747e-05,73569.67969,14.8554697,3.129881939
54.79999924,180.0526812,69.668755,28.38298996,57.59156488,0.844747951,139.4579344,6.464563847,297.9831238,0,225,16.16319466,9.999999747e-05,73625.97656,14.81970692,3.128625432
55,180.0526812,69.668755,28.38298996,57.59156488,0.8691052268,139.4579344,6.46861124,297.9803162,0,225,15.20539761,9.999999747e-05,73682.20312,15.02646923,3.106262392
55.20000076,180.0526812,69.668755,28.38298996,57.59156488,0.844747951,139.4579344,6.475126266,297.9835815,0,225,13.61576271,9.999999747e-05,73738.47656,14.81790447,3.141108015
55.40000153,180.0526812,69.668755,28.38298996,57.59156488,0.844747951,139.4579344,6.482853413,297.9881592,0,225,14.02327442,9.999999747e-05,73794.78125,14.81372833,3.166318852
55.59999847,180.0526812,69.668755,28.38298996,57.59156488,0.8817715128,139.4579344,6.490297318,297.9911804,0,225,14.96171761,9.999999747e-05,73851.08594,15.12089157,3.174458126
55.79999924,180.0526812,69.668755,28.38298996,57.59156488,0.8476166167,139.4579344,6.49631834,297.9914856,0,225,15.52249718,9.999999747e-05,73907.35938,14.83816051,3.166912824
56,180.0526812,69.668755,28.38298996,57.59156488,0.844747951,139.4579344,6.502590656,297.9929504,0,225,15.27283192,9.999999747e-05,73963.64062,14.81214237,3.180714794
56.20000076,180.0526812,69.668755,28.38298996,57.59156488,0.844747951,139.4579344,6.506869316,297.9916382,0,224.4824371,15.46487236,9.999999747e-05,74019.77344,14.81455517,3.165390311
56.40000153,180.0526812,69.668755,28.38298996,57.59156488,0.844747951,139.4579344,6.512840271,297.9956665,0,222.2606812,14.73489761,9.999999747e-05,74075.53125,14.8055172,3.204241338
56.59999847,180.0526812,69.668755,28.38298996,57.59156488,0.8651160081,139.4579344,6.517655849,297.9988098,0,217.6386719,15.81641102,9.999999747e-05,74130.35156,14.96894836,3.211747484
56.79999924,180.0526812,69.668755,28.38298996,58.04213448,0.8922925398,139.4579344,6.524834633,298.0099487,0,211.0996246,16.70534134,9.999999747e-05,74184,15.1811924,3.28789497
57,180.0526812,69.668755,28.38298996,57.86651533,0.8780011032,139.4579344,6.530083656,298.0180054,0,201.6776123,20.48738098,9.999999747e-05,74235.75,15.04660892,3.30254587
57.20000076,180.0526812,69.668755,28.38298996,57.59156488,0.8889472389,139.4579344,6.53166151,298.0207825,0,190.1698761,23.5504055,9.999999747e-05,74285.10156,15.12354183,3.288196414
57.40000153,180.0526812,69.668755,28.38298996,58.60705026,0.88787528,139.4579344,6.527386189,298.0164795,0,178.0369873,25.1256752,9.999999747e-05,74331.86719,15.12238979,3.240616667
57.59999847,180.0526812,69.668755,28.38298996,58.36792871,0.8784136066,139.4579344,6.520396233,298.0140076,0,167.621521,24.40056419,9.999999747e-05,74376.48438,15.02894688,3.233853377
57.79999924,180.0526812,69.668755,28.38298996,61.40937264,0.9289750057,139.4579344,6.513460636,298.0158691,0,159.9923553,24.2024231,9.999999747e-05,74419.59375,15.47736549,3.257531129
58,180.0526812,69.668755,28.38298996,59.44811132,0.9327603684,139.4579344,6.505546093,298.0158997,0,155.1284332,25.38155746,9.999999747e-05,74461.69531,15.47702503,3.255560711
58.20000076,180.0526812,69.668755,28.38298996,60.66735048,0.9559878462,139.4579344,6.496199608,298.0117188,0,153.4337311,25.9765625,9.999999747e-05,74503.40625,15.68727112,3.232046992
58.40000153,180.0526812,69.668755,28.38298996,60.13060443,1.002243335,139.4579344,6.48608017,298.004364,0,155.479248,25.13347626,9.999999747e-05,74545.46094,16.07073402,3.202244743
58.59999847,180.0526812,69.668755,27.75478572,59.52485054,0.8888731243,139.4579344,6.476783752,297.9931335,0,161.5704956,23.05920219,9.999999747e-05,74588.58594,15.1454525,3.152718274
58.79999924,180.0526812,69.668755,27.77703578,57.59156488,0.9058785834,139.4579344,6.472047329,297.9884949,0,171.3750153,19.41149902,9.999999747e-05,74633.76562,15.26748085,3.175900296
59,180.0526812,69.668755,28.38298996,57.59156488,0.9075180801,139.4579344,6.470799923,297.9878235,0,183.0618744,17.63881874,9.999999747e-05,74681.46094,15.27636051,3.21018145
59.20000076,180.0526812,69.668755,28.38298996,57.59156488,0.9207874732,139.4579344,6.472076416,297.9848022,0,195.2507935,17.00100517,9.999999747e-05,74731.625,15.40098,3.207652156
59.40000153,180.0526812,69.668755,28.30262851,57.59156488,0.8784034251,139.4579344,6.473608017,297.9781494,0,206.9319763,15.51302242,9.999999747e-05,74784.09375,15.06785679,3.177154152
59.59999847,180.0526812,72.29619658,28.38298996,59.11092466,0.8944112094,139.4579344,6.478415012,297.9813843,0,218.0079041,12.66523552,9.999999747e-05,74839.57812,15.20149136,3.254223418
59.79999924,180.0526812,76.11490088,28.38298996,59.66329243,0.9494359509,139.4579344,6.483063221,297.9891052,0,225,13.01173115,9.999999747e-05,74897.47656,15.63607693,3.319703213
60,180.0526812,69.668755,28.38298996,59.17929939,0.9021364482,139.4579344,6.489494324,297.981842,0,225,14.9581995,9.999999747e-05,74953.70312,15.30008316,3.217027347
60.20000076,180.0526812,69.668755,28.38298996,58.24540945,0.8845071266,139.4579344,6.495182514,297.9786987,0,225,11.9793272,9.999999747e-05,75009.89844,15.14140129,3.214076087
60.40000153,180.0526812,73.09724113,28.34189211,59.65500964,0.9290009556,139.4579344,6.499871254,297.9848022,0,225,10.27762222,9.999999747e-05,75067,15.49569416,3.28456353
60.59999847,180.0526812,72.56880481,28.38298996,58.72495458,0.8942374252,139.4579344,6.503447533,297.9862671,0,225,11.60909176,9.999999747e-05,75123.92969,15.20005894,3.268197249
60.79999924,180.0526812,74.64707454,28.38298996,61.10995531,0.9405136811,139.4579344,6.506980896,297.9930115,0,224.1442871,11.49925423,9.999999747e-05,75181.26562,15.59183502,3.322105134
61,180.0526812,70.62277925,28.38298996,59.92783093,0.9306141716,139.4579344,6.512004852,297.9909973,0,221.8717194,13.29721832,9.999999747e-05,75237.11719,15.5294733,3.268877593
61.20000076,180.0526812,69.668755,28.38298996,59.21069862,0.9171307393,139.4579344,6.514452934,297.9868469,0,217.5845642,12.2840519,9.999999747e-05,75291.78125,15.41576576,3.226723146
61.40000153,180.0526812,69.668755,28.38298996,59.75522758,0.9096232411,139.4579344,6.511725903,297.9814453,0,212.3313904,10.53429031,9.999999747e-05,75345.25781,15.36139011,3.174190036
61.59999847,180.0526812,69.668755,28.38298996,59.83514658,0.9069733445,139.4579344,6.507378101,297.9795837,0,208.1777496,8.204083443,9.999999747e-05,75397.85156,15.33692551,3.162118983
61.79999924,180.0526812,73.38349051,28.38298996,61.13827582,0.9628251924,139.4579344,6.501548767,297.9862366,0,205.7519531,6.90798521,9.999999747e-05,75450.89062,15.77996826,3.230407572
62,180.0526812,69.668755,28.38298996,59.86076095,0.9198063841,139.4579344,6.497897148,297.984314,0,205.6576385,8.453408241,9.999999747e-05,75502.96094,15.4394207,3.170333366
62.20000076,180.0526812,69.668755,28.38298996,59.45071339,0.8926499951,139.4579344,6.496434212,297.9856567,0,207.0120544,7.220769882,9.999999747e-05,75555.34375,15.20663357,3.191472891
62.40000153,180.0526812,69.668755,28.38298996,58.48779168,0.8711774186,139.4579344,6.496294975,297.9873657,0,208.9514313,7.113587856,9.999999747e-05,75608.13281,15.01564693,3.20384404
62.59999847,180.0526812,72.00908339,28.38298996,60.02565809,0.9182325215,139.4579344,6.494385242,297.990509,0,210.949234,7.155620575,9.999999747e-05,75661.89062,15.40964603,3.231068125
62.79999924,180.0526812,74.76495085,27.93835653,61.10336074,0.9495516562,139.4579344,6.494915485,297.9973755,0,213.7209778,7.748758316,9.999999747e-05,75716.91406,15.66721249,3.298693945
63,180.0526812,70.7494123,28.38298996,61.46402429,0.9519817595,139.4579344,6.500023365,297.9989624,0,216.2669678,9.74245739,9.999999747e-05,75771.59375,15.71623325,3.289079881
63.20000076,180.0526812,69.668755,28.38298996,60.38135303,0.931552963,139.4579344,6.504878998,297.9970093,0,216.762619,10.14302063,9.999999747e-05,75826.07812,15.54392719,3.264707176
63.40000153,180.0526812,69.668755,28.38298996,60.13734595,0.9011169071,139.4579344,6.510348797,297.9979858,0,215.3313599,9.411858559,9.999999747e-05,75880.3125,15.28262711,3.287574142
63.59999847,180.0526812,69.668755,27.71048854,61.0581438,0.9092525237,139.4579344,6.514808655,297.9958496,0,211.7093506,9.654606819,9.999999747e-05,75933.66406,15.3757143,3.25801275
63.79999924,180.0526812,69.668755,28.38298996,59.91664332,0.9210677765,139.4579344,6.519548893,298.0018005,0,206.3088226,8.829981804,9.999999747e-05,75986.11719,15.4302063,3.325451103
64,180.0526812,69.668755,28.38298996,58.20215277,0.8998032768,139.4579344,6.521731853,298.0048218,0,199.0079803,10.7512455,9.999999747e-05,76037.03906,15.22220135,3.316485762
64.19999695,180.0526812,71.46452413,28.38298996,60.78829585,0.933375142,139.4579344,6.520095348,298.008667,0,190.8433075,11.81650162,9.999999747e-05,76086.71875,15.51136208,3.332763051
64.40000153,180.0526812,69.668755,28.38298996,60.35339481,0.9500515197,139.4579344,6.517202377,298.0076294,0,183.3374481,13.30216026,9.999999747e-05,76134.38281,15.65363884,3.292995347
64.59999847,180.0526812,69.668755,28.38298996,61.49203784,0.9453128711,139.4579344,6.510900974,298.0044861,0,176.9806519,13.23966408,9.999999747e-05,76180.67969,15.62518692,3.258924136
64.80000305,180.0526812,69.668755,28.38298996,61.73144104,0.9600547156,139.4579344,6.505269051,298.0046692,0,173.1516571,12.44487762,9.999999747e-05,76226.21875,15.74368095,3.276267097
65,180.0526812,69.668755,28.38298996,60.49481441,0.9688095974,139.4579344,6.500033855,298.0049133,0,171.5623932,12.6972971,9.999999747e-05,76271.44531,15.79697609,3.282599484
65.19999695,180.0526812,72.36510436,28.38298996,62.16438501,1.007245053,139.4579344,6.494359016,298.0088806,0,172.0679779,12.96209335,9.999999747e-05,76317.47656,16.11233902,3.336786693
65.40000153,180.0526812,69.668755,27.2983453,59.61325577,0.9652601337,139.4579344,6.489451408,297.9977112,0,174.8461609,14.51062489,9.999999747e-05,76363.10156,15.78962708,3.20690896
65.59999847,180.0526812,69.668755,27.73436561,60.8638371,0.9919030135,139.4579344,6.488466263,297.9964905,0,179.5835876,10.95628548,9.999999747e-05,76409.85938,16.01691055,3.267615181
65.80000305,180.0526812,69.668755,27.36031115,60.44981165,0.9145697659,139.4579344,6.49140501,297.9965515,0,184.7045898,10.5365715,9.999999747e-05,76457.66406,15.37768841,3.293881681
66,180.0526812,71.1690711,27.97430145,61.54355184,0.9367210852,139.4579344,6.491552353,297.9968872,0,188.6498871,10.43952656,9.999999747e-05,76506.69531,15.55558491,3.309276884
66.19999695,180.0526812,75.59438196,27.82776577,61.94996944,0.9801241079,139.4579344,6.49132967,298.0033264,0,192.5579224,10.41759205,9.999999747e-05,76557.65625,15.88624573,3.395616717
66.40000153,180.0526812,69.668755,28.02018018,60.59478534,0.9279357677,139.4579344,6.494599819,297.9967957,0,196.5472107,12.52324295,9.999999747e-05,76607.9375,15.49035549,3.297849041
66.59999847,180.0526812,70.08143934,28.38298996,61.07146069,0.9611854199,139.4579344,6.497199535,297.993927,0,199.2158813,10.34532356,9.999999747e-05,76658.92188,15.76433372,3.310922368
66.80000305,180.0526812,72.07271706,28.38298996,61.77056332,0.9841556479,139.4579344,6.499092102,297.9952698,0,200.8580933,9.286215782,9.999999747e-05,76710.75,15.94711971,3.350976905
67,180.0526812,69.668755,28.38298996,62.1025342,0.9368579038,139.4579344,6.501409054,297.9909668,0,201.7434082,9.540076256,9.999999747e-05,76762.11719,15.58275127,3.295565468
67.19999695,180.0526812,72.02609947,28.38298996,61.11598879,0.942836777,139.4579344,6.501377583,297.9912109,0,201.6981812,7.871312618,9.999999747e-05,76814.03906,15.59912014,3.323643899
67.40000153,180.0526812,74.08853672,27.96218117,62.15297321,0.9809843925,139.4579344,6.502157211,297.9949951,0,201.6746979,7.645279408,9.999999747e-05,76866.44531,15.91788864,3.370265417
67.59999847,180.0526812,72.57467627,28.38298996,61.54773425,0.9739298395,139.4579344,6.50420475,297.9975891,0,201.3292389,8.618629456,9.999999747e-05,76918.50781,15.85206032,3.377967046
67.80000305,180.0526812,73.30631629,28.07972357,61.76465229,0.9610953488,139.4579344,6.503132343,297.9953308,0,200.1630707,9.303795815,9.999999747e-05,76970.375,15.75260735,3.337852953
68,180.0526812,71.39092536,28.38298996,61.48604912,0.9803327824,139.4579344,6.504875183,297.9955139,0,199.4401245,8.407447815,9.999999747e-05,77021.73438,15.91382694,3.351003703
68.19999695,180.0526812,80.00774977,28.38298996,62.78622424,1.003295611,139.4579344,6.502639771,298.009552,0,198.0009613,8.313399315,9.999999747e-05,77075.02344,16.03671265,3.507703255
68.40000153,180.0526812,70.15173407,28.38298996,61.90008789,0.9956580767,139.4579344,6.504465103,298.0001221,0,197.4778748,12.9948473,9.999999747e-05,77125.65625,16.05569267,3.329555401
68.59999847,180.0526812,82.31173676,28.38298996,63.09115836,0.992302418,139.4579344,6.50165844,298.0158081,0,196.1987762,9.990700722,9.999999747e-05,77179.21094,15.92201519,3.557691445
68.80000305,180.0526812,81.59712603,28.38298996,62.08667228,0.9585247454,139.4579344,6.49944973,298.0216675,0,196.0704041,15.47437096,9.999999747e-05,77232.57812,15.63310814,3.554312619
69,180.0526812,69.668755,28.38298996,61.21148834,0.9706442046,139.4579344,6.503082275,298.0047607,0,196.8087311,17.97312164,9.999999747e-05,77283.02344,15.83795738,3.347966879
69.19999695,180.0526812,77.10896973,28.38298996,62.96535862,0.9887885372,139.4579344,6.505118847,298.0107422,0,196.0767517,12.91318321,9.999999747e-05,77335.32812,15.93297768,3.527165534
69.40000153,180.0526812,71.79506195,28.35352157,61.32903692,0.9682078169,139.4579344,6.507981777,298.0028076,0,194.5540619,15.28207779,9.999999747e-05,77385.90625,15.79319572,3.411613641
69.59999847,180.0526812,75.19757561,28.38298996,62.77637045,0.9478568434,139.4579344,6.509792805,298.0064087,0,191.87854,12.90206432,9.999999747e-05,77436.86719,15.60153008,3.503084163
69.80000305,180.0526812,69.668755,28.01779279,62.26046487,0.956009244,139.4579344,6.513562202,297.9982605,0,188.4845886,14.31105709,9.999999747e-05,77485.625,15.72181702,3.383689321
70,180.0526812,76.75221647,28.38298996,63.84062929,0.9836428785,139.4579344,6.513320446,298.0089722,0,183.5732117,11.71088028,9.999999747e-05,77535.32031,15.88446999,3.554177921
70.19999695,180.0526812,73.05630267,28.38298996,62.89437193,0.9831887533,139.4579344,6.514885902,298.0115051,0,178.7778473,15.40240574,9.999999747e-05,77583.11719,15.89509487,3.516542858
70.40000153,180.0526812,74.4330723,28.38298996,63.26958156,1.007793706,139.4579344,6.5152421,298.0171509,0,173.3375397,16.53582191,9.999999747e-05,77630.19531,16.08152771,3.562353178
70.59999847,180.0526812,73.76442815,28.38298996,63.814264,1.00588018,139.4579344,6.516602993,298.0241394,0,167.7646332,18.89019585,9.999999747e-05,77676.05469,16.06558609,3.602471862
70.80000305,180.0526812,80.2713495,28.38298996,64.57078776,1.017041436,139.4579344,6.51371336,298.0400391,0,161.6400604,21.90542984,9.999999747e-05,77722.40625,16.09080505,3.723578982
71,180.0526812,75.77991676,28.38298996,64.0717856,0.9740355212,139.4579344,6.511749268,298.0403442,0,156.6885986,28.24374008,9.999999747e-05,77766.55469,15.76539135,3.652430955
71.19999695,180.0526812,76.91996058,28.38298996,63.80204015,0.9894743985,139.4579344,6.506497383,298.0358582,0,152.506073,29.72729492,9.999999747e-05,77810.07812,15.87892628,3.629530137
71.40000153,180.0526812,69.668755,28.22721076,63.95437075,1.023127762,139.4579344,6.504466534,298.0187988,0,150.4381409,29.68875504,9.999999747e-05,77851.24219,16.23680305,3.478702864
71.59999847,180.0526812,72.31297721,26.23899096,64.35512994,1.032469718,139.4579344,6.500484943,298.0001831,0,149.1613922,25.18447876,9.999999747e-05,77892.375,16.34556961,3.402619549
71.80000305,180.0526812,69.668755,27.72598407,62.36649528,1.014755497,139.4579344,6.497917175,297.9924927,0,149.4938965,19.59872437,9.999999747e-05,77933.1875,16.15795326,3.428871312
72,180.0526812,69.668755,27.34757344,62.77818417,1.015743727,139.4579344,6.493968964,297.9822693,0,150.8426208,17.08764648,9.999999747e-05,77974.09375,16.18669891,3.364227307
72.19999695,180.0526812,69.668755,26.32914438,62.12673944,0.9861306584,139.4579344,6.491054535,297.9715576,0,153.7797546,13.33667088,9.999999747e-05,78015.36719,15.96141624,3.29959946
72.40000153,180.0526812,69.668755,26.93567121,61.61149807,0.9894503351,139.4579344,6.489283562,297.9687805,0,157.8747711,9.057551384,9.999999747e-05,78057.57031,15.97058868,3.332145085
72.59999847,180.0526812,69.668755,26.56761695,61.38337436,0.9961137006,139.4579344,6.488911152,297.9658508,0,162.6777649,7.107354641,9.999999747e-05,78100.64844,16.03821373,3.309931401
72.80000305,180.0526812,72.31661222,26.41276253,61.83858458,1.032469718,139.4579344,6.487578869,297.9666748,0,167.628952,4.95065403,9.999999747e-05,78145.32812,16.3333683,3.338314154
73,180.0526812,69.668755,26.39000629,62.17415056,1.023440308,139.4579344,6.490323067,297.96521,0,173.1205292,3.975727558,9.999999747e-05,78190.46875,16.29251289,3.305348588
73.19999695,180.0526812,69.668755,27.23518067,63.11697802,1.006018557,139.4579344,6.495688438,297.971344,0,177.4979858,2.212091208,9.999999747e-05,78236.71875,16.13879395,3.393058701
73.40000153,180.0526812,73.94630675,27.33739317,62.61977157,0.9667536872,139.4579344,6.498577118,297.981781,0,179.7338257,3.03364253,9.999999747e-05,78284.53125,15.76332569,3.481185154
73.59999847,180.0526812,72.59305325,27.63120298,63.75565282,0.986490139,139.4579344,6.503361225,297.9893494,0,180.8306885,5.51640892,9.999999747e-05,78332.32812,15.94620323,3.500298955
73.80000305,180.0526812,75.98189987,28.15383601,64.29241367,1.030552327,139.4579344,6.507458687,298.0050049,0,179.9996948,7.366980076,9.999999747e-05,78381.03125,16.26647568,3.638705086
74,180.0526812,79.06371575,28.1436689,64.23916676,1.032469718,139.4579344,6.509962559,298.020874,0,177.5380096,12.3100853,9.999999747e-05,78430.10156,16.24389076,3.719064991
74.19999695,180.0526812,78.37210745,27.884402,62.46934595,0.9945532632,139.4579344,6.510770321,298.0245972,0,174.0777893,17.86086845,9.999999747e-05,78478.19531,15.91635132,3.66939906
74.40000153,180.0526812,79.5159859,28.38298996,64.70154169,1.011266263,139.4579344,6.507338047,298.0240784,0,170.2949524,19.80353546,9.999999747e-05,78525.82031,16.06509209,3.653026738
74.59999847,180.0526812,80.33944454,27.77501988,64.67113148,1.032469718,139.4579344,6.50171423,298.0175781,0,167.8934937,20.52267075,9.999999747e-05,78573.00781,16.25124931,3.60382272
74.80000305,180.0526812,74.00449185,27.85732988,63.8928086,1.032469718,139.4579344,6.500300407,298.005249,0,167.7352142,19.18548965,9.999999747e-05,78618.58594,16.2969532,3.501220127
75,180.0526812,78.17651226,27.69067235,62.99838484,1.032469718,139.4579344,6.497131824,298.0029907,0,168.1216431,15.64113712,9.999999747e-05,78665.30469,16.24886894,3.573736607
75.19999695,180.0526812,72.46982499,26.77556799,62.10319804,1.030603922,139.4579344,6.497807026,297.9886169,0,169.7947845,15.14931965,9.999999747e-05,78710.71875,16.3019886,3.411844603
75.40000153,180.0526812,73.25806954,26.90047636,62.36467981,1.032469718,139.4579344,6.498672009,297.9827881,0,171.1795807,10.31938553,9.999999747e-05,78756.64844,16.31076431,3.43998425
75.59999847,180.0526812,76.45588532,27.29567165,64.20875791,1.032469718,139.4579344,6.497124195,297.9848022,0,172.2300262,7.985079288,9.999999747e-05,78803.64844,16.29728317,3.509133972
75.80000305,180.0526812,78.26820113,27.65731621,63.49171428,1.025172017,139.4579344,6.494202137,297.9887695,0,173.9082031,8.084104538,9.999999747e-05,78851.48438,16.20411682,3.54539089
76,180.0526812,76.67564552,27.50841225,64.32168842,1.026167877,139.4579344,6.4909091,297.9844971,0,176.7519073,8.869519234,9.999999747e-05,78899.36719,16.25053978,3.464264167
76.19999695,180.0526812,69.668755,26.00378084,60.83995914,0.9715751988,139.4579344,6.493406296,297.9666138,0,180.9096222,6.944309235,9.999999747e-05,78946,15.85765934,3.24014419
76.40000153,180.0526812,70.83146749,27.74808247,62.50051522,0.9938204574,139.4579344,6.493149757,297.9643555,0,184.0483856,0.2220195979,9.999999747e-05,78993.82031,16.01674461,3.319717971
76.59999847,180.0526812,75.14658294,26.73878961,62.11079351,1.003150107,139.4579344,6.493163586,297.9648743,0,187.3173218,9.999999747e-05,9.999999747e-05,79043.21875,16.0767498,3.383528541
76.80000305,180.0526812,76.09633685,27.61738875,62.79360734,1.006534577,139.4579344,6.4942379,297.9706421,0,190.5709686,9.999999747e-05,9.999999747e-05,79093.71875,16.0838356,3.471848
77,180.0526812,81.97591025,27.36873136,64.91726231,1.019018481,139.4579344,6.491874218,297.9802551,0,193.3923187,0.666579783,9.999999747e-05,79146.1875,16.1748085,3.551531179
77.19999695,180.0526812,72.14142656,26.72162812,63.62471485,1.006179553,139.4579344,6.496237755,297.9697571,0,197.1738129,2.845158339,9.999999747e-05,79196.79688,16.16088486,3.330110122
77.40000153,180.0526812,79.74343305,27.07371953,64.0524258,1.013613214,139.4579344,6.497453213,297.9754639,0,199.1767883,9.999999747e-05,9.999999747e-05,79249.84375,16.15042496,3.517508429
77.59999847,180.0526812,69.668755,26.89103471,61.96594061,0.944984747,139.4579344,6.50248003,297.962616,0,200.7254028,0.9142029285,9.999999747e-05,79300.52344,15.65416622,3.265443127
77.80000305,180.0526812,82.49920855,28.38298996,62.63372904,0.9704748852,139.4579344,6.503613472,297.9793701,0,200.240799,9.999999747e-05,9.999999747e-05,79354.82031,15.70705986,3.674703318
78,180.0526812,80.32637032,27.51951233,64.00155631,0.9829544082,139.4579344,6.505400658,297.9823608,0,199.327713,4.475978374,9.999999747e-05,79408.1875,15.87287712,3.591364169
78.19999695,180.0526812,81.63197554,27.801436,64.93050007,1.020890167,139.4579344,6.505611897,297.9873962,0,197.6851654,4.605378151,9.999999747e-05,79461.61719,16.18068886,3.621168336
78.40000153,180.0526812,82.01622438,27.76537185,64.50950381,1.006120218,139.4579344,6.50639677,297.993042,0,195.9654083,5.663363457,9.999999747e-05,79514.84375,16.04361916,3.652158802
78.59999847,180.0526812,81.88803324,28.38298996,63.18140556,0.9932884777,139.4579344,6.505085945,297.9966125,0,193.9247131,7.098456383,9.999999747e-05,79567.71094,15.90536213,3.648754799
78.80000305,180.0526812,81.21211053,28.03585433,65.32700484,1.010854633,139.4579344,6.504232883,297.9966125,0,192.4172211,8.02136898,9.999999747e-05,79620.05469,16.09339142,3.624332775
79,180.0526812,74.57341241,27.80776551,63.05714675,0.9852641846,139.4579344,6.50701189,297.9871216,0,191.2426453,7.874747753,9.999999747e-05,79670.4375,15.91504002,3.487078087
79.19999695,180.0526812,82.03207001,28.38298996,64.91977023,1.008996896,139.4579344,6.504784584,297.9949646,0,188.9460602,4.465250015,9.999999747e-05,79722.375,16.05110168,3.655795015
79.40000153,180.0526812,85.15070056,28.38298996,64.54194665,0.9966537232,139.4579344,6.501313686,298.0043945,0,187.568512,6.759117603,9.999999747e-05,79774.85938,15.91089249,3.721800492
79.59999847,180.0526812,83.69842478,27.49060993,65.85862423,0.9980949713,139.4579344,6.499349117,298.0035706,0,187.5673523,9.773510933,9.999999747e-05,79826.8125,15.97658253,3.659682066
79.80000305,180.0526812,79.09887214,26.17842191,62.96929235,0.9975633508,139.4579344,6.500488758,297.9906311,0,188.3431244,9.578678131,9.999999747e-05,79877.48438,16.0110817,3.499623404
80,180.0526812,79.6317987,27.50373526,63.27958607,1.002298212,139.4579344,6.501119614,297.9901428,0,188.6576691,5.260007381,9.999999747e-05,79928.625,16.01469803,3.583631747
80.19999695,180.0526812,85.15070056,28.22458075,63.04475451,0.971374376,139.4579344,6.499826908,298.0023499,0,188.7313995,4.829446316,9.999999747e-05,79981.38281,15.67905235,3.747845854
80.40000153,180.0526812,79.6975185,28.14748975,65.41156371,0.9891290299,139.4579344,6.501594543,298.0008545,0,189.3269653,8.681835175,9.999999747e-05,80032.84375,15.91304207,3.648910761
80.59999847,180.0526812,85.15070056,28.38298996,65.00630655,1.015803197,139.4579344,6.502061367,298.0112,0,189.1992645,8.155107498,9.999999747e-05,80085.80469,16.06606483,3.797610923
80.80000305,180.0526812,85.15070056,27.86813332,65.18876308,1.032469718,139.4579344,6.503259659,298.0154114,0,188.8987579,11.76993847,9.999999747e-05,80138.63281,16.21788406,3.793498773
81,180.0526812,85.15070056,27.7738781,65.58329726,1.003502794,139.4579344,6.504512787,298.0170593,0,188.1124725,13.56694889,9.999999747e-05,80191.29688,15.98174,3.796969513
81.19999695,180.0526812,85.15070056,28.38298996,65.33395481,0.9935529437,139.4579344,6.505823612,298.0211792,0,186.8271484,14.67716312,9.999999747e-05,80243.85938,15.87421799,3.843450939
81.40000153,180.0526812,85.15070056,28.02606459,65.58777496,1.031113335,139.4579344,6.506080151,298.0193787,0,185.0173187,16.73358727,9.999999747e-05,80295.94531,16.20065498,3.810530128
81.59999847,180.0526812,85.15070056,28.38298996,64.83419822,1.032469718,139.4579344,6.50511694,298.0174255,0,183.1086121,16.87021828,9.999999747e-05,80347.67188,16.19178581,3.810463953
81.80000305,180.0526812,77.54072629,27.78449541,62.44190202,0.9856010993,139.4579344,6.507992744,298.0023193,0,181.5858307,16.93408394,9.999999747e-05,80397.00781,15.85390663,3.634780486
82,180.0526812,83.89764728,28.38298996,65.04629094,1.027338384,139.4579344,6.506630421,298.0050659,0,178.8962555,12.39945221,9.999999747e-05,80447.54688,16.1573925,3.789462531
82.19999695,180.0526812,85.15070056,28.38298996,65.2977924,1.026174479,139.4579344,6.505919456,298.0119019,0,176.77771,13.54666424,9.999999747e-05,80498.05469,16.12914848,3.858007163
82.40000153,180.0526812,85.15070056,28.20239482,64.94903291,1.032469718,139.4579344,6.504627705,298.0139465,0,174.9278717,16.0758934,9.999999747e-05,80548.13281,16.17983627,3.843136611
82.59999847,180.0526812,75.25646951,26.59069592,64.43406123,1.032469718,139.4579344,6.50945425,297.9950256,0,173.5988007,17.16737556,9.999999747e-05,80595.07812,16.3074379,3.572546934
82.80000305,180.0526812,85.15070056,27.71282025,64.52819912,1.032469718,139.4579344,6.508951187,298.006134,0,170.3171844,11.14718628,9.999999747e-05,80644.20312,16.1715126,3.874019786
83,180.0526812,81.72719176,27.73797341,64.59878991,1.022235576,139.4579344,6.509831429,298.0091553,0,167.2737732,14.93878937,9.999999747e-05,80691.84375,16.11400604,3.828209569
83.19999695,180.0526812,81.63275901,27.24176723,64.30292983,1.02101472,139.4579344,6.511750221,298.0132141,0,163.8566132,16.12688828,9.999999747e-05,80738.75,16.1012001,3.855944921
83.40000153,180.0526812,80.81635539,27.11752024,64.24907923,1.007773045,139.4579344,6.51420927,298.0178528,0,159.6730957,17.8438015,9.999999747e-05,80784.65625,15.9889946,3.880582272
83.59999847,180.0526812,84.71449559,28.30255026,66.40469853,1.032469718,139.4579344,6.512019157,298.0300293,0,154.5074158,19.91859436,9.999999747e-05,80830.72656,16.14912987,3.99104619
83.80000305,180.0526812,72.96752517,27.22059707,63.48978967,1.013182494,139.4579344,6.5136199,298.0098572,0,150.2347565,24.75419617,9.999999747e-05,80872.51562,16.09723663,3.628787058
84,180.0526812,80.79694547,27.23040251,66.27885446,1.032469718,139.4579344,6.509237766,298.007843,0,145.2945404,18.82516289,9.999999747e-05,80915.3125,16.21179199,3.790186295
84.19999695,180.0526812,78.86795844,26.99410528,63.079431,0.9813349344,139.4579344,6.504241467,298.0000916,0,142.1390076,18.64762878,9.999999747e-05,80956.84375,15.76417637,3.703206105
84.40000153,180.0526812,77.4848197,27.208529,66.00267432,1.018324227,139.4579344,6.499941349,297.9942322,0,140.9648132,16.28892899,9.999999747e-05,80997.8125,16.11988068,3.682148562
84.59999847,180.0526812,77.20633143,27.26228856,64.98000389,1.032469718,139.4579344,6.497238159,297.9924011,0,141.5064697,14.33168697,9.999999747e-05,81038.86719,16.22204018,3.70642531
84.80000305,180.0526812,72.92239149,25.64737801,64.86946857,1.032469718,139.4579344,6.499735355,297.9813538,0,143.1264038,13.52801514,9.999999747e-05,81078.88281,16.30307579,3.556191197
85,180.0526812,76.25637791,25.684756,65.38480001,1.032469718,139.4579344,6.501044273,297.980957,0,143.7354431,9.443534851,9.999999747e-05,81119.90625,16.27355385,3.656994179
85.19999695,180.0526812,75.86243726,26.77731409,66.24050799,1.032469718,139.4579344,6.502334595,297.9858704,0,143.8414764,8.685494423,9.999999747e-05,81161.07031,16.25895882,3.723542756
85.40000153,180.0526812,74.36927764,26.8467034,65.40411786,1.032469718,139.4579344,6.503817558,297.9866638,0,143.4275818,9.667619705,9.999999747e-05,81201.73438,16.26087761,3.680382531
85.59999847,180.0526812,77.46510943,25.91775477,65.42814148,1.032469718,139.4579344,6.501955509,297.9846497,0,142.4199066,9.376749039,9.999999747e-05,81242.71094,16.25764084,3.644041628
85.80000305,180.0526812,81.63594618,26.14770201,64.50104099,1.032469718,139.4579344,6.499000072,297.9931335,0,142.1686401,8.174926758,9.999999747e-05,81284.82812,16.19186783,3.787126489
86,180.0526812,76.43615302,25.96543446,65.42912644,1.017723071,139.4579344,6.500905037,297.9934998,0,143.0924225,10.54720116,9.999999747e-05,81325.82812,16.13423157,3.709374626
86.19999695,180.0526812,76.46316335,27.14146417,65.33895231,1.032469718,139.4579344,6.501411915,297.9966736,0,143.2347107,10.35115433,9.999999747e-05,81367.04688,16.22731972,3.749797931
86.40000153,180.0526812,73.1457557,26.35384706,64.87728623,1.032469718,139.4579344,6.503667831,297.9896545,0,143.1943207,11.20018196,9.999999747e-05,81407.21875,16.27604294,3.611138307
86.59999847,180.0526812,75.71529674,25.26360586,64.41516249,1.022506314,139.4579344,6.504374504,297.9842529,0,142.2414246,8.630273819,9.999999747e-05,81447.625,16.18762589,3.599707314
86.80000305,180.0526812,74.20945083,26.35360758,65.25128304,1.032469718,139.4579344,6.503173828,297.9801941,0,141.016449,6.432177067,9.999999747e-05,81487.50781,16.27215195,3.570252455
87,180.0526812,76.53949762,25.22289371,63.64120427,1.027333506,139.4579344,6.502294064,297.9794617,0,140.2731018,4.483183384,9.999999747e-05,81527.66406,16.20800781,3.59596675
87.19999695,180.0526812,76.0185224,26.88380245,65.56695075,1.026685405,139.4579344,6.500326157,297.9844971,0,139.8745422,3.517436028,9.999999747e-05,81567.90625,16.19189835,3.663424526
87.40000153,180.0526812,78.37631509,26.18486832,66.24418062,1.028696708,139.4579344,6.497605324,297.9883118,0,140.267746,4.488985538,9.999999747e-05,81608.69531,16.21318817,3.67544413
87.59999847,180.0526812,77.95487964,26.03452842,66.10165872,1.032469718,139.4579344,6.494640827,297.9871216,0,141.7483063,5.185946465,9.999999747e-05,81649.58594,16.25610542,3.618180036
87.80000305,180.0526812,76.05094998,26.31528354,66.31765211,1.032469718,139.4579344,6.492905617,297.9833069,0,144.4129791,4.302466393,9.999999747e-05,81690.54688,16.27532578,3.56667079
88,180.0526812,72.9776209,25.85310765,64.53465035,1.032469718,139.4579344,6.49262619,297.9723511,0,147.7669067,2.520052671,9.999999747e-05,81731.22656,16.30054092,3.418357286
88.19999695,180.0526812,72.79202415,25.62271723,64.02898337,1.031979376,139.4579344,6.493752003,297.9626465,0,151.2317352,9.999999747e-05,9.999999747e-05,81772.51562,16.30132103,3.40120829
88.40000153,180.0526812,80.66402128,25.73685086,65.84499721,1.032469718,139.4579344,6.492314816,297.9645081,0,154.2463684,9.999999747e-05,9.999999747e-05,81816.50781,16.25380135,3.62256329
88.59999847,180.0526812,77.90537765,25.55894603,65.99534318,1.032469718,139.4579344,6.495820045,297.9646912,0,157.8487091,9.999999747e-05,9.999999747e-05,81860.59375,16.28440857,3.618129585
88.80000305,180.0526812,83.40883497,27.46345262,65.04183508,1.032469718,139.4579344,6.494589806,297.9766541,0,160.0246735,9.999999747e-05,9.999999747e-05,81906.85938,16.17546463,3.809146489
89,180.0526812,81.82470552,26.5096517,66.4495707,1.032469718,139.4579344,6.496836185,297.980896,0,162.7240601,2.803841114,9.999999747e-05,81953.16406,16.23363304,3.767922183
89.19999695,180.0526812,83.33161942,26.5938135,64.41254817,1.032469718,139.4579344,6.4998312,297.9886169,0,164.49823,3.304361582,9.999999747e-05,82000.32812,16.18511772,3.846468286
89.40000153,180.0526812,85.15070056,27.67762679,66.6080389,1.032469718,139.4579344,6.502983093,298.0044861,0,165.0830841,5.21387434,9.999999747e-05,82048.4375,16.1618576,4.005180206
89.59999847,180.0526812,78.41956174,26.07078942,64.77146954,1.009906655,139.4579344,6.510192394,297.9988708,0,164.4091797,10.20734501,9.999999747e-05,82094.36719,16.05612755,3.77780483
89.80000305,180.0526812,85.15070056,27.26781728,66.95842521,1.032469718,139.4579344,6.511871338,298.0103149,0,160.838623,8.312563896,9.999999747e-05,82141.59375,16.16986847,3.996826853
90,180.0526812,85.15070056,28.38298996,67.17689375,1.032469718,139.4579344,6.512012005,298.023407,0,156.6276855,12.2617197,9.999999747e-05,82188.22656,16.13560867,4.06716234
90.19999695,180.0526812,84.05996445,26.71406886,64.88559863,1.021588803,139.4579344,6.51267004,298.0239258,0,152.3478546,17.07959747,9.999999747e-05,82233.39844,16.05949402,3.969662644
90.40000153,180.0526812,81.03358938,26.2486795,66.55139357,1.032469718,139.4579344,6.511890888,298.0119934,0,147.7980347,18.04008675,9.999999747e-05,82276.64062,16.21978378,3.796816026
90.59999847,180.0526812,85.15070056,28.38298996,66.27765308,1.032469718,139.4579344,6.506147385,298.0171204,0,143.5662689,14.82076168,9.999999747e-05,82320.48438,16.11523056,3.978827177
90.80000305,180.0526812,84.88327337,27.17023849,67.77209645,1.032469718,139.4579344,6.503584862,298.0215149,0,141.6435852,17.12224388,9.999999747e-05,82363.80469,16.15572357,4.004442163
91,180.0526812,81.84719815,26.24818197,66.55194974,1.032469718,139.4579344,6.501831055,298.0118713,0,140.7196808,19.24897385,9.999999747e-05,82405.88281,16.19708252,3.839502209
91.19999695,180.0526812,80.98870416,26.92355272,66.4427909,1.032469718,139.4579344,6.499714375,298.0047302,0,140.5048981,16.68919945,9.999999747e-05,82447.77344,16.18802452,3.832764453
91.40000153,180.0526812,79.34558775,26.0796179,66.78723269,1.032469718,139.4579344,6.499923706,297.9954224,0,141.1405334,14.74359798,9.999999747e-05,82489.23438,16.22916222,3.766970703
91.59999847,180.0526812,75.66532704,25.38833689,63.59288937,0.9931409769,139.4579344,6.503343105,297.9828186,0,141.6836548,11.76287746,9.999999747e-05,82529.71875,15.90812969,3.655209297
91.80000305,180.0526812,82.65344852,26.98477129,67.11583519,1.032469718,139.4579344,6.502883911,297.9942017,0,140.855896,7.312289238,9.999999747e-05,82572.23438,16.16693115,3.966009203
92,180.0526812,77.32302473,26.22371632,66.16723863,1.032469718,139.4579344,6.505774021,297.9919434,0,140.2348328,10.68978786,9.999999747e-05,82613.07031,16.2259903,3.807629792
92.19999695,180.0526812,78.06395838,27.40762082,66.18508703,1.015597771,139.4579344,6.507629395,297.9985352,0,138.4342499,9.611052513,9.999999747e-05,82654,16.03970909,3.924702341
92.40000153,180.0526812,77.41102967,26.20586344,66.5123381,1.032469718,139.4579344,6.51142168,298.0033264,0,135.9056244,11.60276508,9.999999747e-05,82694.125,16.2114563,3.92576032
92.59999847,180.0526812,82.44546316,26.46045598,64.50058755,1.000403788,139.4579344,6.510189056,298.0137939,0,131.8503876,13.14804935,9.999999747e-05,82734.74219,15.84832191,4.035987854
92.80000305,180.0526812,80.33933367,26.80614386,64.19598234,0.9872758527,139.4579344,6.505887985,298.0102234,0,128.3109283,16.84408188,9.999999747e-05,82773.92969,15.75641918,3.878019443
93,180.0526812,74.37759996,25.98720097,67.60095497,1.032469718,139.4579344,6.505160332,297.9962158,0,126.4858856,16.05563545,9.999999747e-05,82811.01562,16.26269722,3.677352938
93.19999695,180.0526812,80.2684538,25.92040539,67.36008432,1.032469718,139.4579344,6.500220299,297.9934387,0,124.9304428,11.63510704,9.999999747e-05,82849.25781,16.20042992,3.798503695
93.40000153,180.0526812,79.07812112,25.67582127,66.66767372,1.032469718,139.4579344,6.496388435,297.9884338,0,125.3762589,10.64174652,9.999999747e-05,82887.21875,16.20978165,3.74653821
93.59999847,180.0526812,77.733311,25.49924793,64.22556066,1.032469718,139.4579344,6.493166924,297.9796143,0,127.3377228,8.683995247,9.999999747e-05,82925.10938,16.19941139,3.654454513
93.80000305,180.0526812,71.87317917,24.77592552,63.62121184,1.032469718,139.4579344,6.495552063,297.9642334,0,130.5891724,5.250470161,9.999999747e-05,82962.01562,16.27115059,3.474159519
94,180.0526812,72.0385882,25.25988494,65.12639437,1.032469718,139.4579344,6.497442722,297.9545288,0,132.8703003,9.999999747e-05,9.999999747e-05,82999.45312,16.28315163,3.478756956
94.19999695,180.0526812,72.63841236,25.4105419,63.78252227,1.004667685,139.4579344,6.498892307,297.9449463,0,134.4147339,9.999999747e-05,9.999999747e-05,83037.35156,16.02450562,3.489768504
94.40000153,180.0526812,77.08927328,26.52124615,66.84900454,1.032469718,139.4579344,6.497168541,297.9746094,0,135.3790283,9.999999747e-05,11.46428585,83076.77344,16.22933197,3.662325602
94.59999847,180.0526812,77.58017528,25.34780974,66.64330789,1.032469718,139.4579344,6.498859882,297.9679871,0,137.0419312,8.239460945,1.146428585,83116.5625,16.24584198,3.691946487
94.80000305,180.0526812,78.39772027,25.58984867,66.80467924,1.02994924,139.4579344,6.500256062,297.9640808,0,138.0070038,4.780246258,0.1146428585,83156.80469,16.21324921,3.730406023
95,180.0526812,81.37622974,26.91789958,66.94093814,1.032469718,139.4579344,6.498840332,297.9704895,0,138.4254608,2.282954693,0.01146428566,83198.15625,16.1742115,3.863140881
95.19999695,180.0526812,76.44717126,25.77643355,65.49674986,1.032469718,139.4579344,6.499131203,297.9604187,0,139.4184418,3.175035238,0.001146428636,83238.09375,16.2405014,3.597186152
95.40000153,180.0526812,85.15070056,26.12323764,67.37961408,1.032469718,139.4579344,6.496724129,297.9700928,0,140.280426,9.999999747e-05,0.0001146428622,83280.66406,16.16664886,3.898973245
95.59999847,180.0526812,81.11645249,26.66044636,66.28931953,1.032469718,139.4579344,6.497382164,297.9743958,0,142.1196442,1.929818034,9.999999747e-05,83322.71875,16.17752075,3.852830772
95.80000305,180.0526812,76.61764124,25.02814788,63.48928764,1.021368266,139.4579344,6.498578548,297.9592896,0,143.6769714,2.222300529,9.999999747e-05,83363.42188,16.14500809,3.519022258
96,180.0526812,82.14080319,26.60627804,66.88469607,1.032469718,139.4579344,6.498022079,297.9624329,0,144.7637939,9.999999747e-05,9.999999747e-05,83406.20312,16.18687439,3.813326707
96.19999695,180.0526812,85.15070056,26.47327722,66.97331623,1.032469718,139.4579344,6.495650768,297.9672852,0,146.0807037,9.999999747e-05,9.999999747e-05,83449.97656,16.16710091,3.853812349
96.40000153,180.0526812,82.21350983,25.84561644,66.37325941,1.032469718,139.4579344,6.495837688,297.9645386,0,148.3464203,0.2445410788,9.999999747e-05,83493.33594,16.20705414,3.738009132
96.59999847,180.0526812,78.97241591,26.00098113,65.39061408,1.010850385,139.4579344,6.498319626,297.9571533,0,150.5231781,9.999999747e-05,9.999999747e-05,83536.32812,16.04307556,3.661296422
96.80000305,180.0526812,80.25145031,26.99824283,65.91713882,1.02785355,139.4579344,6.499765873,297.9544678,0,151.7078094,9.999999747e-05,9.999999747e-05,83580.09375,16.15612793,3.751775455
97,180.0526812,85.15070056,26.46094767,68.02775067,1.032469718,139.4579344,6.498961926,297.9558716,0,152.3246613,9.999999747e-05,9.999999747e-05,83625.14844,16.19208908,3.839645714
97.19999695,180.0526812,85.08861963,26.23516692,67.46716757,1.032469718,139.4579344,6.498332977,297.9552917,0,153.2671509,9.999999747e-05,9.999999747e-05,83670.3125,16.19329262,3.813314571
97.40000153,180.0526812,81.18524836,26.15368123,66.71798755,1.012549301,139.4579344,6.497871876,297.9446106,0,154.4533844,9.999999747e-05,9.999999747e-05,83714.57031,16.06552505,3.6310007
97.59999847,180.0526812,83.33907787,26.94371068,66.25923733,1.032469718,139.4579344,6.495922089,297.9749146,0,155.8240662,9.999999747e-05,14.12351036,83759.78125,16.18844032,3.714178836
97.80000305,180.0526812,85.05615629,25.32325529,64.89644851,1.032469718,139.4579344,6.495348454,297.9577637,0,157.9801025,8.453377724,1.412351012,83805.57812,16.19555664,3.680958057
98,180.0526812,75.33088147,24.66391567,64.81188986,1.02690681,139.4579344,6.497601509,297.9258118,0,160.3563843,1.364008546,0.1412350982,83849.04688,16.26812363,3.285916329
98.19999695,180.0526812,81.60026356,25.57488301,66.14076445,1.030050894,139.4579344,6.496944904,297.9620667,0,161.8265686,0.4092025459,21.49850464,83894.59375,16.23324966,3.51582985
98.40000153,180.0526812,81.99017183,25.7097329,64.99524796,1.009388726,139.4579344,6.496515751,297.9346924,0,163.5778961,10.38011074,2.149850607,83940.59375,16.04055786,3.535047397
98.59999847,180.0526812,85.15070056,26.43391017,67.68776334,1.032469718,139.4579344,6.4934659,298.0212708,0,165.4908752,3.114032984,40.72610474,83987.84375,16.23036385,3.619916553
98.80000305,180.0526812,85.15070056,25.70672504,65.47701294,1.032469718,139.4579344,6.494881153,297.977356,0,168.6332092,30.73663712,4.072610378,84035.71094,16.21273041,3.666899978
99,180.0526812,85.15070056,25.85612937,65.63746339,1.032469718,139.4579344,6.495927334,297.9416199,0,171.1864014,15.73699951,0.4072610438,84084.10156,16.2181797,3.649011954
99.19999695,180.0526812,84.41364095,25.84326439,66.03547023,1.020779908,139.4579344,6.497565746,297.987915,0,173.3365326,4.721099854,27.16023445,84132.71094,16.13783455,3.618901513
99.40000153,180.0526812,85.15070056,25.77997424,67.26733374,1.032469718,139.4579344,6.500867844,297.9553528,0,174.8282776,18.77412796,2.716023445,84181.88281,16.24407578,3.685644929
99.59999847,180.0526812,85.15070056,26.85926326,66.88275167,1.032469718,139.4579344,6.504049301,297.936676,0,174.9955139,6.741648197,0.2716023326,84231.34375,16.2094574,3.772030968
99.80000305,180.0526812,85.15070056,25.58385144,66.67913231,1.032469718,139.4579344,6.506236076,297.9606323,0,173.8958893,2.022494555,16.87183571,84280.28125,16.24246025,3.65598505
100,180.0526812,85.15070056,27.68916514,66.90859583,1.032469718,139.4579344,6.507791996,297.9468994,0,171.9245453,8.053544998,1.687183619,84329.28906,16.18535423,3.815892979
100.1999969,180.0526812,85.15070056,27.14911988,66.06609892,1.032469718,139.4579344,6.511044025,298.0128479,0,169.3296051,2.416063547,28.78224373,84377.79688,16.17489243,3.862696514
100.4000015,180.0526812,85.15070056,27.58862257,66.85375917,1.029980156,139.4579344,6.512200356,297.9870911,0,165.4263153,23.27809906,2.878224373,84425.57031,16.15149689,3.863245113
100.5999985,180.0526812,85.15070056,27.76462374,68.07531973,1.032469718,139.4579344,6.511743069,297.9659424,0,161.0728302,14.38108635,0.2878224552,84472.5,16.18040848,3.86173819
100.8000031,180.0526812,85.15070056,26.34811241,65.75008281,0.9998638525,139.4579344,6.511091232,297.9493103,0,156.9008942,6.789840698,0.02878224477,84518.32812,15.90518856,3.77954851
101,180.0526812,83.40936481,27.20946782,66.27792114,1.011860205,139.4579344,6.509926319,297.9827271,0,152.9850616,2.036952257,16.6272316,84563.08594,16.00166702,3.785405144
101.1999969,180.0526812,85.15070056,26.13549402,67.4418343,1.031715357,139.4579344,6.506978512,297.9629822,0,149.5362091,11.79081059,1.662723064,84607.35156,16.19278145,3.740608457
101.4000015,180.0526812,85.15070056,26.16403614,65.5230587,1.032469718,139.4579344,6.504107475,297.9500732,0,147.2708282,4.080174446,0.1662723124,84651.20312,16.16571426,3.757991226
101.5999985,180.0526812,79.96652631,24.95480526,66.4870831,1.032469718,139.4579344,6.505855083,297.9332275,0,146.1477509,9.999999747e-05,0.01662723161,84693.3125,16.25381088,3.590873702
101.8000031,180.0526812,85.15070056,27.66152324,67.2131529,1.032469718,139.4579344,6.502235889,297.9707947,0,144.3108826,9.999999747e-05,15.17776489,84736.88281,16.14448357,3.871067336
102,180.0526812,85.15070056,25.94758695,67.90467049,1.032469718,139.4579344,6.501124859,297.9573669,0,143.9539185,10.58534241,1.517776489,84780.125,16.19197845,3.823526703
102.1999969,180.0526812,85.15070056,25.26091771,65.87059293,1.028974645,139.4579344,6.500106335,297.943512,0,144.0160217,4.574302197,0.1517776549,84823.21875,16.15330315,3.761849429
102.4000015,180.0526812,79.79341265,25.39018767,67.00975733,1.032469718,139.4579344,6.500631809,297.9664612,0,144.4932709,1.372290611,16.67396927,84864.9375,16.25276184,3.567303893
102.5999985,180.0526812,83.64479833,26.1694258,67.53991385,1.032469718,139.4579344,6.499401093,297.9519348,0,144.7556458,7.27775383,1.667397022,84907.875,16.20218277,3.73823186
102.8000031,180.0526812,83.74835762,25.94937081,68.0782501,1.032469718,139.4579344,6.499552727,297.9419861,0,145.5208435,0.8397783637,0.1667397022,84951.00781,16.21176529,3.765981585
103,180.0526812,80.40943748,25.08686234,65.00046778,1.003703179,139.4579344,6.501031876,297.9529724,0,146.2153473,0.2519335151,11.79981422,84993.15625,15.9869709,3.575470943
103.1999969,180.0526812,85.15070056,25.62364413,66.34867464,1.028485608,139.4579344,6.498922348,297.9405212,0,146.3182373,1.938897133,1.17998147,85036.59375,16.15802956,3.704293695
103.4000015,180.0526812,81.65735182,25.62739473,67.02941204,1.032469718,139.4579344,6.498410225,297.9729004,0,147.2809448,0.5816691518,20.30722237,85079.26562,16.23745155,3.586262333
103.5999985,180.0526812,79.12048079,24.64283075,67.69792217,1.032469718,139.4579344,6.498631001,297.9370422,0,148.4317932,9.615504265,2.030722141,85121.21875,16.301651,3.396658205
103.8000031,180.0526812,85.15070056,25.87900166,67.29362477,1.032469718,139.4579344,6.496263504,298.0221558,0,149.496933,2.884651184,41.05523682,85165.19531,16.20877457,3.662880136
104,180.0526812,81.68446314,25.11674398,67.07582,1.032469718,139.4579344,6.493751526,297.963562,0,151.52005,30.15197563,4.105523586,85208.36719,16.26946831,3.420653628
104.1999969,180.0526812,80.30099337,24.70630265,67.34118275,1.032469718,139.4579344,6.493641853,297.9190063,0,154.5400391,10.13064003,0.4105523527,85251.73438,16.29939651,3.367124101
104.4000015,180.0526812,84.46663594,25.22050106,67.51374148,1.032469718,139.4579344,6.49450922,297.9568787,0,157.5956879,3.039191961,25.04296494,85297,16.24863434,3.592217
104.5999985,180.0526812,80.24729929,25.1475312,66.51399263,1.0180104,139.4579344,6.497472763,297.9162598,0,160.3087158,13.40321827,2.504296541,85341.67188,16.16148567,3.446059002
104.8000031,180.0526812,82.15356503,26.23556453,65.51437991,1.022521092,139.4579344,6.498559952,298.0177612,0,161.8325958,4.020965576,51.80949402,85387.29688,16.14467049,3.544325995
105,180.0526812,84.48729791,24.83681578,66.61011175,1.025780484,139.4579344,6.501073837,297.9595947,0,162.9344788,36.19859314,5.180949211,85433.55469,16.19867134,3.571154371
105.1999969,180.0526812,85.15070056,25.93614595,66.6386677,1.017958388,139.4579344,6.502375126,297.9191589,0,163.0202637,16.04267883,0.5180949569,85480.21875,16.10102272,3.654297953
105.4000015,180.0526812,85.15070056,26.55818035,66.03005027,1.019897664,139.4579344,6.50358963,297.9703979,0,162.5939789,4.812803745,29.81215858,85526.96094,16.09113121,3.707450041
105.5999985,180.0526812,85.15070056,26.63147761,67.6884887,1.032469718,139.4579344,6.503164291,297.9318848,0,161.6783447,19.76294899,2.981215715,85573.46875,16.22183418,3.665024701
105.8000031,180.0526812,85.15070056,26.6028281,67.27088269,1.032469718,139.4579344,6.503035069,298.0505371,0,160.9378662,5.928884983,57.74964142,85619.84375,16.21504784,3.672431295
106,180.0526812,85.15070056,26.68797234,67.3195324,1.032469718,139.4579344,6.502344608,297.9867554,0,160.2429352,44.59534073,5.774963856,85666.08594,16.21461678,3.661269577
106.1999969,180.0526812,85.15070056,27.22490657,66.29116651,1.01561877,139.4579344,6.500214577,297.9360352,0,159.8269043,23.59902573,0.5774964094,85712.32031,16.04976845,3.657151407
106.4000015,180.0526812,85.15070056,26.11382639,66.78160043,1.032469718,139.4579344,6.499417305,297.9925842,0,160.2658386,7.079707623,35.66632843,85758.46875,16.2254734,3.598373468
106.5999985,180.0526812,84.1651625,25.59051051,66.43446765,1.031559155,139.4579344,6.501119137,297.944397,0,161.0147552,24.57151794,3.566632748,85804.49219,16.23225975,3.582646937
106.8000031,180.0526812,85.15070056,25.95142048,65.89572094,1.032469718,139.4579344,6.500681877,298.071167,0,161.0789948,7.371455669,64.28039551,85850.76562,16.21975899,3.580843451
107,180.0526812,85.15070056,25.91000794,67.06020061,1.006066245,139.4579344,6.498235703,297.9901123,0,161.3330536,49.37863159,6.428039074,85896.96875,16.02537537,3.504162627
107.1999969,180.0526812,85.15070056,25.8009998,67.26659111,1.032469718,139.4579344,6.497157097,297.9308472,0,162.5653076,23.13905144,0.6428039074,85943.45312,16.25116158,3.521767623
107.4000015,180.0526812,85.15070056,25.34431744,67.2193564,1.032469718,139.4579344,6.496605873,297.9764404,0,164.2182159,6.94171524,34.4919548,85990.16406,16.2660923,3.481801623
107.5999985,180.0526812,85.15070056,25.94747731,67.48249638,1.032469718,139.4579344,6.49711895,297.9281006,0,166.0942841,20.52086449,3.449195623,86037.40625,16.25559807,3.544023759
107.8000031,180.0526812,85.15070056,25.70974604,68.08176688,1.028283872,139.4579344,6.498394012,298.0422974,0,167.7633209,6.156259537,60.80623627,86084.92188,16.23771858,3.531889687
108,180.0526812,85.15070056,25.43362458,66.00503563,1.032469718,139.4579344,6.500872612,297.9698792,0,168.9231262,43.22972488,6.080623627,86132.63281,16.25056076,3.536798646
108.1999969,180.0526812,85.15070056,26.68445467,66.95227201,1.025461625,139.4579344,6.501955509,297.9178772,0,169.0899506,18.9682045,0.6080623269,86180.60156,16.17709923,3.597150631
108.4000015,180.0526812,85.15070056,26.03813295,67.97503018,1.032469718,139.4579344,6.505766869,297.9666138,0,168.8321533,5.690461159,32.87991333,86228.51562,16.25824928,3.640023283
108.5999985,180.0526812,85.15070056,25.93683287,66.83653932,1.032469718,139.4579344,6.511005402,297.9276123,0,167.0364075,19.81514931,3.287991524,86276.14844,16.23513985,3.711413852
108.8000031,180.0526812,85.15070056,26.56008329,66.90542399,1.029452898,139.4579344,6.5146451,298.0459595,0,163.1493225,5.944544792,58.17670822,86323.10938,16.18964958,3.754368284
109,180.0526812,85.15070056,27.11134071,68.63021264,1.032469718,139.4579344,6.515980244,297.9892883,0,157.8160248,44.35176468,5.817670822,86369.05469,16.21950722,3.774213832
109.1999969,180.0526812,85.15070056,26.11382783,67.68133343,1.032469718,139.4579344,6.517032146,297.9412537,0,151.9512482,25.63588524,0.5817670822,86413.69531,16.21979904,3.745196529
109.4000015,180.0526812,85.15070056,27.98123486,67.52781238,1.032469718,139.4579344,6.514670372,298.0135498,0,145.6592102,7.690765381,37.62924194,86457.38281,16.16350937,3.841887187
109.5999985,180.0526812,83.95659059,25.81998136,64.49467713,0.9783693557,146.9078848,6.513564587,297.9662476,0,140.3222351,30.79264259,3.762924194,86500.84375,15.73408508,3.700619361
109.8000031,180.0526812,85.15070056,26.90368977,67.19098108,1.032469718,139.4579344,6.511092186,297.9398193,0,135.4124603,14.44046879,0.3762924075,86542.39844,16.1636467,3.857454578
110,180.0526812,85.15070056,26.73550065,68.18538496,1.032469718,139.4579344,6.507527351,297.9800415,0,131.5001526,4.332140446,22.58727074,86583.13281,16.17775345,3.838435801
110.1999969,180.0526812,85.15070056,25.84026468,68.06825678,1.032469718,139.4579344,6.503722191,297.9525757,0,129.013031,16.14950371,2.258727074,86623.17969,16.19672012,3.764449513
110.4000015,180.0526812,81.37998331,26.27447149,66.47625192,1.032469718,139.4579344,6.501899719,297.9286194,0,128.0452576,5.629277706,0.2258727103,86662.16406,16.19678497,3.691796521
110.5999985,180.0526812,80.02229652,24.19864643,66.83886359,1.016265483,139.4579344,6.50395298,297.95401,0,127.7991943,1.688783288,20.23171616,86700.45312,16.12587738,3.590798972
110.8000031,180.0526812,84.69482415,25.54362814,68.26035576,1.032469718,139.4579344,6.501728535,297.9363403,0,126.7255325,7.950311661,2.023171663,86739.96875,16.20279312,3.79244186
111,180.0526812,83.38095602,25.60896942,68.21538584,1.032469718,139.4579344,6.500408649,297.9990234,0,126.567955,2.385093451,32.33421707,86779.11719,16.21300316,3.762775615
111.1999969,180.0526812,84.71320885,24.95423847,66.41531734,0.9921885843,139.4579344,6.496907234,297.9614868,0,126.92173,21.76250839,3.233421564,86818.39844,15.86408997,3.654830045
111.4000015,180.0526812,74.79137164,23.91946268,67.67070792,1.032469718,139.4579344,6.500518322,297.9159546,0,128.6860962,8.303190231,0.3233421445,86855.27344,16.34198761,3.297104178
111.5999985,180.0526812,85.15070056,25.23411911,67.51745042,1.032469718,139.4579344,6.499316692,297.9697876,0,128.9756775,2.490957022,29.38602066,86895.23438,16.20157242,3.765336165
111.8000031,180.0526812,79.05249563,23.96062613,65.20510578,1.012610612,139.4579344,6.501761436,297.9268494,0,129.7845764,18.25242233,2.938601971,86933.45312,16.09804726,3.464913586
112,180.0526812,77.23955025,24.56919559,67.25738196,1.032469718,139.4579344,6.503921986,298.0358276,0,129.5882263,5.475726604,59.2212944,86971.17969,16.29880142,3.409021324
112.1999969,180.0526812,83.82616729,25.77968821,68.06887003,1.032469718,139.4579344,6.502020836,297.9870605,0,128.5402069,40.64953232,5.922129631,87010.65625,16.21303368,3.715481121
112.4000015,180.0526812,79.42846636,23.71988794,67.22660736,1.032469718,139.4579344,6.501817226,297.9252319,0,128.2651062,24.35471153,0.592212975,87048.39844,16.3018856,3.361866435
112.5999985,180.0526812,77.14999327,24.36079036,67.1826177,1.032469718,139.4579344,6.502815723,297.9950256,0,128.0528564,7.306413651,45.66500092,87085.625,16.30602646,3.342733855
112.8000031,180.0526812,76.13623479,23.73110893,67.31717974,1.032469718,139.4579344,6.50351429,297.9318237,0,127.4426346,29.04528809,4.566500187,87122.24219,16.33583832,3.223485758
113,180.0526812,83.73577147,26.30827903,68.59142396,1.030473378,139.4579344,6.49949789,298.0971985,0,126.557869,8.713585854,79.08886719,87161.17969,16.19688225,3.67180274
113.1999969,180.0526812,78.3665316,24.62608617,66.94436412,1.032469718,139.4579344,6.497312069,298.0021057,0,127.2941513,63.68503571,7.908886909,87198.38281,16.29243469,3.291928619
113.4000015,180.0526812,83.38400051,26.15446401,66.07786203,1.032469718,139.4579344,6.492979527,297.9376221,0,128.8836823,33.28346252,0.7908886671,87237.5625,16.1963768,3.567174244
113.5999985,180.0526812,79.19212515,24.43452574,64.62022469,1.032469718,139.4579344,6.493906975,297.9916077,0,132.2189941,9.985038757,41.32974625,87276.04688,16.26100349,3.355440879
113.8000031,180.0526812,81.74745735,24.04298271,67.64344588,1.032469718,139.4579344,6.493640423,297.9315186,0,135.1593475,26.75695038,4.132974625,87315.66406,16.2994175,3.358053207
114,180.0526812,78.89544202,24.23629231,66.59687475,1.013702596,139.4579344,6.496325016,298.0595398,0,138.227066,8.027085304,71.9858017,87355.21875,16.15345573,3.30265695
114.1999969,180.0526812,82.40187075,23.3470194,66.58233679,1.016566694,139.4579344,6.499436855,297.9810181,0,140.2073669,50.0776329,7.198579788,87395.96875,16.16715431,3.394036818
114.4000015,180.0526812,85.15070056,24.3635632,67.79729381,1.032469718,139.4579344,6.501317978,297.9241943,0,140.9509735,24.26531029,0.7198579907,87437.86719,16.26552582,3.581953101
114.5999985,180.0526812,85.15070056,24.77903126,67.86224791,1.032469718,139.4579344,6.501578331,297.9747925,0,140.947525,7.279592991,36.84564209,87479.78125,16.26216507,3.554023198
114.8000031,180.0526812,85.15070056,25.9045024,67.64352607,1.032469718,139.4579344,6.500452995,297.9271851,0,140.8412781,22.31557846,3.684564352,87521.85938,16.23465347,3.596033828
115,180.0526812,85.15070056,24.68383614,68.3162777,1.032469718,139.4579344,6.500031948,298.0419922,0,141.1846771,6.694673538,63.80590057,87563.76562,16.27745819,3.498416975
115.1999969,180.0526812,85.15070056,25.14209459,67.66733207,1.032469718,139.4579344,6.500256538,297.9731445,0,141.6897125,43.92758179,6.380589962,87605.91406,16.2564373,3.551961117
115.4000015,180.0526812,85.15070056,24.87474776,67.53299678,1.028791703,139.4579344,6.500074387,297.914032,0,142.1050262,20.88745308,0.63805902,87648.08594,16.23502922,3.504177083
115.5999985,180.0526812,85.15070056,24.64265184,68.72920394,1.032469718,139.4579344,6.497993469,297.9612122,0,142.5966492,6.266236305,38.60225296,87690.19531,16.29814911,3.393965847
115.8000031,180.0526812,85.15070056,24.99144861,67.31470614,1.032469718,139.4579344,6.496634007,297.9065857,0,143.9254456,19.76533318,3.860225201,87732.66406,16.27195549,3.426772004
116,180.0526812,80.59927736,24.53620103,65.42587373,1.021829623,139.4579344,6.50077486,298.0206909,0,145.7897034,5.929600239,66.63835907,87774.35938,16.20569992,3.339297645
116.1999969,180.0526812,85.15070056,26.03629702,68.06689974,1.032469718,139.4579344,6.499249935,297.947052,0,145.9817657,42.20754242,6.663836002,87817.41406,16.26292038,3.484157184
116.4000015,180.0526812,81.56238037,23.22244633,65.77546654,1.031284665,139.4579344,6.500524044,298.1328735,0,146.8200073,12.66226292,103.4277725,87859.07812,16.32845116,3.138211646
116.5999985,180.0526812,84.95014359,24.18268538,67.13830517,1.023756016,139.4579344,6.501063347,298.0202637,0,147.1212616,75.34192657,10.34277725,87901.89844,16.22823906,3.352506187
116.8000031,180.0526812,85.15070056,24.82390325,67.02579232,1.032469718,139.4579344,6.501505375,297.9320374,0,147.2182465,40.07765579,1.034277678,87944.95312,16.28176117,3.421948272
117,180.0526812,85.15070056,24.33552035,67.99093747,1.032469718,139.4579344,6.502249241,298.0019836,0,147.1364594,12.02329636,51.98058319,87987.89844,16.30873489,3.386300806
117.1999969,180.0526812,85.15070056,25.39522825,68.30484112,1.032469718,139.4579344,6.503520489,297.9359131,0,146.7557373,34.27032089,5.198058605,88031.02344,16.28333664,3.506597626
117.4000015,180.0526812,82.00279389,23.92787108,65.47472222,0.9991868433,139.4579344,6.50671196,298.0838623,0,145.8657379,10.28109646,84.40229034,88072.82031,16.03138733,3.290254197
117.5999985,180.0526812,82.28304442,25.20173703,66.19878197,1.009026319,139.4579344,6.508225918,297.9910583,0,143.6945648,59.41768646,8.440228462,88114.46875,16.08763313,3.380572275
117.8000031,180.0526812,85.15070056,25.17152168,68.45474342,1.032469718,139.4579344,6.508441448,297.9213867,0,140.9294891,29.43082619,0.8440228701,88156.375,16.28360748,3.514928058
118,180.0526812,85.15070056,25.09041501,68.3740197,1.032469718,139.4579344,6.507369518,297.9780884,0,138.0769806,8.829247475,42.84859085,88197.66406,16.28341866,3.485726657
118.1999969,180.0526812,85.15070056,24.64348526,67.88770268,1.032469718,139.4579344,6.507921219,297.9237366,0,135.6533508,25.96897888,4.28485918,88238.49219,16.27785873,3.539778747
118.4000015,180.0526812,85.15070056,26.72056853,67.0730097,1.030584682,139.4579344,6.504277706,298.0574341,0,132.999527,7.79069376,71.70828247,88279.04688,16.20445633,3.581846539
118.5999985,180.0526812,84.688246,24.11200262,66.93832428,1.032469718,139.4579344,6.504255295,297.9787292,0,131.8220825,51.46269608,7.170827866,88318.85938,16.27983665,3.466073657
118.8000031,180.0526812,85.15070056,24.3838601,68.40717784,1.032469718,139.4579344,6.501720428,297.9098511,0,130.628479,25.4622364,0.7170827985,88358.51562,16.29605675,3.415034343
119,180.0526812,85.15070056,24.18966061,69.14281596,1.032469718,139.4579344,6.497839451,297.965332,0,130.4684601,7.638670444,44.48145676,88398.00781,16.31822777,3.324169855
119.1999969,180.0526812,80.24786149,23.61261966,67.27439151,1.032469718,139.4579344,6.497335434,297.8944397,0,131.8572235,23.91622925,4.448145866,88436.39844,16.35394287,3.118387372
119.4000015,180.0526812,79.23456056,23.22244633,66.48249716,1.032469718,139.4579344,6.498338699,298.0266418,0,133.432312,7.174868584,80.16642761,88474.74219,16.36527252,3.05652154
119.5999985,180.0526812,82.98174972,24.79048723,67.23578776,1.032469718,139.4579344,6.496847153,297.9391479,0,134.6118469,49.35620117,8.01664257,88514.5625,16.30714607,3.279766143
119.8000031,180.0526812,80.19693548,23.22244633,68.00772021,1.032469718,139.4579344,6.499717712,298.1628418,0,136.4010315,14.80685997,120.826149,88553.75781,16.38193893,3.129429061
120,180.0526812,85.15070056,24.46504446,68.98981373,1.032469718,139.4579344,6.50087738,298.0464783,0,137.0198517,90.35968781,12.0826149,88594.65625,16.31798553,3.433009152
120.1999969,180.0526812,80.66255795,23.22244633,66.28102675,1.032469718,139.4579344,6.504852295,297.9350281,0,137.1943207,54.64213181,1.20826149,88634.19531,16.35434341,3.192528685
120.4000015,180.0526812,84.76161298,24.34174734,68.68639544,1.032469718,139.4579344,6.504852295,298.0467529,0,135.7640839,16.39263916,71.97903442,88674.67969,16.3246994,3.373228136
120.5999985,180.0526812,85.15070056,24.23685712,68.73862558,1.032469718,139.4579344,6.505237579,297.9606018,0,134.3558197,53.33286667,7.197903633,88715.00781,16.32067108,3.418147698
120.8000031,180.0526812,85.15070056,24.87565966,67.18567976,1.032469718,139.4579344,6.505666733,297.8957214,0,132.7794342,24.52547264,0.7197903395,88755.22656,16.27861023,3.507868524
121,180.0526812,76.84629057,23.22244633,68.04580784,1.017175731,139.4579344,6.510510921,297.9382019,0,131.0326538,7.357642174,43.30054855,88792.58594,16.28114319,3.088629383
121.1999969,180.0526812,85.15070056,26.14852058,65.70649579,1.00159688,139.4579344,6.508290768,297.9002686,0,127.3338013,2.207292557,9.999999747e-05,88831.95312,15.96164322,3.593022545
121.4000015,180.0526812,84.65875521,24.6468662,68.76446439,1.019673679,139.4579344,6.506434441,297.9671326,0,124.5603485,0.6621877551,44.13732529,88870.34375,16.19669914,3.467538841
121.5999985,180.0526812,85.15070056,25.53312602,68.61030574,1.032469718,139.4579344,6.503555775,297.9196472,0,122.5055847,20.27114868,4.413732529,88908.64844,16.27263641,3.554713957
121.8000031,180.0526812,83.93769561,25.16941833,65.33895484,1.019679479,139.4579344,6.501865387,298.0386963,0,121.606781,6.081344604,67.29956055,88946.41406,16.13700294,3.503310405
122,180.0526812,85.15070056,25.55545715,68.32146729,1.029726494,139.4579344,6.500049114,297.973877,0,121.3769531,44.49460602,6.72995615,88984.58594,16.24265862,3.598091286
122.1999969,180.0526812,84.49046346,23.23249819,68.43572621,1.032469718,139.4579344,6.500926971,297.9098816,0,121.8778458,22.68648529,0.6729956269,89022.32031,16.33105087,3.437520852
122.4000015,180.0526812,81.79501041,23.25927635,68.24729923,1.032469718,139.4579344,6.50332737,297.963562,0,122.0183868,6.805945873,43.69379044,89059.39844,16.35516167,3.342437052
122.5999985,180.0526812,84.50255054,24.51096351,68.79379687,1.032469718,139.4579344,6.501976013,297.9090881,0,121.2023926,22.4226532,4.369379044,89097.17188,16.31169319,3.457346442
122.8000031,180.0526812,76.70639022,23.89446112,65.85026777,0.9966870481,139.4579344,6.506027699,298.0220642,0,120.9441299,6.726795673,70.36849976,89132.77344,16.05756569,3.18336584
123,180.0526812,83.96127177,23.87831385,69.00932176,1.026833451,139.4579344,6.507254124,297.9592285,0,119.0355148,42.70284271,7.036849976,89170.00781,16.27757645,3.528066153
123.1999969,180.0526812,78.71425217,23.22244633,66.32964477,1.018943493,139.4579344,6.509796143,297.8910522,0,116.6628418,21.00883865,0.7036849856,89205.17969,16.24194717,3.241476994
123.4000015,180.0526812,81.88590327,24.06480113,68.45628998,1.023104681,139.4579344,6.508751392,297.9580078,0,113.2600555,6.302651405,47.55397797,89240.64062,16.25240898,3.405885862
123.5999985,180.0526812,84.48998296,24.74476261,67.95206276,1.030220806,139.4579344,6.504666328,297.9063721,0,110.2911301,25.83245087,4.755397797,89276.27344,16.26130295,3.529596671
123.8000031,180.0526812,79.79973794,25.49635985,66.9875239,1.017846333,154.3485938,6.500477791,298.0363159,0,108.9545898,7.749735355,76.78790283,89313.44531,16.20131874,3.314979713
124,180.0526812,75.94532951,23.27111165,67.38239995,1.02264011,139.4579344,6.500368118,297.9466858,0,109.2841644,49.45174026,7.678790569,89346.16406,16.31616783,3.011056609
124.1999969,180.0526812,77.46907872,23.89712266,67.61196213,1.032469718,139.4579344,6.498589993,298.1649475,0,109.6438522,14.8355217,119.4823914,89379.36719,16.37669563,3.060694982
124.4000015,180.0526812,73.76962618,23.22244633,66.48865466,1.032469718,139.4579344,6.500141621,298.0384827,0,110.7333221,88.80623627,11.94823933,89411.67188,16.4141922,2.896086156
124.5999985,180.0526812,72.45872007,23.22244633,65.84094122,1.032469718,139.4579344,6.502812862,297.9272156,0,111.1859131,49.72603226,1.194823861,89443.74219,16.41915131,2.862678551
124.8000031,180.0526812,84.46468848,24.80500549,68.961129,1.032469718,139.4579344,6.49738121,298.0261536,0,110.5769424,14.91780949,66.04129028,89479.07031,16.31596947,3.363631653
125,180.0526812,78.44329934,23.69552579,64.82393742,1.008526744,150.5669013,6.497304916,297.9359436,0,112.1708374,47.15208435,6.604128838,89515.25,16.15925026,3.114268774
125.1999969,180.0526812,77.48938783,23.22244633,67.55518183,1.032469718,139.4579344,6.500033855,298.1362305,0,113.7516861,14.14562511,111.7632141,89549.17969,16.40280342,3.097525393
125.4000015,180.0526812,78.91575631,23.42050994,68.52247411,1.032469718,139.4579344,6.501020432,298.0224304,0,114.2489243,81.51972198,11.17632198,89583.53125,16.4037075,3.103262838
125.5999985,180.0526812,82.41171996,24.85179545,66.18224645,1.032469718,139.4579344,6.499287128,297.9298706,0,114.3663406,45.8696022,1.117632151,89619.13281,16.30539131,3.333809006
125.8000031,180.0526812,77.08169019,23.22244633,68.81101438,1.032469718,139.4579344,6.502327442,298.000885,0,115.1802826,13.76088142,59.22462082,89653.23438,16.43397141,3.046278357
126,180.0526812,84.45601947,24.74109068,66.52913585,1.009691771,139.4579344,6.500257492,297.9322205,0,114.7538452,36.32637405,5.922461987,89689.48438,16.10726166,3.410574924
126.1999969,180.0526812,80.4532318,23.22244633,66.7028107,1.02279519,139.4579344,6.501224518,298.0778198,0,115.1872864,10.89791203,88.23073578,89724.45312,16.29834557,3.132020972
126.4000015,180.0526812,82.99025437,24.79562643,67.53239089,1.032469718,139.4579344,6.500703812,297.9920044,0,115.2077713,59.1018486,8.823073387,89760.46094,16.32877541,3.374246136
126.5999985,180.0526812,85.15070056,24.11460585,66.13691613,1.020221774,139.4579344,6.498157978,297.9103088,0,115.4509888,31.32107735,0.8823073506,89796.90625,16.21177673,3.314128912
126.8000031,180.0526812,77.1323581,23.22244633,67.3060913,1.032469718,139.4579344,6.501160145,297.964325,0,116.7144547,9.396323204,52.30786896,89831.36719,16.43019104,2.965012998
127,180.0526812,78.95661943,23.54387899,68.43101361,1.032469718,139.4579344,6.502244949,297.8884888,0,116.7524033,25.27564049,5.2307868,89866.32812,16.42578506,3.006622954
127.1999969,180.0526812,82.49834327,23.24671151,68.43301784,1.032469718,139.4579344,6.503448486,298.0278931,0,116.3805161,7.582692146,83.82904816,89902.20312,16.39680481,3.205236648
127.4000015,180.0526812,82.50820394,23.44060711,67.68060683,1.032469718,139.4579344,6.503718376,297.9386597,0,115.5207138,52.06159973,8.382905006,89937.89844,16.38445091,3.187157347
127.5999985,180.0526812,82.91289212,23.22244633,68.5939791,1.032469718,139.4579344,6.502780437,298.1665344,0,114.5562744,15.61847973,125.9453735,89973.36719,16.40330696,3.124367361
127.8000031,180.0526812,77.74444545,23.22244633,66.13804415,1.022959169,139.4579344,6.504358768,298.0336609,0,113.9679947,92.60289001,12.59453773,90007.33594,16.33830643,2.923234756
128,180.0526812,80.20372731,23.22244633,69.60563449,1.032469718,139.4579344,6.504555225,297.9217529,0,112.7362137,51.30076981,1.259453773,90041.74219,16.44271278,3.028000858
128.1999969,180.0526812,77.62754904,23.22244633,67.88044436,1.032469718,139.4579344,6.505385876,298.0029297,0,111.438446,15.39023113,67.3150177,90075.17969,16.44418335,2.913751481
128.3999939,180.0526812,81.39080697,23.23743278,68.22069494,1.032469718,139.4579344,6.503730297,297.914978,0,109.801918,41.3061142,6.731502056,90109.25781,16.41431427,3.043734116
128.6000061,180.0526812,80.81426868,23.6704723,65.82457089,0.9891157501,139.4579344,6.501974583,298.0941467,0,108.8378372,12.39183426,105.0004654,90143.03906,16.01366615,3.052290486
128.8000031,180.0526812,74.39572263,23.22244633,68.34615361,1.032469718,139.4579344,6.504394054,297.9776611,0,108.5683899,71.67675781,10.50004673,90175,16.48209381,2.798558794
129,180.0526812,72.84225026,23.22244633,68.54157659,1.032469718,139.4579344,6.507591724,297.8777466,0,107.3171234,33.68278503,1.050004721,90206.33594,16.49869347,2.759920873
129.1999969,180.0526812,77.94309827,23.22244633,67.95083081,1.027618815,139.4579344,6.508266449,297.9492188,0,104.7975998,10.10483551,58.99257278,90238.57031,16.39782715,3.015696296
129.3999939,180.0526812,81.64352651,23.64954712,66.87848604,1.004266632,139.4579344,6.505195141,297.8901367,0,102.0190048,3.03145051,9.999999747e-05,90271.25,16.14221954,3.156278938
129.6000061,180.0526812,78.19182605,23.22244633,69.80582774,1.032469718,139.4579344,6.504180431,297.9742432,0,100.4731216,0.909435153,60.59854889,90302.64062,16.46057701,3.006227962
129.8000031,180.0526812,79.36464679,23.72630628,68.53452598,1.026602593,146.9819733,6.503252029,297.9081116,0,99.31436157,26.2491684,6.059854984,90335.85938,16.37989807,3.173149921
130,180.0526812,76.97069627,23.22244633,67.88358069,1.003487304,139.4579344,6.504722595,298.0484924,0,98.53333282,7.874750614,85.4957962,90366.71875,16.19906425,3.093030488
130.1999969,180.0526812,78.50132463,23.22244633,66.10157572,1.011299668,139.4579344,6.505050182,297.9677734,0,97.15659332,53.36234665,8.54957962,90397.71875,16.22398949,3.160051024
130.3999939,180.0526812,76.02448171,23.22244633,69.03934449,1.032469718,139.4579344,6.506467819,297.8900757,0,95.66022491,26.27106285,0.8549579382,90427.83594,16.46688461,3.081693885
130.6000061,180.0526812,76.85310378,24.62483504,67.37237933,1.032469718,139.4579344,6.505652905,297.9541321,0,93.58940887,7.881318569,51.37520218,90458.03906,16.40127182,3.223831724
130.8000031,180.0526812,73.0620876,23.22244633,68.87699093,1.032469718,139.4579344,6.506899834,297.8822021,0,91.85549927,26.43912506,5.137520313,90486.59375,16.49457359,2.926190822
131,180.0526812,79.67990595,24.72287957,66.99666986,1.015155469,161.9931078,6.502576828,298.0299683,0,89.6088028,7.931737423,87.59288025,90521.36719,16.25923729,3.311318584
131.1999969,180.0526812,73.87455894,23.22244633,67.85887394,1.032469718,139.4579344,6.502435684,297.9428101,0,89.11623383,55.04121017,8.759287834,90549.55469,16.4767971,2.932125779
131.3999939,180.0526812,72.83891757,23.22244633,68.57468287,1.032469718,139.4579344,6.503671646,298.1766052,0,88.64852142,16.51236343,129.5749817,90577.42188,16.49726105,2.933866078
131.6000061,180.0526812,75.48348823,23.22244633,68.5232318,1.032469718,159.6315152,6.503175259,298.0678406,0,87.69526672,95.67571259,12.9574976,90609.92969,16.50474739,3.050669623
131.8000031,180.0526812,76.54916158,23.22244633,67.80734766,1.032469718,146.9282644,6.502226353,297.9637146,0,86.95066833,63.02453232,1.295749784,90640.03125,16.46559143,3.118296888
132,180.0526812,70.25635864,23.22244633,66.70524563,1.032011707,156.4335863,6.504556179,297.8721008,0,86.58168793,30.45916367,0.1295749843,90670.34375,16.52938652,2.843077306
132.1999969,180.0526812,75.49901794,23.22244633,68.31184164,1.032469718,139.4579344,6.504115582,297.9459229,0,85.26845551,9.137749672,57.48865509,90698.35938,16.4747982,3.104062803
132.3999939,180.0526812,75.14722628,23.22244633,68.27385913,1.032469718,146.6297862,6.503439903,297.8843384,0,84.15109253,2.741324902,9.999999747e-05,90727.53125,16.49104118,3.087712539
132.6000061,180.0526812,73.89072314,23.22244633,67.89933242,1.022350131,139.4579344,6.503088951,297.9737854,0,83.29587555,0.8223974109,62.80376816,90754.67969,16.40457535,3.00961718
132.8000031,180.0526812,72.96552863,23.22244633,69.53599418,1.032469718,139.4579344,6.502214909,297.9034729,0,82.57920837,27.813097,6.280376911,90781.34375,16.52551842,2.890901852
133,180.0526812,69.668755,23.22244633,68.14859088,1.032469718,142.5689316,6.503750801,298.0457458,0,82.21489716,8.343929291,90.58179474,90807.71094,16.54645729,2.785365844
133.1999969,180.0526812,76.39626581,23.22244633,68.26782543,1.021062898,139.4579344,6.500980377,297.9663391,0,81.22673798,54.3334198,9.058179855,90835,16.3818779,3.046474225
133.3999939,180.0526812,70.38316741,23.22244633,68.98788811,1.032469718,139.4579344,6.502118111,297.8821716,0,81.36865997,27.59259605,0.9058179855,90860.75781,16.5503521,2.813514001
133.6000061,180.0526812,77.83767477,23.22244633,67.4719373,1.017390087,139.4579344,6.499127388,297.9537659,0,81.02872467,8.277778625,56.57185364,90888.45312,16.33051872,3.130859937
133.8000031,180.0526812,70.13784662,23.22244633,66.21631023,1.017785425,170.4485865,6.500128746,297.8760986,0,81.91129303,29.19615173,5.657185078,90920.53906,16.45288467,2.733500467
134,180.0526812,69.668755,23.22244633,66.76515427,1.022300536,139.4579344,6.501777172,298.0277405,0,82.36692047,8.758845329,95.185112,90946.1875,16.45833015,2.6815973
134.1999969,180.0526812,69.668755,23.22244633,67.02644748,1.032469718,139.4579344,6.503712654,297.939209,0,82.17393494,57.01288986,9.518510818,90971.78906,16.54985237,2.694376607
134.3999939,180.0526812,71.37858304,23.22244633,65.523127,1.002953178,139.4579344,6.503972054,298.1744385,0,81.20776367,17.10386658,133.6395264,90997.57812,16.26656342,2.72905049
134.6000061,180.0526812,78.2318186,23.22244633,67.1083402,0.9877046731,139.4579344,6.500125885,298.0671692,0,80.14431,96.6398468,13.36395264,91024.95312,16.09547615,3.014748854
134.8000031,180.0526812,69.668755,23.22244633,70.3896904,1.032469718,139.4579344,6.500646591,297.9497681,0,80.62747955,64.41516876,1.336395264,91050.10156,16.60526085,2.579657281
135,180.0526812,70.98093103,23.22244633,68.07575721,1.032469718,143.9232569,6.50055027,298.0620422,0,80.87477112,19.32455063,82.87395477,91076.53125,16.57402992,2.607272938
135.1999969,180.0526812,70.3590384,23.22244633,67.57245492,1.008501269,139.4579344,6.50095129,297.966095,0,81.17663574,57.0605278,8.287395477,91101.92188,16.36945724,2.558576286
135.3999939,180.0526812,70.2084406,23.22244633,67.69446334,1.032469718,170.4485865,6.501456261,297.8781433,0,81.31441498,25.44421387,0.8287395835,91133.67969,16.63007355,2.550630419
135.6000061,180.0526812,71.29093226,23.22244633,66.74263022,1.026593084,152.5507571,6.501636028,297.9276123,0,81.25149536,7.633264065,52.22179413,91162.03125,16.53406906,2.589896497
135.8000031,180.0526812,71.96941037,23.22244633,69.24077464,1.023644951,139.4579344,6.502044678,297.8571777,0,81.11806488,2.289979219,9.999999747e-05,91187.89844,16.51854324,2.645119492
136,180.0526812,70.28129159,23.22244633,69.19594326,1.032469718,139.4579344,6.503398895,297.9414368,0,80.81939697,0.6869937778,64.3441391,91213.24219,16.61213303,2.562342712
136.1999969,180.0526812,72.10458931,23.22244633,67.77724413,1.015725469,139.4579344,6.503816605,297.8726196,0,79.97673035,0.2060981244,9.999999747e-05,91238.92969,16.43701363,2.660429707
136.3999939,180.0526812,73.47191208,23.22244633,67.21494885,1.017335606,169.7795137,6.503158092,297.963562,0,78.97303009,0.0618294403,67.39009857,91271.03125,16.48337746,2.730858191
136.6000061,180.0526812,69.90240648,23.22244633,69.29137842,1.032469718,139.4579344,6.504446507,297.8909912,0,78.2333374,27.17300987,6.739009857,91295.78906,16.62836266,2.550764388
136.8000031,180.0526812,69.668755,23.22244633,68.03745191,1.032469718,145.7393911,6.505940914,298.0383911,0,76.96842957,8.151903152,93.47832489,91321.5625,16.6264286,2.575402836
137,180.0526812,72.02017431,23.22244633,68.78111332,1.024157988,148.0673222,6.504759312,297.950531,0,75.11120605,55.46587753,9.34783268,91348.00781,16.55046463,2.6195367
137.1999969,180.0526812,69.668755,23.22244633,69.46151191,1.032469718,139.4579344,6.503474712,297.8641357,0,73.73618317,25.48933411,0.9347832799,91371.70312,16.64221191,2.415632458
137.3999939,180.0526812,69.73599793,23.22244633,68.36124844,1.032469718,161.8019736,6.501881123,297.9239197,0,72.86671448,7.646800041,56.61727905,91399.82812,16.66813278,2.407299979
137.6000061,180.0526812,69.668755,23.22244633,68.37257036,1.031127552,154.6315781,6.500002861,297.8532715,0,72.63541412,2.294039965,9.999999747e-05,91426.35938,16.65278053,2.343153004
137.8000031,180.0526812,69.668755,23.22244633,68.69766634,1.032469718,139.4579344,6.497970104,297.945343,0,73.15534973,0.6882119775,67.77334595,91449.78125,16.65097809,2.257879795
138,180.0526812,70.42483091,23.22244633,67.51521048,1.016966527,147.053508,6.495218754,297.8764954,0,74.48806,0.2064636052,9.999999747e-05,91475.10156,16.52012062,2.173675326
138.1999969,180.0526812,69.668755,23.22244633,68.71332901,1.032469718,139.4579344,6.4938097,297.9707336,0,76.92300415,0.06193907931,68.58058167,91499.09375,16.66976357,2.088880889
138.3999939,180.0526812,70.78234653,23.22244633,67.34868784,1.020429358,139.4579344,6.493206501,297.8912659,0,79.91499329,28.45655441,6.858057976,91523.95312,16.5513401,2.108051147
138.6000061,180.0526812,72.54686615,23.22244633,66.50483972,1.002186686,153.7833174,6.493431091,298.0453186,0,83.14981079,8.536966324,97.59463501,91552.86719,16.40645599,2.183754006
138.8000031,180.0526812,73.5994435,23.22244633,67.70909151,1.032469718,139.4579344,6.494452953,297.9437256,0,86.2947998,58.20376205,9.75946331,91579.71094,16.65487099,2.191493266
139,180.0526812,71.42344622,23.22244633,67.40696864,1.029586871,139.4579344,6.497931957,298.184967,0,89.03092194,17.46112823,138.4481659,91606.51562,16.64543533,2.108926719
139.1999969,180.0526812,77.40687702,23.22244633,68.43413306,1.013733464,139.4579344,6.498889446,298.0542603,0,90.36992645,99.33444214,13.84481716,91635.17188,16.46751213,2.437616238
139.3999939,180.0526812,69.668755,23.22244633,69.06547332,1.032469718,139.4579344,6.503697872,297.9336853,0,91.34211731,59.37469101,1.384481668,91662.01562,16.69343376,2.138093013
139.6000061,180.0526812,70.85805847,23.22244633,67.6113965,1.032469718,149.4427309,6.507033825,298.0282898,0,90.37023163,17.81240845,76.14247131,91691.02344,16.67177391,2.232091894
139.8000031,180.0526812,74.06675874,23.22244633,68.73453126,1.032469718,139.4579344,6.508334637,297.9341736,0,88.08113098,48.86590958,7.614246845,91718.45312,16.63057137,2.493696311
140,180.0526812,73.65580858,23.22244633,69.34853533,1.032469718,140.5171472,6.508219242,298.1209106,0,85.27368164,14.65977287,113.9051056,91745.41406,16.63315964,2.508828052
140.1999969,180.0526812,76.50124282,23.22244633,69.22652104,1.032469718,139.4579344,6.504779339,298.0074463,0,82.51047516,77.31430054,11.39051056,91772.32812,16.59543228,2.641041196
140.3999939,180.0526812,69.668755,23.22244633,68.67604672,1.032469718,161.7827542,6.503492832,297.902771,0,81.12957764,41.30405426,1.13905108,91801.74219,16.67537689,2.331107782
140.6000061,180.0526812,71.31077253,23.22244633,68.8155766,1.032469718,156.8891885,6.501595497,297.9736633,0,80.24573517,12.39121628,63.78221512,91830.50781,16.64858627,2.504049292
140.8000031,180.0526812,77.89687141,23.22244633,66.67782419,1.003516688,139.4579344,6.495747089,297.8885803,0,80.12956238,33.98328781,6.378221512,91857.42188,16.28840637,2.807539547
141,180.0526812,72.599047,23.22244633,67.73283059,1.011411854,139.4579344,6.493318081,298.0453491,0,82.36381531,10.19498634,99.50569916,91883.38281,16.4119091,2.578144736
141.1999969,180.0526812,70.83456572,23.22244633,69.61460364,1.032469718,139.4579344,6.493208408,297.9444885,0,85.54580688,60.74089432,9.950570107,91909.57031,16.62690163,2.54204926
141.3999939,180.0526812,69.668755,23.22244633,69.58497093,1.032469718,139.4579344,6.495052814,298.1913757,0,88.77497101,18.22226906,141.2922821,91936.10938,16.6359005,2.534477418
141.6000061,180.0526812,75.82342373,23.22244633,65.61527075,1.01973703,139.4579344,6.494555473,298.0614319,0,91.26747131,102.069809,14.12922859,91964.80469,16.42251968,2.863422367
141.8000031,180.0526812,72.48576115,23.22244633,66.77783552,1.032469718,139.4579344,6.498019695,297.9434204,0,93.97280121,62.56266785,1.412922859,91993.36719,16.57169151,2.855091378
142,180.0526812,75.88838299,23.22244633,67.82177454,1.02238783,167.5353173,6.499814034,298.0390625,0,95.27198029,18.76880074,76.79431152,92028.89844,16.51713181,3.06352278
142.1999969,180.0526812,76.57368322,23.22244633,68.06193967,1.026570131,139.4579344,6.50131464,297.9456482,0,95.87156677,50.52650452,7.679430962,92059,16.50178337,3.123543759
142.3999939,180.0526812,72.85664347,23.22244633,67.9594829,1.028692096,139.4579344,6.503100395,298.129364,0,95.86647797,15.1579504,113.3207245,92088,16.54627228,2.859002954
142.6000061,180.0526812,78.91162153,23.22244633,67.46956224,1.032469718,143.8959654,6.501593113,298.0173645,0,95.14533997,77.20017242,11.33207321,92119.40625,16.52319908,3.208914712
142.8000031,180.0526812,75.63851178,23.22244633,68.51773942,1.032469718,139.4579344,6.501750946,297.9143372,0,95.0386734,42.0329361,1.133207321,92149.09375,16.55291367,3.100900265
143,180.0526812,74.87958004,23.22244633,67.51944077,1.032469718,139.4579344,6.501142979,297.9802856,0,94.85290527,12.60988045,62.07585144,92178.48438,16.54201889,3.018491313
143.1999969,180.0526812,79.10262155,23.22244633,67.63745021,1.027955073,151.3319235,6.498335361,297.8957825,0,94.91815948,32.92577744,6.207584858,92211.46875,16.48795319,3.260684314
143.3999939,180.0526812,72.76966061,23.22244633,66.86896566,1.005177181,139.4579344,6.498609543,298.0427551,0,96.11128235,9.877734184,95.61408997,92240.51562,16.31702995,2.931734087
143.6000061,180.0526812,78.86672796,23.22244633,70.11362501,1.032469718,139.4579344,6.4959445,297.9417114,0,97.17765808,57.30620193,9.561408997,92271.38281,16.53943825,3.233475928
143.8000031,180.0526812,75.06429949,23.22244633,68.10007714,1.016184082,139.4579344,6.496542931,298.1755066,0,99.32955933,17.1918602,136.0133362,92301.69531,16.40546799,3.118509166
144,180.0526812,78.33057904,23.22244633,69.30611091,1.024073959,139.4579344,6.497491837,298.0551147,0,101.2218475,96.42266083,13.60133362,92333.35938,16.46024704,3.406286664
144.1999969,180.0526812,79.67392124,23.22244633,67.02131968,1.032469718,139.4579344,6.497162342,297.9360657,0,102.7440033,59.71726608,1.36013341,92365.67188,16.48884392,3.429361751
144.3999939,180.0526812,74.00979737,23.22244633,68.50622087,1.032469718,139.4579344,6.500093937,298.0344543,0,104.4031067,17.91518021,78.13024902,92396.8125,16.55396271,3.164659022
144.6000061,180.0526812,80.4823774,23.75211713,67.64701302,1.019825331,139.4579344,6.498448372,297.9376526,0,104.8748093,50.35732269,7.813024998,92429.80469,16.37310028,3.482085864
144.8000031,180.0526812,80.89914169,23.22244633,68.29840518,1.018184738,149.316805,6.496623993,298.1261902,0,106.0302658,15.10719681,116.4624634,92465,16.39314079,3.426230776
145,180.0526812,77.64878214,23.22244633,69.20619194,1.032469718,139.4579344,6.498026848,298.010376,0,107.9013062,78.5408783,11.64624596,92497.75,16.53338814,3.350372323
145.1999969,180.0526812,77.22566653,23.22244633,68.23751046,1.032469718,139.4579344,6.499455929,297.90448,0,109.2000504,41.90190125,1.164624691,92530.66406,16.52293396,3.323377945
145.3999939,180.0526812,80.20463229,23.22244633,68.70464856,1.032469718,139.4579344,6.499567509,297.9735718,0,109.937439,12.57057095,63.82106781,92564.53125,16.5052948,3.493034654
145.6000061,180.0526812,79.7098853,23.22244633,69.12323827,1.032469718,139.4579344,6.501276493,297.8914795,0,110.6346588,33.62307739,6.382106781,92598.51562,16.51232529,3.579802873
145.8000031,180.0526812,77.65754937,23.22244633,66.44400905,0.9901817766,161.9523019,6.50387907,298.0409851,0,110.6387939,10.0869236,97.23883057,92636.57812,16.17237282,3.51005029
146,180.0526812,82.19699311,23.22244633,68.85249812,1.019766243,139.4579344,6.504298687,297.9504395,0,109.6041412,58.21216583,9.723883629,92671.07812,16.3783474,3.787676502
146.1999969,180.0526812,78.21527775,23.22244633,68.17623086,1.014501808,148.3546279,6.506082058,297.8614807,0,108.4115524,27.38778687,0.9723883271,92706.14062,16.36679459,3.620665304
146.3999939,180.0526812,82.02451432,23.22244633,67.13942694,0.9975552131,152.0627379,6.505034447,297.9289246,0,106.4942169,8.21633625,59.12973404,92742.61719,16.18268394,3.821061779
146.6000061,180.0526812,84.08695478,23.22244633,67.96858652,1.005196994,150.6530823,6.502795696,297.8664246,0,105.0095139,2.464900732,9.999999747e-05,92779.11719,16.23673058,3.970091857
146.8000031,180.0526812,80.94946395,23.22244633,67.44293996,1.00204538,139.4579344,6.502168179,297.9572754,0,104.4152145,0.7394702435,64.7841568,92812.39062,16.20692444,3.842816098
147,180.0526812,79.64474268,23.22244633,69.07957679,1.03194138,139.4579344,6.502419949,297.8894043,0,104.0629044,27.54439735,6.478415966,92845.29688,16.48844719,3.817102838
147.1999969,180.0526812,76.71272907,23.22244633,67.83130828,1.023074696,139.4579344,6.504802704,298.0377502,0,103.6121216,8.263319016,92.74312592,92877.39062,16.41709518,3.750777362
147.3999939,180.0526812,81.977889,23.22244633,68.23948265,1.022433147,139.4579344,6.504083157,297.9614258,0,102.2040024,55.8019104,9.274312019,92910.66406,16.37117004,4.05078694
147.6000061,180.0526812,77.87454451,23.22244633,69.45632352,1.032469718,139.4579344,6.505232811,297.8832703,0,101.1007767,29.77821732,0.9274312258,92942.67969,16.50203323,3.89202737
147.8000031,180.0526812,79.77819744,23.22244633,68.05101636,1.01228211,139.4579344,6.505038261,297.9560242,0,99.52157593,8.933465004,57.48727798,92974.94531,16.29313278,4.029451861
148,180.0526812,75.17842681,23.22244633,69.01847272,1.012061221,139.4579344,6.507257938,297.8910828,0,98.03054047,30.23259163,5.748727798,93005.72656,16.33836365,3.868764161
148.1999969,180.0526812,85.15070056,23.68440376,67.64119351,1.019207984,145.1548337,6.502091408,298.044281,0,95.639534,9.069777489,89.68138885,93039.92188,16.29390526,4.333043928
148.3999939,180.0526812,79.74130472,23.22244633,68.30144725,1.000439612,139.4579344,6.50039053,297.9704285,0,95.34703827,58.33166885,8.968138695,93071.35938,16.18770599,4.072317738
148.6000061,180.0526812,78.11554815,23.22244633,69.20981991,1.030549946,139.4579344,6.49988842,297.8945007,0,95.69980621,33.36679459,0.8968138695,93102.47656,16.46598816,4.007442764
148.8000031,180.0526812,77.06904715,23.22244633,68.2638501,1.025603433,139.4579344,6.500760078,297.9701538,0,96.26063538,10.01003838,58.78060532,93133.48438,16.41893768,4.013554233
149,180.0526812,77.28287691,23.22244633,68.96125268,1.032469718,139.4579344,6.502074718,297.9099121,0,96.4721756,32.72280502,5.878060341,93164.64062,16.48356056,4.081407295
149.1999969,180.0526812,76.24558168,23.22244633,66.66816687,1.006076505,139.4579344,6.503294468,298.0523071,0,96.16069031,9.816842079,87.72827148,93195.39062,16.23555946,3.997451464
149.3999939,180.0526812,76.02504444,23.22244633,67.74871287,1.026485323,139.4579344,6.504594803,297.9828796,0,95.36313629,56.01896667,8.772827148,93225.9375,16.4219017,4.027776685
149.6000061,180.0526812,80.9786152,23.99979594,68.11443902,1.023953019,139.4579344,6.501653194,297.9156494,0,94.04477692,32.9558754,0.8772826791,93257.70312,16.34611702,4.311206015
149.8000031,180.0526812,79.87483747,23.22244633,66.96047597,0.9932207376,170.4485865,6.498969078,297.9718933,0,93.91732788,9.886762619,52.63942337,93295.26562,16.14808273,4.134891327
150,180.0526812,75.06193104,23.22244633,69.62936183,1.025614547,139.4579344,6.499389172,297.9084473,0,94.84907532,26.63713646,5.263942242,93325.32812,16.44781685,3.882433344
150.1999969,180.0526812,71.01609259,23.22244633,69.23615137,1.032469718,139.4579344,6.502632141,298.023468,0,95.60345459,7.991140842,78.04718781,93354.4375,16.53287125,3.706552874
150.3999939,180.0526812,85.15070056,23.26733523,68.24379319,1.00910291,139.4579344,6.498054981,297.9642029,0,95.06121063,44.72005463,7.804718971,93387.27344,16.20472336,4.398007365
150.6000061,180.0526812,72.09074079,23.22244633,69.82549776,1.032469718,139.4579344,6.500294209,297.8883362,0,96.38457489,24.28724861,0.780471921,93416.77344,16.53045273,3.729011313
150.8000031,180.0526812,78.09579607,23.22244633,67.17412487,1.015130547,139.4579344,6.49939537,297.9548645,0,96.76494598,7.286174774,54.5589447,93447.95312,16.29776382,4.018424768
151,180.0526812,77.28329531,23.22244633,68.80253742,1.024753028,170.4485865,6.499450684,297.8869324,0,97.53691101,26.62182808,5.45589447,93485.46094,16.46094513,4.027216973
151.1999969,180.0526812,72.41803411,23.22244633,69.53983866,1.032469718,139.4579344,6.50148344,298.0193176,0,98.27359009,7.986548424,86.25582886,93515.30469,16.52513504,3.698040609
151.3999939,180.0526812,77.83890925,23.22244633,68.77775457,1.023240873,139.4579344,6.499783039,297.9421997,0,98.19377136,49.92859268,8.625582695,93546.5,16.39255524,3.905366181
151.6000061,180.0526812,77.01883765,23.46290406,66.46693378,0.9939958009,147.0059141,6.498956203,298.1431885,0,98.81268311,14.97857761,117.7202377,93579.1875,16.12801361,3.923522898
151.8000031,180.0526812,77.88914953,23.22244633,69.41954805,1.032469718,139.4579344,6.497467041,298.0438538,0,99.74751282,82.73535919,11.7720232,93610.60938,16.4797554,3.877061187
152,180.0526812,81.1701573,23.22244633,66.17618766,1.012388032,139.4579344,6.49580431,297.9515381,0,101.2829971,52.32915878,1.177202344,93643.33594,16.23985291,4.105944095
152.1999969,180.0526812,83.85081018,24.47916572,66.43558868,1.003133108,167.8546509,6.492360115,297.87677,0,103.4818878,22.8657074,0.1177202389,93683.32031,16.1726017,4.30145007
152.3999939,180.0526812,79.62343776,23.22244633,66.93433976,1.00105133,139.4579344,6.494020939,297.9234924,0,107.0638351,6.859712124,46.85890198,93716.89062,16.17886353,4.049011854
152.6000061,180.0526812,78.64527245,23.22244633,68.87198533,1.032469718,139.4579344,6.497107029,297.8633423,0,109.9589844,2.057913542,9.999999747e-05,93750.78906,16.48202705,3.989907187
152.8000031,180.0526812,83.33014776,23.46156879,67.83760568,1.009620841,139.4579344,6.498222828,297.9457397,0,111.6312943,0.6173741221,59.1030159,93786.35938,16.23706627,4.22591327
153,180.0526812,80.41916255,23.22244633,68.54596052,1.01525235,139.4579344,6.500721931,297.887207,0,112.8683777,0.1852122247,9.999999747e-05,93821.3125,16.32339096,4.03697578
153.1999969,180.0526812,80.33020292,23.22244633,68.67621654,1.01568917,139.4579344,6.504060745,297.9707336,0,113.0949783,0.05556366965,60.8998909,93856.36719,16.32893944,4.093962037
153.3999939,180.0526812,84.533664,23.22244633,68.28689913,1.016606441,139.4579344,6.503584385,297.9094238,0,111.9877548,25.08311081,6.089989185,93892.23438,16.29800606,4.197575939
153.6000061,180.0526812,83.79927209,23.22244633,70.19779749,1.032469718,139.4579344,6.503052235,298.0377808,0,111.0862961,7.524932861,82.47294617,93927.71094,16.46224213,4.159108443
153.8000031,180.0526812,82.7640601,23.22244633,67.09928525,1.004323476,139.4579344,6.501160145,297.9541931,0,110.3855286,48.8675499,8.247294426,93962.625,16.18946838,3.990484036
154,180.0526812,85.15070056,23.22244633,67.72306486,1.002719426,139.4579344,6.499782562,297.8848877,0,110.4460297,20.4853344,0.8247294426,93998.36719,16.16521072,4.209006443
154.1999969,180.0526812,84.27080112,23.64841388,68.0359918,0.996783472,153.085461,6.498699188,297.9225464,0,111.051445,6.145599842,43.40912247,94036.88281,16.14214325,4.204972478
154.3999939,180.0526812,82.2101573,23.22244633,68.74058125,1.018704062,139.4579344,6.500296593,297.8652954,0,112.0908508,1.843680024,9.999999747e-05,94072.26562,16.33830833,4.144421637
154.6000061,180.0526812,84.20579412,23.22244633,68.10210236,1.005841933,139.4579344,6.501152039,297.9387817,0,112.4835663,0.5531039834,55.37498856,94108.28125,16.20632172,4.238896625
154.8000031,180.0526812,78.42615007,23.22244633,69.03074425,1.025669549,139.4579344,6.504970551,297.8797607,0,112.5450592,0.165931195,9.999999747e-05,94142.75,16.42939949,3.993172366
155,180.0526812,78.52963875,23.22244633,69.54609101,1.006101502,139.4579344,6.507439613,297.9591675,0,111.0670624,0.04977935925,60.29162598,94176.875,16.26866913,3.955284497
155.1999969,180.0526812,81.27215417,23.22244633,67.4151912,0.9996657195,139.4579344,6.507349491,297.8981018,0,108.6153793,23.37401962,6.029162884,94211.21875,16.15847778,4.076981966
155.3999939,180.0526812,85.15070056,23.22244633,69.98882101,1.024593001,139.4579344,6.505105972,298.0298157,0,106.2037811,7.012206078,81.92488098,94246.15625,16.37092972,4.295920298
155.6000061,180.0526812,84.15457233,23.22244633,69.0709717,1.032208647,139.4579344,6.502223969,297.9567261,0,104.6885529,49.0918808,8.192487717,94280.44531,16.42698097,4.202990378
155.8000031,180.0526812,72.68540424,23.22244633,69.88028579,1.032469718,139.4579344,6.505277634,297.8772583,0,104.3211975,24.01321602,0.8192487955,94311.59375,16.5261097,3.689156619
156,180.0526812,80.90485583,23.22244633,69.13869586,1.03072498,139.4579344,6.503542423,297.9414673,0,102.7108154,7.20396471,54.14048004,94344.61719,16.43445587,4.086094182
156.1999969,180.0526812,81.52830634,23.22244633,70.00189199,1.032469718,139.4579344,6.500636101,297.8848877,0,101.8292389,2.161189556,9.999999747e-05,94377.57812,16.45487213,4.077433944
156.3999939,180.0526812,79.42485273,23.40333214,68.21578518,1.01068067,139.4579344,6.49932003,297.9624329,0,102.0987778,0.6483568549,58.20965958,94410.07812,16.25838661,4.02818216
156.6000061,180.0526812,73.69170703,23.22244633,69.8262367,1.02683976,139.4579344,6.500190258,297.893158,0,102.885704,23.5083828,5.820965767,94441.03906,16.46413803,3.652812843
156.8000031,180.0526812,78.21790425,23.22244633,69.49917322,1.02722445,139.4579344,6.500405788,298.0256653,0,103.3225632,7.052514553,85.044487,94473.39844,16.4283371,3.974316926
157,180.0526812,80.44627703,23.22244633,68.67123363,1.018381798,139.4579344,6.500527859,297.9561768,0,103.6823502,49.27555847,8.504448891,94506.5,16.32459641,4.152034721
157.1999969,180.0526812,80.79949753,23.22244633,67.9384046,1.001158088,142.8562808,6.501088142,297.8879395,0,103.9914169,25.27008438,0.8504449129,94540.54688,16.17185974,4.21731533
157.3999939,180.0526812,77.26609999,23.22244633,69.36746824,1.02131337,139.4579344,6.503419399,297.9440002,0,104.0746613,7.5810256,50.77284241,94572.95312,16.38389206,4.054819175
157.6000061,180.0526812,80.90031201,23.22244633,68.66515033,1.027904396,139.4579344,6.504169464,297.8921204,0,103.2211151,2.274307728,9.999999747e-05,94606.25781,16.39847374,4.272200746
157.8000031,180.0526812,79.84544032,23.44681833,68.87924615,1.015798389,139.4579344,6.504266739,297.9625549,0,102.0782776,0.6822922826,53.42938232,94639.04688,16.30196381,4.20412741
158,180.0526812,82.98902525,23.22244633,68.42071383,0.9951257464,139.4579344,6.501592636,297.9086609,0,100.8936615,21.32738304,5.342937946,94672.32031,16.10028839,4.24258004
158.1999969,180.0526812,80.39880232,23.22244633,69.04983773,1.015615352,139.4579344,6.500102043,298.018219,0,100.7856522,6.398214817,73.37998962,94704.85938,16.30130196,4.110397811
158.3999939,180.0526812,81.0237652,23.22244633,69.52665859,1.016334046,139.4579344,6.497526169,297.9473267,0,101.2611771,41.1804924,7.337999344,94737.5625,16.31040764,4.044421942
158.6000061,180.0526812,75.83529519,23.22244633,69.89681395,1.032469718,139.4579344,6.498915195,298.1075745,0,102.7744751,12.35414791,100.3730011,94769.20312,16.49239159,3.85198928
158.8000031,180.0526812,79.69363331,23.22244633,70.3896904,1.028324899,139.4579344,6.499643326,298.0281677,0,103.7155762,66.18924713,10.03730011,94802.14844,16.43549156,4.095478618
159,180.0526812,80.93756314,23.22244633,69.56637574,1.032402108,151.4282016,6.499801636,297.944397,0,104.3803787,41.62870026,1.003730059,94838.0625,16.46951294,4.154038194
159.1999969,180.0526812,81.92808906,23.22244633,68.67028433,1.016028047,139.4579344,6.49988699,298.0155334,0,104.9815979,12.48861027,58.03495407,94871.91406,16.29272079,4.201031075
159.3999939,180.0526812,77.44679308,23.22244633,70.2799859,1.024598992,139.4579344,6.501325607,297.9433899,0,105.5470505,35.57968903,5.803495407,94904.57031,16.42273712,3.91870408
159.6000061,180.0526812,83.29441107,23.22244633,68.29250052,0.9945321638,139.4579344,6.50045681,298.0797729,0,105.5323181,10.67390633,86.32909393,94938.84375,16.09676361,4.20977109
159.8000031,180.0526812,81.21186302,23.22244633,69.22858738,1.025815112,139.4579344,6.501157761,298.0054321,0,105.8770828,56.1389122,8.632909775,94972.64062,16.38886642,4.15315189
160,180.0526812,77.99592702,23.22244633,69.60496001,1.032469718,139.4579344,6.503182888,297.927124,0,105.9289246,32.45936203,0.8632909656,95005.58594,16.47441483,3.993644783
160.1999969,180.0526812,78.09990632,23.22244633,69.09117319,1.032469718,139.4579344,6.505971909,297.9847107,0,105.1713028,9.737809181,51.93605804,95038.51562,16.46432304,4.090646577
160.3999939,180.0526812,78.81142294,23.22244633,68.49860875,0.9994147961,139.4579344,6.507694721,297.9259033,0,103.2998581,27.45500755,5.1936059,95071.26562,16.16839218,4.142649116
160.6000061,180.0526812,82.41985136,23.22244633,70.05497132,1.025864004,139.4579344,6.506501198,298.040741,0,100.7452927,8.236502647,74.30660248,95104.47656,16.38095093,4.294744409
160.8000031,180.0526812,83.69703212,23.22244633,69.17359416,1.004281671,143.5125478,6.502629757,297.9742126,0,98.67419434,45.51592636,7.430660248,95138.3125,16.18146706,4.241112514
161,180.0526812,80.72190462,23.22244633,69.68395843,1.032469718,139.4579344,6.500344753,297.9074402,0,98.15120697,23.23256683,0.7430660129,95170.4375,16.44039917,4.124753118
161.1999969,180.0526812,83.26878291,23.22244633,68.54048228,1.015374082,139.4579344,6.498333931,297.9581909,0,98.52842712,6.969770432,45.14684296,95203.46094,16.25990295,4.315474205
161.3999939,180.0526812,83.76531189,23.22244633,68.90623863,1.013072341,145.9119654,6.496890068,297.9063416,0,99.7141037,21.50740814,4.5146842,95238.22656,16.25487518,4.346963571
161.6000061,180.0526812,74.47187013,23.22244633,70.09333944,1.02548284,139.4579344,6.499962807,297.9997864,0,101.476326,6.452222347,68.47760773,95269.38281,16.44198227,3.857109573
161.8000031,180.0526812,80.93398844,23.22244633,67.34837504,0.9967112992,139.4579344,6.500203133,297.9396057,0,101.9965973,35.56190491,6.847760677,95302.42188,16.10899734,4.160449637
162,180.0526812,78.22931627,23.22244633,69.59914005,1.032469718,139.4579344,6.501323223,298.0785522,0,102.4443054,10.66857147,89.04652405,95334.72656,16.46468353,3.995516791
162.1999969,180.0526812,82.38566359,23.22244633,69.71445113,1.020573358,139.4579344,6.500650406,298.007843,0,102.4321289,56.79428101,8.904651642,95368.16406,16.33349419,4.186911045
162.3999939,180.0526812,77.33573886,23.22244633,70.09950516,1.032469718,139.4579344,6.503516197,297.9338684,0,102.69767,34.30369568,0.8904651999,95400.39844,16.47802734,4.049087548
162.6000061,180.0526812,78.05986212,23.22244633,70.19921281,1.032015097,139.4579344,6.504162312,297.9890747,0,101.7995758,10.29110909,52.05166245,95432.50781,16.46802711,3.970451512
162.8000031,180.0526812,77.60895849,23.22244633,68.87591898,1.032469718,139.4579344,6.504948139,297.9271545,0,100.6616211,27.41216087,5.20516634,95464.28906,16.45354462,3.982393738
163,180.0526812,77.33880135,23.22244633,67.90638172,1.017388592,139.4579344,6.504477978,298.0333862,0,99.20189667,8.223648071,74.35986328,95495.60156,16.31193924,3.909419685
163.1999969,180.0526812,83.50727993,23.22244633,69.05216681,1.02893707,139.4579344,6.50019598,297.9674377,0,97.9347229,42.60645676,7.435986042,95528.27344,16.37595558,4.143051228
163.3999939,180.0526812,80.8865848,23.22244633,67.88619844,1.028535212,139.4579344,6.496968746,297.8992004,0,98.38884735,20.30800438,0.7435985804,95560.29688,16.37586975,3.993582526
163.6000061,180.0526812,75.96106007,23.22244633,70.05169711,1.025455787,139.4579344,6.497408867,297.9370117,0,100.1182632,6.092401028,44.45051575,95591.375,16.42124748,3.797007368
163.8000031,180.0526812,76.05134775,23.22244633,69.13385653,1.03076198,139.4579344,6.497517586,297.8753662,0,101.6629944,1.827720404,9.999999747e-05,95622.69531,16.4534111,3.730915366
164,180.0526812,77.19559782,23.22244633,67.62051005,1.010679208,139.4579344,6.497912884,297.9399109,0,103.1769562,0.5483161211,54.70087814,95654.63281,16.25569916,3.803437251
164.1999969,180.0526812,75.95148328,23.22244633,69.80992162,1.029494398,139.4579344,6.497589111,297.8766479,0,104.5307999,0.1644948274,9.999999747e-05,95686.35156,16.45590401,3.619387111
164.3999939,180.0526812,81.029942,23.22244633,69.0939459,1.027722137,139.4579344,6.495827198,297.9538574,0,106.0174637,0.0493484512,59.95039368,95719.73438,16.39516449,3.870862687
164.6000061,180.0526812,78.43419788,23.22244633,68.7104049,0.9962886676,141.0166604,6.496457577,297.8879089,0,108.2114029,22.52725983,5.995039463,95753.20312,16.1505146,3.782130488
164.8000031,180.0526812,82.62882387,23.22244633,66.79254821,0.9932781256,139.4579344,6.495506287,298.0139771,0,110.1406326,6.758178234,84.01556396,95787.82812,16.06663895,3.932968755
165,180.0526812,77.0594869,23.22244633,70.37209325,1.00580711,139.4579344,6.49727869,297.9281311,0,112.4632721,46.53699875,8.401556015,95821.35156,16.26782417,3.64058313
165.1999969,180.0526812,81.10468444,23.22244633,68.73103954,1.032469718,139.4579344,6.498513222,298.1221313,0,114.0629349,13.96109962,118.1748886,95856.32812,16.44062614,3.864256769
165.3999939,180.0526812,82.97127175,23.22244633,69.11060121,1.028450082,139.4579344,6.498908997,298.0214233,0,115.1793289,78.84083557,11.81748867,95891.98438,16.40043831,3.921570232
165.6000061,180.0526812,85.15070056,23.22244633,68.96477411,1.026250129,139.4579344,6.498173714,297.9246521,0,116.1383133,47.22527695,1.181748867,95928.4375,16.36597443,3.984776638
165.8000031,180.0526812,84.50252983,23.22244633,69.22511512,1.026036207,139.6015164,6.498539925,298.0030212,0,117.3924561,14.16758251,66.15815735,95965.04688,16.37473679,3.977687622
166,180.0526812,85.15070056,23.22244633,68.53921082,1.021112354,139.4579344,6.498916626,297.9258118,0,118.4930038,39.10936737,6.615815163,96002.03125,16.32036591,3.992402717
166.1999969,180.0526812,78.00772776,23.22244633,69.22366379,1.017828994,139.4579344,6.501189232,298.0654602,0,119.4462357,11.73281002,96.70277405,96037.16406,16.35643959,3.581424474
166.3999939,180.0526812,85.15070056,23.22244633,68.80902421,1.028943568,139.4579344,6.500078201,297.9719238,0,119.4842987,57.7061615,9.670277596,96074.1875,16.39277458,3.868653762
166.6000061,180.0526812,85.15070056,23.22244633,67.30968612,1.010533424,139.4579344,6.499913692,297.8898315,0,119.9839783,26.84276009,0.9670277834,96111.42188,16.21617699,3.926823127
166.8000031,180.0526812,82.52065132,23.22244633,68.48770472,1.009051469,141.8591742,6.501497746,297.9333496,0,120.5354385,8.052827835,50.11283875,96148.60156,16.24446297,3.844232303
167,180.0526812,83.39687236,23.22244633,70.04994896,1.011208311,139.4579344,6.503133774,297.8709106,0,120.4506302,2.415848255,9.999999747e-05,96185.55469,16.27384949,3.91010133
167.1999969,180.0526812,77.76677477,23.22244633,67.74428401,0.9965336504,139.4579344,6.508503437,297.9378357,0,119.7167664,0.7247545123,57.8332901,96220.95312,16.15627289,3.76454221
167.3999939,180.0526812,85.15070056,23.88217705,68.33772593,0.9982567632,139.4579344,6.509553909,297.8844604,0,116.8231125,0.2174263597,9.999999747e-05,96257.96094,16.10570908,4.164337334
167.6000061,180.0526812,85.15070056,24.25885134,67.51796145,1.002886013,139.4579344,6.508759975,297.9584045,0,113.5352936,0.06522790343,56.06088638,96294.35156,16.12002754,4.170149275
167.8000031,180.0526812,84.90272821,23.22244633,69.01080969,0.9984496508,139.4579344,6.509178638,297.9043579,0,110.5572128,21.64659119,5.606088638,96330.02344,16.12078476,4.187564299
168,180.0526812,85.15070056,23.22244633,68.93913927,0.9979385237,139.9316219,6.506472111,298.014801,0,107.4017639,6.493977547,75.47471619,96365.04688,16.11182022,4.062415819
168.1999969,180.0526812,83.10300758,23.22244633,68.93200293,1.014226449,156.3140675,6.503684044,297.9386902,0,105.3430786,41.4077034,7.547471523,96402.42969,16.28863144,3.951776687
168.3999939,180.0526812,82.56211732,23.22244633,70.07169205,1.032469718,139.4579344,6.501461506,298.1062012,0,104.3900223,12.42231083,104.1060562,96436.02344,16.43255234,3.944843618
168.6000061,180.0526812,85.15070056,23.22244633,70.0239825,1.032469718,139.4579344,6.497885704,298.0198059,0,104.3238068,68.48360443,10.41060543,96470.25781,16.41277504,4.013714335
168.8000031,180.0526812,74.55406749,23.22244633,68.95286611,1.023829582,139.4579344,6.500813007,297.9286499,0,105.6941376,41.40542984,1.041060567,96502.01562,16.40527534,3.628197046
169,180.0526812,80.51976776,23.22244633,69.69710243,1.032469718,139.4579344,6.500596523,297.9992676,0,105.8678055,12.42162895,61.42975616,96535.38281,16.44291496,3.867068843
169.1999969,180.0526812,83.05742839,23.22244633,69.5585195,1.029526946,139.4579344,6.500024319,297.9332886,0,106.1592941,34.7996521,6.14297533,96569.55469,16.39668465,4.022848888
169.3999939,180.0526812,75.30685446,23.22244633,69.54549534,1.007232168,139.4579344,6.502603054,298.054657,0,106.6707993,10.43989658,85.60158539,96601.63281,16.26893806,3.635808818
169.6000061,180.0526812,85.15070056,23.22244633,68.45251286,1.008609856,139.4579344,6.500649452,297.9822693,0,106.1393051,50.30312347,8.56015873,96636.27344,16.18850327,4.060821152
169.8000031,180.0526812,79.72377147,23.22244633,67.78577417,0.9993054873,139.4579344,6.500784397,297.905304,0,106.414238,26.4713192,0.856015861,96669.47656,16.14147758,3.817572032
170,180.0526812,77.89763055,23.22244633,70.19146542,1.017882499,139.4579344,6.500364304,297.9492798,0,106.6138077,7.94139576,50.41030884,96702.09375,16.34648514,3.625936918
170.1999969,180.0526812,83.72627433,23.22244633,68.89224988,0.9987112335,139.4579344,6.496436119,297.8881226,0,106.9898071,2.382418633,9.999999747e-05,96736.23438,16.12555504,3.796982851
170.3999939,180.0526812,81.71047127,23.22244633,67.87554201,0.975012157,139.4579344,6.494534492,297.947998,0,108.9468613,0.7147256136,54.1076088,96770.25,15.9289999,3.731808082
170.6000061,180.0526812,78.29237478,23.22244633,70.3896904,1.025529521,139.4579344,6.494343758,297.8824768,0,111.646759,0.2144176811,9.999999747e-05,96803.8125,16.41732407,3.524285658
170.8000031,180.0526812,83.36118055,23.22244633,70.05887252,1.020004291,139.4579344,6.492934704,297.9511414,0,114.4238892,0.06432530284,58.33524323,96839.27344,16.3346653,3.735558659
171,180.0526812,79.50220273,23.22244633,70.13565976,1.032469718,139.4579344,6.496017933,297.8840332,0,117.7740936,19.83224297,5.833524227,96874.49219,16.47161674,3.67633551
171.1999969,180.0526812,74.02603841,23.22244633,68.43699005,1.00708789,139.4579344,6.50251627,297.9910889,0,119.8722916,5.949673176,80.31861877,96908.65625,16.27771187,3.445162154
171.3999939,180.0526812,85.15070056,23.22244633,69.14440291,1.028278899,139.4579344,6.503842831,297.9185791,0,119.3743973,39.03411484,8.031861305,96945.72656,16.38229752,3.938851372
171.6000061,180.0526812,85.15070056,23.22244633,68.75268437,1.032469718,139.4579344,6.505624771,298.0841064,0,118.3737411,11.71023464,103.8283081,96982.65625,16.40947151,3.998637149
171.8000031,180.0526812,85.15070056,23.22244633,69.3311479,1.032469718,139.4579344,6.50751543,298.0017395,0,116.6422577,66.30432892,10.38283062,97019.29688,16.41427422,4.041306873
172,180.0526812,85.15070056,23.22244633,68.92769895,1.032469718,139.4579344,6.509532928,297.9237061,0,114.1555023,39.80314636,1.03828311,97055.60156,16.40294838,4.116617185
172.1999969,180.0526812,85.15070056,23.22244633,69.69203049,1.032469718,139.4579344,6.511269093,297.9951782,0,110.8618317,11.94094372,57.88622284,97091.36719,16.40824509,4.181480699
172.3999939,180.0526812,85.15070056,23.22244633,68.59605321,1.031352923,139.4579344,6.511000633,297.9355164,0,106.8749619,34.32360458,5.788622379,97126.32031,16.37630653,4.150494224
172.6000061,180.0526812,80.28711477,23.22244633,68.65281529,1.024809282,139.4579344,6.510877132,298.0584106,0,103.0012131,10.29708195,82.99286652,97159.10156,16.35406303,3.916522723
172.8000031,180.0526812,84.93460245,23.22244633,69.12905078,1.012546158,144.8442643,6.50750494,297.9920654,0,99.16980743,50.73144531,8.299286842,97193.52344,16.22494125,4.109234985
173,180.0526812,81.51110923,23.22244633,69.9267736,1.028161902,139.4579344,6.504755497,297.9226074,0,96.69841766,29.10726929,0.8299286366,97225.45312,16.38116455,3.977486405
173.1999969,180.0526812,76.42418101,23.22244633,68.47011189,1.026233198,139.4579344,6.504680634,297.9709167,0,95.31435394,8.732180595,48.83328629,97255.78125,16.38061142,3.805764442
173.3999939,180.0526812,85.15070056,23.22244633,69.32011938,1.007703454,139.4579344,6.499847889,297.9197083,0,93.95350647,23.01665878,4.883328438,97288.21875,16.16650009,4.127540447
173.6000061,180.0526812,81.85772361,23.94905967,68.80199087,1.0150797,165.4235996,6.497961044,298.0119934,0,94.54998779,6.904997826,66.50567627,97325.50781,16.27721214,4.170608406
173.8000031,180.0526812,84.27016963,23.22244633,67.32747105,0.9944242395,139.4579344,6.496059895,297.9595642,0,95.87633514,36.11689377,6.650567532,97358.24219,16.03469849,4.17457142
174,180.0526812,75.90760148,23.22244633,70.3896904,1.032469718,139.4579344,6.499233246,297.8970032,0,97.97248077,17.78099251,0.6650567651,97389.14062,16.47192764,3.853661124
174.1999969,180.0526812,80.12966197,23.22244633,67.24917259,1.003518439,139.4579344,6.500780106,297.9420471,0,98.78269196,5.334297657,44.0414238,97421.38281,16.14711952,4.032098926
174.3999939,180.0526812,82.82487308,23.22244633,68.96846867,1.021371771,139.4579344,6.501298428,297.8943481,0,98.99581909,1.600289345,9.999999747e-05,97454.42188,16.30181313,4.1464698
174.6000061,180.0526812,81.21659086,23.22244633,67.59697271,1.00197877,139.4579344,6.5029459,297.9538574,0,98.99960327,0.4800868034,48.29814148,97487.05469,16.13002586,4.113413181
174.8000031,180.0526812,78.55711044,23.22244633,69.78724287,1.016628185,139.4579344,6.505683899,297.9056396,0,98.33757019,17.40233231,4.829813957,97518.82812,16.30708694,4.014641499
175,180.0526812,81.34294918,23.22244633,70.05568144,1.015099507,139.4579344,6.506420135,298.0019226,0,96.58020782,5.220699787,65.61907196,97551.00781,16.2720089,4.129696231
175.1999969,180.0526812,79.3614137,23.22244633,67.81919165,0.985472829,170.4485865,6.506737232,297.9421387,0,94.53843689,35.26528549,6.561907291,97588.53125,16.05587959,4.032362552
175.3999939,180.0526812,85.15070056,23.22244633,68.9528401,1.004123181,142.0279195,6.503493786,298.0891418,0,92.36488342,10.57958508,88.85015869,97621.33594,16.13182068,4.209216464
175.6000061,180.0526812,84.40595222,23.22244633,69.79669753,1.026701106,139.4579344,6.501195908,298.0367432,0,91.49903107,59.57955933,8.885015488,97653.30469,16.33392334,4.234174661
175.8000031,180.0526812,82.5278105,23.22244633,68.46952967,1.014491476,139.4579344,6.500185966,297.9742432,0,91.53782654,43.73996735,0.8885015845,97684.8125,16.22553062,4.189608871
176,180.0526812,80.15434579,23.22244633,67.47202974,0.9894611483,147.8486697,6.500808239,297.9163818,0,91.97932434,23.95068169,0.08885015547,97717.53125,16.03392792,4.12235694
176.1999969,180.0526812,83.49959901,23.22244633,68.87193219,0.9780275389,139.4579344,6.499325752,297.9632263,0,92.17079926,7.185204983,42.40777588,97749.40625,15.91827488,4.171369151
176.3999939,180.0526812,81.43010656,23.22244633,69.18385096,0.9788268759,139.4579344,6.499242783,297.9164734,0,92.96743011,20.64024353,4.240777493,97780.875,15.94805241,4.090695471
176.6000061,180.0526812,73.15219122,23.22244633,70.0022441,1.007753586,139.4579344,6.504368782,298.0002747,0,93.78585052,6.192073345,63.07300568,97810.26562,16.27576637,3.788456779
176.8000031,180.0526812,83.39347486,23.22244633,68.04687402,0.9967993293,139.4579344,6.504281521,297.9587708,0,92.54127502,32.31653595,6.307300568,97842.30469,16.06162453,4.235992517
177,180.0526812,85.15070056,23.22244633,69.71689514,1.016037387,158.9068772,6.502716541,297.9091797,0,91.36534119,17.38149643,0.6307300329,97878.61719,16.26727676,4.289391765
177.1999969,180.0526812,76.40241555,23.22244633,70.22032368,1.018715981,139.4579344,6.50490284,297.947052,0,90.80348206,5.214448929,40.04081726,97908.33594,16.33876038,3.940775387
177.3999939,180.0526812,82.04856005,23.22244633,68.51560333,1.011059307,139.4579344,6.503702164,297.9038086,0,89.35024261,1.564334631,9.999999747e-05,97939.33594,16.19617271,4.154560153
177.6000061,180.0526812,72.00541359,23.22244633,68.99797081,1.006206959,139.4579344,6.506768227,297.946106,0,88.40029144,0.4693003893,43.23831177,97967.29688,16.24859047,3.698378313
177.8000031,180.0526812,78.4029361,23.22244633,69.19770529,1.019063083,139.4579344,6.504756451,297.8981934,0,86.19918823,0.1407901198,9.999999747e-05,97996.48438,16.2993412,3.91596511
178,180.0526812,76.31365608,23.22244633,69.63503381,1.015172218,139.4579344,6.503540039,297.9497681,0,84.83299255,0.04223703593,45.45577621,98024.83594,16.28804588,3.858541881
178.1999969,180.0526812,82.95197804,23.22244633,68.62597766,1.010316991,170.4485865,6.498790264,297.9009094,0,83.93456268,0.01267111022,9.999999747e-05,98061.22656,16.22733688,4.12946858
178.3999939,180.0526812,81.95782363,23.22244633,68.63613412,1.013248993,165.6618717,6.495843887,297.9578552,0,84.95005798,0.003801333252,47.38801193,98096.63281,16.25548935,4.137653665
178.6000061,180.0526812,75.58242184,23.22244633,70.3896904,1.012020151,139.4579344,6.497627735,297.9133301,0,87.12696838,16.29945946,4.738801003,98125.35156,16.28606415,3.893688743
178.8000031,180.0526812,82.50766563,23.22244633,67.09894169,0.9788581407,151.3727762,6.49690485,298.0021362,0,88.58057404,4.889838219,61.22003937,98158.75781,15.91767979,4.168046698
179,180.0526812,77.04502072,23.22244633,70.3896904,1.020345599,139.4579344,6.499197006,297.9527283,0,90.34669495,32.60625839,6.122004032,98188.47656,16.34909058,3.911879576
179.1999969,180.0526812,80.35693163,23.22244633,69.2181063,1.030202805,139.4579344,6.500150204,297.9019165,0,91.17807007,14.97579288,0.6122003794,98219.3125,16.38629341,4.034327777
179.3999939,180.0526812,77.40672614,23.22244633,69.88802356,1.025425641,139.4579344,6.50165844,297.9318237,0,91.64214325,4.49273777,37.47632217,98249.29688,16.38271141,3.82448978
179.6000061,180.0526812,80.31661464,23.22244633,70.05937014,1.021261224,139.4579344,6.501542568,297.8833008,0,91.49692535,1.347821355,9.999999747e-05,98280.04688,16.32440567,3.928995227
179.8000031,180.0526812,73.90401055,23.22244633,68.47897591,1.026700212,139.4579344,6.504199028,297.9312744,0,91.40510559,0.4043464065,46.72089767,98308.96094,16.40062523,3.620369369
180,180.0526812,85.15070056,24.51019373,65.88482055,0.9839699139,170.4485865,6.499808311,297.8826599,0,90.23646545,0.121303916,9.999999747e-05,98347.32812,15.93050957,4.121903478
180.1999969,180.0526812,81.27091195,23.22244633,69.06968211,0.997552617,170.4485865,6.498037338,297.9375305,0,90.85604858,0.03639117628,50.17692566,98384.45312,16.157444,3.893112095
180.3999939,180.0526812,75.51683351,23.22244633,69.43541053,1.028527281,139.4579344,6.499396801,297.882019,0,92.15290833,0.01091735251,9.999999747e-05,98413.82031,16.42105293,3.587535596
180.6000061,180.0526812,74.1983244,23.22244633,70.03068864,1.018433133,139.4579344,6.502469063,297.9450378,0,92.90411377,0.003275205847,53.98147964,98443.03125,16.35624123,3.583219193
180.8000031,180.0526812,85.15070056,23.22244633,67.52354499,1.000194558,139.4579344,6.499400139,297.8987122,0,92.43080902,0.0009825617308,9.999999747e-05,98475.08594,16.07137871,3.979993269
181,180.0526812,84.9295007,23.22244633,67.65148256,0.9733383944,139.4579344,6.497515202,297.9630432,0,93.21058655,0.0002947685134,49.914608,98507.3125,15.84914303,4.018312458
181.1999969,180.0526812,74.71784615,23.22244633,69.6585574,1.012598497,139.4579344,6.502421856,297.9117432,0,94.72079468,18.74624252,4.9914608,98537.14844,16.2984314,3.700056325
181.3999939,180.0526812,85.15070056,23.22244633,66.06714391,0.9898126917,139.4579344,6.501629353,298.0136108,0,94.24989319,5.623872757,67.87172699,98569.73438,15.95943069,4.064193018
181.6000061,180.0526812,85.15070056,23.22244633,69.13424399,0.9799088127,141.1774544,6.500273228,297.962616,0,94.13646698,37.84780884,6.787172794,98602.58594,15.92870617,4.02459133
181.8000031,180.0526812,78.14598217,23.22244633,70.3896904,1.022221252,139.4579344,6.502052784,297.9003601,0,94.54906464,19.9962101,0.6787173152,98633.21875,16.36026573,3.725898383
182,180.0526812,75.90239943,23.22244633,69.63901201,1.014308285,139.4579344,6.505542278,297.9445496,0,94.23783112,5.99886322,45.84196091,98663.25,16.29987907,3.68427339
182.1999969,180.0526812,81.55886407,23.22244633,68.59997796,0.9970338285,150.2182661,6.506279945,297.8960876,0,92.53520966,1.799658895,9.999999747e-05,98696.83594,16.1037674,4.000065171
182.3999939,180.0526812,82.60175962,23.22244633,70.02088507,1.015503759,139.4579344,6.505905151,297.9584656,0,90.55189514,0.5398976803,48.1653595,98728.14062,16.25020027,4.059224749
182.6000061,180.0526812,85.1088916,23.22244633,67.86266699,0.9798267801,139.4579344,6.503382683,297.9200134,0,88.71351624,18.52955818,4.81653595,98759.75781,15.89091206,4.110612337
182.8000031,180.0526812,73.80664854,23.22244633,70.3896904,1.008529286,139.4579344,6.50566721,297.9995422,0,87.88750458,5.558867931,61.66168594,98788,16.26950455,3.632330135
183,180.0526812,78.31202564,23.22244633,69.61695747,1.011903159,139.4579344,6.504861832,297.9505615,0,86.12497711,30.28962326,6.16616869,98817.13281,16.24237633,3.82057058
183.1999969,180.0526812,77.22948411,23.22244633,69.1316049,1.032469718,139.4579344,6.504939079,297.9004211,0,84.71017456,12.77604008,0.6166168451,98845.82031,16.41380119,3.876714699
183.3999939,180.0526812,85.15070056,23.31843433,67.22273178,0.9792110197,170.4485865,6.499700546,297.9298706,0,83.25167084,3.832812071,35.49209213,98882.72656,15.91653156,4.099201123
183.6000061,180.0526812,76.31704449,23.22244633,70.17377908,1.030158111,139.4579344,6.499666691,297.8815613,0,83.90896606,1.149843574,9.999999747e-05,98910.95312,16.41886139,3.788930657
183.8000031,180.0526812,76.12804038,23.22244633,70.3896904,1.01981344,139.4579344,6.500487804,297.9358826,0,84.54556274,0.34495309,46.70071793,98939.28906,16.33674049,3.80065131
184,180.0526812,80.3843758,23.22244633,68.87423235,1.009560669,155.3855888,6.499262333,297.8887329,0,84.86759949,0.103485927,9.999999747e-05,98972.14844,16.21705055,3.968764008
184.1999969,180.0526812,78.28950379,23.22244633,70.1803301,1.014780078,139.4579344,6.499263287,297.9515991,0,85.68930817,0.03104577772,50.0917778,99001.26562,16.27391434,3.85267426
184.3999939,180.0526812,76.97613239,23.22244633,69.14193223,0.9992233184,139.4579344,6.500059605,297.9057007,0,86.50000763,17.9050312,5.009177685,99030.14062,16.13911629,3.764337135
184.6000061,180.0526812,74.82120104,23.22244633,70.3896904,1.022636705,139.4579344,6.502963066,297.9985657,0,86.9934845,5.371509075,66.25752258,99058.58594,16.37474632,3.736823734
184.8000031,180.0526812,71.52674997,23.22244633,70.07806811,1.000634522,139.4579344,6.50755167,297.9484863,0,86.32120514,34.22002411,6.625752449,99086,16.21219444,3.621755781
185,180.0526812,85.15070056,23.22244633,68.05908436,0.9971094345,163.8044047,6.503718853,298.0809631,0,83.81485748,10.26600742,82.76247406,99121.67188,16.0670433,4.120768692
185.1999969,180.0526812,77.5732958,23.22244633,69.32661169,1.015418583,139.4579344,6.502874374,298.0302124,0,82.8746109,54.41199112,8.276247025,99149.95312,16.26534462,3.833648546
185.3999939,180.0526812,85.15070056,23.22244633,67.81071299,0.9896427496,156.2593401,6.498174191,297.973114,0,82.23531342,38.94374466,0.8276247382,99183.69531,15.98529816,4.077801042
185.6000061,180.0526812,82.62395629,23.22244633,69.26473468,0.9860739221,149.4598412,6.495504379,297.921051,0,83.49832916,20.75992966,0.08276247233,99215.61719,15.99123955,4.004541648
185.8000031,180.0526812,75.31423427,23.22244633,70.3896904,1.032469718,139.4579344,6.497718334,297.9517212,0,85.81034088,6.227979183,37.88757706,99243.92188,16.45159912,3.708001383
186,180.0526812,77.21672851,23.22244633,69.44934817,1.032469718,139.4579344,6.498546124,297.9028931,0,87.22727203,14.23087788,3.788757801,99272.91406,16.42195702,3.684152498
186.1999969,180.0526812,78.80105665,23.22244633,68.47539886,1.016917338,139.4579344,6.498384476,297.9719543,0,88.33315277,4.269263268,55.95946503,99302.46875,16.26372528,3.68646124
186.3999939,180.0526812,80.97104653,23.22244633,69.35426946,0.9933713181,139.4579344,6.496954441,297.9197083,0,89.50246429,24.82126236,5.595946789,99332.76562,16.06262398,3.702740765
186.6000061,180.0526812,76.5911035,23.22244633,70.3896904,1.02550408,139.4579344,6.498676777,298.0213623,0,91.24491119,7.446378231,73.82414246,99362.20312,16.388237,3.532793446
186.8000031,180.0526812,78.06694511,23.22244633,69.7869942,1.032469718,139.4579344,6.499724865,297.960144,0,92.28404236,39.89974213,7.382414341,99392.19531,16.42582703,3.559972135
187,180.0526812,76.856573,23.22244633,69.64483947,1.028161942,139.4579344,6.501494884,297.8955078,0,92.91616821,18.8168869,0.7382414341,99421.99219,16.39747047,3.510125474
187.1999969,180.0526812,79.89500657,23.22244633,69.62917435,1.032469718,139.4579344,6.501861095,297.9355164,0,92.8358078,5.645065784,43.80593872,99452.61719,16.4063549,3.653029677
187.3999939,180.0526812,80.44273164,23.22244633,65.64310179,0.9711613205,139.4579344,6.502264977,297.8841248,0,92.61581421,1.693519831,9.999999747e-05,99483.39062,15.82007122,3.711744443
187.6000061,180.0526812,75.76259559,23.22244633,69.20326327,1.011066548,139.4579344,6.503761768,297.9364929,0,92.22957611,0.5080559254,50.28895187,99512.67969,16.25242233,3.435462111
187.8000031,180.0526812,83.29806481,23.22244633,67.31905854,0.9936508923,139.4579344,6.502368927,297.8893127,0,91.24117279,0.1524167806,9.999999747e-05,99543.96875,16.00757599,3.825935662
188,180.0526812,77.61046665,23.22244633,69.56319049,1.011925226,139.4579344,6.503854752,297.9453735,0,90.82304382,0.04572503269,49.53700256,99573.63281,16.24407196,3.641984325
188.1999969,180.0526812,81.64091444,23.22244633,68.85106414,1.016075268,139.4579344,6.502583027,297.8970337,0,89.79185486,0.01371751074,9.999999747e-05,99604.17188,16.23094177,3.764629266
188.3999939,180.0526812,72.91832027,23.22244633,69.81602976,1.001664193,139.4579344,6.505895138,297.9481201,0,89.28749847,0.004115253221,49.13009644,99632.25,16.19848633,3.44168848
188.6000061,180.0526812,85.15070056,23.22244633,68.2717413,0.9685605121,149.8382191,6.502598763,297.9028931,0,87.43453979,0.001234575873,9.999999747e-05,99665.50781,15.80296707,3.933067996
188.8000031,180.0526812,79.21501457,23.22244633,70.3896904,1.010219805,139.4579344,6.501462936,297.9528198,0,86.93640137,0.0003703727853,45.77309799,99694.83594,16.21983147,3.69077758
189,180.0526812,79.90622259,23.22244633,68.80002977,0.9972737948,170.4485865,6.499709606,297.8991394,0,86.86432648,13.92764187,4.577309608,99730.67969,16.13549423,3.69141965
189.1999969,180.0526812,73.30075873,23.22244633,69.62659724,1.003875156,139.4579344,6.501991749,297.9774475,0,87.50253296,4.178292274,62.69654083,99758.48438,16.20823479,3.423006283
189.3999939,180.0526812,79.30563378,23.22244633,70.3896904,1.02057462,139.4579344,6.501138687,297.9272461,0,87.21271515,27.82214355,6.269653797,99787.88281,16.30623627,3.675568054
189.6000061,180.0526812,78.50615372,23.22244633,69.3016761,1.012056433,139.4579344,6.50066328,298.0388794,0,87.28726196,8.346642494,77.01759338,99817.0625,16.2244072,3.638499023
189.8000031,180.0526812,84.62497363,23.22244633,68.90282186,0.9870080494,145.2272773,6.497365952,297.9854431,0,87.54083252,44.51252365,7.701759338,99849.14062,15.96527863,3.836478387
190,180.0526812,79.01334662,23.22244633,70.3896904,1.021941119,139.4579344,6.497480869,297.9223022,0,89.1238327,26.69282341,0.7701759338,99878.83594,16.32245445,3.63540374
190.1999969,180.0526812,70.92030067,23.22244633,68.63745323,1.023558998,139.4579344,6.502216339,297.9623108,0,90.64059448,8.007846832,47.81487274,99906.59375,16.38191032,3.26296281
190.3999939,180.0526812,79.26737413,23.22244633,70.30226969,1.017222969,139.4579344,6.502468586,297.9112244,0,90.25889587,19.37809944,4.781486988,99936.5625,16.27879715,3.626218168
190.6000061,180.0526812,82.80115628,23.22244633,67.93640935,0.9945276645,139.4579344,6.500369072,297.9943542,0,89.80586243,5.813429832,62.47715759,99967.35938,16.02007484,3.724685083
190.8000031,180.0526812,73.55783476,23.22244633,68.68198206,1.001554203,139.4579344,6.502497673,297.9316711,0,90.18587494,31.54735565,6.24771595,99995.63281,16.17029953,3.30927076
191,180.0526812,77.41560267,23.22244633,70.3896904,1.023407362,139.4579344,6.503120899,298.0558167,0,89.69316101,9.464206696,84.79483032,100024.8984,16.34489059,3.5202604
191.1999969,180.0526812,75.83507724,23.22244633,68.78084101,1.032469718,139.4579344,6.504044056,297.9916992,0,88.96965027,50.19926453,8.479483604,100053.5547,16.4075985,3.44879463
191.3999939,180.0526812,84.38658947,23.22244633,67.63068581,0.9884335839,156.8658733,6.499616623,297.9243164,0,87.87104797,29.2467556,0.8479483128,100087.8438,15.97580433,3.722557615
191.6000061,180.0526812,85.15070056,23.22244633,68.11861944,0.9757340302,146.4808912,6.494767189,297.9732361,0,88.56185913,8.774026871,48.57892227,100120.2734,15.85549259,3.693682243
191.8000031,180.0526812,78.06838207,23.22244633,69.96031329,1.026255773,139.4579344,6.49452734,297.9133911,0,91.17662811,23.31993866,4.857892036,100149.8594,16.35897255,3.419041551
192,180.0526812,76.54110576,23.22244633,69.55144126,1.032469718,139.4579344,6.496753216,298.0046997,0,93.87089539,6.995981693,70.8213501,100179.6094,16.42128181,3.384739054
192.1999969,180.0526812,79.45741368,23.22244633,69.72918861,1.032469718,139.4579344,6.499316216,297.9474792,0,95.68157959,35.69703674,7.082135201,100210.625,16.40030479,3.581264876
192.3999939,180.0526812,77.38347622,23.22244633,70.3896904,1.023198815,139.4579344,6.502177715,298.0697632,0,96.47383118,10.70911026,86.18939972,100241.1172,16.35159302,3.429101663
192.6000061,180.0526812,84.60692065,23.22244633,69.96798143,1.019213909,139.4579344,6.501714706,298.0084534,0,96.1216507,51.34984207,8.6189394,100273.5312,16.24960518,3.708558889
192.8000031,180.0526812,80.30509853,23.22244633,70.04084441,1.015791441,139.4579344,6.503765583,297.9409485,0,95.96648407,31.8973217,0.8618940115,100304.8438,16.2557621,3.616741516
193,180.0526812,85.15070056,23.22244633,67.96752752,1.003235863,139.4579344,6.504157543,297.995636,0,94.97206879,9.569196701,48.62237167,100337.4219,16.07228088,3.839824249
193.1999969,180.0526812,79.4641413,23.22244633,70.3896904,1.014238469,139.4579344,6.505703449,297.9398499,0,93.83428955,26.72429848,4.862236977,100368.1016,16.25058365,3.587159369
193.3999939,180.0526812,80.66773281,23.22244633,69.15333483,1.008116091,139.4579344,6.505760193,298.0329895,0,92.06911469,8.017289162,69.15951538,100398.7344,16.16627121,3.610703368
193.6000061,180.0526812,76.05271809,23.22244633,69.66996041,1.006027049,139.4579344,6.508090496,297.9756775,0,90.28988647,38.31602478,6.915951729,100427.8281,16.19176674,3.494991277
193.8000031,180.0526812,85.15070056,23.22244633,68.25170118,0.9716747497,165.7574357,6.504475594,297.9171143,0,87.56629944,19.07484627,0.6915951967,100464.2891,15.84373856,3.804823975
194,180.0526812,84.18592093,23.22244633,69.80447385,0.9764125572,139.4579344,6.500535965,297.9517822,0,86.31533813,5.722454071,38.88941574,100494.7812,15.86940193,3.738827467
194.1999969,180.0526812,81.90219239,23.22244633,68.53986928,1.019985057,139.4579344,6.498125553,297.9042969,0,86.62234497,15.01626396,3.888941526,100524.7344,16.23532486,3.663097607
194.3999939,180.0526812,75.93409654,23.22244633,70.26905923,1.020995829,139.4579344,6.498933315,297.9697571,0,87.88738251,4.504878998,57.07395935,100553.25,16.32448196,3.39452604
194.6000061,180.0526812,83.0853436,23.22244633,66.55324652,0.954497441,139.4579344,6.497523308,297.9228821,0,88.82369995,23.85863686,5.70739603,100584.0078,15.64257908,3.709598399
194.8000031,180.0526812,74.19728539,23.22244633,70.3896904,1.0198431,139.4579344,6.49962759,298.0099487,0,90.34165955,7.157590866,69.71406555,100612.4609,16.33470535,3.252884001
195,180.0526812,80.82473815,23.22244633,68.98030137,1.022912391,139.4579344,6.498437405,297.9504395,0,90.99917603,34.65974808,6.97140646,100642.7891,16.28251457,3.480300765
195.1999969,180.0526812,75.60676742,23.22244633,70.3896904,1.032469718,139.4579344,6.500242233,297.8856506,0,92.1548233,13.85019207,0.6971406341,100671.9453,16.42936516,3.28251655
195.3999939,180.0526812,81.55091226,23.22244633,68.15838001,0.9956088049,139.4579344,6.499238491,297.9188232,0,92.56819153,4.155057907,41.28392792,100702.7812,16.03420639,3.506029797
195.6000061,180.0526812,79.05920809,23.22244633,66.80756739,0.9854251224,139.4579344,6.499705315,297.862854,0,93.40190887,1.246517301,9.999999747e-05,100733.1016,15.94813538,3.411128882
195.8000031,180.0526812,77.98683607,23.22244633,70.26223634,1.016591322,139.4579344,6.501172543,297.9221191,0,94.03494263,0.3739551902,53.77071381,100763.2578,16.27379227,3.38171471
196,180.0526812,80.21073103,23.22244633,70.3896904,1.016000159,139.4579344,6.501458168,297.8679199,0,94.08264923,0.1121865585,9.999999747e-05,100794.0078,16.25107193,3.460010286
196.1999969,180.0526812,85.15070056,23.22244633,67.45582031,0.9775534833,139.4579344,6.499136448,297.940979,0,94.02320099,0.03365596756,57.60469818,100826.0391,15.84055042,3.602394442
196.3999939,180.0526812,76.68063306,23.22244633,69.25882695,1.003144056,142.7988994,6.500947475,297.8817749,0,94.89706421,0.01009679027,9.999999747e-05,100856.6016,16.16178513,3.274691005
196.6000061,180.0526812,78.68571632,23.22244633,70.3896904,1.006886427,139.4579344,6.502749443,297.9543762,0,95.0246582,0.003029037034,59.68995667,100887.1172,16.18628883,3.414548151
196.8000031,180.0526812,78.15764786,23.22244633,69.43169015,0.9796390731,145.9469302,6.504290104,297.8977051,0,94.44477081,21.06353951,5.968996048,100918.6875,15.9564743,3.387666551
197,180.0526812,82.76784621,23.22244633,70.06106124,0.9966603539,139.889553,6.502793789,298.0056152,0,93.24940491,6.319062233,76.67985535,100949.9688,16.05838013,3.526120327
197.1999969,180.0526812,81.13806681,23.22244633,67.62701274,0.9915646757,139.4579344,6.502600193,297.9471741,0,92.66174316,40.13627625,7.667985439,100980.6797,15.98639202,3.521937572
197.3999939,180.0526812,81.50092818,23.22244633,70.3896904,1.027869877,139.4579344,6.502233028,298.09198,0,92.1374588,12.04088306,95.20285034,101011.3828,16.33138847,3.538655155
197.6000061,180.0526812,77.73413964,23.22244633,70.3896904,1.017526594,139.4579344,6.503525257,298.0235291,0,91.76473999,60.45206833,9.520284653,101040.9688,16.27469063,3.39330076
197.8000031,180.0526812,79.92634484,23.22244633,70.3896904,1.032469718,139.4579344,6.503091335,297.9501343,0,90.86917877,39.19758987,0.9520284534,101070.9766,16.37935638,3.460089489
198,180.0526812,75.04679283,23.22244633,68.66865283,1.02874459,139.4579344,6.505008221,297.8856506,0,90.15817261,15.2759943,0.09520284832,101099.5859,16.36038399,3.300090211
198.1999969,180.0526812,76.02575726,23.22244633,69.25472924,1.013009212,139.4579344,6.505086899,297.9105225,0,88.66714478,4.582798004,39.14498138,101128.0938,16.225317,3.290348392
198.3999939,180.0526812,76.00042237,23.22244633,69.78710427,1.00739861,139.4579344,6.504257202,297.8534851,0,87.15827179,1.374839425,9.999999747e-05,101156.2578,16.1827755,3.274095058
198.6000061,180.0526812,82.61352907,23.22244633,70.00070341,1.003502062,139.4579344,6.500739098,297.9205322,0,85.97846222,0.4124518335,53.99285507,101186.1094,16.09336662,3.588639253
198.8000031,180.0526812,81.27197905,23.22244633,69.18295992,0.9914811366,149.4925048,6.497866631,297.8685608,0,86.21172333,0.1237355471,9.999999747e-05,101217.6797,16.00895882,3.53172133
199,180.0526812,79.46517695,23.22244633,68.17377154,0.9672939802,139.4579344,6.495820522,297.9404907,0,87.58330536,0.03712066635,58.7755928,101246.875,15.79041672,3.38839099
199.1999969,180.0526812,80.55654313,23.22244633,70.3896904,1.009902254,139.4579344,6.493882656,297.886261,0,89.77261353,0.01113619935,9.999999747e-05,101276.7578,16.17833328,3.381757186
199.3999939,180.0526812,76.12339951,23.22244633,69.85972163,0.9978537878,139.4579344,6.494433403,297.9474792,0,92.73944855,0.003340859897,57.0161438,101305.9453,16.11099815,3.135269404
199.6000061,180.0526812,82.08332497,23.22244633,69.47016429,1.020452617,139.4579344,6.493000507,297.8907166,0,95.4780426,0.001002257923,9.999999747e-05,101337.25,16.25030899,3.329989282
199.8000031,180.0526812,76.94949673,23.22244633,70.3896904,1.010011906,139.4579344,6.494668961,297.943634,0,98.80430603,0.0003006773768,54.19226837,101367.7812,16.22379494,3.094403292
200,180.0526812,84.80024106,23.22244633,67.51330346,0.9603014931,147.6547254,6.493259907,297.8841248,0,101.4467087,9.999999747e-05,9.999999747e-05,101402.5938,15.71847057,3.34662741
200.1999969,180.0526812,82.43619791,23.22244633,69.86636937,1.002306263,139.4579344,6.493404865,297.938446,0,104.6726227,9.999999747e-05,54.24603271,101435.6562,16.11846542,3.217005369
200.3999939,180.0526812,79.39090385,23.22244633,69.8555747,1.011879709,139.4579344,6.495229244,297.8727112,0,107.8257217,9.999999747e-05,9.999999747e-05,101468.4609,16.22749329,3.044772162
200.6000061,180.0526812,79.78622733,23.22244633,67.90411358,0.9885105692,139.4579344,6.49857235,297.9332581,0,110.2484741,9.999999747e-05,58.7512207,101501.9141,16.00026321,3.114001267
200.8000031,180.0526812,85.15070056,23.22244633,70.3896904,1.021622938,139.4579344,6.500419617,297.8738708,0,111.3343582,9.999999747e-05,9.999999747e-05,101537.0703,16.27486229,3.346956409
201,180.0526812,85.15070056,23.22244633,67.52115671,0.9813735438,139.4579344,6.502879143,297.9393616,0,111.6911163,9.999999747e-05,58.17895126,101572.3438,15.89097023,3.384423032
201.1999969,180.0526812,78.52917476,23.22244633,69.25864731,1.002762779,139.4579344,6.507246017,297.8746338,0,111.0572739,9.999999747e-05,9.999999747e-05,101605.6406,16.14916992,3.102364452
201.3999939,180.0526812,85.15070056,23.22244633,67.84001328,1.004433935,139.4579344,6.507102013,297.9443359,0,108.6724701,9.999999747e-05,60.86354828,101640.1641,16.08496094,3.305887042
201.6000061,180.0526812,78.86388953,23.22244633,68.84112028,1.013238668,139.4579344,6.510416031,297.8825378,0,106.3660431,9.999999747e-05,9.999999747e-05,101672.6562,16.21674156,3.182431504
201.8000031,180.0526812,85.15070056,23.22244633,69.64065951,1.020426118,139.4579344,6.508918285,297.9522705,0,102.7082672,9.999999747e-05,59.46046829,101706.0625,16.23343468,3.371541463
202,180.0526812,83.84473128,23.22244633,69.65350019,0.9879641521,146.0446192,6.507024765,297.8926086,0,99.67648315,20.11618996,5.946046829,101739.875,15.97692204,3.344244437
202.1999969,180.0526812,85.14781963,23.22244633,70.3896904,1.007290724,139.4579344,6.503335953,297.9953613,0,97.38802338,6.034856796,76.92175293,101772.1641,16.12570572,3.344885783
202.3999939,180.0526812,85.15070056,23.22244633,67.61809117,0.9698959006,151.3463864,6.498847485,297.9230347,0,96.57970428,37.89861679,7.692175388,101806.6641,15.7892189,3.296863891
202.6000061,180.0526812,85.15070056,23.22244633,69.83515623,0.9833427601,139.4579344,6.494082928,298.0676575,0,97.56360626,11.36958504,100.6737213,101838.8281,15.92015743,3.218882478
202.8000031,180.0526812,85.15070056,23.22244633,70.0137794,0.9923630993,139.4579344,6.49135828,297.9840088,0,100.4517365,58.91893768,10.06737232,101871.6406,16.00139046,3.255240097
203,180.0526812,83.82354506,23.30400892,67.83594383,0.9844278736,144.594841,6.49270916,297.9060974,0,104.4220657,31.51461983,1.006737232,101906.2109,15.92058277,3.345020689
203.1999969,180.0526812,81.33719233,23.22244633,68.58861964,1.02115249,159.5808708,6.496865273,297.947998,0,107.8452835,9.454385757,52.75687408,101943.9297,16.29580307,3.287054176
203.3999939,180.0526812,85.15070056,23.22244633,68.74736946,1.029315121,139.4579344,6.500761986,297.8911743,0,109.6099319,2.836315632,9.999999747e-05,101978.9922,16.30157852,3.448940879
203.6000061,180.0526812,79.34640733,23.22244633,67.9214318,1.025455824,139.4579344,6.507806778,297.9423523,0,109.8257065,0.8508946896,52.12156296,102012.5938,16.30256271,3.303655729
203.8000031,180.0526812,85.15070056,23.22244633,68.8206355,1.008688312,139.4579344,6.510139942,297.8875732,0,107.2123795,0.2552684247,9.999999747e-05,102047.1797,16.12414742,3.437984979
204,180.0526812,85.15070056,23.22244633,70.15045497,1.011818351,170.4485865,6.510228634,297.9358826,0,103.6912308,0.07658052444,51.97478104,102087.3438,16.22303391,3.408265974
204.1999969,180.0526812,85.15070056,23.22244633,68.4392165,1.023316076,139.4579344,6.508883476,297.8815002,0,100.1268845,0.02297415771,9.999999747e-05,102120.4062,16.23108482,3.387477817
204.3999939,180.0526812,85.15070056,23.22244633,68.57446631,0.9870484347,139.4579344,6.506117344,297.937439,0,97.09811401,0.006892247126,52.12296677,102152.8203,15.92354584,3.362381566
204.6000061,180.0526812,84.9511119,23.22244633,68.42841257,1.019961192,139.4579344,6.503103733,297.8837585,0,95.17592621,0.002067674184,9.999999747e-05,102184.8125,16.19449425,3.367806647
204.8000031,180.0526812,79.87913821,23.22244633,69.46516055,0.9973524636,139.4579344,6.502070427,297.9384766,0,94.45546722,0.0006203022203,53.33517075,102215.2734,16.06048584,3.183375409
205,180.0526812,82.58042163,23.22244633,69.69532207,0.9928813137,139.4579344,6.499018669,297.8811951,0,94.14099121,0.0001860906777,9.999999747e-05,102246.3047,16.00457191,3.215708157
205.1999969,180.0526812,80.88277389,23.22244633,68.36074495,0.9984072656,139.4579344,6.497656345,297.9385986,0,95.06018829,9.999999747e-05,54.62761688,102277.1094,16.04346848,3.184449633
205.3999939,180.0526812,80.96611184,23.22244633,70.3896904,1.003315614,139.4579344,6.497583389,297.8814392,0,96.5123291,9.999999747e-05,9.999999747e-05,102308.2812,16.11648941,3.229244351
205.6000061,180.0526812,82.97042216,23.22244633,67.42686506,0.9782917633,139.4579344,6.49882412,297.9450989,0,97.99488831,9.999999747e-05,55.2019043,102340.4609,15.8411932,3.396565161
205.8000031,180.0526812,80.38771192,23.22244633,68.76781303,1.007670946,139.4579344,6.500523567,297.8880005,0,98.98085022,9.999999747e-05,9.999999747e-05,102372.0312,16.13433838,3.242530286
206,180.0526812,85.15070056,23.22244633,69.81385467,1.003714976,139.4579344,6.502017975,297.9549866,0,99.28986359,9.999999747e-05,55.44330978,102405.1406,16.07540321,3.491731462
206.1999969,180.0526812,82.24162961,23.22244633,69.95812897,1.00952512,139.4579344,6.50383091,297.9017029,0,99.00322723,19.33564758,5.544330597,102437.3125,16.15083122,3.365443361
206.3999939,180.0526812,84.42698394,23.22244633,67.60785332,0.9551280943,170.4485865,6.504111767,297.9907532,0,97.98971558,5.800694466,71.71743774,102476.2344,15.69252586,3.424545069
206.6000061,180.0526812,81.45413076,23.22244633,70.3896904,1.004719946,139.4579344,6.504914761,297.9307861,0,96.86997223,33.23674011,7.17174387,102507.6875,16.12187958,3.295359208
206.8000031,180.0526812,81.10733267,23.22244633,70.3896904,1.011314506,139.4579344,6.50493288,298.0523071,0,95.42224884,9.971021652,87.33840942,102538.6953,16.17782974,3.249747299
207,180.0526812,84.85055723,23.22244633,69.39632709,1.002764017,145.8992787,6.502836227,297.9860535,0,93.97169495,49.75678253,8.733840942,102571.75,16.06757927,3.368708676
207.1999969,180.0526812,78.12568546,23.22244633,70.07945345,1.002040523,139.4579344,6.504173279,297.9151611,0,93.36406708,27.9423027,0.8733840585,102601.6094,16.1137867,3.193480322
207.3999939,180.0526812,82.10930205,23.22244633,68.69319511,1.017826758,139.4579344,6.503967762,297.9636536,0,92.20362091,8.38269043,49.61335373,102632.4141,16.1864624,3.377559874
207.6000061,180.0526812,82.5162248,23.22244633,70.3896904,1.02432733,139.4579344,6.503169537,297.9114685,0,91.14150238,22.4712944,4.961335659,102663.125,16.26226425,3.392986886
207.8000031,180.0526812,82.20004472,23.22244633,70.29731447,1.009903974,139.4579344,6.501973629,297.9992676,0,90.39560699,6.741388798,67.96734619,102693.5625,16.14099503,3.35673229
208,180.0526812,82.81569732,23.22244633,70.3896904,1.011221294,139.4579344,6.499744415,297.940918,0,90.12746429,34.10702515,6.796734333,102724.0234,16.14853287,3.31505645
208.1999969,180.0526812,80.28077154,23.22244633,69.17585889,1.003296203,139.4579344,6.498004436,298.0565491,0,90.75327301,10.23210716,85.3833847,102753.7891,16.08629227,3.146555299
208.3999939,180.0526812,80.86442985,23.22244633,68.77430251,0.9826224013,139.4579344,6.496231556,297.984314,0,92.07000732,48.34531784,8.538338661,102783.9219,15.90325928,3.125009031
208.6000061,180.0526812,77.15417732,23.22244633,70.3896904,1.018210943,139.4579344,6.497178078,297.9092712,0,94.09767151,24.68223572,0.8538338542,102813.5,16.26045418,3.004238693
208.8000031,180.0526812,77.06965115,23.22244633,70.3896904,1.012058562,139.4579344,6.498291016,297.9417725,0,95.73758698,7.404670715,47.28230286,102843.3359,16.2116375,2.964525774
209,180.0526812,85.15070056,23.22244633,67.36661822,0.980225052,139.4579344,6.494930267,297.8824768,0,96.9405365,2.221401215,9.999999747e-05,102875.4531,15.83420944,3.157439492
209.1999969,180.0526812,74.49012985,23.22244633,69.65133383,0.98936216,139.4579344,6.496966362,297.9246216,0,99.50293732,0.6664204001,51.65073013,102905.1797,16.03657913,2.747090407
209.3999939,180.0526812,85.15070056,23.22244633,67.33308541,0.9812903966,159.3395662,6.495403767,297.86203,0,101.218956,0.1999261081,9.999999747e-05,102942.2266,15.88450146,3.167609253
209.6000061,180.0526812,78.64411113,23.22244633,68.12869666,0.9828774574,139.4579344,6.497000217,297.9174194,0,103.5890427,0.05997783318,57.10829163,102973.8594,15.9311142,2.908224833
209.8000031,180.0526812,83.59828227,23.22244633,67.19690181,0.9518044507,139.4579344,6.497416496,297.8569336,0,105.2986679,0.01799334958,9.999999747e-05,103007.1797,15.61693096,3.100223489
210,180.0526812,83.17060812,23.22244633,70.3896904,0.9933575827,139.4579344,6.497436047,297.9214478,0,106.8558044,0.005398005247,60.61741638,103040.6016,16.02432251,3.021949137
210.1999969,180.0526812,83.95595926,23.22244633,70.31936374,1.006527933,139.4579344,6.498182297,297.8597412,0,108.4026718,0.001619401504,9.999999747e-05,103074.5703,16.12841988,3.07349489
210.3999939,180.0526812,85.10851385,23.22244633,68.72875418,0.9979490651,139.4579344,6.499658585,297.9313965,0,109.6473618,0.0004858204629,62.68225479,103109.1719,16.02256012,3.153677422
210.6000061,180.0526812,82.56608961,23.22244633,68.64668393,1.005980025,139.4579344,6.502438068,297.8695984,0,110.3014679,0.0001457461331,9.999999747e-05,103143.2266,16.10873032,3.07404809
210.8000031,180.0526812,85.15070056,23.22244633,67.6242568,1.014494191,139.4579344,6.503878593,297.940918,0,109.8418579,9.999999747e-05,62.54449463,103177.8906,16.14188385,3.153538149
211,180.0526812,85.15070056,23.22244633,69.69288669,1.009603981,139.4579344,6.505670071,297.8827209,0,108.8145294,9.999999747e-05,9.999999747e-05,103212.4141,16.13007736,3.196992801
211.1999969,180.0526812,85.15070056,23.85016542,66.29779255,0.9931333624,139.4579344,6.507842064,297.951416,0,107.0653,9.999999747e-05,58.73506927,103246.8594,15.91577911,3.30380297
211.3999939,180.0526812,85.15070056,23.22244633,68.5113431,1.000819118,139.4579344,6.509266376,297.8962708,0,104.4470825,19.73005676,5.873507023,103280.6641,16.02552414,3.273212532
211.6000061,180.0526812,85.15070056,23.22244633,69.87646194,0.9974534519,170.4485865,6.508694649,297.98526,0,101.2627487,5.919016838,74.18673706,103320.1328,16.07237625,3.237737163
211.8000031,180.0526812,85.15070056,23.22244633,69.72118724,1.001441431,159.9405758,6.507941723,297.9224548,0,98.31128693,33.14756775,7.418673515,103356.9375,16.07815361,3.281671504
212,180.0526812,78.28200192,23.22244633,69.6034438,0.998906052,169.5362218,6.508986473,298.0380249,0,95.65518188,9.944271088,89.74627686,103393.2812,16.1263237,3.050352696
212.1999969,180.0526812,85.15070056,23.22244633,67.1129298,0.9797404061,170.4485865,6.504720688,297.9631958,0,92.57474518,47.37233734,8.974627495,103430.9297,15.86772633,3.192782036
212.3999939,180.0526812,85.15070056,23.22244633,68.04753709,0.9776204094,170.4485865,6.499625206,297.888092,0,91.22376251,22.12089348,0.8974627256,103468.2812,15.8653965,3.168052812
212.6000061,180.0526812,85.15070056,23.22244633,68.3611635,0.9680488428,152.0943476,6.496848106,297.9305115,0,91.89665222,6.636268139,48.32896042,103502.2031,15.75429249,3.266424432
212.8000031,180.0526812,84.88386243,23.22244633,69.37316105,0.9898594401,139.4579344,6.496137619,297.8791199,0,93.67024994,1.99088037,9.999999747e-05,103533.9453,15.93398094,3.312401126
213,180.0526812,77.0133619,23.22244633,69.90922934,0.9923296778,139.4579344,6.49968338,297.9299622,0,95.72872162,0.597264111,52.19429016,103563.9453,16.03346634,3.054257318
213.1999969,180.0526812,78.11212785,23.22244633,68.11823648,0.9792671562,139.4579344,6.503990173,297.8747253,0,96.36139679,0.1791792363,9.999999747e-05,103594.4922,15.88324833,3.159646273
213.3999939,180.0526812,78.88430332,23.22244633,69.16950123,0.9856498721,139.4579344,6.508233547,297.9360046,0,95.28263092,0.05375377089,54.52788925,103625.125,15.94334126,3.252249562
213.6000061,180.0526812,85.15070056,23.22244633,70.19607326,0.9991437713,139.4579344,6.508728027,297.890625,0,92.50904083,0.01612613164,9.999999747e-05,103656.9922,16.01271057,3.427577236
213.8000031,180.0526812,85.15070056,23.22244633,69.91905227,1.011133354,149.1540362,6.507759094,297.949707,0,89.54979706,0.004837839399,50.8277359,103690.25,16.12183571,3.424004253
214,180.0526812,85.15070056,23.22244633,70.1357342,1.008898576,139.4579344,6.505865574,297.9056396,0,86.97085571,0.001451351796,9.999999747e-05,103721.0156,16.08375549,3.420830064
214.1999969,180.0526812,83.56021435,23.22244633,67.5842432,0.998770931,139.4579344,6.504221916,297.9585876,0,85.14766693,0.0004354055272,46.84877014,103751.0156,15.96505547,3.401782505
214.3999939,180.0526812,83.69935975,23.22244633,70.00015996,0.9942282754,139.4579344,6.501782894,297.9165649,0,83.97831726,15.05974007,4.684877396,103780.7812,15.96428967,3.375222715
214.6000061,180.0526812,81.89414359,23.22244633,68.6115702,0.9693987851,151.7116037,6.499709129,297.9836731,0,83.78787231,4.517921925,57.5887146,103812.4609,15.77121449,3.294803765
214.8000031,180.0526812,79.7389405,23.22244633,70.34416596,0.9995608248,139.4579344,6.499289513,297.9346008,0,84.42330933,24.85274887,5.758871555,103841.1797,16.05089378,3.233781604
215,180.0526812,78.24277073,23.22244633,70.38900829,1.005033419,139.4579344,6.500169754,298.0243225,0,85.22220612,7.455824375,69.42450714,103869.6562,16.11174583,3.189783935
215.1999969,180.0526812,81.5439943,23.22244633,69.61005213,1.007788183,139.4579344,6.499044418,297.9710388,0,85.67009735,36.32035828,6.942450523,103899.0312,16.09371567,3.231267868
215.3999939,180.0526812,76.76676252,23.22244633,70.21686573,1.024168286,139.4579344,6.500766277,297.9102478,0,86.57889557,18.17732048,0.6942451,103927.3125,16.28428268,3.095125525
215.6000061,180.0526812,79.2167407,23.22244633,69.08593324,1.025179295,139.4579344,6.500910759,297.9403076,0,86.78308105,5.453196049,41.04142761,103956.2422,16.2522583,3.137197193
215.8000031,180.0526812,80.68135505,23.22244633,68.1413013,1.03098471,139.4579344,6.500711918,297.8889771,0,86.94377899,1.63595891,9.999999747e-05,103985.6328,16.27085114,3.201207177
216,180.0526812,77.66668425,23.22244633,67.96463915,0.9907715752,139.4579344,6.502234459,297.9331055,0,87.18006134,0.4907876551,46.76071548,104014.25,15.95526791,3.117993613
216.1999969,180.0526812,85.15070056,23.22244633,68.39731202,0.9670412826,139.4579344,6.500224113,297.8869324,0,86.80065918,0.1472363025,9.999999747e-05,104044.8438,15.69413567,3.317681248
216.3999939,180.0526812,78.11244391,23.22244633,70.3896904,0.9862950792,139.4579344,6.500825405,297.9319763,0,87.24242401,0.04417089,47.65116501,104073.4922,15.95308208,3.068467299
216.6000061,180.0526812,82.71788498,23.22244633,69.27124101,0.980148317,155.2069321,6.499151707,297.8778687,0,87.42384338,0.01325126737,9.999999747e-05,104106.625,15.87178135,3.185555091
216.8000031,180.0526812,81.72181767,23.22244633,70.3896904,1.004845609,139.4579344,6.498775482,297.9347229,0,88.29052734,0.003975380212,51.93489075,104136.4531,16.07835388,3.175321273
217,180.0526812,82.36286269,23.22244633,67.99282179,1.0081212,139.4579344,6.498921394,297.8847046,0,89.29619598,0.00119261397,9.999999747e-05,104166.6875,16.06054878,3.207422308
217.1999969,180.0526812,79.91549881,23.22244633,68.51462969,1.012540529,139.4579344,6.501111031,297.9417114,0,90.24596405,0.0003577842144,52.27779007,104196.5,16.12835312,3.167048786
217.3999939,180.0526812,83.56251443,23.22244633,70.04767777,1.003755187,139.4579344,6.501964092,297.8941345,0,90.31477356,0.0001073352614,9.999999747e-05,104227.3672,16.04563332,3.278327887
217.6000061,180.0526812,78.56727718,23.22244633,69.27951803,0.9937334101,139.4579344,6.505449772,297.9462891,0,90.05337524,9.999999747e-05,49.70809937,104256.8594,15.99121475,3.177897114
217.8000031,180.0526812,85.15070056,23.22244633,69.72360728,0.9999054769,139.4579344,6.505528927,297.9024658,0,88.38478851,9.999999747e-05,9.999999747e-05,104287.8984,15.98611546,3.350716367
218,180.0526812,83.63437113,23.22244633,70.3896904,0.994160721,139.4579344,6.505957603,297.9535522,0,86.70406342,9.999999747e-05,45.69946289,104318.25,15.95752048,3.353690818
218.1999969,180.0526812,82.7214042,23.22244633,70.00581611,0.9947827107,139.4579344,6.506249428,297.9147034,0,84.83984375,14.29502678,4.569946289,104348.0234,15.95969582,3.350114174
218.3999939,180.0526812,85.15070056,23.22244633,67.2603811,0.9708555145,170.4485865,6.504074574,297.9799805,0,82.86054993,4.288507938,55.78025055,104384.3984,15.74425697,3.36218264
218.6000061,180.0526812,80.14202893,23.22244633,70.3896904,0.9832595766,139.4579344,6.503631115,297.9358826,0,81.75870514,23.89948463,5.578025341,104412.75,15.88959789,3.235713743
218.8000031,180.0526812,79.43242312,23.22244633,69.70248475,1.000440296,139.4579344,6.503174782,298.022583,0,80.82082367,7.169845581,66.27122498,104440.7188,16.0274868,3.204749269
219,180.0526812,85.15070056,23.22244633,68.91062892,0.9855871826,139.4579344,6.499373913,297.9781799,0,80.07098389,35.01295853,6.627122879,104470.0469,15.83540821,3.292377383
219.1999969,180.0526812,79.52160209,23.22244633,70.24188623,1.029652962,139.4579344,6.498657703,297.9231567,0,80.8524704,19.88676453,0.662712276,104498.0078,16.28115845,3.162986578
219.3999939,180.0526812,78.07202424,23.22244633,69.28279994,1.020955265,139.4579344,6.4997015,297.9559631,0,81.89955139,5.966029644,40.66112137,104525.8438,16.20549393,3.146208807
219.6000061,180.0526812,82.20862666,23.22244633,69.93637189,1.00654839,139.4579344,6.498790264,297.9123535,0,82.53315735,14.81717396,4.066112041,104554.9219,16.05690002,3.232255682
219.8000031,180.0526812,79.48560755,23.22244633,70.3896904,1.001076972,139.4579344,6.499811649,297.9729309,0,83.54333496,4.445152283,53.63472748,104583.4609,16.04422188,3.166915893
220,180.0526812,77.58826878,23.22244633,66.35220421,0.9789928086,139.4579344,6.501303196,297.9226379,0,84.13248444,22.38864326,5.363472939,104611.4922,15.80835342,3.046434923
220.1999969,180.0526812,76.31198926,23.22244633,70.3896904,0.9988597723,139.4579344,6.503632545,298.0075989,0,84.12966919,6.716593266,68.1051712,104639.1797,16.05472183,3.017074674
220.3999939,180.0526812,82.97974178,23.22244633,67.33487233,0.9994574326,139.4579344,6.502430439,297.9615784,0,83.19379425,33.50608826,6.810516834,104668.5156,15.94227409,3.217472987
220.6000061,180.0526812,85.15070056,23.22244633,65.50215864,0.9746408775,139.4579344,6.499910831,297.9113159,0,82.7530899,17.27576637,0.6810516715,104698.3594,15.67892742,3.252233443
220.8000031,180.0526812,80.09941071,23.22244633,70.3896904,1.009406799,169.3239446,6.499507904,297.9324036,0,83.31326294,5.182730198,38.58991241,104732.9922,16.16067886,3.104207965
221,180.0526812,78.40555303,23.22244633,67.69360197,0.9949832838,139.4579344,6.500287533,297.8798828,0,84.02338409,1.554818988,9.999999747e-05,104761.1406,15.9554987,3.026349943
221.1999969,180.0526812,80.04030254,23.22244633,67.66832786,0.9886667938,139.4579344,6.500519276,297.925415,0,84.42447662,0.4664456844,46.60960388,104789.8203,15.88596916,3.077228433
221.3999939,180.0526812,79.28425599,23.22244633,67.83242705,1.000980718,139.4579344,6.501469612,297.8748474,0,84.73843384,0.1399337053,9.999999747e-05,104818.3672,15.99816132,3.070319893
221.6000061,180.0526812,78.86047506,23.22244633,68.64263495,1.001743574,139.4579344,6.502356529,297.9300842,0,84.66825104,0.04198011383,51.73283768,104846.75,16.02159691,3.038855479
221.8000031,180.0526812,76.22220961,23.22244633,68.64094506,0.9910345891,139.4579344,6.504407883,297.8766785,0,84.24576569,0.01259403396,9.999999747e-05,104874.3203,15.95334721,2.958262801
222,180.0526812,81.78947831,23.22244633,68.00810557,1.012883898,139.4579344,6.503094673,297.9405823,0,82.99877167,0.003778210143,54.50448608,104903.1562,16.07149696,3.122427699
222.1999969,180.0526812,81.91677414,23.22244633,69.85728046,0.9977605806,139.4579344,6.501370907,297.8924866,0,82.29184723,0.001133462996,9.999999747e-05,104931.8672,15.97195244,3.120324222
222.3999939,180.0526812,80.21665762,23.22244633,69.55548581,0.987046205,139.4579344,6.500545979,297.9496765,0,82.26493073,0.0003400389105,51.91749573,104960.1094,15.89118958,3.069733218
222.6000061,180.0526812,84.04738727,23.22244633,70.03799513,0.9940562772,139.4579344,6.498599529,297.9041138,0,82.56371307,0.0001020116761,9.999999747e-05,104989.5156,15.92172813,3.183748818
222.8000031,180.0526812,82.56956418,23.22244633,69.8545246,1.005703829,139.4579344,6.497868061,297.9539185,0,83.64772034,9.999999747e-05,47.14997482,105018.7344,16.03178787,3.144554408
223,180.0526812,83.46231414,23.22244633,66.9194554,0.9795825382,162.3736398,6.497401714,297.9060364,0,85.01667023,13.9256897,4.714997768,105053.2031,15.79790592,3.162446967
223.1999969,180.0526812,77.14661533,23.22244633,68.84611931,0.9957165139,139.4579344,6.499679089,297.9714661,0,86.5750885,4.177707195,59.52365494,105081.4062,15.9883604,2.896568623
223.3999939,180.0526812,84.45676265,23.22244633,69.9344399,0.998674015,139.4579344,6.49894762,297.923645,0,87.21443176,23.5827198,5.952365398,105111.7578,15.96448898,3.105097733
223.6000061,180.0526812,79.09688679,23.22244633,69.46187184,1.009398474,165.3701229,6.500191689,298.0020142,0,88.16500092,7.074816227,69.55500031,105146.0469,16.14732742,2.906224599
223.8000031,180.0526812,83.2441197,23.22244633,67.42788233,1.000341317,139.4579344,6.500769615,297.9515076,0,88.60186768,31.61199379,6.955500126,105176.3359,15.94813347,3.07624775
224,180.0526812,81.59835292,23.22244633,70.13267647,1.018627784,139.4579344,6.502719879,297.8972473,0,88.81613159,13.67493248,0.6955500245,105206.3125,16.16093063,3.080058819
224.1999969,180.0526812,81.99005233,23.22244633,68.29300066,1.001323923,144.4866708,6.503504753,297.9214783,0,88.24368286,4.102479458,37.88372421,105237.25,15.98953247,3.046404554
224.3999939,180.0526812,78.8435709,23.22244633,69.01899164,1.002591551,156.0431179,6.504487514,297.8626404,0,87.365448,1.230743885,9.999999747e-05,105269.4219,16.06253624,2.896839422
224.6000061,180.0526812,82.43465303,23.22244633,68.26551707,0.9965167358,139.4579344,6.502873421,297.9178467,0,86.08979797,0.3692231774,52.42446136,105298.8438,15.93331718,2.968003756
224.8000031,180.0526812,79.11378606,23.22244633,67.50210039,0.9938907113,139.4579344,6.50222826,297.8622742,0,85.46894073,0.1107669473,9.999999747e-05,105327.1953,15.92612171,2.841129157
225,180.0526812,80.83266898,23.22244633,69.26459106,0.9903037165,139.4579344,6.500294685,297.9266052,0,85.09454346,0.03323008493,58.13130951,105355.875,15.90961075,2.862326379
225.1999969,180.0526812,83.13162449,23.48687671,66.14906038,0.9798030981,139.4579344,6.498456955,297.8761902,0,85.5009613,0.00996902585,9.999999747e-05,105385.4219,15.73685837,3.01116982
225.3999939,180.0526812,78.52025828,23.22244633,68.25626478,0.9919678217,139.4579344,6.498637199,297.9342957,0,86.63806915,0.002990707755,55.97640228,105413.8047,15.927001,2.800973304
225.6000061,180.0526812,78.94959544,23.22244633,67.75726179,0.9954669839,139.4579344,6.498328686,297.8760986,0,87.69676208,0.0008972123032,9.999999747e-05,105442.4141,15.94611645,2.751009977
225.8000031,180.0526812,81.47791392,23.22244633,68.82243755,1.001301571,139.4579344,6.496637821,297.9346008,0,88.88682556,0.000269163691,56.76702881,105471.8516,15.99393845,2.778508569
226,180.0526812,78.55554223,23.22244633,68.71586114,0.9891019412,139.4579344,6.497797489,297.8754272,0,90.75630951,9.999999747e-05,9.999999747e-05,105500.9453,15.91497135,2.732222887
226.1999969,180.0526812,81.12781568,23.22244633,67.31660297,0.9659711637,139.4579344,6.498964787,297.936615,0,92.14816284,9.999999747e-05,57.2951622,105531.0781,15.67342091,2.85790379
226.3999939,180.0526812,83.56920429,23.22244633,68.08519951,0.9715742795,139.4579344,6.499405384,297.8825073,0,93.08220673,9.999999747e-05,9.999999747e-05,105562.0625,15.71260929,2.930241624
226.6000061,180.0526812,85.15070056,23.22244633,68.35179528,0.9838960349,140.9014255,6.499554634,297.9420776,0,93.84225464,9.999999747e-05,55.02674866,105593.9453,15.81024075,2.97357709
226.8000031,180.0526812,82.2130695,23.22244633,68.69478256,0.9905766738,139.4579344,6.501126766,297.8865051,0,94.54128265,9.999999747e-05,9.999999747e-05,105624.8516,15.8957386,2.884126921
227,180.0526812,84.36431983,23.22244633,69.80944935,0.9955316546,139.4579344,6.501757622,297.943573,0,94.60582733,9.999999747e-05,54.25852585,105656.3594,15.93676567,2.93723204
227.1999969,180.0526812,85.15070056,23.22244633,68.98886936,0.9998209863,139.4579344,6.501703262,297.8899536,0,94.42572784,9.999999747e-05,9.999999747e-05,105688.0234,15.95146084,2.93978915
227.3999939,180.0526812,80.82317279,23.22244633,67.3509694,0.9975955832,139.4579344,6.503340244,297.9394836,0,94.26667786,9.999999747e-05,52.35942459,105718.4688,15.94159603,2.80696741
227.6000061,180.0526812,83.77038841,23.22244633,67.1005325,0.9991773591,139.4579344,6.504183292,297.8862915,0,93.44508362,9.999999747e-05,9.999999747e-05,105749.6484,15.91894341,2.942433712
227.8000031,180.0526812,85.15070056,23.5174066,67.56212523,0.9648949403,161.5914769,6.503466129,297.9343567,0,92.29415894,9.999999747e-05,51.08959579,105785.5547,15.66004276,2.980398738
228,180.0526812,78.70372507,23.22244633,68.08810579,0.9855838438,139.4579344,6.505563259,297.8772278,0,91.43283081,9.999999747e-05,9.999999747e-05,105814.9375,15.86305904,2.783817683
228.1999969,180.0526812,85.15070056,23.22244633,67.29590023,0.9902814144,139.4579344,6.504282475,297.9359131,0,89.7183609,9.999999747e-05,53.71662521,105845.7578,15.82630634,2.973527691
228.3999939,180.0526812,78.47952086,23.22244633,66.50095643,0.9761618467,139.4579344,6.505999088,297.8807678,0,88.53626251,9.999999747e-05,9.999999747e-05,105874.5781,15.74835777,2.828260726
228.6000061,180.0526812,80.82897784,23.22244633,69.45840466,0.9773951213,139.4579344,6.506222248,297.9411621,0,86.64685059,9.999999747e-05,55.06669998,105903.7109,15.78268051,2.924881583
228.8000031,180.0526812,85.15070056,23.22244633,68.74230371,0.9799355206,166.9867023,6.502754688,297.8857727,0,84.68267059,9.999999747e-05,9.999999747e-05,105939.1875,15.80350018,2.981922317
229,180.0526812,84.57041164,23.22244633,67.44545256,0.949568828,139.4579344,6.499237061,297.9465027,0,84.11289978,9.999999747e-05,54.56615067,105968.6953,15.47893333,2.939143551
229.1999969,180.0526812,81.47714974,23.22244633,70.18264809,0.9942997893,139.4579344,6.496576786,297.8909302,0,84.93850708,9.999999747e-05,9.999999747e-05,105997.3984,15.93312359,2.776947893
229.3999939,180.0526812,84.4209881,23.22244633,68.34731369,0.9730675652,139.4579344,6.49396944,297.9472656,0,86.82527924,9.999999747e-05,53.66705322,106027.3203,15.69932365,2.873134523
229.6000061,180.0526812,78.62415633,23.22244633,67.09940255,0.9814436799,139.4579344,6.495718002,297.8898315,0,89.75757599,9.999999747e-05,9.999999747e-05,106056.3203,15.80210209,2.734394843
229.8000031,180.0526812,81.19364205,23.22244633,69.55332332,0.9890417054,139.4579344,0,297.9430847,0,91.97633362,9.999999747e-05,53.353405,106086.4922,15.88745975,-100
