Time Step,Discharge rate,Sugar feed rate,Soil bean feed rate,Aeration rate,Back pressure,Water injection/dilution,pH,Temperature,Acid flow rate,Base flow rate,Cooling water,Heating water,Vessel Weight,Dissolved oxygen concentration,Yield Per Step
0,255.3362368,75.75694595,26.00974194,60.6170405,0.9015400436,153.4985845,6.50612402,298.0444031,0,0,2.965773344,9.999999747e-05,61807.03125,17.38656425,0.05759296245
0.200000003,256.6806432,76.35247487,25.95765779,60.736898,0.9046171596,153.5733816,6.485753536,298.011261,0,0,4.630667686,9.999999747e-05,61807.10938,17.41013908,-2.703977655e-05
0.400000006,256.7553409,76.35565444,25.95579102,60.74476327,0.9047859948,153.5546695,6.470493317,297.9876709,0,6.285324574,9.999999747e-05,9.999999747e-05,61808.46875,17.40267944,-2.7030163e-05
0.6000000238,257.294285,76.32149974,25.95580778,60.72748459,0.9045653008,153.6008668,6.464000225,297.9675903,0,18.59294701,9.999999747e-05,9.999999747e-05,61811.24609,17.39457321,-2.699463254e-05
0.8000000119,258.3773184,76.24723742,25.9575171,60.67837085,0.9038584948,153.7220035,6.467211723,297.9508362,0,33.48535538,9.999999747e-05,9.999999747e-05,61816.85156,17.37845612,-2.691280626e-05
1,259.6210665,76.16271652,25.95971355,60.61153282,0.9027809001,153.8911994,6.479625225,297.9376221,0,47.0893364,9.999999747e-05,9.999999747e-05,61825.05859,17.36665916,-2.678794546e-05
1.200000048,260.4784198,76.10899781,25.96099538,60.54873779,0.9017302386,154.0364617,6.495370865,297.9719849,0,55.72881317,9.999999747e-05,12.26193714,61834.75391,17.33446503,-2.669158597e-05
1.399999976,261.1227312,76.06166544,25.96288989,60.48426573,0.9008598401,154.1468313,6.513580799,297.9572449,0,58.0884552,9.614053726,1.226193786,61844.89844,17.32902908,-2.658361187e-05
1.600000024,260.9639421,76.0737377,25.9622524,60.4699106,0.9005997119,154.1585938,6.526925564,297.9497681,0,53.1667099,3.223986387,0.1226193756,61854.02344,17.31086922,-2.644996865e-05
1.799999952,260.3442619,76.10448073,25.96138388,60.49493694,0.9009013615,154.1037068,6.532433033,297.9918823,0,42.93100357,0.9671958685,11.83521748,61861.17188,17.30423546,-2.641297318e-05
2,259.8328714,76.12091766,25.96251353,60.52292436,0.901455004,154.024495,6.527817726,297.9815369,0,30.50248528,13.66824818,1.183521748,61865.83594,17.29472351,-2.641279849e-05
2.200000048,258.9835326,76.17983804,25.96138991,60.58077974,0.9023221597,153.8963507,6.515291214,297.9774475,0,19.92811203,9.484035492,0.1183521748,61868.55078,17.29674149,-2.641067964e-05
2.400000095,258.156521,76.24336804,25.95968218,60.64239848,0.9032061985,153.7756981,6.498316765,297.9793396,0,14.3579092,7.452001572,0.01183521748,61870.21484,17.28446579,-2.645123651e-05
2.599999905,257.8529852,76.26904095,25.95862161,60.67227908,0.9036596443,153.7182489,6.482636929,297.986145,0,15.56675148,7.292793274,0.001183521701,61872.23438,17.28272438,-2.650590957e-05
2.799999952,258.1495949,76.24999371,25.95872684,60.66643966,0.9036527749,153.7291169,6.471580982,297.9940186,0,23.02902031,8.856451035,0.0001183521745,61875.625,17.2598629,-2.654646464e-05
3,259.043577,76.18548098,25.96029317,60.62493989,0.9031121277,153.8213253,6.46804285,298.0032654,0,34.90278244,10.99931526,9.999999747e-05,61881.28125,17.245327,-2.655245152e-05
3.200000048,260.3130059,76.09567911,25.96259488,60.55665934,0.9021449179,153.9747542,6.472404957,298.0127563,0,48.18183517,13.90729332,9.999999747e-05,61891.46484,17.22681618,-2.65174878e-05
3.400000095,261.5272697,76.01571425,25.96443879,60.47794211,0.9009864447,154.1439957,6.483094692,298.0219116,0,59.71427536,17.22869873,9.999999747e-05,61903.77734,17.2051506,-2.644658784e-05
3.599999905,262.294338,75.97588793,25.96521351,60.41012908,0.9000025558,154.2715676,6.497940063,298.0314026,0,66.9753418,20.80225182,9.999999747e-05,61917.46875,17.18901062,-2.635613359e-05
3.799999952,262.5661383,75.97077626,25.96534786,60.36540537,0.8993938049,154.3373741,6.511707783,298.0389709,0,68.30480957,24.82509995,9.999999747e-05,61930.10938,17.16571617,-2.626354011e-05
4,262.561981,75.96802,25.96518398,60.34206986,0.8991121393,154.3584262,6.520097733,298.0435181,0,64.14401245,28.53908539,9.999999747e-05,61941.8125,17.13921928,-2.618629151e-05
4.199999809,262.3971853,75.95927806,25.96512346,60.34000053,0.8991277555,154.3442453,6.52240324,298.0481567,0,56.64138031,31.51441574,9.999999747e-05,61951.98438,17.12291908,-2.613523132e-05
4.400000095,262.0562043,75.96081563,25.96557592,60.36084716,0.8994614647,154.2936103,6.518188477,298.052948,0,48.21933365,34.71310806,9.999999747e-05,61960.47266,17.10929298,-2.61158338e-05
4.599999905,261.628488,75.97607772,25.96625699,60.39493267,0.8999906248,154.2208894,6.509016037,298.0585938,0,41.48514557,38.13728714,9.999999747e-05,61967.66797,17.09926796,-2.612531735e-05
4.800000191,261.2997948,75.99269603,25.96683481,60.42669852,0.9004960473,154.1553417,6.498850822,298.0698242,0,38.41532135,42.03226471,9.999999747e-05,61974.42969,17.1029129,-2.615467141e-05
5,261.2875221,75.99092099,25.96769194,60.43902857,0.9007494256,154.1282146,6.487652302,298.0741272,0,39.3990593,48.06555176,9.999999747e-05,61981.28125,17.07698822,-2.618432637e-05
5.199999809,261.7277148,75.95843567,25.96841282,60.42166387,0.9005630544,154.1631281,6.47810173,298.0738525,0,44.86232758,52.08540344,9.999999747e-05,61989.07031,17.04753304,-2.619568331e-05
5.400000095,262.5475073,75.90398107,25.96887542,60.37980377,0.899995516,154.2536489,6.473691463,298.077179,0,54.13703537,54.73564529,9.999999747e-05,61998.62109,17.02892113,-2.618517454e-05
5.599999905,263.5684265,75.84492251,25.96916417,60.31859349,0.8991481565,154.3800903,6.474822044,298.0815735,0,65.1644516,58.65507126,9.999999747e-05,62010.25,17.00585556,-2.615075522e-05
5.800000191,264.4742691,75.81102749,25.96888605,60.25070542,0.8982303957,154.5027976,6.481720924,298.0892944,0,75.73784637,63.04353333,9.999999747e-05,62023.92969,16.98683167,-2.609440822e-05
6,264.9878407,75.82518505,25.9685679,60.19354057,0.8975211659,154.5822395,6.490587711,298.092865,0,83.55039978,68.73051453,9.999999747e-05,62039.08594,16.95825768,-2.602348449e-05
6.199999809,265.2012353,75.86715851,25.96835057,60.1492227,0.8970461496,154.6200617,6.499866962,298.0959473,0,87.82828522,73.25305176,9.999999747e-05,62055.08594,16.93421936,-2.594635489e-05
6.400000095,265.2503586,75.90269957,25.96821561,60.11894248,0.8967611213,154.6354475,6.506367683,298.0948486,0,88.39944458,77.7715683,9.999999747e-05,62071.14062,16.90506363,-2.587263044e-05
6.599999905,265.3424036,75.90024046,25.9676107,60.09360339,0.896501804,154.6527394,6.510313988,298.0967712,0,86.38076019,80.9675827,9.999999747e-05,62086.76953,16.88274574,-2.580991724e-05
6.800000191,265.4571836,75.86691963,25.9669549,60.07671839,0.8963039319,154.6718808,6.508113861,298.0900574,0,82.78302765,85.19838715,9.999999747e-05,62101.50781,16.84575081,-2.576142916e-05
7,265.6829192,75.81587772,25.96620913,60.05936466,0.8960815079,154.6946835,6.502549171,298.086853,0,80.07736206,86.49253082,9.999999747e-05,62115.60938,16.81787682,-2.572838113e-05
7.199999809,265.8592335,75.77980965,25.96604882,60.05285554,0.895992035,154.7078922,6.49481678,298.0852966,0,79.58896637,88.81539154,9.999999747e-05,62129.52734,16.79002762,-2.571446493e-05
7.400000095,266.1326621,75.75773411,25.9662064,60.04138433,0.8958651043,154.7268288,6.487490177,298.0887146,0,82.189888,91.56446075,9.999999747e-05,62143.93359,16.7660656,-2.571064233e-05
7.599999905,266.4751435,75.75875746,25.96674309,60.02248641,0.8956818857,154.7515946,6.484003067,298.103363,0,87.71315002,95.94934845,9.999999747e-05,62159.51562,16.75113106,-2.571269596e-05
7.800000191,266.818153,75.79467855,25.96818166,59.99527834,0.8954698806,154.77512,6.48278904,298.1157227,0,94.61999512,104.3025589,9.999999747e-05,62176.46875,16.72600174,-2.570936733e-05
8,267.1292552,75.87352094,25.9703778,59.95783644,0.8952326683,154.7856537,6.483290195,298.1247559,0,102.0172882,112.3326416,9.999999747e-05,62194.89844,16.69781876,-2.569114456e-05
8.199999809,267.2519046,76.01146748,25.97398332,59.92345399,0.8951416638,154.7644701,6.484733105,298.130249,0,109.2156906,119.6996384,9.999999747e-05,62214.79688,16.66857529,-2.566194696e-05
8.399999619,267.2296579,76.20405172,25.97945715,59.89143513,0.8951980016,154.7148944,6.484507561,298.1234436,0,115.8394012,126.2017441,9.999999747e-05,62235.99219,16.63092804,-2.562030568e-05
8.600000381,267.1649089,76.44870822,25.98709885,59.85546012,0.8953296104,154.6444702,6.484366417,298.1199646,0,122.5617905,128.6996613,9.999999747e-05,62258.60547,16.60089302,-2.55739811e-05
8.800000191,266.9550232,76.75921958,25.99780925,59.82496923,0.8956745651,154.5466145,6.486974716,298.1335754,0,129.3350372,132.175705,9.999999747e-05,62282.81641,16.58390808,-2.554343917e-05
9,266.7237869,77.11232887,26.01087725,59.79070334,0.8961372697,154.4372518,6.48857069,298.1396179,0,135.0561371,141.3953705,9.999999747e-05,62308.28906,16.55421448,-2.55186725e-05
9.199999809,266.7642924,77.4837576,26.02533725,59.72661125,0.8963980297,154.3413027,6.489189148,298.1438599,0,140.1509705,148.3921661,9.999999747e-05,62334.86328,16.52298355,-2.548561407e-05
9.399999619,266.8298786,77.87058074,26.04077667,59.65728838,0.8966604335,154.2448965,6.488673687,298.1469727,0,144.9983978,155.0470734,9.999999747e-05,62362.48828,16.49044228,-2.545423359e-05
9.600000381,266.9589867,78.29273577,26.05804313,59.57730192,0.8969188272,154.1442937,6.488918304,298.1645508,0,150.0525665,161.4840851,9.999999747e-05,62391.30078,16.46585846,-2.543628531e-05
9.800000191,267.0437837,78.73453217,26.07627367,59.49860994,0.8972667392,154.0338746,6.487349987,298.1705627,0,155.0028687,173.0347137,9.999999747e-05,62420.34766,16.4288311,-2.542387666e-05
10,267.3913197,79.28125409,26.09918863,59.37650786,0.897473701,153.9156227,6.485318184,298.1816101,0,160.5887756,181.1437225,9.999999747e-05,62450.61719,16.39553642,-2.540720145e-05
10.19999981,267.6679331,79.90980306,26.12570662,59.24715735,0.8978139934,153.7729063,6.482417583,298.1906128,0,166.9832001,191.3080902,9.999999747e-05,62482.28516,16.35953522,-2.539765449e-05
10.39999962,268.0774911,80.70819667,26.1595576,59.07405937,0.8981780828,153.5995555,6.479674339,298.2124634,0,174.5391235,201.1472626,9.999999747e-05,62515.67969,16.32849693,-2.539899831e-05
10.60000038,268.4387913,81.61193969,26.19795824,58.88275685,0.8986520236,153.3948496,6.476348877,298.2341309,0,183.1891632,215.7640991,9.999999747e-05,62551.01562,16.29327202,-2.541474207e-05
10.80000019,268.9784387,82.71248385,26.24462512,58.63025727,0.8990809902,153.1567189,6.472029209,298.2470093,0,193.1717529,231.0406647,9.999999747e-05,62588.53125,16.25208473,-2.542306642e-05
11,269.6565064,84.02859189,26.30016768,58.31043963,0.8994680458,152.8887731,6.466558456,298.2459412,0,204.8835602,244.1043854,9.999999747e-05,62628.5625,16.20541763,-2.541212393e-05
11.19999981,270.3520379,85.50953492,26.36192889,57.93377587,0.899822698,152.6057457,6.460575104,298.2535095,0,218.7842255,252.8986511,9.999999747e-05,62671.67969,16.16228294,-2.540008279e-05
11.39999962,270.4016202,86.60228143,26.4061062,57.66642052,0.9002331469,152.3715567,6.45328331,298.2595215,0,225,264.7388306,9.999999747e-05,62716.30469,16.11537361,-2.540751023e-05
11.60000038,270.5842615,87.04486847,26.42406038,57.54739642,0.900187195,152.2475722,6.44477272,298.2825012,0,225,276.2701721,9.999999747e-05,62761.05859,16.06795692,-2.543472886e-05
11.80000019,270.9790124,87.03562486,26.42565375,57.5462052,0.8998368328,152.1764923,6.434783936,298.2880249,0,225,293.8769226,9.999999747e-05,62805.66016,16.00920105,-2.546560476e-05
12,271.7743504,87.33820662,26.43970866,57.44136608,0.8993509769,152.0638592,6.424063683,298.3165894,0,225,306.2022095,9.999999747e-05,62850.24609,15.95467854,-2.550335114e-05
12.19999981,272.1308005,87.18015892,26.4353418,57.48461422,0.89893054,151.9977941,6.412519932,298.3452148,0,225,326.8252869,9.999999747e-05,62894.72656,15.89634037,-2.557460544e-05
12.39999962,272.6814083,87.10207194,26.43374544,57.49669435,0.8984198575,151.9147219,6.400480747,298.3959351,0,225,348.3598633,9.999999747e-05,62939.16406,15.83901024,-2.567025658e-05
12.60000038,272.9474345,86.66297538,26.41733043,57.61833277,0.8979681871,151.8756041,6.387888908,298.4508362,0,225,378.5839233,9.999999747e-05,62983.47266,15.77842808,-2.580004669e-05
12.80000019,273.3607687,86.21761887,26.39973471,57.73148214,0.8974685629,151.8403832,6.374700546,298.4872437,0,225,411.9881287,9.999999747e-05,63027.55469,15.71107101,-2.591768545e-05
13,274.1056814,85.99897182,26.38971071,57.76537797,0.8968618666,151.7918225,6.360915184,298.4963989,0,225,441.0458374,9.999999747e-05,63071.36328,15.63741493,-2.59888584e-05
13.19999981,275.1420753,86.04051099,26.38878142,57.7145918,0.8961384039,151.7337105,6.346795559,298.5146484,0,225,462.2003174,9.999999747e-05,63114.98438,15.5632515,-2.604189481e-05
13.39999962,275.9279648,85.80113412,26.37642457,57.74787647,0.8955326392,151.7448587,6.332127094,298.5026245,0,225,487.0415649,9.999999747e-05,63158.30859,15.48421383,-2.607986228e-05
13.60000038,277.2532783,85.95037514,26.37811498,57.65109611,0.8946651261,151.7208333,6.317299843,298.5115967,0,225,502.0578918,9.999999747e-05,63201.42969,15.40385914,-2.610527841e-05
13.80000019,278.1688099,85.66016754,26.36260194,57.68689238,0.8940228131,151.8020355,6.30267477,298.5783081,0,225,524.0906372,9.999999747e-05,63244.4375,15.3290329,-2.621880925e-05
14,278.5763894,84.66367409,26.31593054,57.92784015,0.8938158741,152.029353,6.287759304,298.6089783,0,225,566.2299194,9.999999747e-05,63287.07812,15.25135612,-2.636230816e-05
14.19999981,280.0072465,84.24980933,26.28778234,57.96326718,0.8931384991,152.1915219,6.272868156,298.6543579,0,225,597.992981,9.999999747e-05,63329.38281,15.1687727,-2.647380008e-05
14.39999962,281.1750712,83.57860927,26.24913913,58.07741135,0.892743889,152.4466162,6.258199215,298.7301941,0,225,636.2542114,9.999999747e-05,63371.38672,15.09047031,-2.66372142e-05
14.60000038,282.2221544,82.63978002,26.19611238,58.26901179,0.892715017,152.7794886,6.243587494,298.7593384,0,225,686.6173706,9.999999747e-05,63413.03516,15.01536083,-2.678558179e-05
14.80000019,284.1456012,82.23697424,26.16049954,58.27566979,0.8921559008,153.0617888,6.22999382,298.7835693,0,225,723.4831543,9.999999747e-05,63454.4375,14.95781994,-2.686899872e-05
15,285.8305834,81.83834481,26.1280447,58.2993706,0.891804137,153.3710428,6.231029987,298.681488,0,225,760.1071777,9.999999747e-05,63495.69141,16.13534737,-1.409001176e-05
15.19999981,282.7002072,81.33777325,26.0931515,58.78541781,0.8959200858,153.325335,6.276370525,298.197052,0,225,754.0822144,9.999999747e-05,63537.80859,16.30658531,0.01314169961
15.39999962,279.6625319,86.31394788,26.36011622,57.58358621,0.894763361,151.9573849,6.316776752,297.8925171,0,225,613.2802124,9.999999747e-05,63581.88672,16.24213409,0.006216540317
15.60000038,280.8305284,90.42328384,26.58272127,56.44396711,0.8951219955,151.2860409,6.352042198,300.0515442,0,225,183.9840698,605.0313721,63626.45312,16.20339394,0.002838868507
15.80000019,412.0371396,79.98820381,29.19522527,56.6069059,0.8654123367,144.5747762,6.386324406,299.5241394,0,225,927.0996094,60.50313568,63640.32422,15.99551868,0.006695669093
16,289.0539205,78.24015342,26.21198914,59.29268724,0.8970149695,151.2611604,6.418423176,299.0390015,0,225,805.8824463,6.05031395,63680.01953,16.34473228,0.02405298665
16.20000076,275.5887489,80.6534237,26.17929229,59.14016491,0.8988906728,151.994985,6.445816517,298.665863,0,225,699.617981,0.6050313711,63723.38672,16.33984947,0.02021137268
16.39999962,274.2584417,85.34245575,26.34795156,57.95000246,0.8987253814,151.8790483,6.467180729,298.4437866,0,225,613.4921875,0.06050313637,63768.48438,16.28637123,0.008089736452
16.60000038,276.2973814,89.28509565,26.51126527,56.7653787,0.8986632571,151.7008162,6.483500004,298.288269,0,225,564.6468506,0.006050313823,63814.27734,16.24066734,0.003703840248
16.79999924,278.3860342,92.31176428,26.63861196,55.78075255,0.8988506417,151.6107805,6.495863438,298.1712646,0,225,529.2982788,0.0006050313823,63860.48047,16.20732498,0.002121730453
17,279.9259898,94.48591656,26.73220219,55.04009536,0.8992007435,151.6052348,6.505534172,298.0578613,0,225,500.9025879,9.999999747e-05,63906.89844,16.18666267,0.001777205859
17.20000076,281.2373455,96.3209739,26.8131239,54.39561211,0.8996671085,151.6452369,6.512286186,298.0058594,0,223.3141022,469.0786743,9.999999747e-05,63953.29688,16.16677094,0.001130366784
17.39999962,281.5348836,96.76227661,26.8337499,54.2242687,0.8999136574,151.7525808,6.517456532,297.9735107,0,218.928421,454.1643372,9.999999747e-05,63998.87891,16.1622467,0.001197948266
17.60000038,281.9536766,96.78424729,26.83626822,54.18640191,0.8998406713,151.8645612,6.521409988,297.9599304,0,212.4704285,443.6065674,9.999999747e-05,64043.09375,16.1589222,0.001405580888
17.79999924,282.1622108,96.19636678,26.81172181,54.34276948,0.8994656969,152.0117645,6.524477959,297.96698,0,204.4300232,438.1799927,9.999999747e-05,64085.51953,16.15912819,0.001813231796
18,281.9942354,94.87185423,26.75418527,54.72214952,0.8987704217,152.2137226,6.527019501,297.995697,0,195.1613617,439.2081604,9.999999747e-05,64125.80469,16.16436386,0.002625118425
18.20000076,281.4356266,92.77220024,26.66253102,55.31113444,0.8977138144,152.4891647,6.529492378,298.0391541,0,184.875061,447.8204346,9.999999747e-05,64163.60938,16.17535973,0.004468410041
18.39999962,280.7278096,90.04917469,26.54451826,56.02534574,0.8962453301,152.8546959,6.532978058,298.0310364,0,173.5982056,462.4348755,9.999999747e-05,64198.42578,16.19249916,0.0115841974
18.60000038,280.6488856,87.49280738,26.4347994,56.59263132,0.8943731126,153.3101356,6.536532879,298.0213013,0,160.9233856,460.7801208,9.999999747e-05,64230.01953,16.20092392,0.02186595856
18.79999924,280.5646574,84.40203132,26.3050829,57.23419512,0.8919444416,153.8895008,6.539999485,298.0169373,0,146.8297119,458.6439514,9.999999747e-05,64257.99609,16.20955086,0.04069944978
19,281.2278999,81.25309439,26.17578939,57.78322434,0.8888015567,154.5504829,6.542962551,297.9958191,0,131.3499146,458.0091248,9.999999747e-05,64281.85547,16.21207619,0.07713711544
19.20000076,282.8889626,78.56056813,26.0687627,58.11745655,0.8851241256,155.2248212,6.54414463,297.9792175,0,114.6861954,451.3986206,9.999999747e-05,64301.33594,16.20354462,0.1225427651
19.39999962,284.9064093,76.49741475,25.99185234,58.28024615,0.8816644317,155.8162947,6.541342258,297.9202881,0,97.55388641,445.6653748,9.999999747e-05,64316.3125,16.1896286,0.1967418881
19.60000038,285.642736,75.30374438,25.95003076,58.38195164,0.8797748532,156.120565,6.533763409,299.6922302,0,81.55001068,133.6996155,475.1333618,64327.42188,16.18021011,0.2090483471
19.79999924,264.3400457,71.93061039,26.24170129,58.69691441,0.8851046665,153.3332078,6.52213335,299.5818481,0,68.58049774,742.4803467,47.51333618,64338.63281,16.24777031,0.2566244625
20,292.515587,70.38485614,26.56493473,56.9168069,0.8674705677,157.4760315,6.506136894,299.2895508,0,60.26095963,754.5646362,4.751333714,64342.82812,16.09232521,0.34351476
20.20000076,298.1057931,70.68417895,26.53495978,57.17238427,0.8672076237,158.7610535,6.490046501,299.0291748,0,58.34143448,713.869873,0.4751333594,64345.91016,16.08806992,0.3772655223
20.39999962,301.2616747,71.09595709,26.42907327,57.36003659,0.8683235029,158.9670675,6.478633404,298.8260193,0,62.84437561,674.5853271,0.04751333594,64349.51172,16.09692764,0.3956078633
20.60000038,302.7027093,71.5923884,26.29496788,57.51205227,0.8698646398,158.6982366,6.473249912,298.6170044,0,71.89691925,645.0479126,0.004751333501,64354.73828,16.10991478,0.439431309
20.79999924,303.9027029,72.17433187,26.15123345,57.60894681,0.8708064189,158.2909956,6.474098682,298.4270325,0,83.09809113,605.4373169,0.0004751333618,64362.11328,16.11771965,0.470047355
21,302.7733599,72.93271664,26.04004167,57.72451712,0.8720527737,157.7526165,6.47913456,298.2480774,0,93.95860291,564.6022339,9.999999747e-05,64372.04297,16.12606239,0.4959335449
21.20000076,299.3782742,73.88440472,25.98231537,57.86261485,0.8739254763,157.1488464,6.486399174,298.0969849,0,102.811058,520.302124,9.999999747e-05,64384.65234,16.13668442,0.498713845
21.39999962,294.5501398,74.92167217,25.97167962,58.01938927,0.8765482786,156.5674322,6.494710445,298.0148315,0,108.7637253,478.8177185,9.999999747e-05,64399.76562,16.15119934,0.4537552545
21.60000038,290.4553219,75.71534573,25.98196964,58.14954717,0.8789693141,156.1693396,6.502559662,297.9774475,0,111.3954773,455.249939,9.999999747e-05,64416.49219,16.16473007,0.4211464747
21.79999924,288.2292164,76.1043765,25.98928177,58.22011745,0.8802759464,155.9839723,6.508882046,297.9362793,0,110.8924713,443.5228577,9.999999747e-05,64433.63281,16.17149544,0.4394636246
22,286.9386303,76.18068532,25.98759135,58.27017994,0.8807642389,155.9145407,6.513589859,299.6324463,0,107.8639832,133.0568542,459.2788391,64450.17969,16.17312622,0.4405472371
22.20000076,268.9960025,72.72846152,26.18161141,58.63447118,0.8878203862,152.9986807,6.517793655,299.4846802,0,102.9527969,716.156311,45.92788315,64467.71484,16.26078033,0.5429014322
22.39999962,285.8264424,71.725145,26.27057836,57.22282098,0.8761225235,155.0245955,6.519707203,299.2181396,0,96.35665131,713.6729736,4.592788219,64480.67188,16.15770721,0.6318051518
22.60000038,291.8079847,72.04848285,26.24280573,57.46228817,0.8747717123,156.7892712,6.519053936,299.0377502,0,89.00087738,678.498291,0.4592788219,64491.50781,16.14277267,0.6194758177
22.79999924,296.6211799,72.08323878,26.22911813,57.4875834,0.872882828,157.7518197,6.514846325,298.8460693,0,81.90758514,663.9470215,0.04592788219,64500.11719,16.1237812,0.6855710055
23,301.224885,72.11485015,26.19677874,57.46906261,0.8709381868,158.2897614,6.508500099,298.7001648,0,76.50080872,638.0834351,0.004592788406,64506.87891,16.10480881,0.7173286345
23.20000076,302.7723596,72.26425222,26.15491193,57.53278101,0.8706623666,158.3469967,6.500387192,298.5360413,0,73.62815857,620.9179688,0.0004592788464,64512.76562,16.10018539,0.7922078955
23.39999962,303.4152592,72.51715525,26.09621964,57.61566946,0.8708721189,158.1608435,6.492721558,298.3798523,0,73.99963379,591.6364136,9.999999747e-05,64518.63672,16.10020638,0.850122667
23.60000038,302.2218255,72.88916617,26.03579624,57.7480585,0.8719314448,157.7971948,6.487388611,298.246521,0,77.43026733,559.0856934,9.999999747e-05,64525.52344,16.10770607,0.8855961821
23.79999924,300.0855703,73.30385994,25.99086074,57.87999815,0.8732158588,157.4166167,6.485168457,298.1344604,0,82.98773956,528.5,9.999999747e-05,64534.05469,16.11725426,0.9125313425
24,297.5051829,73.76384713,25.96376338,57.99608679,0.8745428921,157.0629672,6.486822128,298.0895996,0,89.43048096,500.0909729,9.999999747e-05,64544.625,16.12645531,0.8718656224
24.20000076,295.3593028,74.18720266,25.95745623,58.06857205,0.875704224,156.8305431,6.490031719,298.0348206,0,95.20917511,490.489502,9.999999747e-05,64556.87891,16.13402176,0.9030884589
24.39999962,293.715784,74.62399418,25.95693324,58.10280568,0.8765610972,156.6155495,6.494554043,298.0153503,0,99.71120453,475.2911682,9.999999747e-05,64570.55078,16.1378727,0.8815980936
24.60000038,292.2075045,74.99343178,25.96180822,58.13518462,0.8774472142,156.4579447,6.498812199,297.9782104,0,102.4049606,470.286438,9.999999747e-05,64585.11719,16.1422081,0.9217768684
24.79999924,291.0132055,75.28737337,25.96551024,58.15668376,0.8780787363,156.3226271,6.502505302,297.9421082,0,103.4005661,458.20047,9.999999747e-05,64600.1875,16.14444351,0.9519338904
25,289.6249511,75.47647292,25.96703061,58.20384882,0.8787585821,156.2087363,6.505549431,299.6609497,0,102.9199448,137.460144,471.3261414,64615.22656,16.14676476,0.9452466537
25.20000076,268.5363061,72.31269628,26.2070472,58.54306788,0.8864648962,152.9954604,6.508535385,299.5031433,0,101.2220383,728.55896,47.13261414,64632.52344,16.23862267,1.116272722
25.39999962,287.0918268,71.49216225,26.29904205,57.08872277,0.8747981907,155.1777414,6.510327816,299.2226562,0,98.32781219,723.5074463,4.713261604,64645.73438,16.13540077,1.232662461
25.60000038,292.3281081,72.0240801,26.2390715,57.41449111,0.8746010278,156.744068,6.510878563,299.0224609,0,94.72031403,684.2913208,0.4713261425,64657.76172,16.13069725,1.212840192
25.79999924,296.7494309,72.25206781,26.19613604,57.49017567,0.8734380487,157.57177,6.509683132,298.8425598,0,90.89283752,663.1746826,0.047132615,64668.39062,16.11821175,1.258185934
26,300.7702149,72.38929952,26.15300179,57.48426395,0.8718959363,158.0222127,6.507093906,298.6864319,0,87.54535675,640.9594727,0.0047132615,64677.69531,16.1027832,1.307313598
26.20000076,303.1636324,72.54911854,26.10778269,57.49360575,0.8709681881,158.1564596,6.503164291,298.5225525,0,85.23249817,620.0388184,0.0004713261442,64686.11328,16.09274864,1.386431556
26.39999962,304.2995723,72.78577528,26.05662518,57.52958319,0.8705605682,158.0634897,6.498959064,298.3758545,0,84.49136353,590.4074707,9.999999747e-05,64694.23047,16.08716965,1.439190584
26.60000038,303.3958751,73.10904365,26.01194875,57.62637889,0.8711398249,157.7941657,6.495415211,298.2549133,0,85.42887878,560.6207886,9.999999747e-05,64702.8125,16.08995819,1.470540083
26.79999924,301.3854865,73.46354549,25.98121295,57.74626556,0.8722330533,157.4770887,6.491914272,298.0970154,0,87.78099823,534.0922241,9.999999747e-05,64712.25391,16.09750748,1.570767999
27,298.2085075,73.95384369,25.9553344,57.90005496,0.8738031185,157.0468232,6.489564419,297.9491272,0,91.53551483,490.0847168,9.999999747e-05,64723.16406,16.10851288,1.624293164
27.20000076,293.1754002,74.57367229,25.94647306,58.12969928,0.8764867191,156.54886,6.489844322,299.7332764,0,96.22621918,147.0254211,505.1453552,64735.97266,16.12676239,1.552262076
27.39999962,266.8584845,71.62885664,26.25522216,58.41858774,0.8844146559,152.5907361,6.492072105,299.4446411,0,100.8000793,761.7553711,50.514534,64753.29688,16.21861267,1.733820777
27.60000038,290.2595628,71.27695028,26.31935878,56.97438116,0.8729790398,155.6295987,6.494834423,299.0345764,0,104.4847794,713.7925415,5.05145359,64767.17969,16.11639214,1.848017446
27.79999924,295.3605132,72.56342402,26.15793292,57.53925912,0.8749605842,156.9729695,6.497612476,298.7075195,0,107.0691299,628.6580811,0.505145371,64781.28906,16.12931633,1.839273091
28,298.2487209,73.58035122,26.0535912,57.72705346,0.8752551377,157.2584677,6.500139236,298.4601135,0,108.5438766,557.6977539,0.05051453412,64795.54688,16.12584305,1.826189653
28.20000076,297.8204667,74.41622405,26.00463167,57.82737645,0.8757849985,157.0540082,6.502206802,298.2776184,0,109.008873,501.321106,0.005051453598,64810.26172,16.12376595,1.810228682
28.39999962,295.4961112,75.02933281,25.98713852,57.93421026,0.8768182118,156.7492611,6.503763199,298.1499634,0,108.647522,457.4796753,0.0005051453481,64825.57422,16.12706947,1.794842509
28.60000038,292.7284239,75.40745127,25.98133909,58.05635505,0.8780439176,156.4872383,6.504610538,298.0542297,0,107.663765,425.216156,9.999999747e-05,64841.34375,16.13390923,1.806082541
28.79999924,290.2743135,75.61553173,25.97815351,58.17427703,0.8791370464,156.2870677,6.505271435,298.013092,0,106.3418121,398.7655334,9.999999747e-05,64857.47656,16.14081573,1.78118384
29,288.5476754,75.65175498,25.97502392,58.27565642,0.8799679802,156.1846953,6.504834652,297.9579773,0,104.7538605,387.329071,9.999999747e-05,64873.56641,16.14734077,1.85671637
29.20000076,287.357014,75.66809839,25.97160089,58.34436482,0.8804492206,156.0967679,6.504340649,297.9418945,0,103.3435593,369.1072083,9.999999747e-05,64889.68359,16.15060806,1.85618194
29.39999962,286.3412218,75.63114661,25.96860039,58.41526959,0.8809604044,156.0492033,6.503952026,299.3267822,0,102.1275406,110.7321625,371.7634277,64905.60547,16.15376472,1.831177231
29.60000038,274.6766267,73.01785298,26.13664951,58.72205534,0.8875569528,155.2570797,6.50349617,299.216095,0,101.0664978,586.4605713,37.17634201,64922.57031,16.23288918,2.039461173
29.79999924,290.4389629,72.3421008,26.20422774,57.57002111,0.8770200072,156.7887794,6.50287199,298.9951172,0,100.1883087,587.6389771,3.717634201,64936.29688,16.14061165,2.135015483
30,293.9591233,72.81364034,26.138012,57.72903394,0.8766662237,157.3402903,6.501654625,298.7809143,0,99.56004333,557.8397217,0.3717634082,64949.45703,16.13496208,2.174219301
30.20000076,296.9321677,73.20973258,26.0794993,57.79025392,0.8759141101,157.5770094,6.49974823,298.5655212,0,99.42011261,522.9125977,0.03717634082,64962.12891,16.12569046,2.232365904
30.39999962,298.3443319,73.66651356,26.02599177,57.83882995,0.8754237873,157.4984331,6.498902321,298.446106,0,100.0431213,479.4957275,0.003717634128,64974.9375,16.1188755,2.199449862
30.60000038,296.8601131,74.06146204,25.99981063,57.95087343,0.8762955053,157.2602576,6.498047829,298.3332825,0,100.9988174,461.119812,0.0003717634245,64988.32422,16.12360382,2.226762216
30.79999924,295.9927061,74.38972145,25.98445646,57.99914939,0.8766311229,157.0526318,6.497224808,298.2223206,0,102.2998657,439.8124695,9.999999747e-05,65002.21094,16.12394905,2.265103487
31,294.3666386,74.76014024,25.97522196,58.06786356,0.8773353475,156.7990037,6.496166706,298.0982666,0,103.9298782,414.8804016,9.999999747e-05,65016.77344,16.12710953,2.318898505
31.20000076,291.8557418,75.20486845,25.97227306,58.16889094,0.8785265034,156.4832346,6.495612621,298.002655,0,105.9839478,381.2486877,9.999999747e-05,65032.375,16.13435555,2.332600273
31.39999962,288.7067675,75.6461258,25.97658155,58.30841659,0.8802734964,156.1700376,6.495516777,297.9296265,0,108.2572861,352.8809814,9.999999747e-05,65049.17969,16.14662743,2.344635067
31.60000038,286.0026966,76.0416996,25.98472983,58.43140675,0.881928991,155.9091255,6.495981693,299.2488708,0,110.5690689,105.864296,364.9647827,65066.90234,16.15766907,2.33664637
31.79999924,276.338274,73.46208602,26.11061113,58.79399331,0.888646402,155.4002788,6.497508526,299.0521545,0,112.6945724,558.9125977,36.49647903,65086.04688,16.23830795,2.474812805
32,289.9931254,73.34914391,26.10540866,57.88497042,0.8800877618,156.5851556,6.499390125,298.7957764,0,114.2076187,527.9849854,3.649647951,65103.01172,16.16181564,2.512465794
32.20000076,291.8443051,74.19127901,26.04146122,58.06450261,0.8802834903,156.8091063,6.500928879,298.5883484,0,114.9702911,480.4645996,0.3649647832,65120.125,16.15873909,2.509187927
32.40000153,292.5046156,74.83670776,26.01313531,58.12592645,0.8802256233,156.7614836,6.501805305,298.4084167,0,115.119751,440.6696777,0.03649647906,65137.33203,16.15307045,2.524291694
32.59999847,292.1594199,75.3723258,26.00136685,58.153827,0.8802329662,156.5886828,6.501722336,298.2347412,0,114.9196472,402.2081909,0.003649648046,65154.64844,16.14798546,2.558163362
32.79999924,290.6227699,75.86457929,25.9984673,58.20481528,0.8806868757,156.3310618,6.502032757,298.1481323,0,114.7538147,358.9545288,0.0003649647988,65172.51172,16.14806938,2.529244595
33,288.1253106,76.13200004,25.99876619,58.32835044,0.8819095227,156.114816,6.502309799,298.1010132,0,114.4593811,339.1799011,9.999999747e-05,65190.94531,16.15664673,2.522690435
33.20000076,286.8630529,76.24520696,25.99909534,58.39576429,0.8825463681,156.0076825,6.502798557,298.1064453,0,114.055603,329.1314697,9.999999747e-05,65209.72266,16.16140366,2.494560475
33.40000153,286.4646591,76.20855861,25.99751478,58.43110148,0.8828048283,156.0038059,6.502913475,298.1004639,0,113.455513,335.1490479,9.999999747e-05,65228.41797,16.16354752,2.536693577
33.59999847,286.8792671,76.16043429,25.99605648,58.40989697,0.8825120679,156.0354154,6.502870083,298.1011658,0,112.8113403,337.0371399,9.999999747e-05,65246.91406,16.16084862,2.562570201
33.79999924,287.1624236,76.096965,25.99414316,58.39817391,0.8822922636,156.068198,6.502604485,298.0974426,0,112.1838913,341.0906067,9.999999747e-05,65265.20703,16.15888977,2.599462971
34,287.5294384,76.04221105,25.99251905,58.38015394,0.8820200819,156.0994603,6.502291679,298.1032104,0,111.6627579,343.5950928,9.999999747e-05,65283.34375,16.15654182,2.621889289
34.20000076,287.8791488,75.97732061,25.99099493,58.36660461,0.8818017801,156.1371661,6.501815319,298.0992432,0,111.2662888,349.2643127,9.999999747e-05,65301.29688,16.15462875,2.662048044
34.40000153,288.3114402,75.94055815,25.9901361,58.34320807,0.8815172993,156.165463,6.501288891,298.0932007,0,111.0607376,351.7239075,9.999999747e-05,65319.12109,16.15196419,2.69479727
34.59999847,288.5334915,75.93013108,25.98981017,58.33009906,0.8813644691,156.1756,6.500647545,298.0736084,0,111.0654297,353.3873901,9.999999747e-05,65336.87109,16.15013504,2.73566353
34.79999924,288.5604347,75.97105036,25.99040551,58.32204534,0.8813066081,156.1550341,6.499972343,298.0463867,0,111.3268433,350.1677246,9.999999747e-05,65354.66016,16.14882469,2.770471606
35,288.1981867,76.06098679,25.99203378,58.33262995,0.8814830796,156.0994089,6.499210835,298.0053711,0,111.8581543,343.6826172,9.999999747e-05,65372.60938,16.14912987,2.807628076
35.20000076,287.4463037,76.21298131,25.99522363,58.35957228,0.8818881309,156.0025082,6.498896599,297.9983215,0,112.6942368,331.4746399,9.999999747e-05,65391.01172,16.15195084,2.80991456
35.40000153,286.7134794,76.32327515,25.99849832,58.39920362,0.8824316301,155.9365832,6.498532295,297.9729004,0,113.6541748,329.5557556,9.999999747e-05,65409.73438,16.15556717,2.845505771
35.59999847,286.2899077,76.47775747,26.00327337,58.40943201,0.8827593783,155.864807,6.498539925,297.9741211,0,114.7614517,320.7797546,9.999999747e-05,65428.88281,16.15766144,2.850742196
35.79999924,285.8175546,76.59382889,26.00747372,58.43230401,0.8831939447,155.8154072,6.498711586,297.9823303,0,115.8642044,320.368103,9.999999747e-05,65448.41406,16.16081047,2.866263373
36,285.839018,76.68916153,26.01154243,58.42674495,0.8833624661,155.7980349,6.498997211,297.9950562,0,116.8989944,322.2275391,9.999999747e-05,65468.20703,16.16165161,2.883840071
36.20000076,286.029695,76.76783513,26.01517976,58.41077378,0.8834197828,155.7956697,6.499402523,298.0240784,0,117.8196259,325.8901978,9.999999747e-05,65488.23828,16.16182327,2.892182371
36.40000153,286.4638359,76.79454832,26.01744733,58.38767978,0.8833597507,155.8255066,6.49983263,298.0594788,0,118.5782547,335.618103,9.999999747e-05,65508.39062,16.1612339,2.907814763
36.59999847,287.2389154,76.7830175,26.01876865,58.34647838,0.8830938439,155.8839906,6.500231266,298.0863342,0,119.1650314,348.5203247,9.999999747e-05,65528.50391,16.15878677,2.935970162
36.79999924,288.1027321,76.77109095,26.0199394,58.29542131,0.882721626,155.9427786,6.500591278,298.1167297,0,119.5926743,359.7458801,9.999999747e-05,65548.5625,16.15549469,2.956398533
37,288.8988822,76.72997217,26.02014909,58.25218327,0.8823765405,156.0071836,6.500872135,298.1210632,0,119.8761978,373.2727051,9.999999747e-05,65568.46094,16.1521492,2.996119728
37.20000076,289.6772206,76.74315801,26.02147852,58.19820517,0.8819558326,156.0443051,6.50108242,298.1290588,0,120.047493,378.9144897,9.999999747e-05,65588.27344,16.14800262,3.01790372
37.40000153,290.0894174,76.73764167,26.02187147,58.17160941,0.8817465197,156.0712195,6.50117588,298.1069641,0,120.1347427,386.1873779,9.999999747e-05,65607.95312,16.14531136,3.05597133
37.59999847,290.431016,76.80997995,26.02398613,58.13573341,0.8815021425,156.060417,6.501121998,298.065033,0,120.1848373,383.3399963,9.999999747e-05,65627.53125,16.14156151,3.086568559
37.79999924,290.096546,76.94281168,26.02713852,58.13283874,0.8816003915,155.9947732,6.500903606,298.0111084,0,120.256424,373.0505066,9.999999747e-05,65647.1875,16.1404686,3.111769825
38,289.18138,77.11302597,26.03131451,58.16256834,0.8820369516,155.8876277,6.500651836,297.9768066,0,120.4155273,357.1950684,9.999999747e-05,65667.13281,16.14287758,3.126524607
38.20000076,288.0827231,77.23296396,26.03445051,58.21796691,0.882665272,155.7929232,6.500329494,297.9397888,0,120.6748886,346.1843262,9.999999747e-05,65687.35938,16.14715004,3.147499756
38.40000153,287.1504311,77.36716595,26.03852158,58.26135358,0.8832243346,155.7004392,6.500157356,299.2331238,0,121.0632935,103.8552933,360.7504578,65707.76562,16.15104485,3.147455113
38.59999847,277.795213,73.98245897,26.09841409,58.79591251,0.8897163156,155.4227815,6.501492977,299.1477051,0,121.519928,548.0739136,36.07504654,65729,16.23828888,3.235094292
38.79999924,287.222811,73.78495468,26.08338453,57.94993733,0.8827758411,156.1482004,6.502753735,298.9697876,0,121.437767,555.1446533,3.607504606,65748.44531,16.17557335,3.261454862
39,289.7704225,74.25976357,26.05031806,58.02667421,0.8821243139,156.5621075,6.503370762,298.7460327,0,120.8564148,537.4391479,0.3607504666,65767.41406,16.16500473,3.270923041
39.20000076,293.6857927,74.78024055,26.0275827,57.97276286,0.8804136977,156.8730667,6.503428459,298.5465088,0,120.0300369,497.9485474,0.03607504815,65785.64062,16.14522934,3.281376223
39.40000153,295.5110121,75.32205746,26.01452335,57.93513117,0.8794232947,156.8773507,6.503000736,298.3807373,0,119.1803513,458.7628174,0.003607504768,65803.53125,16.13149643,3.291386864
39.59999847,295.5142699,75.78824922,26.0105119,57.93527057,0.879165549,156.7223316,6.502353191,298.2746582,0,118.5017242,423.562439,0.0003607504768,65821.49219,16.12579727,3.304479662
39.79999924,294.2980308,76.08436023,26.01035183,57.99111903,0.8796161394,156.5475045,6.501610279,298.2155457,0,118.0812607,402.4843445,9.999999747e-05,65839.78906,16.12797165,3.318084388
40,293.3058825,76.2398439,26.01112484,58.04148172,0.8800637259,156.4322178,6.500836372,298.1681213,0,117.9575348,393.1887207,9.999999747e-05,65858.3125,16.13056755,3.333270423
40.20000076,292.7763124,76.37498163,26.01310514,58.06177722,0.8802905701,156.345121,6.500090599,298.1197815,0,118.1432343,385.3533936,9.999999747e-05,65877,16.13102913,3.34870678
40.40000153,292.1764573,76.5450958,26.0166607,58.07922628,0.8805755927,156.2445083,6.499316216,298.0461426,0,118.6269989,375.3323975,9.999999747e-05,65895.85938,16.13087845,3.360533865
40.59999847,291.1047017,76.82436888,26.02358637,58.10748635,0.8811051388,156.0811035,6.498596191,297.9769897,0,119.4205933,354.7868347,9.999999747e-05,65915.13281,16.13288116,3.371508843
40.79999924,289.2984589,77.1278694,26.03223445,58.181525,0.8821427598,155.8844408,6.498071671,297.9355164,0,120.5019073,333.2105408,9.999999747e-05,65935.10938,16.14033318,3.385115383
41,287.6429575,77.3796627,26.04065238,58.26224893,0.883242356,155.7240528,6.497718811,299.1383362,0,121.7926941,99.96316528,341.261322,65955.51562,16.14772415,3.387850485
41.20000076,279.7720674,74.19258211,26.08192852,58.79236128,0.8895827633,155.894126,6.499069691,298.9891052,0,123.2247009,512.8305054,34.12613297,65976.75781,16.23042488,3.422009677
41.40000153,289.749774,74.32949251,26.05396245,58.03183063,0.8828084309,156.6207902,6.500174999,298.715332,0,124.1112289,495.0130005,3.412613153,65996.26562,16.16552925,3.419269964
41.59999847,292.6461547,75.23926613,26.0237362,58.06506961,0.8818350698,156.7594712,6.500819683,298.4977722,0,124.5619125,438.769104,0.3412612975,66015.64062,16.1514225,3.432448301
41.79999924,292.9579641,76.05221915,26.02117465,58.08852129,0.8817860338,156.577677,6.500986576,298.3277893,0,124.7554932,392.5910034,0.03412613273,66035.24219,16.14481926,3.44259574
42,291.9537908,76.69221135,26.02963701,58.119008,0.8821922351,156.3098507,6.500947952,298.223114,0,124.8823471,354.2440186,0.00341261318,66055.33594,16.14439011,3.463594581
42.20000076,290.2347185,77.08108703,26.03758992,58.19129614,0.8830369615,156.0840308,6.500711918,298.1414185,0,125.0237808,331.6946716,0.0003412613005,66075.91406,16.14882851,3.475366581
42.40000153,288.9807984,77.37055683,26.04542005,58.23812,0.8836627871,155.9115287,6.500283241,298.0574341,0,125.2596436,312.6693726,9.999999747e-05,66096.80469,16.15113068,3.479100598
42.59999847,287.679754,77.66344576,26.05462383,58.28143086,0.884319889,155.7349857,6.499939919,298.0195312,0,125.6670303,289.6018066,9.999999747e-05,66118.22656,16.15588951,3.502056724
42.79999924,286.287223,77.81714641,26.05964358,58.35766237,0.8851619838,155.6107219,6.499612808,297.9838562,0,126.2108917,279.3121338,9.999999747e-05,66140.04688,16.1621685,3.512203149
43,285.5215733,77.98595454,26.06604488,58.39046758,0.8856857413,155.5150641,6.499229431,297.9316406,0,126.8856964,268.023407,9.999999747e-05,66162.10938,16.16440201,3.511974721
43.20000076,284.5654585,78.21357773,26.07497892,58.42277007,0.8862987901,155.3908137,6.499020576,298.9565125,0,127.7141876,80.40702057,288.4484558,66184.47656,16.1684761,3.522708244
43.40000153,280.4698308,75.11886165,26.04981033,58.9506437,0.8908548842,156.1125768,6.500556946,298.8501282,0,128.6254578,431.8215027,28.84484482,66207.03125,16.23703194,3.548253111
43.59999847,288.1198214,75.34887953,26.02855488,58.29845383,0.8853496585,156.5095552,6.501645565,298.6167603,0,128.9168854,423.302063,2.884484529,66228.125,16.18167114,3.529343574
43.79999924,290.3187441,76.16100861,26.02530666,58.23749707,0.884171432,156.4653064,6.501983643,298.4055176,0,128.780014,375.4679565,0.2884484529,66248.94531,16.16398621,3.52784175
44,290.4169226,76.93659127,26.03771055,58.21924164,0.8839871677,156.2301525,6.501863003,298.2519836,0,128.5088501,327.460907,0.02884484455,66269.94531,16.15638351,3.544854207
44.20000076,288.9065803,77.46683951,26.05088336,58.27086616,0.8846142541,155.9591155,6.501344204,298.1292725,0,128.2852173,291.2843018,0.002884484362,66291.32031,16.15725708,3.55133635
44.40000153,287.174566,77.8460375,26.06270182,58.33727871,0.8854033309,155.7188154,6.500648022,298.0358582,0,128.2688293,259.5488892,0.000288448442,66313.125,16.1611557,3.560466123
44.59999847,285.3147018,78.11154651,26.0719645,58.42453967,0.886358033,155.5132255,6.500022888,297.9742126,0,128.5303345,233.0933685,9.999999747e-05,66335.46094,16.16822815,3.577187412
44.79999924,283.6946881,78.28930694,26.07871062,58.51291395,0.8872923976,155.3564279,6.499283314,297.9161072,0,129.0409698,213.8717804,9.999999747e-05,66358.19531,16.17463875,3.573554822
45,282.406178,78.4819204,26.0867848,58.5778505,0.8880960284,155.216221,6.498908043,298.7492065,0,129.8480072,64.16152954,232.6699371,66381.32812,16.18143845,3.592128309
45.20000076,281.1061542,75.8922175,26.03500625,59.01692978,0.8910696232,156.1751704,6.500100613,298.6289673,0,130.8036804,348.8639526,23.26699448,66404.28125,16.23090363,3.591621436
45.40000153,287.8212121,76.3772427,26.0285221,58.43540589,0.886394486,156.3587991,6.501223087,298.500885,0,131.278244,329.2298889,2.326699495,66426.28906,16.18628883,3.634022132
45.59999847,287.4115138,76.90924462,26.03477286,58.44202947,0.8864373116,156.1531961,6.501887798,298.4420166,0,131.3091736,309.5278015,0.2326699495,66448.73438,16.18585777,3.68761735
45.79999924,286.937875,77.13105941,26.03943136,58.4660484,0.8866751277,156.0554622,6.502267361,298.3832703,0,131.0755005,308.9611206,0.02326699346,66471.28906,16.18590927,3.697239522
46,287.4753572,77.32211478,26.04567996,58.41877208,0.8862977939,156.0134374,6.502444267,298.308075,0,130.6893616,305.7130432,0.002326699439,66493.64844,16.17928314,3.693200093
46.20000076,287.939932,77.55739446,26.05375275,58.36550173,0.885891831,155.9452103,6.502336502,298.2125854,0,130.2323456,294.5881348,0.0002326699469,66515.78125,16.17132759,3.678779479
46.40000153,287.8708323,77.849134,26.06406516,58.33410691,0.885732993,155.8217087,6.501925945,298.1204834,0,129.8187561,273.7568665,9.999999747e-05,66537.875,16.16609573,3.674873446
46.59999847,286.9626808,78.10405325,26.07329222,58.35806444,0.8860601874,155.6646811,6.501443386,298.0602722,0,129.569458,250.6670685,9.999999747e-05,66560.21094,16.1675148,3.696493214
46.79999924,285.7335655,78.24166009,26.07830261,58.4224314,0.8866664278,155.5355832,6.500999451,298.0350952,0,129.5123901,235.1089935,9.999999747e-05,66582.92188,16.17348289,3.729208217
47,284.9165451,78.29000138,26.08009389,58.47728868,0.8871452586,155.4664643,6.500501633,297.9884644,0,129.6325226,229.1350708,9.999999747e-05,66605.71875,16.17575073,3.711476972
47.20000076,284.4635648,78.44295847,26.08669696,58.48808295,0.8874072707,155.3821822,6.50006485,297.9554138,0,129.9520721,214.5511932,9.999999747e-05,66628.71875,16.17710495,3.723264278
47.40000153,283.6202725,78.55756579,26.09163168,58.53307301,0.8879267609,155.2937726,6.499781132,297.949646,0,130.4460602,203.0611572,9.999999747e-05,66652.10938,16.18266296,3.755220176
47.59999847,283.0679501,78.61778467,26.09432114,58.57267748,0.8883616621,155.2460162,6.499632835,298.7071228,0,131.0531921,60.91834641,206.5870056,66675.64844,16.18658829,3.763923259
47.79999924,281.3563833,76.15198713,26.03339315,59.01058181,0.8912378716,156.1928185,6.50095129,298.6578979,0,131.7195435,320.3947144,20.65870094,66699.0625,16.23495483,3.759917246
48,286.8966912,76.42168591,26.02516113,58.50436318,0.8873872088,156.3928611,6.501997471,298.5419922,0,131.8542786,324.2524414,2.065870047,66721.47656,16.19638252,3.76392277
48.20000076,287.7188953,76.85430001,26.03220404,58.4416537,0.8867318446,156.274096,6.502600193,298.449646,0,131.5760345,309.3056946,0.2065870017,66743.85156,16.18776321,3.789711961
48.40000153,287.9741638,77.16706831,26.04044039,58.4177214,0.8864831532,156.1697278,6.50284338,298.3583679,0,131.0574188,298.6364136,0.02065870166,66766.125,16.18198395,3.791003326
48.59999847,288.326584,77.44779369,26.04962379,58.37912163,0.8861329135,156.0707928,6.502770424,298.2690735,0,130.4411621,284.70578,0.00206586998,66788.23438,16.17527962,3.789540521
48.79999924,288.2644675,77.70031523,26.05846963,58.36094408,0.8859783854,155.9527573,6.502464294,298.1977844,0,129.8540802,268.0245667,0.0002065870067,66810.32812,16.17162132,3.803113509
49,287.7400667,77.87308385,26.06465917,58.37732324,0.8861089237,155.8389441,6.50203228,298.1542358,0,129.3891907,254.1845703,9.999999747e-05,66832.53906,16.17232323,3.831486233
49.20000076,287.1710043,77.95299019,26.06753311,58.40825134,0.8863378043,155.7617728,6.501551628,298.1265869,0,129.0967102,247.1085663,9.999999747e-05,66854.88281,16.17444229,3.852861162
49.40000153,286.8939425,78.00335388,26.06957686,58.42424703,0.8864599387,155.7166402,6.50109148,298.1025085,0,128.9962006,243.6869354,9.999999747e-05,66877.27344,16.17519951,3.863099035
49.59999847,286.7771361,78.0701219,26.07247852,58.426914,0.8865188364,155.67844,6.500656605,298.0891113,0,129.0795746,240.3345184,9.999999747e-05,66899.77344,16.17586136,3.882241704
49.79999924,286.6585026,78.1250613,26.07491723,58.43242745,0.8866203302,155.6498917,6.500304222,298.0730591,0,129.3369446,239.7333374,9.999999747e-05,66922.35156,16.17626762,3.887636218
50,286.6522839,78.21666239,26.07900348,58.42542868,0.8866788467,155.6174204,6.500020504,298.0581665,0,129.7350616,237.6413269,9.999999747e-05,66945.03906,16.17619514,3.896470133
50.20000076,286.5534767,78.32211557,26.08365531,58.42296442,0.8868076805,155.5780605,6.499779701,298.0509033,0,130.2467499,235.3560333,9.999999747e-05,66967.91406,16.17723274,3.913486723
50.40000153,286.4543322,78.4181748,26.08792166,58.4233979,0.8869693924,155.5458375,6.49960041,298.0466919,0,130.8547211,235.1457367,9.999999747e-05,66990.96875,16.17846298,3.926489078
50.59999847,286.4652775,78.52280089,26.0926176,58.41576042,0.8870902744,155.5197634,6.499495506,298.0415344,0,131.5343781,235.6556549,9.999999747e-05,67014.19531,16.1789856,3.935072892
50.79999924,286.5075401,78.64461191,26.09808059,58.40320836,0.8872005304,155.4914102,6.499446869,298.0361938,0,132.2560425,235.6568146,9.999999747e-05,67037.60156,16.17930984,3.944272953
51,286.5208721,78.77446229,26.10389313,58.39136736,0.8873324638,155.4600227,6.499488354,298.0227051,0,132.9970703,235.4147186,9.999999747e-05,67061.14844,16.179142,3.942765092
51.20000076,286.4918647,78.93781951,26.11121956,58.37648501,0.8874819098,155.414766,6.499422073,298.0289612,0,133.721405,232.1531525,9.999999747e-05,67084.97656,16.18084145,3.975420311
51.40000153,286.3800463,79.02204676,26.11497163,58.38145559,0.8876998415,155.3937625,6.499559402,298.0126648,0,134.4729309,235.2640533,9.999999747e-05,67108.90625,16.18098831,3.957456951
51.59999847,286.5136622,79.2119892,26.12359482,58.35123789,0.8877696357,155.3507064,6.4996562,298.0027466,0,135.1684418,230.6805878,9.999999747e-05,67133.02344,16.18055725,3.971547428
51.79999924,286.293855,79.3494654,26.12983127,58.35278369,0.8880199855,155.3043887,6.499558926,298.0168762,0,135.8260651,227.8598022,9.999999747e-05,67157.45312,16.183815,4.010991003
52,286.238116,79.39772677,26.13197317,58.36051111,0.888209345,155.2983502,6.499611855,298.0198669,0,136.5232086,232.9090118,9.999999747e-05,67182.01562,16.1850338,4.009410962
52.20000076,286.5419191,79.52216337,26.137625,58.33008158,0.8882032355,155.2897927,6.49971199,298.0184326,0,137.1979065,234.4655609,9.999999747e-05,67206.67969,16.18399811,4.014117073
52.40000153,286.6732279,79.6512398,26.14350176,58.30898508,0.8882714984,155.2691725,6.499546051,298.0403442,0,137.8330231,234.6981201,9.999999747e-05,67231.58594,16.18564796,4.054522363
52.59999847,286.7858187,79.67685313,26.14454505,58.30790655,0.8883633287,155.2813345,6.499226093,298.0758362,0,138.5354309,242.9597778,9.999999747e-05,67256.71094,16.18814278,4.086104684
52.79999924,287.2831356,79.68371785,26.1446176,58.28439626,0.8882760861,155.3251454,6.499040127,298.1048889,0,139.3654633,256.5530396,9.999999747e-05,67281.90625,16.18788528,4.09561822
53,288.0024645,79.75417348,26.14753528,58.23399737,0.8880782397,155.3638896,6.498715878,298.1438599,0,140.2689362,269.1578674,9.999999747e-05,67307.24219,16.18701935,4.122973259
53.20000076,288.6107246,79.78147713,26.14835913,58.19691038,0.8879445288,155.4107709,6.498636723,298.1680908,0,141.3030243,286.3175659,9.999999747e-05,67332.64062,16.18574905,4.124569429
53.40000153,289.4041915,79.91224427,26.1538138,58.13092585,0.8877283409,155.4354808,6.498903275,298.1643066,0,142.3675232,299.7737122,9.999999747e-05,67358.05469,16.18174553,4.110443206
53.59999847,290.0856707,80.18316779,26.16566748,58.05065352,0.8875683013,155.4080707,6.49922514,298.1469727,0,143.3251495,304.5891113,9.999999747e-05,67383.55469,16.17749214,4.107849543
53.79999924,290.3979263,80.48354122,26.17905586,57.99077769,0.8875931846,155.3493363,6.499218464,298.1455383,0,144.1548462,304.8019409,9.999999747e-05,67409.30469,16.17623711,4.134992037
54,290.4397224,80.65816732,26.18680756,57.96963235,0.8877459741,155.3121421,6.499233723,298.138855,0,144.9885406,309.9446106,9.999999747e-05,67435.25,16.17638969,4.141428519
54.20000076,290.7376844,80.88842436,26.19710539,57.92314315,0.8877844383,155.2731193,6.4990201,298.144104,0,145.8149719,313.1069946,9.999999747e-05,67461.41406,16.17579842,4.16522409
54.40000153,290.9122374,81.04506714,26.20401473,57.89631578,0.887875524,155.2487019,6.499135971,298.1243591,0,146.7276306,320.1787109,9.999999747e-05,67487.6875,16.1746006,4.151783633
54.59999847,291.3630201,81.39131193,26.2197224,57.82077232,0.8878710999,155.1869906,6.499035835,298.1130066,0,147.5922394,318.7360229,9.999999747e-05,67514.16406,16.17209435,4.169802377
54.79999924,291.3987378,81.64201555,26.23131025,57.7881562,0.8880572554,155.1293085,6.498739243,298.1126404,0,148.4985504,319.6270142,9.999999747e-05,67540.92969,16.17259979,4.191422288
55,291.4952924,81.84845303,26.24072881,57.76035981,0.8882238854,155.0875051,6.498167992,298.1303406,0,149.5235748,323.8198853,9.999999747e-05,67568.01562,16.17386436,4.221339513
55.20000076,291.6646416,81.98726392,26.2466769,57.73938682,0.8883556552,155.0685145,6.497349739,298.1668701,0,150.7773438,334.1535034,9.999999747e-05,67595.4375,16.17576599,4.253085731
55.40000153,291.9635268,82.08074023,26.24993288,57.71680813,0.8884349462,155.0687921,6.496181011,298.2308655,0,152.3582153,351.5125427,9.999999747e-05,67623.27344,16.17826462,4.292319541
55.59999847,292.2264979,82.06615669,26.24736745,57.71112777,0.8885284874,155.0924195,6.495401382,298.2832336,0,154.407074,379.5798035,9.999999747e-05,67651.45312,16.18070221,4.299877254
55.79999924,292.7999337,82.25617052,26.25348151,57.64887379,0.8885421466,155.0727843,6.495360374,298.2906799,0,156.7653961,405.8212585,9.999999747e-05,67679.92188,16.17900276,4.280794012
56,293.6586514,82.86398366,26.27885509,57.50249232,0.8885433033,154.9602609,6.495171547,298.2932434,0,159.138855,418.6154175,9.999999747e-05,67708.85938,16.17421532,4.291294441
56.20000076,294.0152943,83.46363988,26.30456359,57.3907532,0.8888040609,154.826053,6.495265484,298.2625122,0,161.5906525,430.3469543,9.999999747e-05,67738.28906,16.17110252,4.279431203
56.40000153,294.7972992,84.4254344,26.34752479,57.1920414,0.8890097654,154.6367813,6.495158195,298.2209167,0,164.0034637,430.7245789,9.999999747e-05,67768.26562,16.16426659,4.282157537
56.59999847,295.3776278,85.46563681,26.39560792,56.98927777,0.8893719867,154.4325069,6.494744778,298.1777039,0,166.4607391,426.4512024,9.999999747e-05,67798.875,16.15834427,4.290008295
56.79999924,295.861053,86.53238531,26.44601479,56.78442494,0.8898308024,154.2262022,6.494050503,298.135437,0,169.0838318,420.1336975,9.999999747e-05,67830.19531,16.15318108,4.298407484
57,296.3113456,87.6350398,26.49891446,56.57067584,0.8903570098,154.0169394,6.493126392,298.0944824,0,171.9846649,412.5430908,9.999999747e-05,67862.29688,16.14841843,4.305779954
57.20000076,296.7588247,88.79394387,26.55515561,56.34104776,0.8909418405,153.8015588,6.4921031,298.0491943,0,175.2549896,403.8074036,9.999999747e-05,67895.24219,16.14377022,4.308001904
57.40000153,297.2786438,90.08237552,26.61829579,56.07342479,0.8915816691,153.5723578,6.49069643,298.0176392,0,178.9342041,392.032074,9.999999747e-05,67929.19531,16.13857651,4.319390924
57.59999847,297.6046019,91.26829508,26.67723936,55.8320062,0.8922679875,153.3541436,6.488806725,298.0110474,0,183.1770477,383.3359375,9.999999747e-05,67964.33594,16.13517189,4.335548718
57.79999924,297.8148948,92.32262469,26.72943448,55.61929199,0.8929136908,153.1425455,6.487175465,297.9924316,0,188.1760864,381.9596863,9.999999747e-05,68000.67969,16.1334343,4.333507479
58,298.4451915,93.74946536,26.79897231,55.2810354,0.8935223035,152.8878141,6.485319138,297.9808044,0,193.8252869,375.9954834,9.999999747e-05,68038.42969,16.12734604,4.334493983
58.20000076,298.7882699,95.07681695,26.86423779,54.96161375,0.8941406833,152.6388461,6.483683586,297.9563904,0,200.2184601,371.8439941,9.999999747e-05,68077.70312,16.12329674,4.3276819
58.40000153,299.1562784,96.55815808,26.93670455,54.57312725,0.8947631099,152.3800737,6.482336044,297.9143677,0,207.2644348,362.789093,9.999999747e-05,68118.63281,16.11826515,4.316501745
58.59999847,299.1724027,97.98340237,27.00631094,54.17539114,0.89543749,152.1509592,6.481462002,299.1884155,0,214.8492279,108.8367233,386.4179382,68161.16406,16.11494255,4.288727255
58.79999924,303.4310145,80.62054606,26.80652712,58.85967177,0.8935019109,151.6154807,6.4902215,298.9827576,0,222.7828979,545.4813843,38.6417923,68199.14844,16.27662086,4.198316966
59,283.8171038,83.18209601,26.36963602,58.55642477,0.8985488996,152.5191634,6.496776104,298.6975098,0,225,509.5392151,3.864179373,68242.4375,16.30718994,4.216744107
59.20000076,282.6263117,86.99085594,26.46625353,57.65677368,0.8990341792,152.5498331,6.500571251,298.4406738,0,225,449.5329285,0.3864179254,68287.03125,16.27580833,4.250300928
59.40000153,286.1814023,91.36209878,26.65448716,56.41574207,0.8985114249,152.3744592,6.500931263,298.2709961,0,225,389.2199097,0.03864179179,68332.24219,16.22833061,4.324742647
59.59999847,288.7391551,93.93380359,26.77879918,55.63778153,0.898190084,152.2887115,6.499905109,298.13974,0,225,349.1323853,0.003864179365,68377.6875,16.19922447,4.344579189
59.79999924,290.6313918,95.61454161,26.86399026,55.1082443,0.8980024325,152.2478194,6.499108791,298.0002136,0,225,315.2778931,0.0003864179307,68423.07812,16.18106651,4.320171689
60,292.2219182,97.02399487,26.9375969,54.64655446,0.8979499798,152.2433133,6.497833729,297.8974609,0,225,273.3704529,9.999999747e-05,68468.5625,16.16645241,4.330859349
60.20000076,292.21525,97.21492842,26.95291492,54.58633783,0.8980509836,152.3282553,6.496527672,298.8483276,0,225,82.01113129,289.8233643,68514.05469,16.16592979,4.342035667
60.40000153,286.7955203,82.91902573,26.51954066,58.8883907,0.8982260456,152.7469872,6.502633095,298.6957397,0,225,406.9796448,28.98233604,68556.625,16.31263733,4.228925629
60.59999847,282.4386541,86.42510949,26.46688621,57.90372476,0.8993140793,152.7389199,6.506139278,298.4874268,0,224.4425812,379.0206604,2.898233652,68600.95312,16.29047203,4.272264065
60.79999924,284.0639256,89.53677292,26.58186422,57.03759183,0.8991172542,152.6822601,6.507238388,298.3215027,0,222.5148621,334.3822327,0.2898233533,68645.47656,16.25807381,4.325109256
61,286.7337646,91.93186583,26.6924346,56.3313622,0.8986506411,152.6416504,6.506440639,298.2080994,0,220.1470642,296.9819336,0.0289823357,68689.75,16.22922707,4.378197444
61.20000076,288.6744374,93.22716245,26.75883964,55.93786765,0.8982559642,152.6528022,6.505037308,298.1194458,0,218.0968781,271.1555481,0.002898233477,68733.625,16.21182823,4.397353421
61.40000153,290.2052807,94.05860151,26.80456173,55.68161098,0.8979403798,152.6719652,6.503548145,298.0456848,0,216.6040039,249.2302551,0.0002898233652,68777.13281,16.20027351,4.405008149
61.59999847,291.2475297,94.55990271,26.83465523,55.52835866,0.8977266168,152.6982958,6.502407074,297.9768372,0,215.7050476,228.9251404,9.999999747e-05,68820.34375,16.19357681,4.39794421
61.79999924,291.8979469,94.8845461,26.85573444,55.43160901,0.8976166318,152.7286413,6.501740456,297.911377,0,215.2611542,207.4351501,9.999999747e-05,68863.38281,16.19005585,4.383325223
62,292.092907,95.00429337,26.86625236,55.4011706,0.8976089458,152.7707229,6.501327991,298.6628418,0,215.0834656,62.23054504,227.5819855,68906.25,16.18965149,4.376735826
62.20000076,284.6291843,84.40760164,26.47666758,58.59847238,0.8984871989,153.2707388,6.506898403,298.5169067,0,215.0715027,318.650177,22.75819778,68947.625,16.30191612,4.209769002
62.40000153,285.3327576,88.27191854,26.54139189,57.43416047,0.8986266334,153.0511863,6.509859085,298.328186,0,212.8125,287.5249329,2.275819778,68989.35938,16.26543236,4.245308588
62.59999847,287.6211876,90.70873448,26.64653861,56.73097284,0.8981843178,153.0300367,6.510853767,298.1837769,0,209.3970642,242.8989563,0.2275819778,69030.64062,16.23685074,4.290645904
62.79999924,289.5114046,91.93779022,26.71061466,56.36870759,0.8977304464,153.0861031,6.511191368,298.0628357,0,205.5817719,206.8016205,0.0227581989,69071.03906,16.21880722,4.280699836
63,290.8494183,92.48258258,26.74479803,56.20169105,0.8973520157,153.1715032,6.51064682,297.9909668,0,201.6272278,173.0493774,0.00227581989,69110.64062,16.20858192,4.327646254
63.20000076,290.9932343,92.09197124,26.73416859,56.31897015,0.8971157812,153.2931975,6.510504723,297.9276428,0,197.8913574,151.5143127,0.0002275819861,69149.28125,16.20821381,4.294561415
63.40000153,291.1432089,91.69782276,26.7218603,56.43137952,0.8969071712,153.3961351,6.51055336,298.4771118,0,194.2082672,45.45429611,167.016922,69186.91406,16.20811272,4.269754984
63.59999847,285.0563958,84.80710927,26.43068381,58.39505652,0.8973935575,154.0150725,6.514198303,298.3484497,0,190.5063324,232.7885132,16.70169258,69223.13281,16.27423096,4.127910905
63.79999924,288.3108705,87.40918052,26.49958765,57.51669299,0.8966042704,153.9130329,6.515351295,298.2233582,0,185.3352509,202.1688995,1.670169234,69258.39844,16.24083138,4.209036137
64,289.0040236,87.64957403,26.51340989,57.41162986,0.8960588959,154.0126331,6.515720844,298.1236877,0,179.7226868,173.0410461,0.1670169234,69292.46875,16.23021889,4.212955047
64.19999695,289.4421045,87.31348052,26.50402262,57.46131716,0.8954914521,154.1418281,6.515661716,298.051178,0,173.9568024,147.9760742,0.01670169272,69325.21875,16.22478294,4.213584154
64.40000153,289.2415605,86.52553608,26.47232645,57.62335491,0.8949908853,154.2848396,6.51542902,298.0007935,0,168.2134857,128.3370972,0.001670169178,69356.67969,16.22418404,4.211780845
64.59999847,288.6831634,85.52630644,26.4287542,57.82913249,0.8945212462,154.4313588,6.515126705,297.9683228,0,162.5624847,113.4209061,0.0001670169149,69386.88281,16.22601891,4.211636255
64.80000305,287.9807067,84.45623014,26.37997773,58.03850701,0.8940452127,154.5795682,6.514756203,297.932251,0,157.0320587,102.6250229,9.999999747e-05,69415.71875,16.22597313,4.136192634
65,287.3764604,83.48533433,26.33549052,58.21104189,0.8935265979,154.7066301,6.514339447,298.3387146,0,151.6498108,30.78750801,118.8743973,69443.375,16.22832108,4.166058362
65.19999695,286.5007916,80.30981401,26.18054666,58.70701601,0.8930033173,155.693206,6.514951229,298.2655029,0,146.4342041,168.7423706,11.88743973,69469.32031,16.24592972,4.053019227
65.40000153,289.8684744,80.39189139,26.16537248,58.3686379,0.8906829653,155.84827,6.514269352,298.1691284,0,140.9703064,153.1389923,1.188743949,69493.45312,16.21868706,4.028532027
65.59999847,289.6464136,79.93847363,26.14878892,58.41787838,0.8899205945,155.8172074,6.513030529,298.1003418,0,135.7867737,130.4015808,0.1188744009,69516.50781,16.21343231,4.045408389
65.80000305,288.8628321,79.36119961,26.12559344,58.52408713,0.8895457824,155.7957048,6.510821819,298.0397034,0,131.096344,113.7302704,0.01188744046,69538.52344,16.2101841,3.995532949
66,288.1696028,78.86391449,26.10541238,58.61587822,0.889247247,155.7585634,6.508975983,298.0112,0,127.2908783,97.08877563,0.001188743976,69559.89844,16.21279716,4.057116161
66.19999695,287.2976345,78.40907162,26.08487829,58.71155547,0.8892208618,155.7432052,6.506507874,297.9837646,0,124.2195358,89.20384216,0.000118874399,69580.63281,16.21302795,4.016426615
66.40000153,286.9055077,78.09272777,26.07109021,58.76672397,0.8890936161,155.7248174,6.504300594,297.9697266,0,122.1385498,80.36396027,9.999999747e-05,69600.98438,16.21481895,4.038238634
66.59999847,286.462943,77.87423667,26.06129848,58.81830945,0.8891502113,155.7039015,6.501567364,297.9519043,0,120.9376602,75.12242126,9.999999747e-05,69621.02344,16.21424103,3.987059097
66.80000305,286.2336495,77.7794995,26.05799631,58.85089971,0.8892175625,155.6649801,6.499555588,297.9448242,0,120.8325272,67.94238281,9.999999747e-05,69641.10156,16.21727371,4.011162737
67,285.9163711,77.78267665,26.05888007,58.88314776,0.8894692008,155.6229428,6.4972229,298.2113647,0,121.528183,20.38271523,76.6415863,69661.22656,16.21753693,3.95339837
67.19999695,288.3507503,77.11404302,26.03238287,58.80992937,0.8892559604,156.3549135,6.495023251,298.1553345,0,123.160202,110.319191,7.664158344,69680.99219,16.21833038,3.870935972
67.40000153,290.5505843,77.49922441,26.04437472,58.62876977,0.8879838518,156.251713,6.494326115,298.1006775,0,125.6706696,96.91514587,0.7664158344,69700.98438,16.20791626,3.920146229
67.59999847,289.1802723,77.96445451,26.06698412,58.69439486,0.8888445655,155.9754596,6.494623661,298.0621948,0,128.4555511,84.31118774,0.07664158195,69721.95312,16.21610451,3.958774272
67.80000305,288.1797377,78.42613901,26.09007503,58.73967217,0.8896757519,155.7673664,6.495430946,298.0342102,0,131.1229248,75.21648407,0.007664158475,69743.78125,16.22292137,3.978498791
68,287.5193725,78.85415508,26.11171207,58.76080002,0.8903374133,155.6098633,6.496737957,298.0165405,0,133.4687958,68.18486786,0.0007664158475,69766.35156,16.22881508,4.010254665
68.19999695,287.0409285,79.21693266,26.12983471,58.77018648,0.8908698987,155.4958331,6.497589111,297.9963684,0,135.2919922,63.5817337,9.999999747e-05,69789.39844,16.23052406,3.976140525
68.40000153,286.7879017,79.53081973,26.14616301,58.76781817,0.8912361637,155.400223,6.498833179,297.9862366,0,136.7777863,57.37369537,9.999999747e-05,69812.91406,16.23422432,4.009860472
68.59999847,286.4357778,79.75656412,26.15744162,58.77592765,0.8916000036,155.3320966,6.500420094,297.9851074,0,137.7631073,53.89468765,9.999999747e-05,69836.83594,16.23893547,4.056265191
68.80000305,286.2123329,79.88934416,26.16338699,58.78033647,0.8918303331,155.3035415,6.501533508,297.9802551,0,138.1139221,53.06509781,9.999999747e-05,69860.85938,16.23942757,4.031233251
69,286.1731376,79.95802449,26.16657606,58.7774747,0.8918936315,155.2915847,6.502430916,297.9768982,0,138.0220337,50.83755112,9.999999747e-05,69884.89062,16.23983955,4.030979902
69.19999695,286.0549585,79.95022595,26.16592121,58.78579906,0.8919357194,155.290039,6.503469467,297.980072,0,137.5703278,48.98206329,9.999999747e-05,69908.92969,16.24225998,4.06824802
69.40000153,285.9255558,79.86803441,26.16100833,58.79967535,0.8919344131,155.3107951,6.504532814,297.9878235,0,136.7020569,49.23531342,9.999999747e-05,69932.86719,16.24468422,4.105389536
69.59999847,285.9039659,79.72118734,26.15252052,58.8101361,0.8918288788,155.3564509,6.505487442,297.9980164,0,135.4087982,51.13528061,9.999999747e-05,69956.58594,16.24612808,4.136117396
69.80000305,285.9869563,79.51585096,26.14099903,58.81692167,0.8916216894,155.4224356,6.506250858,298.0092468,0,133.7340546,54.13946533,9.999999747e-05,69979.96094,16.2466526,4.160778703
70,286.1597804,79.26246393,26.12712433,58.82040569,0.8913292709,155.5035774,6.506351948,298.0095825,0,131.7542114,57.85876846,9.999999747e-05,70002.75781,16.24270058,4.106687788
70.19999695,286.4333807,79.01216148,26.11441847,58.81794039,0.890954352,155.5711611,6.506546021,298.018219,0,129.7355347,58.24340057,9.999999747e-05,70025.14062,16.24337006,4.162048188
70.40000153,286.5136741,78.72452511,26.09929883,58.82996496,0.8906861966,155.6447018,6.506219864,298.0189209,0,127.6368332,61.58019257,9.999999747e-05,70046.96094,16.24062729,4.124766365
70.59999847,286.8087003,78.46720538,26.08647243,58.82710927,0.8903118515,155.710046,6.505449772,298.0151367,0,125.670578,62.43352127,9.999999747e-05,70068.21875,16.23715591,4.097157693
70.80000305,286.9721568,78.24035309,26.0755927,58.83231659,0.8900284698,155.7504575,6.504511833,298.0116882,0,124.0121841,61.83445358,9.999999747e-05,70089.03906,16.23566055,4.093118796
71,287.0440328,78.05287281,26.06666813,58.84238667,0.8898452236,155.775998,6.503164291,298.0038757,0,122.7280121,61.23653793,9.999999747e-05,70109.48438,16.23339081,4.059026822
71.19999695,287.1160953,77.9257607,26.0611323,58.85122085,0.8897146777,155.7805149,6.501558781,297.993988,0,121.9836807,59.01028442,9.999999747e-05,70129.66406,16.23172951,4.030563145
71.40000153,287.0824278,77.86706333,26.05915758,58.86507604,0.8897086464,155.7615911,6.500499725,297.990509,0,121.8810883,55.80281448,9.999999747e-05,70149.85938,16.23390579,4.056418143
71.59999847,286.9771628,77.86523991,26.05945779,58.87974725,0.8898170143,155.742396,6.498169899,297.9729309,0,122.1994934,54.453228,9.999999747e-05,70169.92188,16.22992516,3.949635114
71.80000305,287.016954,77.95166743,26.06555424,58.8857585,0.8899030274,155.6874417,6.495734692,297.9560852,0,123.4557953,48.0574913,9.999999747e-05,70190.15625,16.22922897,3.909651913
72,286.7753206,78.14308131,26.07695935,58.90629661,0.8902571627,155.599439,6.494292259,297.9467773,0,125.6824722,41.35877609,9.999999747e-05,70210.92969,16.23350334,3.921315396
72.19999695,286.5351278,78.43607464,26.09293715,58.91930589,0.8907212762,155.51193,6.493160725,298.1196594,0,128.4824982,12.40763283,50.57449341,70232.28906,16.23653603,3.896150335
72.40000153,288.2092413,78.27786497,26.08589907,58.85888802,0.8906811444,155.9345412,6.493569374,298.0880432,0,131.7373047,70.11898804,5.057449341,70254,16.24088669,3.907184127
72.59999847,289.3271072,78.88129107,26.11044539,58.72948552,0.8903588574,155.8077569,6.49430418,298.0497131,0,134.8245239,62.41100693,0.5057449341,70276.22656,16.23563957,3.914205397
72.80000305,288.6478185,79.4252102,26.13908379,58.74132821,0.8910124182,155.6044892,6.496122837,298.0276184,0,137.6217346,52.72254181,0.05057449639,70299.35938,16.2426033,3.977549372
73,288.0147949,79.87484271,26.16221838,58.75478643,0.891648442,155.4613807,6.497949123,298.0111389,0,139.6890564,47.25330353,0.005057449453,70323.14062,16.24708366,3.988204339
73.19999695,287.6959728,80.21979876,26.17994948,58.75251186,0.8920500778,155.368154,6.499720097,297.9997559,0,141.0292206,42.7682724,0.0005057449453,70347.34375,16.24991226,4.000623075
73.40000153,287.4399217,80.44324312,26.19125297,58.75268067,0.8923257871,155.3100791,6.500877857,297.9880066,0,141.6613007,39.38253021,9.999999747e-05,70371.71875,16.25035858,3.974174884
73.59999847,287.2818844,80.56939666,26.19795367,58.7545576,0.892477041,155.2723113,6.501351833,297.9764404,0,141.8320923,35.40520096,9.999999747e-05,70396.13281,16.24996758,3.941870849
73.80000305,287.1230328,80.6227047,26.20129159,58.76392817,0.8925822524,155.2435618,6.50216341,297.9725952,0,141.8135376,31.05673027,9.999999747e-05,70420.64062,16.25252724,3.971322706
74,286.8793466,80.61203851,26.20057432,58.78200488,0.8926915115,155.2339987,6.502269268,297.9670715,0,141.4670868,28.93334961,9.999999747e-05,70445.0625,16.25246048,3.935593202
74.19999695,286.8122192,80.57532715,26.19899234,58.79253889,0.8926974279,155.2325251,6.502729893,297.9672852,0,141.0816803,26.02628899,9.999999747e-05,70469.46094,16.25450516,3.962258992
74.40000153,286.6530145,80.50481768,26.19505689,58.80991469,0.8927292044,155.2414678,6.503005981,297.9681091,0,140.5085297,24.91077042,9.999999747e-05,70493.75781,16.25551796,3.957837249
74.59999847,286.6032717,80.41651685,26.19022234,58.82152916,0.8926940107,155.2597492,6.502995491,297.9685974,0,139.8267822,23.95683098,9.999999747e-05,70517.89062,16.25562668,3.945831761
74.80000305,286.5837193,80.3164967,26.18495909,58.83266203,0.8926377796,155.2792684,6.503035069,297.9707336,0,139.1494293,22.92582512,9.999999747e-05,70541.875,16.2565155,3.952577751
75,286.5512212,80.21121099,26.17925963,58.8446347,0.8925882821,155.3013174,6.502809525,297.9719543,0,138.4551544,22.47929764,9.999999747e-05,70565.6875,16.25657272,3.93968773
75.19999695,286.5766787,80.1120237,26.17407415,58.85322326,0.8925183684,155.3224204,6.503472328,297.9796143,0,137.8522949,21.78668785,9.999999747e-05,70589.46094,16.26004219,4.001934431
75.40000153,286.5086178,79.99883365,26.16719054,58.86518012,0.8924839725,155.3558507,6.503335476,297.9812012,0,136.9804382,23.3739872,9.999999747e-05,70612.97656,16.25864029,3.957949821
75.59999847,286.6468312,79.88469476,26.16113509,58.86600983,0.8923388596,155.3879237,6.503411293,297.9847107,0,136.1688843,23.10028839,9.999999747e-05,70636.29688,16.25928688,3.976351833
75.80000305,286.654851,79.76292089,26.15442102,58.87489896,0.8922566733,155.4174263,6.502833366,297.9840698,0,135.3236389,23.59671021,9.999999747e-05,70659.35938,16.25786972,3.939815858
76,286.7633973,79.65747301,26.14919238,58.87877586,0.8921410282,155.4389964,6.501534939,297.9801331,0,134.7124329,22.77530098,9.999999747e-05,70682.17969,16.25583267,3.896469673
76.19999695,286.8578115,79.59280206,26.14670686,58.88455705,0.8920802699,155.4414899,6.499416351,297.9734192,0,134.6208954,20.81830215,9.999999747e-05,70704.84375,16.25390816,3.844341702
76.40000153,286.9667691,79.60755127,26.14900578,58.88933077,0.8921031698,155.419657,6.49598074,297.9632263,0,135.377182,17.78895569,9.999999747e-05,70727.49219,16.25154305,3.767709192
76.59999847,287.1623263,79.752863,26.15917336,58.88817007,0.8922330808,155.363657,6.492500305,297.9552307,0,137.5094147,13.32877922,9.999999747e-05,70750.48438,16.25222397,3.733555365
76.80000305,287.378429,80.08495472,26.17922,58.87696391,0.8925346575,155.2770077,6.490079403,297.9515686,0,141.0296326,9.263321877,9.999999747e-05,70774.19531,16.25577354,3.735564606
77,287.6763851,80.61638734,26.2091584,58.84426782,0.8929459922,155.1718256,6.488701344,297.9506226,0,145.51474,6.380003452,9.999999747e-05,70798.85938,16.25962639,3.741251616
77.19999695,288.1003211,81.30890501,26.24706605,58.78597497,0.8933881739,155.0545385,6.489611626,297.9552307,0,150.5510406,4.266955376,9.999999747e-05,70824.67969,16.26543999,3.803273542
77.40000153,288.452354,82.08219223,26.28745927,58.71162251,0.8938553798,154.9434669,6.489854336,297.9559631,0,155.2190399,4.009371758,9.999999747e-05,70851.46875,16.26625061,3.768336131
77.59999847,288.9997428,82.85142288,26.32828045,58.62057389,0.8941994114,154.8344464,6.491559505,297.9604797,0,159.7993469,2.548462391,9.999999747e-05,70879.30469,16.26959991,3.817381927
77.80000305,289.3016116,83.57195356,26.36506269,58.53658713,0.8945711278,154.7391161,6.494348526,297.9673157,0,163.6907959,2.452819824,9.999999747e-05,70908.10156,16.27316093,3.870081361
78,289.4644671,84.17078367,26.3941311,58.46208121,0.8948830739,154.6736255,6.497848988,297.9758301,0,166.4676208,3.297176123,9.999999747e-05,70937.65625,16.27640343,3.926462827
78.19999695,289.457266,84.57746847,26.41219111,58.41079546,0.8951229718,154.6446523,6.50069046,297.9806824,0,167.8454132,4.951116562,9.999999747e-05,70967.5625,16.27699661,3.917934993
78.40000153,289.4633164,84.79228353,26.42091542,58.38063659,0.8952351938,154.6433574,6.503645897,297.9867859,0,168.091095,5.655484676,9.999999747e-05,70997.64844,16.27889061,3.954851566
78.59999847,289.2776966,84.79922504,26.41865447,58.38513626,0.8953017984,154.6712333,6.505912304,297.9902039,0,167.1522064,7.003905296,9.999999747e-05,71027.57031,16.2794323,3.944492163
78.80000305,289.1313908,84.64640309,26.40882187,58.40779074,0.8952554759,154.7213192,6.507963657,297.9941711,0,165.3093262,7.636959076,9.999999747e-05,71057.17188,16.28061867,3.961857534
79,288.8797936,84.33308641,26.39079216,58.4543428,0.8951524209,154.7922016,6.509513378,297.9971313,0,162.6443481,8.62116909,9.999999747e-05,71086.22656,16.28126717,3.959744024
79.19999695,288.6386097,83.89848061,26.36682569,58.5122027,0.8949614042,154.8797435,6.510056019,297.9968262,0,159.3605499,9.386423111,9.999999747e-05,71114.51562,16.28023529,3.922856342
79.40000153,288.4629237,83.38434616,26.33961414,58.57375539,0.8946833343,154.972461,6.509892941,297.995697,0,155.8612213,9.153157234,9.999999747e-05,71142,16.27935028,3.899008087
79.59999847,288.2753599,82.8314329,26.31081474,58.63786827,0.894381062,155.0632451,6.507966518,297.9900513,0,152.4263763,8.645073891,9.999999747e-05,71168.57812,16.27625084,3.821180331
79.80000305,288.2692154,82.32385639,26.28578526,58.68969193,0.8940430357,155.1341841,6.50628233,297.9880371,0,149.765625,6.550171852,9.999999747e-05,71194.52344,16.27639198,3.824683363
80,288.1613152,81.90826207,26.26500853,58.73749014,0.8938251027,155.1876805,6.504089355,297.9855652,0,147.7720337,5.520700932,9.999999747e-05,71219.9375,16.27591324,3.79513171
80.19999695,288.2145791,81.61763907,26.25105759,58.76671184,0.8936387412,155.2226198,6.502520084,297.9857788,0,146.65802,4.23811388,9.999999747e-05,71245.0625,16.27723122,3.808060526
80.40000153,288.2487257,81.44957325,26.24295226,58.78612668,0.893553105,155.243047,6.501220226,297.9864197,0,146.1680603,3.784299135,9.999999747e-05,71270.03906,16.27837181,3.808269758
80.59999847,288.3611359,81.38350248,26.24004947,58.79292374,0.893506587,155.2528077,6.500503063,297.9881287,0,146.1992493,3.471508265,9.999999747e-05,71295,16.28006554,3.822574982
80.80000305,288.4711734,81.39253322,26.24071208,58.79295946,0.8935095331,155.2556708,6.499770641,297.9887085,0,146.5162659,3.544808149,9.999999747e-05,71319.98438,16.28075409,3.813793728
81,288.642023,81.45499561,26.24435916,58.78600318,0.8935220784,155.2509137,6.499343872,297.9894104,0,147.1281128,3.287469625,9.999999747e-05,71345.0625,16.28192711,3.818252633
81.19999695,288.7915648,81.5595448,26.2500808,58.77673889,0.8935702794,155.24023,6.49894762,297.9894104,0,147.9095306,3.106549978,9.999999747e-05,71370.26562,16.28276253,3.812319479
81.40000153,288.9656248,81.6954734,26.25754341,58.76389991,0.8936276364,155.2247062,6.499926567,297.9931335,0,148.8503723,2.702464819,9.999999747e-05,71395.75,16.28642082,3.869081018
81.59999847,288.9891538,81.83009226,26.26370378,58.75494414,0.8937306571,155.2186329,6.500109673,297.9929199,0,149.3952179,3.593829155,9.999999747e-05,71421.30469,16.28605843,3.835035105
81.80000305,289.1674648,81.93716122,26.26926185,58.74076359,0.8937449458,155.2143542,6.501123428,297.9953308,0,149.8739624,3.227535248,9.999999747e-05,71447.00781,16.28842545,3.874558258
82,289.1610509,82.00467181,26.27193389,58.73749796,0.8938034567,155.2175782,6.503130913,298.0010681,0,149.9419098,3.79973197,9.999999747e-05,71472.85938,16.29236794,3.939386437
82.19999695,289.0563178,81.99155519,26.26925974,58.74122108,0.8938319243,155.243915,6.504128933,298.0018311,0,149.2062531,5.587289333,9.999999747e-05,71498.51562,16.29141045,3.901489113
82.40000153,289.0987342,81.89145307,26.26306034,58.74462022,0.8937320094,155.2786359,6.505738735,298.0059204,0,148.0777435,5.843768597,9.999999747e-05,71524.01562,16.29385185,3.954043874
82.59999847,288.9249517,81.69463574,26.25098598,58.76485396,0.8936549867,155.3275483,6.506958961,298.0084534,0,146.3000793,7.317988873,9.999999747e-05,71549.15625,16.29444122,3.954665415
82.80000305,288.8280932,81.41645963,26.23490888,58.78537475,0.8934804698,155.3895454,6.507624149,298.0092773,0,144.0375977,8.387546539,9.999999747e-05,71573.79688,16.29390526,3.9438775
83,288.7374565,81.07311987,26.21586824,58.80990117,0.8932561912,155.4546609,6.50783062,298.0092773,0,141.5097504,8.968744278,9.999999747e-05,71597.86719,16.29339027,3.936287433
83.19999695,288.645504,80.69638992,26.19537608,58.83646258,0.8930120369,155.5184274,6.507348061,298.0075989,0,138.8989716,9.313101768,9.999999747e-05,71621.32031,16.29208183,3.912226531
83.40000153,288.6036684,80.32274743,26.17558742,58.8609036,0.8927563909,155.5737545,6.505396366,298.0016785,0,136.4820404,9.079978943,9.999999747e-05,71644.09375,16.28853226,3.843846473
83.59999847,288.6727499,80.00361758,26.15994953,58.88109276,0.8925170733,155.6038826,6.50391674,297.9992676,0,134.8482666,7.328888416,9.999999747e-05,71666.48438,16.28945541,3.860195569
83.80000305,288.6279809,79.77993826,26.14874283,58.90228541,0.8924172086,155.6201332,6.502915859,297.9990234,0,133.8002625,6.611475945,9.999999747e-05,71688.64844,16.29138756,3.878023244
84,288.6428943,79.63811379,26.14142127,58.91427798,0.8923518196,155.6346012,6.502172947,297.9993286,0,133.1525421,6.516087532,9.999999747e-05,71710.66406,16.29275131,3.88605454
84.19999695,288.7081458,79.55399131,26.13703145,58.91967499,0.8923026783,155.6462507,6.501117229,297.9978333,0,132.802536,6.589108467,9.999999747e-05,71732.53125,16.29245186,3.864111704
84.40000153,288.8357657,79.51983627,26.13571583,58.92077964,0.8922656397,155.6477091,6.500257492,297.996582,0,132.8766479,6.044389248,9.999999747e-05,71754.375,16.29325676,3.863187224
84.59999847,288.9313729,79.54138481,26.13727316,58.92130608,0.8922859802,155.6408005,6.500589848,297.9990845,0,133.2931824,5.545464516,9.999999747e-05,71776.36719,16.29716682,3.915665568
84.80000305,288.9480667,79.59514893,26.13951278,58.92045847,0.8923493639,155.6421757,6.500563622,297.9988403,0,133.5733337,6.284121037,9.999999747e-05,71798.39062,16.29724121,3.894398731
85,289.0825176,79.64582903,26.14211325,58.91376365,0.8923489922,155.6430827,6.499825478,297.9955139,0,133.868988,6.15064621,9.999999747e-05,71820.38281,16.29574585,3.853024591
85.19999695,289.2255074,79.7085466,26.14610221,58.90936676,0.8923638765,155.6302455,6.499622822,297.9942017,0,134.4611664,4.961457253,9.999999747e-05,71842.5,16.29750252,3.86879718
85.40000153,289.2647263,79.80095495,26.15116207,58.90827278,0.8924469585,155.6151652,6.499771118,297.9937744,0,135.1303711,4.359445572,9.999999747e-05,71864.78125,16.29943466,3.879446187
85.59999847,289.3213452,79.90362373,26.15649446,58.90415092,0.8925214917,155.6045878,6.499785423,297.9924927,0,135.7407227,4.004380703,9.999999747e-05,71887.17188,16.30002975,3.867918968
85.80000305,289.4101581,80.00345028,26.16186909,58.89859408,0.8925771206,155.5936539,6.499160767,297.9891052,0,136.3470306,3.334589481,9.999999747e-05,71909.61719,16.2991848,3.830903879
86,289.541644,80.11225529,26.16835218,58.89286598,0.8926305524,155.5739233,6.498657703,297.9866028,0,137.2047577,1.898015499,9.999999747e-05,71932.21875,16.30008698,3.825430813
86.19999695,289.6294809,80.25193436,26.1763572,58.8882806,0.8927301422,155.5493822,6.498410225,297.9851379,0,138.261261,0.652874589,9.999999747e-05,71955.04688,16.30163574,3.826200539
86.40000153,289.7275655,80.41921081,26.18562269,58.88081199,0.8928417094,155.5254255,6.498507977,297.9841614,0,139.4164429,9.999999747e-05,9.999999747e-05,71978.125,16.30347252,3.832876017
86.59999847,289.8463204,80.60348049,26.19555188,58.86982283,0.8929473302,155.5042677,6.500361443,297.9878845,0,140.5321808,9.999999747e-05,9.999999747e-05,72001.59375,16.30910492,3.919591499
86.80000305,289.8255464,80.76025504,26.2023376,58.86099983,0.8930627406,155.5047566,6.500732899,297.9862061,0,140.9018097,0.6926100254,9.999999747e-05,72025.05469,16.30670357,3.851600707
87,289.966679,80.8370015,26.20638533,58.85099174,0.8930567574,155.5040237,6.500168324,297.9822388,0,141.1332855,9.999999747e-05,9.999999747e-05,72048.48438,16.30498314,3.80712821
87.19999695,290.0858437,80.8969212,26.21031999,58.84747381,0.8930710925,155.4910854,6.497824192,297.9729004,0,141.5890808,9.999999747e-05,9.999999747e-05,72071.85156,16.30198097,3.725750235
87.40000153,290.440927,81.02671118,26.21966869,58.83478172,0.8930690995,155.4537989,6.49584198,297.9625854,0,142.9853516,9.999999747e-05,9.999999747e-05,72095.44531,16.3027401,3.719520699
87.59999847,290.8497506,81.30965531,26.23720586,58.81131773,0.8931526592,155.3971364,6.494087219,297.9508362,0,145.1675262,9.999999747e-05,9.999999747e-05,72119.42969,16.30351257,3.709589949
87.80000305,291.3604417,81.73291763,26.26255025,58.77339891,0.8932812095,155.3240275,6.492250443,297.9368286,0,148.0520477,9.999999747e-05,9.999999747e-05,72143.9375,16.30370522,3.68972381
88,292.021737,82.29622218,26.29601362,58.71770774,0.8934341023,155.232744,6.49230957,297.9657288,0,151.6723175,9.999999747e-05,13.8922863,72169.23438,16.30700874,3.740932964
88.19999695,293.2949561,82.90625953,26.32872782,58.62424137,0.8934029811,155.2612704,6.494142532,297.949707,0,155.2624054,7.706043243,1.389228702,72195.24219,16.30870628,3.803651085
88.40000153,293.4646373,83.58952172,26.36377309,58.55353109,0.8937035322,155.1524278,6.496656418,298.0262146,0,158.1195526,2.311812878,29.79496765,72221.98438,16.31118965,3.844186933
88.59999847,294.4903299,83.87011266,26.37444138,58.49525479,0.8935937279,155.3222642,6.49888134,297.9890137,0,159.9745483,26.9408741,2.979496717,72248.97656,16.31030464,3.833817518
88.80000305,294.7748074,84.4580103,26.40181121,58.39905208,0.8937074273,155.2050402,6.501512527,297.9634399,0,160.9427032,14.51116371,0.2979496717,72276.32031,16.31061172,3.886422809
89,293.9689053,84.58113889,26.40988544,58.43277825,0.8940286669,155.1368152,6.504071712,297.9499512,0,160.8561859,5.560463905,0.0297949668,72303.86719,16.31455994,3.906062792
89.19999695,293.2822261,84.50760119,26.40595409,58.47783698,0.8942136193,155.1252479,6.506105423,297.9800415,0,159.747467,1.6681391,13.23380375,72331.30469,16.31702423,3.899875865
89.40000153,293.3582548,84.22966187,26.38854692,58.50758555,0.8940534421,155.2495309,6.507077694,297.9613037,0,157.8267517,10.27431774,1.323380351,72358.24219,16.31592941,3.860346193
89.59999847,293.0622072,83.99185257,26.37415103,58.52906525,0.8939765016,155.2547055,6.506556511,297.9456787,0,155.5189819,2.836249352,0.1323380321,72384.63281,16.31411552,3.806980521
89.80000305,292.4937792,83.58900897,26.35471753,58.59864607,0.8939514822,155.2585664,6.506431103,297.9742737,0,153.4211426,0.8508747816,13.69504166,72410.65625,16.31731987,3.821689058
90,292.8614189,83.19207485,26.33205511,58.62151341,0.8936356164,155.3955633,6.505506516,297.9537354,0,151.3674164,8.790124893,1.369504213,72436.05469,16.31558228,3.785554154
90.19999695,292.6360335,82.93339984,26.31811082,58.64503345,0.8935347567,155.3768673,6.504180431,297.9398499,0,149.6875153,0.5279561281,0.1369504184,72461.07031,16.31566811,3.768225766
90.40000153,292.0900752,82.63721965,26.30456624,58.7049685,0.8935891184,155.3545888,6.503116608,297.9605713,0,148.5368042,0.1583868414,11.59348679,72485.89062,16.3188076,3.768630891
90.59999847,292.7117746,82.44755802,26.29402852,58.69807158,0.8933103346,155.4520293,6.502702236,297.9448242,0,147.8093262,5.161618233,1.159348726,72510.4375,16.31924438,3.787775909
90.80000305,292.4550587,82.37342,26.28978803,58.71290607,0.8933454169,155.4137782,6.503223419,298.009613,0,147.2463837,1.548485518,26.10406113,72534.95312,16.32277679,3.828399286
91,293.4909981,82.13474448,26.27293995,58.68401213,0.8929485379,155.6515418,6.504258156,297.9810791,0,146.4739838,21.94670868,2.61040616,72559.11719,16.32267761,3.849864078
91.19999695,293.3425563,82.14716903,26.2707797,58.66925743,0.89288755,155.5892331,6.504188538,297.9555359,0,145.2890015,11.97740936,0.261040628,72583.00781,16.32043076,3.816060486
91.40000153,292.5653609,81.96890229,26.26416567,58.72936801,0.8930531685,155.5231062,6.503046989,297.9387207,0,144.1372223,2.663492918,0.02610406093,72606.70312,16.32139969,3.770496275
91.59999847,292.0055918,81.78398292,26.256891,58.78221509,0.893182414,155.4760371,6.503116131,297.9668884,0,143.4419098,0.7990478873,13.57554626,72630.38281,16.3269043,3.815782798
91.80000305,292.6204986,81.6316682,26.24698752,58.76752275,0.8929367624,155.5973284,6.503022671,297.9488831,0,142.7115326,8.347160339,1.357554674,72653.76562,16.32600784,3.80695909
92,292.3687564,81.57223323,26.24326563,58.77817818,0.8929499827,155.5506795,6.503379822,298.0265503,0,142.0230103,2.504148006,31.01992798,72677.0625,16.32835388,3.830258659
92.19999695,293.6782274,81.26911758,26.22214102,58.73213838,0.8924650852,155.8542484,6.501919746,297.9837952,0,141.1895905,27.5251255,3.101992846,72699.75781,16.32231903,3.739319976
92.40000153,293.825244,81.34228659,26.22604445,58.70816502,0.892306713,155.7309599,6.501369476,297.9541626,0,140.9476318,13.17945194,0.3101992905,72722.4375,16.32299805,3.778031022
92.59999847,292.7933932,81.32171009,26.22889865,58.77818872,0.8926974842,155.6075313,6.501627922,297.9391785,0,140.9169464,2.669704199,0.03101992793,72745.34375,16.32952309,3.811415227
92.80000305,292.076647,81.30711327,26.22971026,58.82694513,0.8929877766,155.5433283,6.502160072,297.9620361,0,140.7832336,0.8009112477,11.91889381,72768.38281,16.33404541,3.824666743
93,292.6581803,81.25774212,26.22548932,58.80570206,0.8928034877,155.644031,6.504040718,297.9509583,0,140.438324,6.515563488,1.191889405,72791.35938,16.33747292,3.900333632
93.19999695,292.188222,81.21811477,26.2210944,58.82158969,0.8928899733,155.6154026,6.506343842,297.946167,0,139.3376617,1.104348898,0.1191889346,72814.28906,16.3416481,3.95582104
93.40000153,291.4484798,81.01057452,26.20850664,58.86657649,0.8930089488,155.615747,6.507445812,297.9707031,0,137.3185577,0.3313046694,10.54739761,72836.85156,16.34179688,3.911983304
93.59999847,291.7910158,80.64888825,26.1862178,58.86226881,0.8926875396,155.7530379,6.507231236,297.9567871,0,134.8639832,6.811171055,1.054739714,72858.70312,16.33810234,3.855691325
93.80000305,291.445432,80.3123663,26.16738755,58.88857589,0.8925501854,155.7366674,6.505631924,297.9441528,0,132.4957581,0.7268423438,0.1054739729,72879.97656,16.33570671,3.797003184
94,290.8948786,79.97368491,26.1507804,58.94002941,0.8925804962,155.6993305,6.504331589,297.9685974,0,130.7675934,0.2180527151,12.20910072,72900.9375,16.33904076,3.806792233
94.19999695,291.6497722,79.68819338,26.13416954,58.91809201,0.8922391437,155.8233561,6.502439499,297.9509277,0,129.5541534,6.654514313,1.220910072,72921.40625,16.33637047,3.770784349
94.40000153,291.4426703,79.56330907,26.12815958,58.93735875,0.8922266814,155.7561466,6.500197411,297.9363098,0,129.1004181,9.999999747e-05,0.1220910028,72941.73438,16.33646774,3.743600481
94.59999847,291.0491119,79.52685088,26.12872467,58.97515711,0.8924286389,155.6809377,6.498370171,297.9581909,0,129.5428009,9.999999747e-05,12.70351887,72962.19531,16.33994675,3.741032854
94.80000305,292.1632865,79.57505158,26.13153655,58.92882874,0.8921860813,155.7783274,6.497858524,297.9416504,0,130.7135315,5.276076317,1.270351887,72982.75,16.34120178,3.775921949
95,291.9693658,79.79153673,26.14363504,58.93316152,0.8923629362,155.6940005,6.4987216,298.0082092,0,132.0859528,1.582822919,27.38354111,73003.73438,16.34621811,3.829624482
95.19999695,293.692405,79.85736062,26.1431076,58.84152856,0.8919572593,155.9722325,6.498941422,297.9746094,0,133.1128845,22.48236656,2.738353968,73024.5625,16.34139252,3.785290303
95.40000153,293.6733611,80.14084087,26.15784418,58.822341,0.891956276,155.8429341,6.499217033,297.9474182,0,134.0583191,10.69913864,0.2738353908,73045.63281,16.34109116,3.789585886
95.59999847,292.7713697,80.32949793,26.17137121,58.87395531,0.8924009098,155.7118883,6.499781609,297.9899292,0,134.8912506,3.209741592,20.97788048,73067.09375,16.3460865,3.800704561
95.80000305,293.7517114,80.36932283,26.17130816,58.82872497,0.8922093251,155.8840993,6.501111031,297.9638367,0,135.4976044,16.11279869,2.097788095,73088.5625,16.34733391,3.832526623
96,293.3834964,80.54580346,26.17959458,58.83035786,0.8923219526,155.7839896,6.502869129,297.9454651,0,135.5705872,6.408288479,0.2097788155,73110.21875,16.35018539,3.872560195
96.19999695,292.4461643,80.56402808,26.18164719,58.88163662,0.8926508208,155.707366,6.503753662,297.9773865,0,134.9414825,1.922486544,16.2906971,73131.875,16.35213661,3.841863036
96.40000153,293.1218391,80.40444404,26.17055113,58.85521384,0.8923916457,155.8596001,6.504878998,297.9574585,0,133.9627075,11.02584076,1.629069686,73153.21875,16.35256004,3.86260334
96.59999847,292.6040517,80.30227792,26.16362268,58.87612712,0.8924214985,155.7972668,6.505899429,297.9432068,0,132.5302429,3.062618017,0.1629069746,73174.38281,16.35456276,3.879568238
96.80000305,291.6970714,80.08708128,26.15248566,58.93356702,0.8926150328,155.7457335,6.507348061,297.9742126,0,130.6907349,0.9187853932,13.70900536,73195.38281,16.36067963,3.930671322
97,292.1892286,79.74946131,26.13040628,58.91499842,0.8923056367,155.90555,6.508672714,297.9622192,0,128.2699432,9.592411995,1.370900512,73215.78906,16.36120605,3.954769552
97.19999695,291.6411509,79.42215407,26.1102503,58.94111269,0.8922162382,155.8780907,6.50894928,297.9508362,0,125.3210831,4.257397175,0.1370900571,73235.59375,16.36035347,3.927087593
97.40000153,290.8467623,79.02476174,26.08875386,58.99519708,0.892270393,155.835632,6.507966995,297.9416199,0,122.2647705,9.999999747e-05,0.0137090059,73254.78125,16.36021423,3.879972646
97.59999847,290.2806933,78.63668724,26.06801366,59.04118864,0.8922961742,155.7918102,6.50690794,297.9672852,0,119.6020966,9.999999747e-05,11.58713531,73273.46094,16.36348724,3.893005989
97.80000305,291.042022,78.25159413,26.04502197,59.01254658,0.8919411078,155.912457,6.504847527,297.953064,0,117.3592529,6.737775326,1.158713579,73291.39062,16.35972977,3.842982047
98,290.7706461,78.00782348,26.03192856,59.0377811,0.8919012935,155.8343962,6.503286362,297.9441223,0,115.9435806,0.4093262851,0.1158713549,73309.0625,16.36294556,3.869974116
98.19999695,290.1762763,77.86031262,26.02462568,59.08379547,0.8921384501,155.76041,6.500681877,297.9628906,0,115.1475143,0.1227978915,10.71396923,73326.54688,16.36292076,3.80518419
98.40000153,291.1581219,77.72871008,26.0177912,59.04833816,0.8918917076,155.8452957,6.498828888,297.9489441,0,115.3983994,4.572678089,1.071396828,73343.875,16.3635025,3.814653727
98.59999847,290.9525499,77.78776054,26.02177803,59.0671978,0.8920073917,155.7670725,6.497423172,298.0031128,0,116.3846741,1.371803403,23.65748215,73361.42969,16.36566544,3.80911573
98.80000305,292.9014653,77.7801437,26.020004,58.96907004,0.8915621861,156.0303364,6.497151852,297.9781799,0,117.9340286,18.24956894,2.365748167,73378.97656,16.36492348,3.828329572
99,292.781878,78.03313024,26.03332622,58.9681243,0.8915596544,155.9247465,6.496281147,297.9520569,0,119.5895844,9.359892845,0.2365748286,73396.83594,16.36208916,3.776703131
99.19999695,292.0574628,78.30881988,26.05190156,59.01625258,0.8919789953,155.7977059,6.494509697,297.9313049,0,121.5990753,9.999999747e-05,0.02365748212,73415.17969,16.36233521,3.707930773
99.40000153,291.6178475,78.62170655,26.07288394,59.05148205,0.8923774548,155.6915316,6.493282318,297.947876,0,124.3181686,9.999999747e-05,13.43283272,73434.1875,16.36617279,3.696670252
99.59999847,293.0285046,78.98768572,26.09416608,58.98382561,0.8921887358,155.7876273,6.4921875,297.9231262,0,127.5235367,9.999999747e-05,0.2631438673,73453.60938,16.36344147,3.667001528
99.80000305,292.6263237,79.50038449,26.1250902,58.99718905,0.8925776933,155.6503379,6.493367195,297.9784241,0,131.1682739,9.999999747e-05,26.93842888,73474.03906,16.37104607,3.736580374
100,294.9779104,79.98163695,26.14848922,58.86637201,0.8921383,155.9120779,6.495961666,297.9462585,0,134.3339386,16.37139511,2.693842888,73494.85938,16.36969376,3.788676313
100.1999969,294.7014486,80.58432057,26.1803653,58.84399482,0.8923500804,155.7728807,6.498190403,298.0639954,0,136.4646301,4.911418438,50.58906937,73516.25,16.36936378,3.780697305
100.4000015,297.3495139,80.63295981,26.17398566,58.70082757,0.8917266674,156.2976258,6.499693394,297.9991455,0,137.709549,43.75873947,5.058907032,73537.38281,16.36295128,3.733180784
100.5999985,297.2106895,81.12282971,26.19924387,58.66731489,0.8916748345,156.0426858,6.500571728,297.9455566,0,138.3544617,22.90395927,0.5058906674,73558.73438,16.35999298,3.728989633
100.8000031,295.4126582,81.30734693,26.21728727,58.77057997,0.8923690331,155.7990626,6.501431465,298.0078125,0,138.6477203,6.871187687,33.65930939,73580.52344,16.36689377,3.735532558
101,296.5174394,81.19652434,26.20741959,58.73097538,0.8921201934,156.0672193,6.502594948,297.9585876,0,138.5951538,26.71278381,3.365930796,73602.10938,16.36725807,3.743996395
101.1999969,295.7941381,81.34499291,26.21537711,58.74756315,0.8922627309,155.8780993,6.5037117,297.9225159,0,138.0760956,9.556962013,0.3365930915,73623.78125,16.36914825,3.762661792
101.4000015,294.1810005,81.26833473,26.21579554,58.84393984,0.8927742315,155.7245799,6.504732609,297.9623718,0,137.1113739,2.867088556,23.57025909,73645.55469,16.37548828,3.769949806
101.5999985,295.08051,81.04563814,26.20014765,58.81378571,0.8924410287,155.9232714,6.504610062,297.9246216,0,135.7386475,13.98382759,2.357025862,73666.78125,16.37187004,3.721336943
101.8000031,294.2620059,80.91081332,26.19373196,58.85339369,0.8925468032,155.7815167,6.504465103,298.0375977,0,134.4182739,4.195147991,50.35300446,73687.84375,16.37447739,3.724994963
102,296.912813,80.43797697,26.15887451,58.73424866,0.8916871568,156.3146672,6.505371571,297.9795227,0,133.1523743,40.62851715,5.035300255,73708.16406,16.37265015,3.761778134
102.1999969,296.2468081,80.43389536,26.15650236,58.74496348,0.8915890457,156.0865759,6.505134106,297.9292908,0,131.5203552,21.15804482,0.5035300255,73728.21875,16.37004852,3.732997708
102.4000015,294.176498,80.24108936,26.15313725,58.87627027,0.8922061925,155.8491621,6.505056858,297.9999695,0,129.9903259,6.34741354,35.84837341,73748.32031,16.37833595,3.748584274
102.5999985,295.5962575,79.83546414,26.12586256,58.82075161,0.8917683344,156.1785277,6.504899502,297.9516296,0,128.4871826,28.45717621,3.584837437,73767.78125,16.37708664,3.738674162
102.8000031,294.7083652,79.73559302,26.12049855,58.86054088,0.8918151577,155.9688751,6.504000664,297.9127502,0,127.0477219,11.24738026,0.3584837317,73787.05469,16.37712288,3.716617745
103,292.9293503,79.57333457,26.11696679,58.97478867,0.8923994202,155.7668552,6.503346443,297.9646301,0,125.9698257,3.374213934,28.28360176,73806.41406,16.38500595,3.728480934
103.1999969,294.4388706,79.32172145,26.09971862,58.91210551,0.8919729704,156.0147479,6.50369215,297.9290771,0,125.1505585,18.29564285,2.828360319,73825.35156,16.38618279,3.771695811
103.4000015,293.5060121,79.28068997,26.09702186,58.95347189,0.8921204664,155.8477996,6.503996849,298.0612183,0,124.1904297,5.48869276,56.11429596,73844.25,16.38903809,3.779900062
103.5999985,296.9073392,78.81012392,26.06110894,58.77020061,0.8911553962,156.511867,6.504449844,298.0008545,0,123.1118622,48.68241119,5.611429214,73862.23438,16.38372612,3.771496378
103.8000031,296.3954028,78.83915647,26.06051824,58.78068438,0.8908838126,156.2410577,6.503661156,297.9440308,0,121.8514252,29.15765572,0.5611429214,73879.97656,16.37876511,3.730442931
104,294.065378,78.78682,26.06544868,58.92919459,0.891674303,155.9294787,6.503398895,298.0323181,0,120.9109268,8.747297287,42.29456329,73897.98438,16.38918686,3.764563265
104.1999969,295.965152,78.43702144,26.04059675,58.83397579,0.8912859105,156.3484709,6.502568722,297.9765625,0,120.0696259,37.52637482,4.229456425,73915.35938,16.38619423,3.719915902
104.4000015,295.1964624,78.47016638,26.04295207,58.87377086,0.8912576079,156.0765344,6.501244545,297.9291992,0,119.5640411,18.84042931,0.4229456484,73932.72656,16.38532829,3.700173221
104.5999985,293.1617006,78.50746518,26.05153447,59.00455341,0.8920425049,155.8091202,6.501373291,297.9950562,0,119.5878983,5.652128696,33.27277756,73950.57031,16.39783669,3.769352693
104.8000031,294.9039916,78.36844976,26.0394777,58.91800654,0.8917048191,156.1278406,6.501467705,297.9519653,0,119.5539246,26.07692146,3.32727766,73968.05469,16.39605141,3.754480351
105,294.1070533,78.46903621,26.04520806,58.95369903,0.891778711,155.9231881,6.49982357,297.9112549,0,119.4868774,10.53294182,0.3327277899,73985.55469,16.39200401,3.669502856
105.1999969,292.5440005,78.54683786,26.05560288,59.05657543,0.8924116674,155.7067622,6.497932911,297.961731,0,120.0830612,3.159882545,29.72233582,74003.42188,16.39736748,3.640263079
105.4000015,294.6338153,78.53626129,26.05355425,58.96500712,0.8919796177,155.9633264,6.495597839,297.914032,0,121.4308167,17.54969788,2.972233534,74021.09375,16.39247131,3.585396993
105.5999985,293.9511585,78.83440347,26.0736965,59.00404677,0.892209275,155.7360932,6.49443388,298.0496216,0,123.7133408,5.264909744,61.67160416,74039.39844,16.39674377,3.603659282
105.8000031,298.4339678,78.84331319,26.0665449,58.7731041,0.8911980121,156.4393547,6.496105194,297.9792786,0,126.4562073,49.17741394,6.167160511,74057.59375,16.3954258,3.682883555
106,297.7975568,79.49278908,26.10048812,58.77279963,0.8911849065,156.1149232,6.497436047,297.9181519,0,128.5248413,25.74939156,0.6167160273,74076.42969,16.39285469,3.679246529
106.1999969,295.4384281,79.94125956,26.13437656,58.90124229,0.8921634268,155.8117661,6.498402596,297.9976196,0,130.0713959,7.724817276,42.86509323,74096.07812,16.40031815,3.665720671
106.4000015,297.5556574,80.02050894,26.13349632,58.79909092,0.8917629055,156.2010811,6.499413967,297.9353333,0,131.2314758,32.53211212,4.286509037,74115.60156,16.39763832,3.653204705
106.5999985,296.5816736,80.38703987,26.15524223,58.82734859,0.8919793484,155.9232725,6.501311779,298.1304932,0,131.9857483,9.759633064,84.01512146,74135.5625,16.40189934,3.704383205
106.8000031,300.9698427,79.93776404,26.11247458,58.58656427,0.890889385,156.9340176,6.503973007,298.035553,0,131.9779816,75.12403107,8.401512146,74154.72656,16.39745903,3.716643729
107,300.4467255,80.33455051,26.12993508,58.57337279,0.8905369159,156.5108841,6.505126476,297.9501038,0,130.9061584,45.79930878,0.8401512504,74173.78125,16.39018059,3.693741275
107.1999969,297.0233736,80.32400661,26.14373354,58.77876284,0.8916113079,156.0651985,6.505942822,297.8960266,0,129.3803101,18.37002373,0.08401512355,74193.17969,16.40107536,3.70736184
107.4000015,294.2331254,80.13512346,26.14125856,58.94761861,0.8925270916,155.7866532,6.506078243,297.9536133,0,127.524231,5.511006832,34.0378418,74212.65625,16.41016579,3.691243165
107.5999985,295.6342496,79.74360367,26.11465622,58.89432459,0.8921003193,156.0657282,6.506016731,297.9046936,0,125.6151886,21.88585281,3.403784037,74231.41406,16.40881729,3.68393189
107.8000031,294.1957866,79.54947908,26.10499904,58.96486115,0.8923203414,155.8249353,6.505503654,298.0631714,0,123.7291336,6.565755844,70.0235672,74249.96094,16.41190338,3.672886861
108,298.6053362,78.87882345,26.05427623,58.73371874,0.8910876991,156.646732,6.50547266,297.9841614,0,122.049202,58.039711,7.002356529,74267.28125,16.40583992,3.673846189
108.1999969,297.6580365,78.86372471,26.05224987,58.76988203,0.8908350303,156.250485,6.505249977,297.9185791,0,120.3786469,31.96347427,0.7002356648,74284.41406,16.40481186,3.693300105
108.4000015,294.3749452,78.75917955,26.05590559,58.96775617,0.8919401254,155.8596789,6.505270004,298.0154724,0,118.7992554,9.589042664,48.17776489,74301.85156,16.41810989,3.725336571
108.5999985,296.6100986,78.31460848,26.0235694,58.85415656,0.8914879192,156.3262427,6.505885124,297.9593811,0,117.2104187,40.45445251,4.817776203,74318.55469,16.4193821,3.756267721
108.8000031,295.308509,78.23640798,26.01824271,58.9133448,0.8915272256,156.0206256,6.506132603,297.9121704,0,115.3744583,20.96072388,0.4817776382,74335.10938,16.42119408,3.770896188
109,292.7170574,78.10527734,26.01631852,59.06665352,0.8923995562,155.7279017,6.506384373,297.9909363,0,113.4424896,6.288217068,38.67498016,74351.76562,16.4323616,3.803351342
109.1999969,294.7706047,77.69896034,25.98682041,58.95816947,0.8919723378,156.0912713,6.505632401,297.9439392,0,111.408699,30.52467537,3.867497921,74367.5,16.42805481,3.751832995
109.4000015,293.657988,77.55399362,25.97884638,59.01805234,0.8920178147,155.8136496,6.505856991,298.1268616,0,109.6790771,9.157402992,75.53491211,74383.14062,16.43535233,3.834669159
109.5999985,298.8818982,76.86787872,25.92793729,58.6892207,0.8908916316,156.8045242,6.505206108,298.0541382,0,107.8530884,70.5240097,7.553491592,74397.25781,16.42506027,3.760455485
109.8000031,298.5741617,76.82745063,25.92238158,58.7095737,0.8901852771,156.3865819,6.504049301,297.9832153,0,106.2934952,48.81740189,0.7553491592,74411.04688,16.41905975,3.758812347
110,295.2005838,76.86583022,25.93301688,58.93193636,0.8913800022,155.9025177,6.503671646,297.9373474,0,105.1954269,26.92386055,0.07553491741,74425.35938,16.43540955,3.837317455
110.1999969,292.5138588,76.90368502,25.93910817,59.09926195,0.8924974534,155.5871118,6.502873421,298.0083618,0,104.244278,8.077157974,35.47682953,74439.96875,16.44567299,3.830343657
110.4000015,294.341245,76.65843291,25.92126096,59.00104153,0.8923590819,155.8971453,6.502211094,297.96875,0,103.6162262,30.56786728,3.547683001,74454.07812,16.44661903,3.825239702
110.5999985,293.4611773,76.67648164,25.92173512,59.05044733,0.8923705079,155.6643945,6.500910282,297.9291992,0,103.2513809,16.68130684,0.354768306,74468.20312,16.44506836,3.785190712
110.8000031,291.6303574,76.74797457,25.93025958,59.17048688,0.893071509,155.4346021,6.498463154,297.9878235,0,103.4093704,5.004392147,32.80440521,74482.57812,16.44701767,3.699921554
111,293.9336045,76.6167751,25.92159123,59.0634314,0.8927242333,155.726943,6.495532513,297.9386292,0,104.5480042,22.8757,3.280440569,74496.61719,16.44143677,3.616662175
111.1999969,293.1092535,76.81325626,25.93621324,59.12514458,0.8927768547,155.4996685,6.494000912,298.0801086,0,106.8567657,6.862709999,64.56931305,74511.29688,16.44514847,3.632798455
111.4000015,298.308382,76.67061115,25.92291695,58.83572582,0.8917087774,156.3343147,6.494214058,298.0076294,0,109.7720947,53.74164963,6.456931591,74525.625,16.44013405,3.639761916
111.5999985,297.6372717,77.16948031,25.94992203,58.86622786,0.8912699434,156.0266432,6.49610424,297.9461365,0,112.600853,30.67779922,0.6456931233,74540.83594,16.44046021,3.708746981
111.8000031,294.734791,77.69825069,25.987245,59.02858461,0.8922984191,155.7452867,6.498767853,298.0240784,0,114.6736908,9.203339577,41.7830658,74557.17969,16.45185852,3.754026177
112,296.7508276,77.79402485,25.98647089,58.90507818,0.8920033663,156.2042795,6.501595497,297.9707031,0,115.6839218,34.5345459,4.17830658,74573.42969,16.45052719,3.756561913
112.1999969,295.5146343,78.05969993,26.00096041,58.95197898,0.892029322,155.9640695,6.503848076,297.9233093,0,115.5649033,16.43700981,0.4178306758,74589.92969,16.44995689,3.755931332
112.4000015,293.0958181,78.16049735,26.01217802,59.08488161,0.8928100055,155.7171851,6.506114483,297.9811096,0,114.5474167,4.93110323,32.64967346,74606.75,16.45993614,3.799941786
112.5999985,294.6536397,77.92361818,25.99226071,58.99540208,0.8924734454,156.0165079,6.508003712,297.9409485,0,112.62146,22.35570908,3.264967442,74622.89062,16.45938492,3.81292747
112.8000031,293.2049597,77.77588376,25.98305434,59.05993736,0.8926282383,155.7786007,6.509584904,298.0803833,0,109.9410858,6.706712723,60.67123032,74638.75781,16.46464348,3.858842823
113,297.1753537,77.12519602,25.93299438,58.8072122,0.8917383631,156.5052412,6.510121822,298.0243835,0,106.6279221,52.90220642,6.067122936,74653.07812,16.45765495,3.819476474
113.1999969,296.3295628,76.88600842,25.91653826,58.84563949,0.8913831823,156.1272813,6.50968504,297.9701233,0,103.1024704,35.54824829,0.6067122817,74666.77344,16.45598221,3.833059208
113.4000015,293.3302019,76.69040221,25.91088126,59.03490628,0.8924513666,155.6823326,6.5079813,297.9290771,0,99.75157166,18.16421127,0.06067122892,74680.26562,16.46542931,3.820825928
113.5999985,290.8890613,76.51285068,25.90379361,59.19492087,0.8935160495,155.3166875,6.505209446,297.9859009,0,97.08321381,5.449263573,31.09379578,74693.57812,16.47436523,3.793949994
113.8000031,292.6321026,76.16561331,25.88009732,59.11556413,0.8935440491,155.4663967,6.501711845,297.9456177,0,95.52310944,22.69755173,3.10937953,74706.10156,16.47346687,3.737183234
114,291.6196223,76.10458138,25.87772008,59.19335451,0.8937574147,155.1741372,6.498210907,298.0778503,0,95.36103821,6.809265614,59.86820984,74718.66406,16.47561455,3.706124611
114.1999969,296.5113769,75.72652559,25.85278062,58.92352193,0.8930209437,155.8369305,6.495941639,298.0169678,0,96.59702301,50.7006073,5.986821175,74730.50781,16.47262192,3.690969967
114.4000015,296.0260409,75.91085401,25.86279286,58.96609681,0.8924641053,155.5537878,6.494098663,297.9541931,0,98.73666382,31.61642075,0.5986821055,74742.83594,16.46717453,3.655964794
114.5999985,293.4777867,76.26368821,25.89139508,59.14036104,0.8932789409,155.2978773,6.491977692,297.9034424,0,101.6159821,11.05190086,0.05986821279,74756.20312,16.47064209,3.578598664
114.8000031,291.5547616,76.6604086,25.92250074,59.27191611,0.8940074451,155.1402099,6.49204874,297.9463501,0,105.3459778,3.315570354,29.89375496,74770.84375,16.48230171,3.627621925
115,293.9904991,76.93819106,25.93798479,59.15210791,0.8934869156,155.4882498,6.493630409,297.9058838,0,109.0393753,0.9946711063,9.999999747e-05,74785.89062,16.4806118,3.642580518
115.1999969,291.8133157,77.44116453,25.97003916,59.24175084,0.8939376874,155.3459641,6.495619774,297.9853821,0,112.1023254,0.2984013259,42.6830864,74802.0625,16.48441124,3.631759535
115.4000015,295.8014154,77.63467205,25.97486322,59.02630061,0.8928919017,155.8945129,6.497421741,297.9274902,0,114.372963,24.49352074,4.26830864,74817.95312,16.47343063,3.585162504
115.5999985,294.6534218,78.04845434,26.00086886,59.06935986,0.8928464399,155.6765395,6.499303818,298.0896912,0,115.9247894,7.348056316,76.22383118,74834.42188,16.47301102,3.583896944
115.8000031,300.1411921,77.84153208,25.97475856,58.74783707,0.8915761266,156.6654264,6.501480103,297.9996948,0,116.722908,61.02045822,7.622383118,74850.02344,16.46382332,3.567474726
116,298.8304151,78.20172806,25.99459594,58.80326589,0.8912644683,156.2144196,6.503211498,297.9213867,0,116.6497574,32.11342239,0.7622383237,74865.89844,16.46044922,3.578153592
116.1999969,294.9035943,78.3843614,26.01717162,59.02838942,0.8925571215,155.7703796,6.505913258,298.0081787,0,115.8865356,9.634026527,48.82254028,74882.50781,16.47816086,3.672905169
116.4000015,297.0093558,78.10608676,25.99162676,58.9061304,0.8922255343,156.2310138,6.50788784,297.9432373,0,114.038002,37.21198273,4.882254124,74898.30469,16.4762001,3.655853393
116.5999985,295.0360103,78.01342628,25.98724794,58.99876655,0.8924001143,155.8561867,6.50703907,298.1365662,0,111.4050903,11.16359425,89.74196625,74913.6875,16.47098923,3.53666007
116.8000031,301.0677273,77.14880602,25.92258344,58.62965561,0.8911426545,156.9641625,6.505468369,298.0270081,0,109.1185532,76.222229,8.974196434,74927.28906,16.4610157,3.46905803
117,299.6161901,77.14926469,25.92369538,58.73596366,0.8907210884,156.2631106,6.503500938,297.9338989,0,107.4536057,42.09345245,0.8974196315,74940.73438,16.45812416,3.47578767
117.1999969,294.7059377,77.21847168,25.9421763,59.04792459,0.8924873392,155.6190825,6.501703262,298.029541,0,106.5746231,12.62803555,55.85916901,74954.92969,16.47641945,3.495362791
117.4000015,297.4452324,76.90744677,25.9184679,58.90915798,0.8923598768,156.0822255,6.501301289,297.9541321,0,106.4128418,43.84736633,5.585916996,74968.61719,16.4817791,3.540330822
117.5999985,295.4364001,77.06448957,25.92919736,59.02230837,0.8925436606,155.6447076,6.501428604,297.8928833,0,106.4078827,18.22403145,0.5585917234,74982.74219,16.4867115,3.580119321
117.8000031,292.0686871,77.23660063,25.94723366,59.2184751,0.8937393946,155.3037436,6.501134396,297.9523926,0,106.3547745,5.467209339,39.17847061,74997.50781,16.49715424,3.563189052
118,294.4540572,77.11439798,25.93561708,59.10441772,0.8933927805,155.6126764,6.501156807,297.8951111,0,106.4224319,22.44852448,3.917846918,75011.84375,16.49641037,3.561795747
118.1999969,292.6086458,77.23919645,25.94562125,59.19909077,0.8936599058,155.319217,6.501083374,298.0543518,0,106.4787674,6.734557629,75.4940567,75026.52344,16.49965286,3.553148552
118.4000015,298.5700051,76.84828251,25.91075291,58.86512847,0.8924437077,156.2100268,6.501420021,297.9691772,0,106.5656967,58.16968155,7.549405575,75040.0625,16.49164009,3.534359922
118.5999985,297.0169383,77.04469668,25.9221764,58.94459139,0.8921141113,155.7506083,6.502197266,297.8963318,0,106.516304,29.62434959,0.7549405694,75053.96094,16.49186134,3.576969887
118.8000031,292.9866537,77.24715854,25.94385541,59.17595342,0.8934720755,155.3432107,6.502894878,297.9858704,0,106.1559143,8.88730526,50.91747284,75068.60156,16.50570297,3.59443703
119,295.8981015,77.02904709,25.92336645,59.0201418,0.893100118,155.7975187,6.503561497,297.9196167,0,105.5182343,36.44436646,5.091747284,75082.55469,16.50440788,3.586229864
119.1999969,293.8873509,77.10145238,25.92914867,59.12074489,0.8932612775,155.4251762,6.503873348,298.1293945,0,104.6137466,10.93330956,94.79096985,75096.66406,16.50687599,3.583566742
119.4000015,301.0046803,76.44400403,25.87560264,58.68049069,0.8919485783,156.6328853,6.505265236,298.0389404,0,103.5855255,80.78414917,9.479096413,75109.23438,16.50260353,3.619480757
119.5999985,299.7148245,76.55529077,25.87686898,58.74651602,0.8912544935,156.0695603,6.505964756,297.9512939,0,101.9959412,52.85913849,0.9479096532,75121.71875,16.49702072,3.633171126
119.8000031,294.9278026,76.66353477,25.89444024,59.03986914,0.8928370558,155.4738117,6.505605221,297.8860474,0,100.1321106,24.75698853,0.09479096532,75134.71875,16.51063728,3.626579282
120,291.1181785,76.6903845,25.90307697,59.26998641,0.8943250546,155.0376707,6.504571438,297.963623,0,98.41351318,7.427096367,45.20040512,75148.07812,16.52458191,3.624015619
120.1999969,293.7572026,76.38137547,25.87795802,59.13888183,0.8942085472,155.326335,6.503977299,297.9092102,0,97.10713196,30.40875626,4.520040512,75160.66406,16.52838326,3.654503936
120.4000015,291.8520356,76.38248124,25.87848287,59.24063786,0.8944664091,154.9736647,6.502908707,298.0957336,0,96.03477478,9.122627258,84.29418182,75173.32031,16.53118896,3.637797255
120.5999985,298.5901676,75.80834038,25.83350096,58.83859532,0.893473282,155.9216133,6.502396584,298.0174561,0,95.39289093,70.48150635,8.42941761,75184.5,16.52632713,3.628235844
120.8000031,297.4706665,75.89873167,25.83531437,58.90500655,0.8927917206,155.44318,6.501054287,297.934845,0,94.95256042,45.6662178,0.842941761,75195.71094,16.51804733,3.583126627
121,293.3519317,76.10105249,25.85758083,59.17166574,0.8941284654,154.9707588,6.500392437,298.0595093,0,95.05357361,13.69986534,63.91825485,75207.79688,16.53441238,3.629062488
121.1999969,297.1786212,75.83702503,25.8351435,58.94611278,0.8939632299,155.596566,6.499782562,297.9842529,0,95.41442871,54.89358139,6.391825676,75219.17188,16.53306007,3.581878995
121.4000015,295.5964924,76.00962379,25.8457479,59.0429173,0.8936506869,155.1993854,6.499073505,297.9122009,0,96.02125549,30.22158241,0.6391825676,75230.94531,16.53012848,3.56175689
121.5999985,292.0144764,76.26910582,25.87069627,59.26567308,0.8947711436,154.8629804,6.498566628,297.9984131,0,96.91228485,9.066474915,50.5831604,75243.61719,16.54107285,3.556733562
121.8000031,295.2352595,76.15307782,25.85895289,59.09669263,0.8944498091,155.3269577,6.498390675,297.9297791,0,98.00510406,36.06210327,5.058315754,75255.86719,16.53896904,3.522466804
122,293.422303,76.38243944,25.87565307,59.19588814,0.8943640131,155.0276739,6.499343395,298.1300964,0,99.1678772,10.81863022,92.25936127,75268.75781,16.54327393,3.568772792
122.1999969,300.6653941,75.95549286,25.8383603,58.74316402,0.8931015026,156.238623,6.501582146,298.0421753,0,99.94676208,77.81323242,9.225935936,75280.49219,16.53817749,3.590664549
122.4000015,299.429737,76.22978758,25.8492003,58.80189057,0.8921782664,155.7850689,6.503332615,297.9533386,0,99.82956696,50.85257721,0.9225935936,75292.4375,16.52981758,3.591784221
122.5999985,294.7696785,76.49496853,25.8762198,59.08362611,0.8935605796,155.279941,6.504146099,297.885376,0,99.01791382,22.45317268,0.09225936234,75305.14844,16.54101372,3.579918326
122.8000031,290.9262398,76.6353199,25.89237619,59.30897827,0.8949426173,154.8950934,6.503389359,297.9499512,0,97.88233948,6.735951424,43.56498718,75318.27344,16.54918098,3.511185167
123,293.4298829,76.40427499,25.87291997,59.18970905,0.8948045089,155.1539468,6.501645565,297.8927002,0,97.05174255,2.02078557,9.999999747e-05,75330.60938,16.5454483,3.435163899
123.1999969,289.5695317,76.49319513,25.88336897,59.38906378,0.8957698982,154.7577321,6.501003265,297.999115,0,96.91674042,0.6062356234,56.79597092,75343.72656,16.56054306,3.499066743
123.4000015,294.7359605,76.21311488,25.85650584,59.12097691,0.8949106297,155.2886733,6.50147295,297.9345703,0,97.03194427,33.72038269,5.679596901,75355.89844,16.55878448,3.533929308
123.5999985,292.9857204,76.34957861,25.86574189,59.20827091,0.8947601695,154.9659564,6.501922607,298.133606,0,96.95917511,10.11611557,92.7727356,75368.36719,16.55915833,3.534182899
123.8000031,300.2465727,75.814082,25.82129791,58.75066568,0.8936100263,156.1079539,6.501110554,298.0273438,0,96.71012115,76.82158661,9.277274132,75379.20312,16.54396248,3.395856692
124,298.7467667,75.99227436,25.83133603,58.86398758,0.8927994181,155.4940909,6.5010252,297.9338684,0,96.79000092,43.6758728,0.9277274013,75390.38281,16.54148865,3.447533854
124.1999969,293.5986362,76.29546959,25.86197478,59.18111955,0.8944340471,154.9701934,6.500896454,298.0296631,0,96.89755249,13.10276127,58.37812042,75402.61719,16.55752563,3.457838212
124.4000015,296.5781946,76.11184164,25.8444933,59.01400236,0.8944126875,155.4573153,6.500288486,297.9446411,0,97.05918121,44.37801361,5.837811947,75414.24219,16.55586624,3.392841119
124.5999985,294.2189123,76.29981396,25.85960314,59.15555726,0.8944416337,155.0102778,6.498836517,298.1617737,0,97.46543121,13.31340408,104.915329,75426.27344,16.55334854,3.323669538
124.8000031,302.2746092,75.71310405,25.81477837,58.65877074,0.893245188,156.3228625,6.498503208,298.0382996,0,98.45373535,86.79089355,10.49153233,75436.92969,16.54689407,3.297616562
125,300.4342988,76.07534886,25.83404733,58.79645144,0.8923367085,155.6348343,6.497467518,297.92276,0,99.5688858,48.62949371,1.049153209,75448.10156,16.53622818,3.250136865
125.1999969,294.5886243,76.52151059,25.878846,59.16590971,0.8941110464,155.0391074,6.496311188,298.0284729,0,101.104248,14.58884811,67.8739624,75460.73438,16.55155182,3.225543965
125.4000015,298.4082383,76.43386419,25.86808142,58.97105167,0.8938523114,155.6710916,6.495147228,297.91922,0,103.100174,49.03073883,6.787396431,75472.99219,16.54846001,3.157590831
125.5999985,295.5950502,76.87043471,25.90193888,59.13832437,0.8938786233,155.1683226,6.49587822,298.1794739,0,105.5614395,14.70922184,124.3963699,75486.375,16.55489731,3.216336105
125.8000031,305.2201057,76.38823685,25.85543554,58.54683457,0.8921356181,156.9121927,6.497442722,298.0255127,0,107.7241058,102.2890167,12.43963718,75498.38281,16.54220581,3.166588926
126,303.0236836,77.06898039,25.89363476,58.69493948,0.8911235639,156.0726134,6.498552799,297.8942871,0,109.2643051,53.95634842,1.243963718,75511.15625,16.53171921,3.16178836
126.1999969,295.9609587,77.63890658,25.95148468,59.10539794,0.8933310259,155.3616028,6.500997543,298.0176697,0,110.364624,16.18690491,75.9777298,75525.70312,16.55715752,3.24739705
126.4000015,299.7678205,77.54005559,25.93268972,58.89554433,0.8929646289,156.0960681,6.503330708,297.9051514,0,110.4811401,55.77225494,7.597773552,75539.59375,16.55537605,3.22879546
126.5999985,296.3258475,77.81531431,25.95514428,59.06529498,0.8932305895,155.489202,6.503723621,298.2008972,0,109.6690903,16.7316761,139.3419037,75553.83594,16.55335236,3.150801694
126.8000031,306.5421063,76.84064369,25.87147677,58.42359476,0.8913663568,157.394789,6.505995274,298.0388794,0,108.7058792,116.0506287,13.9341898,75565.98438,16.54668999,3.185600045
127,304.0305769,77.21002618,25.88929404,58.59024757,0.8904975734,156.3293046,6.508139133,297.9032898,0,106.8216705,65.47221375,1.393419027,75578.27344,16.54226685,3.259380591
127.1999969,295.7687198,77.38172393,25.92388783,59.0688563,0.8931688718,155.3915561,6.508784771,298.0492249,0,104.0862045,19.64166451,84.98628235,75591.54688,16.56555557,3.250321342
127.4000015,299.6693199,76.77320921,25.87287724,58.83759145,0.8931774555,156.0758274,6.508931637,297.9326172,0,101.0970612,67.37260437,8.498627663,75603.40625,16.56874084,3.236560369
127.5999985,295.8951295,76.73412594,25.87438758,59.05266024,0.8935800793,155.241085,6.50702095,298.2612915,0,98.04599762,20.21178055,152.3058929,75615.13281,16.56920815,3.167404225
127.8000031,307.1870121,75.44055885,25.78106721,58.27585242,0.8921635566,157.2311973,6.504991055,298.0853577,0,95.76443481,131.9568787,15.23058891,75624.08594,16.55929375,3.090656696
128,305.0615461,75.66987631,25.78580758,58.50472763,0.8909630649,155.8902173,6.502416134,297.9317322,0,94.28863525,78.58982086,1.523058891,75633.02344,16.54973412,3.103470207
128.1999969,295.9546128,76.04507496,25.83137894,59.09238118,0.8940349595,154.8143387,6.498311043,298.094696,0,93.84420013,23.57694626,94.3411026,75643.51562,16.57303429,3.031611909
128.3999939,300.9761794,75.62335351,25.79935585,58.81692814,0.8943679437,155.6213776,6.495238304,297.9576721,0,95.04505157,78.390625,9.434110641,75653.25781,16.57928848,2.99910227
128.6000061,297.6335761,76.01161152,25.8279436,59.04970437,0.8941429517,154.8703499,6.493477821,297.849823,0,97.46660614,33.44788361,0.9434110522,75664.1875,16.58170319,3.027792252
128.8000031,291.799329,76.54845263,25.87966797,59.39289981,0.8958661613,154.4854905,6.493772507,297.9385681,0,100.5914688,10.0343647,61.58839417,75677.09375,16.60385513,3.092302447
129,295.8994342,76.67557481,25.88083683,59.19822323,0.8953280663,155.0610614,6.496214867,297.8626099,0,103.5959549,3.010309458,9.999999747e-05,75689.98438,16.60614204,3.14043024
129.1999969,290.61131,77.18480695,25.92039695,59.42048996,0.8961542333,154.753976,6.497903347,297.9995422,0,105.6228714,0.9030928612,75.46021271,75704.35156,16.61100578,3.080317797
129.3999939,297.6104827,77.09985166,25.899153,59.05757846,0.8946425865,155.611796,6.501165867,297.9013672,0,106.9837875,43.56101227,7.546021461,75717.76562,16.60415649,3.12079972
129.6000061,294.879033,77.46498431,25.92584337,59.17594572,0.894438961,155.1901735,6.503177643,298.1669006,0,107.0321198,13.06830406,126.9796371,75731.65625,16.59988022,3.067089143
129.8000031,304.6493364,76.74462919,25.85590155,58.56593585,0.8926510015,156.8886985,6.505548954,298.0155029,0,106.2849655,101.7180328,12.69796371,75743.52344,16.58816528,3.035258095
130,301.9503905,77.06583636,25.87471632,58.73614277,0.8918603274,155.9368455,6.506092548,297.8847351,0,104.5839615,53.75871658,1.269796371,75755.45312,16.57799911,2.998551832
130.1999969,294.3020451,77.23091887,25.90969352,59.1852652,0.8942906277,155.0869902,6.506896496,298.0124207,0,102.6728058,16.12761497,78.20055389,75768.52344,16.60508537,3.060480977
130.3999939,298.1543285,76.79071937,25.86784271,58.97127008,0.8943087105,155.6598849,6.507297516,297.900116,0,100.433403,56.83710861,7.820055485,75780.33594,16.60786247,3.044236396
130.6000061,294.2838039,76.80912865,25.87469139,59.18290868,0.8947425258,154.9234655,6.505970001,298.2035522,0,98.03560638,17.0511322,142.4192505,75792.21094,16.6095047,2.981415537
130.8000031,305.31982,75.71557735,25.78637787,58.47141555,0.8934000838,156.6597841,6.503975391,298.0308228,0,96.17316437,118.8249893,14.24192524,75801.39844,16.59766769,2.8757747
131,302.5942748,75.94077882,25.79735193,58.71058618,0.8924236042,155.4189368,6.499858856,297.8821411,0,95.10536957,64.59784698,1.424192429,75810.64062,16.58361244,2.785020957
131.1999969,294.0054065,76.28231384,25.84499249,59.25439738,0.8952379834,154.5055495,6.495150566,298.0342407,0,95.68890381,19.37935448,89.59916687,75821.59375,16.60767174,2.735252972
131.3999939,299.620694,75.97408447,25.8173275,58.98393687,0.8952518047,155.2569248,6.492883682,297.9013977,0,98.15093231,68.54670715,8.959917068,75832,16.61581802,2.757947865
131.6000061,296.1745963,76.47083299,25.85667565,59.19207322,0.8949879787,154.6655238,6.492819309,298.2642212,0,101.5097885,20.56401253,166.1440582,75843.82031,16.62096024,2.806894088
131.8000031,309.7414391,75.67616986,25.79012772,58.31417212,0.892753037,157.2025626,6.496508121,298.0730286,0,104.89505,143.0333252,16.61440468,75853.92188,16.61412048,2.852803277
132,307.7255833,76.64833943,25.83380247,58.48473308,0.8906679543,156.1661571,6.499551296,297.9067688,0,106.7995834,84.26517487,1.661440492,75864.88281,16.59391403,2.85326867
132.1999969,298.1021154,77.39899729,25.91227114,59.04290192,0.8933987946,155.2493527,6.502215862,298.0961609,0,107.5008087,25.27955246,104.9994965,75877.96875,16.61900711,2.866582595
132.3999939,303.4385504,77.07073849,25.87226515,58.70909956,0.893119511,156.4084546,6.503032684,297.9417419,0,107.1355286,88.3693924,10.49994946,75889.88281,16.61255074,2.739608671
132.6000061,299.4232855,77.40182772,25.90166313,58.94833655,0.8930788928,155.467444,6.503619194,298.370636,0,106.4482193,26.51081657,193.6911774,75902.32812,16.61424828,2.73709378
132.8000031,313.3068789,75.86277553,25.78200095,57.90039037,0.8908882675,158.5802343,6.505835533,298.1371155,0,105.5211716,173.4569397,19.36911774,75911.96094,16.60386467,2.703341438
133,311.6997528,76.55666397,25.80486803,58.16241813,0.8888680554,156.8946596,6.50551939,297.9379272,0,103.7015839,103.5662003,1.936911821,75921.36719,16.58051682,2.659236315
133.1999969,299.5162505,76.9712431,25.87310753,58.92943678,0.8927710355,155.342177,6.503264904,298.1495361,0,102.0220184,31.06986046,117.3446503,75932.64062,16.61229134,2.603971837
133.3999939,305.1408818,76.27748028,25.81480788,58.56866351,0.893152933,156.5006744,6.500605583,297.9696655,0,101.2423706,103.2435989,11.7344656,75942.57812,16.61653137,2.520887368
133.6000061,300.7302811,76.63099133,25.84524469,58.89205112,0.8931533236,155.2689428,6.497505188,297.8388672,0,101.5217056,45.20123291,1.173446536,75953.32031,16.61710167,2.500434423
133.8000031,292.842009,77.0238325,25.89689179,59.35558086,0.8957334499,154.57253,6.493993759,297.9472351,0,103.0413284,13.56036949,71.68961334,75965.89062,16.6400528,2.45289351
134,297.4822943,76.97500731,25.88456511,59.15934378,0.8954768427,155.1346722,6.492283344,297.868927,0,105.9654465,4.068110943,9.999999747e-05,75978.20312,16.64404869,2.453230323
134.1999969,291.680714,77.46894095,25.92798504,59.42013823,0.8965062343,154.7393221,6.490954399,298.0193787,0,109.5664062,1.220433235,80.86139679,75992.42188,16.65535355,2.41636631
134.3999939,299.6945197,77.57117551,25.91503935,59.02886109,0.8949087472,155.7221743,6.490740776,297.8988342,0,113.7035828,48.79384232,8.086139679,76006.01562,16.64509964,2.38269594
134.6000061,297.4814846,78.3752885,25.97554278,59.14260235,0.8944803346,155.2779656,6.490999699,298.1998901,0,117.9236679,14.63815308,142.7931976,76020.96875,16.64342499,2.363966176
134.8000031,308.6848556,78.14765184,25.92378542,58.49396005,0.8923548848,157.3746305,6.491566658,297.9906616,0,122.0423431,115.609314,14.27931976,76034.71875,16.62758827,2.28227757
135,306.4382344,79.56025726,26.01776201,58.66295132,0.8914715027,156.2394365,6.490740299,297.8459167,0,125.9345856,48.66728592,1.427932024,76049.82031,16.61641693,2.255534796
135.1999969,298.9304024,80.45510344,26.11317739,59.06372938,0.8938612121,155.4862676,6.489880562,297.9466553,0,130.1629639,14.60018635,70.6058197,76067.35938,16.63928795,2.237771087
135.3999939,303.1656281,81.13933327,26.14128631,58.8895597,0.8932891833,156.1047692,6.490739822,297.8670044,0,134.730957,4.380055904,9.999999747e-05,76085.26562,16.64013672,2.263659768
135.6000061,297.8633514,81.80467509,26.19554804,59.08796242,0.894561483,155.6078863,6.492641926,298.0144958,0,138.9493713,1.3140167,80.07243347,76105.17969,16.65646553,2.268811177
135.8000031,304.7029989,82.59986675,26.21247278,58.77637143,0.8931263736,156.5198348,6.496346474,297.8897705,0,142.4091034,47.81385422,8.007243156,76124.8125,16.64970207,2.31729166
136,303.0483156,83.63092049,26.28423536,58.79924521,0.893245756,156.0141138,6.499979973,298.1930847,0,144.3844299,14.34415627,144.1488647,76145.32812,16.65197754,2.32680987
136.1999969,310.8360551,83.22458421,26.20295195,58.43470101,0.8918274351,157.7860531,6.503078938,297.9754333,0,144.912323,115.7829895,14.41488647,76164.51562,16.64383888,2.248646702
136.3999939,309.3488043,84.45320403,26.28944421,58.45009098,0.8914518601,156.7048147,6.507940292,297.8377991,0,144.202301,45.66436005,1.441488624,76184.15625,16.64424324,2.37999835
136.6000061,301.199585,84.03037902,26.31002803,58.85578232,0.8935028506,155.9777278,6.511880875,297.9250793,0,141.5401306,13.69930744,64.9871521,76204.67188,16.66607475,2.331365606
136.8000031,302.5384252,83.42329364,26.25929445,58.83772387,0.8932058422,156.420622,6.514121056,297.8460083,0,137.3104095,4.109792233,9.999999747e-05,76223.92188,16.66522026,2.248301502
137,295.7028955,82.26572331,26.2076295,59.1329206,0.8947332179,155.8095198,6.518264771,297.9946594,0,132.1871948,1.232937694,80.44005585,76243.21875,16.69034195,2.279856988
137.1999969,300.3347162,81.31095446,26.11589007,58.91272346,0.893671431,156.5854587,6.522546291,297.8776855,0,125.3948364,47.33467484,8.044005394,76260.15625,16.68818092,2.287141247
137.3999939,295.9919478,80.33433837,26.06977869,59.09895022,0.8942478209,155.8339964,6.524582863,298.1827393,0,116.8954544,14.20040226,144.0607605,76275.80469,16.6949234,2.215764989
137.6000061,305.2894132,78.29517457,25.89207769,58.47588591,0.8927406281,157.5550723,6.524857521,297.9859619,0,107.5892334,115.7439499,14.40607643,76287.42188,16.68359375,2.106134804
137.8000031,300.9356734,77.59638584,25.86388972,58.77124774,0.892836205,155.8352687,6.522137642,297.8449707,0,98.17189789,52.42015839,1.440607667,76297.53906,16.67784309,2.127263976
138,290.5972667,76.94916669,25.85585015,59.36848947,0.8967343562,154.390543,6.518532753,297.9647827,0,89.84658051,15.72604752,76.53405762,76307.78906,16.71544266,2.276267555
138.1999969,293.3973295,76.1447643,25.77829792,59.22069107,0.8985454961,154.2191862,6.512691975,297.8479614,0,82.95655823,52.31149292,7.653406143,76315.83594,16.72629929,2.30298595
138.3999939,288.5631522,75.95103895,25.76914812,59.52542074,0.9000606682,153.116599,6.504678726,298.1635742,0,78.40732574,15.69344807,147.7346802,76323.63281,16.73282623,2.303058309
138.6000061,300.3478382,74.90580776,25.67475597,58.82241754,0.9010325532,153.9308646,6.497012138,297.9780884,0,77.0634079,119.7537842,14.77346897,76328.61719,16.73844147,2.300541881
138.8000031,297.2221504,75.10734613,25.68495863,59.13694146,0.8998012614,152.743842,6.489890099,297.8341675,0,78.77804565,59.52911758,1.477346897,76334.48438,16.72670937,2.35042878
139,289.4585711,75.5591331,25.74906663,59.6393767,0.9013072431,152.5525817,6.484001637,297.986908,0,83.34076691,17.85873604,89.49347687,76342.96875,16.73966789,2.382773548
139.1999969,296.6177144,75.39121315,25.73504407,59.33220356,0.9009737978,153.386528,6.481468201,297.8563843,0,90.25668335,65.41681671,8.949347496,76351.58594,16.74196625,2.444675607
139.3999939,294.0217585,76.0167343,25.79741651,59.4797962,0.8989361315,153.4148161,6.48150444,298.2317505,0,98.17886353,19.62504387,171.4817505,76362.50781,16.72755051,2.502083485
139.6000061,310.0339708,75.55593692,25.75092536,58.52814171,0.8959727246,156.1730131,6.484673023,298.0194397,0,106.0887756,144.7201385,17.14817429,76372.20312,16.70537186,2.518342267
139.8000031,307.9453796,77.052425,25.83817781,58.69181892,0.8926882431,155.4502246,6.490009308,297.8562012,0,112.7293472,77.34586334,1.714817405,76384.08594,16.67983627,2.688686612
140,298.4806158,78.43692297,25.96528754,59.1695637,0.894724539,154.9898423,6.497564793,298.039032,0,117.2382431,23.20375824,101.9994278,76399.28125,16.70383453,2.903460886
140.1999969,304.096189,78.80390018,25.95683167,58.83805776,0.8939066535,156.282486,6.505011559,297.900238,0,118.7245941,82.11106873,10.19994259,76414.03125,16.69536781,2.967450359
140.3999939,299.926325,79.35668296,26.0011166,59.005103,0.8937829633,155.6190561,6.510269642,298.3190613,0,117.2397308,24.63331985,189.4019928,76429.28125,16.68769646,2.979878502
140.6000061,312.9472421,77.78887161,25.84241669,58.06489119,0.8915479305,158.6433643,6.514641285,298.0980835,0,113.658371,166.4206848,18.9401989,76441.28125,16.66758728,2.923948456
140.8000031,310.611942,78.08917881,25.85792158,58.29105868,0.890007402,156.9871305,6.517633915,297.920166,0,108.324379,99.00733948,1.894019961,76452.61719,16.65467262,3.075693372
141,298.4700317,77.81780456,25.89312764,58.99169079,0.8937986615,155.3846181,6.517306328,298.1257629,0,101.7949219,29.70220184,113.1023483,76464.70312,16.68281937,3.073277428
141.1999969,303.2189565,76.6365551,25.79143492,58.63982068,0.8947183395,156.1930095,6.514038563,297.9684753,0,95.40294647,98.97603607,11.31023502,76474.29688,16.68339539,2.984281242
141.3999939,298.2866988,76.37378632,25.78445528,58.98835192,0.8954843429,154.6536598,6.509362221,297.8456726,0,90.31716919,47.88780975,1.131023407,76483.59375,16.69042587,3.058682091
141.6000061,290.0708872,76.31905417,25.80433399,59.48718428,0.8986280712,153.6413666,6.503691196,297.968689,0,87.09716797,14.36634254,76.2745285,76493.75781,16.71810722,3.114297419
141.8000031,294.4016709,75.87304337,25.7556265,59.29365323,0.8997858817,153.7731443,6.498455524,297.861908,0,86.14441681,51.93507385,7.62745285,76502.78906,16.72934151,3.149897733
142,290.979861,75.97448418,25.77303171,59.51505935,0.8998973166,153.1919487,6.493912697,298.1649475,0,87.28121185,15.58052158,142.3321991,76512.65625,16.73158264,3.182762556
142.1999969,303.6216096,75.19543303,25.70107724,58.78560006,0.8991478365,154.6973139,6.492503643,298.0137329,0,90.23418427,115.7519073,14.2332201,76520.71875,16.73317337,3.251834728
142.3999939,301.6426671,75.68318641,25.73160228,58.95275824,0.8967929067,154.0552471,6.49269104,297.8791199,0,93.74289703,67.49336243,1.423322082,76530.00781,16.71666145,3.344121929
142.6000061,294.3452065,76.34640311,25.80717675,59.38100358,0.8979587884,153.796655,6.492284298,298.0452881,0,97.18134308,20.24800873,94.24159241,76541.52344,16.71995926,3.292193263
142.8000031,300.8463698,76.29477691,25.78900303,59.03045911,0.8973816535,154.8907141,6.494235516,297.9234619,0,100.7896118,74.05329132,9.42415905,76552.72656,16.7209568,3.373835716
143,297.6124189,76.91230459,25.83868034,59.19282588,0.8963803003,154.501955,6.496679306,298.2875671,0,103.6077423,22.21598625,167.4489594,76565.22656,16.71238708,3.417538373
143.1999969,310.9688079,76.13872899,25.75315956,58.26020943,0.8942961918,157.218427,6.500740051,298.1130981,0,105.4542389,145.8704376,16.74489594,76575.71875,16.69833374,3.436069217
143.3999939,309.2617389,76.90804023,25.78830578,58.42992384,0.8920746333,156.1894823,6.503770828,297.9508362,0,105.6727982,93.73320007,1.674489617,76586.65625,16.67563629,3.493334381
143.6000061,299.7228625,77.40069679,25.86122178,59.00613292,0.8945418176,155.1443204,6.505124569,297.8347778,0,104.6875153,43.30424118,0.1674489677,76599.29688,16.69317818,3.512548284
143.8000031,292.6405404,77.58421534,25.89958838,59.39925724,0.8967840562,154.4915975,6.505248547,297.9443054,0,103.1630402,12.99127197,70.60903931,76612.99219,16.71069336,3.527716244
144,296.5459111,77.26182302,25.85984629,59.20874486,0.8968856536,154.9088113,6.505458355,297.8678894,0,101.5874863,3.897381783,9.999999747e-05,76625.60938,16.71428299,3.578162891
144.1999969,290.0001084,77.26362949,25.87527735,59.50262348,0.8982040393,154.3365609,6.503064156,298.0164795,0,99.92378235,1.169214487,80.6294632,76638.96875,16.71561623,3.465628284
144.3999939,297.437924,76.77938874,25.81720209,59.12983175,0.8974927728,154.9705076,6.501490116,297.9158325,0,99.22655487,48.0492363,8.06294632,76650.69531,16.71286583,3.508300692
144.6000061,294.6385568,76.88258335,25.8334429,59.2961906,0.8973094841,154.3785457,6.499316216,298.1907043,0,99.14801025,14.41477108,132.2162323,76662.82031,16.70864677,3.490515682
144.8000031,305.6543226,76.11973018,25.75244869,58.61237147,0.8961693708,156.0476024,6.497718811,298.0365295,0,99.94360352,106.8428268,13.22162247,76672.92188,16.69752502,3.441712174
145,303.2656342,76.5395559,25.78317768,58.82593613,0.8948239801,155.0919939,6.497585773,297.907196,0,101.3743134,58.74507523,1.322162271,76683.875,16.69260025,3.572348189
145.1999969,295.7567192,77.04790455,25.84860766,59.27258227,0.8966975896,154.4744453,6.496709824,298.0293274,0,102.8553619,17.62352371,77.56091309,76696.625,16.70492172,3.553420692
145.3999939,300.1927892,76.97439145,25.8285309,59.04061028,0.896592026,155.2184012,6.496047974,297.9152832,0,104.69384,57.24656296,7.756091118,76708.92188,16.70179749,3.525831988
145.6000061,296.934518,77.39956447,25.87030436,59.2284836,0.8963107684,154.7028665,6.496199608,298.2049866,0,106.7941132,17.17396927,138.9354553,76722.32031,16.70175171,3.575885729
145.8000031,308.1449479,76.85941949,25.7963827,58.52706274,0.8947291119,156.734567,6.498027325,298.0470886,0,108.8317108,114.8009872,13.8935461,76734.11719,16.69223213,3.597434957
146,305.7567088,77.57084496,25.84246941,58.70815491,0.8933106864,155.823837,6.499148846,297.9069519,0,110.135231,65.84156036,1.389354587,76746.69531,16.67636871,3.621438766
146.1999969,297.9600419,78.08709534,25.91514197,59.16145488,0.8952782601,155.0624571,6.499694824,298.0519104,0,110.9978943,19.75246811,87.01369476,76761.01562,16.69203186,3.63744849
146.3999939,302.6955385,77.92727543,25.88243008,58.89996071,0.8950582606,155.9578294,6.501617432,297.9327698,0,111.6418228,67.32012939,8.701369286,76774.72656,16.69641113,3.718082489
146.6000061,299.037653,78.28227624,25.91703598,59.09073843,0.8950432385,155.2813791,6.502710342,298.2565002,0,111.5101929,20.1960392,152.7435303,76789.0625,16.69399834,3.717840424
146.8000031,310.3955691,77.3276758,25.8069932,58.32048054,0.8934871877,157.5841789,6.503816128,298.0828552,0,110.948616,130.2564392,15.27435207,76801.10938,16.67968369,3.655635451
147,308.0677721,77.79998597,25.83839983,58.53448814,0.8922516048,156.3372069,6.50330925,297.9281616,0,109.9419403,77.54344177,1.527435184,76813.3125,16.66351509,3.651951404
147.1999969,299.1271014,78.03926444,25.90116596,59.07849991,0.8947927918,155.2221304,6.504067421,298.0922241,0,109.1434479,23.26303291,94.91660309,76827.1875,16.695961,3.804430522
147.3999939,303.6823768,77.61088487,25.84699539,58.79350065,0.8950059103,156.1483149,6.505138397,297.9680481,0,108.0323257,78.33322144,9.491660118,76840.01562,16.70122528,3.835458343
147.6000061,299.8624836,77.76117367,25.86801237,59.01486018,0.8950609204,155.2762666,6.506441116,297.8637085,0,106.4958954,37.71445847,0.9491660595,76853.35156,16.70821381,3.950076729
147.8000031,293.3890976,77.80849086,25.89824603,59.37069973,0.8969637782,154.616555,6.507000446,297.9607239,0,104.4386826,11.31433773,65.22219849,76867.53906,16.72699738,3.990307891
148,296.7515851,77.44751811,25.85505688,59.19990429,0.8971889959,154.9594566,6.505868435,297.8682251,0,102.1608429,40.45422363,6.522220135,76880.46875,16.72223282,3.904055018
148.1999969,293.1576189,77.34552374,25.86154262,59.39371441,0.8976226532,154.3261776,6.504560947,298.1104736,0,100.3390274,12.13626671,118.8159866,76893.64062,16.72934723,3.939648835
148.3999939,302.8292951,76.60070345,25.77286438,58.82910345,0.8969972715,155.5352541,6.50349474,297.9869385,0,99.03530884,91.46870422,11.88159847,76904.61719,16.72504425,3.920026037
148.6000061,300.0183832,76.72150951,25.78591343,59.0141814,0.8962918257,154.6402413,6.502855778,297.8754272,0,98.15677643,51.17660141,1.188159823,76915.98438,16.72511292,4.014868177
148.8000031,293.3257506,76.92007677,25.82725954,59.40416409,0.8981398522,154.0129381,6.500841141,298.005249,0,97.53311157,15.35298061,78.65960693,76928.44531,16.7354393,3.952286115
149,298.2133866,76.61817722,25.78738909,59.1558145,0.8983665035,154.5664872,6.498826504,297.9022522,0,97.72121429,56.30419922,7.865960598,76939.9375,16.73506355,3.905771216
149.1999969,294.9983224,76.80542367,25.81312787,59.34538993,0.8981371044,154.0234558,6.498267651,298.196228,0,98.71075439,16.89126015,139.2084808,76952.30469,16.74134064,3.995980642
149.3999939,306.6223216,76.13510601,25.73000232,58.60885577,0.8970656887,155.8663525,6.499141693,298.0621643,0,99.91899109,115.4190292,13.92084789,76962.71875,16.73561859,3.993534551
149.6000061,304.6632914,76.58520256,25.75643524,58.76184984,0.8953128142,155.0725318,6.500069618,297.931488,0,100.7777405,74.3204422,1.392084837,76973.74219,16.72131157,4.037060184
149.8000031,297.3139033,77.01950383,25.82016728,59.20734349,0.8969465872,154.4105475,6.500463009,298.0968933,0,101.2696533,22.29613304,93.70483398,76986.32031,16.73431587,4.035529034
150,302.6142031,76.74388541,25.77825705,58.87554242,0.8970406955,155.4017236,6.499686241,297.9759827,0,101.6060791,77.77198792,9.370483398,76997.85938,16.72564125,3.905081312
150.1999969,299.398838,77.01820866,25.80914959,59.08658105,0.8965285129,154.6829454,6.497751713,297.8674316,0,102.2554626,38.44832993,0.9370483756,77010.03906,16.71429825,3.837507892
150.3999939,293.6547516,77.31836588,25.8606044,59.43006591,0.897901167,154.2059695,6.495988846,297.9680786,0,103.6786194,11.53449917,67.29166412,77023.63281,16.72621918,3.836598817
150.6000061,298.200454,77.30323451,25.84323788,59.22321151,0.8976537157,154.7807526,6.495110989,297.8710632,0,105.802742,42.0973587,6.729166508,77036.82031,16.72471809,3.832707324
150.8000031,295.2282648,77.70523624,25.88532542,59.37789317,0.8973866677,154.4231374,6.49361372,298.1189575,0,108.2755966,12.62920761,122.1420288,77051.00781,16.71650505,3.759222784
151,305.9676159,77.41208015,25.82559595,58.79280259,0.8958326349,156.0668448,6.493439198,297.974884,0,111.3522873,94.03681183,12.21420288,77063.80469,16.70385742,3.733539403
151.1999969,303.4759165,78.18095187,25.88549381,58.95273988,0.8946219403,155.3589985,6.494074821,297.8544312,0,114.4923248,46.94155121,1.221420288,77077.86719,16.69483376,3.793481696
151.3999939,297.0734528,78.87329028,25.96774014,59.29490972,0.8960537664,154.9046832,6.49506855,297.9754944,0,117.3796997,14.08246517,76.18473053,77093.90625,16.70791435,3.821758531
151.6000061,302.1016921,79.16570644,25.96241641,59.05766011,0.8953855056,155.7342028,6.497674942,297.8695679,0,119.8711472,51.29658508,7.618472576,77109.72656,16.70774651,3.89929979
151.8000031,298.8899045,79.7474141,26.01372231,59.19074629,0.8953320919,155.291107,6.501028538,298.1619568,0,121.3158646,15.38897514,139.422821,77126.60156,16.71185493,3.9778868
152,309.4819729,79.31698082,25.92275679,58.580447,0.8936103336,157.3060221,6.504261017,298.0093384,0,121.4217911,112.1603088,13.94228172,77141.5625,16.69623756,3.938250892
152.1999969,306.8225914,79.82348527,25.96216369,58.72354134,0.8927960222,156.3440541,6.506827354,297.8761597,0,120.2375793,63.39171219,1.394228101,77156.85938,16.6895256,3.999900977
152.3999939,298.8867478,79.81807231,26.00848996,59.14426573,0.8948933793,155.4649213,6.509729385,298.0319214,0,118.0285187,19.01751328,89.95810699,77173.30469,16.7168808,4.108901264
152.6000061,303.1046884,79.21178853,25.93629288,58.90305208,0.8948194261,156.2785726,6.509950638,297.9130859,0,114.6554642,69.10838318,8.995810509,77188.04688,16.70590973,3.95970178
152.8000031,299.0311802,78.90992204,25.93587053,59.11332024,0.8951991351,155.3680647,6.50980711,298.2582703,0,111.2038269,20.73251343,161.0872192,77202.69531,16.71351242,3.993367638
153,311.0641446,77.45530749,25.77907807,58.28414058,0.894020344,157.6407684,6.508725166,298.0869141,0,107.8022385,137.4539337,16.10872078,77214.14844,16.69987679,3.875425312
153.1999969,308.5432711,77.51486022,25.78708353,58.52785987,0.8930524606,156.1036021,6.506707668,297.9330139,0,104.83535,85.43926239,1.610872149,77225.3125,16.69175148,3.909590976
153.3999939,298.9097068,77.518677,25.83823321,59.12298895,0.8959831287,154.7785348,6.504376888,298.1140747,0,102.6754456,25.63177872,102.1733475,77237.79688,16.72121429,3.949575549
153.6000061,304.1898852,76.90108938,25.76842292,58.78994992,0.8967328381,155.6538956,6.502149105,297.9848022,0,101.4458237,86.7332077,10.21733475,77248.96094,16.7282505,3.921240102
153.8000031,300.4357479,77.04287327,25.7908368,59.04932217,0.8966544547,154.6479675,6.499694347,297.8716431,0,101.106041,45.05347824,1.021733403,77260.70312,16.72762871,3.929549042
154,293.9814985,77.2580269,25.8393012,59.43523672,0.8983815625,154.0351229,6.497485161,297.9841003,0,101.7491531,13.51604366,72.34363556,77273.84375,16.74431801,3.939764835
154.1999969,298.6698426,77.13585592,25.81097286,59.21596459,0.8984275761,154.599233,6.49578476,297.8838806,0,103.2745056,48.34925079,7.234363556,77286.38281,16.74363136,3.90597882
154.3999939,295.5834498,77.45938517,25.84966421,59.3876233,0.8980992559,154.1788238,6.495435715,298.1508789,0,105.4790421,14.50477505,129.7608337,77300.03906,16.74594688,3.95160487
154.6000061,306.784533,77.07039403,25.77655193,58.73666234,0.8967598167,155.9620119,6.49776125,298.0206604,0,107.8205261,103.0159607,12.9760828,77312.21094,16.74457169,4.028804491
154.8000031,304.3732591,77.71195371,25.82093426,58.88027947,0.8952842532,155.288938,6.499301434,297.8943176,0,109.227211,61.75040054,1.297608256,77325.19531,16.72712898,4.012576146
155,297.5073816,78.16954661,25.89180657,59.26749283,0.8966919413,154.7085343,6.499681473,298.0443115,0,110.0289688,18.52511978,88.23444366,77339.67188,16.73415375,3.959438538
155.1999969,302.912573,78.00863781,25.85294043,58.97457467,0.8964066909,155.641057,6.500050545,297.9281921,0,110.6801453,67.25162506,8.823444366,77353.26562,16.73012733,3.923378663
155.3999939,299.4444747,78.32351671,25.8901459,59.16326349,0.8961812688,154.9843613,6.49997282,298.2525635,0,111.1799393,20.17548752,153.9483948,77367.55469,16.72642326,3.901446188
155.6000061,311.5580569,77.47933433,25.77603701,58.36777144,0.8947278828,157.3455615,6.501824379,298.0923462,0,111.7121811,130.2694855,15.39483929,77379.75,16.72156143,3.930828761
155.8000031,309.2866989,78.08391284,25.81416631,58.56616464,0.8933275671,156.216961,6.503036022,297.9439087,0,111.4960785,82.03414917,1.539483905,77392.35156,16.7083931,3.969092598
156,300.6114781,78.40117224,25.88693364,59.08057678,0.8955033822,155.1875669,6.50436306,298.1140747,0,110.8036118,24.61024475,97.73885345,77406.53125,16.73270035,4.03706804
156.1999969,305.3424216,77.96474764,25.82571619,58.76823704,0.8957425027,156.2207899,6.505322933,297.990448,0,109.5779572,82.32702637,9.773885727,77419.5625,16.73432159,4.006671174
156.3999939,301.555667,78.08807248,25.84872635,58.99518913,0.895701303,155.2946876,6.506446362,297.8849182,0,107.9698715,42.67652893,0.9773885608,77433.02344,16.74035454,4.09382005
156.6000061,294.9543677,78.09858917,25.88301012,59.35890544,0.8975457123,154.578816,6.507348061,297.9874573,0,105.910759,12.80295849,66.43720245,77447.35938,16.76228333,4.153397822
156.8000031,298.2504122,77.72606239,25.83369707,59.179275,0.8979661945,154.9486437,6.506897926,297.8979492,0,103.4922333,44.65583801,6.64372015,77460.45312,16.76117325,4.086755707
157,294.6791026,77.59091165,25.83925949,59.37121438,0.8983686348,154.264307,6.505342484,298.1360474,0,101.2574463,13.3967514,117.5616379,77473.58594,16.76270103,4.047278834
157.1999969,304.1032768,76.81109644,25.73968588,58.79865778,0.8980724058,155.4790056,6.503553391,298.0132751,0,99.64413452,92.39273834,11.7561636,77484.44531,16.7581501,3.984339693
157.3999939,301.3196938,76.89020173,25.75313372,59.00459307,0.8974181456,154.4887588,6.501660347,297.8999329,0,98.74372864,53.34963226,1.175616384,77495.57812,16.75440979,4.010548736
157.6000061,294.6755831,77.05562569,25.79989967,59.40720103,0.8991358057,153.8114702,6.499479294,298.0247192,0,98.6000824,16.00489044,76.67894745,77507.94531,16.76929474,3.998767038
157.8000031,299.358302,76.82177865,25.7608695,59.16520119,0.899520478,154.3855325,6.497768879,297.9240723,0,99.32949066,56.15846634,7.66789484,77519.52344,16.77214622,3.968651576
158,296.2467045,77.05905061,25.79305186,59.35371438,0.899126949,153.8771104,6.497477055,298.2001038,0,100.7405548,16.8475399,132.7453156,77532.03906,16.77610397,4.030738707
158.1999969,307.3498112,76.51657899,25.70853255,58.64301601,0.8982012419,155.7250903,6.497752666,298.0641785,0,102.2651672,109.9935913,13.27453041,77542.72656,16.76532745,3.957655508
158.3999939,305.2791539,77.00284437,25.74474874,58.8226916,0.8964482186,154.936057,6.498261929,297.934845,0,103.6823044,68.53331757,1.327453136,77554.14844,16.7508297,3.98440664
158.6000061,298.096606,77.4708351,25.81921842,59.2555961,0.8978122696,154.3299147,6.498640537,298.0789185,0,104.8966599,20.55999565,86.38116455,77567.28125,16.76262283,3.984422916
158.8000031,303.0086999,77.35091814,25.78467985,58.96383768,0.8978274501,155.2767756,6.498587608,297.9638062,0,105.9608841,68.78787994,8.638116837,77579.67188,16.7574234,3.907003391
159,299.7017475,77.70390027,25.8256452,59.16625268,0.8973268792,154.6541718,6.497182846,297.8620911,0,107.0472565,30.95028114,0.8638116717,77592.84375,16.74498749,3.825711451
159.1999969,294.3958343,78.01296062,25.88223151,59.47025351,0.8984013736,154.2525587,6.495992661,297.9444275,0,108.6985855,9.285084724,60.26983261,77607.41406,16.7544899,3.818995956
159.3999939,298.5605047,78.12505619,25.87136414,59.2917212,0.8980725593,154.7749701,6.495028019,297.8692627,0,110.8210144,2.785525322,9.999999747e-05,77621.63281,16.74937057,3.782706161
159.6000061,293.531245,78.45775916,25.91850993,59.50870914,0.898487252,154.4749958,6.492080688,297.9920654,0,113.3291702,0.8356575966,72.06702423,77637.20312,16.74161911,3.634844714
159.8000031,301.0870512,78.63359771,25.89925422,59.17844041,0.8972317758,155.3144178,6.491112709,297.8937073,0,117.0235672,38.86720657,7.206702232,77652.1875,16.73475456,3.667821747
160,299.0029378,79.35226433,25.96367225,59.284115,0.8966434688,155.0032943,6.490856171,298.1334229,0,121.0922012,11.66016197,120.3392334,77668.5,16.72982597,3.675031058
160.1999969,309.4147669,79.52554008,25.91604582,58.74260806,0.8949047866,156.8037476,6.491416931,297.9815369,0,125.2673874,91.11766052,12.03392315,77683.85938,16.71400833,3.647066012
160.3999939,307.3405025,80.7482155,26.01024889,58.87136345,0.8939083266,156.0632123,6.492462635,297.8614197,0,129.2180176,41.91915894,1.203392267,77700.65625,16.70503807,3.706583264
160.6000061,301.5267035,81.59834435,26.1119701,59.15887924,0.8951264363,155.5647686,6.494023323,297.9578857,0,132.7512817,12.57574749,67.69989014,77719.5,16.7169323,3.743004867
160.8000031,305.9002432,82.28695466,26.12958403,58.97959693,0.8943875742,156.3013038,6.496412277,297.8539429,0,135.660141,41.56213379,6.769989014,77738.38281,16.7125206,3.789165856
161,303.1662667,82.98229732,26.19290342,59.07173771,0.8945057982,155.8753237,6.495248318,298.1064758,0,137.6123047,12.46864033,126.0737915,77758.08594,16.70004272,3.639576811
161.1999969,312.7780489,83.04074275,26.12913567,58.65218585,0.8929063321,157.5215608,6.493312836,297.93573,0,140.0444641,94.89639282,12.60737896,77776.53906,16.68248177,3.56399871
161.3999939,311.0280606,84.19061518,26.22568963,58.71662875,0.8925405982,156.5620358,6.492756844,298.4212646,0,143.2418976,28.46891785,222.1033478,77796.10938,16.68185425,3.638267543
161.6000061,323.4523905,82.75726399,26.01783013,58.03693167,0.8915046449,159.9817217,6.49327898,298.1318359,0,146.6547699,194.8452911,22.21033478,77814.02344,16.67741966,3.534360108
161.8000031,324.3329946,85.77164407,26.20206954,58.07480623,0.8895101879,158.2132638,6.491294384,297.9103394,0,149.8596191,107.1439743,2.221033573,77832.85938,16.64809799,3.602221656
162,314.5232667,86.7247325,26.38271804,58.53074919,0.8917016505,156.7397549,6.489427567,298.1130676,0,153.8700256,32.14319229,119.1587372,77854.48438,16.66715622,3.624945218
162.1999969,319.1545712,87.06931548,26.36338157,58.41715662,0.8913815507,157.9208676,6.49011898,297.9297485,0,158.6188354,100.3781891,11.91587353,77876.51562,16.67223549,3.684674533
162.3999939,317.427139,88.88379455,26.50365298,58.37456098,0.8913349094,156.979916,6.491660595,298.4056702,0,163.0830536,30.11345673,220.1008301,77900.10156,16.67182732,3.764205411
162.6000061,325.4155993,87.37654739,26.29586197,58.21072251,0.8921853837,159.5424937,6.497793674,298.1318665,0,166.9359894,193.051712,22.01008224,77923.0625,16.69815063,3.810421241
162.8000031,326.4980907,90.87608079,26.49536228,57.9388427,0.8902477795,158.2687279,6.502380848,297.9204712,0,168.3233337,110.2337723,2.20100832,77946.90625,16.6720314,3.961834234
163,317.8325193,91.05248116,26.61976904,58.2687252,0.8911933298,157.2767053,6.505957603,298.1306763,0,167.8956451,33.07012939,121.1160431,77972.30469,16.67986488,3.950986694
163.1999969,319.6423239,90.08159754,26.5192835,58.38731333,0.8914034376,158.3667548,6.508587837,297.9501648,0,166.0356293,104.2005234,12.11160469,77996.86719,16.68356895,3.877345317
163.3999939,316.7858578,90.40678824,26.56455882,58.36297553,0.89135202,157.5026627,6.511671543,297.8232117,0,163.1232452,45.24367905,1.211160421,78021.51562,16.68571663,3.963359227
163.6000061,309.5747792,89.17085083,26.5488266,58.69686771,0.8924958055,156.8873245,6.511142254,297.9316101,0,158.9729767,13.5731039,73.55135345,78046.17969,16.68854523,3.793549231
163.8000031,312.1677068,88.46115873,26.48276918,58.69347865,0.8920709808,157.3968771,6.510176182,297.8536682,0,155.047699,4.071931362,9.999999747e-05,78069.42969,16.68607903,3.765712345
164,304.6325653,86.79500712,26.4133335,58.97498666,0.893688764,156.6371418,6.508391857,298.0061035,0,151.4987488,1.221579313,83.8130188,78092.85156,16.70158958,3.664448597
164.1999969,310.5211019,86.38364178,26.33858774,58.79090805,0.8928070846,157.4461262,6.506381035,297.8885193,0,148.6646881,48.9055748,8.38130188,78114.51562,16.69438171,3.648823613
164.3999939,307.7908629,85.97961788,26.33831864,58.86916299,0.893186597,156.7203781,6.505400181,298.1850586,0,146.6332092,14.67167282,144.580658,78136.10938,16.70215607,3.677010505
164.6000061,316.2845145,84.92540585,26.18415191,58.52469203,0.892233117,158.5215142,6.506475925,298.0031433,0,144.9898376,113.6783371,14.45806694,78155.76562,16.7030983,3.706885896
164.8000031,313.8288655,85.39124519,26.2349077,58.59883195,0.891919619,157.3852026,6.506795883,297.8635559,0,142.9127502,55.62860489,1.445806623,78175.46094,16.69853592,3.745362616
165,305.836827,84.76011279,26.26842054,58.97376475,0.8936856919,156.4298898,6.507187366,297.9843445,0,140.7166901,16.68858147,79.29971313,78196.02344,16.71765518,3.743177076
165.1999969,308.882788,84.21899386,26.20310959,58.88015881,0.893470716,157.0621027,6.506183624,297.8634949,0,138.3614807,54.29011154,7.929971695,78215.39062,16.71294594,3.673023041
165.3999939,304.8499429,83.81531673,26.20900626,59.03910838,0.8941122591,156.2474468,6.504327774,298.1677551,0,136.4125366,16.28703308,148.0504761,78234.82812,16.71725273,3.622685997
165.6000061,314.9716905,82.81117733,26.05533246,58.56415053,0.8928921873,158.1768927,6.502346039,297.9781799,0,135.2043152,117.0456161,14.80504799,78251.99219,16.70705986,3.550130326
165.8000031,312.0888379,83.27045557,26.11378953,58.71850107,0.8925664737,156.8448958,6.49898386,297.8345337,0,134.7863922,55.65685654,1.480504751,78269.5,16.69915199,3.532296022
166,304.0563695,83.11007445,26.17885601,59.11044239,0.8945438503,155.8678303,6.494119644,297.9667358,0,135.7176056,16.69705582,84.45291138,78288.49219,16.71216583,3.442382617
166.1999969,309.5426394,83.2921525,26.15713357,58.92537437,0.8939561225,156.623701,6.490103722,297.8361511,0,138.5948792,57.1759758,8.445290565,78307.10938,16.70838547,3.437692052
166.3999939,307.023379,84.07641215,26.23880493,59.01324397,0.8940768507,155.9544391,6.488445282,298.1755371,0,143.0710449,17.15279388,162.1723938,78327.25,16.71513939,3.509955612
166.6000061,319.52268,84.48128974,26.1592452,58.50447583,0.8923037459,158.2529709,6.485998154,297.9570312,0,148.2055359,129.0791321,16.21723938,78346.28906,16.69620132,3.431930486
166.8000031,319.0578278,86.81907656,26.33428005,58.47624991,0.891344618,157.043356,6.482568264,297.8031921,0,154.3289185,57.73516083,1.62172401,78367.03906,16.68107796,3.477275899
167,313.0603554,87.91917585,26.48667736,58.68698645,0.8924397364,156.3184447,6.481245518,297.944519,0,161.8250885,17.32054901,88.62380219,78390.73438,16.69558716,3.539417159
167.1999969,319.8933069,89.87237714,26.57238017,58.45686885,0.8910933111,157.2339262,6.479870319,297.8643494,0,169.8403015,5.196164608,9.999999747e-05,78415.29688,16.68229103,3.562722662
167.3999939,313.5623079,90.3463877,26.63456169,58.58203584,0.8921097459,156.6331238,6.481216431,298.0360413,0,178.4123688,1.558849335,91.71417236,78442.9375,16.69942474,3.596835033
167.6000061,321.1005453,92.47248678,26.71098444,58.33986299,0.8910700893,157.5816144,6.485013962,297.9056091,0,186.437027,56.3106308,9.171417236,78471.48438,16.69548988,3.711215959
167.8000031,319.8032344,94.09972324,26.82405869,58.15318148,0.8908942648,157.143247,6.488960743,298.228302,0,192.9433899,16.89318848,157.24646,78501.94531,16.6936264,3.738297503
168,323.9203306,93.95255717,26.73753379,58.33240311,0.8927753258,158.2805592,6.492527485,298.0064392,0,197.8783264,125.6577682,15.72464657,78532.65625,16.71409035,3.680239367
168.1999969,322.9661607,96.19326808,26.88281035,57.89590924,0.8914401973,157.5348938,6.496590614,297.8563843,0,201.3883362,55.2626152,1.572464585,78564.85938,16.69985771,3.782704566
168.3999939,315.8526892,95.42470403,26.90315961,58.14690726,0.891286551,157.2449431,6.501262665,297.9571228,0,203.2701569,16.57878494,73.54250336,78598.67969,16.7052021,3.764444864
168.6000061,317.0198005,95.60501779,26.89760519,58.27826068,0.8913208114,157.772447,6.504515648,297.834259,0,203.2828217,47.06926727,7.354250431,78632.375,16.70517731,3.731140637
168.8000031,314.1129271,95.45803573,26.90158012,58.23618156,0.8913899281,157.4254647,6.507399559,298.1212769,0,202.0008392,14.12077999,142.2587738,78666.26562,16.70629692,3.714306091
169,319.9485442,95.38433159,26.83237642,58.41713432,0.892523645,158.4338146,6.510982037,297.9280701,0,199.5620117,107.8549957,14.22587776,78698.6875,16.72079849,3.742424342
169.1999969,318.7831695,96.24682813,26.88991909,58.09786705,0.8914534265,157.8801207,6.514662266,298.4773254,0,195.686676,32.35649872,251.9694519,78730.70312,16.70993042,3.795659056
169.3999939,325.6047492,92.40013821,26.52735177,58.74933499,0.8980060768,159.2859595,6.51794672,298.1447449,0,190.3410645,220.6030731,25.19694519,78759.35156,16.77583122,3.635882715
169.6000061,326.8027965,95.78162136,26.70544048,57.96608492,0.8921565571,158.7460656,6.517598629,297.9042053,0,183.6834106,119.6437836,2.519694328,78787.28906,16.70757866,3.740210884
169.8000031,319.3042939,94.50386056,26.7736241,58.26272047,0.8909450417,158.0782647,6.516157627,298.1203308,0,177.1756134,35.89313507,127.8274536,78814.98438,16.69753265,3.700722072
170,322.0798365,92.66736015,26.61900934,58.48407489,0.8912187768,159.0614982,6.514422417,297.9236145,0,171.2361603,108.6716919,12.78274536,78840.59375,16.70407677,3.638512384
170.1999969,319.0174464,92.21884571,26.63090008,58.42811219,0.8909305606,158.0357642,6.512985229,298.4325562,0,165.9882507,32.60150909,237.003479,78865.44531,16.7022934,3.648980618
170.3999939,327.6441612,88.42512464,26.24476622,58.35254344,0.8928866098,160.6060383,6.511917591,298.1202393,0,161.3132629,206.8036194,23.7003479,78886.96094,16.72784233,3.48323527
170.6000061,328.0074563,90.29550949,26.37054346,58.13356388,0.8897791315,159.1137953,6.509736538,297.896759,0,157.0651398,111.4543381,2.370034695,78907.89062,16.69383621,3.595843928
170.8000031,316.0730233,89.03299605,26.45028302,58.6315335,0.8915318443,157.5252714,6.507261753,298.1000061,0,153.6942902,33.43630219,121.0633087,78929.9375,16.71150017,3.554592501
171,319.4667048,87.70632993,26.31709839,58.60274904,0.89163004,158.5860033,6.503966808,297.9142151,0,151.3106232,101.3657303,12.10633087,78950.57812,16.71307945,3.461498155
171.1999969,315.4050074,87.63827344,26.36331317,58.70928223,0.8919921938,157.3155314,6.502057552,298.3952942,0,150.2468262,30.40971947,225.0801697,78971.58594,16.72017288,3.497525088
171.3999939,327.3672216,85.33754119,26.06189913,58.19830501,0.8919407732,160.4866397,6.501113892,298.1035461,0,149.9395752,194.5623474,22.50801659,78990.00781,16.72620964,3.384222724
171.6000061,326.8397539,87.49370109,26.21668142,58.23813026,0.8899610976,158.6394479,6.498723507,297.8880615,0,150.0110168,105.1240311,2.250801563,79008.82031,16.70136642,3.465516086
171.8000031,315.1710656,87.38745619,26.35997303,58.73431449,0.8921369103,157.0537816,6.495705128,298.0878296,0,151.0464783,31.53720856,119.2254333,79029.85156,16.71965599,3.429273973
172,320.2497305,87.23720798,26.29584795,58.61522933,0.8918722733,158.2507469,6.493779659,297.9064026,0,153.2867432,97.87831116,11.92254353,79050.5,16.72133636,3.424493526
172.1999969,317.2428493,88.26178493,26.40632304,58.66378459,0.891895395,157.1872233,6.492904186,298.3768311,0,156.2914581,29.36349297,220.9668274,79072.40625,16.72293282,3.470071171
172.3999939,328.8760753,87.00535675,26.17003061,58.28960525,0.8920599011,160.1749257,6.495368481,298.0965881,0,159.6465912,189.5089417,22.0966835,79092.89062,16.73707199,3.469842148
172.6000061,329.1150719,90.1543907,26.37818768,58.17668185,0.8899888066,158.6608449,6.49470377,297.8817444,0,162.0083618,103.4338074,2.209668398,79114.34375,16.70531082,3.522128305
172.8000031,319.3748078,90.47132881,26.54536331,58.52449939,0.8912008682,157.3972918,6.49291563,298.086853,0,164.6568756,31.03014183,121.4914398,79138.11719,16.71370506,3.480813999
173,324.2454056,90.6877514,26.50523263,58.48300184,0.8909070552,158.564594,6.493150234,297.903595,0,168.0142975,98.96942139,12.14914417,79161.89844,16.71790695,3.516791142
173.1999969,321.7506898,91.93836162,26.62460072,58.41160554,0.8907709041,157.6402327,6.495919228,298.3829041,0,171.2677307,29.69082642,224.5045471,79187.08594,16.7218895,3.616502664
173.3999939,330.2295282,90.34809602,26.36882338,58.41457902,0.8928435163,160.0757234,6.499193192,298.0935669,0,173.4116211,192.8127289,22.45045471,79210.92969,16.74727249,3.526507463
173.6000061,330.7329847,93.54634807,26.57623853,58.06866529,0.8901666822,158.8321219,6.50061512,297.880249,0,174.2525024,103.758934,2.245045424,79235.53906,16.71320534,3.625935466
173.8000031,321.2290593,93.20388719,26.69992559,58.38114684,0.8906267336,157.828874,6.501677036,298.0805664,0,174.5322723,31.12767982,119.3762283,79261.875,16.71876907,3.602713987
174,324.4721676,92.83311646,26.62635263,58.48121375,0.8907308265,158.8755504,6.502539635,297.9004517,0,174.382431,97.3483429,11.93762302,79287.59375,16.72247887,3.572737389
174.1999969,321.3468723,93.23033753,26.69022139,58.41332679,0.8906387464,157.9875802,6.500143528,298.3680115,0,173.8870697,29.20450401,221.3768311,79313.59375,16.71306038,3.476932591
174.3999939,330.1016874,91.06715783,26.40658123,58.46468871,0.8928735012,160.1399627,6.496980667,298.0576782,0,174.360321,188.1321869,22.13768196,79337.58594,16.73679352,3.323946317
174.6000061,331.3401818,94.08953071,26.62365056,58.05377155,0.8898800793,158.7414286,6.489669323,297.8433533,0,176.090744,91.35704803,2.213768244,79362.15625,16.69481277,3.341667693
174.8000031,322.745538,93.72131265,26.75739168,58.30513292,0.8902202795,157.5919419,6.485403538,298.0182495,0,180.7569122,27.40711403,109.395874,79389.19531,16.70606995,3.375281213
175,327.40506,94.53348041,26.77293018,58.29292837,0.8897959335,158.4333794,6.481990337,297.8420105,0,187.1060944,83.47919464,10.93958759,79416.92188,16.70600319,3.383171662
175.1999969,325.0349863,95.6996078,26.88997837,58.09152443,0.8895937806,157.5862561,6.478346348,298.2876587,0,194.8274536,25.0437603,211.6767578,79446.73438,16.70351219,3.363555455
175.3999939,332.1868805,95.27218945,26.7474889,58.32556542,0.8928701009,159.0090816,6.477604389,297.986084,0,204.0099487,174.1978455,21.16767502,79477.09375,16.74416924,3.35031074
175.6000061,330.4189006,98.56059984,26.97943757,57.63906444,0.8904466677,157.736753,6.477702141,297.7949219,0,213.4790039,77.5958252,2.116767645,79510.46094,16.71899414,3.465685128
175.8000031,318.0183654,96.92482964,26.98841356,58.01174828,0.8903119657,157.1611422,6.479766369,297.9524231,0,222.9153595,23.27874756,100.5664444,79547.73438,16.73134995,3.407025942
176,315.9475035,96.60105342,26.94940805,58.2833651,0.8914725757,157.5435454,6.481624603,297.7914734,0,225,71.3597641,10.05664444,79585.80469,16.74560738,3.375200498
176.1999969,311.2402339,96.12856956,26.93389978,58.2190371,0.8916307468,157.0137185,6.481388092,298.2135925,0,225,21.40792847,200.7212982,79624.45312,16.74537468,3.294932356
176.3999939,319.2281223,95.88533484,26.83492782,58.57699441,0.8957973572,157.9065398,6.477016926,297.9145203,0,225,160.4206696,20.0721302,79661.375,16.77826118,3.181417047
176.6000061,318.4948271,97.91031253,26.97455006,57.84603994,0.8922901395,157.0608684,6.470937252,298.7296448,0,225,48.12620163,372.7589111,79698.64844,16.73921776,3.193898005
176.8000031,334.0890174,91.88592988,26.51052453,59.24821896,0.910925573,156.6915067,6.466938496,298.161499,0,225,328.3842773,37.27589035,79730.92969,16.91693306,2.975504837
177,328.3874742,99.33761428,26.86595903,57.40672869,0.8965088377,156.6485831,6.459183693,297.8257141,0,225,153.6220398,3.72758913,79766.42969,16.76813316,3.209321629
177.1999969,319.4662309,97.80739342,27.0175757,57.69159212,0.8909260025,156.5159275,6.448901653,298.0583191,0,225,46.0866127,147.1783295,79803.26562,16.72216606,3.106915203
177.3999939,323.3586359,97.29812201,26.99579714,57.94967314,0.8910328488,157.0668473,6.438601971,297.8013,0,225,122.3157959,14.71783257,79839.25,16.72600746,3.073290028
177.6000061,321.0887265,97.51576229,27.05164247,57.57650063,0.8892995084,156.0449358,6.429492474,298.4413452,0,225,36.6947403,297.3159485,79875.48438,16.71067429,3.079053221
177.8000031,330.3259879,94.726706,26.78798433,58.34710426,0.8986485274,156.8267423,6.420459747,297.9769592,0,225,251.985611,29.73159599,79909.14062,16.79935646,2.950767933
178,332.5339336,99.59940949,27.07822835,56.93697216,0.8903533716,155.5721081,6.412195206,297.726593,0,225,103.5268021,2.973159552,79943.55469,16.71363258,3.168601507
178.1999969,320.9967994,96.70059621,27.06569995,57.45468723,0.8875708947,155.1806879,6.406795502,297.9101257,0,225,31.05804062,117.2189713,79979.58594,16.70309448,3.125663141
178.3999939,325.2422976,97.09642951,27.09931579,57.47345963,0.8863754009,155.6169777,6.402706146,297.821991,0,225,9.317412376,9.999999747e-05,80014.97656,16.69556236,3.159116033
178.6000061,313.5717198,94.2673378,26.93345445,57.95527204,0.8886090489,155.0297569,6.399909019,298.0538025,0,225,2.795223713,117.2336426,80051.875,16.7253952,3.063926283
178.8000031,320.4026275,95.27782876,26.95071442,57.86767208,0.8892376024,155.4742991,6.39583683,297.8762207,0,225,76.74745178,11.72336388,80087.69531,16.72767067,3.06633363
179,320.023356,95.80006657,26.99185969,57.58956012,0.888218144,154.9083222,6.392298222,298.319458,0,225,23.02423477,212.7189789,80123.58594,16.71839333,3.082600359
179.1999969,325.345188,94.46980992,26.83491474,58.02895259,0.8935835469,155.6637858,6.389120102,297.993988,0,225,172.6268311,21.27189827,80158.15625,16.77048111,3.028032033
179.3999939,327.5044406,97.3388411,27.0022273,57.20168168,0.8892042547,154.7803715,6.384124279,297.8049622,0,225,68.99947357,2.127189875,80192.92969,16.72128296,3.109716283
179.6000061,319.5774379,95.44875316,27.00883606,57.51492607,0.8869004962,154.496105,6.385134697,297.9178772,0,225,20.69984245,83.34792328,80228.99219,16.71744728,3.176886273
179.8000031,322.0742681,95.78593094,27.03105382,57.54511133,0.8862920281,154.8768048,6.38779068,297.8358459,0,225,6.209952831,9.999999747e-05,80264.78906,16.71619034,3.223098352
180,313.8072406,93.97265483,26.92189479,57.9205992,0.8880906065,154.6737586,6.391365051,298.0021973,0,225,1.862985849,91.86844635,80301.76562,16.74010658,3.168783358
180.1999969,319.3540973,95.08003937,26.94802091,57.84714303,0.8884937451,155.1709552,6.395010948,297.8657837,0,225,53.71676636,9.186844826,80338.01562,16.74289703,3.207277791
180.3999939,317.9292373,95.29203532,26.95855026,57.75794612,0.8884606968,154.9482386,6.398405552,298.1931152,0,225,16.11503029,163.0748138,80374.54688,16.74296951,3.199960463
180.6000061,323.0040607,95.19817846,26.87977382,58.00491683,0.8917200229,155.7537053,6.40152216,297.9549255,0,225,125.0304489,16.30748177,80410.14062,16.77356148,3.182986795
180.8000031,323.0484365,96.72932869,26.9667833,57.56748919,0.8897761879,155.2335438,6.409116745,297.8128967,0,225,47.64539337,1.630748153,80446.28906,16.7604847,3.341788969
181,316.1676744,95.34350479,26.94941014,57.91776189,0.8890471293,155.3387654,6.41782999,297.8981018,0,225,14.2936182,68.12620544,80483.5625,16.76297951,3.325319655
181.1999969,318.2389482,95.91834436,26.96602028,57.99894394,0.8890450047,155.9259591,6.427361012,297.8199768,0,225,4.288085461,9.999999747e-05,80520.74219,16.76614571,3.361000955
181.3999939,311.1625199,94.49987429,26.87930346,58.32124626,0.8904798884,155.8877481,6.440076828,297.9691162,0,225,1.286425591,85.02837372,80559.09375,16.79136467,3.381288059
181.6000061,315.8443453,95.78428837,26.89731552,58.35584861,0.8912826671,156.7093206,6.452317715,297.8516235,0,225,46.57138062,8.502837181,80597.02344,16.79817009,3.415706202
181.8000031,312.6591914,95.74307799,26.88691165,58.37731039,0.8915620239,156.71251,6.465621471,298.1474304,0,225,13.97141457,148.7732697,80635.63281,16.80625534,3.438195991
182,317.5593098,96.07174138,26.80641198,58.69806407,0.8950248023,157.7569542,6.47792244,297.9536133,0,225,111.3427505,14.87732601,80673.5,16.09376335,3.430041121
182.1999969,318.5734345,97.31378735,26.99148087,57.97825283,0.8892912812,158.168689,6.488828659,297.8175659,0,225,47.78466034,1.487732649,80711.67188,16.03286552,3.463831567
182.3999939,313.696956,96.35355911,26.98325885,58.22072406,0.8887866088,158.2195716,6.500943184,297.9264221,0,225,14.33539867,76.6295929,80750.6875,16.03687096,3.48084774
182.6000061,314.8011514,96.77313006,26.98317224,58.42018934,0.8888502213,159.0247454,6.512653351,297.8487244,0,225,4.300619602,9.999999747e-05,80789.80469,16.04014206,3.498590676
182.8000031,306.6677724,95.11262233,26.87585646,58.72710553,0.8904333512,158.6439557,6.523812294,297.9969788,0,220.4589996,1.290185928,85.07687378,80829.14062,16.05977058,3.472708099
183,312.3822678,96.37058373,26.90165502,58.79225932,0.8901074893,159.720911,6.528506279,297.8788147,0,211.4550018,47.34601593,8.507687569,80865.80469,16.04153061,3.395386226
183.1999969,314.6421129,96.80314135,26.92889917,58.6018837,0.8889279906,159.7082285,6.530534267,298.1601868,0,200.5927887,14.20380402,144.0992126,80899.85938,16.01531792,3.392624317
183.3999939,323.6761664,96.37937375,26.82150292,58.77611083,0.8892872237,160.9981655,6.532364368,297.9745789,0,188.9075317,107.6215973,14.40992165,80929.89844,16.01144218,3.430963525
183.6000061,325.0399003,96.22353799,26.81361844,58.49979157,0.8875614204,160.4730868,6.531534195,297.8410645,0,176.4823303,47.48695755,1.440992236,80957.03906,15.97931004,3.441607201
183.8000031,321.1845093,93.70914024,26.74469205,58.72411811,0.8878654726,159.5673682,6.528332233,297.9396362,0,164.3973083,14.24608803,72.92554474,80981.63281,15.97928047,3.367055232
184,323.5688006,91.4814394,26.57933593,58.80325148,0.887710535,159.7931336,6.522668839,297.8619995,0,153.5923309,4.273826122,9.999999747e-05,81002.89844,15.97651291,3.269140194
184.1999969,314.3415483,88.02149363,26.41630748,59.09487559,0.8902558138,158.2357116,6.514918804,297.9961853,0,145.0532074,1.282147884,79.81487274,81022.96875,16.00332069,3.092334619
184.3999939,319.4583861,86.18671386,26.24107184,58.97131314,0.8897023577,158.7671989,6.509475231,297.8851929,0,139.6128845,42.98762512,7.981487274,81040.57812,16.0026226,3.103018567
184.6000061,315.1833109,84.92099412,26.20349072,59.12757428,0.8907310987,157.4746527,6.505785465,298.1402588,0,136.335907,12.89628792,132.8034668,81057.85938,16.01457214,3.116334453
184.8000031,324.1478769,83.4329886,25.99840629,58.76924979,0.8896223429,159.3420822,6.501324177,297.9666748,0,134.5364838,97.42119598,13.28034592,81072.80469,16.00926018,3.008779882
185,320.5041342,83.57588945,26.05709311,58.96901858,0.8898714889,157.6277483,6.498040676,297.8435059,0,134.5296783,40.88705826,1.328034639,81088.28906,16.01022339,3.063772188
185.1999969,313.4163069,83.65684494,26.15344147,59.24722471,0.8915949889,156.629348,6.494606018,297.9266663,0,135.8299255,12.2661171,65.7520752,81105.30469,16.02524185,3.048781128
185.3999939,318.161191,84.01961057,26.14752472,59.11145833,0.8908769275,157.3648036,6.492517471,297.8505554,0,138.5083008,3.679835081,9.999999747e-05,81122.14844,16.02072906,3.07890526
185.6000061,312.6637679,84.40062811,26.21675553,59.25433092,0.8919469439,156.7333524,6.489446163,297.978363,0,142.0172424,1.1039505,77.20380402,81140.71875,16.0302639,3.023243555
185.8000031,321.5609174,85.45173681,26.22032627,58.9775775,0.8901715265,158.0010747,6.487771988,297.8708496,0,146.7621765,40.16183472,7.720380306,81158.96875,16.015728,3.068149874
186,320.9076614,86.87755462,26.3454209,58.95066944,0.8899213403,157.5120849,6.488305569,298.119812,0,152.1691284,12.04855061,130.1930389,81178.78125,16.01327133,3.151635905
186.1999969,330.9600109,87.94600635,26.29749316,58.64698505,0.8881097841,159.740857,6.487330437,297.9465637,0,157.3598175,93.90431976,13.01930332,81198.17969,15.99896049,3.100861824
186.3999939,330.5962774,90.07301843,26.47493147,58.56748193,0.8875664972,158.7612117,6.486395836,298.3962708,0,162.9524536,28.17129517,218.8039703,81219.09375,15.98913193,3.136822549
186.6000061,339.0661814,89.0154642,26.22483606,58.39025522,0.8883799273,161.8295884,6.48942709,298.118988,0,168.9141541,182.6103973,21.8803978,81239.83594,16.01458359,3.14243633
186.8000031,340.5229759,93.09126573,26.49491273,58.19904767,0.8861223679,160.479542,6.492260456,297.9154053,0,173.6504669,98.43507385,2.18803978,81262.20312,15.97835255,3.284372331
187,333.0571111,94.16772726,26.74238764,58.33563457,0.8864389244,159.3666643,6.49646616,298.0802307,0,177.2666473,29.53052139,107.1054382,81287.01562,15.97948551,3.339663434
187.1999969,334.7755996,94.52066657,26.71913341,58.44660193,0.8863270326,160.5196273,6.50126791,297.9217529,0,179.1953888,84.74951172,10.71054363,81312.21875,15.98336792,3.351824618
187.3999939,331.3629131,95.16588057,26.79580984,58.39410137,0.8864573975,159.7663794,6.506635666,298.3027039,0,179.2059631,25.42485428,189.1548767,81338.1875,15.98133945,3.373074701
187.6000061,335.3010816,93.46508976,26.53478011,58.62061737,0.8884357372,161.7148871,6.513131142,298.0771484,0,177.0693817,155.1078796,18.91548729,81362.85156,16.01183319,3.359783946
187.8000031,333.9640391,94.7683023,26.61655078,58.43111313,0.8868336369,160.8448378,6.519892216,297.9069214,0,172.3327026,85.78773499,1.891548753,81387.25781,15.98493576,3.448457874
188,326.3186232,93.53829352,26.66996842,58.68769442,0.8873348692,159.858269,6.525308609,298.0606079,0,164.8944397,25.7363205,99.08776855,81411.25781,15.987257,3.444444062
188.1999969,327.2649387,91.57963256,26.48999138,58.82558573,0.8875240663,160.685409,6.530758381,297.9300537,0,155.2947998,76.5437851,9.908776283,81432.88281,15.99270916,3.469799482
188.3999939,320.6780779,89.24741183,26.38165722,58.99059682,0.8887777361,159.3537063,6.533962727,298.2652283,0,143.5108795,22.96313477,168.1118164,81452.53906,16.00196075,3.429217239
188.6000061,327.3748226,84.9979475,25.95636882,58.59779639,0.8887364615,161.52309,6.534955025,298.0839233,0,130.4526367,136.9464569,16.81118011,81467.34375,16.00947189,3.302264219
188.8000031,321.1846021,82.57439153,25.84598551,58.82760377,0.8894360692,158.9650763,6.533265114,297.929718,0,116.997551,81.82817841,1.681118131,81479.60938,16.011549,3.269784863
189,307.5761978,79.89287677,25.80084294,59.44785195,0.8932931041,155.9777028,6.526903629,298.080658,0,104.220253,24.54845428,96.82202148,81490.63281,16.04149246,3.11231471
189.1999969,310.3383807,77.2961963,25.57500024,59.29262667,0.8956761982,155.4574814,6.519195557,297.9533691,0,93.99417114,75.14995575,9.682202339,81498.21875,16.06242371,3.050421179
189.3999939,302.6675927,76.25170175,25.53458696,59.8103545,0.8981315595,152.49948,6.509280682,297.8494568,0,86.84085846,33.12916565,0.9682202339,81505.05469,16.07894707,3.001941938
189.6000061,294.5988698,75.79007992,25.55284369,60.28375151,0.9009837257,150.8844253,6.499605656,297.9317627,0,83.65648651,9.938750267,62.60053253,81512.52344,16.10395813,3.029812651
189.8000031,298.7220993,75.16614227,25.47613483,60.22769031,0.9027114563,150.5001478,6.491607666,297.8592834,0,84.33422852,2.981624842,9.999999747e-05,81519.05469,16.12130547,3.027744289
190,293.1792636,75.4162107,25.5424526,60.41911733,0.9027077124,150.3502784,6.4861269,297.9791565,0,88.20648193,0.8944875002,73.44100952,81527.60938,16.12538338,3.066407578
190.1999969,302.0694224,75.08895887,25.48327274,60.11304293,0.902243703,151.1807186,6.483410358,297.8895569,0,94.26817322,37.51438522,7.344100475,81535.60938,16.1264267,3.031597076
190.3999939,300.1495551,75.81494605,25.57451061,60.15190392,0.900207448,151.5167943,6.483499527,298.1072083,0,101.415451,11.25431538,116.44384,81545.72656,16.11299896,3.059544137
190.6000061,313.2271844,75.92935682,25.51229367,59.51678439,0.8983022315,154.1295314,6.485218048,297.9776306,0,108.5265732,82.87504578,11.64438438,81555.04688,16.09876251,3.002130283
190.8000031,311.0595999,77.48773767,25.6467839,59.59893158,0.8957607873,154.0497336,6.487396717,297.8653259,0,114.9540405,40.55745697,1.164438486,81566.52344,16.07324791,3.02486215
191,306.3222001,79.08321864,25.82551761,59.74446896,0.8954759427,154.3938496,6.491035461,297.9590149,0,120.5137482,12.16723728,68.79273987,81580.64844,16.06930351,3.104988865
191.1999969,312.6822941,80.17816241,25.85633124,59.47611455,0.8940975116,155.8865533,6.497058868,297.8649597,0,124.6146164,40.28451157,6.879273891,81595.01562,16.05797386,3.213103874
191.3999939,309.7597192,81.34752831,25.96162405,59.53885075,0.8936354857,155.7235667,6.502460957,298.0877075,0,126.3030319,12.0853529,118.9387131,81610.57031,16.04867554,3.232487249
191.6000061,319.7892249,81.28197973,25.84696469,59.10700933,0.8920030576,157.9016234,6.508048058,297.9611511,0,125.8401794,84.57429504,11.89387131,81624.39062,16.03478241,3.245566763
191.8000031,315.2331172,81.57886729,25.89429284,59.28646735,0.8919740517,156.7716589,6.511526108,297.8495178,0,123.1398392,42.5348587,1.189387083,81638.44531,16.02771187,3.233689931
192,307.2082192,81.16403232,25.94414658,59.60111751,0.8937197238,155.7411307,6.511433125,297.9567871,0,119.0559387,12.76045704,74.49319458,81652.84375,16.03679657,3.129934019
192.1999969,310.7217661,80.14862378,25.83186036,59.48758049,0.8939132787,156.1398076,6.510909557,297.8562317,0,115.0140228,44.96226501,7.449319839,81665.51562,16.03876495,3.109313011
192.3999939,304.894715,79.48907945,25.82610133,59.73387407,0.8949893859,154.8271103,6.509761333,298.1069946,0,111.1717148,13.48867989,130.6971893,81678.14062,16.0472641,3.096431927
192.6000061,315.7771681,78.01942391,25.61727501,59.23599228,0.8946207022,156.3709361,6.509305954,297.9701538,0,107.7892151,95.36154175,13.06971931,81687.78125,16.04752922,3.083594059
192.8000031,310.1423318,77.83139649,25.63393159,59.5509693,0.8948966666,154.4652738,6.508368969,297.8526001,0,104.5845642,50.28815079,1.306971908,81697.58594,16.04741669,3.118279299
193,301.3587075,77.65132181,25.69603583,59.94842322,0.896930772,153.3328102,6.507482052,297.9779663,0,101.7585678,15.08644581,80.83388519,81708.44531,16.06505394,3.164980794
193.1999969,306.334484,76.95189792,25.59622057,59.7591279,0.8977028987,153.7509176,6.506539345,297.8809509,0,99.28556824,53.69656372,8.083388329,81717.69531,16.07165337,3.161014872
193.3999939,301.2091107,76.84794479,25.61696383,60.00006787,0.8981573703,152.5959866,6.50442028,298.1515198,0,97.19010162,16.10896873,137.9613647,81727.25,16.07223892,3.124423688
193.6000061,314.1869711,75.64582454,25.4301233,59.36508956,0.898331708,154.2564667,6.501373768,298.0082092,0,95.94593048,105.7177429,13.7961359,81733.75781,16.07169724,3.002213587
193.8000031,309.2001251,75.84027128,25.46829971,59.71078462,0.8976451994,152.4525978,6.49683857,297.87677,0,95.91954041,59.93153763,1.379613638,81740.90625,16.06045532,2.937840898
194,300.9839212,76.16733648,25.57595828,60.11412684,0.8987217349,151.8407465,6.492643833,298.0134888,0,97.70925903,17.97946167,88.18318939,81750.0625,16.06974983,2.929863008
194.1999969,308.0235747,75.91997697,25.51912613,59.82595315,0.8988623341,152.9742865,6.490737915,297.8997498,0,101.1709137,61.51107788,8.818318367,81758.67188,16.07506561,2.944204324
194.3999939,304.2741749,76.66461217,25.61059806,59.97572849,0.8978170697,152.5924109,6.488658905,298.1921082,0,105.3885727,18.45332336,149.8610687,81768.89844,16.06378174,2.893056835
194.6000061,319.5928275,76.1671821,25.47224593,59.20281039,0.8963564657,155.6661846,6.489550591,298.0286865,0,110.4457321,116.4143829,14.98610687,81777.49219,16.05786896,2.895598997
194.8000031,316.3263256,77.68112148,25.5992285,59.41721453,0.894250774,154.7240705,6.492490292,297.8924561,0,115.1359711,65.03660583,1.498610735,81788.07812,16.03852844,3.014484181
195,308.8238969,79.10860481,25.78720465,59.6962833,0.8947435683,154.6059907,6.496177673,298.0236511,0,118.6529922,19.51098251,86.55417633,81801.32812,16.04011726,3.08288623
195.1999969,315.0277412,79.64087339,25.76728884,59.40709911,0.8938829254,156.2503436,6.500498295,297.9109802,0,120.699295,61.76446533,8.655417442,81814.21875,16.03176308,3.110715885
195.3999939,310.9214007,80.41878936,25.85425281,59.55307874,0.8936521217,155.6068666,6.504235268,298.1948853,0,121.0175705,18.52934074,146.1635437,81828.0625,16.0254879,3.121943847
195.6000061,322.8669174,79.60125614,25.6658448,58.92990146,0.8922956629,158.3683664,6.5072155,298.0381165,0,119.8451233,113.9760895,14.61635494,81839.46094,16.01451683,3.059321436
195.8000031,318.1363575,79.98009575,25.72186294,59.20818013,0.8919834118,156.647019,6.507902622,297.8991394,0,117.4810562,65.07363892,1.46163547,81851.07812,16.0043869,3.036414964
196,308.5865202,79.81191335,25.81415817,59.63405353,0.8939810715,155.2782388,6.508503437,298.0327454,0,114.8473129,19.52209282,87.74402618,81863.86719,16.02079201,3.066982399
196.1999969,313.0056812,79.00643349,25.70601565,59.43362228,0.8943193768,156.0832303,6.507883072,297.9159851,0,111.9661789,62.87459183,8.774402618,81875.05469,16.02238464,3.011786159
196.3999939,307.2851443,78.72451055,25.72919946,59.70821732,0.8950379296,154.6396245,6.505318165,298.2024841,0,109.3368378,18.86237717,148.1133575,81886.39062,16.02468872,2.941263306
196.6000061,320.0332074,77.20542791,25.50721504,59.04092331,0.8946148524,156.8421831,6.504918098,298.0445557,0,107.7360764,115.4340744,14.81133556,81894.875,16.02719116,2.953986725
196.8000031,314.7992665,77.49814618,25.55510161,59.39851082,0.8943144723,154.8098655,6.503940105,297.9072571,0,106.281929,66.38736725,1.48113358,81903.88281,16.0207119,2.981393877
197,305.2705562,77.6575941,25.66101772,59.85179605,0.8961299144,153.6572344,6.502567768,298.0378113,0,105.2278595,19.91621017,86.64200592,81914.46094,16.03484344,2.991859458
197.1999969,310.4888596,77.15315641,25.57884317,59.61770625,0.8966191439,154.5281113,6.500416279,297.921051,0,104.7221909,62.5115509,8.664200783,81923.82812,16.03746796,2.926671301
197.3999939,305.5375007,77.33958213,25.63255288,59.87123713,0.8966872631,153.4076947,6.499605656,298.2036438,0,105.0782852,18.75346565,145.9617767,81934.16406,16.03933907,2.975750131
197.6000061,319.0931076,76.38992555,25.45393421,59.14872194,0.8960573457,155.9385509,6.498923302,298.0454712,0,105.7517471,114.1629791,14.59617805,81942.01562,16.0350647,2.899238837
197.8000031,314.5158444,77.02699375,25.52575071,59.47520098,0.8950293101,154.2802793,6.497373581,297.9060974,0,106.7021561,65.1056366,1.459617853,81950.83594,16.0216465,2.890753117
198,305.8364968,77.5918277,25.66192075,59.87792703,0.8962085267,153.5473448,6.494647026,298.0335083,0,108.2755814,19.5316906,86.14884949,81961.6875,16.02861595,2.846853754
198.1999969,311.9180818,77.48288384,25.61174397,59.61874514,0.8960919699,154.7779464,6.492312908,297.9119263,0,110.9406815,61.01213837,8.614884377,81971.98438,16.02848053,2.806583735
198.3999939,308.0428941,78.2473534,25.70939674,59.79785783,0.8955925102,154.0891863,6.491409779,298.1949158,0,114.5345383,18.30364037,146.9505615,81983.88281,16.02477074,2.843095693
198.6000061,322.0742111,77.91715501,25.56497116,59.10563339,0.894063045,157.1313414,6.490703583,298.0200806,0,118.4860764,113.5420151,14.69505596,81994.10156,16.01416588,2.767110955
198.8000031,318.7841758,79.41561912,25.7025136,59.3514337,0.8926779388,155.8465523,6.489311695,297.8786926,0,122.7240753,58.41275024,1.469505668,82005.98438,15.99703884,2.78034287
199,311.6900564,80.75086654,25.8980761,59.61828494,0.893524699,155.3861187,6.489614964,297.994873,0,127.521759,17.52382469,81.37970734,82020.64062,16.00381088,2.856520688
199.1999969,318.3157876,81.76961422,25.91340382,59.36887587,0.8924126688,156.9311522,6.491583824,297.87854,0,132.1902466,54.11154556,8.137970924,82035.5,15.99487019,2.909239307
199.3999939,315.8119684,83.21374325,26.04927178,59.42389979,0.8920178955,156.5158306,6.493648052,298.1513062,0,136.0713043,16.23346329,142.3364258,82051.92969,15.98767662,2.931671045
199.6000061,327.640647,83.54769432,25.92755604,58.97746558,0.8901240436,159.3035485,6.497799397,297.9872131,0,139.1316376,106.6529312,14.23364258,82067.24219,15.97568607,2.972938717
199.8000031,324.8043312,85.07240531,26.06092773,59.08889901,0.8895717477,158.1995763,6.501538754,297.855835,0,140.5248718,53.67074966,1.423364282,82083.6875,15.96330547,3.02414541
200,317.5990688,85.54196855,26.19633287,59.31426527,0.8907872087,157.3876377,6.507394314,297.9745789,0,140.4303131,16.1012249,80.8915863,82101.75,15.97315788,3.108806899
200.1999969,321.3005714,85.55227914,26.13604728,59.22164343,0.8901697705,158.4768267,6.512535572,297.8669739,0,137.9853363,52.63953018,8.089159012,82118.79688,15.96619797,3.115103681
200.3999939,315.5462571,84.94440226,26.13932351,59.39237326,0.8911250171,157.4489226,6.51624918,298.1394043,0,133.4930115,15.79185963,141.208374,82135.71875,15.97216606,3.090970549
200.6000061,324.188503,83.17168799,25.88077572,59.03259817,0.8902981535,159.4812829,6.51924324,297.9899292,0,127.5176239,105.6074219,14.12083721,82149.5625,15.96882057,3.057884054
200.8000031,317.866084,82.15512111,25.85678375,59.29181083,0.8911209818,157.451536,6.520432472,297.8624878,0,120.3423615,57.21551514,1.412083745,82162.63281,15.97181988,3.052578191
201,307.0798368,80.70677206,25.86439506,59.72424878,0.893874877,155.5887996,6.518862724,297.9925232,0,112.6950455,17.16465378,85.5705719,82175.5625,15.99315357,2.987437819
201.1999969,310.188589,78.9241302,25.68849894,59.61812331,0.8950081125,155.5913241,6.516675949,297.8841248,0,105.6789017,57.82503128,8.557057381,82185.98438,16.00431252,2.967869338
201.3999939,303.2180187,77.92332676,25.65873568,59.95657462,0.8966292354,153.5776312,6.512490273,298.1678162,0,99.53057861,17.34750938,146.0260468,82195.85938,16.01541328,2.914084043
201.6000061,315.8697357,76.03300601,25.40448524,59.35839957,0.8975095989,154.7937239,6.506952286,298.0119324,0,95.06125641,111.6828842,14.60260487,82201.83594,16.02207947,2.79508579
201.8000031,309.5543372,75.83043941,25.41947919,59.82728335,0.8978484351,152.1012429,6.501799107,297.8806458,0,92.80514526,62.07040024,1.46026051,82208.16406,16.0241394,2.839445176
202,300.2104021,75.92539274,25.51339269,60.28268964,0.8995996788,151.1027726,6.496887207,298.0119324,0,92.6047287,18.62112045,86.35546875,82216.23438,16.0390892,2.84888955
202.1999969,306.3845646,75.45643807,25.43756813,60.05352918,0.9005352027,151.7976468,6.492981911,297.9004211,0,94.36951447,60.4273262,8.635546684,82223.375,16.04860497,2.814495378
202.3999939,302.0931902,75.85835081,25.50900898,60.24503297,0.8997334668,151.2045985,6.490695477,298.1846008,0,97.69376373,18.12819672,146.6226654,82232.05469,16.04359627,2.829900062
202.6000061,317.1308357,75.16779733,25.35944017,59.49926615,0.8990674784,153.9119958,6.490971565,298.0333862,0,101.9306641,113.2726974,14.66226673,82238.85156,16.04355621,2.811151195
202.8000031,313.4300912,76.28196251,25.46190633,59.71272548,0.8967742293,153.0402872,6.491555214,297.8970642,0,106.0539017,65.89276886,1.466226697,82247.39062,16.02048492,2.828301451
203,305.9217426,77.40393365,25.63670013,60.0014316,0.8968283288,153.089353,6.491424084,298.0332947,0,109.9508057,19.7678299,89.56784821,82258.49219,16.01730156,2.802108345
203.1999969,313.0571793,77.73498736,25.609178,59.67950139,0.8960912309,154.8218889,6.492873192,297.914856,0,113.9035492,63.93280411,8.956784248,82269.375,16.0127449,2.819496137
203.3999939,309.5374356,78.85958205,25.72656115,59.80127815,0.8951985295,154.4183418,6.495161533,298.2060852,0,117.2690659,19.179842,150.5535431,82281.875,16.00279999,2.854964491
203.6000061,323.4032673,78.57626486,25.56805071,59.10404025,0.8935449649,157.6489055,6.498472691,298.0428467,0,119.7215652,117.3490524,15.05535412,82292.54688,15.99156857,2.838293309
203.8000031,319.6778452,79.84366221,25.68094101,59.33979854,0.8923809751,156.3298251,6.500756741,297.9014282,0,120.8489227,66.56900024,1.505535364,82304.30469,15.97412682,2.864131826
204,311.0789334,80.48228922,25.83364791,59.68145803,0.893646456,155.4696599,6.503436089,298.0332947,0,121.0693436,19.97070122,87.89402008,82317.94531,15.98257828,2.910709003
204.1999969,316.0401038,80.31495187,25.76260077,59.4671942,0.8933837241,156.7058251,6.5057621,297.9165649,0,120.2135162,62.83506393,8.789402008,82330.57031,15.97943115,2.900952724
204.3999939,310.871223,80.41875889,25.81421034,59.67347496,0.893758808,155.5938928,6.506653309,298.1998291,0,118.4296112,18.85051918,147.5102692,82343.625,15.97863102,2.869541944
204.6000061,322.65716,79.09571104,25.58701712,59.07545271,0.8929373006,158.0502356,6.508403778,298.0414429,0,116.2927475,114.3209991,14.75102711,82353.95312,15.97585201,2.854287847
204.8000031,317.3838563,79.27840746,25.6346678,59.39290787,0.8928494146,156.0613178,6.506584644,297.8989563,0,113.4483032,65.04556274,1.475102663,82364.33594,15.96637821,2.780315164
205,307.5568416,79.01833003,25.72983944,59.84154294,0.8948916652,154.5535308,6.503238201,298.0305786,0,111.3460693,19.51366997,88.40248871,82375.89062,15.98138332,2.733985241
205.1999969,312.6433984,78.24776677,25.62580403,59.65133244,0.895361847,155.2839575,6.500650883,297.9092712,0,110.5759277,62.20094299,8.840249062,82386.1875,15.98767376,2.721334029
205.3999939,307.5079491,78.37096368,25.6822366,59.8965082,0.8956666731,154.0491649,6.497804642,298.1966248,0,110.8333588,18.66028214,149.6431885,82397.3125,15.98885536,2.699101234
205.6000061,321.1799911,77.33257381,25.48360911,59.23811201,0.8949121664,156.6184831,6.495724678,298.022644,0,112.2324829,115.3055115,14.96431828,82406.08594,15.98672104,2.637542249
205.8000031,316.6592527,78.1933564,25.58359142,59.56031311,0.8939846977,154.8968519,6.49530983,297.8853455,0,114.4603195,60.50164413,1.496431828,82416.25781,15.97747135,2.72468114
206,308.2182445,79.05539009,25.74872866,59.88118833,0.8950832171,154.3512374,6.495173931,298.0006104,0,116.8511581,18.15049362,81.13314056,82428.80469,15.98492432,2.750461624
206.1999969,313.9040682,79.32856414,25.71856664,59.65571567,0.8946107298,155.6541049,6.497214317,297.8896484,0,119.3006363,54.64765549,8.113314629,82441.10938,15.98316479,2.806301348
206.3999939,310.0320296,80.15969364,25.81627974,59.78028204,0.8943503861,155.0937893,6.498835564,298.1532593,0,120.9278717,16.39429665,138.8272247,82454.60938,15.97723103,2.803743004
206.6000061,322.2058991,79.72928993,25.65260482,59.24189584,0.8929607465,157.7087296,6.500442505,297.9961548,0,121.9148636,104.0371857,13.8827219,82466.14844,15.96751118,2.762282001
206.8000031,318.013065,80.54665918,25.74699628,59.46902759,0.892403791,156.2834108,6.50002861,297.8643494,0,122.2577057,53.60791016,1.388272166,82478.52344,15.9557085,2.73841391
207,310.0293069,80.89209844,25.87661525,59.76653526,0.8937822073,155.3935547,6.500236988,297.9813843,0,122.7727814,16.08237267,81.00730133,82492.61719,15.96642876,2.768583455
207.1999969,315.2583488,80.85360066,25.81899924,59.59097034,0.8933856522,156.4419718,6.500954151,297.8700256,0,123.1959763,52.36164856,8.100729942,82505.9375,15.96356583,2.774344559
207.3999939,310.8098134,81.15899252,25.88576111,59.74265948,0.8936475837,155.5764162,6.501777172,298.1394653,0,123.3326187,15.70849419,141.0234833,82520.09375,15.9639349,2.779699011
207.6000061,322.6624874,80.42435928,25.69548108,59.25334604,0.8924082944,157.9979406,6.504297733,297.9857483,0,123.1413803,104.6248932,14.10234737,82532.10938,15.95819187,2.795132778
207.8000031,317.9927427,80.95756456,25.76931636,59.47852081,0.8921688857,156.4675735,6.504283905,297.8542786,0,121.936615,54.80543518,1.410234809,82544.63281,15.94852257,2.760859207
208,309.3829507,80.91804786,25.87414651,59.79968218,0.8938294483,155.3766668,6.504837513,297.9815979,0,120.7512283,16.44163132,84.97337341,82558.52344,15.9619894,2.789960113
208.1999969,314.3713906,80.46827091,25.78331882,59.6349772,0.8937112558,156.2794063,6.506014824,297.870636,0,119.3343964,55.89085007,8.497337341,82571.21094,15.96206188,2.803071925
208.3999939,309.0172399,80.37090683,25.82214234,59.829795,0.8942690196,155.1610445,6.506662846,298.1543884,0,117.4463425,16.76725388,146.8748932,82584.34375,15.96462345,2.793456573
208.6000061,321.2508586,79.09153293,25.59134915,59.28487742,0.8934583587,157.4386848,6.507589817,297.998291,0,115.3029404,110.6348038,14.68748951,82594.60156,15.96131992,2.760376051
208.8000031,315.7434142,79.20356355,25.63762784,59.58663079,0.8934280964,155.4636476,6.507904053,297.8664856,0,112.7859497,60.44978714,1.468748927,82605.19531,15.95640755,2.786877103
209,306.0693255,79.0296285,25.72987109,59.97556701,0.8953837407,154.2156516,6.507666588,298.000061,0,110.1462708,18.13493538,87.68180084,82616.99219,15.97117615,2.794525488
209.1999969,310.9942865,78.24988676,25.61625932,59.79629957,0.8959182524,154.8650839,6.50588274,297.8858643,0,107.6013412,60.20606613,8.768179893,82627.07812,15.97411728,2.728339452
209.3999939,305.2944102,78.03379029,25.64668139,60.0555196,0.8964822581,153.4608708,6.50414896,298.177948,0,105.7733459,18.06181908,150.6962128,82637.63281,15.97798157,2.72886688
209.6000061,319.0171102,76.6837597,25.4186465,59.4122836,0.8963029104,155.6105934,6.503283978,298.0210876,0,104.6336975,115.4055786,15.06962204,82645.17188,15.98028469,2.694964349
209.8000031,313.6013704,77.03789701,25.47458112,59.75602128,0.8957691566,153.604935,6.50228548,297.885498,0,103.8374252,65.77683258,1.50696218,82653.42969,15.97192001,2.727309062
210,304.2630552,77.31185681,25.59547878,60.15290726,0.8971836195,152.7264278,6.501410961,298.0239563,0,103.4437103,19.7330513,90.13988495,82663.48438,15.98271942,2.749827006
210.1999969,310.2307229,76.89284081,25.50965785,59.90790595,0.8976384233,153.707752,6.501333714,297.9115601,0,103.399086,64.22289276,9.013988495,82672.39844,15.98775768,2.753021283
210.3999939,305.2337984,77.20282614,25.57135882,60.11910876,0.8974646668,152.7378474,6.501264572,298.2020569,0,103.3830872,19.26686668,150.244873,82682.21094,15.98408794,2.755339437
210.6000061,319.2842084,76.17674252,25.37032543,59.40891635,0.8970838056,155.2468043,6.503016472,298.0556335,0,103.3972015,117.0112076,15.02448654,82689.40625,15.9852972,2.763045862
210.8000031,314.4309189,76.78100669,25.43296518,59.70290535,0.8960822905,153.5816602,6.504175663,297.9214783,0,102.7046738,71.89241791,1.502448678,82697.35156,15.97125244,2.791561192
211,305.2581745,77.10426191,25.55414166,60.11015021,0.8972750992,152.7099772,6.504438877,298.0639343,0,101.55616,21.56772423,91.22607422,82706.86719,15.97817516,2.790737342
211.1999969,310.8608122,76.58785496,25.46033705,59.84504665,0.8979365491,153.6867222,6.503810406,297.9488525,0,100.3033829,68.76813507,9.122607231,82714.96875,15.98185349,2.743734463
211.3999939,305.5715965,76.71972711,25.50893188,60.11081768,0.8979339349,152.4172321,6.502100468,298.2342224,0,99.30221558,20.63043976,149.1316681,82723.65625,15.97821426,2.707441963
211.6000061,319.2357447,75.54187187,25.30616375,59.38520919,0.8980395719,154.7238156,6.501732349,298.0827026,0,98.98568726,118.0273438,14.91316605,82729.60156,15.98246384,2.690055388
211.8000031,314.1695342,76.03536156,25.36364663,59.73927979,0.8970986433,152.8499314,6.500179291,297.9417419,0,98.80848694,72.40253448,1.491316676,82736.30469,15.968853,2.677025484
212,305.0175504,76.3956781,25.49293855,60.1831444,0.8980956314,152.0086022,6.49763155,298.0723877,0,99.26063538,21.72076225,88.46980286,82744.85156,15.97474575,2.64395442
212.1999969,310.7453907,76.04957687,25.42430655,59.9229202,0.8986217635,153.1210087,6.494765759,297.9510193,0,100.7313995,65.67131805,8.846980095,82752.54688,15.97886658,2.578299269
212.3999939,306.1593023,76.52263558,25.50609688,60.15148605,0.8979995938,152.2773887,6.49396944,297.855896,0,103.3462982,25.53132248,0.8846980333,82761.80469,15.97463512,2.646489694
212.6000061,300.8156615,77.22757502,25.62676568,60.31230875,0.8982417233,152.4114494,6.493478775,297.9112244,0,106.2720413,7.659396648,52.55074692,82772.96875,15.97494984,2.650023804
212.8000031,305.2401394,77.54950366,25.62545078,60.16292173,0.8977155471,153.2445887,6.494284153,297.8385315,0,109.3996582,2.297819138,9.999999747e-05,82784.125,15.9712286,2.665303583
213,300.6907323,78.30658926,25.72572846,60.23258268,0.8975136198,153.3130341,6.496649742,297.946228,0,112.2018509,0.6893457174,70.23081207,82797.07031,15.9687252,2.713100107
213.1999969,308.5661695,78.61208783,25.68068286,59.97890847,0.8963875579,154.4731211,6.499472141,297.8755798,0,114.056839,0.2068037093,9.999999747e-05,82809.07812,15.95820999,2.715808149
213.3999939,302.6692695,79.15632123,25.76475874,60.09004681,0.8965445838,154.2205567,6.502802372,297.9909058,0,114.786377,0.06204111502,73.20818329,82822.59375,15.95714188,2.743356015
213.6000061,310.1864016,79.12107873,25.68566847,59.84596927,0.8956342726,155.2637044,6.506214619,297.9032898,0,114.1834412,35.71699524,7.320817947,82834.64844,15.94800377,2.751454178
213.8000031,306.125297,79.24045891,25.72554978,59.98806634,0.8956619723,154.5190065,6.506676197,298.1001282,0,112.2171021,10.71509838,110.1764755,82846.85938,15.94193077,2.678457601
214,315.2684094,78.28376712,25.55615358,59.61419022,0.8952623825,155.898866,6.506781578,297.9752197,0,110.076004,75.65640259,11.01764774,82856.73438,15.93953037,2.641662618
214.1999969,310.1382294,78.25096484,25.59338885,59.87996832,0.8953747416,154.3133432,6.50629282,297.8704834,0,107.8844299,34.8348732,1.101764798,82866.9375,15.93668175,2.654882073
214.3999939,302.6653877,78.14147149,25.66531706,60.18098068,0.8968299255,153.3946292,6.506085396,297.9442444,0,105.8891907,10.45046234,60.92751694,82878.14844,15.94784164,2.686272317
214.6000061,305.9054081,77.66463619,25.59451918,60.10038022,0.8973552938,153.6046136,6.506532192,297.8717041,0,103.9741592,3.13513875,9.999999747e-05,82888.28125,15.95268917,2.711307143
214.8000031,298.8459658,77.62322708,25.64084319,60.30213832,0.8982955878,152.846856,6.50703001,297.9788818,0,101.8792267,0.940541625,69.00469971,82899.35156,15.95867348,2.736665007
215,305.1707386,77.02434714,25.53070388,60.12753292,0.898481609,153.1364234,6.507227421,297.8984375,0,99.58692932,33.65476608,6.900470257,82908.55469,15.95942783,2.728990257
215.1999969,300.8612445,76.91476502,25.54996132,60.31522024,0.8987259258,152.1409767,6.50511694,298.0854187,0,97.21699524,10.09642982,104.9037704,82917.8125,15.95608139,2.662532786
215.3999939,310.252323,75.94767684,25.39048505,59.96467241,0.8991953503,152.9430553,6.502736092,297.969635,0,95.69781494,71.40205383,10.49037743,82924.67188,15.96047211,2.613389671
215.6000061,305.3728757,76.03012248,25.42868744,60.23818158,0.898923526,151.5012016,6.499248505,297.8675537,0,95.12438202,33.25663757,1.049037695,82932.11719,15.95403385,2.581041549
215.8000031,298.9355105,76.20855368,25.51592516,60.50663729,0.8996566333,151.0798461,6.496535301,297.9432983,0,95.94872284,9.976991653,61.42401123,82941.07812,15.9603157,2.599492754
216,303.4805726,76.01707103,25.4720616,60.37547455,0.8999295106,151.5932556,6.496163368,297.8714294,0,97.85242462,2.993097544,9.999999747e-05,82949.63281,15.96615028,2.642283111
216.1999969,297.6868859,76.5934873,25.56549666,60.47873624,0.8997542563,151.6238272,6.496939659,297.9783936,0,99.89967346,0.8979292512,69.20283508,82960.00781,15.96346283,2.673947855
216.3999939,305.2683272,76.49041191,25.49820311,60.23074328,0.899200551,152.5170821,6.499601841,297.8990784,0,101.6400986,33.51883698,6.920283318,82969.41406,15.96109962,2.707549805
216.6000061,302.0406316,77.01221715,25.56324672,60.31236932,0.8984595401,152.2867819,6.502624512,298.0881958,0,102.3132095,10.05565166,104.2469406,82979.74219,15.9519701,2.726330321
216.8000031,311.8170159,76.56932551,25.43572005,59.88647287,0.898009968,153.8460971,6.504836082,297.9803772,0,101.7819824,72.11148071,10.42469406,82988.05469,15.94648457,2.683051911
217,307.4326034,76.86156036,25.48327611,60.09026014,0.897422128,152.7441322,6.50615406,297.882782,0,100.3699493,36.80319977,1.042469382,82996.875,15.93618011,2.692076452
217.1999969,300.7372203,76.98440999,25.56039821,60.35707719,0.8983577386,152.1426243,6.506617546,297.9659424,0,98.4311142,11.04096031,62.56539536,83006.61719,15.94048023,2.695673261
217.3999939,304.4024046,76.53328212,25.48637328,60.2523761,0.8990278345,152.3572899,6.505782604,297.8817139,0,96.30675507,36.06986618,6.256539822,83015.02344,15.94322872,2.656506852
217.6000061,299.7933386,76.47153793,25.51448747,60.45323087,0.8993122274,151.4059438,6.504430294,298.0733948,0,94.51798248,10.82096004,105.792038,83023.79688,15.94287682,2.65007201
217.8000031,309.465459,75.60901337,25.36014936,60.09776297,0.899898428,152.2286915,6.503494263,297.9668579,0,93.26766205,73.14403534,10.57920361,83030.24219,15.94901371,2.634437497
218,304.7835753,75.76625345,25.39668063,60.33195105,0.8994596098,150.940099,6.502984047,297.8731689,0,92.38876343,37.70941925,1.057920337,83037.35938,15.94278622,2.676008933
218.1999969,298.4796488,75.98424406,25.47728044,60.57504752,0.9001339638,150.5966804,6.503338337,297.9670105,0,91.71373749,11.31282616,64.55905914,83045.75,15.94782925,2.725927859
218.3999939,302.9765535,75.68598657,25.41156885,60.42700888,0.9008170361,150.9756804,6.503862858,297.8921509,0,90.89566803,39.6334877,6.455905914,83053.07031,15.95267868,2.728959782
218.6000061,298.9997336,75.83802264,25.44815184,60.57248178,0.9006244455,150.3544317,6.504782677,298.0959778,0,89.87003326,11.89004612,107.1153717,83060.98438,15.94925117,2.755349019
218.8000031,309.1723776,75.13764686,25.30156164,60.15145805,0.9012916765,151.3510128,6.506336689,298.0110779,0,88.47558594,78.72644043,10.71153736,83066.57031,15.95566368,2.76789258
219,305.1851395,75.34146342,25.32390332,60.33066248,0.9006700693,150.1883458,6.506734848,297.9225769,0,86.45867157,51.50365829,1.07115376,83072.4375,15.94434547,2.772784004
219.1999969,299.230118,75.4499138,25.38607282,60.60727034,0.9013155186,149.6148904,6.504965782,298.0366211,0,84.28832245,15.45109749,72.31575775,83078.90625,15.94381142,2.727236086
219.3999939,304.1544935,74.97586902,25.30335503,60.44468797,0.9026045268,149.8091661,6.503417492,297.9607849,0,82.82909393,52.55590057,7.231575966,83084.01562,15.95393848,2.731370711
219.6000061,300.1953242,75.05686626,25.32949085,60.63253349,0.9024150287,148.9184203,6.500977039,297.8857727,0,81.98158264,26.91705704,0.7231575847,83089.59375,15.94779968,2.710954571
219.8000031,295.705963,75.17149564,25.38702952,60.82439739,0.9026691238,148.7416763,6.498795986,297.958313,0,82.11383057,8.075117111,53.31628036,83096.14062,15.94865417,2.711352951
220,299.8396873,74.90238616,25.3371329,60.71523098,0.9032985908,148.9536275,6.497439384,297.8931274,0,83.11482239,29.3846035,5.331628323,83102.00781,15.95442963,2.700378899
220.1999969,296.7884509,75.10502826,25.38234911,60.80353212,0.9025901107,148.8228285,6.497374058,298.053894,0,84.65657806,8.81538105,88.45310974,83108.88281,15.94856834,2.715247517
220.3999939,305.6458199,74.6842571,25.28449954,60.45920698,0.9029289809,149.7748126,6.497788429,297.9719543,0,86.22274017,60.75505829,8.845311165,83114.25,15.95157909,2.674693237
220.6000061,302.4060423,75.02322326,25.33238035,60.56196455,0.9015524821,149.4044873,6.498728752,297.8909302,0,87.62586212,33.30501938,0.8845310807,83120.625,15.93737793,2.684700793
220.8000031,297.8016885,75.41824896,25.41889259,60.70418608,0.9012340988,149.6717391,6.500063419,297.9746094,0,88.65261078,9.991505623,58.94810104,83128.35156,15.9326334,2.694580644
221,302.3212736,75.29483439,25.37487481,60.53316969,0.9014421119,150.3129177,6.501152992,297.9031677,0,89.14586639,35.37589264,5.8948102,83135.27344,15.93227768,2.667241659
221.1999969,298.8622998,75.56448448,25.42212298,60.63971393,0.9008298314,150.0151107,6.502223969,298.0809021,0,89.20542145,10.61276817,97.09046173,83142.92969,15.92400646,2.667300843
221.3999939,308.1141137,75.0229414,25.30158458,60.26519572,0.9011917584,151.0360267,6.503132343,297.991394,0,88.83585358,68.83813477,9.709046364,83148.58594,15.92607975,2.636528111
221.6000061,304.1798823,75.27670282,25.33775723,60.43624029,0.9003439601,150.1311648,6.504172325,297.906311,0,88.10330963,39.65449905,0.9709045887,83154.88281,15.9151268,2.671007671
221.8000031,298.6280899,75.51967097,25.41104442,60.65411526,0.9006957958,149.8934433,6.503958225,297.9939575,0,86.95381165,11.89634991,61.53001785,83162.0625,15.91323185,2.651674942
222,302.7409735,75.18644703,25.34772766,60.52727324,0.9014881039,150.149827,6.50359869,297.9213867,0,85.8945694,39.25918579,6.153001785,83168.125,15.91821575,2.644721023
222.1999969,298.8814286,75.30541252,25.38043571,60.68436741,0.9012794583,149.4898208,6.503822803,298.1056519,0,84.97550201,11.77775669,98.66620636,83174.78125,15.91469193,2.678549169
222.3999939,308.1740511,74.69661138,25.25268112,60.30653334,0.9021469346,150.2957536,6.504588127,298.0266418,0,83.96456146,72.94561005,9.866620064,83179.32812,15.92197037,2.68592405
222.6000061,304.4243572,74.89803463,25.27548712,60.47322298,0.901437801,149.2834183,6.505609989,297.9484558,0,82.64758301,48.26428604,0.9866620302,83184.375,15.91253567,2.732086089
222.8000031,299.2363221,75.08662749,25.33649311,60.70196583,0.9017944414,148.939658,6.505323887,298.0447083,0,80.92261505,14.47928619,62.26635361,83190.10938,15.91063786,2.719189906
223,303.2551848,74.78424669,25.2743668,60.55833033,0.9029401069,149.1485087,6.505014896,297.9833984,0,79.31726837,46.33346939,6.226635456,83194.69531,15.91829967,2.73107386
223.1999969,299.804856,74.87306355,25.29414336,60.71545903,0.9027849665,148.3804144,6.503993511,297.9207153,0,77.83136749,26.14221191,0.6226635575,83199.60938,15.91249371,2.735201154
223.3999939,295.9405007,74.96455488,25.33681212,60.89291906,0.9030926011,148.1088018,6.50217247,297.9812927,0,76.75626373,7.842663765,45.4850769,83205.05469,15.91131687,2.720667162
223.6000061,299.1167748,74.71320076,25.28999192,60.82876895,0.9039462309,148.057821,6.500270844,297.9269104,0,76.40991211,26.23471642,4.54850769,83209.67969,15.91668129,2.70348025
223.8000031,296.2828733,74.7855628,25.31729034,60.93741803,0.903560079,147.7385762,6.499511242,298.0561523,0,76.82202148,7.870414734,72.30483246,83215.01562,15.91332817,2.725722398
224,303.2444291,74.41644368,25.2356286,60.6885866,0.9043299532,148.1909752,6.499394417,297.9973755,0,77.5338974,50.12907791,7.230483055,83219.02344,15.91958141,2.711365968
224.1999969,300.5210725,74.58049918,25.262975,60.77022702,0.903309722,147.8602924,6.49890995,297.9295654,0,78.29403687,30.98840141,0.7230483294,83223.67969,15.90697193,2.683599174
224.3999939,296.9786554,74.76866046,25.32285482,60.90267804,0.9028815466,148.0407442,6.499160767,298.0012817,0,79.25123596,9.296520233,50.73483658,83229.39844,15.9025135,2.691753694
224.6000061,300.8756262,74.62394506,25.28631348,60.75728846,0.9032541776,148.5229468,6.499163151,297.9409485,0,80.10463715,31.91348457,5.073483467,83234.44531,15.90336418,2.651346029
224.8000031,298.0241188,74.81088226,25.32534298,60.84169924,0.9024615346,148.3919907,6.500253201,298.084198,0,80.9602356,9.574045181,79.76474762,83240.34375,15.89580822,2.673408899
225,305.6276256,74.46485828,25.24036819,60.52515079,0.9029279754,149.2231024,6.502130032,298.0203857,0,81.37540436,57.23857498,7.976475239,83244.84375,15.8995018,2.676674826
225.1999969,302.6168586,74.7213332,25.27010193,60.61605092,0.9019109189,148.7742061,6.503627777,297.9505615,0,81.04078674,37.30073166,0.7976475358,83249.90625,15.88600445,2.682639852
225.3999939,298.489999,74.93634476,25.32787948,60.78560629,0.9018335141,148.693806,6.504867077,297.8938293,0,80.11077118,14.45975018,0.07976475358,83255.75,15.88169861,2.703617265
225.6000061,294.9541924,75.1148149,25.37322205,60.91411764,0.9021369476,148.6155233,6.504682064,297.9307251,0,78.68460846,4.337924957,35.26545715,83262.01562,15.87848473,2.683176807
225.8000031,297.2070547,74.90767119,25.33322323,60.8968657,0.9027727182,148.4202217,6.503901482,297.8799744,0,77.33642578,1.301377535,9.999999747e-05,83267.42969,15.88079929,2.674840589
226,293.2371743,75.05842826,25.3729451,61.00971602,0.9027891337,148.2111593,6.502270699,297.9553833,0,76.29788208,0.3904132545,49.75185394,83273.41406,15.87598419,2.658966923
226.1999969,298.286533,74.66685833,25.29751596,60.93228277,0.9034527144,147.9673883,6.499414444,297.8995056,0,75.91253662,22.28451538,4.975185394,83277.95312,15.87876701,2.584966109
226.3999939,295.5004925,74.69997662,25.32275479,61.03970065,0.9029406738,147.6291045,6.496480465,298.0355835,0,76.67086792,6.685354233,78.00022888,83283.0625,15.87233067,2.544264506
226.6000061,303.4138612,74.18019768,25.22974895,60.80877713,0.9036179519,148.0185936,6.495266914,297.9638672,0,78.59925079,50.28522873,7.800023079,83286.85938,15.88103962,2.534821766
226.8000031,300.3014918,74.39553261,25.27206357,60.88054168,0.90230521,147.8585528,6.495373726,297.8916626,0,81.00706482,25.85698891,0.780002296,83291.85156,15.86919212,2.548629057
227,296.5467541,74.7557104,25.35440611,60.95944684,0.9016336769,148.4392947,6.496504307,297.9590454,0,83.37337494,7.757096291,51.26556396,83298.33594,15.86251831,2.555694229
227.1999969,300.8020932,74.69258322,25.32705297,60.79729854,0.9015762405,149.1587077,6.49800396,297.8937378,0,85.2883606,27.48257065,5.126556396,83304.39062,15.86138725,2.526508878
227.3999939,297.7773122,75.05739057,25.38421874,60.8450542,0.9006622439,149.2623244,6.500587463,298.0454102,0,86.60539246,8.244771004,85.16109467,83311.50781,15.85151768,2.556086846
227.6000061,306.1370585,74.70717128,25.29047796,60.52167887,0.9007576912,150.2606372,6.503526211,297.9708252,0,86.8866806,57.07223892,8.516109467,83317.04688,15.8517952,2.548853364
227.8000031,302.5665678,75.04960927,25.32989545,60.62425776,0.899808574,149.732889,6.505570412,297.8944702,0,85.99478149,31.90704918,0.8516109586,83323.14062,15.83716869,2.555047761
228,297.6991755,75.28578388,25.39364382,60.80320427,0.9000283202,149.5644084,6.507176399,297.9781799,0,84.28940582,9.572114944,57.26887512,83330,15.83433914,2.583347227
228.1999969,301.680469,74.97445872,25.32726767,60.69805275,0.9008195957,149.6581104,6.50702858,297.9133301,0,81.94006348,35.06500244,5.726887703,83335.40625,15.83636189,2.546730241
228.3999939,297.8658813,75.01177309,25.34636097,60.8657195,0.9008127353,148.8430553,6.505617619,298.0840454,0,79.6541748,10.51950073,92.77659607,83340.9375,15.8309927,2.533191257
228.6000061,306.663237,74.33637085,25.21685853,60.59497232,0.9020070738,149.0823066,6.503995419,298.0070496,0,77.9312439,66.6485672,9.277659416,83344.15625,15.83988285,2.518939053
228.8000031,302.6695216,74.4262409,25.23302534,60.78573648,0.9014933622,147.9651108,6.501733303,297.9260864,0,76.85385132,41.95478821,0.9277659655,83347.78906,15.83072758,2.517853017
229,297.8347593,74.55416399,25.29290769,61.00347611,0.9016274687,147.7397311,6.499966145,298.0199585,0,76.68275452,12.58643723,61.77754593,83352.45312,15.83030033,2.540394553
229.1999969,302.5682216,74.2679861,25.23796748,60.85859086,0.9025193575,148.063163,6.499519348,297.9578857,0,77.21477509,42.80505371,6.177754402,83356.30469,15.83843422,2.562775402
229.3999939,299.3315873,74.45021637,25.27323762,60.94819505,0.9018090333,147.7885953,6.49800396,297.8894348,0,77.92282104,21.43552971,0.6177754402,83360.85938,15.82783318,2.507327941
229.6000061,295.7618854,74.63355204,25.33428274,61.0647855,0.9015096255,148.0023491,6.49661541,297.9504395,0,79.24481964,6.430658817,48.56025314,83366.46875,15.82361603,2.482694051
