Time Step,Discharge rate,Sugar feed rate,Soil bean feed rate,Aeration rate,Back pressure,Water injection/dilution,pH,Temperature,Acid flow rate,Base flow rate,Cooling water,Heating water,Vessel Weight,Dissolved oxygen concentration,Yield Per Step
0,0,75.82253548,25.99225232,61.18127649,0.9037392518,141.4075852,6.511114597,297.8501892,0,0,9.999999747e-05,81.96993256,62044.24219,17.32256317,0.05871539475
0.200000003,0,76.39370857,25.97240214,61.06140686,0.9050876857,150.7556901,6.490574837,297.9233704,0,0,9.999999747e-05,29.96344757,62096.28516,17.31054497,-3.08356676e-05
0.400000006,0,76.39466074,25.97167914,61.05422965,0.90499223,150.6851513,6.473851204,297.8917542,0,4.357396126,9.999999747e-05,9.999999747e-05,62149.20312,17.2966423,-3.095782432e-05
0.6000000238,0,76.40104412,25.97114924,61.04795497,0.9049469455,150.7549755,6.464724064,298.0386963,0,15.32598686,9.999999747e-05,49.42466736,62203.29688,17.41252518,-3.113398278e-05
0.8000000119,0,76.42599545,25.97138394,61.04907417,0.9051129703,151.1535174,6.464313507,297.964325,0,29.932827,46.8730011,4.942466736,62260.39453,17.39831734,-3.12209038e-05
1,0,76.41767134,25.97265375,61.06893742,0.9052932659,150.8923647,6.47303772,297.9126892,0,44.69953918,21.56819725,0.4942466617,62320.51172,17.39704704,-3.104531982e-05
1.200000048,0,76.4131791,25.97323048,61.07305425,0.9053419098,151.0230901,6.486673355,298.0094299,0,55.97455597,6.470458984,35.93248749,62382.86328,17.37828255,-3.102001912e-05
1.399999976,0,76.40252657,25.97554286,61.09720295,0.9056260411,150.9830654,6.503633499,297.9508362,0,61.80837631,36.96014786,3.593248844,62446.41016,17.37568855,-3.096683823e-05
1.600000024,0,76.39442548,25.97673211,61.11728094,0.9057995242,150.9961765,6.518064022,297.9111938,0,60.86289597,16.37352943,0.3593248725,62509.69141,17.35952187,-3.076683851e-05
1.799999952,0,76.39819716,25.97550415,61.10488291,0.9056362141,151.2001898,6.52785778,298.0013733,0,54.16424561,4.91205883,31.37529373,62571.62891,17.34980392,-3.074682682e-05
2,0,76.40027351,25.97551119,61.10709693,0.9056509013,151.3023453,6.529398441,297.9507446,0,43.55514526,32.99127579,3.137529373,62631.33203,17.33218765,-3.074594493e-05
2.200000048,0,76.39897966,25.97435413,61.10692836,0.9055225429,151.1993397,6.524145603,297.9216614,0,32.34209061,14.8928566,0.3137529194,62688.78125,17.32921219,-3.065309123e-05
2.400000095,0,76.40473313,25.9725089,61.08819475,0.9052787823,151.2352463,6.512958527,298.0045471,0,23.22601891,4.467856884,26.62092781,62744.38281,17.32035446,-3.073428145e-05
2.599999905,0,76.40721869,25.97220072,61.08630058,0.9052462899,151.2269988,6.498671055,297.9673767,0,18.58252716,30.34338379,2.662092686,62798.99609,17.30685425,-3.082895126e-05
2.799999952,0,76.40864119,25.97152887,61.08866393,0.9051985341,151.1028531,6.48476553,297.9432068,0,19.64522934,17.07138824,0.2662092745,62853.73047,17.2870369,-3.081663693e-05
3,0,76.41394663,25.971055,61.07972134,0.9051438179,151.1565397,6.475095749,298.0332947,0,26.25895309,5.121416092,26.39628601,62909.87109,17.28219414,-3.093147012e-05
3.200000048,0,76.42081945,25.97163047,61.08269682,0.9052571082,151.2552953,6.471466064,297.9998169,0,36.72780228,34.25951767,2.639628649,62970.23828,17.27611923,-3.101021041e-05
3.400000095,0,76.42117444,25.97222975,61.09854422,0.9054012097,151.2245731,6.47517395,297.9792175,0,48.64226151,23.28225517,0.2639628649,63033.125,17.2761879,-3.093491795e-05
3.599999905,0,76.42064832,25.97284141,61.10377428,0.9054899557,151.4212418,6.48496294,297.9720154,0,59.0688858,16.41851616,0.02639628574,63098.23438,17.27163506,-3.085368808e-05
3.799999952,0,76.41697243,25.97373364,61.11479316,0.9056146888,151.6449193,6.496887684,297.9719238,0,65.58346558,13.30997944,0.002639628714,63163.44141,17.25597954,-3.077440015e-05
4,0,76.4129321,25.9744338,61.12604142,0.9057177253,151.8653563,6.509086132,297.9769897,0,67.34069061,12.28284931,0.0002639628656,63229.05078,17.24635124,-3.070345351e-05
4.199999809,0,76.41252747,25.97449381,61.13229004,0.905750499,152.0831443,6.519566536,297.9856567,0,64.2243576,12.97153091,9.999999747e-05,63294.12109,17.24124527,-3.06466779e-05
4.400000095,0,76.41560689,25.97382078,61.1327577,0.9056973478,152.2550794,6.523791313,297.9945374,0,56.92238617,15.06093121,9.999999747e-05,63357.66797,17.22233009,-3.061408118e-05
4.599999905,0,76.41807163,25.97272158,61.13116031,0.9055839558,152.3207644,6.523358822,298.0065918,0,47.94555283,17.52951431,9.999999747e-05,63419.51172,17.22239685,-3.061133889e-05
4.800000191,0,76.42343564,25.97132966,61.12710036,0.9054448099,152.3422996,6.516055584,298.0175781,0,39.13702774,21.41346741,9.999999747e-05,63479.53125,17.20472717,-3.063833167e-05
5,0,76.4262197,25.97016161,61.12607798,0.9053288164,152.3018489,6.504385471,298.0280457,0,33.25733948,25.36070251,9.999999747e-05,63538.32812,17.18905067,-3.069092757e-05
5.199999809,0,76.4304552,25.96928775,61.12522405,0.9052561202,152.2842104,6.491790771,298.0381775,0,32.03796768,29.55206108,9.999999747e-05,63596.88672,17.17454529,-3.075637216e-05
5.400000095,0,76.43638291,25.96884282,61.12530746,0.9052472604,152.3344258,6.481517315,298.0476379,0,35.84568787,34.02126312,9.999999747e-05,63656.23438,17.15975952,-3.081831059e-05
5.599999905,0,76.44235972,25.96887167,61.12862817,0.9053090513,152.4613077,6.475815296,298.0559998,0,43.75214005,38.63826752,9.999999747e-05,63717.22656,17.14429855,-3.08616419e-05
5.800000191,0,76.44611985,25.96935425,61.13740687,0.9054370445,152.675096,6.474119186,298.0589294,0,53.9318428,43.23512268,9.999999747e-05,63780.23438,17.11734009,-3.087630517e-05
6,0,76.44595407,25.97027294,61.1519917,0.9056209838,152.9978384,6.478654861,298.0650635,0,64.79148865,46.29085541,9.999999747e-05,63845.58594,17.10865021,-3.086218056e-05
6.199999809,0,76.44357753,25.97137897,61.16987159,0.9058328917,153.4752377,6.487702847,298.0718994,0,73.82922363,50.59161377,9.999999747e-05,63912.90625,17.09682465,-3.082479855e-05
6.400000095,0,76.43893586,25.97251431,61.19183282,0.9060552966,154.0837149,6.496760368,298.0733337,0,79.25292969,55.34093475,9.999999747e-05,63981.36719,17.07197571,-3.077145751e-05
6.599999905,0,76.43517644,25.97318576,61.21156883,0.9062216816,154.7252637,6.506268978,298.0782166,0,81.06800079,58.48670578,9.999999747e-05,64050.37109,17.05994225,-3.071563787e-05
6.800000191,0,76.43543568,25.9729978,61.22385651,0.9062809715,155.2788759,6.515041828,298.0881958,0,79.07821655,62.90763092,9.999999747e-05,64119.16016,17.05142593,-3.06704428e-05
7,0,76.43942983,25.9719191,61.23184456,0.9062390596,155.7117227,6.519238949,298.0963135,0,73.58306885,69.25131226,9.999999747e-05,64186.91016,17.03109741,-3.064218634e-05
7.199999809,0,76.44568597,25.97009873,61.23869872,0.9061176896,156.0534726,6.517631054,298.1023865,0,66.42185974,75.28174591,9.999999747e-05,64253.24609,17.00742149,-3.063488967e-05
7.400000095,0,76.45350871,25.96788507,61.2441443,0.9059529519,156.3012424,6.511254311,298.1095581,0,59.90818405,80.92935944,9.999999747e-05,64318.3125,16.98571777,-3.065199457e-05
7.599999905,0,76.46223965,25.96578518,61.24887849,0.905804692,156.5063846,6.500378609,298.1100159,0,55.94230652,87.19923401,9.999999747e-05,64382.52734,16.95313072,-3.06857938e-05
7.800000191,0,76.47071667,25.96436351,61.25442066,0.9057388172,156.8046777,6.489505768,298.114624,0,56.32620621,91.40854645,9.999999747e-05,64446.91016,16.93158531,-3.072848396e-05
8,0,76.47903311,25.96381326,61.25664449,0.9057679502,157.1650448,6.48102951,298.1209717,0,61.04477692,97.1145401,9.999999747e-05,64512.34766,16.9093647,-3.077230001e-05
8.199999809,0,76.48519087,25.96406407,61.26379689,0.9059174138,157.7643621,6.476488113,298.127533,0,69.14593506,103.5696716,9.999999747e-05,64579.57812,16.88676834,-3.080270813e-05
8.399999619,0,76.48722303,25.96493831,61.27719412,0.9061690531,158.6749745,6.474901676,298.1261292,0,79.05854797,110.324028,9.999999747e-05,64648.94531,16.85637474,-3.080734149e-05
8.600000381,0,76.48469951,25.96630816,61.29525072,0.9064987501,159.9385491,6.477302074,298.12677,0,89.60845184,114.5712051,9.999999747e-05,64720.73047,16.83332825,-3.078776626e-05
8.800000191,0,76.47719907,25.96794642,61.31357531,0.906857812,161.4776467,6.481955528,298.1253357,0,99.19458008,119.5302963,9.999999747e-05,64794.75391,16.80678749,-3.075221292e-05
9,0,76.46753973,25.96957076,61.33414701,0.9072323216,163.3074496,6.487323284,298.1218567,0,106.9246979,123.7841034,9.999999747e-05,64870.6875,16.77882576,-3.070489945e-05
9.199999809,0,76.45826722,25.97084398,61.35211483,0.9075665589,165.2350313,6.492767811,298.1205444,0,112.5126801,127.2942963,9.999999747e-05,64948.14062,16.75229836,-3.065603845e-05
9.399999619,0,76.45081845,25.97156636,61.36667638,0.907837687,167.154523,6.499527931,298.1341553,0,115.9249039,131.4383392,9.999999747e-05,65026.78125,16.73505402,-3.062230149e-05
9.600000381,0,76.44523695,25.97167322,61.38140082,0.9080562322,169.0529132,6.504506588,298.1463318,0,116.6290436,140.6712189,9.999999747e-05,65105.96094,16.70731544,-3.060444549e-05
9.800000191,0,76.44393608,25.97102374,61.40299642,0.9082582155,171.2106629,6.504631519,298.1413879,0,115.3517685,149.7922211,9.999999747e-05,65184.375,16.66607857,-3.05833083e-05
10,0,76.44711405,25.96970689,61.42269123,0.908405323,173.456132,6.503203392,298.1467896,0,114.0345993,153.4869995,9.999999747e-05,65263.01172,16.63750648,-3.057066225e-05
10.19999981,0,76.4501132,25.96827507,61.43163515,0.9084881829,175.3430751,6.499425888,298.1507263,0,113.2782593,160.6927338,9.999999747e-05,65341.86328,16.60195923,-3.057704162e-05
10.39999962,0,76.45312824,25.96710426,61.44494158,0.9086551148,177.5874429,6.494009495,298.153717,0,114.0357437,167.5172882,9.999999747e-05,65421.30469,16.56584358,-3.059069935e-05
10.60000038,0,76.45404024,25.96649622,61.45396139,0.908881379,179.8955727,6.487455368,298.1529541,0,116.9576797,174.1667938,9.999999747e-05,65501.77344,16.52740097,-3.060639872e-05
10.80000019,0,76.45148307,25.96666703,61.45730948,0.9091829328,182.2574547,6.480168819,298.1457825,0,122.4996796,179.6460724,9.999999747e-05,65583.78906,16.48643875,-3.061622383e-05
11,0,76.44430808,25.96764999,61.4513531,0.9095345933,184.4772133,6.476132393,298.1592407,0,130.9551086,182.9083405,9.999999747e-05,65668.07812,16.45755005,-3.063511981e-05
11.19999981,0,76.42690425,25.96953726,61.43993986,0.9099664781,186.8349313,6.473284245,298.1691589,0,141.0121765,193.0739441,9.999999747e-05,65754.88281,16.42058754,-3.066111855e-05
11.39999962,0,76.40546032,25.97186793,61.43459451,0.9105311654,189.9194664,6.471425533,298.1774292,0,152.2149048,202.368515,9.999999747e-05,65844.60156,16.38403893,-3.067603556e-05
11.60000038,0,76.38028402,25.97440035,61.42227617,0.9110757069,192.8828631,6.469273567,298.1741333,0,164.1615906,211.489212,9.999999747e-05,65937.29688,16.34181213,-3.067508443e-05
11.80000019,0,76.35581402,25.97672813,61.40180015,0.9115297986,195.3865913,6.467013359,298.1682434,0,176.9732513,216.9501495,9.999999747e-05,66033.07812,16.29932976,-3.0660086e-05
12,0,76.33335158,25.97860688,61.36966911,0.9118012461,196.8838202,6.464336872,298.1593323,0,190.6883545,221.469635,9.999999747e-05,66131.91406,16.25341225,-3.064050196e-05
12.19999981,0,76.31584633,25.97985754,61.32988247,0.9118832102,197.3405933,6.462292671,298.1687622,0,205.4750977,224.7514038,9.999999747e-05,66233.91406,16.21158218,-3.063679011e-05
12.39999962,0,76.30236485,25.98064168,61.28603934,0.9118050201,196.8871991,6.459646225,298.1745605,0,221.0760803,234.0400696,9.999999747e-05,66338.98438,16.16206169,-3.064873154e-05
12.60000038,0,76.29743524,25.98081346,61.24272118,0.9115940125,195.7221211,6.455265999,298.1797485,0,225,242.3042297,9.999999747e-05,66444.58594,16.1082325,-3.066241001e-05
12.80000019,0,76.29207632,25.98021856,61.22781057,0.9117159969,197.1473954,6.4500494,298.2142944,0,225,250.590683,9.999999747e-05,66550.59375,16.06377411,-3.071380969e-05
13,0,76.28384535,25.97937976,61.22249707,0.911992732,199.4928698,6.442827225,298.225647,0,225,269.2085876,9.999999747e-05,66657.00781,16.00763512,-3.077949554e-05
13.19999981,0,76.28225741,25.97795726,61.21721332,0.9122325113,201.5184338,6.432917595,298.2018433,0,225,280.9024963,9.999999747e-05,66763.67188,15.9443655,-3.0795681e-05
13.39999962,0,76.29456752,25.97466846,61.20130104,0.9119931991,200.4594248,6.423224926,298.2226868,0,225,281.0660095,9.999999747e-05,66870.23438,15.8892231,-3.082973006e-05
13.60000038,0,76.30735513,25.97056853,61.18398566,0.9115446461,197.9295462,6.41328764,298.2612,0,225,296.0101318,9.999999747e-05,66976.34375,15.82777214,-3.093154987e-05
13.80000019,0,76.32274563,25.96617327,61.17276855,0.9111795409,195.8902813,6.401757717,298.26651,0,225,317.4893494,9.999999747e-05,67081.94531,15.75645065,-3.102259181e-05
14,0,76.35005912,25.9604931,61.15857504,0.9105015729,191.8976846,6.388465881,298.2492981,0,225,328.8242188,9.999999747e-05,67186.625,15.67988968,-3.10643051e-05
14.19999981,0,76.38838527,25.95325648,61.13868016,0.909305058,184.6311124,6.375762463,298.2712097,0,225,332.842041,9.999999747e-05,67289.91406,15.60413456,-3.112904923e-05
14.39999962,0,76.42513027,25.94616487,61.122526,0.9080725775,177.2346075,6.362860203,298.2986145,0,225,349.8858337,9.999999747e-05,67391.70312,15.5229454,-3.124231591e-05
14.60000038,0,76.46223221,25.93977439,61.10854798,0.9069014084,170.3842911,6.350091934,298.3389893,0,225,369.3427734,9.999999747e-05,67492.14844,15.44071484,-3.137757517e-05
14.80000019,0,76.49735572,25.93440438,61.09525416,0.9057729425,163.949983,6.337023258,298.3753357,0,225,394.2616882,9.999999747e-05,67591.28125,15.35472584,-3.152488125e-05
15,0,76.52902514,25.93061636,61.08028667,0.9047143955,158.0566992,6.323141098,298.3928833,0,225,419.2174377,9.999999747e-05,67689.17969,15.26532364,-3.165245208e-05
15.19999981,0,76.55514715,25.92869646,61.06199665,0.9037481915,152.7150364,6.307039261,298.3657532,0,225,439.0648193,9.999999747e-05,67785.86719,15.17229462,-3.172170099e-05
15.39999962,0,76.57358974,25.92891013,61.03910083,0.9029342778,148.0838957,6.289468288,298.3366394,0,225,444.3066711,9.999999747e-05,67881.55469,15.08059216,-3.175418892e-05
15.60000038,0,76.58559511,25.93091935,61.01715659,0.9024279681,145.1583742,6.27331686,298.3605957,0,225,448.1895447,9.999999747e-05,67976.73438,14.99256229,-3.184603035e-05
15.80000019,0,76.59274005,25.93398524,60.99965342,0.9022349771,144.2302338,6.255915642,298.3664246,0,225,469.2961731,9.999999747e-05,68071.67188,14.90378284,-3.197806581e-05
16,0,76.58742875,25.93862762,60.98089784,0.9023058944,144.6639195,6.238977432,298.393219,0,225,484.6470337,9.999999747e-05,68166.74219,14.81728745,-3.211923425e-05
16.20000076,0,76.57975749,25.94300696,60.96525805,0.9025098691,145.8431043,6.22098875,298.4034424,0,225,507.5846252,9.999999747e-05,68262.00781,14.73211765,-3.227030378e-05
16.39999962,0,76.56486512,25.94729471,60.95138565,0.9028263067,147.4744142,6.203742027,298.4317017,0,225,525.65448,9.999999747e-05,68357.64062,14.65376186,-3.242810213e-05
16.60000038,0,76.55041229,25.95046782,60.94088222,0.9031246996,148.9996291,6.184089184,298.3937683,0,225,550.4656982,9.999999747e-05,68453.46094,14.61237717,-3.254312814e-05
16.79999924,0,76.52884765,25.95359114,60.93438209,0.9034680661,150.4659803,6.181139946,298.1418457,0,225,553.3479004,9.999999747e-05,68549.52344,16.35403633,0.02541087791
17,0,76.50983157,25.94186065,60.95461146,0.9028506531,143.5885862,6.214768887,297.651886,0,225,481.4847717,9.999999747e-05,68644.40625,16.35543251,0.2293308613
17.20000076,0,76.51598126,25.92531373,60.95804137,0.9017360988,136.2855668,6.246966362,299.6174622,0,225,144.4454346,635.1157837,68737.46094,16.34955025,0.2601531547
17.39999962,0,76.63920295,25.95115276,60.94266991,0.9026683554,146.5183018,6.280645847,298.7099304,0,225,813.192627,63.51157761,68832.55469,16.35889244,0.2567764961
17.60000038,0,76.52419726,25.930687,60.95809556,0.9024309399,140.8677043,6.314690113,298.0968018,0,225,546.0116577,6.351157665,68926.77344,16.35942268,0.2882361624
17.79999924,0,76.53327558,25.86360246,60.95032363,0.8993521088,120.25254,6.348167896,297.7528381,0,225,367.9121094,0.6351158023,69017,16.33163261,0.3139360467
18,0,76.5353318,25.86623511,60.93748259,0.9008528325,128.4316117,6.378849983,298.9265747,0,225,110.3736343,367.2600708,69108.78125,16.35087013,0.3488345699
18.20000076,0,76.24330914,25.93277201,60.9132394,0.9073700532,159.1865944,6.407079697,298.3916321,0,225,508.6252441,36.72600555,69206.75781,16.41911888,0.3795940254
18.39999962,0,76.60459837,25.93683747,60.82274747,0.9138910106,204.9973726,6.433008194,298.0176392,0,225,350.0158997,3.672600746,69314.44531,16.48655701,0.398851726
18.60000038,0,76.59519855,25.96194538,60.81378926,0.9150438618,212.0551458,6.457120419,297.8156433,0,225,239.6898346,0.3672600687,69423.77344,16.50086212,0.4149218782
18.79999924,0,76.52699903,25.98494402,60.83809651,0.9148237037,211.1901193,6.477462292,298.6270752,0,225,71.9069519,243.674057,69532.78125,16.50505447,0.4635889593
19,0,76.02498743,26.05491651,60.78536753,0.9212712844,233.3386109,6.494868755,298.2615662,0,225,346.4517822,24.36740494,69646.14062,16.57304192,0.5112704697
19.20000076,0,76.69659219,26.02411451,60.69522811,0.9224942491,253.6823033,6.510344028,298.0202332,0,225,237.7852478,2.436740637,69763.98438,16.58701897,0.5162640514
19.39999962,0,76.56844537,26.01731534,60.77999327,0.9182791419,230.2634886,6.525488377,297.9111328,0,221.3872375,167.0705872,0.2436740547,69876.41406,16.54619408,0.5058416498
19.60000038,0,76.48188703,26.01709119,60.82445686,0.9166120141,219.9343793,6.53651619,298.4753113,0,211.7116699,50.12117767,157.2332611,69984.59375,16.53195381,0.5479115249
19.79999924,0,76.13921426,26.06597038,60.77130228,0.922032654,238.5634129,6.545269966,298.282135,0,197.6375275,242.2481384,15.72332668,70093.625,16.58105659,0.5452208564
20,0,76.59950359,26.03837827,60.72269503,0.9224224576,249.0079777,6.548882008,298.1316528,0,180.0561981,189.1927338,1.572332621,70201.3125,16.58198547,0.5649069587
20.20000076,0,76.53646347,26.03911881,60.75425829,0.9217479487,243.9556232,6.545202732,298.0307922,0,161.0396118,149.3088531,0.157233268,70303.96875,16.57536507,0.6349431626
20.39999962,0,76.48688208,26.04573727,60.75969902,0.9224110407,245.1329539,6.535674572,297.9740295,0,143.5021362,120.5756683,0.01572332717,70403.19531,16.58010483,0.6875431716
20.60000038,0,76.44965029,26.05496624,60.75080098,0.9236937104,248.75905,6.522528648,297.9472046,0,129.7718353,102.9060364,0.001572332694,70500.32031,16.59041214,0.7232820676
20.79999924,0,76.4270093,26.06431151,60.73312964,0.9251212422,252.6374716,6.507348061,298.3734131,0,121.2930069,30.87180901,107.3201904,70596.375,16.603405,0.759497335
21,0,75.97417832,26.16119132,60.59104975,0.9369980843,288.4121898,6.489866257,298.2211609,0,118.881485,176.1334229,10.73201942,70698.99219,16.71946716,0.8455507613
21.20000076,0,76.65752441,26.07944623,60.57208995,0.9325999445,279.6703405,6.476918697,298.1292114,0,123.4637375,134.4148102,1.073201895,70801.01562,16.67775345,0.8260042863
21.39999962,0,76.55077498,26.07755029,60.60569467,0.9302700832,266.8776274,6.465299129,298.0625,0,133.2028046,112.1246719,0.1073201895,70902.29688,16.66386032,0.9022136488
21.60000038,0,76.51608885,26.0705827,60.62105678,0.9280202217,255.4436141,6.454586983,298.0125427,0,147.5998383,94.64324188,0.01073201932,71004.05469,16.65286446,0.9938075185
21.79999924,0,76.50426666,26.05978528,60.64237014,0.9253876849,243.0276895,6.451087952,297.9950867,0,166.2830353,80.24830627,0.001073201885,71107.16406,16.6344223,0.9981572512
22,0,76.50292826,26.05485047,60.66495428,0.9234684777,235.1652633,6.451882362,297.9835205,0,186.3450775,75.07868195,0.0001073201929,71212.76562,16.62599373,1.032643748
22.20000076,0,76.52406359,26.04893326,60.68929314,0.9215727578,228.361946,6.459276199,297.98349,0,206.0983429,71.0332489,9.999999747e-05,71321.09375,16.61574554,1.029769242
22.39999962,0,76.54194666,26.04630741,60.71402646,0.9200803006,223.7236206,6.467207909,297.975708,0,222.8862152,70.49000549,9.999999747e-05,71431.85938,16.61228561,1.084452224
22.60000038,0,76.56189628,26.04097659,60.73838705,0.9184699311,218.064742,6.474478722,297.9719543,0,225,67.18160248,9.999999747e-05,71541.89844,16.6012764,1.117146567
22.79999924,0,76.5728516,26.04502823,60.73594332,0.9186825361,219.5261823,6.481107712,297.9707642,0,225,65.04266357,9.999999747e-05,71652.25781,16.60646629,1.142611319
23,0,76.58594951,26.04872349,60.73044271,0.9189456531,220.9768683,6.488049984,297.973114,0,225,63.60207748,9.999999747e-05,71762.95312,16.61141777,1.156465556
23.20000076,0,76.60031549,26.05172402,60.72560837,0.9191380854,222.1280748,6.494263172,297.9744568,0,225,63.32816315,9.999999747e-05,71873.89844,16.61637688,1.181930916
23.39999962,0,76.61668019,26.05367506,60.72167288,0.9192247781,222.7968195,6.502716064,297.9831238,0,225,62.76344299,9.999999747e-05,71985.07031,16.61815453,1.169180791
23.60000038,0,76.63234777,26.05528983,60.71918041,0.919253337,223.3067544,6.510371208,297.9874573,0,224.4256744,64.78295135,9.999999747e-05,72096.24219,16.62120438,1.190536865
23.79999924,0,76.65144285,26.0560496,60.71627867,0.9192404457,223.6516014,6.516035557,297.9879761,0,220.7990417,65.57897949,9.999999747e-05,72206.72656,16.6233139,1.223500944
24,0,76.67165395,26.05888645,60.70769105,0.9195773015,225.3443062,6.521784782,297.9937134,0,214.9107208,65.2571106,9.999999747e-05,72316.42188,16.62600899,1.222328503
24.20000076,0,76.69266523,26.06309981,60.6957005,0.9201309063,227.8692782,6.524609566,297.9943848,0,206.7161255,66.7890625,9.999999747e-05,72424.92188,16.63186073,1.256752378
24.39999962,0,76.71984126,26.06903762,60.67660007,0.9210368505,231.7751198,6.527280807,298.0012207,0,197.4015045,66.73236084,9.999999747e-05,72532.39062,16.63831329,1.249847061
24.60000038,0,76.74710258,26.07549566,60.65659457,0.9220034554,235.7304347,6.525784492,297.9995117,0,187.0093689,68.88276672,9.999999747e-05,72638.49219,16.64768982,1.298052055
24.79999924,0,76.7813934,26.08326858,60.62962233,0.9232657076,240.6868973,6.52325201,298.0021973,0,177.2290649,68.28429413,9.999999747e-05,72743.64062,16.65780067,1.307226261
25,0,76.81251596,26.09065151,60.60511459,0.9243906109,244.6863202,6.518784523,298.0035095,0,168.4518585,69.2087326,9.999999747e-05,72847.8125,16.66760063,1.331737412
25.20000076,0,76.84579289,26.09733122,60.58007795,0.925451982,248.2485715,6.51167202,298.000061,0,161.4645996,69.71642303,9.999999747e-05,72951.25,16.6782074,1.376166524
25.39999962,0,76.87684686,26.10279649,60.55744114,0.9263005187,250.6656341,6.505795956,298.0037231,0,157.3248444,68.65781403,9.999999747e-05,73054.39844,16.68552017,1.377251789
25.60000038,0,76.90239095,26.10613378,60.54282432,0.9267398895,251.4769918,6.499521255,298.0037842,0,155.5230408,69.94904327,9.999999747e-05,73157.32812,16.69134521,1.409048006
25.79999924,0,76.92894476,26.10710442,60.53218468,0.9269022507,251.4467939,6.490550041,297.9925232,0,156.2363586,70.07743835,9.999999747e-05,73260.29688,16.69756317,1.484019046
26,0,76.94723461,26.10528908,60.52948624,0.9265942838,249.4610174,6.484483242,297.9903259,0,160.5457458,66.33306885,9.999999747e-05,73363.78125,16.69762039,1.498500462
26.20000076,0,76.95711258,26.10202405,60.53830258,0.9258996189,246.2111503,6.480145931,297.9877319,0,167.2635498,65.38231659,9.999999747e-05,73467.96094,16.69605255,1.529932818
26.39999962,0,76.96779677,26.0963481,60.55358111,0.9249614521,242.5065342,6.479913235,297.9909973,0,175.7200012,64.13618469,9.999999747e-05,73573.17969,16.69173813,1.535247109
26.60000038,0,76.97856029,26.09043732,60.57563128,0.9239690044,238.9209282,6.480265141,297.9877319,0,184.2616425,64.82115936,9.999999747e-05,73679.375,16.68906212,1.578471578
26.79999924,0,76.98719639,26.08337065,60.60149285,0.9228830506,234.9851816,6.479074478,297.9767761,0,192.6737366,63.33410645,9.999999747e-05,73786.38281,16.68645668,1.640213732
27,0,76.98559597,26.07561583,60.63176694,0.9216342134,230.0219172,6.484808922,297.9845276,0,201.5689392,59.11939621,9.999999747e-05,73894.35156,16.67815781,1.615705942
27.20000076,0,76.99095702,26.07056263,60.66602027,0.9207010689,226.3892565,6.49237442,297.9906311,0,208.1427612,61.00416183,9.999999747e-05,74002.95312,16.67408752,1.626955266
27.39999962,0,77.00623092,26.06600624,60.69665757,0.9200591879,223.9775047,6.499736786,297.9924927,0,211.7065887,62.47776413,9.999999747e-05,74111.78125,16.67237473,1.654306807
27.60000038,0,77.02620233,26.06291623,60.7257621,0.9196690844,222.2635912,6.505642414,297.990448,0,212.3319092,62.71391678,9.999999747e-05,74220.35938,16.67220306,1.689292235
27.79999924,0,77.05174218,26.06144536,60.75294082,0.9195397848,221.3015338,6.511149883,297.9909668,0,210.5990906,61.7123642,9.999999747e-05,74328.41406,16.67271423,1.707258718
28,0,77.08502081,26.06148552,60.78092507,0.9196598058,221.0937246,6.515380383,297.9916077,0,206.6599731,61.54819107,9.999999747e-05,74435.625,16.67490768,1.72926633
28.20000076,0,77.12685362,26.06260583,60.80860215,0.9200175705,221.6727591,6.519352913,297.9962769,0,201.0316315,61.42577744,9.999999747e-05,74541.85938,16.67791367,1.735925981
28.39999962,0,77.176716,26.06450001,60.84002034,0.9205517146,222.7325934,6.522007942,298.000885,0,193.8108826,62.71926498,9.999999747e-05,74646.85938,16.68222618,1.74991644
28.60000038,0,77.23385181,26.06683976,60.87274369,0.9212449622,224.2774128,6.523443699,298.0063171,0,185.5317078,64.13162994,9.999999747e-05,74750.53125,16.68736267,1.760435504
28.79999924,0,77.2949814,26.06932685,60.90838202,0.92201549,225.9383015,6.51889801,297.9975891,0,176.6779175,66.0083847,9.999999747e-05,74852.60156,16.69519615,1.825417349
29,0,77.35079289,26.07180818,60.93044999,0.9227950393,227.7481878,6.512856007,297.9932556,0,169.6582642,63.19488907,9.999999747e-05,74953.61719,16.70197296,1.851153806
29.20000076,0,77.38982727,26.07336798,60.95621221,0.9232709655,228.1417985,6.504389763,297.9866638,0,165.0411377,61.66986084,9.999999747e-05,75053.71875,16.70736694,1.889321983
29.39999962,0,77.40852685,26.07291471,60.97333978,0.9233903704,227.4594242,6.494983196,297.9805603,0,163.8135834,59.17786407,9.999999747e-05,75153.39844,16.71052742,1.922590037
29.60000038,0,77.4034316,26.07024548,60.98998616,0.9230532203,225.1898909,6.490224361,297.9871521,0,166.344101,56.62700272,9.999999747e-05,75253.23438,16.70923424,1.920158738
29.79999924,0,77.40227713,26.06711793,61.02819378,0.922644615,222.4535452,6.48604393,297.9880676,0,170.759903,58.20944595,9.999999747e-05,75353.38281,16.70953178,1.94889211
30,0,77.39628288,26.0623751,61.06850289,0.9220737845,219.2752187,6.484539032,297.9907532,0,176.8609009,58.00097275,9.999999747e-05,75454.16406,16.70843697,1.965141363
30.20000076,0,77.39383696,26.05799978,61.12589944,0.9215178866,215.7408399,6.484017849,297.9897766,0,183.5569305,58.47027969,9.999999747e-05,75555.55469,16.70820427,1.992115465
30.39999962,0,77.39088361,26.05341431,61.1896518,0.9209419715,211.9417346,6.485871315,297.9908752,0,190.4667358,57.76485062,9.999999747e-05,75657.60938,16.70740318,2.00884861
30.60000038,0,77.39731767,26.0497434,61.2688887,0.9205159953,208.2067187,6.488265991,297.9891968,0,196.6303864,57.76551056,9.999999747e-05,75760.13281,16.70806122,2.034010216
30.79999924,0,77.40793401,26.04637589,61.35333444,0.920177725,204.5635542,6.490349293,297.9850464,0,201.8420105,56.84376526,9.999999747e-05,75862.94531,16.70923996,2.061406366
31,0,77.41957462,26.04338228,61.43959627,0.9198953874,200.9659021,6.495063305,297.9878845,0,206.2230835,55.01634979,9.999999747e-05,75965.97656,16.70981407,2.070930601
31.20000076,0,77.45186527,26.04185942,61.54992062,0.9199260461,197.8001442,6.499292374,297.987915,0,208.7090149,55.46051025,9.999999747e-05,76068.85156,16.71301651,2.092805993
31.39999962,0,77.49362905,26.04081651,61.66599063,0.9201251873,195.0699023,6.504067421,297.9902649,0,209.5132141,54.99646759,9.999999747e-05,76171.36719,16.71676064,2.107361048
31.60000038,0,77.55185504,26.04085994,61.80240451,0.920572899,192.6464007,6.510417461,297.9981689,0,208.4040527,55.35257721,9.999999747e-05,76273.25,16.72155571,2.111124718
31.79999924,0,77.63628522,26.04217696,61.97349906,0.9213811874,190.5877013,6.511035442,297.9905701,0,204.7515564,57.69689178,9.999999747e-05,76373.82031,16.72991371,2.152014984
32,0,77.70889221,26.04323603,62.11455819,0.9221013526,189.0867666,6.507809162,297.9807434,0,200.8756409,54.95416641,9.999999747e-05,76473.22656,16.73701668,2.179674069
32.20000076,0,77.76043099,26.04392725,62.22812068,0.9225726712,187.3853221,6.504348278,297.977478,0,198.2844696,51.26201248,9.999999747e-05,76571.76562,16.74195862,2.196695795
32.40000153,0,77.79866152,26.0440541,62.32906439,0.9228630326,185.3676225,6.500555992,297.976532,0,197.0661926,49.4852066,9.999999747e-05,76669.64062,16.74584198,2.213948201
32.59999847,0,77.82084968,26.04333291,62.4090169,0.9229429998,183.2002839,6.496928215,297.9769287,0,197.365097,48.33771515,9.999999747e-05,76767.13281,16.74845123,2.230832938
32.79999924,0,77.82998955,26.04196343,62.4739773,0.9228461796,180.800715,6.495415688,297.9812927,0,199.1135559,47.6015358,9.999999747e-05,76864.53125,16.7499218,2.244771589
33,0,77.84700121,26.04082633,62.55406151,0.9228259998,178.189112,6.497439861,297.9907227,0,201.4607239,48.24094772,9.999999747e-05,76961.96875,16.75209999,2.254361185
33.20000076,0,77.89580203,26.04086642,62.68171459,0.9231763193,175.4710858,6.500705719,297.9984741,0,202.9932861,50.76408768,9.999999747e-05,77059.20312,16.75720787,2.267082176
33.40000153,0,77.96536207,26.04168684,62.83824963,0.9237772253,172.7884058,6.504824162,298.0053101,0,203.2268524,53.01506805,9.999999747e-05,77155.98438,16.76392174,2.279522307
33.59999847,0,78.05788842,26.04351935,63.02891005,0.9246543162,170.082916,6.507427692,298.0065002,0,201.8140411,55.26230621,9.999999747e-05,77251.91406,16.77245522,2.297949657
33.79999924,0,78.15337358,26.04570573,63.21965407,0.9255774843,167.5526276,6.511618614,298.0135803,0,199.36763,55.81433105,9.999999747e-05,77346.92969,16.78071022,2.305840259
34,0,78.28130239,26.04926246,63.46245236,0.9268745299,164.8156963,6.518839836,298.0317383,0,195.2347717,58.49427795,9.999999747e-05,77440.75781,16.7910881,2.295035552
34.20000076,0,78.4602245,26.05457758,63.7913357,0.9287667384,161.7909302,6.525368214,298.0479736,0,188.2085724,65.22065735,9.999999747e-05,77532.63281,16.80543327,2.294478698
34.40000153,0,78.65611616,26.06060571,64.14744185,0.9308747089,158.9729933,6.532121181,298.0718689,0,178.5829315,71.87316895,9.999999747e-05,77622.17969,16.82018852,2.268024006
34.59999847,0,78.86726348,26.06741413,64.53891462,0.9331708827,156.1224036,6.535036087,298.0830994,0,166.2532959,81.79090118,9.999999747e-05,77708.63281,16.83605003,2.288653721
34.79999924,0,79.04169158,26.07350783,64.8554933,0.9350529429,154.1785107,6.534751892,298.0911255,0,152.770813,88.1881485,9.999999747e-05,77792,16.84782791,2.299512556
35,0,79.17092269,26.07889773,65.07916986,0.9363810632,152.8482864,6.529875755,298.0895996,0,139.4003601,93.98609924,9.999999747e-05,77872.33594,16.85507774,2.331012204
35.20000076,0,79.22047482,26.08242716,65.12837122,0.9367330104,152.6402235,6.52126646,298.0830994,0,127.9851227,96.82077026,9.999999747e-05,77950.27344,16.85468292,2.361949979
35.40000153,0,79.18792596,26.08388782,65.00888431,0.9360746798,153.1920735,6.507458687,298.0588379,0,120.0111771,97.9441452,9.999999747e-05,78026.51562,16.84710312,2.417632019
35.59999847,0,79.04230547,26.08175467,64.69329645,0.9340898282,154.4830103,6.494224548,298.0423889,0,117.5654068,92.7354126,9.999999747e-05,78102.50781,16.83032608,2.443700777
35.79999924,0,78.88247301,26.07894382,64.40704335,0.9319911024,155.0491298,6.482141495,298.0252991,0,120.3947983,89.4543457,9.999999747e-05,78179.10938,16.81477928,2.473157844
36,0,78.72199932,26.0750915,64.17133935,0.9299842227,155.0893599,6.473653316,298.0132446,0,128.0554504,85.26748657,9.999999747e-05,78257.26562,16.8021946,2.495962872
36.20000076,0,78.62035172,26.07237432,64.04729779,0.9286855275,154.2072876,6.470541,298.0091248,0,139.1033936,82.18701172,9.999999747e-05,78337.55469,16.79702377,2.512645604
36.40000153,0,78.60965132,26.07202423,64.039484,0.9283798963,152.3905823,6.470558643,298.0011902,0,151.3900452,81.35459137,9.999999747e-05,78419.95312,16.80038452,2.534036854
36.59999847,0,78.63475188,26.07208527,64.06683149,0.9284404771,150.0695222,6.474682331,297.9973755,0,163.6766205,78.99037933,9.999999747e-05,78504.44531,16.8067646,2.550295941
36.79999924,0,78.72535907,26.07410932,64.15861455,0.9291158526,147.092445,6.482014656,297.9970703,0,174.3102875,77.77973175,9.999999747e-05,78590.5625,16.81737137,2.564269894
37,0,78.87067305,26.07793879,64.31034585,0.9303110624,143.6630977,6.491395473,298.0000305,0,182.013504,77.60406494,9.999999747e-05,78677.64844,16.83094406,2.576268243
37.20000076,0,79.06401303,26.08373082,64.52226497,0.9319766407,139.906882,6.500201702,297.9989014,0,185.9679413,78.51326752,9.999999747e-05,78764.79688,16.84662437,2.592556601
37.40000153,0,79.26920666,26.09059194,64.75007058,0.9337624177,136.2691091,6.507180691,297.9935913,0,186.4084167,78.10282898,9.999999747e-05,78851.28906,16.86179543,2.609722372
37.59999847,0,79.47958602,26.09864112,64.97416421,0.9355819646,132.8958176,6.510420799,297.9809875,0,184.0615234,76.2427597,9.999999747e-05,78936.53906,16.87583733,2.626348566
37.79999924,0,79.66284635,26.10690235,65.13690132,0.9370799914,130.2171786,6.510699749,297.9691772,0,180.4250031,71.69696808,9.999999747e-05,79020.47656,16.88676262,2.639463297
38,0,79.82083097,26.11528777,65.23317093,0.9382476944,128.1566669,6.510782719,297.9674377,0,176.6746521,67.00144958,9.999999747e-05,79103.30469,16.89526939,2.653944421
38.20000076,0,79.98390893,26.12453398,65.30654742,0.9394026484,126.282696,6.506339073,297.9576416,0,172.8821564,65.33474731,9.999999747e-05,79184.86719,16.90270042,2.661201439
38.40000153,0,80.04425773,26.13060228,65.22213667,0.939478745,125.854243,6.501376629,297.9537354,0,170.8813629,60.74805069,9.999999747e-05,79265.9375,16.90274811,2.673983801
38.59999847,0,80.06267654,26.13485251,65.08356435,0.9390992319,125.8569443,6.495653629,297.9507141,0,170.8527527,57.88357544,9.999999747e-05,79346.96094,16.89979744,2.683707643
38.79999924,0,80.01995671,26.13614017,64.88409432,0.9381376915,126.4675622,6.489352703,297.9469299,0,173.1142731,55.13184738,9.999999747e-05,79428.5,16.89318275,2.690670182
39,0,79.91506304,26.13395773,64.63918454,0.9366123768,127.5768985,6.486389637,298.1853333,0,177.8955078,16.5395546,66.12014771,79511.23438,16.88396072,2.709377329
39.20000076,0,80.24206772,26.15959162,64.39156082,0.938376448,127.2616752,6.48476553,298.1353149,0,183.8491364,96.8274765,6.612014771,79595.16406,16.89866638,2.718818982
39.40000153,0,79.93190802,26.14329652,64.15865066,0.9355082144,129.3363965,6.488859653,298.0992432,0,190.4586792,84.72971344,0.6612014771,79680.96094,16.88175011,2.748056268
39.59999847,0,79.96686814,26.14255398,64.12144607,0.9351677669,128.0445776,6.492985725,298.0686646,0,195.4162292,77.73552704,0.06612014771,79767.49219,16.88163757,2.758196601
39.79999924,0,80.03552424,26.14413977,64.09300289,0.935228914,126.779791,6.495384693,298.0407104,0,198.7414093,71.17710876,0.006612014491,79854.38281,16.88368225,2.761562552
40,0,80.09305075,26.14612307,64.03679843,0.9351871521,125.910792,6.499293327,298.026123,0,201.1128387,64.33673859,0.000661201484,79941.64844,16.88531494,2.779069878
40.20000076,0,80.2119252,26.15154255,64.00897484,0.9356449452,124.6640432,6.501399994,298.0117798,0,201.9102783,61.03948212,9.999999747e-05,80028.79688,16.88934326,2.782834982
40.40000153,0,80.32594878,26.15773993,63.9513169,0.9360199646,123.7728038,6.50365591,298.0041809,0,201.8758545,57.18510437,9.999999747e-05,80115.79688,16.89276505,2.796036582
40.59999847,0,80.47413066,26.16617248,63.89549396,0.9366359362,122.7518613,6.50451088,297.9973145,0,200.9327545,55.11073303,9.999999747e-05,80202.39062,16.89717674,2.802075746
40.79999924,0,80.62341773,26.17542823,63.81141559,0.9371933017,121.9643953,6.504367828,297.9924011,0,199.652832,52.96057129,9.999999747e-05,80288.58594,16.9009285,2.809699457
41,0,80.7697834,26.18503165,63.70107621,0.9376577417,121.3703252,6.503943443,297.9902954,0,198.4290009,51.20702362,9.999999747e-05,80374.44531,16.90396118,2.820643686
41.20000076,0,80.9171399,26.19493191,63.57286184,0.9380709418,120.8805158,6.505369186,297.9949951,0,197.3724976,50.23740768,9.999999747e-05,80460.10156,16.90707779,2.843382737
41.40000153,0,81.11435734,26.20744047,63.45955493,0.9388575376,120.0196618,6.510385036,298.0101013,0,195.7388306,51.51246262,9.999999747e-05,80545.47656,16.91311836,2.876254383
41.59999847,0,81.43024509,26.22656651,63.38687579,0.940597921,118.2837652,6.513475418,298.0173645,0,192.0928497,56.49592972,9.999999747e-05,80629.80469,16.92392349,2.884234375
41.79999924,0,81.77837497,26.24881941,63.28091216,0.9425278508,116.6669201,6.513743401,298.0175781,0,187.2285919,59.2720108,9.999999747e-05,80712.83594,16.9351368,2.888361556
42,0,82.11872811,26.27181443,63.12477228,0.9443166123,115.3897425,6.513804436,298.0214233,0,182.2601929,59.94527054,9.999999747e-05,80794.73438,16.94545174,2.904833328
42.20000076,0,82.47889567,26.29662696,62.94171969,0.9462190564,114.1096835,6.513697147,298.0276184,0,177.2591095,61.9223938,9.999999747e-05,80875.49219,16.95625877,2.921052126
42.40000153,0,82.85641422,26.32314953,62.72870594,0.9482089123,112.8902244,6.510027885,298.0236511,0,172.300827,64.8417511,9.999999747e-05,80954.98438,16.96675682,2.921509324
42.59999847,0,83.13465012,26.34419403,62.46605475,0.9493410211,112.5191233,6.50646019,298.023468,0,168.8213196,64.46248627,9.999999747e-05,81033.8125,16.97203255,2.936894466
42.79999924,0,83.35686693,26.36123782,62.20597724,0.9500181326,112.3814368,6.503308296,298.0249939,0,166.7571869,65.30970764,9.999999747e-05,81112.27344,16.974617,2.952228511
43,0,83.53551463,26.37481112,61.95861726,0.9503306809,112.4231426,6.499418736,298.0222778,0,165.9527435,66.72052002,9.999999747e-05,81190.60938,16.97499084,2.960793351
43.20000076,0,83.62226233,26.38162029,61.73408894,0.9499292118,112.8932848,6.498177052,298.0267639,0,166.7079315,66.70711517,9.999999747e-05,81269.3125,16.97156906,2.983977197
43.40000153,0,83.7539144,26.39018373,61.53449517,0.9498130467,112.9125676,6.498363972,298.0317688,0,167.9487457,69.10947418,9.999999747e-05,81348.36719,16.97021866,3.001270762
43.59999847,0,83.92182849,26.40048886,61.3457985,0.9499367481,112.6897774,6.497328758,298.0275879,0,169.118576,71.80601501,9.999999747e-05,81427.59375,16.97022438,3.007073687
43.79999924,0,84.01709364,26.40564132,61.17708914,0.9495403345,112.8399102,6.496307373,298.0216675,0,170.7110596,71.5141983,9.999999747e-05,81507.17969,16.96711922,3.017475192
44,0,84.07998714,26.40818649,61.02569021,0.9488910243,113.0679868,6.495324612,298.0146179,0,172.7080994,70.54144287,9.999999747e-05,81587.21875,16.9624958,3.026992078
44.20000076,0,84.11775525,26.40860044,60.89026465,0.9480324422,113.3711568,6.492931843,298.0020142,0,175.0982056,68.96472168,9.999999747e-05,81667.72656,16.95648956,3.025836262
44.40000153,0,84.06044459,26.40217837,60.78646172,0.9464932278,114.1081361,6.491416931,297.993103,0,178.4502411,65.22340393,9.999999747e-05,81749.04688,16.94670868,3.036269431
44.59999847,0,83.99515388,26.39473564,60.69675868,0.9448601725,114.7904655,6.490777969,297.9864502,0,182.4006958,62.32035065,9.999999747e-05,81831.28906,16.93660545,3.045779495
44.79999924,0,83.94126001,26.38761225,60.6162547,0.943261747,115.3756854,6.492845058,297.9870911,0,186.606842,59.82857513,9.999999747e-05,81914.57031,16.92720604,3.069085446
45,0,83.99177649,26.38738931,60.51769861,0.9423237154,115.4196924,6.49488163,297.98526,0,189.9799957,59.58826065,9.999999747e-05,81998.53125,16.9214344,3.075269606
45.20000076,0,84.06946393,26.38895774,60.4203422,0.9415683717,115.3718635,6.496747971,297.9825745,0,192.5472717,58.47038269,9.999999747e-05,82083,16.91661644,3.08142045
45.40000153,0,84.16290743,26.39187226,60.32174864,0.9409623153,115.2649128,6.497686863,297.9780273,0,194.3685303,57.0031929,9.999999747e-05,82167.78906,16.91246223,3.082180043
45.59999847,0,84.24933911,26.39443764,60.22875319,0.9403407864,115.2058648,6.502209663,297.9862671,0,195.8165894,54.8033905,9.999999747e-05,82253.03125,16.90892601,3.121313146
45.79999924,0,84.49149004,26.40817422,60.09225524,0.9407447959,114.4246119,6.50681448,297.9942017,0,195.4408112,56.85152435,9.999999747e-05,82338.13281,16.91073608,3.137850782
46,0,84.84637599,26.42955506,59.92803683,0.9418676973,113.2321698,6.510746956,298.0012207,0,193.2343903,59.01151276,9.999999747e-05,82422.64844,16.91631317,3.151643651
46.20000076,0,85.27155265,26.45653182,59.73371119,0.9435833203,111.8269366,6.512980938,298.0052185,0,189.457428,61.15983582,9.999999747e-05,82506.19531,16.92506218,3.159297007
46.40000153,0,85.72995288,26.48651047,59.51613355,0.9456509841,110.3733711,6.514705181,298.012146,0,184.7903137,62.53230667,9.999999747e-05,82588.65625,16.93592453,3.177469645
46.59999847,0,86.2296955,26.52047772,59.26876563,0.9481564592,108.8220061,6.51477766,298.0170898,0,179.4296722,65.0904541,9.999999747e-05,82669.83594,16.94927216,3.187434397
46.79999924,0,86.73112471,26.55494279,59.01160722,0.9507521073,107.3329766,6.512074947,298.0160522,0,174.043808,67.20248413,9.999999747e-05,82749.67969,16.96319771,3.188035498
47,0,87.12287629,26.5815133,58.79116695,0.952659691,106.2775275,6.507325649,298.0120544,0,169.7429504,67.44696808,9.999999747e-05,82828.47656,16.97320938,3.190503829
47.20000076,0,87.33259762,26.59449158,58.65026327,0.9533181336,105.8337825,6.501681805,298.0074463,0,167.3396606,66.67272949,9.999999747e-05,82906.72656,16.97600555,3.196541684
47.40000153,0,87.35761602,26.59283729,58.61128088,0.9525828151,105.9447422,6.493563175,297.9947205,0,167.1902161,65.56780243,9.999999747e-05,82984.83594,16.97065926,3.1813956
47.59999847,0,87.08172659,26.56717215,58.74086456,0.949676045,107.0112512,6.486311913,297.984375,0,170.293457,61.48890305,9.999999747e-05,83063.70312,16.95285606,3.183747129
47.79999924,147.8652161,117.6715804,31.16422115,66.73816016,0.9582861136,129.648586,6.475220203,298.052002,0,176.2864685,57.81861115,9.999999747e-05,83127.04688,16.83515549,1.976472034
48,152.9329434,116.6252341,30.90963728,66.48726714,0.9533131583,128.8919256,6.464589596,298.0743103,0,186.7315674,80.64447784,9.999999747e-05,83190.78906,16.81393814,2.21688455
48.20000076,160.9759478,115.4284598,30.6093037,66.18004122,0.9491913694,128.265743,6.457651138,298.074707,0,201.4151917,89.78311157,9.999999747e-05,83255.32812,16.79840088,2.41979979
48.40000153,171.9858454,112.8904212,30.1263279,65.64204627,0.9421419927,128.2969169,6.456431389,298.065155,0,218.8634796,92.54082489,9.999999747e-05,83320.46094,16.76702309,2.631512162
48.59999847,184.1345989,109.3470696,29.57095411,64.96972084,0.9333270134,129.6398293,6.459107876,298.0527344,0,225,92.03955841,9.999999747e-05,83383.6875,16.72154617,2.843826647
48.79999924,187.7255474,108.1661163,29.40845427,64.74856599,0.9297724847,130.1017164,6.460468769,298.0341492,0,225,90.2678833,9.999999747e-05,83445.85156,16.7033062,2.965423679
49,187.6366987,108.1441773,29.40813016,64.74225317,0.9290627083,129.788181,6.459607124,298.0140381,0,225,85.93068695,9.999999747e-05,83507.88281,16.70094299,3.027994972
49.20000076,188.4646307,107.6977458,29.34670404,64.68740948,0.9283398033,129.6741605,6.45740509,297.9958801,0,225,80.40917206,9.999999747e-05,83569.54688,16.7007885,3.086881238
49.40000153,189.7268738,107.0385426,29.25588085,64.60958177,0.9276146823,129.6831179,6.45856905,297.9935303,0,225,74.8196106,9.999999747e-05,83630.9375,16.69723511,3.100487266
49.59999847,189.5539188,106.9726652,29.24865831,64.60266546,0.9270081536,129.4380946,6.45892477,297.9895325,0,225,73.99345398,9.999999747e-05,83692.28125,16.69437408,3.132400774
49.79999924,189.3546392,107.0292853,29.25327054,64.61250753,0.9266794784,129.1079681,6.457005978,297.9807434,0,225,72.38522339,9.999999747e-05,83753.53906,16.69450951,3.171870225
50,190.0117383,106.7037166,29.20478639,64.57851166,0.9263059037,128.9709076,6.453565598,297.9708862,0,225,68.99578857,9.999999747e-05,83814.5,16.69641685,3.210824518
50.20000076,191.2632125,106.0732966,29.11606056,64.51043329,0.9258641279,129.0071222,6.451021671,297.9665833,0,225,64.93932343,9.999999747e-05,83875.08594,16.69785118,3.241233001
50.40000153,192.1332372,105.5789888,29.04750841,64.4592444,0.9254364047,128.9933039,6.447707653,297.9616699,0,225,62.43341446,9.999999747e-05,83935.32812,16.69968796,3.270419678
50.59999847,193.1334482,105.0548755,28.97384185,64.40687643,0.9251272884,128.9937656,6.446182251,297.9631348,0,225,59.51613617,9.999999747e-05,83995.30469,16.70073128,3.293157283
50.79999924,193.461902,104.8117072,28.93885087,64.38607044,0.9248211168,128.864462,6.443116665,297.9606323,0,225,58.62430191,9.999999747e-05,84055.0625,16.70219994,3.313074132
51,194.2073541,104.427524,28.88305481,64.35160308,0.924650216,128.7991768,6.439825058,297.9589539,0,225,56.37068939,9.999999747e-05,84114.53906,16.70487213,3.331769313
51.20000076,195.0830378,103.9420104,28.81594219,64.3063892,0.9244335097,128.8064483,6.439169884,297.9643555,0,225,54.32820892,9.999999747e-05,84173.80469,16.70589828,3.353422448
51.40000153,194.9949249,103.89808,28.8069639,64.30861183,0.9242082844,128.5893015,6.441088676,297.9751282,0,225,54.6681366,9.999999747e-05,84233.14844,16.70353699,3.368896948
51.59999847,193.8655145,104.3924167,28.86603356,64.36950754,0.9240643694,128.0659551,6.439857006,297.975708,0,225,57.0047493,9.999999747e-05,84292.625,16.70192337,3.374600346
51.79999924,193.7863627,104.4596096,28.86707386,64.38563316,0.9240557506,127.754932,6.440696716,297.9822388,0,225,56.18984604,9.999999747e-05,84352.15625,16.70099831,3.389651061
52,193.1600837,104.6919453,28.89377432,64.41736526,0.9238272189,127.3819519,6.439992905,297.9832153,0,225,57.52713776,9.999999747e-05,84411.73438,16.69946289,3.399128446
52.20000076,192.9908951,104.7738158,28.89836157,64.43398595,0.9237317054,127.075512,6.43834877,297.9820251,0,225,57.15317154,9.999999747e-05,84471.25781,16.69977951,3.41009894
52.40000153,193.2765367,104.6039648,28.87185158,64.4222624,0.9235614727,126.9332171,6.436749935,297.9813232,0,225,56.10890198,9.999999747e-05,84530.625,16.70059967,3.424255501
52.59999847,193.5812379,104.405248,28.84254829,64.40714901,0.9233590095,126.8196839,6.438125134,297.9881897,0,225,55.20124435,9.999999747e-05,84589.96875,16.69935799,3.445267611
52.79999924,192.8005044,104.7030319,28.87838207,64.44531461,0.9230764249,126.4152318,6.4410882,297.9976501,0,225,56.87627029,9.999999747e-05,84649.53906,16.69454765,3.457317242
53,191.298522,105.3930693,28.96358907,64.52794806,0.9228663557,125.7434769,6.446881771,298.0141296,0,225,59.64698029,9.999999747e-05,84709.625,16.68600273,3.458487569
53.20000076,188.6548612,106.60361,29.11938817,64.67103569,0.9226107321,124.7137325,6.450610638,298.0213318,0,225,65.16565704,9.999999747e-05,84770.30469,16.67711449,3.454090028
53.40000153,186.652879,107.578358,29.24406256,64.79143938,0.9225144039,123.7771347,6.452382088,298.0218201,0,225,68.05522919,9.999999747e-05,84831.40625,16.67153168,3.45582472
53.59999847,185.629332,108.0588422,29.30511176,64.8536097,0.922295092,123.1761875,6.45390892,298.0217896,0,225,68.96972656,9.999999747e-05,84892.71875,16.66712952,3.463331082
53.79999924,184.8450101,108.3862742,29.34742453,64.8969319,0.92196068,122.6907011,6.457956791,298.030304,0,225,69.77254486,9.999999747e-05,84954.33594,16.65990639,3.461156735
54,183.0461803,109.124662,29.44886333,64.99102032,0.9215429371,121.9048409,6.461684704,298.0361023,0,225,73.53672028,9.999999747e-05,85016.375,16.65147591,3.458501056
54.20000076,181.1887621,109.9406326,29.5607151,65.09799108,0.9212698342,121.0126224,6.464349747,298.037384,0,225,76.6054306,9.999999747e-05,85078.82031,16.64461327,3.45991261
54.40000153,179.8495254,110.5201585,29.64080418,65.17617016,0.9209623154,120.2837221,6.467552185,298.0410461,0,225,78.35250092,9.999999747e-05,85141.60938,16.63729668,3.454784754
54.59999847,178.3897087,111.1070744,29.72465082,65.25618074,0.9205551051,119.5463688,6.470621109,298.0437012,0,225,81.01067352,9.999999747e-05,85204.73438,16.62981987,3.453416608
54.79999924,176.9358638,111.7004858,29.8101642,65.33879358,0.9201832868,118.7790007,6.472596169,298.0414734,0,225,83.43637085,9.999999747e-05,85268.14062,16.6240139,3.463717527
55,175.9919358,112.0893666,29.86586338,65.39440142,0.9198082196,118.1684204,6.474088669,298.0379333,0,225,84.29473877,9.999999747e-05,85331.71094,16.61907005,3.475869155
55.20000076,175.3743064,112.3217399,29.89920933,65.42837291,0.9193517649,117.6989347,6.475762844,298.0358276,0,225,84.63897705,9.999999747e-05,85395.41406,16.61377525,3.486142473
55.40000153,174.7102673,112.5589498,29.93392983,65.46324275,0.9188566752,117.227909,6.478503227,298.039093,0,225,85.36366272,9.999999747e-05,85459.32031,16.60653687,3.482601806
55.59999847,173.5440282,112.982621,29.99790366,65.52539747,0.9183465718,116.5849379,6.481671333,298.04422,0,225,87.84540558,9.999999747e-05,85523.52344,16.59827995,3.475235166
55.79999924,172.0618392,113.5445773,30.08351658,65.60931602,0.9179063033,115.7883212,6.485023022,298.0503845,0,225,91.06449127,9.999999747e-05,85588.08594,16.58956718,3.461904684
56,170.4537095,114.1508534,30.17752172,65.70195534,0.9174863294,114.9259929,6.485608101,298.040863,0,225,94.8067627,9.999999747e-05,85652.80469,16.58650017,3.506994287
56.20000076,170.1019166,114.3295792,30.20252414,65.73028821,0.9171495752,114.4508318,6.484377384,298.025116,0,225,93.36250305,9.999999747e-05,85717.44531,16.58607483,3.549563451
56.40000153,170.9153273,114.0179676,30.15064249,65.6832676,0.9165918468,114.5059009,6.484382629,298.0179749,0,225,89.5324707,9.999999747e-05,85781.91406,16.58305931,3.571594369
56.59999847,171.3022063,113.8044394,30.1168332,65.65162899,0.9158772299,114.496269,6.483596802,298.0079346,0,225,88.1289978,9.999999747e-05,85846.19531,16.58095932,3.60832978
56.79999924,171.7961172,113.595252,30.08192372,65.62182302,0.9153300247,114.4635255,6.483293533,298.0020752,0,225,85.39583588,9.999999747e-05,85910.32812,16.57839203,3.632801014
57,172.1283227,113.4143009,30.0526144,65.59677415,0.9147076235,114.4203319,6.481414795,297.9906006,0,225,83.75113678,9.999999747e-05,85974.24219,16.57783699,3.66647217
57.20000076,172.9827589,113.0629991,29.99542488,65.54803874,0.9142233719,114.5371052,6.479705811,297.9825439,0,225,79.91296387,9.999999747e-05,86037.89844,16.57751846,3.692756023
57.40000153,173.8602994,112.6517062,29.93108588,65.49182503,0.9136404333,114.7356014,6.475885868,297.9685974,0,225,76.86087036,9.999999747e-05,86101.17188,16.57942963,3.716908471
57.59999847,175.4485051,111.9775738,29.82634862,65.40140177,0.913237262,115.1826795,6.469948292,297.9518738,0,225,71.45729065,9.999999747e-05,86163.89062,16.58448219,3.730455109
57.79999924,177.9305904,110.8795427,29.66230988,65.25798842,0.9128986725,116.0488148,6.46268034,297.9362183,0,225,64.61616516,9.999999747e-05,86225.86719,16.5920372,3.735343501
58,180.876469,109.5025322,29.46466292,65.08642533,0.9126639709,117.1632892,6.458055019,298.1812134,0,225,19.38485146,77.89736938,86287.10156,16.59915543,3.756604489
58.20000076,165.1829365,111.0461465,29.74655494,65.70498757,0.9160779368,110.3384268,6.452609539,298.131897,0,225,101.6389694,7.789736748,86350.53906,16.61826134,3.756875419
58.40000153,171.9001907,113.1533659,29.91987066,65.74787747,0.9166936922,111.8784505,6.446223259,298.0840759,0,225,89.57790375,0.7789736986,86413.47656,16.61277771,3.758530594
58.59999847,177.5223141,110.9258516,29.59284104,65.4062199,0.9155874156,114.4434118,6.441277027,298.0470276,0,225,78.39499664,0.07789736986,86475.17969,16.61931038,3.77713889
58.79999924,181.0194197,109.2467964,29.36436125,65.18052404,0.9148448088,115.9792429,6.436241627,298.0172424,0,225,69.1322937,0.007789737079,86535.96875,16.62579155,3.775801012
59,184.0372982,107.718351,29.16451263,64.98875227,0.9143467938,117.2876062,6.434175014,298.001709,0,225,60.89284134,0.0007789736846,86596.07812,16.63131142,3.799328607
59.20000076,185.5366953,106.8149287,29.05304599,64.87783051,0.9136771616,118.003434,6.432349682,297.9899902,0,225,56.40087128,9.999999747e-05,86655.75781,16.63268089,3.800510189
59.40000153,186.5947232,106.1960517,28.97644683,64.80539924,0.913215195,118.4351487,6.431103706,297.9828491,0,225,52.5454216,9.999999747e-05,86715.14062,16.63371086,3.806658765
59.59999847,187.2777945,105.7498061,28.921989,64.75504505,0.9127562857,118.7062189,6.428229332,297.9740906,0,225,49.79510498,9.999999747e-05,86774.22656,16.63463593,3.787623535
59.79999924,188.4169815,105.1173786,28.84281521,64.68736207,0.9125618697,119.1252948,6.423194885,297.9634705,0,225,46.17950439,9.999999747e-05,86832.86719,16.63911057,3.754977369
60,190.2778326,104.1074192,28.71822311,64.58167809,0.912623969,119.8648813,6.41819191,297.9561768,0,225,41.60817337,9.999999747e-05,86890.96094,16.64721489,3.740263917
60.20000076,192.0323937,103.0923506,28.59641483,64.47859285,0.9126999217,120.6014575,6.414510727,297.9537354,0,225,37.80700302,9.999999747e-05,86948.57812,16.65500259,3.741769551
60.40000153,193.1766082,102.3728705,28.51143442,64.40934599,0.9126950667,121.0756421,6.409276962,297.9494324,0,225,35.37332916,9.999999747e-05,87005.75781,16.66097069,3.707856572
60.59999847,194.6856927,101.505813,28.40883324,64.32933222,0.9129676201,121.6423427,6.403038025,298.0930176,0,225,10.61199856,46.15882874,87062.39062,16.66990471,3.673947546
60.79999924,182.3386103,103.07986,28.66662861,64.81537326,0.917312866,116.156971,6.395100117,298.0586853,0,225,58.2800293,4.615882874,87120.78906,16.69727325,3.679052871
61,192.7563908,102.5053052,28.47293804,64.59145269,0.9173131503,119.4444762,6.387823105,298.026886,0,225,48.84725952,0.4615882933,87177.53125,16.70384216,3.67215186
61.20000076,196.7248427,100.5067263,28.24864857,64.35856222,0.9169804452,121.3098507,6.385046959,298.0106812,0,225,40.33046341,0.04615882784,87233.42969,16.71340752,3.699047873
61.40000153,198.1282346,99.53418678,28.14952611,64.24923976,0.9164590299,122.1006555,6.383962631,298.0014648,0,225,35.9894371,0.004615882877,87288.98438,16.71571922,3.707219343
61.59999847,198.6743278,99.09318198,28.10613274,64.20086768,0.9160017825,122.4046001,6.383442879,297.9957886,0,225,33.32906723,0.0004615882935,87344.35938,16.7155571,3.709593138
61.79999924,198.9134092,98.85200328,28.0828645,64.17563359,0.9155896886,122.5280351,6.381705284,297.9897156,0,225,31.50310135,9.999999747e-05,87399.59375,15.67325306,3.687539955
62,201.7970052,98.13724894,28.03745255,64.02209277,0.9064488488,122.799725,6.377517223,297.9807129,0,225,29.28923988,9.999999747e-05,87453.98438,15.60406208,3.633737197
62.20000076,203.2192447,97.39465406,27.96040651,63.95236043,0.90611543,123.2732926,6.374171734,297.9761353,0,225,25.84320831,9.999999747e-05,87507.98438,15.60096359,3.629446776
62.40000153,204.0413946,96.82770603,27.90184204,63.906425,0.9062908064,123.5819205,6.368489742,297.9694519,0,225,23.60654259,9.999999747e-05,87561.61719,15.60953331,3.576280972
62.59999847,205.198987,96.08537245,27.82367922,63.85716176,0.9070071764,123.9076089,6.362085342,297.964386,0,225,20.43914795,9.999999747e-05,87614.8125,15.62017536,3.542895916
62.79999924,206.4024674,95.28782915,27.74115242,63.80602038,0.9078193789,124.2346578,6.358592987,297.9658203,0,225,17.5941124,9.999999747e-05,87667.69531,15.62199593,3.57073787
63,206.9465415,94.86907918,27.69866582,63.78105146,0.9080963929,124.3615385,6.355741024,297.9680786,0,225,16.79450035,9.999999747e-05,87720.38281,15.62151909,3.571369952
63.20000076,207.2630395,94.62202434,27.67267474,63.77482189,0.9083033266,124.3269959,6.358072758,297.9778748,0,225,16.27795601,9.999999747e-05,87773.10938,15.60544014,3.657076796
63.40000153,206.668443,94.90341739,27.70155622,63.79642098,0.9075845669,124.1222955,6.361777306,297.9870605,0,225,18.45078087,9.999999747e-05,87826.04688,15.58608818,3.692914156
63.59999847,205.7238897,95.43820901,27.75530203,63.84191114,0.9066238156,123.711255,6.365752697,297.9944458,0,225,20.71549034,9.999999747e-05,87879.26562,15.56491184,3.715860442
63.79999924,204.743883,96.00217364,27.81286058,63.88819878,0.9055313178,123.2833838,6.366146088,297.9941711,0,225,22.70500374,9.999999747e-05,87932.61719,15.55400467,3.671567141
64,204.5156451,96.14022455,27.82624879,63.9071101,0.9051181034,123.0574676,6.364150524,297.9905396,0,225,22.34740829,9.999999747e-05,87985.92188,15.5502758,3.634894977
64.19999695,204.8673155,95.90034417,27.80159699,63.89470026,0.9051534868,123.0897162,6.361266136,297.9867554,0,225,20.87758636,9.999999747e-05,88039.05469,15.55019855,3.613370247
64.40000153,205.3994489,95.52929899,27.76403095,63.87192797,0.905364868,123.2070924,6.360023499,297.9867554,0,225,19.25078583,9.999999747e-05,88092.0625,15.54552174,3.633178192
64.59999847,205.5957096,95.34538507,27.74611822,63.86007983,0.9052490528,123.2476903,6.356471539,297.9831238,0,225,18.77606201,9.999999747e-05,88144.89062,15.54781628,3.588006715
64.80000305,206.1403486,94.97931248,27.70858247,63.84449484,0.9056185351,123.2895444,6.356432915,297.9862061,0,225,17.03301811,9.999999747e-05,88197.64062,15.53896332,3.641407814
65,206.1027684,94.92911757,27.7045916,63.83999994,0.9052673498,123.284111,6.35696125,297.9890137,0,225,17.48690033,9.999999747e-05,88250.40625,15.52904987,3.652885643
65.19999695,205.8745155,95.02873658,27.71461372,63.85252283,0.9048360969,123.1280761,6.359715939,297.9945374,0,225,17.91929054,9.999999747e-05,88303.29688,15.51160431,3.698697144
65.40000153,205.2712035,95.35126287,27.74784096,63.87542837,0.9039187972,122.9048716,6.367507935,298.0065918,0,225,19.38566017,9.999999747e-05,88356.57031,15.4777422,3.80443946
65.59999847,203.6582227,96.28279349,27.84428753,63.93658,0.901821275,122.3671411,6.376302719,298.017334,0,225,23.29591179,9.999999747e-05,88410.39844,15.43859196,3.854865499
65.80000305,201.6344555,97.50089308,27.97147574,64.027463,0.899287173,121.5129332,6.382369518,298.0209961,0,225,27.16293144,9.999999747e-05,88464.71875,15.40489006,3.843375603
66,200.1741414,98.40985816,28.06811059,64.09897248,0.897239491,120.7891493,6.387405872,298.0223999,0,225,28.99090385,9.999999747e-05,88519.42969,15.37319851,3.853849867
66.19999695,199.0319348,99.10557364,28.14423392,64.14972821,0.8953401022,120.2320093,6.393887997,298.0265808,0,225,30.24319267,9.999999747e-05,88574.53906,15.33605003,3.90407186
66.40000153,197.5099945,100.0042485,28.24407284,64.21522156,0.8929205586,119.5064689,6.40494585,298.039917,0,225,32.50883484,9.999999747e-05,88630.32812,15.27745819,4.020831148
66.59999847,194.6422951,101.6718192,28.43235414,64.34577607,0.8888623624,118.0858501,6.415120125,298.0498047,0,225,38.08073807,9.999999747e-05,88686.91406,15.21522808,4.056154821
66.80000305,191.7554339,103.4044419,28.63309339,64.49394899,0.8847431376,116.4484706,6.424516201,298.0577393,0,225,42.88435745,9.999999747e-05,88744.28906,15.1502285,4.092694989
67,189.1125018,104.9763239,28.82224099,64.62937088,0.8805889996,114.8814522,6.43080759,298.057373,0,225,47.42147064,9.999999747e-05,88802.23438,15.09845161,4.08120222
67.19999695,187.4303476,106.0234184,28.95221628,64.71995609,0.8774297235,113.7649241,6.436813831,298.0574341,0,225,49.39409256,9.999999747e-05,88860.64062,15.04840183,4.107853603
67.40000153,185.9888526,106.8883145,29.06296577,64.79010866,0.874277546,112.8150188,6.442219734,298.056427,0,225,51.57524109,9.999999747e-05,88919.42188,15.00204659,4.1253474
67.59999847,184.7185192,107.657679,29.16329865,64.85327189,0.8712921786,111.9306161,6.446672916,298.0534058,0,225,53.37627792,9.999999747e-05,88978.5,14.96025753,4.134096512
67.80000305,183.7813118,108.2484731,29.24188704,64.89957957,0.8686241613,111.2179121,6.449416637,298.0463562,0,225,54.45481873,9.999999747e-05,89037.74219,14.92808151,4.125523559
68,183.4107253,108.5435022,29.2821506,64.91722604,0.8666365011,110.8211598,6.453420162,298.0446472,0,225,54.04877853,9.999999747e-05,89097.16406,14.88955975,4.161807788
68.19999695,182.7435023,108.9576856,29.33889816,64.94363197,0.8640554276,110.2883626,6.4559412,298.0387573,0,225,55.25307465,9.999999747e-05,89156.67969,14.85944939,4.153849889
68.40000153,182.4086986,109.2275475,29.37606698,64.96024195,0.8621000683,109.902467,6.458185673,298.0335083,0,225,54.9121933,9.999999747e-05,89216.27344,14.83023167,4.16250258
68.59999847,182.2523023,109.3890415,29.39896855,64.9635082,0.8602113085,109.6444346,6.462086678,298.0344849,0,225,54.5921936,9.999999747e-05,89276,14.79105377,4.204327275
68.80000305,181.6155001,109.7830406,29.45356194,64.98878094,0.8575164604,109.110067,6.465919971,298.0352478,0,225,56.22859192,9.999999747e-05,89335.88281,14.75096989,4.221872195
69,180.8959556,110.2395912,29.5169321,65.0237182,0.8547980102,108.4852769,6.469991684,298.0372925,0,225,57.77477264,9.999999747e-05,89395.96875,14.70712852,4.246282233
69.19999695,180.1714113,110.7002165,29.58166983,65.0576179,0.8518819587,107.8501752,6.472883701,298.0350647,0,225,59.79727173,9.999999747e-05,89456.14844,14.67143345,4.244330907
69.40000153,179.7597566,111.0128738,29.6261463,65.07856775,0.8495271939,107.3848722,6.473192692,298.0246887,0,225,60.41007614,9.999999747e-05,89516.26562,14.65293121,4.212237015
69.59999847,180.1113656,110.944359,29.61696507,65.06149545,0.848409825,107.3876184,6.471865654,298.0115662,0,225,58.16237259,9.999999747e-05,89576.17969,14.64494324,4.187198764
69.80000305,181.0182055,110.5699426,29.56506741,65.01141077,0.8480547808,107.7750059,6.470197201,298.0002441,0,225,54.64461899,9.999999747e-05,89635.85156,14.64066505,4.176775777
70,182.0047105,110.1204031,29.50335541,64.95452213,0.8478988943,108.2543567,6.470464706,297.9966125,0,225,51.26304245,9.999999747e-05,89695.35938,14.62576199,4.206218461
70.19999695,182.4229862,109.9377935,29.47869686,64.92370741,0.8468124226,108.4053541,6.47352314,298.0021667,0,225,50.10758209,9.999999747e-05,89754.92188,14.59109879,4.264210634
70.40000153,181.9901364,110.2048876,29.51533482,64.93735764,0.8442448146,107.9999902,6.476484776,298.0065918,0,225,51.91993713,9.999999747e-05,89814.57812,14.55437946,4.278809954
70.59999847,181.4267303,110.5686796,29.56540373,64.9652833,0.8416483837,107.4614444,6.480212212,298.0137329,0,225,53.48532486,9.999999747e-05,89874.41406,14.50868702,4.314055804
70.80000305,180.7796711,110.9842382,29.62329406,64.99432833,0.8385505725,106.8629964,6.483677387,298.0191956,0,225,56.17094421,9.999999747e-05,89934.39844,14.46499538,4.330014464
71,180.1737409,111.3878379,29.680153,65.02396033,0.8355937206,106.2718385,6.48613596,298.0202026,0,225,58.51657104,9.999999747e-05,89994.45312,14.42929554,4.328227864
71.19999695,179.8663254,111.6436421,29.71662487,65.03926479,0.8331951143,105.8660054,6.488185406,298.0197449,0,225,59.53710175,9.999999747e-05,90054.55469,14.39637852,4.335050901
71.40000153,179.7690065,111.7912974,29.73786735,65.04105141,0.8309959679,105.6038963,6.486663818,298.0064087,0,225,60.13406754,9.999999747e-05,90114.4375,14.39195728,4.271005549
71.59999847,180.4002318,111.5639703,29.70566538,65.01418226,0.8307637779,105.8059154,6.485113621,297.9961853,0,225,56.27030945,9.999999747e-05,90174.14844,14.38530731,4.266926116
71.80000305,181.2983057,111.1703744,29.65015596,64.96203996,0.830453932,106.2424631,6.482240677,297.9841309,0,225,53.09034348,9.999999747e-05,90233.5625,14.38908958,4.23281059
72,182.3446932,110.6781217,29.58149092,64.90752686,0.8309211687,106.7938936,6.482073784,297.982605,0,225,48.86125183,9.999999747e-05,90292.85938,14.37521935,4.27661308
72.19999695,182.8418261,110.4486163,29.549639,64.8718321,0.8299442004,107.0217244,6.482058525,297.9816589,0,225,47.83210373,9.999999747e-05,90352.03906,14.3605175,4.27875362
72.40000153,183.0627492,110.3729551,29.53895043,64.85830172,0.8288699226,107.0377095,6.480704784,297.977417,0,225,46.85947418,9.999999747e-05,90411.0625,14.35278034,4.251527798
72.59999847,183.5541559,110.1547757,29.50889501,64.83424624,0.8284987005,107.2327456,6.480080128,297.9764709,0,225,44.71476746,9.999999747e-05,90469.98438,14.34015846,4.262746445
72.80000305,154.4789419,118.8603872,29.01987204,66.11029716,0.7824250456,90.29986702,6.476546288,297.9890747,0,225,43.57382202,9.999999747e-05,90533.54688,13.87415028,4.332459452
73,154.2070248,121.7517598,29.24512304,66.49640837,0.749801109,87.24092736,6.472908497,298.0039368,0,225,47.05003738,9.999999747e-05,90597.375,13.55225563,4.370747437
73.19999695,153.9389575,123.4180244,29.41507293,66.81779161,0.7280398942,85.2081996,6.47163868,298.0245056,0,225,51.6728096,9.999999747e-05,90661.49219,13.31466103,4.425729216
73.40000153,153.4242911,124.5793188,29.55660068,67.07323656,0.7128684656,83.48949734,6.47104454,298.0422363,0,225,58.80987549,9.999999747e-05,90725.77344,13.14996243,4.4483629
73.59999847,153.0045945,125.271448,29.65193353,67.24542798,0.7034029518,82.36151497,6.469370365,298.0491638,0,225,65.68615723,9.999999747e-05,90790.05469,13.05740738,4.445694415
73.80000305,152.7700404,125.5229182,29.69333499,67.34234269,0.6985853981,81.97170666,6.468686104,298.0553589,0,225,69.52677155,9.999999747e-05,90854.46094,12.99017334,4.467134481
74,152.4133911,125.7547455,29.7331623,67.4238391,0.6946806424,81.51921949,6.467233181,298.053772,0,225,73.4562149,9.999999747e-05,90918.875,12.94822788,4.467358864
74.19999695,152.1743232,125.8221171,29.74920974,67.47531131,0.6923035992,81.41643162,6.467032433,298.0551147,0,225,74.9388504,9.999999747e-05,90983.45312,12.90085506,4.492424213
74.40000153,151.8157819,126.0151436,29.78384779,67.53992225,0.6891678526,81.01969792,6.467739105,298.0581665,0,225,77.42995453,9.999999747e-05,91048.17188,12.84609127,4.515010174
74.59999847,151.5029395,126.2587269,29.82344738,67.59937014,0.6858883773,80.55685979,6.468344212,298.058075,0,225,80.54402924,9.999999747e-05,91112.94531,12.79987907,4.52608978
74.80000305,151.2697791,126.4417333,29.85287021,67.64267891,0.6832374098,80.24810619,6.469076157,298.0568237,0,225,82.67163849,9.999999747e-05,91177.79688,12.75726318,4.540048665
75,151.020634,126.6253043,29.88377358,67.68598995,0.6806155558,79.91848915,6.471982002,298.067627,0,225,84.41962433,9.999999747e-05,91242.9375,12.68335915,4.578847156
75.19999695,150.7573054,127.0179913,29.95056777,67.75999733,0.6763326178,79.05140928,6.475512981,298.0815125,0,225,90.28738403,9.999999747e-05,91308.22656,12.6049881,4.598107318
75.40000153,150.8577523,127.3567614,30.00379696,67.80696764,0.6727071711,78.37564251,6.478024006,298.0840759,0,225,97.52482605,9.999999747e-05,91373.38281,12.56373405,4.604897832
75.59999847,151.0680288,127.498578,30.01640261,67.80225297,0.6710887596,78.26825263,6.480079651,298.0813599,0,225,101.3625793,9.999999747e-05,91438.5,12.53500938,4.61731686
75.80000305,151.0735824,127.6289557,30.03305639,67.80957988,0.669324156,78.08747402,6.482730865,298.0845947,0,225,103.5614166,9.999999747e-05,91503.75,12.48329449,4.639185124
76,151.1704965,127.8545069,30.07409443,67.85069788,0.6662844212,77.57462423,6.485324383,298.0878601,0,225,107.7534943,9.999999747e-05,91569,12.429245,4.654342853
76.19999695,151.5562385,128.0331448,30.10183024,67.87228401,0.6637383526,77.29174087,6.487987041,298.0930481,0,225,112.0263901,9.999999747e-05,91634.25781,12.37542725,4.670660855
76.40000153,152.0251494,128.2006284,30.12843904,67.89360086,0.6612759742,77.00912016,6.49061203,298.0993958,0,225,117.0882492,9.999999747e-05,91699.5,12.32283401,4.685880259
76.59999847,152.6594755,128.3398761,30.14725125,67.90493894,0.6591429255,76.84219056,6.49236393,298.0926514,0,225,122.72612,9.999999747e-05,91764.5,12.30381489,4.699891366
76.80000305,153.0844678,128.3646922,30.13358805,67.87113678,0.6584650879,77.15480059,6.493614197,298.0800171,0,225,124.0743866,9.999999747e-05,91829.42188,12.29124546,4.714519822
77,152.970935,128.4198407,30.14008013,67.87189448,0.6570934543,77.15243107,6.494750977,298.0688782,0,225,123.2486191,9.999999747e-05,91894.39062,12.26143551,4.731028327
77.19999695,152.7975501,128.5259669,30.16777661,67.90570824,0.6548273275,76.88448488,6.494532108,298.0440369,0,225,122.4961395,9.999999747e-05,91959.17188,12.25705242,4.7259483
77.40000153,152.2987138,128.5347319,30.16997718,67.9054577,0.6537924148,77.05880708,6.494781494,298.0296021,0,225,116.5933838,9.999999747e-05,92024.15625,12.22266293,4.74804289
77.59999847,151.4210624,128.6844625,30.23114662,67.99494921,0.6506237366,76.31248869,6.494857311,298.0178223,0,225,113.4516525,9.999999747e-05,92089.21875,12.17985725,4.758924035
77.80000305,150.9258227,128.7939597,30.27648136,68.05912973,0.6481226065,75.88095616,6.49495554,298.0097961,0,225,110.6026154,9.999999747e-05,92154.34375,12.1396122,4.773077609
78,150.3706572,128.8970776,30.32324861,68.12598812,0.6458061073,75.3910601,6.495844841,298.0145264,0,225,108.5947037,9.999999747e-05,92219.6875,12.07701588,4.802968179
78.19999695,150.1832302,129.0380432,30.38484751,68.21171081,0.6430311514,74.65868633,6.496845245,298.0221252,0,225,110.6487122,9.999999747e-05,92285.03906,12.02397442,4.821376066
78.40000153,150.4587272,129.1185124,30.41521441,68.24982502,0.6413805415,74.39147233,6.497298241,298.0206604,0,225,113.7806168,9.999999747e-05,92350.21094,12.00733566,4.827384648
78.59999847,150.4036953,129.1327245,30.41723452,68.24893787,0.6408246735,74.49109939,6.497769833,298.0195312,0,225,114.0467453,9.999999747e-05,92415.4375,11.98457813,4.843439084
78.80000305,150.0408272,129.1839641,30.44302219,68.28400377,0.6395762198,74.21204041,6.498585224,298.0249329,0,225,114.4436264,9.999999747e-05,92480.8125,11.9404068,4.867692119
79,150.042188,129.258256,30.47859435,68.33101017,0.6379715503,73.83110876,6.499036789,298.0239563,0,225,117.0508194,9.999999747e-05,92546.07031,11.9191494,4.875655659
79.19999695,150.0363023,129.2761849,30.4834981,68.33353507,0.637351151,73.9101341,6.499522686,298.0236206,0,225,117.6084518,9.999999747e-05,92611.39062,11.89455605,4.892461496
79.40000153,149.785291,129.3185907,30.50607347,68.36278406,0.6362676803,73.69661654,6.500291348,298.0296326,0,225,118.3957291,9.999999747e-05,92676.84375,11.85153008,4.917454918
79.59999847,149.9099966,129.376581,30.53547535,68.39992465,0.6349587744,73.42015866,6.500173569,298.0187378,0,225,121.3573151,9.999999747e-05,92742.02344,11.85738945,4.906348571
79.80000305,149.5221327,129.3521883,30.51979256,68.37404043,0.6350377314,73.79597118,6.50047493,298.0159302,0,225,118.6712875,9.999999747e-05,92807.45312,11.82893562,4.932630459
80,148.80276,129.4198854,30.5663356,68.43855945,0.6334219862,73.21519721,6.500562668,298.0108948,0,225,118.4860306,9.999999747e-05,92872.90625,11.80424881,4.940048594
80.19999695,148.4084926,129.4504032,30.58728775,68.4638207,0.6325082357,73.08671434,6.500896454,298.0114136,0,225,117.364296,9.999999747e-05,92938.50781,11.76893711,4.963139327
80.40000153,148.0746262,129.5019412,30.62319284,68.51052129,0.6312470479,72.71503745,6.501634598,298.0223389,0,225,117.9922638,9.999999747e-05,93004.28906,11.71439934,4.996736118
80.59999847,148.4770982,129.5545973,30.65511486,68.54854437,0.6300847695,72.44683844,6.50167942,298.0166626,0,224.8648682,122.1797485,9.999999747e-05,93069.73438,11.71905422,4.984910276
80.80000305,148.3904135,129.5294712,30.63341776,68.51471422,0.6303013583,72.89982723,6.501636982,298.009491,0,224.7152252,120.9777069,9.999999747e-05,93135.21875,11.71138191,4.992988532
81,147.5570705,129.5575812,30.6592803,68.55078719,0.6294126965,72.60222491,6.501440525,298.0014343,0,224.5808105,119.1691208,9.999999747e-05,93200.77344,11.69381046,4.99852473
81.19999695,146.7499539,129.5892979,30.68937707,68.59063768,0.6284524626,72.30400926,6.500883102,297.9896545,0,224.525116,116.7980194,9.999999747e-05,93266.34375,11.68428326,4.992906005
81.40000153,145.640425,129.6131078,30.7186214,68.62996538,0.6276329259,72.02772943,6.500597,297.9840088,0,224.6930695,112.8538055,9.999999747e-05,93332.17188,11.65544701,5.0117503
81.59999847,144.6173983,129.6595297,30.76679768,68.69313881,0.6264406898,71.49744005,6.500454903,297.9817505,0,224.9733734,110.6036072,9.999999747e-05,93398.21094,11.62581253,5.026972536
81.80000305,143.9508111,129.69196,30.80146044,68.73508481,0.6255874764,71.19348309,6.500582695,297.9848328,0,225,109.273735,9.999999747e-05,93464.40625,11.5914793,5.051224855
82,143.6327916,129.7264859,30.83539595,68.77663999,0.6247192725,70.86737241,6.500797749,297.9894409,0,225,109.6655426,9.999999747e-05,93530.64844,11.56256008,5.068735859
82.19999695,143.5834287,129.7471136,30.85481129,68.79756055,0.6241607975,70.75384006,6.500020504,297.9781494,0,225,110.6676254,9.999999747e-05,93596.64062,11.58132362,5.028801412
82.40000153,142.5910355,129.7319277,30.85152868,68.79392707,0.6242216237,70.92449026,6.499596119,297.9732361,0,225,106.3356323,9.999999747e-05,93662.92188,11.56035233,5.048385203
82.59999847,141.4184333,129.7715394,30.90150139,68.86142258,0.6231770366,70.31826501,6.499429703,297.9736023,0,225,103.9068985,9.999999747e-05,93729.38281,11.52711296,5.069821959
82.80000305,140.886427,129.8024385,30.93881427,68.9067004,0.6223748279,69.96217604,6.499033928,297.971344,0,225,103.0689545,9.999999747e-05,93795.83594,11.51363277,5.066573053
83,140.2705329,129.8142546,30.95905744,68.93102156,0.621968455,69.83224274,6.498238087,297.9649658,0,225,101.2924728,9.999999747e-05,93862.30469,11.51056194,5.052102399
83.19999695,139.2426439,129.8236968,30.98259999,68.96261826,0.6215893982,69.63874781,6.497925758,297.9656982,0,225,98.03843689,9.999999747e-05,93929.02344,11.48034286,5.079382522
83.40000153,138.562831,129.8537333,31.02427819,69.01445741,0.6208197029,69.20279763,6.498069286,297.9727478,0,225,97.02490234,9.999999747e-05,93995.89844,11.44215965,5.112435304
83.59999847,138.5682173,129.8763522,31.05161627,69.04271662,0.6202625853,69.00301226,6.498010159,297.9759521,0,225,98.16608429,9.999999747e-05,94062.69531,11.42938042,5.110727757
83.80000305,138.4604591,129.8790561,31.05760588,69.04572823,0.6201158371,69.07784174,6.497776031,297.9760437,0,225,98.19429779,9.999999747e-05,94129.47656,11.42130089,5.107263361
84,138.0344856,129.8843246,31.06952799,69.05859908,0.6198865336,69.04648156,6.498062611,297.9828186,0,225,97.29936981,9.999999747e-05,94196.45312,11.38650227,5.144060508
84.19999695,138.1052876,129.9036908,31.09231071,69.08017337,0.6193942337,68.89454386,6.49828577,297.9875488,0,225,98.74276733,9.999999747e-05,94263.39062,11.36854839,5.151019308
84.40000153,138.2703446,129.9061061,31.09388334,69.07480049,0.6192646397,69.04138289,6.498729229,297.9944153,0,225,99.67830658,9.999999747e-05,94330.375,11.3430748,5.175026732
84.59999847,138.5807675,129.9138177,31.09965337,69.07358798,0.6190268643,69.12447596,6.499135971,297.9992065,0,225,101.5402527,9.999999747e-05,94397.32031,11.32650661,5.183952449
84.80000305,138.8784626,129.9138795,31.0955365,69.06017466,0.6189409375,69.34322192,6.499526501,298.0023499,0,225,102.9323273,9.999999747e-05,94464.25,11.31145096,5.192927193
85,139.0592722,129.9150677,31.09311126,69.04959589,0.6188123286,69.52758685,6.49962759,297.9998779,0,225,103.9569321,9.999999747e-05,94531.10938,11.30878544,5.181279714
85.19999695,138.812527,129.9129662,31.09012124,69.04150287,0.6187119862,69.69782086,6.499935627,298.0005798,0,225,103.1605377,9.999999747e-05,94598.10156,11.285676,5.203083618
85.40000153,138.7388426,129.9236601,31.10124192,69.04789985,0.6183602243,69.69539675,6.499885559,297.9956055,0,225,103.4194489,9.999999747e-05,94665.03125,11.28338909,5.186178228
85.59999847,138.312037,129.9226407,31.1012338,69.04397141,0.6182272341,69.82962628,6.499245644,297.9839478,0,225,101.7243347,9.999999747e-05,94731.94531,11.29188538,5.151813288
85.80000305,137.1418218,129.924903,31.11375276,69.0612171,0.6179920753,69.76088063,6.499622345,297.9877014,0,225,97.57095337,9.999999747e-05,94799.28906,11.24057388,5.2219359
86,137.1453386,129.9523415,31.14736984,69.0908639,0.6173234701,69.48731296,6.499878407,297.989624,0,225,98.35681152,9.999999747e-05,94866.57031,11.22307873,5.225101148
86.19999695,137.3505799,129.951368,31.14289199,69.07572777,0.6172594952,69.73127027,6.499535084,297.9827881,0,225,98.52213287,9.999999747e-05,94933.71875,11.23367691,5.187907435
86.40000153,136.6469511,129.9470737,31.14232981,69.07530691,0.6172020446,69.84129593,6.498996258,297.9750366,0,225,95.76721191,9.999999747e-05,95000.97656,11.22968102,5.175715623
86.59999847,135.7023035,129.9548542,31.16122087,69.09791936,0.6169012661,69.70113132,6.499136448,297.9770203,0,225,92.49350739,9.999999747e-05,95068.52344,11.19164848,5.22317549
86.80000305,135.6605988,129.9707587,31.18276069,69.1131105,0.6164933597,69.59429121,6.498391628,297.9691162,0,225,92.30394745,9.999999747e-05,95135.89062,11.20521736,5.170751531
87,134.8364097,129.9636741,31.18271575,69.11404136,0.6165343895,69.72369885,6.497695446,297.9634705,0,225,88.70077515,9.999999747e-05,95203.42969,11.19534492,5.170707666
87.19999695,133.9882091,129.9722845,31.20508114,69.13922463,0.6162670892,69.56097108,6.49693203,297.9590149,0,225,85.65375519,9.999999747e-05,95271.07812,11.18457127,5.166366825
87.40000153,133.3135973,129.976772,31.2220563,69.15591575,0.6161172552,69.50292589,6.495302677,297.9493713,0,225,82.78308105,9.999999747e-05,95338.71094,11.19579029,5.117842385
87.59999847,132.0970099,129.9723521,31.23715131,69.17695829,0.6161781192,69.46954468,6.493818283,298.2081604,0,225,24.8349247,94.68069458,95406.5,11.18597984,5.112364975
87.80000305,132.5339028,130.2201825,31.89658646,70.10299288,0.6113436162,58.46163317,6.491139412,298.1823425,0,225,112.2898788,9.46807003,95471.94531,11.13177776,5.084344895
88,144.2598353,129.8124547,31.12232926,68.98743126,0.62198196,72.03357939,6.49091053,298.1468201,0,225,109.2468567,0.9468069673,95537.71875,11.20110035,5.141741482
88.19999695,141.1260932,129.8253327,31.14102957,69.04128099,0.6211133353,71.49804964,6.489924431,298.1087952,0,225,104.0284882,0.09468069673,95603.9375,11.19950867,5.106861336
88.40000153,138.9646527,129.8341938,31.15728434,69.05717888,0.6205840881,71.50719407,6.4907794,298.0923462,0,225,96.67750549,0.0094680693,95670.85938,11.13829613,5.208000082
88.59999847,138.5312494,129.8718983,31.18707432,69.06874056,0.6196128324,71.38810329,6.491118908,298.0734863,0,225,95.36876678,0.0009468069766,95737.78906,11.12831211,5.190152651
88.80000305,137.9287532,129.872018,31.17852256,69.04849597,0.6193534743,71.68163816,6.492179394,298.0640259,0,225,92.44889832,9.999999747e-05,95805.03906,11.09191418,5.242268289
89,137.9950687,129.8858767,31.17895796,69.03062461,0.6188714247,71.86701677,6.493296146,298.0563965,0,225,92.08240509,9.999999747e-05,95872.35156,11.06968975,5.260124423
89.19999695,138.2513482,129.8874503,31.16345425,68.99691605,0.6186290135,72.23457296,6.494368553,298.0490723,0,225,91.91895294,9.999999747e-05,95939.70312,11.05398941,5.269302113
89.40000153,138.4250417,129.8879744,31.14750519,68.965815,0.6183982863,72.57457758,6.495245934,298.0404968,0,225,91.56600189,9.999999747e-05,96007.07031,11.0443306,5.266170396
89.59999847,138.4030756,129.8877953,31.13310035,68.93960316,0.6181770536,72.87368028,6.495570183,298.0274963,0,225,90.50006104,9.999999747e-05,96074.41406,11.04768181,5.23513086
89.80000305,137.8272537,129.8871885,31.12507308,68.9276061,0.6179586605,73.0558223,6.496170521,298.0195618,0,225,87.6006012,9.999999747e-05,96141.97656,11.025383,5.259077876
90,137.7282716,129.8939104,31.12267825,68.91237149,0.6176602977,73.22815876,6.496149063,298.0073853,0,225,85.99421692,9.999999747e-05,96209.49219,11.02988625,5.222933661
90.19999695,137.0997869,129.8918774,31.1171152,68.90398541,0.6175203397,73.38975726,6.496993542,298.0058899,0,225,82.58300781,9.999999747e-05,96277.33594,10.9900465,5.287032343
90.40000153,137.589558,129.8986357,31.11184365,68.87697299,0.6172894569,73.65431595,6.497708797,298.0035706,0,225,82.44110107,9.999999747e-05,96345.11719,10.97864151,5.287475432
90.59999847,137.9329442,129.8932118,31.09292604,68.84396354,0.6172515143,74.03077099,6.498284817,298.0001526,0,225,81.86479187,9.999999747e-05,96412.88281,10.97129917,5.283105858
90.80000305,138.0988182,129.8889003,31.07725741,68.8173054,0.6171867094,74.3441433,6.498111725,297.990509,0,225,80.8458786,9.999999747e-05,96480.55469,10.98414326,5.232737158
91,137.5325467,129.8830648,31.06897928,68.80915435,0.6171463659,74.51652468,6.497974396,297.9833069,0,225,77.54324341,9.999999747e-05,96548.35938,10.97418308,5.23347719
91.19999695,137.2582732,129.8826223,31.0667891,68.79846898,0.6170711377,74.68121914,6.49838686,297.9826355,0,225,74.7790451,9.999999747e-05,96616.34375,10.94683552,5.273050272
91.40000153,137.7193709,129.8802205,31.05531554,68.76740779,0.6170620817,75.02094977,6.499374866,297.9880371,0,225,73.96856689,9.999999747e-05,96684.41406,10.91411209,5.325815883
91.59999847,138.8297922,129.8722013,31.02998266,68.71566034,0.6171524217,75.55692941,6.499781609,297.9864807,0,225,75.18576813,9.999999747e-05,96752.25,10.92427921,5.285284313
91.80000305,138.9983904,129.8600214,31.00719768,68.68769184,0.6172311294,75.918989,6.500529289,297.9885864,0,225,74.16744995,9.999999747e-05,96820.17969,10.90272617,5.315739354
92,139.7540575,129.8517069,30.98445883,68.64465604,0.6172997189,76.37958186,6.50048399,297.9828491,0,225,74.39621735,9.999999747e-05,96887.89844,10.92008209,5.25742125
92.19999695,139.5098975,129.8401424,30.96784343,68.62807403,0.6173702709,76.64566028,6.500466824,297.9786072,0,225,71.97096252,9.999999747e-05,96955.70312,10.91211987,5.256863408
92.40000153,139.5731056,129.8329757,30.95574627,68.60470619,0.6174346408,76.93999206,6.501328945,297.9833984,0,225,69.90419769,9.999999747e-05,97023.70312,10.87309837,5.328123088
92.59999847,140.7618399,129.8222342,30.92871635,68.54677569,0.617600296,77.52871487,6.502242088,297.987915,0,224.9855499,70.78632355,9.999999747e-05,97091.57812,10.86037159,5.34130623
92.80000305,141.7330783,129.8059832,30.89543438,68.49440578,0.6177791837,78.10034437,6.503175735,297.9924316,0,224.6085052,71.6866684,9.999999747e-05,97159.32031,10.84656906,5.356023558
93,142.7497393,129.7919655,30.86395574,68.44614686,0.6178710913,78.61910737,6.503705025,297.9927979,0,223.8581238,72.75733948,9.999999747e-05,97226.72656,10.84730148,5.334214884
93.19999695,143.3020096,129.7810744,30.84020862,68.41733068,0.6178430191,78.96195427,6.504671574,297.9998169,0,222.8974152,72.56533051,9.999999747e-05,97294.03125,10.8092432,5.397894805
93.40000153,144.884959,129.7663622,30.80682777,68.35636366,0.6179637727,79.57917501,6.505583763,298.0073853,0,221.5472717,74.72007751,9.999999747e-05,97360.89844,10.78790569,5.424842529
93.59999847,146.4143496,129.7481973,30.77078917,68.30262003,0.6180551864,80.15545735,6.505889893,298.0080566,0,219.8337708,77.27313995,9.999999747e-05,97427.125,10.79345703,5.388902356
93.80000305,147.1151157,129.7351519,30.74696741,68.28067436,0.6179599851,80.44870963,6.505901337,298.0075073,0,217.9997711,77.72476959,9.999999747e-05,97492.86719,10.78273678,5.385213863
94,147.9285994,129.721686,30.7261611,68.25320191,0.6179479837,80.78328401,6.506000996,298.0104675,0,216.1602325,77.82588959,9.999999747e-05,97558.20312,10.7556572,5.420869943
94.19999695,149.2642003,129.701022,30.69803943,68.20618883,0.6181242015,81.30576882,6.506422997,298.0204163,0,214.2795105,79.13393402,9.999999747e-05,97623.14844,10.71316433,5.494789487
94.40000153,151.4501771,129.6662819,30.65443362,68.12959818,0.6185797528,82.12847234,6.506056786,298.0190735,0,212.2292786,82.93388367,9.999999747e-05,97687.21875,10.73426914,5.429857294
94.59999847,152.01068,129.6403848,30.62903672,68.11412148,0.6186609647,82.42300917,6.505201817,298.0135803,0,210.3291168,83.16150665,9.999999747e-05,97750.76562,10.73705196,5.398291768
94.80000305,152.4365024,129.6149554,30.60996436,68.09462212,0.6188680849,82.73294206,6.50429678,298.0092468,0,208.7700195,81.99053955,9.999999747e-05,97813.96875,10.72596073,5.402943942
95,153.0678772,129.5841608,30.58800889,68.06111441,0.6192676479,83.16977547,6.502779007,297.9996338,0,207.5715637,81.04737854,9.999999747e-05,97876.75781,10.74054813,5.351859283
95.19999695,152.9195688,129.5528884,30.5739141,68.05134342,0.6196760095,83.41909231,6.500987053,297.9888306,0,206.9820557,78.11290741,9.999999747e-05,97939.42969,10.74797058,5.320033928
95.40000153,152.6285176,129.5190067,30.56202505,68.03680001,0.6202674415,83.71140606,6.499346256,297.9797974,0,207.1082611,74.4407196,9.999999747e-05,98002.21094,10.74918652,5.310447759
95.59999847,152.4153922,129.4812675,30.54679512,68.01068652,0.6210173098,84.11154422,6.498197079,297.973999,0,207.8894196,70.98791504,9.999999747e-05,98065.27344,10.74598885,5.318618125
95.80000305,152.3977815,129.4410359,30.52548334,67.97122555,0.6218385715,84.6298517,6.49692297,297.9659729,0,209.1291962,68.30097198,9.999999747e-05,98128.59375,10.76345444,5.279367338
96,151.9129296,129.4019273,30.50786791,67.94698147,0.6226219571,85.02847978,6.497138977,297.9675293,0,210.8805542,64.60125732,9.999999747e-05,98192.58594,10.7362957,5.353623823
96.19999695,152.6284298,129.3589083,30.4709815,67.86876042,0.6235116392,85.8562146,6.497826576,297.9698181,0,212.5402069,63.91853333,9.999999747e-05,98256.9375,10.73473072,5.366695977
96.40000153,153.1413124,129.3209459,30.43344256,67.80793853,0.6241148664,86.52925042,6.49936533,297.9775391,0,213.9279633,63.4815712,9.999999747e-05,98321.71094,10.7099123,5.429983936
96.59999847,154.4500889,129.2774509,30.3825322,67.71856192,0.6247306386,87.42734268,6.501173019,297.9860229,0,214.6990509,64.98983765,9.999999747e-05,98386.60156,10.69723225,5.461312099
96.80000305,155.7664406,129.2378872,30.33159941,67.64147325,0.625091618,88.2067196,6.50296545,297.9935913,0,214.7487335,67.01642609,9.999999747e-05,98451.39844,10.68732834,5.477479885
97,157.1012847,129.2012691,30.28245367,67.57259958,0.6252812853,88.90119844,6.504441261,297.9978638,0,214.0825043,69.04587555,9.999999747e-05,98515.875,10.68556786,5.467100574
97.19999695,158.1842969,129.1720108,30.24096131,67.52189857,0.6252600702,89.42299079,6.505281448,297.996521,0,212.8268433,70.21881104,9.999999747e-05,98579.88281,10.69374657,5.42456024
97.40000153,158.8046097,129.151682,30.21129614,67.49424248,0.6250720874,89.73109843,6.505776405,297.9946899,0,211.2362061,69.64167786,9.999999747e-05,98643.46094,10.68514347,5.417681739
97.59999847,159.6613947,129.1240319,30.18129828,67.45543652,0.6250773857,90.13323303,6.50530529,297.9867554,0,209.4467163,68.88936615,9.999999747e-05,98706.42969,10.70206165,5.349331023
97.80000305,159.7639677,129.1029842,30.16650271,67.45161713,0.6250006851,90.24178138,6.505907536,297.9934387,0,207.8478241,65.96537781,9.999999747e-05,98769.33594,10.63936329,5.480295143
98,161.979092,129.0348676,30.11541019,67.34833563,0.6258094856,91.22876089,6.506307125,297.9990845,0,206.001297,67.83553314,9.999999747e-05,98831.59375,10.63273144,5.489575644
98.19999695,163.3521928,128.9819717,30.0782076,67.30175572,0.6261185706,91.7516842,6.50604105,297.9987793,0,203.9990692,69.4899292,9.999999747e-05,98893.15625,10.64357567,5.443557215
98.40000153,164.1594943,128.9326508,30.0507835,67.27898398,0.6263556507,92.07486749,6.505732059,298.0001221,0,202.1047211,69.3048172,9.999999747e-05,98954.25,10.62849903,5.461122542
98.59999847,165.4694632,128.8619205,30.01422189,67.22571057,0.6270100621,92.66813552,6.503983498,297.9895325,0,200.3321381,69.72163391,9.999999747e-05,99014.5625,10.67182159,5.339449187
98.80000305,165.1851049,128.8139868,30.00519579,67.24598825,0.6273240424,92.63807623,6.502971172,297.9871521,0,199.2635193,66.06573486,9.999999747e-05,99074.8125,10.64384365,5.396497558
99,166.3217715,128.7241135,29.9688717,67.17853096,0.6285127375,93.35715138,6.502531528,297.9894104,0,198.592804,64.93267059,9.999999747e-05,99134.89844,10.62876797,5.442294487
99.19999695,167.4695272,128.636069,29.93034262,67.11725243,0.6295470056,94.03414121,6.501778603,297.9874878,0,198.0983887,65.24765778,9.999999747e-05,99194.67969,10.64560604,5.403927153
99.40000153,167.8894901,128.5636872,29.9032396,67.09272576,0.6302766328,94.40036448,6.501702785,297.9906311,0,197.9079895,64.16781616,9.999999747e-05,99254.5,10.62540913,5.455845302
99.59999847,169.1004334,128.4673626,29.85959809,67.02007438,0.6313966756,95.17309916,6.501553059,297.9910278,0,197.7447815,64.79477692,9.999999747e-05,99314.11719,10.63615704,5.437415505
99.80000305,169.6791039,128.3941194,29.82763848,66.98478362,0.6320675695,95.61846068,6.502225399,297.9984741,0,197.6437378,64.5632782,9.999999747e-05,99373.82812,10.60401344,5.519741164
100,171.3018154,128.2854045,29.77453465,66.89260891,0.6332143413,96.55269824,6.502898693,298.0038452,0,197.2707977,66.79245758,9.999999747e-05,99433.28906,10.6069603,5.521949342
100.1999969,172.3169317,128.2054054,29.73458308,66.84428544,0.6337544092,97.10370098,6.502893448,298.0009155,0,196.6313171,68.5259552,9.999999747e-05,99492.35938,10.63264656,5.450193144
100.4000015,172.6173188,128.1434335,29.70745263,66.82911672,0.634022419,97.35966444,6.503313065,298.0029602,0,195.9961853,67.62430573,9.999999747e-05,99551.36719,10.60862541,5.500992643
100.5999985,173.9139656,128.0372693,29.66094345,66.75267098,0.6349749483,98.13319685,6.504127502,298.0097046,0,195.1894684,68.38238525,9.999999747e-05,99610.1875,10.58557796,5.56396833
100.8000031,175.4672603,127.9238123,29.61152428,66.6748766,0.6358604321,98.92597095,6.504106998,298.0062256,0,194.0571442,70.80485535,9.999999747e-05,99668.42188,10.61995029,5.475419825
101,175.6929359,127.86524,29.58894114,66.67427554,0.6358968549,99.04789337,6.503364563,297.9973755,0,192.937088,69.91597748,9.999999747e-05,99726.25,10.63750648,5.409384303
101.1999969,175.9233717,127.7818094,29.56409929,66.65677669,0.6364495363,99.30834238,6.502244949,297.9871826,0,192.1136475,67.12602997,9.999999747e-05,99783.82031,10.64992905,5.369789906
101.4000015,176.0839564,127.6910041,29.54089572,66.63484903,0.6372610243,99.59772464,6.500444412,297.9736938,0,191.7368774,63.57951736,9.999999747e-05,99841.17188,10.67716789,5.297813013
101.5999985,175.8213263,127.6010741,29.52503634,66.63042914,0.6382135497,99.74660391,6.499261856,297.9656982,0,192.0814209,58.51729202,9.999999747e-05,99898.67969,10.67380142,5.316630541
101.8000031,176.1083776,127.4889052,29.49668364,66.58310923,0.6395924851,100.2521279,6.497992516,297.9570312,0,192.8947296,54.87533951,9.999999747e-05,99956.28906,10.6971426,5.27521353
102,175.9194672,127.4016981,29.47746469,66.56542396,0.6406654628,100.5120866,6.497994423,297.9559631,0,194.2180786,50.65968704,9.999999747e-05,100014.3359,10.68179035,5.336287344
102.1999969,176.5119253,127.295907,29.44038346,66.49421438,0.6419677158,101.209393,6.497982502,297.953125,0,195.5361938,48.74890518,9.999999747e-05,100072.5625,10.70365047,5.30081888
102.4000015,176.4987794,127.2350962,29.41683052,66.46890094,0.6425925898,101.5137026,6.497914791,297.9492493,0,196.8631897,46.11844254,9.999999747e-05,100131.0312,10.71956253,5.265304399
102.5999985,176.5822076,127.1606617,29.3898428,66.43407204,0.6433977612,101.8991158,6.49807024,298.0913391,0,198.217514,13.83553314,56.71722031,100189.7422,10.73025703,5.24605813
102.8000031,179.0370004,127.5502597,29.5723722,66.58050584,0.6416255376,100.0000572,6.497520447,298.0797424,0,199.5086975,60.98130798,5.671721935,100247.8047,10.7216568,5.203122417
103,182.3449755,126.7209634,29.33586944,66.35455127,0.6484476141,103.0818911,6.498903751,298.0623779,0,201.0228271,59.34819031,0.5671721697,100306.0078,10.76704121,5.256733119
103.1999969,181.4246252,126.7507793,29.31126317,66.34846305,0.6476703026,103.1424346,6.499124527,298.0386963,0,201.9749603,56.42922211,0.05671722069,100364.4375,10.79201412,5.160355605
103.4000015,180.7911797,126.7003234,29.27931282,66.31887428,0.64789532,103.4568616,6.498578072,298.0145874,0,202.8489075,50.72554779,0.005671721883,100423.0781,10.816432,5.088652681
103.5999985,180.156066,126.639766,29.25363049,66.29139002,0.6484728404,103.738897,6.499414444,298.0010071,0,203.9401855,44.04318237,0.0005671721883,100482.2344,10.79541302,5.158013126
103.8000031,180.4969362,126.5479002,29.20888143,66.20513917,0.6493610898,104.4909642,6.500294209,297.989624,0,204.6898346,40.08522797,9.999999747e-05,100541.5781,10.80474281,5.146382046
104,180.5714548,126.4917841,29.17402032,66.15840008,0.6496300782,104.9159979,6.50048542,297.9776001,0,205.0918579,36.29808807,9.999999747e-05,100600.9375,10.82359409,5.089520429
104.1999969,180.6072273,126.417703,29.1435805,66.12458593,0.6501018396,105.2517399,6.502039909,297.9745789,0,205.4199524,31.83917046,9.999999747e-05,100660.5625,10.79448891,5.176645352
104.4000015,181.5705069,126.3071439,29.09328734,66.03290398,0.6508355127,106.0519169,6.503484726,297.9724121,0,205.1194611,30.04959297,9.999999747e-05,100720.0391,10.79814434,5.172471901
104.5999985,182.1253282,126.2493896,29.05712432,65.98863425,0.6507784903,106.4513589,6.505884171,297.9775696,0,204.2459106,28.37335205,9.999999747e-05,100779.4688,10.75653267,5.275443973
104.8000031,183.5811614,126.1350949,29.00259405,65.89300205,0.6510938479,107.2821366,6.508687496,297.9876099,0,202.4089355,29.13549423,9.999999747e-05,100838.5391,10.71896744,5.370191118
105,185.1551171,126.0395049,28.95197498,65.8119491,0.6508835779,107.9888232,6.510895252,297.9964905,0,199.4524536,31.71609497,9.999999747e-05,100896.8203,10.70286846,5.383899905
105.1999969,186.4810506,125.9635818,28.91508087,65.76689414,0.6502585752,108.4042121,6.511988163,298.0014343,0,195.6159973,34.23931885,9.999999747e-05,100954.0547,10.69857883,5.34787096
105.4000015,187.6852174,125.8610317,28.88791933,65.74151556,0.6498506734,108.6752326,6.511854172,298.0027161,0,191.3442535,35.74672318,9.999999747e-05,101010.1328,10.69853115,5.301769236
105.5999985,188.9120571,125.6969389,28.8651918,65.72168605,0.6501053212,108.9266611,6.510929585,298.0033264,0,187.1266022,36.21187592,9.999999747e-05,101065.0938,10.69291115,5.288471594
105.8000031,190.3459165,125.4529362,28.83967924,65.69139465,0.6512026181,109.2927804,6.509781361,298.0056458,0,183.2773132,36.51355743,9.999999747e-05,101119.0469,10.68283081,5.312047157
106,191.9382239,125.1521648,28.81027934,65.65167741,0.6528481925,109.7562562,6.509047985,298.0124817,0,179.8855896,37.43498611,9.999999747e-05,101172.1484,10.6604929,5.388310665
106.1999969,193.7991321,124.8049549,28.77351425,65.59335614,0.6548488611,110.3881403,6.508242607,298.0192566,0,176.7852173,39.98781204,9.999999747e-05,101224.3438,10.66026783,5.412051441
106.4000015,195.3037066,124.486369,28.74552804,65.56436495,0.6564694573,110.7782816,6.508168221,298.0325317,0,174.0085449,42.74250031,9.999999747e-05,101275.8984,10.62309551,5.534364951
106.5999985,197.4918627,124.0634243,28.69957022,65.48404522,0.6589173766,111.6179448,6.508045197,298.0445862,0,171.2588654,47.98994827,9.999999747e-05,101326.5781,10.62617207,5.563164789
106.8000031,199.0385175,123.7350963,28.6728875,65.46104796,0.6602887011,111.96941,6.507347584,298.0507812,0,168.5609741,53.2727356,9.999999747e-05,101376.3281,10.64340401,5.524117151
107,200.277345,123.391439,28.64965594,65.45584841,0.6617028955,112.1801263,6.506257057,298.052887,0,166.1439056,56.99200439,9.999999747e-05,101425.2578,10.65768242,5.49621631
107.1999969,201.4137689,123.0104016,28.623409,65.44465717,0.6635105974,112.4366644,6.505355835,298.0557556,0,164.1625061,59.57454681,9.999999747e-05,101473.5781,10.6572504,5.524137953
107.4000015,202.660535,122.5971594,28.59085346,65.41210012,0.6656826976,112.8637333,6.504133224,298.0534363,0,162.5396576,62.53173065,9.999999747e-05,101521.2266,10.6866188,5.476721159
107.5999985,203.2721883,122.2726592,28.57048261,65.42057681,0.6671309286,112.9337826,6.503489017,298.0548706,0,161.4074249,63.79700089,9.999999747e-05,101568.5625,10.67515469,5.533175998
107.8000031,204.3897493,121.8605077,28.53274348,65.37010629,0.6694895377,113.4922237,6.502644539,298.0509033,0,160.5299683,66.31372833,9.999999747e-05,101615.4219,10.70889664,5.481943362
108,204.6720845,121.6117114,28.51502918,65.38337061,0.6704686649,113.4973748,6.501499653,298.0421448,0,159.9929047,66.998909,9.999999747e-05,101661.9531,10.73295689,5.423942795
108.1999969,204.8947656,121.3259409,28.49015985,65.37907749,0.6719657731,113.6433886,6.499867439,298.0271912,0,159.9141846,65.91004944,9.999999747e-05,101708.2266,10.77324677,5.332952387
108.4000015,204.6442475,121.1052887,28.47112658,65.39324458,0.6732292428,113.6129482,6.499052525,298.0167236,0,160.4888916,62.39756393,9.999999747e-05,101754.6484,10.77312469,5.361746682
108.5999985,204.795958,120.8603167,28.43880268,65.34701726,0.6750820103,114.061646,6.498948097,298.0089417,0,161.3852844,59.92217255,9.999999747e-05,101801.2812,10.78242207,5.379402168
108.8000031,204.7684302,120.7281783,28.41353642,65.31382461,0.6760475556,114.3838694,6.500166893,298.0102539,0,162.3237457,57.93875885,9.999999747e-05,101848.3203,10.75202751,5.493423846
109,205.3661514,120.5533802,28.37570433,65.22832924,0.6772761648,115.1371438,6.50155735,298.0108643,0,162.7727356,58.78791809,9.999999747e-05,101895.4219,10.75945663,5.496693158
109.1999969,205.5459563,120.5010601,28.35449831,65.19967739,0.6771351111,115.4133871,6.503219604,298.01474,0,162.66922,59.37005997,9.999999747e-05,101942.6016,10.7367239,5.550754724
109.4000015,206.284737,120.3145584,28.32094954,65.13228472,0.6778262293,116.0228976,6.504810333,298.0188904,0,161.9003601,61.11250687,9.999999747e-05,101989.5625,10.7319479,5.569557613
109.5999985,206.9049836,120.159838,28.29704221,65.09438669,0.6779441339,116.3840843,6.50556612,298.0161438,0,160.4962921,63.06312943,9.999999747e-05,102036.0078,10.7526083,5.491771183
109.8000031,207.2092565,120.0055156,28.28191978,65.09258,0.677833089,116.4478346,6.505113602,298.0053406,0,158.79245,62.79891205,9.999999747e-05,102081.8203,10.78243256,5.376958186
110,207.3558205,119.7805229,28.26755359,65.10075557,0.6783392691,116.4278764,6.503798485,297.9909363,0,157.2709808,59.6917038,9.999999747e-05,102127.0938,10.80739498,5.294617521
110.1999969,207.5267473,119.4772216,28.24936013,65.0981368,0.679714476,116.4942892,6.503321648,297.9851685,0,156.2743683,55.00608063,9.999999747e-05,102172.1875,10.79055977,5.370459107
110.4000015,208.2328436,119.1118571,28.21829112,65.03740995,0.6818233961,117.0351782,6.502875328,297.9798889,0,155.4629974,52.78228378,9.999999747e-05,102216.9688,10.80946064,5.356375719
110.5999985,208.4780901,118.8896852,28.20269941,65.02804504,0.6827436529,117.1493822,6.500936985,297.9653015,0,154.8327332,50.45545959,9.999999747e-05,102261.2656,10.86555481,5.192063965
110.8000031,208.243272,118.6543978,28.19452652,65.06435218,0.6838239847,116.9034149,6.498634815,297.9500427,0,154.9829407,44.70094681,9.999999747e-05,102305.4062,10.89650345,5.11674925
111,208.2398431,118.3166243,28.17342313,65.05651316,0.6861691212,117.0230497,6.497000217,297.938385,0,156.0503845,38.24329758,9.999999747e-05,102349.6797,10.92178535,5.101937379
111.1999969,208.1658163,118.0796263,28.15220149,65.03478106,0.6881573427,117.2402819,6.49733305,298.0539246,0,157.76828,11.47299004,50.2457962,102394.4375,10.90990639,5.197769192
111.4000015,210.0883377,118.5385148,28.24608746,65.02591674,0.6875050881,117.0693049,6.498073578,298.0513,0,159.3488464,49.10950089,5.024579525,102439.2188,10.88768101,5.234786839
111.5999985,211.4157243,117.6679493,28.14709948,64.98767495,0.6913826507,117.9012486,6.499478817,298.0365601,0,160.6380615,49.36553574,0.5024579763,102483.8906,10.93965721,5.196602293
111.8000031,210.5650722,117.8625936,28.13551148,65.00438959,0.6897552679,117.7569803,6.500544071,298.0206604,0,161.3643951,46.22410202,0.0502457954,102528.8438,10.93369675,5.165404519
112,210.4726771,117.759735,28.10140942,64.9426977,0.6903484482,118.2708205,6.502457142,298.0117188,0,161.6678467,42.21190643,0.005024579354,102574.0859,10.91383743,5.240799002
112.1999969,210.6118561,117.6925302,28.06898415,64.86726725,0.6905513132,118.8708812,6.504304886,298.0047913,0,161.2021942,40.02204895,0.0005024579586,102619.3281,10.90750027,5.255543348
112.4000015,210.7677,117.6246191,28.04418463,64.81810649,0.6903248497,119.2636285,6.505400658,297.9964905,0,160.0002136,38.13822174,9.999999747e-05,102664.2891,10.91360569,5.213006322
112.5999985,210.9543564,117.4852576,28.02458744,64.78937088,0.6903180046,119.5007634,6.505922794,297.9887085,0,158.3623047,35.50508881,9.999999747e-05,102708.8594,10.91481876,5.190231559
112.8000031,211.3521961,117.2324425,28.00386053,64.75589878,0.6910045722,119.7878793,6.506371498,297.9841919,0,156.5150146,32.75165176,9.999999747e-05,102753.0078,10.90803623,5.212890714
113,211.9502666,116.9166589,27.98236629,64.714965,0.692055674,120.1426546,6.506486893,297.980835,0,154.4866333,30.826437,9.999999747e-05,102796.625,10.9126482,5.20819064
113.1999969,212.5068094,116.5931057,27.9666418,64.69254045,0.6930290137,120.352486,6.506770611,297.9815063,0,152.4128571,29.11829948,9.999999747e-05,102839.75,10.89995861,5.257901912
113.4000015,213.3333552,116.1914666,27.94629532,64.65068131,0.69450751,120.7322561,6.506503105,297.9810181,0,150.2241211,28.65430069,9.999999747e-05,102882.2109,10.91644382,5.226387742
113.5999985,213.8739526,115.8465278,27.93788585,64.65022588,0.6954445718,120.7733346,6.50562191,297.9792175,0,148.1445923,27.78680611,9.999999747e-05,102924.0078,10.93097973,5.185862128
113.8000031,214.4939226,115.4032667,27.92629158,64.6462675,0.6970899411,120.8579824,6.504886627,297.9794312,0,146.4178619,26.45837975,9.999999747e-05,102965.2734,10.93530083,5.203519438
114,215.1946684,114.9446309,27.91098003,64.62790867,0.6989957956,121.0614501,6.503768921,297.9778137,0,144.9828033,25.76123047,9.999999747e-05,103005.9766,10.96196079,5.156660901
114.1999969,215.6083888,114.5575938,27.90287251,64.63842587,0.7004519001,121.0267175,6.502901077,297.9775391,0,143.9966278,24.42804909,9.999999747e-05,103046.3203,10.96892834,5.165301951
114.4000015,216.1767552,114.1298787,27.88607364,64.62040706,0.7024256378,121.2308635,6.501860142,297.9754639,0,143.3554535,23.51710892,9.999999747e-05,103086.2812,10.99778843,5.118403499
114.5999985,216.4345045,113.8108407,27.87659728,64.62933134,0.7037506757,121.2065708,6.500566483,297.971405,0,143.1320038,21.96073341,9.999999747e-05,103125.9844,11.02494144,5.059836844
114.8000031,216.6665271,113.4682523,27.86297965,64.63130335,0.7054350971,121.2447694,6.500074863,297.9698181,0,143.4263763,19.65472221,9.999999747e-05,103165.6641,11.0317564,5.08551319
115,216.9852448,113.1805882,27.84284255,64.6026464,0.7070903847,121.5237211,6.500781059,297.9724121,0,143.9139709,18.07037544,9.999999747e-05,103205.4844,11.02397442,5.160996294
115.1999969,217.3353191,113.0139773,27.8217945,64.55695633,0.7080713822,121.9263463,6.501507282,297.9738464,0,144.1175995,17.84035301,9.999999747e-05,103245.2812,11.03661156,5.142638019
115.4000015,217.4702915,112.9317581,27.80983654,64.5415864,0.7082535124,122.0737408,6.502593994,297.9769897,0,144.0346069,17.2871666,9.999999747e-05,103285.1016,11.02549744,5.178682119
115.5999985,217.8739807,112.7582884,27.79055268,64.49772504,0.7089695711,122.4575457,6.502868176,297.9759827,0,143.5157928,17.37976646,9.999999747e-05,103324.625,11.05318737,5.095049764
115.8000031,217.9456923,112.6343155,27.78511773,64.50572292,0.7090179543,122.4118793,6.502568722,297.9731445,0,142.8911896,16.14223099,9.999999747e-05,103363.8906,11.0661335,5.040868684
116,218.2515841,112.334424,27.77114458,64.49218162,0.7102311424,122.5573786,6.50164938,297.967926,0,142.3856049,14.27123356,9.999999747e-05,103402.8203,11.0968132,4.963342067
116.1999969,218.4074813,112.0381837,27.76135651,64.49795087,0.7114284076,122.5442848,6.499629498,297.9589233,0,142.2478943,11.4852438,9.999999747e-05,103441.4062,11.14265823,4.835005771
116.4000015,218.4857544,111.6607679,27.75095222,64.51650858,0.7132615111,122.4413492,6.499276638,297.9558411,0,142.919754,7.210348606,9.999999747e-05,103480.125,11.13702583,4.914374004
116.5999985,218.8670346,111.3399512,27.72438656,64.46344701,0.715374696,122.910868,6.499877453,297.9551697,0,143.723877,4.674805164,9.999999747e-05,103518.9844,11.14721966,4.946966286
116.8000031,218.9642962,111.2623126,27.7078967,64.43390831,0.7159141752,123.1652735,6.500297546,297.9536743,0,144.2897644,2.813932657,9.999999747e-05,103557.8984,11.16304111,4.906407503
117,219.0472541,111.1631021,27.69343398,64.41412236,0.7164277728,123.3439492,6.501497269,297.9551392,0,144.6912231,0.6266480088,9.999999747e-05,103596.9531,11.15257549,4.957081978
117.1999969,219.3410124,111.0416856,27.67263042,64.36395497,0.7171140993,123.7653614,6.50240612,297.9553223,0,144.6096649,9.999999747e-05,9.999999747e-05,103635.9297,11.16603661,4.924784107
117.4000015,219.4516708,110.9656082,27.6619939,64.34960499,0.7171506901,123.8923306,6.502880096,297.954071,0,144.1680145,9.999999747e-05,9.999999747e-05,103674.7422,11.17344952,4.890734528
117.5999985,219.699355,110.7630389,27.64875175,64.33173498,0.717807846,124.0639092,6.503134727,297.9518127,0,143.5373535,9.999999747e-05,9.999999747e-05,103713.3203,11.18275928,4.869614363
117.8000031,219.960808,110.5220359,27.63618747,64.31714547,0.7186041796,124.2108868,6.502679348,297.947052,0,142.8041077,9.999999747e-05,9.999999747e-05,103751.5625,11.20577717,4.803731605
118,220.1664166,110.2291431,27.62658471,64.31886116,0.7196109989,124.2315067,6.501533985,297.9627686,0,142.2546387,9.999999747e-05,11.46901608,103789.4688,11.2337656,4.728245338
118.1999969,220.6131704,109.9656717,27.63379729,64.34345872,0.7206115524,124.0757854,6.501318932,297.9565125,0,142.1633911,3.480132341,1.146901608,103827.2422,11.2279768,4.777373887
118.4000015,221.0228138,109.5588259,27.60581506,64.31118889,0.7226136209,124.4119454,6.501200199,297.9484253,0,142.1529236,9.999999747e-05,0.1146901622,103864.8672,11.3265686,4.824777209
118.5999985,220.3593668,109.7300029,27.61966323,64.38365613,0.7208499418,123.7830399,6.501443386,297.9657288,0,142.1924896,9.999999747e-05,11.17829132,103902.6016,11.22366238,4.815687383
118.8000031,221.8276917,109.061379,27.57900334,64.2511264,0.7252013076,124.9608665,6.541348457,297.9025574,0,142.1339111,4.096524239,1.117829084,103940.0469,12.87081623,-0.08942748595
119,194.7718266,119.4930759,27.87032303,65.98030211,0.6547009979,108.139982,6.50701046,298.088623,0,125.9843292,1.228957176,46.86830521,103978.7031,10.50754356,4.213571536
119.1999969,232.1656612,103.7836025,27.37893321,63.49926094,0.7519673197,131.4343081,6.533644676,298.0014038,0,123.9404221,62.24581146,4.686830521,104009.7656,13.02516747,0.8233413789
119.4000015,197.4792965,117.3749494,28.08851779,66.31092635,0.65299077,105.5353718,6.502494335,298.0584412,0,110.8052597,34.07952499,0.468683064,104043.5234,10.45142174,4.142856154
119.5999985,234.806045,100.5154344,27.31867101,63.50986338,0.7629132115,131.6020475,6.525583744,297.9629517,0,110.5149536,54.46258163,0.04686830565,104070.0938,13.05843925,0.5632631211
119.8000031,202.1379507,114.522253,28.14756551,66.26088802,0.6601437204,106.0844027,6.492459774,298.0214233,0,100.6259766,23.28925323,0.004686830565,104099.7891,10.54254055,3.896018812
120,235.2172693,98.38151791,27.31740149,63.63702065,0.7698998588,130.6000649,6.515265942,297.9324951,0,104.3446884,42.7893219,0.0004686830798,104124.0078,13.08739662,0.3552725251
120.1999969,206.5989525,111.8696354,28.14752115,66.22087177,0.6698731256,106.7444363,6.482435226,298.1882935,0,98.57752228,12.83679676,97.58672333,104151.3203,10.69138813,3.607343107
120.4000015,237.2661514,97.77650486,27.4564013,63.8715457,0.7702544824,128.7668279,6.500391006,298.067627,0,106.304184,99.21942902,9.758671761,104174.4062,13.04990768,0.5105872512
120.5999985,213.3301196,109.5529008,28.11783158,66.36677728,0.6792240768,106.6924154,6.473871231,298.0729675,0,106.5038986,62.73121262,0.9758672118,104201.0625,10.84213161,3.574353451
120.8000031,234.8753948,97.61962737,27.34422424,64.14248248,0.7724189858,126.9650447,6.495759964,297.9562378,0,117.6197586,68.02002716,0.09758672118,104226.4297,13.0834198,0.428383604
121,213.1029294,109.3666611,27.94848833,66.11608666,0.6898076784,108.9965232,6.473119736,297.9767761,0,119.6790848,30.44263268,0.009758671746,104256.0312,10.99819279,3.374128532
121.1999969,231.5453015,99.17209525,27.32330609,64.06861595,0.7700082809,127.4692142,6.49964571,297.8833008,0,131.0955811,36.75890732,0.0009758672095,104285.2812,13.08440971,0.236927693
121.4000015,211.4799094,110.5345627,27.80368071,65.84380269,0.6935725396,111.1809529,6.480000973,298.1099243,0,131.5977631,11.02767181,93.27565002,104318.3516,11.04375076,3.206999238
121.5999985,231.8760535,101.3679444,27.39431579,63.96832366,0.7629530005,128.2308473,6.509860516,297.9949646,0,140.2667847,85.54109955,9.327565193,104350.1484,13.04802132,0.2378162213
121.8000031,209.0292316,113.20134,27.81208529,66.00226929,0.6817253878,110.1236415,6.489649773,298.0070496,0,136.6818085,48.30553818,0.9327565432,104385.3359,10.90983582,3.45780485
122,231.3750587,101.5268694,27.26074358,63.77853694,0.7637046994,129.9251391,6.521347046,297.9017334,0,141.5036926,53.14977646,0.09327565134,104418.0078,13.05768299,0.2033437572
122.1999969,204.8064564,114.4819829,27.70575468,65.7840853,0.6784192238,111.2210747,6.499555111,298.1608582,0,133.3162537,15.94493294,107.4272919,104454.0703,10.84063148,3.380135339
122.4000015,233.3111069,102.2477588,27.34197916,63.63475967,0.7589273919,130.8107037,6.530275345,298.0410767,0,134.1870575,102.4453278,10.74272919,104485.3516,13.00333023,0.2417272949
122.5999985,203.2219722,115.1667676,27.85045842,66.00471437,0.6667548823,109.3744062,6.503935814,298.0526123,0,122.4264145,65.21091461,1.07427299,104519.5234,10.68536091,3.576810103
122.8000031,234.3783934,99.92617381,27.21204025,63.52509047,0.7659676387,131.9047592,6.530058861,297.9341125,0,121.5567703,71.6271286,0.1074272916,104547.6875,13.01533604,0.2243885981
123,204.0122309,113.4812525,27.83503997,65.78953872,0.6715747581,110.7456189,6.500545979,298.2196655,0,109.8832779,21.4881382,123.2321091,104578.8984,10.7451334,3.262918736
123.1999969,237.7220456,99.0503928,27.38265891,63.59185517,0.7661157175,131.1258488,6.521347046,298.0850525,0,110.3653488,118.4163437,12.32321072,104603.6484,12.97119713,0.2637746127
123.4000015,210.017799,110.8423846,27.9857575,65.97981596,0.6740016369,109.7397608,6.492070198,298.0769958,0,102.1838913,78.07343292,1.232321143,104631.3125,10.76999283,3.315718293
123.5999985,237.1600519,96.54724308,27.24576174,63.7557112,0.7747353894,130.0978259,6.514181137,297.9540405,0,106.0384216,79.49788666,0.1232321113,104654.6719,13.03696537,0.2012034197
123.8000031,211.5917499,108.9323489,27.90154839,65.7972123,0.6848578541,111.1639145,6.487661362,297.9779663,0,100.7196884,40.02473068,0.01232321095,104681.7344,10.85784149,3.061214888
124,235.465988,96.16327681,27.21928637,63.72100689,0.7774133067,130.2297101,6.510674477,297.8786011,0,106.3328247,47.47675323,0.001232321141,104705.4922,13.05177689,0.1061728806
124.1999969,212.8409484,107.8577604,27.8485199,65.65014839,0.692415652,112.3985838,6.486577034,298.1371765,0,102.4226151,14.24302578,107.5413666,104732.5703,10.94746685,2.570366552
124.4000015,236.862239,96.73714189,27.34155538,63.77715114,0.7735539807,129.7292117,6.510128975,298.0192261,0,108.4644089,99.6403656,10.75413704,104756.4219,13.0160265,0.1057192017
124.5999985,214.2989057,108.0886619,27.87427647,65.79808724,0.6888622032,111.6342066,6.485547066,298.0222778,0,104.7783585,62.15436935,1.075413704,104783.4453,10.93447208,2.873467843
124.8000031,236.043585,96.12955619,27.21513102,63.81625627,0.7774695678,129.6526806,6.509151459,297.9083862,0,111.2354736,64.81502533,0.1075413674,104807.7812,13.04243279,0.1603618962
125,214.0360355,107.6337979,27.77635704,65.58534528,0.6959639102,113.2778654,6.488220215,298.178009,0,107.9387589,19.4445076,118.0762177,104835.6562,11.00787449,2.374230234
125.1999969,237.1297875,97.16730582,27.33559389,63.76623679,0.7724897206,129.9154301,6.51335907,298.0535583,0,113.3149338,109.8847809,11.80762196,104860.4219,13.00259972,0.1104499276
125.4000015,214.3489758,108.5235246,27.83220843,65.74048159,0.688356424,112.2978291,6.491011143,298.0523682,0,108.3419342,71.60590363,1.180762172,104888.3594,10.9139967,2.877987375
125.5999985,236.6288143,96.34369072,27.19093143,63.7194971,0.7770105948,130.5174829,6.516093731,297.9328613,0,112.6112289,74.13595581,0.1180762202,104912.9688,13.03219604,0.1572990144
125.8000031,212.8417718,108.3461753,27.74700324,65.51709784,0.6925370064,113.767312,6.494528294,298.2112732,0,106.5399857,22.2407856,123.1113892,104940.9766,10.95718861,2.350233314
126,238.2342889,96.94534325,27.32088568,63.64586764,0.7730469231,130.880077,6.515852451,298.0776367,0,109.3996735,116.6708145,12.31113911,104964.5703,12.96806145,0.2278147458
126.1999969,215.1093889,107.8509757,27.83218758,65.67179168,0.6889478162,112.855332,6.491671562,298.0567017,0,103.4397507,76.3950119,1.231113911,104990.8906,10.96829796,2.560402611
126.4000015,237.0058972,95.7391261,27.1987475,63.75755163,0.7771834701,130.1797659,6.509587765,297.9311218,0,107.438652,73.09050751,0.1231113896,105013.7656,12.97717762,0.434853864
126.5999985,216.3518906,106.1359188,27.73183346,65.42797932,0.7016751769,114.778057,6.491410255,298.1893311,0,103.9873886,21.92715263,119.3109741,105039.8438,11.10547924,1.385086208
126.8000031,237.5995289,96.56616982,27.33656268,63.76909836,0.7722151171,129.8779139,6.511792183,298.0598145,0,108.0602493,109.3667526,11.93109703,105062.8672,12.93989944,0.2693536123
127,217.3193584,106.4893266,27.78233362,65.55294738,0.6964399694,114.0187648,6.490193844,298.039093,0,103.7384415,69.84936523,1.193109751,105088.5234,11.06860065,2.03520903
127.1999969,236.561634,95.61958547,27.19668343,63.79176518,0.7772341827,129.8957367,6.507267952,297.9185486,0,108.3169327,65.91004181,0.1193109751,105111.4531,12.96163654,0.5719027537
127.4000015,217.8789827,105.2234006,27.68062816,65.31210567,0.7077164617,115.8905523,6.494188309,298.1661377,0,105.8046951,19.77301216,113.1773758,105137.4453,10.96754551,0.1094771588
127.5999985,238.4597499,95.70834196,27.2292754,63.52512441,0.7795142313,131.9436268,6.511757374,298.0365601,0,108.7469559,103.0451355,11.31773758,105160.3828,12.97514629,0.5663537383
127.8000031,217.6107082,106.0324672,27.72921173,65.45069444,0.6997757376,114.8830892,6.495215893,298.0190735,0,104.4645615,62.70936584,1.13177371,105186.0703,11.1086874,0.9820934953
128,236.0072688,95.92097267,27.18559607,63.71604,0.7757417529,130.4317444,6.511177063,297.9042969,0,107.0086212,59.01703262,0.113177374,105208.8984,12.93191719,0.7007232841
128.1999969,217.8203718,105.0144323,27.65203352,65.18911271,0.7088317237,116.8178246,6.510694027,298.1045532,0,102.9524612,17.70511055,108.2141037,105234.2734,4.956593037,-0.8851459731
128.3999939,254.1772641,76.62670373,25.9706989,60.97246606,0.9038104166,153.6658797,6.530236244,297.9865112,0,99.24755096,84.06596375,10.82141018,105250.8438,13.9149456,-0.874908565
128.6000061,206.345707,107.8045989,27.65444368,65.48235327,0.6744472814,112.6415184,6.500935555,298.0019226,0,87.60736084,45.76211548,1.082141042,105275.0547,10.81583595,0.5017544971
128.8000031,238.936199,93.08543219,27.09674171,63.34214814,0.7886042282,133.3442149,6.501981735,297.894165,0,87.91179657,51.45759964,0.1082141027,105292.9453,12.97245312,2.42199276
129,221.2596591,101.3847064,27.73538919,65.2462678,0.7165836948,116.2988121,6.517792702,298.033905,0,87.54181671,15.4372797,108.8002625,105313.1484,12.37330341,-0.8837611843
129.1999969,224.2497639,102.3558213,27.799067,64.82020399,0.7174998072,119.7707065,6.533731937,297.938446,0,80.8963089,60.480793,10.88002586,105332.3594,12.37179756,-0.8808522686
129.3999939,220.0479249,103.3013527,27.74844456,64.76074468,0.7093939036,119.9417462,6.5401721,298.1384583,0,67.92185211,18.14423752,136.3630371,105349.8672,10.53358269,-0.8830056381
129.6000061,243.1431021,93.54170841,27.23855287,62.90322412,0.7829617323,136.5901874,6.544032097,298.0180359,0,52.40295029,85.56479645,13.63630295,105359.8516,12.79181194,-0.8755853165
129.8000031,218.1300338,101.925864,27.99632743,65.04639141,0.6928776224,116.6344726,6.443487167,298.1829224,0,35.31798172,47.71026611,1.363630295,105369.7266,3.486855268,-0.8833045861
130,254.1802993,76.53126738,25.96596708,60.96261379,0.9043563631,153.7271989,6.446561337,298.0200195,0,58.78518677,106.1764221,0.1363630295,105377.4922,13.76983833,-0.8867382493
130.1999969,231.7238626,92.1462532,27.54673959,65.48132899,0.7492278904,115.4873881,6.456077099,297.8998413,0,80.34877777,55.59624863,0.01363630313,105390.7812,12.55697536,-0.8838044178
130.3999939,230.9055059,93.61491451,27.49171814,65.14521089,0.7623949976,118.541578,6.46925354,297.9599915,0,98.41661072,16.67887497,70.95704651,105408.7422,12.69718838,-0.8793960386
130.6000061,229.3482899,96.62157754,27.54875732,64.96439578,0.7521445527,119.8715131,6.484785557,297.8713379,0,111.2224503,34.57221222,7.095705032,105430.5625,12.63733387,-0.8759055959
130.8000031,227.1275364,99.32356209,27.45159097,64.7668627,0.7463526784,121.3900274,6.503987789,298,0,117.8193817,10.37166309,101.9385071,105455.2188,12.61872387,-0.8745985778
131,224.342956,102.7786591,27.51082165,64.68875649,0.7306147677,121.5683391,6.523124218,297.9006042,0,116.7310028,50.60878754,10.19385052,105481.1406,12.48832035,-0.8729291067
131.1999969,220.1004987,104.8087539,27.4419097,64.5798322,0.7207986792,122.1935294,6.538667679,298.084137,0,108.0000381,15.18263626,132.4771881,105506.6562,12.37853241,-0.874056851
131.3999939,220.3628688,105.8765238,27.60508173,64.50379611,0.7103611703,122.2977177,6.551522732,297.9624634,0,93.06313324,75.51152039,13.24771881,105529.4375,12.2594595,-0.8731548028
131.6000061,217.3321514,105.0171062,27.57004039,64.40747793,0.7080948644,122.9183539,6.551072121,297.8614197,0.5190401673,46.53156662,35.32115936,1.324771881,105543.3828,12.12406445,-0.8652036421
131.8000031,226.0340379,99.07623864,27.79431203,64.33503312,0.7208337033,123.3213087,6.543540955,297.9112244,1.03967607,23.26578331,10.59634781,62.9487648,105549.3984,12.14841747,-0.8598753872
132,232.074052,96.14652552,28.00512415,64.49486586,0.7249546521,121.9624635,6.532130241,297.8422852,0,6.392678261,3.178904533,9.999999747e-05,105549.6094,12.13877106,-0.8574190654
132.1999969,234.0935979,92.63092665,27.81089776,64.34756593,0.7463713857,123.5973178,6.519489288,297.9128418,0,0,0.9536713362,67.84902954,105547.4922,12.29568768,-0.8576248133
132.3999939,234.694686,91.88810773,27.90957124,64.59256461,0.7444223773,121.5149247,6.507580757,297.847168,0,0,0.2861014009,9.999999747e-05,105544.7344,12.28541565,-0.8585478753
132.6000061,233.9465624,90.92305654,27.82238911,64.64126139,0.7509242969,121.2848875,6.496303558,297.9194031,0,0,0.08583042026,68.19578552,105541.7734,12.33185863,-0.8599994366
132.8000031,234.2573188,90.38044882,27.85079254,64.77786165,0.7514877686,120.1996437,6.486207008,297.8539124,0,1.997530699,0.02574912645,9.999999747e-05,105538.8828,12.34741497,-0.8609264851
133,233.065638,89.71790992,27.77282171,64.83214573,0.7563845226,119.918239,6.478464603,297.9236755,0,8.031691551,0.007724737749,66.93900299,105537.3047,12.40850258,-0.8621194358
133.1999969,232.7386705,89.81787225,27.80212525,64.96760522,0.7547514434,118.8431255,6.473825932,297.8582153,0,17.1590023,0.002317421371,9.999999747e-05,105537.4922,12.41689396,-0.8625539436
133.3999939,231.364135,90.0355742,27.74852591,65.0091692,0.7566865462,118.638785,6.472799301,297.9248962,0,28.13911629,0.000695226423,65.43052673,105540.2656,12.46394348,-0.8627808957
133.6000061,231.1470341,90.95459533,27.78155931,65.07940093,0.7531255904,118.077809,6.475260258,297.859436,0,39.52800751,0.0002085679153,9.999999747e-05,105545.5703,12.46313095,-0.8619881321
133.8000031,230.1237539,91.8699148,27.73404798,65.03314655,0.7530057717,118.5218255,6.481875896,297.9240417,0,49.93245697,9.999999747e-05,64.43693542,105553.6719,12.50310993,-0.8608466011
134,229.8511785,93.54195711,27.77558632,65.02085325,0.7464878015,118.5362149,6.490205765,297.8584595,0,57.68824387,9.999999747e-05,9.999999747e-05,105563.8047,12.46151352,-0.8589544037
134.1999969,228.8773601,94.69363108,27.72151772,64.88441118,0.7450154736,119.6231995,6.499539375,297.9223938,0,62.11974716,9.999999747e-05,64.13991547,105575.5312,12.45813847,-0.8571271481
134.3999939,228.4098027,96.24775901,27.76804379,64.84165346,0.7378634701,119.816483,6.509204388,297.85672,0,62.82005692,9.999999747e-05,9.999999747e-05,105587.9688,12.40345192,-0.855015865
134.6000061,227.4504384,96.9184488,27.7233373,64.70395618,0.7362869722,120.8541366,6.517803669,297.9209595,0,59.65643311,9.999999747e-05,64.34951019,105600.3359,12.38240147,-0.8531917504
134.8000031,227.4133795,97.69406708,27.79835224,64.68638799,0.7302354955,120.8090641,6.523771286,297.8552246,0,53.05772018,9.999999747e-05,9.999999747e-05,105611.5156,12.30999279,-0.8512952791
135,227.6450644,97.10074466,27.75984007,64.56713725,0.7327259611,121.7708436,6.526287556,297.9202881,0,44.07705688,9.999999747e-05,64.74394226,105620.7656,12.29848289,-0.8497840212
135.1999969,229.0287338,96.62427681,27.85288815,64.5980432,0.7309951407,121.4093924,6.525758266,297.8545837,0,34.09291077,9.999999747e-05,9.999999747e-05,105627.5156,12.2574501,-0.8482941318
135.3999939,230.0747083,95.14777628,27.8086527,64.53311578,0.7372033825,122.0179454,6.522391319,297.9203491,0,24.31933594,9.999999747e-05,65.0625,105631.8203,12.28535175,-0.8473897319
135.6000061,231.8475097,94.19864027,27.88990965,64.61032814,0.7376782331,121.337419,6.516293526,297.8547058,0,15.89213371,9.999999747e-05,9.999999747e-05,105633.6094,12.25900173,-0.8466029599
135.8000031,232.6162309,92.62283297,27.81676188,64.57555466,0.7456853952,121.767378,6.508419991,297.9208679,0,9.903918266,9.999999747e-05,65.18829346,105633.5938,12.29802132,-0.8465584142
136,233.8110896,91.76532564,27.86065915,64.66929291,0.747015933,121.0064819,6.500058174,297.8553162,0,7.062206745,9.999999747e-05,9.999999747e-05,105632.4141,12.30176449,-0.8465218859
136.1999969,233.4245918,90.76342885,27.78326616,64.68133262,0.7530728865,121.0512183,6.492302418,297.9214172,0,7.561264992,9.999999747e-05,65.13721466,105631.2578,12.36250496,-0.8471057521
136.3999939,233.605416,90.5013385,27.81790714,64.79851071,0.7523176991,120.0979867,6.485961914,297.855896,0,11.15889359,9.999999747e-05,9.999999747e-05,105630.5547,12.36423492,-0.8473255892
136.6000061,232.6068678,90.18492089,27.75298329,64.8235559,0.755991601,120.0271391,6.482009411,297.9217834,0,17.29018784,9.999999747e-05,64.99910736,105631.3047,12.42051315,-0.847717752
136.8000031,232.4230578,90.57793013,27.79069425,64.92414691,0.7532806039,119.2021119,6.480557919,297.8562622,0,24.99914169,9.999999747e-05,9.999999747e-05,105633.5938,12.41453457,-0.8474197705
137,231.4045254,90.89673162,27.73919189,64.91651014,0.7548466937,119.3621428,6.481272697,297.921875,0,33.2881813,9.999999747e-05,64.8683548,105637.8125,12.43892765,-0.8470836039
137.1999969,231.3892713,91.74783262,27.77064193,64.94940597,0.7514367176,119.0821201,6.484224319,297.8563538,0,41.29215622,9.999999747e-05,9.999999747e-05,105643.8125,12.42862988,-0.8460200252
137.3999939,230.4930302,92.42809622,27.72071315,64.88640277,0.7516898377,119.643001,6.489275455,297.9217834,0,48.11497498,9.999999747e-05,64.79705048,105651.6953,12.4501791,-0.8449640542
137.6000061,230.3602945,93.64043713,27.76018225,64.87977712,0.7464670333,119.6213672,6.495915413,297.8561707,0,52.91767883,9.999999747e-05,9.999999747e-05,105660.9219,12.42235088,-0.8433355244
137.8000031,229.4684725,94.38796538,27.71194095,64.7731418,0.7457057773,120.4704527,6.504583359,297.9215088,0,55.06586838,9.999999747e-05,64.80996704,105671.2891,12.43869972,-0.841740178
138,229.044716,95.6809238,27.77391206,64.76020771,0.73845639,120.3994968,6.279619694,298.5781555,0,53.7454071,9.999999747e-05,9.999999747e-05,105681.7109,2.347107649,-0.8828535798
138.1999969,254.1752022,76.52902474,25.96566832,60.96148613,0.9043987496,153.7332794,6.30687809,298.3169861,0,143.183197,223.1111755,9.999999747e-05,105706.9297,13.92556477,-0.9063283774
138.3999939,230.1973803,98.42746751,28.0449554,64.86058441,0.8279522948,123.878072,6.358202934,298.1204529,0,220.1427002,149.760376,9.999999747e-05,105753.1719,13.55328941,-0.8901598769
138.6000061,243.8701349,91.39072458,27.28760512,64.15974669,0.8188634167,128.6446575,6.413827419,297.9719238,0,225,95.8019104,9.999999747e-05,105796.5859,13.47078037,-0.8624609957
138.8000031,243.1327419,93.08449158,27.066738,64.06782204,0.8082379928,130.073104,6.471242428,297.8621826,0,225,50.55367661,9.999999747e-05,105840.8203,13.38358307,-0.8436636106
139,233.5355673,100.0015481,26.89318238,64.03211553,0.7855141648,129.091011,6.530165672,297.9320679,0,225,15.16610241,73.90856934,105888.5625,13.20688438,-0.8360953368
139.1999969,219.117666,109.9827905,26.75822415,64.3527367,0.7444430882,124.7069385,6.586554527,297.8616943,0,213.4441833,4.549830914,9.999999747e-05,105938.4766,12.84860992,-0.8325770788
139.3999939,209.0956534,114.6702354,26.61559864,64.33470193,0.7173284254,123.6963058,6.612780094,297.9367981,0.5155047774,106.7220917,1.364949226,70.78309631,105969.5547,12.22422791,-0.8303019354
139.6000061,212.6534795,107.6473431,27.16632186,63.59893091,0.7035287061,129.2545581,6.340091228,298.6424561,1.034770608,53.36104584,0.4094847739,9.999999747e-05,105988.2734,2.115521908,-0.8754662128
139.8000031,254.1753094,76.52619199,25.96551604,60.96158872,0.9044371801,153.7345669,6.365807056,298.3673401,0,118.8229599,240.9351501,9.999999747e-05,106008.4141,13.83008862,-0.8911437007
140,247.1836895,95.79663528,27.66118158,65.45544471,0.7895106077,121.3931298,6.411756516,298.1659546,0,172.0631866,164.8128815,9.999999747e-05,106040.0156,13.08674717,-0.8697568778
140.1999969,247.1172535,95.33477926,27.39724476,64.99459414,0.7808984518,124.0221638,6.469532967,298.0108032,0,207.8120575,111.1760788,9.999999747e-05,106079.3828,13.10341644,-0.8481953148
140.3999939,237.1400732,100.0376121,27.09869058,64.35696807,0.7729863304,127.5170634,6.532403946,297.8943787,0,220.4765015,65.38176727,9.999999747e-05,106125.4062,13.08329201,-0.8328465919
140.6000061,221.2406074,108.6980162,26.77381597,64.26740884,0.7470069629,125.8282519,6.592570782,297.9786072,0,208.0135956,19.61453056,82.63935089,106173.9219,12.84395123,-0.8283272515
140.8000031,209.3946633,114.1662844,26.63472232,64.31013351,0.7166779719,123.9329963,6.625360966,297.8941345,0.5152033567,104.0067978,45.57835388,8.263935089,106204.7656,12.3456316,-0.8260000931
141,210.1330481,106.3241721,27.04201342,63.45342254,0.7084268208,130.383935,6.635507584,298.0448608,1.033788562,52.0033989,13.67350674,113.1460876,106224.2266,12.12770748,-0.8245374159
141.1999969,224.7037024,98.81752115,27.35026491,63.09483678,0.7269555474,133.4966776,6.631259918,297.954895,1.553935528,26.00169945,62.34414291,11.31460857,106234.0234,12.18919849,-0.819987878
141.3999939,227.1920791,95.62506977,27.37430789,63.06842171,0.734855425,133.688471,6.619941235,297.8672791,2.074826956,13.00084972,31.85646439,1.131460905,106239.9375,12.21125221,-0.8136268842
141.6000061,232.3708861,93.39099618,27.38944694,63.06924476,0.7442223243,133.8897168,6.605778694,297.9200745,2.595932484,6.500424862,9.556939125,62.19878387,106243.1953,12.28916454,-0.8113778471
141.8000031,236.0592826,92.68982326,27.56873933,63.26570642,0.7408536234,132.1903782,6.590389729,297.8522949,3.117072344,3.250212431,2.867081881,9.999999747e-05,106244.625,12.2498703,-0.8105668391
142,238.0660114,91.3330601,27.52412833,63.29993005,0.7495735078,132.0909307,6.574789524,297.9187317,3.638249159,1.625106215,0.8601245284,65.93795013,106244.9297,12.30859184,-0.8109495189
142.1999969,240.3839833,90.81362011,27.65601689,63.48439711,0.7471226808,130.4968835,6.559503078,297.8529053,4.159411907,0.8125531077,0.2580373585,9.999999747e-05,106244.1406,12.27086067,-0.8113120253
142.3999939,241.2073542,89.24988157,27.53750769,63.45595229,0.7586245619,130.953025,6.544595242,297.9201965,4.680542946,0.4062765539,0.07741120458,66.03172302,106242.8906,12.36760616,-0.8122703098
142.6000061,242.7741279,88.33214231,27.58809552,63.571696,0.7590880806,129.9780248,6.532483578,297.8545532,0,0,0.02322336286,9.999999747e-05,106239.9453,12.36647606,-0.8127760918
142.8000031,235.9147811,89.89429851,27.57367603,63.97391939,0.7626847276,126.9025181,6.520887375,297.9210815,0,0,0.00696700858,65.63117218,106238.2031,12.40020943,-0.8161656936
143,236.3703794,89.59562453,27.6250364,64.1180051,0.7619856777,125.7140776,6.509814262,297.8554688,0,0,0.002090102527,9.999999747e-05,106236.0156,12.38694286,-0.8168393186
143.1999969,236.0606171,88.89215845,27.56514742,64.1596527,0.7673738386,125.5086845,6.499212742,297.9212952,0,0,0.0006270307931,65.22667694,106233.7188,12.43585873,-0.8177385646
143.3999939,236.3202549,88.50789092,27.59077599,64.27336804,0.7673862653,124.5956411,6.489424229,297.8557129,0,0.8342406154,0.0001881092321,9.999999747e-05,106231.3984,12.45110989,-0.8183518862
143.6000061,235.713642,87.95234876,27.53386997,64.31173546,0.7718228122,124.4150023,6.482073307,297.9211121,0,5.582661152,9.999999747e-05,64.9858551,106229.9844,12.49647236,-0.8190630378
143.8000031,235.6024473,87.9615197,27.55397791,64.40864654,0.7707235103,123.6519633,6.477841854,297.8555908,0,13.2660532,9.999999747e-05,9.999999747e-05,106229.8438,12.48510933,-0.8191869845
144,234.7679343,88.08585489,27.51197716,64.42882382,0.772865964,123.6039652,6.477332592,297.9208374,0,22.63968849,9.999999747e-05,64.88886261,106231.8047,12.52489758,-0.8190746375
144.1999969,234.5483979,88.78455213,27.5438226,64.49067109,0.7693870302,123.096102,6.479698181,297.8553162,0,32.21484756,9.999999747e-05,9.999999747e-05,106235.7188,12.50313854,-0.8182376197
144.3999939,233.8296195,89.40425551,27.50716924,64.45165672,0.7698054165,123.4770131,6.484863758,297.9205933,0,40.84620285,9.999999747e-05,64.90674591,106241.7344,12.52484989,-0.8171712436
144.6000061,233.6188972,90.48978504,27.53884951,64.45186245,0.7649715951,123.4241234,6.491973877,297.8550415,0,47.41133881,9.999999747e-05,9.999999747e-05,106249.3906,12.49775219,-0.8155667603
144.8000031,232.8414323,91.26903551,27.50141907,64.36211149,0.7641265994,124.1442322,6.499544144,297.9204407,0,51.13490677,9.999999747e-05,64.98815918,106258.2031,12.49098682,-0.8140153993
145,232.579514,92.26570219,27.53603859,64.33414545,0.7589488953,124.2705277,6.50718832,297.8547974,0,51.83517456,9.999999747e-05,9.999999747e-05,106267.4922,12.44922924,-0.8122449079
145.1999969,231.9591801,92.63230113,27.49938942,64.23404841,0.7587359317,125.0444476,6.513795853,297.9203186,0,49.47891617,9.999999747e-05,65.08216095,106276.6406,12.4393177,-0.8106993427
145.3999939,231.9635252,93.12320526,27.55159452,64.22468869,0.7542473543,124.9908668,6.518383503,297.8546448,0,44.48336792,9.999999747e-05,9.999999747e-05,106284.8516,12.38564014,-0.8091459097
145.6000061,232.0625838,92.70664372,27.51707354,64.13780898,0.7567248213,125.6970384,6.52048254,297.9203186,0,37.65601349,9.999999747e-05,65.15454102,106291.6406,12.38582039,-0.8078922416
145.8000031,232.8201658,92.47553665,27.57963989,64.16195192,0.7546950968,125.4069022,6.519762516,297.8546753,0,29.99086571,9.999999747e-05,9.999999747e-05,106296.5469,12.34443855,-0.8067624396
146,233.481721,91.49129432,27.53987544,64.10771151,0.7598280017,125.9118261,6.516669273,297.9204407,0,22.61487389,9.999999747e-05,65.18148804,106299.6641,12.36859894,-0.8060393964
146.1999969,234.5371323,90.92061516,27.5943121,64.16516025,0.7595362736,125.396828,6.511555195,297.8548279,0,16.47502899,9.999999747e-05,9.999999747e-05,106301.0469,12.3478756,-0.8054724518
146.3999939,234.9840683,89.92673328,27.54288125,64.14262829,0.7653538411,125.6812301,6.505047321,297.9206543,0,12.37975025,9.999999747e-05,65.16127014,106301.2109,12.37510204,-0.8053792218
146.6000061,235.771557,89.40825185,27.57474122,64.21035152,0.7657952793,125.1258527,6.498216152,297.8551025,0,10.88582039,9.999999747e-05,9.999999747e-05,106300.625,12.36920738,-0.805284897
146.8000031,235.5982784,88.76661811,27.51987693,64.21332129,0.7705259664,125.2133241,6.492034912,297.9208374,0,12.12091064,9.999999747e-05,65.09993744,106300.1797,12.41187286,-0.8055301726
147,235.7971008,88.64897804,27.54620878,64.29383638,0.7696132303,124.5607741,6.487179756,297.8553162,0,15.8252697,9.999999747e-05,9.999999747e-05,106300.2891,12.41120529,-0.8054999917
147.1999969,235.2034247,88.49144579,27.49953089,64.30295905,0.7725362102,124.590814,6.484478474,297.9209595,0,21.46953201,9.999999747e-05,65.02989197,106301.7109,12.45795631,-0.8055135311
147.3999939,235.1179652,88.85288017,27.52896988,64.3709092,0.7700153112,124.0338994,6.484233856,297.8554382,0,28.19151497,9.999999747e-05,9.999999747e-05,106304.5625,12.45993042,-0.805002762
147.6000061,234.410993,89.16461571,27.49223356,64.35570143,0.7710824927,124.2263027,6.486697197,297.9209595,0,35.0100708,9.999999747e-05,64.9859314,106309.1562,12.4957037,-0.804344341
147.8000031,234.2510635,89.947532,27.52552976,64.38226373,0.767026285,123.970424,6.491628647,297.8553772,0,40.84236526,9.999999747e-05,9.999999747e-05,106315.2188,12.48599911,-0.8031075819
148,233.5141417,90.53640936,27.49243816,64.32128128,0.7666498975,124.4730649,6.497477531,297.9208679,0,44.70259857,9.999999747e-05,64.98809052,106322.4297,12.48772621,-0.8018449117
148.1999969,233.3695377,91.36982128,27.5265802,64.30827841,0.7621437923,124.4980549,6.503611088,297.8552246,0,46.22825241,9.999999747e-05,9.999999747e-05,106330.1875,12.4522562,-0.8002861442
148.3999939,232.8268288,91.68328779,27.48964469,64.22178999,0.7624272708,125.1865368,6.509329796,297.9207458,0,45.30250549,9.999999747e-05,65.02264404,106338.0859,12.45204258,-0.798896418
148.6000061,232.8188906,92.20169261,27.53656663,64.21799503,0.7581395614,125.1055736,6.515232563,297.8550415,0,42.09143448,9.999999747e-05,9.999999747e-05,106345.6406,12.42889214,-0.7973325948
148.8000031,232.4835637,92.13757857,27.50892347,64.1438295,0.7588408998,125.6752427,6.518170357,297.9206543,0,36.51725769,9.999999747e-05,65.08614349,106352.1094,12.40738869,-0.7960950384
149,233.2104722,92.00513965,27.55927643,64.14367292,0.7570835877,125.5979903,6.518710136,297.85495,0,29.7783699,9.999999747e-05,9.999999747e-05,106357.0312,12.37753582,-0.794845654
149.1999969,233.6185973,91.24109022,27.52364443,64.09054217,0.7611214363,126.0718502,6.516688824,297.9206848,0,22.82185745,9.999999747e-05,65.12617493,106360.3594,12.39387417,-0.7940603549
149.3999939,234.6092571,90.75509974,27.5745726,64.13424178,0.7606384442,125.666414,6.511717319,297.8550415,0,16.67473793,9.999999747e-05,9.999999747e-05,106361.8047,12.34800053,-0.7934402755
149.6000061,235.2314959,89.71833107,27.51735082,64.09390645,0.767175071,126.1121309,6.505326748,297.9208374,0,12.51767063,9.999999747e-05,65.11772156,106362.0156,12.38185024,-0.7932677169
149.8000031,235.9638022,89.23033008,27.55113381,64.16481483,0.7673406292,125.5241681,6.498643875,297.8552551,0,10.9120636,9.999999747e-05,9.999999747e-05,106361.5156,12.3782568,-0.793173982
150,235.8070713,88.60951016,27.49892232,64.16849466,0.7719134808,125.6007464,6.492454529,297.921051,0,11.97606564,9.999999747e-05,65.07757568,106361.0781,12.41369438,-0.7933984237
150.1999969,236.0549385,88.46502707,27.52268885,64.24259858,0.7712403083,125.0043494,6.48744297,297.8554993,0,15.51324272,9.999999747e-05,9.999999747e-05,106361.1094,12.41038132,-0.7933626108
150.3999939,235.509124,88.28640175,27.47595569,64.25019482,0.7742848711,125.0480392,6.484558582,297.9212036,0,21.05274582,9.999999747e-05,65.01229095,106362.4375,12.45892143,-0.7933825623
150.6000061,235.4193592,88.62772191,27.50499842,64.31917621,0.771801188,124.4833898,6.484170437,297.8556519,0,27.74277115,9.999999747e-05,9.999999747e-05,106365.1953,12.46286583,-0.7929041952
150.8000031,234.7248749,88.92931878,27.46955093,64.30646705,0.7728564514,124.6552014,6.486472607,297.9212341,0,34.58662033,9.999999747e-05,64.9670639,106369.6875,12.49831867,-0.7922722726
151,234.5683625,89.68430987,27.50157781,64.33338967,0.768921956,124.4002039,6.490332127,297.8556213,0,40.50882339,9.999999747e-05,9.999999747e-05,106375.5234,12.47470474,-0.7911411409
151.1999969,233.9772687,90.15009234,27.46226959,64.26864156,0.7694613017,124.9587721,6.495260239,297.9211426,0,44.89068985,9.999999747e-05,64.95451355,106382.5547,12.48609257,-0.7899865818
151.3999939,233.8279686,90.94586922,27.49410084,64.26418983,0.7651959902,124.9283012,6.284471035,298.6291809,0,47.30270386,9.999999747e-05,9.999999747e-05,106390.1875,2.11066556,-0.8318172887
151.6000061,254.174103,76.52720588,25.96555101,60.96140803,0.9044275221,153.7346493,6.305774689,298.3346863,0,134.7414856,240.8210144,9.999999747e-05,106413.4688,13.76232719,-0.8532345538
151.8000031,234.798415,96.98421294,27.88704684,64.44754218,0.835054555,127.9048558,6.353332043,298.1268311,0,212.2072754,157.5006866,9.999999747e-05,106457.4688,13.47158718,-0.8356252615
152,245.20234,90.2639243,27.19689474,63.83619987,0.8266404053,131.2938955,6.410044193,297.9768066,0,225,100.5578766,9.999999747e-05,106500.9141,13.4306879,-0.8106314124
152.1999969,246.272989,90.56672404,26.92484212,63.62894818,0.8210250344,133.7253435,6.471787453,297.8678284,0,225,55.11539459,9.999999747e-05,106544.7969,13.40038776,-0.7918558421
152.3999939,237.8111681,96.69314861,26.7519319,63.60462796,0.8011664881,132.7916228,6.536715031,297.9441223,0,225,16.53461838,76.74042511,106591.8906,13.26015663,-0.7837788126
152.6000061,223.5908756,106.8083713,26.61004889,63.93316939,0.7616453911,128.3643423,6.59924078,297.874054,0,210.818634,4.960385323,9.999999747e-05,106640.6875,12.91204071,-0.7798207329
152.8000031,214.4675535,111.0837329,26.476925,63.88560281,0.7377091676,127.6636943,6.394249916,298.6243591,0.5149909854,105.409317,1.488115668,70.25597382,106670.6406,1,-0.80999297
153,254.1738766,76.51985174,25.9651184,60.96144284,0.9045422622,153.7391755,6.435345173,298.3796692,0,149.1017761,256.1513977,7.025597572,106697.2344,13.83345985,-0.8268477915
153.1999969,251.0439449,97.73847904,27.75696921,65.67640081,0.7439568045,119.5948636,6.364143848,298.5792542,0,174.6928864,189.5170288,0.7025597692,106728.6406,1,-0.8173333989
153.3999939,254.1788565,76.51968851,25.96517905,60.96197265,0.9045287332,153.737576,6.416287899,298.2941895,0,225,274.4523315,0.07025597245,106770.7266,13.98372173,-0.8257715556
153.6000061,253.2557106,96.21671828,27.62835232,64.99622787,0.7671678521,125.3739008,6.477027893,298.0669556,0,225,196.3238983,0.007025597617,106812.9375,12.90546131,-0.7991343764
153.8000031,244.2859277,96.94329779,27.09172665,64.13899819,0.7797926441,130.4581976,6.538389206,297.8928528,0,225,131.1050262,0.0007025597733,106858.1016,13.00367737,-0.7802968513
154,228.3635223,103.8185018,26.69820679,63.83974745,0.7673541814,130.0962015,6.593585968,298.0872498,0,210.1574097,39.33150482,147.9619446,106904.8516,12.8492775,-0.7780347057
154.1999969,217.5475341,109.3072608,26.53774599,63.83141818,0.7430144448,128.4765019,6.618844509,297.9537964,0.5157727003,105.0787048,103.6831284,14.79619503,106933.3203,12.37893677,-0.7779519659
154.3999939,215.3160049,101.2708066,26.88304678,63.14122622,0.7359597394,133.4476872,6.621556282,297.8314514,1.035096765,52.53935242,59.45187378,1.479619503,106950.2891,12.13461018,-0.7688391785
154.6000061,226.498451,94.11410198,26.95883926,62.72982264,0.7617111858,137.0971836,6.61486721,297.9423828,1.555851579,26.26967621,17.83556175,96.50049591,106958.6094,12.27223492,-0.764230692
154.8000031,232.4590664,91.68406033,27.16853951,62.82248214,0.7611337734,136.2100539,6.603328705,297.8714905,2.076709747,13.1348381,5.35066843,9.999999747e-05,106962.3438,12.23315811,-0.7636797547
155,236.4452783,89.61006232,27.14911323,62.8123675,0.7717021003,136.4899579,6.58962965,297.9649048,2.597743034,6.567419052,1.605200529,80.05445862,106963.5469,12.30624676,-0.7637184946
155.1999969,238.7994353,89.16207111,27.30696669,62.99270054,0.7667479742,134.8802472,6.575161934,297.888031,3.11883235,3.283709526,29.54378128,8.00544548,106963.2969,12.25790691,-0.7643205423
155.3999939,239.7259753,87.99587241,27.24313003,63.01439414,0.774122769,134.7996226,6.560664654,298.0109558,3.639931917,1.641854763,8.863134384,98.35571289,106962.1797,12.30287647,-0.7663941917
155.6000061,242.5445618,87.43508904,27.37038877,63.1618596,0.771881836,133.5386656,6.546390533,297.9208984,4.161015511,0.8209273815,47.65061951,9.835571289,106960.125,12.29332256,-0.7674457661
155.8000031,242.4512536,85.94503456,27.23075064,63.15277927,0.7801518545,133.6720002,6.534151077,298.0845642,0,0,14.29518509,121.2156219,106956.6641,12.34751892,-0.7706216276
156,240.0533132,87.24173241,27.34211565,63.46123021,0.7807820845,131.3424703,6.522462368,297.9823608,0,0,68.46459198,12.121562,106953.6797,12.36955929,-0.7740551093
156.1999969,239.199314,86.27372988,27.22338996,63.51817685,0.7848465381,130.8612767,6.511257172,297.8882446,0,0,35.15512085,1.212156177,106950.5469,12.40180874,-0.769266938
156.3999939,238.9558895,86.29347853,27.23948127,63.59938194,0.7881665133,130.3598875,6.50051403,297.9347839,0,0,10.54653549,60.20168686,106947.5,12.44235039,-0.768678413
156.6000061,239.1140907,86.21300951,27.29011749,63.70857605,0.787902982,129.5274091,6.490320206,297.8664856,0,0.3137761354,3.163960695,9.999999747e-05,106944.2578,12.43267918,-0.768668331
156.8000031,238.9072324,85.77778458,27.2513224,63.7301785,0.7924051398,129.4873886,6.482026577,297.9248352,0,4.704819202,0.9491882324,61.99234772,106941.7734,12.47105789,-0.7689953277
157,238.8425881,85.73772158,27.26505763,63.80884096,0.7918566495,128.8874963,6.476631641,297.8591309,0,12.40876007,0.2847564816,9.999999747e-05,106940.7656,12.48638821,-0.7690244175
157.1999969,238.1984106,85.86391653,27.23864159,63.84097476,0.7934521092,128.7291516,6.475120068,297.9198303,0,22.26718903,0.08542694151,62.74386978,106942.0391,12.53907967,-0.7688595041
157.3999939,237.9400749,86.40880538,27.26202748,63.90099763,0.7905848187,128.2606172,6.477591038,297.8542786,0,32.72678757,0.02562808245,9.999999747e-05,106945.625,12.54892826,-0.7680091405
157.6000061,237.3062367,87.02080802,27.24134425,63.88321613,0.790333995,128.4574562,6.483467102,297.917511,0,42.19744492,0.00768842455,64.00009155,106951.5078,12.57329369,-0.7668519447
157.8000031,237.0033874,87.96166216,27.26342283,63.88100476,0.785999124,128.4453329,6.49152565,297.8519592,0,49.31914139,0.002306527458,9.999999747e-05,106959.125,12.55247593,-0.7651943389
158,236.3187022,88.67846689,27.23457757,63.80356337,0.7850645171,129.0613818,6.500520229,297.9173279,0,53.22134018,0.0006919582374,65.09309387,106967.9609,12.5510025,-0.7635362069
158.1999969,235.8171358,89.58464066,27.25974643,63.77689226,0.77995238,129.1820715,6.509026527,297.8517151,0,53.52949905,0.0002075874654,9.999999747e-05,106977.1719,12.50395775,-0.761796217
158.3999939,235.290459,89.87979414,27.22970301,63.68642039,0.7798869353,129.8721186,6.517148018,297.9182434,0,50.43985748,9.999999747e-05,65.69538116,106986.1484,12.50558853,-0.7601826989
158.6000061,234.9327375,90.33957989,27.27294882,63.67847965,0.7750488922,129.7969199,6.523099422,297.8525696,0,44.10119247,9.999999747e-05,9.999999747e-05,106994.0547,12.45298958,-0.758685419
158.8000031,235.0363312,89.96015584,27.24950235,63.6005857,0.7771075464,130.4063918,6.525684834,297.919342,0,35.38793564,9.999999747e-05,65.8301239,107000.1719,12.44758987,-0.7574186785
159,235.6551153,89.63369285,27.29995316,63.61367946,0.7754942224,130.2105188,6.524472713,297.8536682,0,25.64465904,9.999999747e-05,9.999999747e-05,107004.0547,12.40886784,-0.7564361084
159.1999969,236.5044623,88.67158469,27.27283837,63.57206038,0.7805908769,130.6008349,6.519577503,297.920166,0,16.3877449,9.999999747e-05,65.66992188,107005.6562,12.42256069,-0.7558608839
159.3999939,237.5972806,87.98271521,27.31138571,63.61792507,0.7813672146,130.2018613,6.512139797,297.8545227,0,9.088830948,9.999999747e-05,9.999999747e-05,107005.3594,12.4169445,-0.7556027772
159.6000061,238.1587543,87.0914112,27.27387068,63.61698001,0.7867778769,130.2971507,6.503286839,297.9205627,0,4.76170826,9.999999747e-05,65.4152298,107003.875,12.45416927,-0.7557872562
159.8000031,238.7734834,86.58893529,27.29413218,63.68386701,0.7874024905,129.7554185,6.494446278,297.8549805,0,3.972164631,9.999999747e-05,9.999999747e-05,107001.8438,12.45459747,-0.756052981
160,238.6959321,86.09448946,27.25261951,63.70022683,0.7915487958,129.7250464,6.486972809,297.9206543,0,6.71426487,9.999999747e-05,65.19768524,107000.2266,12.49275112,-0.756471253
160.1999969,238.7819783,85.9995769,27.26725969,63.77062135,0.7909100214,129.1717336,6.481986523,297.855072,0,12.44143009,9.999999747e-05,9.999999747e-05,106999.6484,12.50463104,-0.7565761664
160.3999939,238.2640875,86.0343733,27.23924243,63.79315053,0.7927248843,129.0774692,6.480157852,297.9205627,0,20.15924835,9.999999747e-05,65.07608795,107000.7656,12.5425005,-0.756503359
160.6000061,238.119288,86.43630572,27.26065013,63.84538366,0.7902664365,128.6620978,6.481137276,297.8549805,0,28.60610008,9.999999747e-05,9.999999747e-05,107003.5781,12.53330421,-0.7558902228
160.8000031,237.6125466,86.82888338,27.23420241,63.82555638,0.7909901779,128.8869076,6.485503674,297.9203796,0,36.66221237,9.999999747e-05,65.04318237,107008.3672,12.56946564,-0.7549784197
161,237.3166428,87.61799138,27.26069581,63.84063624,0.7867899348,128.7288299,6.492216587,297.8547363,0,42.96963501,9.999999747e-05,9.999999747e-05,107014.6797,12.55200672,-0.7536005219
161.1999969,236.6935857,88.20620839,27.23507589,63.77793832,0.7862001063,129.2347141,6.499975204,297.9201965,0,46.59492493,9.999999747e-05,65.08683777,107022.0781,12.55343437,-0.7521199575
161.3999939,236.3148122,88.97629729,27.26129407,63.75951318,0.781602111,129.2993646,6.508649349,297.8544922,0,47.12085724,9.999999747e-05,9.999999747e-05,107029.9844,12.52827263,-0.7504338582
161.6000061,235.6843086,89.33689566,27.23784536,63.68261572,0.7809148097,129.8713823,6.516443253,297.9200439,0,44.17757034,9.999999747e-05,65.16778564,107037.6641,12.5207634,-0.7488540771
161.8000031,235.4749178,89.71933876,27.27611214,63.66656878,0.7767431823,129.8789461,6.522200584,297.8543091,0,38.12243652,9.999999747e-05,9.999999747e-05,107044.3359,12.47985268,-0.7473305802
162,235.539365,89.38725343,27.25298349,63.59389923,0.778661678,130.4501279,6.524234772,297.9199829,0,29.76831436,9.999999747e-05,65.24945831,107049.3047,12.47385216,-0.746106939
162.1999969,236.2119938,89.04475797,27.29659649,63.60209561,0.7774878669,130.3085621,6.522003651,297.854248,0,20.60609818,9.999999747e-05,9.999999747e-05,107052.1094,12.43441772,-0.7451874472
162.3999939,237.0543537,88.11557959,27.26511681,63.56208488,0.7828554193,130.7000509,6.51631546,297.9200745,0,12.33846569,9.999999747e-05,65.28929901,107052.9141,12.46091747,-0.7447188098
162.6000061,237.9984324,87.49618507,27.29917716,63.6129275,0.7834314992,130.2632497,6.50822258,297.8544006,0,6.34382391,9.999999747e-05,9.999999747e-05,107052.0938,12.45428467,-0.7445892992
162.8000031,238.4520845,86.69187273,27.259437,63.61381181,0.7887281971,130.3506269,6.499141216,297.9202881,0,3.583097696,9.999999747e-05,65.28541565,107050.3359,12.4803133,-0.7448641905
163,238.991179,86.24163379,27.27276039,63.67428701,0.7895307928,129.8740822,6.490787506,297.8546448,0,4.450491428,9.999999747e-05,9.999999747e-05,107048.4609,12.4905653,-0.7451352865
163.1999969,238.7641523,85.89029256,27.23640937,63.69766186,0.7929375303,129.7810154,6.484576225,297.9204712,0,8.653826714,9.999999747e-05,65.23748016,107047.4297,12.53557396,-0.7454875728
163.3999939,238.7386545,85.93248438,27.25412761,63.76815316,0.7916518763,129.2216112,6.481138229,297.8548584,0,15.33706665,9.999999747e-05,9.999999747e-05,107047.5781,12.53073788,-0.7454437936
163.6000061,238.2700471,86.04955989,27.22603994,63.77718386,0.7933646255,129.2357831,6.481041431,297.9206238,0,23.39320946,9.999999747e-05,65.17377472,107049.5156,12.56620121,-0.7451403694
163.8000031,238.0980949,86.54978877,27.24912621,63.81978966,0.7904610134,128.8878173,6.484330654,297.8549805,0,31.48602867,9.999999747e-05,9.999999747e-05,107053.2344,12.56625843,-0.7442770072
164,237.5035922,87.06723179,27.22920491,63.79433629,0.7902299797,129.1267185,6.490653515,297.9206238,0,38.26274872,9.999999747e-05,65.13455963,107058.7031,12.58846951,-0.7431255067
164.1999969,237.1501079,87.88819654,27.25673928,63.79521598,0.7856391691,129.0590804,6.498573303,297.8549194,0,42.51119614,9.999999747e-05,9.999999747e-05,107065.3203,12.56151581,-0.7415883476
164.3999939,236.5232636,88.41328778,27.23220979,63.72430202,0.7849601934,129.6118518,6.44517231,298.1134949,0,43.59615326,9.999999747e-05,65.13509369,107072.3828,1,-0.7424161805
164.6000061,254.1732246,76.51938591,25.96508125,60.96137236,0.9045519269,153.739708,6.461895466,297.9995728,0,66.24768829,84.26315308,6.513508797,107082.0781,13.57568836,-0.7501959661
164.8000031,237.8421864,88.3846391,27.11447456,64.02485908,0.7841040136,127.8321759,6.487001896,297.9026794,0,81.78375244,47.27519608,0.6513509154,107096.6094,12.65872478,-0.7456128104
165,237.117228,89.81032237,27.05695483,63.68086555,0.789851417,130.590931,6.514927387,297.9625854,0,87.47422028,14.18255806,67.32136536,107113.3984,12.72325993,-0.7405381041
165.1999969,233.3885752,92.60301936,27.10514324,63.58403039,0.7745421404,130.8981145,6.329882622,298.6596069,0,82.01209259,31.91891479,6.732136726,107130.3906,1,-0.7760925597
165.3999939,254.173581,76.52075777,25.96516821,60.96141003,0.9045285797,153.7386879,6.369969368,298.4132996,0,151.2754364,270.5401001,0.6732136607,107157.6562,13.77182579,-0.7927512706
165.6000061,251.9627145,95.46254982,27.63607603,64.93793315,0.7873236812,125.8402692,6.352082729,298.5169373,0,203.084137,205.0757599,0.06732136756,107195.8438,1,-0.7762516515
165.8000031,254.178985,76.51936227,25.96516133,60.96198592,0.9045335896,153.737749,6.413298607,298.2831421,0,225,258.17453,0.006732136477,107238.4141,13.95418739,-0.7774869384
166,253.4666358,94.37099164,27.43731667,64.5458247,0.7818283641,128.6669511,6.480191231,298.0848083,0,225,196.1195679,0.0006732136826,107281.2422,12.98799515,-0.7537167588
166.1999969,245.6342953,95.52886351,27.00453509,63.91506177,0.7874293803,132.205363,6.549086571,297.9324951,0,225,140.0698853,9.999999747e-05,107326.7891,13.04835033,-0.7361324588
166.3999939,229.8481885,102.3746112,26.62124657,63.64077094,0.774678799,131.7041051,6.614201546,298.1382446,0,205.8734436,42.02096558,149.6890106,107373.1719,12.89473152,-0.7339112927
166.6000061,219.5813318,106.926809,26.44203282,63.51177444,0.7539922616,131.0762973,6.403112411,298.800293,0.5148336291,102.9367218,111.6223602,14.96890068,107401.3281,1,-0.7732609097
166.8000031,254.1750449,76.52055169,25.9651771,60.96156839,0.9045269767,153.7383048,6.4442029,298.4977112,0,143.1124115,343.6695251,1.496890068,107426.8906,13.68602562,-0.7819672068
167,258.2288823,96.37236489,27.91564882,65.80114267,0.7334202671,119.0647323,6.347331524,298.803833,0,165.1410522,264.3251038,0.1496890038,107454.5547,1,-0.7778393328
167.1999969,254.1825297,76.52058491,25.96528487,60.96236395,0.9045021557,153.7357192,6.399250507,298.4845581,0,225,390.8671265,0.01496890001,107496.9531,13.86100006,-0.7896036129
167.3999939,262.058052,95.93657798,27.9022202,65.26345433,0.756009343,123.7652418,6.375869274,298.5360413,0,225,308.5611572,0.001496890094,107537.2656,1,-0.7646077109
167.6000061,254.1835977,76.51834777,25.96516583,60.96247501,0.9045350553,153.7368445,6.434326172,298.210968,0,225,346.8916626,0.0001496890036,107579.7266,13.82907295,-0.7653397225
167.8000031,255.9757127,93.54474371,27.55934293,64.69835565,0.7695205196,127.7265467,6.497224808,297.9500122,0,225,254.4539032,9.999999747e-05,107621.4375,12.75525379,-0.7376053207
168,246.4532761,92.74377716,26.88824728,63.53099068,0.7982761005,135.0693116,6.559660435,297.7476196,0,225,174.7788849,9.999999747e-05,107666.1719,12.97911453,-0.7186661487
168.1999969,232.5020864,98.67398647,26.50690364,63.18878911,0.7928607649,135.3656834,6.592109203,298.0810547,0.5149519444,112.5,52.43366623,220.7329712,107692.1719,12.63931084,-0.7204042023
168.3999939,224.4031455,96.95828564,26.77864959,62.93096173,0.7616315092,135.7060538,6.602674484,297.9337463,1.03373754,56.25,159.5136566,22.07329559,107708.0078,12.22683144,-0.7249866596
168.6000061,228.4090992,90.52602025,26.80614424,62.59773677,0.7823612964,138.4511793,6.599601746,298.4249268,1.553855062,28.125,47.85409546,300.3104553,107715.9766,12.30388546,-0.732334007
168.8000031,239.4426802,88.19565861,27.15431668,62.59723205,0.7765681754,138.2283492,6.58976984,298.2357178,2.074655294,14.0625,215.9373169,30.03104591,107718.0703,12.2020092,-0.7372843332
169,237.146851,85.70202046,26.95376978,62.70232638,0.7839821842,137.2804001,6.576961994,298.0429688,2.595664978,7.03125,162.9052429,3.003104448,107718.4688,12.24664307,-0.727824108
169.1999969,239.0092629,85.05133507,26.91865145,62.67818667,0.791075192,137.6073382,6.562931538,297.893219,3.11673975,3.515625,106.6686554,0.3003104627,107717.8672,12.30022526,-0.7185298101
169.3999939,240.7703444,84.56827373,26.90655744,62.68411728,0.7981586637,137.7542343,6.548616886,298.0511169,3.637842894,1.7578125,32.00059891,124.7715454,107716.5234,12.35264397,-0.7191740678
169.6000061,243.6658053,84.42540637,27.05582746,62.8148583,0.7956075667,136.7083391,6.535914421,297.946106,0,0,83.60112762,12.47715378,107713.3359,12.32814312,-0.7206218174
169.8000031,241.2615079,84.17991178,26.9130351,62.88062477,0.8081540676,136.4441117,6.523803234,298.1908569,0,0,25.08033752,165.3627319,107710.5156,12.44159985,-0.726110793
170,242.6176715,84.42072136,27.05960772,63.04706957,0.8019393865,135.0399995,6.512260914,298.0784302,0,0,108.2830658,16.53627396,107707.2422,12.39715576,-0.7301329348
170.1999969,242.3802205,83.06588233,26.92235661,63.11252844,0.8057672409,134.4178806,6.501189709,297.9614868,0,0,74.81800842,1.653627276,107703.5547,12.42601395,-0.7245063453
170.3999939,242.2164632,83.29387801,26.92985082,63.14568846,0.8099126184,134.3314178,6.490558147,297.8670654,0,0.04343701899,38.25944138,0.1653627306,107699.9062,12.45028305,-0.719359862
170.6000061,242.0228838,83.47346911,26.94759757,63.17545797,0.8133220117,134.2645067,6.482022762,297.9208374,0,4.339533806,11.47783279,63.93835449,107697.1719,12.48397923,-0.718848698
170.8000031,241.8645004,83.68130644,26.98852139,63.24616405,0.8124323131,133.7662084,6.476888657,297.8527222,0,12.04448128,3.443349838,9.999999747e-05,107696.0703,12.50510311,-0.7187055129
171,241.3968236,83.88596195,26.980307,63.27158563,0.8135525054,133.6557917,6.475957394,297.9204407,0,21.79852104,1.033004999,66.77683258,107697.1562,12.54846382,-0.7185636181
171.1999969,241.1946743,84.33221793,27.00184393,63.31716192,0.8109702607,133.3073579,6.479319096,297.8547363,0,31.92220116,0.3099014759,9.999999747e-05,107700.4531,12.55932713,-0.7178392778
171.3999939,240.6949415,84.85049828,26.99037123,63.30239383,0.8105442612,133.4669508,6.485650063,297.9216003,0,40.70057678,0.09297044575,66.0140686,107705.7344,12.57068539,-0.7167183641
171.6000061,240.4133706,85.54504007,27.00622058,63.29749794,0.8070316323,133.4877474,6.494796276,297.8559875,0,46.95044708,0.02789113298,9.999999747e-05,107712.6094,12.56508923,-0.7151590528
171.8000031,239.7506226,86.13868747,26.98935128,63.24085149,0.8057838898,133.9211734,6.504838943,297.9212646,0,49.54224396,0.00836734008,65.23656464,107720.3828,12.56135941,-0.7134588645
172,239.1974539,86.80288451,27.00880594,63.2162447,0.801368006,134.030934,6.514679909,297.8555908,0,48.12308884,0.002510202117,9.999999747e-05,107728.25,12.52811909,-0.711694573
172.1999969,238.6868457,87.00503687,26.9897663,63.14417976,0.8010408749,134.5579937,6.522846699,297.920166,0,42.77091599,0.0007530606235,64.90673065,107735.3906,12.52231216,-0.7100409772
172.3999939,238.4329821,87.1721073,27.0203727,63.12865132,0.7976389777,134.5697027,6.526741028,297.8544617,0,34.15691757,0.0002259181783,9.999999747e-05,107740.8359,12.46638107,-0.7086768041
172.6000061,238.8755945,86.62666439,27.00080039,63.06854703,0.8008133803,135.0609796,6.526065826,297.9191589,0,23.99387741,9.999999747e-05,64.96088409,107744.1016,12.46800995,-0.7076489776
172.8000031,239.5590212,86.15868393,27.03428337,63.08722264,0.8005802869,134.8567426,6.520855904,297.8534851,0,14.10221863,9.999999747e-05,9.999999747e-05,107745.0547,12.43910313,-0.7070880737
173,240.4113617,85.34123519,27.01076447,63.07116032,0.8056133467,135.0492587,6.512298107,297.9186707,0,6.294874191,9.999999747e-05,65.18057251,107744.1094,12.4651432,-0.7069800571
173.1999969,241.16837,84.795525,27.03073614,63.12095782,0.8065235357,134.6366925,6.502081871,297.8530273,0,1.907118917,9.999999747e-05,9.999999747e-05,107742.0078,12.4731741,-0.7072109513
173.3999939,241.4778665,84.24466093,27.00247851,63.13796722,0.810563714,134.5759353,6.492118835,297.9187012,0,1.600545526,9.999999747e-05,65.38665771,107739.6016,12.50230217,-0.7077084839
173.6000061,241.7686549,83.96555891,27.00962329,63.19363676,0.8108996643,134.142515,6.484235764,297.8530884,0,5.273035526,9.999999747e-05,9.999999747e-05,107737.7578,12.51610661,-0.7080742782
173.8000031,241.5538301,83.84850455,26.98684211,63.21812141,0.813108735,134.0258811,6.479821682,297.9190063,0,12.09277248,9.999999747e-05,65.48262787,107737.3516,12.55918598,-0.7082689903
174,241.4447387,84.03755404,27.00243514,63.27328465,0.8113918794,133.5946993,6.47957468,297.8533936,0,20.6733551,9.999999747e-05,9.999999747e-05,107738.7344,12.57193184,-0.7079352078
174.1999969,241.0083457,84.36403894,26.99071686,63.27894438,0.811617434,133.6023958,6.483708382,297.919281,0,29.35017204,9.999999747e-05,65.48571014,107742.1406,12.60638523,-0.7071592933
174.3999939,240.7011166,84.96737279,27.01339274,63.30039725,0.8080004123,133.4055807,6.49078989,297.8536377,0,36.37255478,9.999999747e-05,9.999999747e-05,107747.1328,12.58936787,-0.7058686294
174.6000061,240.1845296,85.47135457,26.9981549,63.25629895,0.8073718615,133.7645216,6.499440193,297.9194336,0,40.56668472,9.999999747e-05,65.44620514,107753.2344,12.59044552,-0.7043694886
174.8000031,239.7529378,86.09494766,27.01778529,63.24025638,0.80332394,133.8245772,6.508569241,297.8537292,0,41.30494308,9.999999747e-05,9.999999747e-05,107759.7891,12.56260872,-0.7027238754
175,239.2501853,86.38187104,26.99947467,63.175151,0.8029419452,134.3137775,6.516409874,297.9194336,0,38.3949585,9.999999747e-05,65.41498566,107766.0312,12.55505943,-0.7011707619
175.1999969,238.9990197,86.63807317,27.0244325,63.15730835,0.7996509943,134.3620678,6.52145195,297.8536987,0,32.35443115,9.999999747e-05,9.999999747e-05,107771.2031,12.516716,-0.6997949155
175.3999939,239.1188888,86.34653857,27.00522044,63.09987397,0.8016732606,134.8193955,6.52200079,297.9193726,0,24.30215645,9.999999747e-05,65.4092865,107774.6328,12.50288963,-0.6987591694
175.6000061,239.6761348,86.00662694,27.030999,63.10449305,0.8013176992,134.7351509,6.518427372,297.8536682,0,16.03614044,9.999999747e-05,9.999999747e-05,107776.1328,12.47682476,-0.6981004861
175.8000031,240.3246179,85.34383833,27.00839932,63.08407509,0.8055927574,134.9521228,6.511509895,297.9194031,0,9.198705673,9.999999747e-05,65.40718079,107775.9062,12.48859501,-0.6978751394
176,241.0317543,84.86631967,27.02613847,63.12205984,0.80638156,134.6360385,6.502994061,297.8536987,0,5.126017094,9.999999747e-05,9.999999747e-05,107774.6406,12.49881077,-0.6979300326
176.1999969,241.3019584,84.3824186,27.00140419,63.13538777,0.8099832335,134.59541,6.494308949,297.9194946,0,4.454275131,9.999999747e-05,65.4029007,107772.8516,12.50492668,-0.698249549
176.3999939,241.6927211,84.09110706,27.00618271,63.17677187,0.8106413545,134.280868,6.487103462,297.8538818,0,7.251856804,9.999999747e-05,9.999999747e-05,107771.3203,12.50639153,-0.6984574676
176.6000061,241.5733227,83.93701166,26.98155179,63.19152315,0.8131240526,134.2412874,6.482532501,297.9196472,0,12.92623138,9.999999747e-05,65.36630249,107770.8906,12.53848362,-0.6985802891
176.8000031,241.5441726,84.06159223,26.99432532,63.2393283,0.8117978652,133.870476,6.481473446,297.8540344,0,20.42511177,9.999999747e-05,9.999999747e-05,107772.0234,12.55409431,-0.6982829368
177,241.1509768,84.31627992,26.98100369,63.24519492,0.8122950942,133.8775788,6.483948231,297.9197388,0,28.34450912,9.999999747e-05,65.33220673,107774.9375,12.58205032,-0.6976558355
177.1999969,240.9397069,84.80188575,26.99940116,63.26676698,0.8093820776,133.6933989,6.488909245,297.8540955,0,35.27365494,9.999999747e-05,9.999999747e-05,107779.3359,12.56735992,-0.6965870733
177.3999939,240.5244008,85.2051433,26.98184726,63.22952293,0.8093698517,134.0155884,6.496021271,297.9197388,0,40.2215271,9.999999747e-05,65.30776215,107785.0156,12.58316612,-0.6952998235
177.6000061,240.1337178,85.80217167,27.00156387,63.2243282,0.8055255751,134.0021425,6.503834724,297.8540344,0,42.3254776,9.999999747e-05,9.999999747e-05,107791.3438,12.55550861,-0.6938301045
177.8000031,239.6869155,86.09473857,26.9820084,63.1648691,0.8054199844,134.461969,6.510536671,297.9196777,0,41.30870438,9.999999747e-05,65.31253815,107797.6484,12.54297256,-0.6924214733
178,239.4710385,86.38660436,27.00262233,63.15025408,0.802462258,134.5054028,6.514998913,297.8539734,0,37.61698532,9.999999747e-05,9.999999747e-05,107803.2422,12.49870586,-0.6911496181
178.1999969,239.5003309,86.20167509,26.98187262,63.09593058,0.8042979935,134.9422074,6.516889095,297.9196472,0,32.14423752,9.999999747e-05,65.32545471,107807.7031,12.49451065,-0.6901072523
178.3999939,239.7344949,86.08087746,27.00835586,63.10397218,0.8028584397,134.8179628,6.516184807,297.8539734,0,25.9167347,9.999999747e-05,9.999999747e-05,107810.7891,12.46551991,-0.6893054349
178.6000061,240.1151102,85.60966764,26.9887995,63.07572056,0.8060182333,135.0750091,6.513651371,297.9196777,0,19.97117805,9.999999747e-05,65.33624268,107812.6562,12.49432182,-0.6887327551
178.8000031,240.4870373,85.36011128,27.01641091,63.11067927,0.8050770524,134.7477507,6.508936405,297.8539734,0,15.03675365,9.999999747e-05,9.999999747e-05,107813.2734,12.46904373,-0.6883945793
179,240.9057492,84.86247658,26.991041,63.09705542,0.808886571,134.9169729,6.503392696,297.9197388,0,11.989604,9.999999747e-05,65.33853149,107813.2344,12.51024342,-0.6882367799
179.1999969,241.1965302,84.65531659,27.01148786,63.14462422,0.8081751952,134.5104941,6.497783661,297.8540344,0,11.15555477,9.999999747e-05,9.999999747e-05,107812.8984,12.5098753,-0.6881670943
179.3999939,241.2672968,84.38778965,26.98844455,63.1476532,0.8109144885,134.5470469,6.492832184,297.9198303,0,12.56265736,9.999999747e-05,65.33822632,107812.7031,12.52787399,-0.6881432631
179.6000061,241.4422959,84.3257191,26.99987677,63.18495023,0.8102917221,134.2490676,6.489424229,297.8541565,0,15.94807053,9.999999747e-05,9.999999747e-05,107813.0625,12.52752304,-0.6879501094
179.8000031,241.2800372,84.3076332,26.97958969,63.18569436,0.8120466343,134.3032302,6.488818645,297.9198914,0,20.69365501,9.999999747e-05,65.3181076,107814.6094,12.57668686,-0.6875985992
180,241.1174128,84.58755947,27.00082447,63.22494294,0.8094974374,133.9665522,6.490204811,297.8542175,0,25.67726898,9.999999747e-05,9.999999747e-05,107817.1562,12.56055546,-0.686942891
180.1999969,240.857555,84.77126048,26.98202812,63.20267594,0.8104359468,134.1867891,6.493905067,297.9199219,0,30.10876846,9.999999747e-05,65.30369568,107820.8203,12.58844471,-0.6860587954
180.3999939,240.6094084,85.19079577,27.00293709,63.2165847,0.8072880515,134.0344561,6.499407768,297.854187,0,33.05897522,9.999999747e-05,9.999999747e-05,107825.3047,12.58063316,-0.6849131899
180.6000061,240.1979875,85.46146573,26.98808081,63.17864438,0.8072248596,134.337004,6.505141735,297.9199219,0,33.80967331,9.999999747e-05,65.31169128,107830.1484,12.5814867,-0.6837049519
180.8000031,239.9861338,85.78587717,27.0081505,63.17229721,0.8042476392,134.324966,6.510193348,297.8541565,0,32.27172089,9.999999747e-05,9.999999747e-05,107834.8281,12.55576801,-0.6824645205
181,239.8160107,85.78482277,26.98991961,63.12454912,0.8052404793,134.7051442,6.513427734,297.9198914,0,28.7160778,9.999999747e-05,65.32835388,107838.8906,12.55502892,-0.6813746253
181.1999969,239.8942187,85.80484053,27.01264692,63.12522288,0.803323789,134.6385783,6.514420986,297.8540955,0,23.87047005,9.999999747e-05,9.999999747e-05,107841.9922,12.53240108,-0.6804471694
181.3999939,240.0932104,85.49026375,26.99356733,63.092056,0.8057777342,134.9267591,6.513032913,297.9198914,0,18.62925529,9.999999747e-05,65.34760284,107844.0391,12.54967308,-0.6797669397
181.6000061,240.4377557,85.28539267,27.01679391,63.11453947,0.8048794066,134.7034617,6.509688854,297.8540649,0,13.94386959,9.999999747e-05,9.999999747e-05,107845.1328,12.55165672,-0.6792913089
181.8000031,240.6875955,84.9035703,26.99797371,63.10685077,0.8077213607,134.805583,6.504638672,297.9199219,0,10.59483814,9.999999747e-05,65.36930084,107845.4453,12.57083416,-0.6790726161
182,241.081944,84.65518369,27.01342535,63.14048734,0.8075460946,134.5202934,6.498768806,297.8541565,0,9.265316963,9.999999747e-05,9.999999747e-05,107845.1484,12.54935646,-0.6789587732
182.1999969,241.2878871,84.32572089,26.98636278,63.13476544,0.8109296866,134.6387314,6.493672371,297.9200134,0,10.2809267,9.999999747e-05,65.36103058,107844.9688,12.58326817,-0.6789187165
182.3999939,241.415278,84.2712695,27.00062828,63.17783976,0.8100096808,134.28533,6.490666866,297.854248,0,13.32992458,9.999999747e-05,9.999999747e-05,107845.4375,12.59958363,-0.678723682
182.6000061,241.1914363,84.29164942,26.98548258,63.18521042,0.8112761623,134.2737077,6.489964008,297.920105,0,17.57673645,9.999999747e-05,65.35400391,107846.7891,12.61733723,-0.6783748432
182.8000031,241.1466723,84.48926926,27.00086611,63.21223252,0.809428179,134.044318,6.491680145,297.8543396,0,22.10387611,9.999999747e-05,9.999999747e-05,107849.0781,12.61281681,-0.6776795069
183,240.8289343,84.69552173,26.98677457,63.19670983,0.809947334,134.198726,6.419973373,298.2107544,0,25.94395828,9.999999747e-05,65.33582306,107852.2969,1,-0.6814512286
183.1999969,254.17318,76.51953517,25.96508959,60.96136761,0.9045496046,153.7396239,6.439338684,298.1124878,0,58.71530914,118.0020447,6.533582211,107861.0938,13.47961807,-0.6953074099
183.3999939,244.3135481,84.56268672,26.86100161,63.53391085,0.8118462931,132.5142788,6.473865032,298.0136414,0,83.20695496,89.32293701,0.6533582211,107875.1641,12.80526447,-0.6883919201
183.6000061,242.4263423,86.66050702,26.84808724,63.3243341,0.8094880827,134.0931638,6.332139492,298.7127991,0,94.12968445,60.18121338,0.06533582509,107892.6719,1,-0.7135020793
183.8000031,254.1737561,76.52119626,25.96519715,60.96142996,0.9045207972,153.7383334,6.388263702,298.5463562,0,162.3692627,302.637207,0.006533582229,107922.9141,13.72862434,-0.7296636232
184,258.0233185,95.59252838,27.68952011,64.99294501,0.771796789,125.9416874,6.32438755,299.0188599,0,206.9461365,266.7017212,0.0006533582346,107961.4922,1,-0.7321892432
184.1999969,254.1841779,76.51976862,25.96525919,60.96253982,0.9045100496,153.7356958,6.381780148,298.8427734,0,225,451.4502869,9.999999747e-05,108004.6406,13.8539114,-0.7484216306
184.3999939,269.0129619,96.76068209,28.09870741,65.47426397,0.7487187433,121.8024311,6.317049026,299.2767944,0,225,425.3717957,9.999999747e-05,108044.2812,1,-0.7459178413
184.6000061,254.1991136,76.51735631,25.96532565,60.96412645,0.9045007897,153.7321794,6.370545387,299.0219116,0,225,608.0324707,9.999999747e-05,108087.4531,13.79687595,-0.7612829885
184.8000031,283.68086,90.91280797,28.10488045,65.09258925,0.7541926555,121.3764038,6.314491749,299.3501587,0,225,564.7238159,9.999999747e-05,108122.4141,1,-0.7473991621
185,254.2091446,76.51529367,25.96534374,60.96518729,0.9045018091,153.730125,6.374492645,299.0153198,0,225,718.197876,9.999999747e-05,108165.7422,13.75644779,-0.7602137304
185.1999969,295.0884415,82.44039401,27.87809773,64.39805016,0.7683651893,124.1509413,6.345108986,299.1687012,0,225,650.8525391,9.999999747e-05,108196.7188,1,-0.7302281085
185.3999939,254.2101823,76.51423503,25.96529549,60.96528932,0.9045155307,153.7304939,6.414329052,298.8204041,0,225,744.3513794,9.999999747e-05,108240.2422,13.73791027,-0.7405927864
185.6000061,299.4716605,76.59579851,27.90384793,64.41721767,0.761210937,123.8941901,6.411190033,298.8033447,0,225,666.8670654,9.999999747e-05,108268.6719,1,-0.7026772304
185.8000031,254.1982378,76.51542065,25.96519812,60.96401384,0.9045349598,153.7338169,6.48298645,298.4689941,0,225,694.3568726,9.999999747e-05,108312.1641,13.71252251,-0.7089139199
186,277.2036908,76.66955556,27.90964241,64.50679982,0.7565359584,126.5157109,6.556939602,298.1891479,0,225,609.2636719,9.999999747e-05,108345.7891,12.47828484,-0.6757084897
186.1999969,260.2154169,78.60856339,27.03710443,63.04870687,0.8063805918,138.8947529,6.60860157,297.940094,0.5139030218,112.5,532.8085938,9.999999747e-05,108362.7734,12.59476376,-0.6591776544
186.3999939,240.8927706,83.42383812,26.61882242,62.3639999,0.8140760292,142.4593797,6.6307621,298.8963318,1.030745625,56.25,159.8425751,549.5481567,108373.9062,12.50912952,-0.6788157941
186.6000061,238.2547687,86.26898868,26.84379803,62.13107328,0.793408548,142.5231667,6.632845879,298.7386169,1.550280452,28.125,489.3670654,54.95481491,108380.3906,12.25624275,-0.6983214243
186.8000031,243.8513613,80.96964902,26.53432843,62.08138999,0.8227235273,143.7992084,6.62443161,298.5234985,2.070947409,14.0625,461.3977051,5.495481491,108381.6953,12.46910667,-0.6865442446
187,241.9238409,81.09502509,26.52589671,62.12370458,0.8168284892,143.0529669,6.610637665,298.3344421,2.591986418,7.03125,416.0665588,0.5495481491,108382.0703,12.41191196,-0.676984667
187.1999969,241.2257192,81.13053332,26.53721974,62.18535335,0.8146156481,142.1790174,6.594428539,298.1628418,3.113217115,3.515625,372.0785828,0.05495481566,108381.9062,12.38598919,-0.6687130622
187.3999939,241.4364579,80.94809078,26.54712176,62.25408197,0.8137902739,141.3979288,6.577377796,298.0122375,3.634513855,1.7578125,326.8401184,0.005495481659,108381.3438,12.37989426,-0.6614481358
187.6000061,242.3522389,80.61071984,26.54646662,62.30183459,0.8156500729,140.9184715,6.56018877,297.8847046,4.155820847,0.87890625,282.2739868,0.0005495481309,108380.4688,12.40380383,-0.6552562789
187.8000031,243.6285959,80.20372805,26.53558547,62.32432677,0.8197925414,140.7571542,6.543121338,298.4148254,4.677125931,0.439453125,84.68219757,305.9321899,108379.3125,12.46707439,-0.6664494397
188,248.2129659,81.15925691,26.87912478,62.47555849,0.8084317926,139.4770076,6.530334949,298.375824,0,0,264.2037964,30.59321976,108376.2031,12.36767197,-0.6787310726
188.1999969,245.1355965,79.43306332,26.65957297,62.77472157,0.8127898449,136.9382012,6.518129349,298.2860718,0,0,262.3234863,3.05932188,108372.7188,12.40624332,-0.6770056793
188.3999939,245.4947922,79.15888624,26.63792913,62.844085,0.8143830611,136.372437,6.506446838,298.1973267,0,0,245.7431488,0.305932194,108369.0234,12.42371178,-0.6730078261
188.6000061,245.7461279,79.20809605,26.62665591,62.88147985,0.8174088862,136.1484636,6.495239735,298.1131287,0,0,226.5318604,0.03059322014,108365.3125,12.45245266,-0.6691684376
188.8000031,245.9044973,79.36507367,26.6174033,62.90400825,0.8208976585,136.083993,6.486249447,298.0409241,0,2.423547268,205.551651,0.003059322014,108362.2422,12.50304604,-0.6656586691
189,245.8080342,79.76292558,26.61944866,62.92245242,0.8236138381,136.0907628,6.481987476,297.9742432,0,8.437438011,185.511734,0.0003059321898,108360.6172,12.55064201,-0.6622829693
189.1999969,245.4303409,80.42265729,26.63129347,62.9256149,0.8253873348,136.2456522,6.482873917,297.8959656,0,16.14768028,164.5871124,9.999999747e-05,108360.7344,12.56586075,-0.6582607221
189.3999939,244.8478779,81.22348605,26.64387187,62.89034889,0.8271441494,136.7120001,6.489198208,298.2108459,0,23.50158691,49.37613297,192.2128906,108362.8359,12.61347771,-0.6634291726
189.6000061,244.227528,82.72280531,26.81568622,62.88477876,0.819437964,136.8529482,6.498954773,298.1735229,0,28.32431221,154.6930695,19.22128868,108366.4922,12.56533527,-0.6690730531
189.8000031,243.9380125,82.24729211,26.74914664,62.98826264,0.8134962215,135.8213378,6.509197712,298.1011658,0,29.25057793,147.3614502,1.922128916,108370.0234,12.51368046,-0.6645110056
190,243.0958695,82.71449767,26.73542784,62.87193704,0.8153502748,136.7868085,6.517268181,298.0294189,0,26.08913422,129.1854553,0.1922128946,108373.5,12.52680397,-0.6593736233
190.1999969,242.3111355,83.06617517,26.73618324,62.77850596,0.816615168,137.5330592,6.520129204,297.9553528,0,19.70808601,108.7667694,0.01922128908,108376.0312,12.51039028,-0.6546444562
190.3999939,242.3274918,83.02125636,26.73440028,62.7102748,0.8196480976,138.1041415,6.517316818,297.8836365,0,12.19284248,84.86179352,0.001922128955,108377.1562,12.5150919,-0.6503379581
190.6000061,242.7593011,82.82274674,26.74043293,62.68612078,0.8229237593,138.3468302,6.50979948,298.0378113,0,5.804529667,25.45853806,111.1469574,108376.8125,12.51975536,-0.6522611936
190.8000031,243.5661369,82.84493563,26.82333853,62.74949451,0.8214364073,137.8455893,6.500034332,297.98172,0,2.420385122,74.83076477,11.11469555,108375.3438,12.47755814,-0.6548534833
191,244.1849651,81.88867959,26.74692753,62.76117295,0.8252680013,137.7293382,6.491028309,297.9107666,0,2.934664726,55.74121475,1.111469626,108373.6406,12.51857185,-0.6519353268
191.1999969,244.1502102,81.97422524,26.75227604,62.78521387,0.8274402843,137.6342412,6.485109806,298.004303,0,7.04156971,16.72236443,80.8524704,108372.7578,12.54484177,-0.6527682186
191.3999939,244.082517,82.3165986,26.80348316,62.83265321,0.8258758667,137.3147799,6.483841896,297.948822,0,13.50828934,46.17864227,8.08524704,108373.3047,12.55792904,-0.6535366389
191.6000061,243.9292241,82.30410638,26.77205043,62.85605049,0.8258798236,137.1251955,6.487036228,298.0733337,0,20.47674942,13.85359287,96.44091034,108375.1641,12.56769466,-0.6545870062
191.8000031,243.759992,82.86128255,26.82199373,62.86429523,0.8227407718,137.0822859,6.494256973,298.0188293,0,26.16769981,55.30136108,9.644091606,108378.4297,12.56558514,-0.6551469377
192,243.3100503,83.03662593,26.78986198,62.86873737,0.8207835791,136.9900361,6.502606869,297.9473877,0,28.97140121,38.31377029,0.9644091129,108382.2891,12.54077148,-0.650566232
192.1999969,242.7378305,83.52700509,26.79506287,62.80935256,0.8209736922,137.4877967,6.510112286,297.9921875,0,28.44442749,11.49413109,56.63916779,108386.3203,12.53205204,-0.6485261637
192.3999939,242.4545622,83.9020946,26.82863845,62.78350746,0.8189086443,137.6600843,6.515167236,297.9317017,0,24.92165375,25.51267052,5.663916588,108389.8281,12.50450897,-0.6468760174
192.6000061,242.3712986,83.75308127,26.80372326,62.73877696,0.8201263621,138.0038735,6.516341686,298.0010376,0,19.3822155,7.653800964,68.51236725,108392.2188,12.49561691,-0.6461520503
192.8000031,242.7141069,83.65486614,26.83123236,62.73643457,0.8195613813,137.9961793,6.513571262,297.941925,0,13.37794209,29.46126175,6.851236343,108393.3125,12.47772408,-0.6457748385
193,243.0538459,83.13985851,26.797081,62.72060431,0.82234046,138.1279558,6.507519722,298.026001,0,8.482366562,8.838378906,76.13018036,108393.1641,12.48007774,-0.6461827808
193.1999969,243.6352642,82.91796128,26.8240903,62.7468486,0.8226459515,137.9249217,6.50011301,297.9666443,0,6.005368233,36.10980988,7.613018036,108392.3359,12.48163414,-0.6467724449
193.3999939,243.8840325,82.40778809,26.78291261,62.76058546,0.8251231797,137.8197791,6.493207932,297.8981628,0,6.485085964,15.97586346,0.7613017559,108391.3906,12.4981451,-0.6437182443
193.6000061,243.8524979,82.46786776,26.78829529,62.7731475,0.8272095481,137.8071847,6.488285542,297.9152832,0,9.720809937,4.792758942,42.04584503,108391.0078,12.50575161,-0.6425169937
193.8000031,243.8494089,82.5528261,26.79911487,62.79690442,0.8273260955,137.6582033,6.486610889,297.8490906,0,14.92055988,1.437827706,9.999999747e-05,108391.7109,12.5218935,-0.6410669197
194,243.6213789,82.71688191,26.79304735,62.79935175,0.8280491581,137.6866266,6.488620281,297.8953857,0,20.78601074,0.4313483238,55.75065613,108393.7812,12.55025578,-0.6400085857
194.1999969,243.389346,83.03533131,26.80872027,62.81946943,0.8258727478,137.5115301,6.493129253,297.8297119,0,25.84589577,0.1294045001,9.999999747e-05,108396.8906,12.53316498,-0.6386048388
194.3999939,243.1225148,83.27915771,26.79706905,62.7903665,0.8261727079,137.7655252,6.499713898,297.8957214,0,29.10585403,0.03882135078,65.46461487,108400.8984,12.55072689,-0.6374467232
194.6000061,242.7844138,83.65631871,26.81540605,62.79246385,0.8230611321,137.6966449,6.5065732,297.8300171,0,29.73305511,0.01164640486,9.999999747e-05,108405.1953,12.52654171,-0.6361751927
194.8000031,242.5329391,83.78833702,26.80102427,62.74728503,0.8234630069,138.0548874,6.512125969,297.9055481,0,27.62228203,0.003493921366,70.22170258,108409.2266,12.52575493,-0.6351875069
195,242.4029661,83.92188104,26.81882078,62.74208471,0.8211245484,138.0351646,6.51514101,297.8397522,0,23.29556465,0.001048176433,9.999999747e-05,108412.4766,12.50023746,-0.6343756306
195.1999969,242.5012024,83.73649707,26.80274598,62.70535986,0.8229050457,138.3397373,6.514732838,297.9160767,0,17.76697731,0.0003144529182,70.66223907,108414.6094,12.50390339,-0.633859942
195.3999939,242.7762863,83.56625275,26.82032894,62.71732534,0.822051664,138.2030538,6.510932922,297.8502502,0,12.40490246,9.999999747e-05,9.999999747e-05,108415.5156,12.48239517,-0.6336607982
195.6000061,243.1523353,83.19112644,26.80180466,62.70402177,0.8250710398,138.3514311,6.504738808,297.92276,0,8.562953949,9.999999747e-05,68.77638245,108415.4297,12.49152756,-0.6336713658
195.8000031,243.5509749,82.93224748,26.81260947,62.73318034,0.825148992,138.106202,6.497992992,297.8569336,0,7.195572376,9.999999747e-05,9.999999747e-05,108414.9141,12.496521,-0.6338353271
196,243.683281,82.6986771,26.79577905,62.74087684,0.8274946396,138.0939603,6.492475033,297.9248047,0,8.520612717,9.999999747e-05,66.49334717,108414.6875,12.5341177,-0.6339369451
196.1999969,243.7674798,82.65921655,26.80779338,62.78041105,0.8265512454,137.7692323,6.489562511,297.8589478,0,12.04711914,9.999999747e-05,9.999999747e-05,108415.1719,12.54679489,-0.6338305674
196.3999939,243.6091765,82.70324282,26.79703214,62.78670039,0.8275556791,137.7601455,6.489788532,297.9237366,0,16.73392296,9.999999747e-05,64.9432373,108416.6562,12.5695591,-0.6333971021
196.6000061,243.5006991,82.90829435,26.81135208,62.81028066,0.8256364877,137.5564169,6.493008614,297.8578491,0,21.32847786,9.999999747e-05,9.999999747e-05,108419.125,12.56706333,-0.6325944859
196.8000031,243.2030934,83.13120487,26.80294793,62.79481217,0.8257505448,137.698085,6.498345375,297.9215393,0,24.63522148,9.999999747e-05,64.38536072,108422.4141,12.57803154,-0.6315354139
197,242.9553334,83.4444733,26.81894695,62.79728897,0.8231003496,137.6362083,6.504561424,297.8556519,0,25.80987167,9.999999747e-05,9.999999747e-05,108426.1094,12.56412125,-0.6302931809
197.1999969,242.6648239,83.60661595,26.80765,62.76130879,0.8232751851,137.9211498,6.50980711,297.9196777,0,24.5019207,9.999999747e-05,64.55673218,108429.6953,12.56192589,-0.6290896306
197.3999939,242.5457226,83.74117416,26.82203132,62.75341052,0.8212455075,137.9325553,6.512150288,297.8537903,0,21.10175323,9.999999747e-05,9.999999747e-05,108432.5,12.51948547,-0.6280527319
197.6000061,242.6987146,83.55906545,26.80319173,62.71392111,0.8234116674,138.2728185,6.511611462,297.9187622,0,16.7707653,9.999999747e-05,65.01374817,108434.4141,12.52620411,-0.6272923019
197.8000031,242.9130321,83.42911339,26.81774177,62.72507377,0.8226421379,138.149583,6.508039474,297.8529053,0,12.65550423,9.999999747e-05,9.999999747e-05,108435.2344,12.49127293,-0.6268324138
198,243.2726693,83.09375606,26.79705641,62.70659371,0.8257557799,138.3464905,6.502865791,297.9187622,0,9.969797134,9.999999747e-05,65.42087555,108435.3594,12.50916386,-0.6266189508
198.1999969,243.5482108,82.91505644,26.80842987,62.7356793,0.8254659071,138.099486,6.49755764,297.8529053,0,9.348956108,9.999999747e-05,9.999999747e-05,108435.2656,12.51167011,-0.6265195139
198.3999939,243.6374776,82.73871015,26.79263876,62.73860448,0.8275664586,138.1224102,6.493276596,297.9192505,0,10.8468132,9.999999747e-05,65.63524628,108435.375,12.52930641,-0.6264446925
198.6000061,243.7480735,82.71026267,26.80228537,62.76810189,0.8268054667,137.8818089,6.490979671,297.8533936,0,14.05321884,9.999999747e-05,9.999999747e-05,108436.0312,12.52687168,-0.626191425
198.8000031,243.6462376,82.73263302,26.78900404,62.76589245,0.8280692627,137.9429978,6.490994453,297.9197998,0,18.17523956,9.999999747e-05,65.64968872,108437.5,12.5406847,-0.6257646729
199,243.5886383,82.90128116,26.80143261,62.78577726,0.8264124407,137.7720132,6.493274689,297.8539429,0,22.28998566,9.999999747e-05,9.999999747e-05,108439.7969,12.53374195,-0.62506245
199.1999969,243.3588182,83.06695135,26.7905323,62.76911396,0.8269009062,137.9297153,6.496348381,297.920166,0,25.49271202,9.999999747e-05,65.55409241,108442.6562,12.51975346,-0.6242396396
199.3999939,243.3052954,83.26485466,26.80020879,62.76846199,0.8252788433,137.9170961,6.500745773,297.8543396,0,27.47057915,9.999999747e-05,9.999999747e-05,108446.0469,12.51945496,-0.6232480346
199.6000061,243.026576,83.42178443,26.79008174,62.74331963,0.8254756819,138.1218278,6.505708694,297.9203186,0,27.68768883,9.999999747e-05,65.43606567,108449.7266,12.53467941,-0.6222159306
199.8000031,242.8201813,83.63522295,26.80708917,62.7449465,0.8229923385,138.0562829,6.509474754,297.8544312,0,25.92206764,9.999999747e-05,9.999999747e-05,108453.1094,12.50720501,-0.6211963067
200,242.7790559,83.58290863,26.79162129,62.7082586,0.8242978427,138.3595944,6.511129856,297.9202576,0,22.65578079,9.999999747e-05,65.35945129,108455.8438,12.50546741,-0.6203196525
200.1999969,242.8814815,83.54418239,26.80600403,62.71164683,0.8231249121,138.2933009,6.510401249,297.8544006,0,18.73041153,9.999999747e-05,9.999999747e-05,108457.7188,12.48275566,-0.6196423662
200.3999939,243.0873167,83.2997694,26.78964453,62.68968979,0.8254146862,138.4972437,6.50744772,297.9201965,0,15.09764099,9.999999747e-05,65.33153534,108458.7188,12.4859457,-0.6191945366
200.6000061,243.3772053,83.12743225,26.80169718,62.70787148,0.8250833518,138.3314908,6.503160477,297.8543396,0,12.64594364,9.999999747e-05,9.999999747e-05,108459.0781,12.47522545,-0.6189113059
200.8000031,243.5710826,82.88436025,26.78477698,62.70193877,0.8274969726,138.421372,6.498237133,297.9201965,0,11.90639687,9.999999747e-05,65.33052063,108459.0312,12.47428036,-0.6187733145
201,243.8338763,82.74507181,26.79178034,62.7247774,0.8273961377,138.2372697,6.494548321,297.8543701,0,13.13402081,9.999999747e-05,9.999999747e-05,108459.2969,12.49951363,-0.6185799487
201.1999969,243.7351723,82.7075788,26.78168461,62.73345927,0.8285308583,138.2012396,6.492351055,297.9202271,0,15.83100128,9.999999747e-05,65.33974457,108460.0781,12.51236725,-0.6183428782
201.3999939,243.7774609,82.76680316,26.79191239,62.75668271,0.8274318508,138.0095455,6.491863251,297.8544006,0,19.40604782,9.999999747e-05,9.999999747e-05,108461.4844,12.5030508,-0.6178860755
201.6000061,243.6553464,82.83218518,26.77829404,62.74595674,0.8285358897,138.1341482,6.493139267,297.9202881,0,23.17538834,9.999999747e-05,65.33230591,108463.6641,12.51610374,-0.6172887545
201.8000031,243.5711012,83.0296163,26.79090522,62.76029267,0.8267346979,138.0033164,6.496166706,297.8544617,0,26.43397713,9.999999747e-05,9.999999747e-05,108466.5859,12.51276112,-0.6164809549
202,243.3330201,83.18611133,26.77982453,62.73962874,0.8271552419,138.1854335,6.500406265,297.9203491,0,28.48135376,9.999999747e-05,65.3264389,108470.0781,12.52701664,-0.6155591543
202.1999969,243.139965,83.43291981,26.79515379,62.74431844,0.8247851662,138.1085071,6.504858017,297.8544922,0,28.83472443,9.999999747e-05,9.999999747e-05,108473.7578,12.5109005,-0.6145440927
202.3999939,242.9589025,83.50186362,26.78197678,62.71145838,0.8254718849,138.3762326,6.508333683,297.9203491,0,27.41049767,9.999999747e-05,65.32631683,108477.2188,12.50992775,-0.6135779174
202.6000061,242.9123306,83.58709101,26.79623621,62.71100856,0.8237559834,138.3367543,6.510017872,297.8544922,0,24.59990311,9.999999747e-05,9.999999747e-05,108480.0859,12.48267555,-0.6127214487
202.8000031,242.9947585,83.43766283,26.78040543,62.6808711,0.8255474964,138.595801,6.509531021,297.9203796,0,21.11844254,9.999999747e-05,65.3249588,108482.1641,12.479846,-0.6120524621
203,243.1973331,83.33110233,26.7936359,62.69082161,0.8248276767,138.4873059,6.507233143,297.8545532,0,17.83310318,9.999999747e-05,9.999999747e-05,108483.4375,12.46121502,-0.6115583811
203.1999969,243.404963,83.08518917,26.77733071,62.67611449,0.8271665529,138.63865,6.503479481,297.9204712,0,15.46579361,9.999999747e-05,65.31671906,108484.0547,12.46183491,-0.6112474371
203.3999939,243.680564,82.93172341,26.78732381,62.69634046,0.826921323,138.4647563,6.499155045,297.8546448,0,14.59902382,9.999999747e-05,9.999999747e-05,108484.2656,12.44628239,-0.6110230854
203.6000061,243.8233947,82.73772111,26.76947971,62.68989464,0.8292246772,138.5631203,6.495358467,297.9205627,0,15.4591732,9.999999747e-05,65.29169464,108484.5859,12.46804333,-0.6108463606
203.8000031,243.9267544,82.71443985,26.78064628,62.71902015,0.828348744,138.3212645,6.492806911,297.8547668,0,17.83432579,9.999999747e-05,9.999999747e-05,108485.3359,12.46999645,-0.6105791746
204,243.8565839,82.70163562,26.76704676,62.71625813,0.829695073,138.3842718,6.43496418,298.1620483,0,21.22777939,9.999999747e-05,65.26802063,108486.8125,1,-0.6130262884
204.1999969,254.1731633,76.51945107,25.96508428,60.96136549,0.9045510241,153.7396866,6.44498539,298.0518494,0,47.94358063,101.0606613,6.52680254,108492.9375,13.15674877,-0.6236648065
204.3999939,245.754465,82.48949565,26.69991333,63.0294994,0.8282772357,136.3939656,6.443881035,298.0501709,0,70.25154877,66.81941223,0.6526802182,108503.75,1,-0.6183315739
204.6000061,254.173299,76.51951659,25.96509013,60.96138013,0.9045495162,153.739596,6.47744894,297.9494629,0,93.254776,69.01223755,0.0652680248,108519.4766,13.30682755,-0.614735112
204.8000031,243.2505219,85.71557414,26.69320759,62.87608291,0.8215376832,137.8209344,6.449817181,298.3595276,0,102.6815109,20.7036705,108.9233093,108538.7188,1,-0.6173505619
205,254.1734277,76.51950534,25.96509126,60.961394,0.9045492952,153.73956,6.49232626,298.2421875,0,123.472702,161.0448456,10.89233112,108560.5625,13.37255096,-0.6272562669
205.1999969,244.2908001,89.49628801,26.83101023,63.32090069,0.7976502088,135.3182883,6.399441242,298.7084656,0,126.8344269,130.9701385,1.089233041,108585.0234,1,-0.6363953986
205.3999939,254.1749399,76.52055378,25.96517585,60.96155739,0.9045272036,153.738338,6.444906235,298.517334,0,168.0187073,301.7977295,0.1089233086,108615.9766,13.44626045,-0.6485268818
205.6000061,259.4158583,93.34599868,27.50021991,64.72151144,0.7661361991,127.7361789,6.365628242,298.9702759,0,190.1297607,258.9240417,0.01089233067,108649.9844,1,-0.6520413785
205.8000031,254.1821784,76.52008685,25.96525037,60.96232807,0.9045112206,153.7361635,6.410951138,298.7657166,0,225,436.0230713,0.00108923309,108692.7656,13.5611105,-0.6662976742
206,270.4061882,93.36624258,27.87489111,65.16078989,0.7537943995,124.6928438,6.345342159,299.130188,0,225,398.4353943,0.0001089233119,108731.2344,1,-0.6620988371
206.1999969,254.1930191,76.51801803,25.96527953,60.9634788,0.9045096717,153.733825,6.388204575,298.8050537,0,225,554.4299316,9.999999747e-05,108774.0156,13.48748112,-0.6728169049
206.3999939,278.8064757,88.57269676,27.7738316,64.65192621,0.7660403389,126.4894477,6.333611012,299.0483704,0,225,481.9028931,9.999999747e-05,108809.8594,1,-0.6584060698
206.6000061,254.1960244,76.51743853,25.9652873,60.96379473,0.9045093444,153.7331876,6.383205891,298.5969543,0,225,598.4834595,9.999999747e-05,108852.7109,13.4217186,-0.663578322
206.8000031,278.2470951,84.80724471,27.46573409,63.90199451,0.7872728134,131.4287805,6.444404602,298.1609497,0,225,480.2271118,9.999999747e-05,108888.6328,12.45588398,-0.625325974
207,268.9234934,83.12902585,27.05097407,63.4128334,0.807771435,137.2502529,6.506362438,297.8221741,0,225,355.577301,9.999999747e-05,108927.125,12.62206936,-0.6012869132
207.1999969,252.2137574,85.08033717,26.63862802,62.65748714,0.8329318774,141.7883241,6.56849575,298.4372253,0,222.9675598,106.6731949,383.7688599,108969.7656,12.82550716,-0.6048899587
207.3999939,241.4273753,91.9401501,26.38127768,62.54490995,0.8228435754,141.0004766,6.599707127,298.1823425,0.5149328709,111.4837799,314.7351379,38.37688446,108993.1094,12.43277836,-0.6107091423
207.6000061,237.0785169,86.70106072,26.55214822,62.35295419,0.8130056632,141.9471423,6.608295441,297.9301453,1.033854485,55.74188995,238.5825043,3.837688684,109004.8047,12.17996788,-0.5976363574
207.8000031,237.2477751,84.16791146,26.43201661,61.93795176,0.8308517748,144.6265048,6.603467941,298.3308716,1.55415988,27.87094498,71.57475281,264.4889221,109010.4453,12.23526287,-0.6003340778
208,241.8716779,83.34236568,26.60881407,61.93564362,0.8235970761,144.4243522,6.592476368,298.1468506,2.075084448,13.93547249,209.1003113,26.44889259,109012.0156,12.13997841,-0.6042367
208.1999969,242.3279958,81.66073457,26.50996302,61.98936068,0.8307370578,143.9551272,6.578546047,297.9644775,2.596153736,6.967736244,155.0072021,2.644889355,109011.6094,12.18282986,-0.5962267621
208.3999939,243.7434974,81.28188282,26.49960547,61.98557945,0.8352596125,144.0690716,6.563456059,297.8241272,3.117314577,3.483868122,98.9793396,0.2644889355,109010.3359,12.21719456,-0.5892632101
208.6000061,245.0996088,81.02469348,26.50194462,61.99861374,0.8399211941,144.092221,6.548103809,297.9988098,3.638498545,1.741934061,29.69380188,130.6682281,109008.5391,12.26242161,-0.5905940129
208.8000031,246.4675676,80.98911642,26.58945611,62.09463068,0.8372072296,143.3007913,6.534499645,297.8990173,0,0,84.41762543,13.06682205,109005.2266,12.23158932,-0.5927748613
209,245.7977022,80.89562443,26.53189274,62.16177561,0.844386265,142.9095879,6.521563053,298.170166,0,0,25.32528687,178.2185669,109001.8281,12.28492737,-0.597658575
209.1999969,246.5825645,81.02575283,26.61551539,62.26085716,0.8405860786,142.0864356,6.509241581,298.0531006,0,0,115.8254776,17.82185745,108998.125,12.25634956,-0.6017015038
209.3999939,246.7333588,80.04910412,26.53893971,62.3363704,0.8415160797,141.345956,6.497445107,297.9253845,0,0,79.78536987,1.782185674,108993.8359,12.23822784,-0.5966914526
209.6000061,246.8680945,80.25102139,26.53963914,62.32937839,0.8456334203,141.5637054,6.486744881,298.0481567,0,1.541300178,23.93561172,103.7575302,108990,12.2861805,-0.5971729237
209.8000031,246.9157438,80.53883124,26.59268237,62.37843108,0.8445241621,141.2469964,6.478729725,297.9521484,0,7.360672474,64.45681,10.37575245,108987.375,12.29673386,-0.5982000316
210,246.9588907,80.29811784,26.5536747,62.42076828,0.8454299029,140.9034434,6.474691391,297.864502,0,16.3808918,32.21537399,1.037575245,108986.5781,12.34171963,-0.5940475252
210.1999969,246.5621175,80.79680314,26.57065003,62.41813298,0.8465674403,141.0587088,6.475066662,297.9155273,0,27.0119381,9.664611816,61.60744095,108988.25,12.38594341,-0.5929432741
210.3999939,246.2956799,81.25039597,26.59692888,62.43629095,0.8449136116,140.9686851,6.479485512,297.8477478,0,37.4911232,2.899383783,9.999999747e-05,108992.2188,12.4008894,-0.591797876
210.6000061,245.9981829,81.62463132,26.59254646,62.41469222,0.8449272885,141.1866774,6.487464428,297.9150085,0,46.2036972,0.8698151112,66.44413757,108998.1875,12.42928219,-0.5906310927
210.8000031,245.6768495,82.10956745,26.60427395,62.41202965,0.8422414621,141.2019045,6.497272015,297.8491821,0,51.72590256,0.2609445155,9.999999747e-05,109005.4609,12.41941833,-0.589231624
211,245.2639227,82.43782626,26.59122032,62.36708702,0.8418892918,141.5534963,6.507501125,297.9180603,0,53.3305397,0.07828336209,66.98155212,109013.2812,12.42006588,-0.5877956223
211.1999969,244.7986671,82.8050916,26.60132154,62.3521389,0.8390555124,141.6193583,6.517114639,297.8523254,0,50.84790802,0.02348500863,9.999999747e-05,109020.8516,12.39695454,-0.5863964642
211.3999939,244.4580151,82.86746256,26.58953749,62.30595309,0.8391430299,141.9499801,6.524563789,297.9201965,0,44.52320099,0.007045502309,66.50128937,109027.3438,12.38937855,-0.5851062325
211.6000061,244.2207867,82.8950918,26.60602066,62.2973964,0.837123536,141.9447471,6.526889324,297.8544617,0,35.2240448,0.002113650786,9.999999747e-05,109031.8516,12.33043289,-0.5841580806
211.8000031,244.6008751,82.48858982,26.59419406,62.26237115,0.8396806497,142.2271019,6.524524689,297.9209595,0,25.00452423,0.0006340952241,65.80670166,109034.0703,12.31450748,-0.5835236141
212,245.0361995,82.15179253,26.61117323,62.27709176,0.8398176259,142.0746548,6.518305302,297.8552246,0,15.72988796,0.0001902285585,9.999999747e-05,109034.1328,12.28446674,-0.583294425
212.1999969,245.5970935,81.68493556,26.59935965,62.27316171,0.8429012652,142.1351226,6.509707928,297.9207458,0,8.940552711,9.999999747e-05,65.2983017,109032.6328,12.29862595,-0.5833374564
212.3999939,246.0084282,81.38529318,26.61047498,62.30708413,0.8431709171,141.8468367,6.499975681,297.855072,0,5.585772991,9.999999747e-05,9.999999747e-05,109030.125,12.27894688,-0.5835992639
212.6000061,246.3190381,81.08087651,26.59339945,62.31174613,0.8458232279,141.8563531,6.490758896,297.9201965,0,6.119877338,9.999999747e-05,65.07766724,109027.5312,12.29592323,-0.5839326166
212.8000031,246.5077265,80.94370589,26.59791919,62.34638785,0.84574775,141.584516,6.483308792,297.8545532,0,10.3353548,9.999999747e-05,9.999999747e-05,109025.625,12.30143452,-0.5841836127
213,246.4896478,80.90263166,26.58536327,62.35715985,0.8471698695,141.5522124,6.478988171,297.9197083,0,17.52676964,9.999999747e-05,65.07810974,109025.2969,12.34986877,-0.5842452713
213.1999969,246.4338108,81.0429659,26.59581646,62.39407795,0.8458541114,141.2720132,6.477487087,297.8540649,0,26.44175339,9.999999747e-05,9.999999747e-05,109026.6719,12.35019588,-0.5839968894
213.3999939,246.3256093,81.20250366,26.58406748,62.38804908,0.8467218093,141.3787684,6.47937727,297.9194641,0,35.95810318,9.999999747e-05,65.1825943,109030.1016,12.38710594,-0.583443759
213.6000061,246.2141385,81.5245672,26.59291411,62.40249056,0.8449753585,141.2850514,6.484066963,297.8537903,0,44.71615219,9.999999747e-05,9.999999747e-05,109035.3906,12.39549446,-0.5825561595
213.8000031,245.980333,81.81573213,26.58101565,62.37633984,0.8451503774,141.5267799,6.490000725,297.9194336,0,51.60010529,9.999999747e-05,65.30001068,109042.1484,12.40324402,-0.5815003738
214,245.793294,82.17301008,26.58542479,62.36844963,0.8433051444,141.5948622,6.496765137,297.8537292,0,56.11540222,9.999999747e-05,9.999999747e-05,109049.9219,12.39513969,-0.5803254076
214.1999969,245.5163174,82.38646488,26.57023747,62.32925699,0.843552805,141.9109425,6.504178047,297.9194946,0,57.92610931,9.999999747e-05,65.36994171,109058.2578,12.4052515,-0.5791132688
214.3999939,245.1602929,82.69646723,26.57961405,62.32349474,0.8411601677,141.9196422,6.511057377,297.8537903,0,56.77213669,9.999999747e-05,9.999999747e-05,109066.5078,12.38277149,-0.5779176487
214.6000061,244.925281,82.73181062,26.56712882,62.28488999,0.8416200935,142.2038084,6.516494274,297.9195862,0,52.87036133,9.999999747e-05,65.39702606,109074.0547,12.37554741,-0.5768077016
214.8000031,244.7190283,82.80137767,26.58158161,62.28418503,0.8397813456,142.1534288,6.519116879,297.8538818,0,46.79689026,9.999999747e-05,9.999999747e-05,109080.3359,12.3340807,-0.5759025397
215,244.8618678,82.54467488,26.57191348,62.25574073,0.8414622734,142.3703114,6.519087315,297.9196777,0,39.67887497,9.999999747e-05,65.38758087,109085.0547,12.32278824,-0.5751922788
215.1999969,245.027042,82.36956282,26.5891458,62.26925634,0.8407597946,142.2206075,6.517104626,297.8540039,0,32.57244873,9.999999747e-05,9.999999747e-05,109088.2578,12.30259228,-0.5746976634
215.3999939,245.3222467,82.04190738,26.58192247,62.26030268,0.8427711336,142.2975544,6.513063908,297.9197693,0,26.25697517,9.999999747e-05,65.36367035,109090.0156,12.2990551,-0.5743774826
215.6000061,245.6292501,81.81690758,26.59552098,62.28245079,0.842620452,142.0962902,6.507301331,297.8540955,0,21.55838585,9.999999747e-05,9.999999747e-05,109090.5703,12.27336884,-0.5742383243
215.8000031,245.9638253,81.50974801,26.58253955,62.27844393,0.8450511436,142.159115,6.500742435,297.9198608,0,19.16387177,9.999999747e-05,65.32571411,109090.4375,12.277174,-0.5742311467
216,246.2262572,81.34368899,26.59007387,62.30452553,0.8450115792,141.945836,6.494895458,297.8542175,0,19.38995171,9.999999747e-05,9.999999747e-05,109090.3359,12.29337025,-0.5742444122
216.1999969,246.2772606,81.23655215,26.58053221,62.31249761,0.8463700873,141.9143375,6.489639282,297.9199219,0,21.95005035,9.999999747e-05,65.29746246,109090.6562,12.30245972,-0.5742559203
216.3999939,246.4140794,81.20973964,26.58495872,62.33486627,0.8460164345,141.7479914,6.485950947,297.8542786,0,26.61291885,9.999999747e-05,9.999999747e-05,109091.9062,12.31742382,-0.574133232
216.6000061,246.3694828,81.2392022,26.57383778,62.3349694,0.84709754,141.7920957,6.483690739,297.9199829,0,32.74787521,9.999999747e-05,65.27051544,109094.3906,12.33719444,-0.5739091903
216.8000031,246.4111292,81.36449223,26.57801775,62.35079309,0.8462933136,141.6908935,6.482407093,297.8543396,0,39.78722,9.999999747e-05,9.999999747e-05,109098.2031,12.33534241,-0.5735348848
217,246.3950916,81.4525698,26.5613895,62.3328417,0.8476073475,141.8913574,6.482565403,297.9200134,0,47.34131241,9.999999747e-05,65.24517822,109103.5859,12.36285782,-0.573056326
217.1999969,246.3995424,81.67851109,26.56398958,62.33966608,0.8465858541,141.8724184,6.483537674,297.8543701,0,54.8305397,9.999999747e-05,9.999999747e-05,109110.4766,12.36540413,-0.5724499948
217.3999939,246.3644853,81.81082881,26.54477453,62.30997249,0.847819106,142.1616379,6.487387657,297.9199829,0,61.93284607,9.999999747e-05,65.23143768,109119.0391,12.41239166,-0.5716683238
217.6000061,246.1850704,82.17279669,26.55010309,62.3135564,0.845933346,142.1510645,6.490886688,297.8543396,0,67.48821259,9.999999747e-05,9.999999747e-05,109128.7422,12.39764786,-0.5707863727
217.8000031,246.1106193,82.29033464,26.52883878,62.27236342,0.8471170088,142.5090672,6.494832039,297.9199219,0,71.65439606,9.999999747e-05,65.23402405,109139.3672,12.41659355,-0.5698846202
218,245.9422396,82.57625262,26.53269811,62.27163698,0.8454908561,142.5210284,6.498601437,297.8542786,0,74.23985291,9.999999747e-05,9.999999747e-05,109150.5781,12.40614605,-0.5689885403
218.1999969,245.8235979,82.63099449,26.51508649,62.23550797,0.8464590301,142.8125241,6.503705978,297.9198914,0,75.31963348,9.999999747e-05,65.24726105,109162.1797,12.42903328,-0.5680319451
218.3999939,245.5044915,82.90234088,26.52476578,62.24096546,0.8442490912,142.7408241,6.509304523,297.854187,0,74.35261536,9.999999747e-05,9.999999747e-05,109173.75,12.41697598,-0.5670288976
218.6000061,245.2728834,82.91369268,26.51280722,62.2081483,0.8447193846,142.971062,6.514117718,297.9197998,0,71.14873505,9.999999747e-05,65.27370453,109184.7422,12.4133234,-0.5660312327
218.8000031,245.006433,83.01836003,26.52701451,62.21360585,0.8427545322,142.8758295,6.517746925,297.854126,0,66.02380371,9.999999747e-05,9.999999747e-05,109194.75,12.38513947,-0.565136546
219,244.9816893,82.82397258,26.5202202,62.1878296,0.8437907418,143.0490816,6.520495892,297.9197693,0,59.44844437,9.999999747e-05,65.29632568,109203.4531,12.38431549,-0.5642946039
219.1999969,244.8641266,82.76531163,26.54054649,62.20183969,0.8421412806,142.8765849,6.52022934,297.8540955,0,51.77262115,9.999999747e-05,9.999999747e-05,109210.4531,12.33735847,-0.5636582633
219.3999939,245.1817305,82.38520671,26.5347468,62.18408274,0.8442469182,143.0108719,6.518416405,297.9197998,0,44.21060181,9.999999747e-05,65.30612946,109215.7891,12.33711147,-0.5631471975
219.6000061,245.3554673,82.18791328,26.55483176,62.20818574,0.8434867972,142.7766097,6.515675545,297.8540955,0,37.36920166,9.999999747e-05,9.999999747e-05,109219.6719,12.3239212,-0.5627827068
219.8000031,245.6343344,81.87350558,26.5501947,62.20511593,0.8453052277,142.8028319,6.511828899,297.9198303,0,31.62209129,9.999999747e-05,65.3117218,109222.2969,12.32922363,-0.5625007998
220,245.8650655,81.69105811,26.56489444,62.23001996,0.8448739706,142.5777059,6.506759167,297.8541565,0,27.41441917,9.999999747e-05,9.999999747e-05,109223.875,12.30899811,-0.5623394071
220.1999969,246.157778,81.42259111,26.55434988,62.22683174,0.847009597,142.6281809,6.501104355,297.9199219,0,25.2350235,9.999999747e-05,65.30023956,109224.8516,12.31597805,-0.5622641476
220.3999939,246.3785401,81.29005779,26.56274359,62.25143509,0.8467917354,142.4256436,6.495607853,297.854248,0,25.31563187,9.999999747e-05,9.999999747e-05,109225.7266,12.31420898,-0.5622249685
220.6000061,246.5105161,81.15669796,26.55111764,62.25158675,0.8484621653,142.4602932,6.4903512,297.9200134,0,27.59238052,9.999999747e-05,65.28022003,109226.9297,12.32362938,-0.5622000063
220.8000031,246.6633275,81.12522378,26.55501497,62.2719747,0.8481824967,142.3124078,6.486437798,297.8543701,0,31.97162819,9.999999747e-05,9.999999747e-05,109229.0078,12.33961105,-0.5620879991
221,246.6649779,81.13409568,26.54339589,62.26980574,0.849380104,142.3749621,6.483777523,297.9200745,0,37.91261292,9.999999747e-05,65.25631714,109232.2969,12.36392403,-0.5618900978
221.1999969,246.7266222,81.24656333,26.54644605,62.28443751,0.8486983706,142.2881172,6.483204842,297.8544006,0,44.91785812,9.999999747e-05,9.999999747e-05,109237.0938,12.3869524,-0.5615029114
221.3999939,246.6574489,81.37065494,26.5333722,62.2705108,0.8495897643,142.4463673,6.485787392,297.9200439,0,52.1492691,9.999999747e-05,65.23995972,109243.6016,12.43590832,-0.5608856344
221.6000061,246.5127189,81.67457737,26.53976735,62.27897039,0.8478676671,142.3964369,6.490163326,297.8543396,0,58.34402084,9.999999747e-05,9.999999747e-05,109251.5078,12.44356918,-0.5600293947
221.8000031,246.3301978,81.86617916,26.52471852,62.24790761,0.8483781207,142.6661469,6.497585297,297.9199524,0,62.79262161,9.999999747e-05,65.24655151,109260.6406,12.48300838,-0.5589480495
222,245.9234631,82.2566046,26.53307907,62.24777197,0.845766476,142.6438128,6.364453316,298.5380249,0,64.26822662,9.999999747e-05,9.999999747e-05,109270.0859,1,-0.5797370984
222.1999969,254.1731793,76.52027639,25.96513405,60.96136837,0.9045375214,153.7391351,6.379264355,298.2814636,0,119.4673538,209.7406769,9.999999747e-05,109289.9609,13.04133415,-0.5937997417
222.3999939,255.1616872,84.6956485,26.73989723,62.94661639,0.8411508388,139.6338893,6.341550827,298.4775391,0,167.8070984,136.7704773,9.999999747e-05,109319.1875,1,-0.5860677511
222.6000061,254.1747307,76.52048677,25.96516875,60.96153429,0.9045290106,153.7384593,6.381249428,298.2284546,0,225,216.8861237,9.999999747e-05,109361.0312,13.32859516,-0.5915184413
222.8000031,254.6225333,85.58066261,26.72925603,62.73356796,0.8438212065,141.5323613,6.425418854,298.0109863,0,225,147.3984833,9.999999747e-05,109402.8125,12.84341812,-0.5742716969
223,253.7189594,83.91526267,26.47663564,62.30984634,0.8557939521,144.371475,6.46867466,297.8578186,0,225,82.79776764,9.999999747e-05,109444.8281,12.92590046,-0.5609011846
223.1999969,250.3833321,84.28897114,26.31889201,62.05371434,0.8610490662,145.6556514,6.515440464,297.9727173,0,225,24.83932877,102.812233,109487.875,12.97762394,-0.5556491195
223.3999939,246.2735768,86.9261317,26.24578031,62.0637498,0.8537992301,144.948506,6.562154293,297.8652649,0,219.3287659,60.29847336,10.2812233,109531.0547,12.90863609,-0.5517550893
223.6000061,242.2767383,89.50762006,26.20672281,62.13254484,0.8439880635,143.9315638,6.580979824,298.0768433,0.5161859393,109.6643829,18.08954239,148.2035217,109552.9844,12.5287466,-0.5513854345
223.8000031,240.4053053,85.74503537,26.35813386,61.92572359,0.8341038349,145.0292319,6.583321571,297.9510803,1.035970688,54.83219147,86.83223724,14.82035255,109563.3906,12.28941441,-0.5521612203
224,242.1556109,82.78662837,26.40097956,61.83990785,0.8409384342,145.6144117,6.576331615,297.8427734,1.556500912,27.41609573,44.74474716,1.48203516,109567.2656,12.2638216,-0.5464745256
224.1999969,244.4599026,81.50083594,26.4162611,61.81547797,0.8470904648,145.8426232,6.56526947,297.9194031,2.077429056,13.70804787,13.42342377,77.2409668,109567.7656,12.29443073,-0.5455295744
224.3999939,245.6372585,81.03765567,26.46156763,61.86868906,0.8468387003,145.3837718,6.552165985,297.8500671,2.598433971,6.854023933,4.02702713,9.999999747e-05,109566.5625,12.28769112,-0.5459335909
224.6000061,246.5994401,80.54910824,26.45503074,61.88955274,0.8502036097,145.2629142,6.538221836,297.9317932,3.119517565,3.427011967,1.208108187,73.97337341,109564.3438,12.30414104,-0.5466567594
224.8000031,247.2613534,80.21396915,26.47301006,61.93732793,0.8500387819,144.8480895,6.524902821,297.8657837,0,0,0.3624324501,9.999999747e-05,109560.4609,12.2840147,-0.5475432283
225,247.3845445,80.3421469,26.47198348,61.99137173,0.8550556175,144.5643956,6.512206554,297.9353638,0,0,0.108729735,67.42925262,109556.5469,12.33011341,-0.5482795142
225.1999969,247.5124071,80.26562673,26.48929557,62.0500629,0.8540525195,144.0716056,6.500079632,297.8696289,0,0,0.03261892125,9.999999747e-05,109552.4766,12.32145214,-0.5489794226
225.3999939,247.7238416,80.10163658,26.48013014,62.06983539,0.8557849417,143.9526642,6.488640308,297.9308472,0,0.4873017371,0.009785676375,63.23134995,109548.4453,12.34431648,-0.5494533246
225.6000061,247.9081348,79.96374505,26.48268367,62.10246828,0.8558295646,143.6980677,6.479358196,297.8651123,0,5.549814224,0.00293570268,9.999999747e-05,109545.3125,12.35690689,-0.549807289
225.8000031,247.9203057,79.94230764,26.47403276,62.11696877,0.8569913438,143.6325416,6.472980499,297.9239502,0,14.32028961,0.0008807108388,62.00377655,109543.8359,12.37646198,-0.549919952
226,247.9673566,80.01574885,26.4767228,62.14258808,0.8565246506,143.4630228,6.470227242,297.8582764,0,25.63923073,0.0002642132458,9.999999747e-05,109544.6562,12.4052,-0.5496975313
226.1999969,247.8679719,80.20245002,26.47064995,62.14660562,0.8570308372,143.4916,6.47147131,297.9187012,0,38.05700684,9.999999747e-05,62.76214218,109548.1328,12.44897366,-0.5491644947
226.3999939,247.8125898,80.5008399,26.47597486,62.15906992,0.8557432235,143.4357481,6.476504326,297.8530273,0,49.97550964,9.999999747e-05,9.999999747e-05,109554.1406,12.47542,-0.5482229563
226.6000061,247.6243568,80.81336669,26.46628731,62.13711389,0.8558331179,143.6537945,6.484270573,297.9163513,0,59.88119125,9.999999747e-05,64.20713043,109562.3203,12.50182247,-0.5470555347
226.8000031,247.3887418,81.22135135,26.46855563,62.12936178,0.8539502369,143.7344232,6.494721889,297.850647,0,66.6835022,9.999999747e-05,9.999999747e-05,109572.125,12.5138731,-0.5456349853
227,246.9639605,81.54420447,26.45559898,62.09137545,0.8534964728,144.0269535,6.506698608,297.9163818,0,69.30524445,9.999999747e-05,65.41520691,109582.7422,12.52629185,-0.544124107
227.1999969,246.3557736,81.94682298,26.46099081,62.07943271,0.8506275275,144.0718425,6.51979351,297.8506165,0,67.13990784,9.999999747e-05,9.999999747e-05,109593.3125,12.51766396,-0.5425456494
227.3999939,245.7606317,82.09893133,26.45101507,62.03708637,0.849866626,144.3414492,6.530292511,297.9175415,0,59.73783112,9.999999747e-05,66.03500366,109602.6016,12.49338818,-0.5410870506
227.6000061,245.286105,82.14564889,26.46294445,62.02260077,0.8476535458,144.371945,6.383925438,298.5644836,0,48.14837646,9.999999747e-05,9.999999747e-05,109609.4297,1,-0.5631839493
227.8000031,254.1731407,76.52010823,25.96512345,60.96136421,0.904540364,153.7392579,6.398015976,298.3349915,0,95.61178589,219.5979156,9.999999747e-05,109624.6484,12.97913456,-0.5774824981
228,255.7216834,82.94850667,26.65039954,62.82739724,0.839855008,139.9188105,6.334824085,298.6438293,0,136.4108429,156.7449799,9.999999747e-05,109646.9297,1,-0.5757665725
228.1999969,254.1745653,76.52162816,25.96523507,60.9615186,0.9045109063,153.7377546,6.371647835,298.3844299,0,203.2536011,277.5788879,9.999999747e-05,109684.4609,13.24656582,-0.5845000296
228.3999939,256.8918628,86.85494409,26.89513193,63.0314845,0.832051292,139.6320421,6.333418369,298.6433411,0,225,209.9077301,9.999999747e-05,109726.0469,1,-0.5770277282
228.6000061,254.1765308,76.51979282,25.96515256,60.9617251,0.9045344482,153.7383027,6.377382755,298.3422852,0,225,315.5947266,9.999999747e-05,109768.2969,13.27861023,-0.581784338
228.8000031,257.5860177,86.2200331,26.85390671,62.94067767,0.8334202037,140.2391954,6.435549736,298.0900879,0,225,233.9158325,9.999999747e-05,109810.1719,12.53446579,-0.5608848683
229,256.3072302,83.94347205,26.54762701,62.44337673,0.8489021652,143.7742629,6.495214939,297.8950806,0,225,162.0047455,9.999999747e-05,109852.375,12.86463833,-0.5447544915
229.1999969,250.4824661,84.79707351,26.3457763,62.11845221,0.8558655341,145.284802,6.556234837,298.1463928,0,225,48.60142136,178.440918,109896.1953,12.92509079,-0.5408707186
229.3999939,244.5420795,87.89666926,26.20832071,62.04456586,0.8498880286,144.8712885,6.589246273,298.0123596,0.5149787068,112.5,132.8270874,17.84409332,109918.9062,12.57574368,-0.5398772041
229.6000061,240.7183601,84.87345559,26.31063703,61.86092818,0.8394970824,145.7507094,6.5994277,297.8830261,1.033623934,56.25,90.18991089,1.784409285,109930.375,12.32934284,-0.5329679115
