Time Step,Discharge rate,Sugar feed rate,Soil bean feed rate,Aeration rate,Back pressure,Water injection/dilution,pH,Temperature,Acid flow rate,Base flow rate,Cooling water,Heating water,Vessel Weight,Dissolved oxygen concentration,Yield Per Step
0,0,75.57809574,25.99757831,61.46239322,0.9048947271,142.3829388,6.493405342,297.7623596,0,0,9.999999747e-05,159.957962,62296.90625,17.20583725,0.05823344234
0.200000003,0,76.42523857,25.96858014,61.01541248,0.9045870588,152.3305605,6.473117828,297.9127197,0,2.637819767,9.999999747e-05,47.52519226,62349.87109,17.19016266,-3.056487615e-05
0.400000006,0,76.41138207,25.96875581,61.00592302,0.9044610405,152.2008934,6.461152554,297.8944397,0,13.97726059,9.999999747e-05,9.999999747e-05,62405.14062,17.34648132,-3.077234845e-05
0.6000000238,0,76.43832444,25.96776423,60.99107121,0.9044571901,152.6061566,6.459596157,298.1096802,0,30.01057816,9.999999747e-05,64.17323303,62462.71484,17.33333969,-3.100483461e-05
0.8000000119,0,76.42698796,25.96819367,60.99724672,0.9044610743,152.4682078,6.467860699,298.0267944,0,46.65896988,70.42876434,6.417323112,62523.62109,17.31858063,-3.111304796e-05
1,0,76.42731157,25.96826056,61.00057697,0.9044915055,152.5027418,6.482837677,297.9598999,0,60.00262451,44.33461761,0.6417323351,62587.23047,17.30059814,-3.087372245e-05
1.200000048,0,76.43427421,25.9682189,61.00729951,0.904572932,152.5925557,6.503195763,297.926239,0,67.36495209,22.88835907,0.06417322904,62652.46875,17.30013657,-3.065965778e-05
1.399999976,0,76.43942707,25.96834037,61.01996298,0.9046904758,152.621633,6.522526264,298.0278625,0,66.587883,6.866508007,31.02090263,62717.54688,17.2901783,-3.061901725e-05
1.600000024,0,76.43024021,25.96909945,61.04569896,0.9048489999,152.4170207,6.535803795,297.9918213,0,58.09913254,39.41115952,3.10209012,62780.84375,17.2805748,-3.059497086e-05
1.799999952,0,76.4282702,25.9693789,61.05729277,0.9049281007,152.3428728,6.539906025,297.9678345,0,44.31585693,27.26121712,0.3102090359,62841.39844,17.27876472,-3.047431243e-05
2,0,76.43215801,25.96925147,61.05628595,0.9049342661,152.3747385,6.531983852,297.9586182,0,28.90247345,18.94395828,0.0310209021,62898.85938,17.2707386,-3.043192777e-05
2.200000048,0,76.44020785,25.96875445,61.04193998,0.9048585569,152.532205,6.514086723,297.9590759,0,16.6679821,14.74085903,0.00310209021,62953.85938,17.25588989,-3.046727147e-05
2.400000095,0,76.44866033,25.96813322,61.0217171,0.9047414481,152.7313199,6.492803097,297.9670715,0,11.58667278,13.41357136,0.0003102090268,63007.94141,17.24875832,-3.055457362e-05
2.599999905,0,76.454804,25.96763933,61.00479827,0.9046399037,152.8888003,6.474611282,297.9781494,0,14.99796772,14.63475418,9.999999747e-05,63062.73047,17.22852898,-3.065685957e-05
2.799999952,0,76.45630613,25.96743787,60.9963082,0.9045841509,152.9639209,6.464425087,297.9910278,0,25.66501427,17.15931511,9.999999747e-05,63119.69922,17.2102375,-3.073864579e-05
3,0,76.45647293,25.96739393,60.99369119,0.9045691788,153.0182159,6.463657856,298.0035095,0,40.39017105,20.70189476,9.999999747e-05,63179.63281,17.18677902,-3.077787081e-05
3.200000048,0,76.45524298,25.96749335,60.99598072,0.9045892146,153.070849,6.472287178,298.016449,0,55.41686249,24.57655907,9.999999747e-05,63244.70703,17.17170906,-3.076821965e-05
3.400000095,0,76.45359427,25.96771156,61.00322842,0.9046487506,153.1348676,6.488256454,298.0306396,0,66.99121857,29.07524109,9.999999747e-05,63312.21094,17.16130638,-3.071762528e-05
3.599999905,0,76.44925232,25.96814969,61.01781982,0.9047547208,153.1519694,6.505521774,298.042572,0,72.18388367,34.49469376,9.999999747e-05,63380.73047,17.13997841,-3.064568404e-05
3.799999952,0,76.43983566,25.96885977,61.03967925,0.9048935278,153.0588523,6.52071619,298.0548096,0,70.48961639,39.65229034,9.999999747e-05,63447.66016,17.12479591,-3.057584533e-05
4,0,76.42890175,25.96961896,61.06283848,0.9050300488,152.8821768,6.527984619,298.0627441,0,62.72864532,45.38671112,9.999999747e-05,63512.87109,17.09686661,-3.052750142e-05
4.199999809,0,76.42078809,25.97013337,61.07759532,0.9051127529,152.7596533,6.525739193,298.0681152,0,52.07963181,50.07999802,9.999999747e-05,63575.80078,17.06943893,-3.051370715e-05
4.400000095,0,76.4217685,25.9700694,61.07515573,0.9051026337,152.8261422,6.515590191,298.0741272,0,42.3346138,54.22893906,9.999999747e-05,63636.72656,17.04577065,-3.053910545e-05
4.599999905,0,76.43036767,25.96953319,61.05876449,0.9050192488,153.0598484,6.501875877,298.0861816,0,36.64457321,58.81322098,9.999999747e-05,63696.625,17.03219795,-3.059958457e-05
4.800000191,0,76.44112832,25.96887366,61.03887103,0.9049185605,153.3411011,6.486609936,298.091095,0,36.42665482,65.7117157,9.999999747e-05,63756.4375,16.9965744,-3.06727483e-05
5,0,76.44780824,25.96844153,61.02416353,0.9048458665,153.6056589,6.474881172,298.0967712,0,42.30883789,70.55146027,9.999999747e-05,63817.5,16.97138786,-3.073556307e-05
5.199999809,0,76.45229108,25.96819531,61.01538647,0.9048122828,153.8510025,6.469073772,298.1019592,0,52.86601257,75.88859558,9.999999747e-05,63880.76172,16.94516563,-3.07755576e-05
5.400000095,0,76.45331341,25.96820482,61.01362144,0.9048275878,154.1216059,6.47036314,298.1087952,0,65.73793793,81.26037598,9.999999747e-05,63946.72656,16.92224693,-3.078350099e-05
5.599999905,0,76.45097506,25.96846278,61.01842521,0.9048921361,154.448432,6.478047371,298.117981,0,78.08994293,87.40631104,9.999999747e-05,64015.32031,16.90094185,-3.076087304e-05
5.800000191,0,76.44438857,25.96900081,61.03033869,0.9050068405,154.8187944,6.488311291,298.1225891,0,87.36989594,94.60258484,9.999999747e-05,64085.84375,16.87155151,-3.071318287e-05
6,0,76.43361894,25.96977922,61.04808599,0.9051565508,155.1849542,6.499195576,298.1272583,0,92.55628204,100.5512466,9.999999747e-05,64157.49219,16.84509659,-3.065338863e-05
6.199999809,0,76.42052327,25.97066887,61.06914123,0.9053179506,155.4643618,6.507874489,298.1297913,0,93.39521027,106.7187424,9.999999747e-05,64229.33203,16.8150425,-3.059628677e-05
6.400000095,0,76.40727174,25.9715344,61.08952293,0.9054677476,155.6902886,6.51129055,298.124115,0,90.77177429,112.3284225,9.999999747e-05,64300.57031,16.77635765,-3.054716307e-05
6.599999905,0,76.39808902,25.97214379,61.10233071,0.9055743434,155.9863777,6.511413574,298.1264038,0,86.79213715,115.2244492,9.999999747e-05,64371.07812,16.74827003,-3.051874476e-05
6.800000191,0,76.39446022,25.97242185,61.10644981,0.9056322834,156.3342742,6.508258343,298.1337891,0,82.75730896,120.7127151,9.999999747e-05,64440.84766,16.71806335,-3.052009263e-05
7,0,76.39456837,25.97249846,61.10403027,0.9056638945,156.847907,6.50135994,298.137207,0,79.98480225,127.9800949,9.999999747e-05,64510.11328,16.67969894,-3.053971215e-05
7.199999809,0,76.3980858,25.9724046,61.09551744,0.9056746051,157.5583044,6.490389347,298.1256409,0,79.9732666,134.1179047,9.999999747e-05,64579.36719,16.62991905,-3.055864809e-05
7.400000095,0,76.40476984,25.97215697,61.08174364,0.9056650549,158.4108283,6.479804993,298.1184082,0,84.35145569,135.2532349,9.999999747e-05,64649.65625,16.58937073,-3.057602991e-05
7.599999905,0,76.4108632,25.97196451,61.06970354,0.9056667724,159.2415566,6.472628593,298.1209717,0,92.94898987,137.5564423,9.999999747e-05,64721.89844,16.55367851,-3.059956528e-05
7.800000191,0,76.41204863,25.97210748,61.06494608,0.9057299258,160.2294459,6.46830368,298.1214905,0,104.4072876,142.9340668,9.999999747e-05,64796.64453,16.51224899,-3.061579864e-05
8,0,76.40873792,25.9725695,61.06602772,0.9058549404,161.4854931,6.468302727,298.1297913,0,117.597084,147.6301117,9.999999747e-05,64874.375,16.47670555,-3.061976612e-05
8.199999809,0,76.40052796,25.97335002,61.07301976,0.9060439455,163.003511,6.470323563,298.1343384,0,130.7821808,155.0441742,9.999999747e-05,64955.07812,16.43539619,-3.061164426e-05
8.399999619,0,76.38909689,25.97435079,61.08332606,0.9062793807,164.7915626,6.472493649,298.1313782,0,143.1661987,161.4181366,9.999999747e-05,65038.60547,16.390131,-3.058595059e-05
8.600000381,0,76.3775293,25.97535295,61.09331056,0.9065179032,166.6203999,6.474204063,298.1254883,0,154.6880951,165.3956757,9.999999747e-05,65124.80078,16.34433174,-3.055004015e-05
8.800000191,0,76.36703795,25.97626653,61.10158807,0.9067407851,168.3758468,6.473167896,298.1064758,0,165.5277557,168.3166962,9.999999747e-05,65213.42969,16.29052162,-3.050541875e-05
9,0,76.3606992,25.97690625,61.10503827,0.9069119137,169.8969808,6.472327709,298.1017151,0,176.7893829,166.5115356,9.999999747e-05,65304.66016,16.24564552,-3.046852714e-05
9.199999809,0,76.3555835,25.97741308,61.10672211,0.9070555603,171.1963889,6.474236488,298.1289368,0,188.3777771,168.9965973,9.999999747e-05,65398.67969,16.2118187,-3.047317696e-05
9.399999619,0,76.34601419,25.97820417,61.11246785,0.9072617358,172.8679345,6.47416687,298.1381836,0,199.1943054,182.2384491,9.999999747e-05,65495.17578,16.15955353,-3.049082681e-05
9.600000381,0,76.33793777,25.97897345,61.11761766,0.9074728433,174.6929229,6.472650528,298.1431274,0,210.0538025,190.0577393,9.999999747e-05,65594.22656,16.10817719,-3.049356839e-05
9.800000191,0,76.33440937,25.97937026,61.11832252,0.9076042807,175.9277762,6.46847868,298.1304626,0,221.5183105,196.8803406,9.999999747e-05,65694.92188,16.04764748,-3.048357688e-05
10,0,76.33807839,25.97923102,61.11316174,0.9076198731,176.3259943,6.462185383,298.125,0,225,197.8452301,9.999999747e-05,65796.375,15.98966885,-3.047496195e-05
10.19999981,0,76.335586,25.97956741,61.11369086,0.9077225077,177.2967225,6.454107761,298.1289062,0,225,200.9413147,9.999999747e-05,65898.00781,15.93205643,-3.049435478e-05
10.39999962,0,76.33125223,25.98008291,61.11662285,0.9078600966,178.5157104,6.444883823,298.1416321,0,225,207.0186615,9.999999747e-05,65999.89062,15.87399769,-3.054124956e-05
10.60000038,0,76.32976363,25.98039486,61.11803305,0.9079494337,179.355123,6.436395645,298.1794434,0,225,216.2112732,9.999999747e-05,66102.0625,15.81957626,-3.062600696e-05
10.80000019,0,76.32639764,25.98086478,61.12174007,0.908066575,180.3653495,6.426230907,298.2007751,0,225,234.4709167,9.999999747e-05,66204.40625,15.75382614,-3.072328923e-05
11,0,76.33010016,25.98084993,61.12138503,0.9080648027,180.4675812,6.416220188,298.2381897,0,225,248.2770844,9.999999747e-05,66306.84375,15.69060993,-3.08253765e-05
11.19999981,0,76.3353168,25.9806805,61.11972969,0.9080007517,180.0567596,6.406305313,298.2887878,0,225,268.5608521,9.999999747e-05,66409.29688,15.62433147,-3.095930541e-05
11.39999962,0,76.34172912,25.98047603,61.11820075,0.9078967486,179.3287167,6.395522118,298.3279724,0,225,294.6635437,9.999999747e-05,66511.61719,15.55013275,-3.109850126e-05
11.60000038,0,76.35429128,25.97981902,61.11231478,0.9076459059,177.4679324,6.383992672,298.3612366,0,225,318.6297607,9.999999747e-05,66613.57031,15.47132397,-3.122503305e-05
11.80000019,0,76.37101624,25.97878167,61.10258454,0.9072548171,174.5450509,6.370959759,298.3668823,0,225,342.1172791,9.999999747e-05,66714.85156,15.38437176,-3.132307867e-05
12,0,76.39297136,25.97720907,61.08741196,0.906693643,170.3496979,6.355348587,298.3349915,0,225,357.3586426,9.999999747e-05,66815.14844,15.29044056,-3.136396934e-05
12.19999981,0,76.41768107,25.97510904,61.06723697,0.9059823756,165.0884322,6.339675903,298.3323059,0,225,360.0759888,9.999999747e-05,66914.39844,15.19852924,-3.140605604e-05
12.39999962,0,76.43307652,25.97349365,61.05278909,0.9053711078,160.6903757,6.323407173,298.3357544,0,225,371.9434204,9.999999747e-05,67012.74219,15.103899,-3.149075622e-05
12.60000038,0,76.44220471,25.97218241,61.04117559,0.9048458386,156.9428037,6.306304932,298.3391724,0,225,385.6164246,9.999999747e-05,67110.29688,15.0073185,-3.15890849e-05
12.80000019,0,76.44371506,25.971109,61.0316575,0.9044305697,154.0001011,6.291126251,298.38974,0,225,399.3602905,9.999999747e-05,67207.36719,14.91280651,-3.173850589e-05
13,0,76.43539263,25.97059601,61.02702508,0.9041609432,152.0890935,6.275692463,298.4299927,0,225,429.5063171,9.999999747e-05,67304.04688,14.81514645,-3.192537029e-05
13.19999981,0,76.42050781,25.97018294,61.02134941,0.903991342,150.7424037,6.2602911,298.4684143,0,225,457.6252747,9.999999747e-05,67400.45312,14.71849346,-3.210251246e-05
13.39999962,0,76.39785326,25.96988635,61.01542248,0.9039050405,149.8976112,6.243508339,298.4710693,0,225,486.7024536,9.999999747e-05,67496.625,14.62759113,-3.224544448e-05
13.60000038,0,76.3702964,25.96952986,61.0078865,0.9038932484,149.4836707,6.226544857,298.4511719,0,225,504.8939514,9.999999747e-05,67592.65625,14.58266735,-3.23346178e-05
13.80000019,0,76.3461287,25.96922338,61.0014026,0.9039164624,149.335796,6.232853889,298.2705688,0,225,515.6790161,9.999999747e-05,67688.70312,16.22591782,0.005665732615
14,0,76.49669066,25.96694756,61.0005972,0.9039634436,149.9802188,6.271211624,297.8336182,0,225,470.4362183,9.999999747e-05,67784.99219,16.23386383,0.05379231479
14.19999981,0,76.49910495,25.96727411,61.00591985,0.9039936417,150.2378698,6.310746193,299.749939,0,225,141.1308746,589.649231,67881.17188,16.23461533,0.05024425418
14.39999962,0,76.46940101,25.97155194,61.06448707,0.9036578587,147.6869928,6.350073338,299.0613708,0,225,799.3074341,58.96492386,67976.74219,16.22749901,0.04193120958
14.60000038,0,76.50688089,25.97133064,61.01822001,0.9049592122,155.3655478,6.385872364,298.4500732,0,225,612.9957275,5.896492004,68074,16.2462101,0.0586492202
14.80000019,0,76.49935743,25.97354499,61.03075804,0.9071047278,168.0108569,6.418872833,298.074646,0,225,447.064209,0.5896492004,68174,16.27023888,0.06661017597
15,0,76.44952279,25.97203977,61.03192221,0.909171483,180.2937866,6.448602676,297.838623,0,225,339.007843,0.05896492302,68276.54688,16.29569435,0.07781283037
15.19999981,0,76.36416236,25.96946325,61.0178736,0.9104021475,185.8599099,6.475288868,299.0285645,0,225,101.7023544,348.2377014,68380.03125,16.31204796,0.08480814199
15.39999962,0,75.16642552,25.96662396,60.99121554,0.9176844123,206.0050633,6.499004841,298.5835571,0,225,507.9515686,34.82376862,68487.125,16.39514732,0.1117346731
15.60000038,0,76.44881,25.97100244,61.01808901,0.9144184801,205.9403185,6.519004822,298.2094421,0,225,384.0697632,3.482377052,68594.57031,16.36205864,0.1219639811
15.80000019,0,76.31275025,25.97049952,60.9927264,0.9150937015,205.5127893,6.535913944,297.987793,0,217.9283447,280.2210693,0.3482376933,68700.50781,16.37000847,0.1356401163
16,0,76.11874529,25.96853327,60.96127155,0.9149765031,199.6729654,6.549912453,297.8832703,0,204.0913849,214.4142456,0.03482377157,68802.48438,16.36493683,0.1353726928
16.20000076,0,75.97116944,25.96735436,60.93907251,0.915150518,196.6083766,6.559735298,298.6736755,0,184.6546478,64.32427216,213.7101746,68899.6875,16.36349678,0.1449906415
16.39999962,0,74.29711262,25.96968481,60.87485525,0.9235105821,211.2737475,6.542216301,298.4449768,0.5193464756,92.32732391,333.4178162,21.37101746,68980.52344,16.42760277,0.1842549003
16.60000038,0,76.31106678,25.92142772,61.04366173,0.9153076678,201.4224544,6.518113136,298.2506714,0,76.04962158,273.8577576,2.137101889,69056.46875,16.3359127,0.1770472861
16.79999924,0,76.25405166,25.93322727,61.02347319,0.915865195,206.1894683,6.494130135,298.1438599,0,69.34744263,225.2207031,0.2137101889,69132.13281,16.33803368,0.1783401994
17,0,76.1991215,25.92888809,61.01474467,0.9143489066,198.6837895,6.472087383,298.0528564,0,72.21690369,199.2305908,0.02137101814,69206.74219,16.32954025,0.2248225003
17.20000076,0,76.2074614,25.92824686,61.00309052,0.9134164024,194.3685587,6.45597744,297.9891968,0,83.89759827,174.0262146,0.002137101721,69282.83594,16.3269062,0.2615330906
17.39999962,0,76.18246465,25.92860294,60.9845423,0.9130971171,192.1989317,6.449630737,297.9650269,0,102.0089645,154.7316284,0.0002137101837,69362.26562,16.32769394,0.2626445493
17.60000038,0,76.10812937,25.92807521,60.95542161,0.9138256824,194.3299029,6.451690197,297.9511108,0,122.6460114,146.467514,9.999999747e-05,69446.35156,16.34248543,0.2802602125
17.79999924,0,76.0009429,25.92746226,60.91813436,0.9152189098,198.8259105,6.461017609,297.9469299,0,142.4628906,140.5289154,9.999999747e-05,69535.42969,16.36304283,0.2918403099
18,0,75.84262475,25.92818189,60.87433919,0.9171217069,204.4131711,6.472058296,298.5375977,0,158.5518646,42.15867615,148.9076691,69628.67969,16.39281464,0.3464447694
18.20000076,0,74.36658267,25.91322686,60.72954674,0.9271972203,228.4969055,6.485512257,298.3824768,0,170.242157,243.9803162,14.8907671,69728.79688,16.50400162,0.4079870743
18.39999962,0,75.69002369,25.91938605,60.81415275,0.9228290817,221.6941077,6.499413967,298.2546692,0,176.5484467,206.1954956,1.489076734,69829.27344,16.45664024,0.3810273805
18.60000038,0,75.51824598,25.92838363,60.7661068,0.9242985309,224.8526353,6.511519432,298.1591797,0,177.3003387,177.6024475,0.1489076614,69930.57031,16.47516823,0.4176819686
18.79999924,0,75.35634569,25.93152809,60.73781501,0.9247332198,222.3778042,6.523231983,298.1141968,0,173.217392,155.1716156,0.0148907667,70030.70312,16.47705269,0.4070098233
19,0,75.23010207,25.93384494,60.71536849,0.9253752155,221.7125101,6.532203674,298.085144,0,164.4449005,146.3359528,0.001489076647,70129.01562,16.48215485,0.4231317653
19.20000076,0,75.2210237,25.93273086,60.7009854,0.925685744,221.1385981,6.538582802,298.076416,0,152.0914307,140.929718,0.0001489076676,70224.88281,16.4801445,0.4151079624
19.39999962,0,75.26036691,25.92952865,60.69177588,0.9257879339,220.6299781,6.540680885,298.0714111,0,137.1861877,141.3353424,9.999999747e-05,70317.74219,16.47689819,0.4275026971
19.60000038,0,75.37352368,25.92325921,60.68890551,0.9254889412,219.6418212,6.537877083,298.0690613,0,121.4473495,142.5325623,9.999999747e-05,70407.32812,16.46904373,0.4412448782
19.79999924,0,75.51521944,25.91494351,60.6914334,0.9248489118,218.1763157,6.529456139,298.0626221,0,106.8325195,144.4455719,9.999999747e-05,70493.71094,16.45942497,0.4722204716
20,0,75.67470862,25.90509007,60.69805848,0.9238976025,216.3494828,6.518537998,298.0709534,0,95.58869934,144.8243408,9.999999747e-05,70577.625,16.44417,0.46056716
20.20000076,0,75.805313,25.89668985,60.70239926,0.9230671101,215.3315729,6.50609684,298.0809631,0,88.70237732,150.0995178,9.999999747e-05,70660.03906,16.4331913,0.466227269
20.39999962,0,75.94408682,25.88916387,60.70301696,0.9223944465,215.159128,6.492976665,298.076355,0,86.78958893,156.1457062,9.999999747e-05,70742.03906,16.42843437,0.5116161279
20.60000038,0,76.06408777,25.88394277,60.70019482,0.9218321157,215.3173687,6.481323719,298.0593262,0,90.12217712,157.5180054,9.999999747e-05,70824.72656,16.42733574,0.5692306039
20.79999924,0,76.12415512,25.88218224,60.69056481,0.9215777003,216.1011725,6.472511768,298.0317078,0,98.10888672,154.5393982,9.999999747e-05,70909.14062,16.43202019,0.6408034601
21,0,76.12836998,25.88314624,60.67330142,0.9216669911,217.4721628,6.467611313,298.0012817,0,109.6158295,147.3695984,9.999999747e-05,70996.11719,16.44121742,0.7102534908
21.20000076,0,76.07841414,25.88623176,60.64722587,0.9221795902,219.6884084,6.465460777,297.9634705,0,123.0791397,138.264679,9.999999747e-05,71086.17188,16.45742416,0.8082420119
21.39999962,0,76.00200073,25.89127279,60.62023362,0.9227250807,221.4742365,6.468928337,297.9456787,0,137.4062195,125.4978409,9.999999747e-05,71179.52344,16.46922302,0.8326080697
21.60000038,0,75.86320154,25.89802747,60.58155072,0.9240228879,225.2414257,6.473567486,298.4491882,0,150.3366699,37.64935303,132.2474823,71276.04688,16.49279594,0.922975413
21.79999924,0,74.31635197,25.88455611,60.42194259,0.9344709321,250.3955615,6.480394363,298.3017273,0,161.4255829,209.4526215,13.22474861,71379.47656,16.61052704,1.038399602
22,0,75.93447919,25.88613592,60.46164322,0.9292681671,238.9304626,6.487738609,298.1772461,0,169.780365,171.6489258,1.322474837,71482.70312,16.55490875,1.021706385
22.20000076,0,75.77132365,25.90511701,60.4295481,0.9300379088,242.7272494,6.493319988,298.0821533,0,175.202652,141.1238403,0.1322474927,71587.70312,16.57167625,1.106872826
22.39999962,0,75.61317592,25.91488041,60.43259269,0.9293253663,238.8213543,6.500531197,298.0345764,0,178.399765,115.9010925,0.01322474889,71692.59375,16.56784248,1.120476335
22.60000038,0,75.49175668,25.92367915,60.42512362,0.9293409962,238.0352728,6.507797241,298.0096741,0,178.7015228,103.2770081,0.001322474796,71797.39844,16.57057571,1.140756038
22.79999924,0,75.45882732,25.92883263,60.41174688,0.9294878671,238.0603934,6.51291275,297.9910278,0,176.101944,96.33853149,0.0001322474855,71901.64062,16.5748291,1.189396236
23,0,75.48495921,25.93096961,60.39636812,0.9295301168,238.30535,6.51753664,297.9867554,0,171.4632263,90.45191956,9.999999747e-05,72005.04688,16.57433319,1.195538245
23.20000076,0,75.5241444,25.93198332,60.37806608,0.9296856843,239.1912031,6.52025795,297.9859314,0,164.9698639,88.7881546,9.999999747e-05,72107.32031,16.57536507,1.219409554
23.39999962,0,75.60488872,25.93088897,60.3569067,0.9297845814,240.3094632,6.517394066,297.9721069,0,157.3926392,88.03623962,9.999999747e-05,72208.17969,16.57947159,1.310297327
23.60000038,0,75.71575241,25.92729151,60.34122157,0.9294216115,240.5253358,6.511938572,297.9631958,0,150.9731445,82.74453735,9.999999747e-05,72307.76562,16.57666969,1.356867203
23.79999924,0,75.79811066,25.92476054,60.33446713,0.9288171537,240.1887207,6.505882263,297.9617615,0,146.7264404,78.72603607,9.999999747e-05,72406.45312,16.57136536,1.382147372
24,0,75.87771904,25.92337057,60.32712163,0.9282457787,240.1248614,6.497158051,297.9537354,0,144.8958893,76.92379761,9.999999747e-05,72504.69531,16.57026672,1.449045825
24.20000076,0,75.96789422,25.92239472,60.32436965,0.9273577251,239.1870951,6.488469601,297.9486084,0,146.5619812,72.73091888,9.999999747e-05,72603.07812,16.56585503,1.491954864
24.39999962,0,76.0309617,25.92396041,60.32590973,0.9264016215,237.8652052,6.481195927,298.277832,0,151.6946716,21.8192749,82.5388031,72702.20312,16.56164932,1.525066236
24.60000038,0,75.4989015,25.92589132,60.3015311,0.9297346964,247.3886506,6.47597456,298.1786804,0,159.7322845,133.5081177,8.253880501,72804.73438,16.60354805,1.574836392
24.79999924,0,76.30511908,25.92025448,60.18564405,0.9283809844,248.4545534,6.475012779,298.1099548,0,169.856308,107.2545242,0.8253880143,72909.85156,16.59068108,1.561689284
25,0,76.23456772,25.93134529,60.22267492,0.9266228142,243.0959277,6.475697041,298.0627441,0,180.3576355,90.98526764,0.08253879845,73016.00781,16.58234215,1.600061265
25.20000076,0,76.20682727,25.93974502,60.24316843,0.925392206,239.3463368,6.476890087,298.0288696,0,190.5935211,79.33651733,0.008253879845,73123.4375,16.57911873,1.644495841
25.39999962,0,76.20172148,25.946379,60.2626202,0.9241990941,235.5206486,6.479990482,298.0091248,0,200.3557739,70.35472107,0.0008253880078,73232.09375,16.57456398,1.670832008
25.60000038,0,76.20629851,25.95195643,60.27538159,0.9232731871,232.5459359,6.485324383,297.9995728,0,208.873291,64.87908173,9.999999747e-05,73341.91406,16.57139969,1.688128908
25.79999924,0,76.22049091,25.95621937,60.27749966,0.9226522238,230.6360679,6.493118286,297.99823,0,215.256012,62.07580566,9.999999747e-05,73452.71094,16.5695076,1.695287018
26,0,76.24231486,25.9591733,60.2665309,0.9223736948,230.0195972,6.498478889,297.9898376,0,218.5202332,61.66397095,9.999999747e-05,73563.96875,16.57270622,1.738102777
26.20000076,0,76.28104571,25.96025256,60.2515401,0.9220730279,229.5887258,6.504635811,297.9886169,0,219.6559448,58.71951675,9.999999747e-05,73675.42188,16.57221985,1.751289803
26.39999962,0,76.31555516,25.96088008,60.23384393,0.9219556228,229.8922153,6.509520531,297.9868774,0,218.3186035,57.97634125,9.999999747e-05,73786.64844,16.57367897,1.77563156
26.60000038,0,76.35982978,25.96036769,60.20584316,0.9220432517,231.2423079,6.515220165,297.9917603,0,215.0341492,56.95722961,9.999999747e-05,73897.54688,16.57452774,1.779809031
26.79999924,0,76.40653989,25.95923571,60.17193536,0.9223457543,233.5282261,6.520090103,297.9967957,0,209.4629822,58.16814423,9.999999747e-05,74007.8125,16.57733154,1.792236497
27,0,76.46439864,25.95695549,60.12789106,0.9228817863,237.0035171,6.521010876,297.9935913,0,201.9492645,59.55508804,9.999999747e-05,74117.17969,16.58371925,1.830013355
27.20000076,0,76.52430674,25.95356651,60.08486819,0.9234277592,240.8021852,6.518869877,297.9889832,0,194.0773926,58.2923584,9.999999747e-05,74225.6875,16.58950806,1.860545005
27.39999962,0,76.57406189,25.95015072,60.05945047,0.9237603636,243.797057,6.517142296,297.9922485,0,187.0594482,56.48480225,9.999999747e-05,74333.4375,16.5915966,1.868808888
27.60000038,0,76.62033904,25.94715552,60.04684942,0.9240011847,246.3504115,6.509242535,297.981781,0,180.721344,57.23347473,9.999999747e-05,74440.26562,16.59734917,1.918096172
27.79999924,0,76.65707371,25.9444782,60.0421507,0.9239540758,247.7887447,6.502886295,297.9818726,0,177.5648041,53.3127861,9.999999747e-05,74546.80469,16.59766388,1.93132508
28,0,76.67454,25.94402547,60.06568077,0.9235001296,247.0474299,6.495509148,297.9794006,0,176.9257965,52.73831558,9.999999747e-05,74653.01562,16.59676933,1.957459449
28.20000076,0,76.68852245,25.94464323,60.08606287,0.9229503256,245.6468075,6.489743233,297.9801941,0,179.2459717,51.20284271,9.999999747e-05,74759.4375,16.59493256,1.975149621
28.39999962,0,76.69381863,25.94635399,60.11254265,0.9222584872,243.2016913,6.4850173,297.9799805,0,183.8639221,50.71837234,9.999999747e-05,74866.28906,16.59309196,1.995976762
28.60000038,0,76.69507268,25.94847155,60.13884977,0.9215128113,240.1761088,6.484209061,297.9850769,0,190.3740845,49.90492249,9.999999747e-05,74973.91406,16.59004211,2.006904389
28.79999924,0,76.69568767,25.95008356,60.1614392,0.920923229,237.5545051,6.486118793,297.9900818,0,197.1979828,50.90819168,9.999999747e-05,75082.4375,16.58911705,2.02066086
29,0,76.69814541,25.95055528,60.17804744,0.9205060295,235.5622298,6.49230051,298.0000916,0,203.2616425,52.03326416,9.999999747e-05,75191.89062,16.58842087,2.023975795
29.20000076,0,76.70688468,25.94956031,60.18944776,0.9203692285,234.7694353,6.499990463,298.0080261,0,206.84729,55.07830048,9.999999747e-05,75301.96094,16.59044075,2.034509485
29.39999962,0,76.72502465,25.94719215,60.19694126,0.9204635908,235.0759815,6.507013321,298.0107117,0,207.3656311,57.75112534,9.999999747e-05,75412.20312,16.59438324,2.054055394
29.60000038,0,76.74958543,25.94410463,60.21217647,0.9206494933,235.8697682,6.512115955,298.0084229,0,205.0819397,58.91401291,9.999999747e-05,75522.10156,16.59859085,2.078042102
29.79999924,0,76.77679447,25.94071173,60.24211211,0.920861358,236.8537908,6.515763283,298.0061951,0,200.7612152,58.50325012,9.999999747e-05,75631.32031,16.60181999,2.097556108
30,0,76.80594442,25.93707999,60.29028632,0.9210857107,237.9496255,6.516209126,297.9998779,0,194.9802856,58.07605362,9.999999747e-05,75739.53125,16.60548401,2.123033753
30.20000076,0,76.83056242,25.93349635,60.35342754,0.9212907648,238.9661754,6.514037609,297.9933777,0,189.0267792,56.14450455,9.999999747e-05,75846.67969,16.60866356,2.145283824
30.39999962,0,76.84455335,25.93070788,60.43647341,0.9213149272,239.0302304,6.510819435,297.990448,0,183.9402466,53.94248199,9.999999747e-05,75952.80469,16.60987663,2.163339101
30.60000038,0,76.85100198,25.92886511,60.53059702,0.9212037129,238.2664947,6.508644581,297.993927,0,180.1361237,52.73075485,9.999999747e-05,76058.05469,16.6094265,2.176796471
30.79999924,0,76.85834464,25.9273905,60.62840601,0.9210881955,237.2555458,6.50637579,297.9972229,0,177.1951599,53.60063553,9.999999747e-05,76162.50781,16.60975075,2.193168308
31,0,76.86377703,25.92623686,60.72440634,0.9210015862,236.1177365,6.50053072,297.9903564,0,175.1653595,54.47902298,9.999999747e-05,76266.19531,16.61216545,2.216301879
31.20000076,0,76.84803867,25.92717513,60.81638867,0.9206574569,233.4030192,6.496313095,297.9901123,0,175.4850159,51.98616409,9.999999747e-05,76369.41406,16.61104012,2.232409923
31.39999962,0,76.83155173,25.92941612,60.90945879,0.9201445869,229.5377137,6.494785786,297.9950867,0,177.4748535,51.58525848,9.999999747e-05,76472.3125,16.60840225,2.24667592
31.60000038,0,76.82718192,25.9312416,60.99345197,0.9198440009,226.3020483,6.492603779,297.9938354,0,180.072052,52.93073273,9.999999747e-05,76575.02344,16.60918236,2.264289494
31.79999924,0,76.82040763,25.93362072,61.07175184,0.919537067,222.6886271,6.489694595,297.9888916,0,183.5527954,52.2837677,9.999999747e-05,76677.64844,16.61010933,2.280422114
32,0,76.80892799,25.93714914,61.14876775,0.9190593033,218.0518701,6.486813068,297.9836731,0,188.1974335,50.35205078,9.999999747e-05,76780.22656,16.60948753,2.294718841
32.20000076,0,76.79762733,25.94141559,61.22108904,0.9184944293,212.8545613,6.483916759,297.9782715,0,193.9924011,48.17905426,9.999999747e-05,76882.875,16.60836411,2.307099971
32.40000153,0,76.78747926,25.94615144,61.28691884,0.9178742612,207.3077384,6.479916096,297.9707642,0,200.9460449,45.73682022,9.999999747e-05,76985.72656,16.60731316,2.315295663
32.59999847,0,76.77403058,25.95148149,61.34435418,0.917103221,201.1875029,6.475394726,297.9637756,0,209.5034943,42.36870956,9.999999747e-05,77089,16.60527992,2.321507261
32.79999924,0,76.75887309,25.95702654,61.39093037,0.9161686856,194.6250724,6.474555969,297.9643555,0,219.867691,38.92372131,9.999999747e-05,77193.08594,16.60172844,2.336662582
33,0,76.75821301,25.96171724,61.428522,0.9154056417,188.7094955,6.474403858,297.9660034,0,225,37.81955719,9.999999747e-05,77296.98438,16.59775543,2.347107599
33.20000076,0,76.76785857,25.96473011,61.49210142,0.9150836673,184.8853897,6.475232601,297.9706116,0,225,37.04068756,9.999999747e-05,77400.125,16.59598923,2.361106953
33.40000153,0,76.78835033,25.96662225,61.58801446,0.9151877077,182.6706157,6.475419044,297.9735107,0,225,37.34495163,9.999999747e-05,77502.79688,16.59888649,2.370582057
33.59999847,0,76.81040423,25.96882019,61.68714683,0.9153050076,180.3042676,6.475478172,297.9762878,0,225,37.21189499,9.999999747e-05,77604.97656,16.60172844,2.381219143
33.79999924,0,76.83433311,25.97129772,61.7870844,0.9154272709,177.8825465,6.473112583,297.9751587,0,225,37.15471268,9.999999747e-05,77706.59375,16.60481644,2.38375436
34,0,76.84849713,25.97397367,61.88237635,0.9153761588,175.1813574,6.475530148,297.9837036,0,225,35.85119247,9.999999747e-05,77807.78125,16.60552406,2.410123051
34.20000076,0,76.88837462,25.97698225,61.98665459,0.9157122441,173.0542158,6.480142117,297.9928589,0,225,37.87551498,9.999999747e-05,77908.59375,16.60982323,2.428826156
34.40000153,0,76.95396415,25.98097371,62.10374382,0.9163988936,171.1737503,6.484727859,297.9982605,0,225,40.36001587,9.999999747e-05,78009.04688,16.61729622,2.44098201
34.59999847,0,77.03160814,25.98596011,62.22427822,0.9171606761,169.1180767,6.487522125,297.99823,0,225,41.89107513,9.999999747e-05,78109.04688,16.62542915,2.446961767
34.79999924,0,77.10654481,25.99150726,62.33787903,0.9177947603,166.8020596,6.490879059,297.9997864,0,225,41.7723999,9.999999747e-05,78208.61719,16.63206863,2.460651092
35,0,77.18867747,25.99769682,62.44747528,0.9184490568,164.4513191,6.494503021,298.0015564,0,225,42.24130249,9.999999747e-05,78307.73438,16.63879395,2.473475652
35.20000076,0,77.28215596,26.00478613,62.55682788,0.9191914215,162.1139892,6.497307777,298.0013123,0,225,42.8347702,9.999999747e-05,78406.375,16.64625168,2.482197275
35.40000153,0,77.37915955,26.0124569,62.66121189,0.9199244902,159.7435029,6.499622822,298.0006409,0,225,42.7961731,9.999999747e-05,78504.54688,16.65348434,2.491788329
35.59999847,0,77.47818267,26.02053056,62.75820417,0.9206323348,157.3790642,6.502994061,298.0028076,0,225,42.61930084,9.999999747e-05,78602.29688,16.66031456,2.507600701
35.79999924,0,77.5909345,26.02959825,62.85228665,0.9214407994,155.056575,6.505575657,298.0031128,0,224.3186798,43.3917923,9.999999747e-05,78699.44531,16.66765785,2.516654386
36,0,77.7138351,26.03939851,62.95176483,0.9223412783,152.8052608,6.512913227,298.0155029,0,222.6107635,43.5839119,9.999999747e-05,78795.99219,16.67477226,2.550011033
36.20000076,0,77.87849597,26.05185065,63.06410277,0.9235997959,150.5318958,6.519760609,298.0250244,0,217.9496155,47.97749329,9.999999747e-05,78891.21094,16.6835537,2.565515718
36.40000153,0,78.08929141,26.06699596,63.22132652,0.9253188875,148.2782175,6.522919655,298.0254822,0,210.56633,51.74757385,9.999999747e-05,78984.4375,16.69510269,2.570093702
36.59999847,0,78.31413295,26.08225274,63.40295768,0.9271764084,146.0472202,6.522898674,298.0229187,0,201.9299622,52.77436066,9.999999747e-05,79075.45312,16.70715904,2.576554176
36.79999924,0,78.525926,26.09586232,63.58123554,0.9289057947,143.8548858,6.521000862,298.0217896,0,193.3006134,52.84085464,9.999999747e-05,79164.3125,16.71805954,2.587793271
37,0,78.7196561,26.10790973,63.74379058,0.9304523816,141.7055948,6.516303062,298.0184021,0,185.4263611,53.33098602,9.999999747e-05,79251.125,16.72783852,2.59363714
37.20000076,0,78.88311381,26.11788144,63.88998032,0.9317327973,139.6357965,6.508427143,298.0114441,0,179.434494,52.98653412,9.999999747e-05,79336.25,16.73636627,2.593842157
37.40000153,0,78.97812724,26.12373599,64.00252748,0.9323813865,137.7797112,6.50078392,298.0083618,0,176.5944214,51.30081558,9.999999747e-05,79420.45312,16.74126816,2.605863922
37.59999847,0,79.0183535,26.12711072,64.06210133,0.932427921,136.1796235,6.4909091,297.9996338,0,176.8007202,50.72060394,9.999999747e-05,79504.28125,16.74276543,2.599803842
37.79999924,0,78.98384702,26.12657151,64.09200432,0.9317003258,134.9699466,6.486097813,298.0020752,0,180.9651031,48.05009079,9.999999747e-05,79588.8125,16.74002266,2.629077261
38,0,78.98895585,26.12965158,64.05245907,0.9311692482,133.8887657,6.483326435,298.0028076,0,187.0302582,48.9379158,9.999999747e-05,79674.375,16.73915863,2.641024458
38.20000076,0,79.05061339,26.13669145,63.99572328,0.9310727935,132.7904671,6.480971813,297.9989014,0,194.2133026,49.2469635,9.999999747e-05,79761.15625,16.74196625,2.643037755
38.40000153,0,79.10888109,26.14305284,63.90678482,0.9308655121,131.9891582,6.481342793,297.997467,0,202.3434906,48.00259399,9.999999747e-05,79849.47656,16.74427414,2.657590786
38.59999847,0,79.20089057,26.15173849,63.77707226,0.9308731728,131.323946,6.484511852,297.9981689,0,210.3175354,47.50125122,9.999999747e-05,79939.35156,16.74791336,2.674414184
38.79999924,0,79.35402678,26.16486664,63.63960085,0.9313625947,130.5242217,6.488077641,297.9961548,0,217.0235291,47.65725708,9.999999747e-05,80030.45312,16.75448418,2.68018119
39,0,79.52560566,26.17906838,63.51692188,0.9319785545,129.7038891,6.495424271,298.0016479,0,222.3109283,46.8864975,9.999999747e-05,80122.61719,16.7613678,2.709182084
39.20000076,0,79.77707053,26.19983757,63.40160411,0.93320713,128.4633469,6.500767708,298.0000305,0,224.6485138,48.65306473,9.999999747e-05,80215.00781,16.77131653,2.708211765
39.40000153,0,80.05406529,26.22165082,63.334253,0.9346287711,127.0365693,6.508337975,298.0063477,0,224.8673401,48.11683655,9.999999747e-05,80307.32812,16.78181076,2.736161963
39.59999847,0,80.38649288,26.24790665,63.26706327,0.9364471177,125.2765274,6.514642239,298.0103149,0,222.0443726,50.30645752,9.999999747e-05,80398.80469,16.79360771,2.746830377
39.79999924,0,80.79426583,26.27889478,63.23357933,0.9388343358,123.0688595,6.518931389,298.0124512,0,216.7110901,51.87245178,9.999999747e-05,80488.82031,16.80838394,2.755148569
40,0,81.24297739,26.31082632,63.20951029,0.9415515889,120.7271627,6.519325256,298.0093994,0,209.6646729,52.96693802,9.999999747e-05,80576.96875,16.82488441,2.752761447
40.20000076,0,81.70079,26.34000257,63.19435088,0.9443712377,118.5039781,6.519728661,298.0134277,0,202.4669952,52.36062241,9.999999747e-05,80663.36719,16.84189987,2.773755807
40.40000153,0,82.15258569,26.36739739,63.14673814,0.9471386743,116.4391291,6.516522408,298.0117493,0,195.0953979,54.12319183,9.999999747e-05,80747.88281,16.85852432,2.772704799
40.59999847,0,82.59380852,26.3911365,63.11253723,0.9498159865,114.5538707,6.509632111,298.0057373,0,189.018158,54.02275467,9.999999747e-05,80830.79688,16.87535286,2.767354217
40.79999924,0,82.88826232,26.40096881,63.07650029,0.951378206,113.6099559,6.504240513,298.0073547,0,185.6975861,52.40022659,9.999999747e-05,80912.97656,16.88531113,2.788984167
41,0,83.0761817,26.40552598,62.99727921,0.9519995128,113.2151866,6.494337559,297.9970093,0,184.5170593,53.21289444,9.999999747e-05,80994.71875,16.8898201,2.767822701
41.20000076,0,83.04226746,26.39373285,62.95407756,0.9508631098,113.896978,6.486323357,297.9921875,0,187.3172302,49.90715027,9.999999747e-05,81077.17969,16.88352776,2.779855783
41.40000153,0,82.83156,26.37414181,62.85886851,0.9482724037,115.4296619,6.478616238,297.9849243,0,193.3025665,48.21642303,9.999999747e-05,81161.07031,16.8681221,2.775660481
41.59999847,0,82.50039146,26.35018921,62.74789042,0.9447239701,117.460878,6.473446369,297.9797058,0,202.3757782,45.4478035,9.999999747e-05,81247.14062,16.84713745,2.782160365
41.79999924,0,82.1346206,26.32758529,62.58667115,0.9409674287,119.7439814,6.470849991,297.9751282,0,213.5095978,43.135849,9.999999747e-05,81335.85938,16.82548523,2.787044264
42,0,81.79247828,26.30881538,62.38617501,0.937523647,122.0584272,6.470375538,297.9706726,0,225,40.83457184,9.999999747e-05,81427.28906,16.80628967,2.789579781
42.20000076,0,81.49639735,26.29361776,62.16953125,0.9345904713,124.2596422,6.472634315,297.9734497,0,225,38.40200806,9.999999747e-05,81519.16406,16.78526115,2.815278714
42.40000153,0,81.69967485,26.30921002,62.01316628,0.9349533658,123.6856317,6.475776196,297.9784241,0,225,38.29411697,9.999999747e-05,81611,16.78728294,2.83299261
42.59999847,0,82.0093843,26.33030261,61.86399767,0.9361604544,122.7830183,6.480567455,297.9862671,0,225,38.98887634,9.999999747e-05,81702.79688,16.79541206,2.858611529
42.79999924,0,82.41077522,26.3582715,61.70372658,0.9379641612,121.5079215,6.483992577,297.9899292,0,225,40.85671997,9.999999747e-05,81794.39844,16.80763626,2.861626547
43,0,82.77138079,26.38225901,61.55627887,0.9395070213,120.4544903,6.485506535,297.9898376,0,225,41.54634094,9.999999747e-05,81885.82031,16.81825256,2.858934432
43.20000076,0,83.02825587,26.39764548,61.41973307,0.9403770605,119.9050863,6.484954834,297.98703,0,225,41.10622406,9.999999747e-05,81977.14062,16.82439804,2.852865947
43.40000153,0,83.1689662,26.40373887,61.29529977,0.9404854609,119.87991,6.485195637,297.9876404,0,225,39.75690079,9.999999747e-05,82068.50781,16.82526016,2.867486775
43.59999847,0,83.31675539,26.41141979,61.16096262,0.9405898366,119.769622,6.482240677,297.9830017,0,225,39.50043106,9.999999747e-05,82159.79688,16.82612801,2.850113212
43.79999924,0,83.33108386,26.40752659,61.05854091,0.9398738558,120.2503902,6.478113174,297.9790039,0,225,37.43408966,9.999999747e-05,82251.14844,16.82157898,2.845274365
44,0,83.2461275,26.39634866,60.96771175,0.9385378407,121.0961981,6.475048065,297.9788208,0,225,35.45563126,9.999999747e-05,82342.65625,16.81274223,2.857034771
44.20000076,0,83.19432084,26.3889116,60.87137265,0.9373743815,121.6981221,6.471866131,297.9788513,0,225,34.63066483,9.999999747e-05,82434.26562,16.80498314,2.860007455
44.40000153,0,83.1437049,26.3814709,60.78427554,0.9362350703,122.2484683,6.467727184,297.9777222,0,225,33.84512329,9.999999747e-05,82525.92969,16.79748154,2.85537731
44.59999847,0,83.0357088,26.36936308,60.71549861,0.9347878185,122.9836606,6.466211796,297.9814148,0,225,32.6624794,9.999999747e-05,82617.77344,16.78797722,2.880470084
44.79999924,0,83.04414492,26.36737627,60.62390415,0.9340151246,123.2012768,6.465895653,297.9856873,0,225,33.11052322,9.999999747e-05,82709.6875,16.78284836,2.896694968
45,0,83.13116505,26.37119011,60.52560959,0.9337237642,123.1230773,6.467633724,297.9919128,0,225,33.86384964,9.999999747e-05,82801.67188,16.78096581,2.922598297
45.20000076,0,83.32152595,26.38320403,60.40944637,0.9340428579,122.6660334,6.466138363,297.990448,0,225,35.43600464,9.999999747e-05,82893.50781,16.78319359,2.90274197
45.40000153,0,83.34944031,26.38116542,60.34120787,0.9335041869,122.8501924,6.46270752,297.9867249,0,225,34.58805847,9.999999747e-05,82985.32812,16.78012276,2.890057528
45.59999847,0,83.23209413,26.36828882,60.30511529,0.9321638688,123.5073847,6.461061954,297.9873352,0,225,32.95750046,9.999999747e-05,83077.28906,16.77182388,2.908392161
45.79999924,0,83.18544019,26.36228341,60.25320384,0.9311792501,123.8113322,6.461647987,297.9912109,0,225,32.69974899,9.999999747e-05,83169.35938,16.76568031,2.933733096
46,0,83.26390505,26.36628119,60.17937603,0.9308757588,123.6512156,6.465467453,297.9989929,0,225,33.54950714,9.999999747e-05,83261.50781,16.76390839,2.9727929
46.20000076,0,83.51123918,26.38381116,60.07069688,0.9314925429,122.8976178,6.467806816,298.0012817,0,225,35.88277054,9.999999747e-05,83353.53906,16.7680397,2.970196832
46.40000153,0,83.69024342,26.39481293,59.99124849,0.9317951652,122.4220073,6.471138,298.0045166,0,225,36.56801224,9.999999747e-05,83445.54688,16.77036476,2.990025803
46.59999847,0,83.87809111,26.40746142,59.90907692,0.9321534892,121.8708402,6.471530437,298.0012207,0,225,37.72322083,9.999999747e-05,83537.40625,16.77310562,2.971454629
46.79999924,0,83.91351125,26.4072429,59.87547149,0.9317276284,121.8710501,6.468653679,297.9936829,0,225,36.72535706,9.999999747e-05,83629.17188,16.7710743,2.945275409
47,0,83.75733169,26.39179851,59.89544113,0.9303001159,122.5138989,6.469535828,297.9951782,0,225,34.19754791,9.999999747e-05,83721.13281,16.76273727,2.983804352
47.20000076,0,83.75088958,26.39050743,59.87101158,0.9295926062,122.4921693,6.47381258,298.0018005,0,225,34.53268051,9.999999747e-05,83813.19531,16.75863647,3.025972279
47.40000153,0,83.91994526,26.40342178,59.80619533,0.9297789168,121.8234399,6.473917961,297.9983826,0,225,36.62524414,9.999999747e-05,83905.03906,16.76007843,2.993481584
47.59999847,0,83.9136271,26.3999645,59.80869406,0.9291182824,121.8532099,6.47807169,298.0034485,0,225,35.45997238,9.999999747e-05,83997.01562,16.75664902,3.041974762
47.79999924,181.9787278,109.1721117,29.26998822,65.33551919,0.9290479837,131.2173596,6.474703312,298.0555725,0,225,37.17923355,9.999999747e-05,84060.6875,16.6065197,2.916395268
48,181.3707041,109.7251296,29.34374769,65.45176841,0.9283124324,129.7333435,6.46795702,298.0739136,0,225,55.25361252,9.999999747e-05,84124.1875,16.60157776,2.94427462
48.20000076,180.350687,111.14628,29.482958,65.63908375,0.9294782313,127.0854125,6.46327877,298.0874634,0,225,63.26708603,9.999999747e-05,84187.83594,16.59865379,2.911210496
48.40000153,180.1010115,111.8371838,29.55546286,65.75056976,0.929795611,125.2218569,6.457471848,298.0875854,0,225,70.58408356,9.999999747e-05,84251.29688,16.59861755,2.927272965
48.59999847,180.379491,112.3741906,29.60290262,65.84634837,0.9297217033,123.0998131,6.447514534,298.0715027,0,225,73.79695129,9.999999747e-05,84314.24219,16.60083961,2.974410792
48.79999924,181.2777326,112.6457245,29.61057711,65.94816083,0.9286517454,120.0523251,6.438371181,298.0600891,0,225,71.53910065,9.999999747e-05,84376.47656,16.59009552,2.991000137
49,182.0504959,112.6022189,29.59137161,66.02979314,0.9270683844,117.3851903,6.429073334,298.0484619,0,225,70.39955902,9.999999747e-05,84437.97656,16.57862854,3.018082903
49.20000076,182.8405252,112.5576382,29.57149427,66.1088256,0.9255357416,114.7470046,6.422832012,298.0458374,0,225,68.72584534,9.999999747e-05,84498.875,16.56315613,3.025961242
49.40000153,183.2521202,112.4931411,29.55869812,66.16859977,0.9243589281,112.9075738,6.415915966,298.0386353,0,225,69.73187256,9.999999747e-05,84559.26562,16.55568886,3.053576375
49.59999847,183.8433429,112.4978335,29.55057043,66.22791731,0.9233854073,110.9742281,6.408829689,298.0310059,0,225,68.9861145,9.999999747e-05,84619.11719,16.54868698,3.076224691
49.79999924,184.3692814,112.373663,29.52797075,66.27717227,0.922220941,109.1731368,6.40302372,298.0270081,0,225,67.84959412,9.999999747e-05,84678.5,16.53910446,3.094153688
50,184.7238691,112.2370186,29.50736372,66.31749591,0.9211929551,107.7244087,6.400309563,298.0302124,0,225,67.69646454,9.999999747e-05,84737.60156,16.52816582,3.102838541
50.20000076,184.7955687,112.2356081,29.50954845,66.35262769,0.9206926641,106.8322535,6.399215221,298.0340271,0,225,69.8395462,9.999999747e-05,84796.57031,16.52235985,3.113511033
50.40000153,184.867339,112.3735474,29.53043756,66.38459848,0.9206579275,106.2006101,6.399612904,298.0384216,0,225,72.26329041,9.999999747e-05,84855.5,16.51935005,3.120727317
50.59999847,184.8412948,112.550625,29.55798257,66.41038028,0.9208345572,105.8377818,6.401880741,298.0446472,0,225,75.03125,9.999999747e-05,84914.50781,16.51702499,3.12221118
50.79999924,184.6926522,112.7796488,29.59449028,66.42946773,0.9212585523,105.8014248,6.403231621,298.0435181,0,225,78.58836365,9.999999747e-05,84973.5625,16.52046776,3.142835848
51,184.7690879,112.9619432,29.62098543,66.44060034,0.921607768,105.6742561,6.402815819,298.0354309,0,225,79.82785034,9.999999747e-05,85032.54688,16.52498055,3.170405458
51.20000076,184.8860592,112.9551484,29.61991602,66.44630217,0.9214433548,105.3346713,6.405712128,298.0389709,0,225,78.6759491,9.999999747e-05,85091.59375,16.5191555,3.169424667
51.40000153,184.4895886,112.9621496,29.62877498,66.44818549,0.9214027712,105.5477509,6.408159733,298.0375061,0,225,81.28562164,9.999999747e-05,85150.75,16.51982689,3.191770018
51.59999847,184.4932449,113.0816055,29.6479756,66.44649302,0.9216891135,105.6882929,6.409835339,298.0325317,0,225,82.21788788,9.999999747e-05,85209.9375,16.52280617,3.214191547
51.79999924,184.470022,113.0828977,29.65065247,66.44027378,0.9216814096,105.7603183,6.414228916,298.0370178,0,225,81.91361237,9.999999747e-05,85269.28906,16.5187912,3.214576699
52,184.1555073,113.090766,29.66047539,66.42428669,0.9218210864,106.3487315,6.416344166,298.0302124,0,225,84.72602081,9.999999747e-05,85328.72656,16.52381897,3.249456099
52.20000076,184.3412869,113.1334901,29.66663817,66.4086159,0.9219977669,106.543667,6.418653488,298.0255127,0,225,83.73207855,9.999999747e-05,85388.1875,16.52504158,3.267736376
52.40000153,184.229733,113.0133224,29.65497245,66.38880769,0.9217665674,106.8366865,6.421494961,298.0228882,0,225,83.28683472,9.999999747e-05,85447.74219,16.5236721,3.286794509
52.59999847,184.16121,112.9158726,29.64703542,66.36547095,0.9216178501,107.2362912,6.4227314,298.0144958,0,225,83.38189697,9.999999747e-05,85507.28906,16.5261116,3.315101499
52.79999924,184.2580665,112.8071007,29.63385317,66.34782943,0.9213550843,107.3280857,6.422645092,298.0040894,0,225,81.3653717,9.999999747e-05,85566.75,16.52726746,3.339411625
53,184.2452559,112.6069648,29.60879296,66.3384003,0.9207479833,107.1662643,6.421170235,297.9926453,0,225,78.37963867,9.999999747e-05,85626.05469,16.52635956,3.361305167
53.20000076,184.1740342,112.3777851,29.57939661,66.34122557,0.9199312489,106.7076618,6.423429966,297.9969482,0,225,74.6624527,9.999999747e-05,85685.39844,16.51675797,3.377289959
53.40000153,183.8594074,112.1859183,29.5640151,66.3280264,0.9193969798,106.9741741,6.425280571,297.9975891,0,225,75.95314026,9.999999747e-05,85744.79688,16.51491165,3.397053701
53.59999847,183.9646569,112.1915024,29.56881727,66.31787607,0.9193701338,107.1165751,6.42443943,297.9894714,0,225,76.02639771,9.999999747e-05,85804.08594,16.5188942,3.413168995
53.79999924,184.0609042,112.1213422,29.55953284,66.32232281,0.9190034066,106.7410785,6.428592682,298.0007324,0,225,73.13664246,9.999999747e-05,85863.51562,16.50985527,3.428467638
54,183.8151524,111.9623215,29.55202034,66.29385839,0.9186983231,107.4268775,6.434483528,298.0137329,0,225,76.68585205,9.999999747e-05,85923.20312,16.50596809,3.44226283
54.20000076,184.0996728,112.0309799,29.57080935,66.24856528,0.9191532051,108.4711322,6.441730499,298.0281067,0,225,81.11037445,9.999999747e-05,85983.17969,16.50654793,3.450666863
54.40000153,184.5391809,112.0458063,29.58309559,66.17808404,0.9196936572,109.9308469,6.445928574,298.0242615,0,225,86.48852539,9.999999747e-05,86043.21875,16.51619339,3.476994662
54.59999847,185.2330077,112.0138527,29.57809072,66.11612998,0.91999242,110.7876979,6.451877594,298.0291443,0,225,86.11074829,9.999999747e-05,86103.42188,16.51587486,3.490575478
54.79999924,185.565235,111.6947359,29.54713203,66.03129552,0.919681421,112.1488398,6.45754385,298.0300293,0,225,88.73032379,9.999999747e-05,86163.75,16.51626778,3.513528535
55,186.2190338,111.4355252,29.51838427,65.94120653,0.9195223047,113.4388447,6.462472916,298.0263672,0,225,90.09442139,9.999999747e-05,86224.11719,16.51833534,3.536304929
55.20000076,186.8786761,111.0893588,29.47800692,65.85083904,0.9191179824,114.5965836,6.466553688,298.0189514,0,225,89.94763184,9.999999747e-05,86284.45312,16.51935959,3.558503987
55.40000153,187.5099456,110.6730232,29.42918458,65.76504113,0.9184644838,115.5741129,6.468524456,298.0035706,0,225,88.40679169,9.999999747e-05,86344.61719,16.52103233,3.574636821
55.59999847,188.0705227,110.2518437,29.37759476,65.70089959,0.9176111191,116.0597465,6.470443726,297.9926758,0,225,83.86950684,9.999999747e-05,86404.65625,16.51784515,3.592382749
55.79999924,188.4181105,109.7511692,29.322914,65.64249656,0.91648132,116.5349903,6.473013878,297.9875488,0,225,80.35424042,9.999999747e-05,86464.61719,16.51185799,3.612726471
56,188.8194002,109.2947699,29.27543774,65.58161648,0.915456392,117.1194012,6.474170685,297.9781799,0,225,78.4000473,9.999999747e-05,86524.40625,16.50940514,3.619396505
56.20000076,189.2350741,108.9619551,29.23815544,65.54036281,0.9146133925,117.3372791,6.475475311,297.9729614,0,225,74.73304749,9.999999747e-05,86584.07031,16.50535965,3.63333083
56.40000153,189.5172275,108.5906086,29.20066991,65.50172807,0.9136343479,117.5879572,6.478787899,297.9778442,0,225,72.18791199,9.999999747e-05,86643.75,16.49768639,3.662149877
56.59999847,189.9256142,108.2096973,29.16639345,65.4431855,0.9127251153,118.2675032,6.482340336,297.9822998,0,225,72.89270782,9.999999747e-05,86703.39844,16.4929924,3.679049976
56.79999924,190.5265257,107.9292521,29.13969444,65.38186634,0.9120962146,118.9597497,6.484361649,297.9791565,0,225,73.57000732,9.999999747e-05,86762.89844,16.49251938,3.678726682
57,191.082053,107.687643,29.1134073,65.33612132,0.9114873035,119.3137019,6.484669209,297.9710083,0,225,71.78875732,9.999999747e-05,86822.1875,16.49209976,3.672047592
57.20000076,191.4086366,107.4392107,29.08646101,65.31216342,0.9107022325,119.3004087,6.484690666,297.9654236,0,225,68.21932983,9.999999747e-05,86881.30469,16.48850441,3.677031414
57.40000153,191.5765059,107.1712214,29.06034264,65.29604231,0.9097657026,119.2183094,6.484099865,297.9604492,0,225,65.25863647,9.999999747e-05,86940.25781,16.48415947,3.676836869
57.59999847,191.6571769,106.9868803,29.04249034,65.29331509,0.908936345,118.9626214,6.485063553,297.963501,0,225,62.28785706,9.999999747e-05,86999.16406,16.47761154,3.702022875
57.79999924,191.8093187,106.7571555,29.02373,65.2740006,0.9080459524,119.0444569,6.486505985,297.9678955,0,225,61.90296173,9.999999747e-05,87058.01562,16.47197151,3.71622627
58,192.098349,106.6058706,29.0115007,65.25078413,0.9073762612,119.196839,6.48561573,297.9637146,0,225,62.0243721,9.999999747e-05,87116.65625,16.47078705,3.694420594
58.20000076,192.1950823,106.5866668,29.00847663,65.25949809,0.9069128464,118.8164233,6.484520912,297.9617615,0,225,59.34361649,9.999999747e-05,87175.17969,16.4681263,3.697636405
58.40000153,192.1093999,106.4968929,29.0014591,65.27235713,0.9062062303,118.4134268,6.482143402,297.9579163,0,225,57.34628296,9.999999747e-05,87233.52344,16.46500015,3.685426882
58.59999847,191.8593335,106.5229655,29.00467408,65.3082009,0.9056665862,117.6796958,6.480062008,297.9579163,0,225,54.60017395,9.999999747e-05,87291.78125,16.46097374,3.693399713
58.79999924,191.5388275,106.5322224,29.00829656,65.34363493,0.9050627185,117.0028957,6.478285313,297.960144,0,225,53.04745865,9.999999747e-05,87349.96875,16.45650673,3.701779143
59,191.2536832,106.5881941,29.01682286,65.37878252,0.9045728657,116.3630668,6.475839138,297.9611511,0,225,52.23650742,9.999999747e-05,87408.04688,16.45353508,3.69776002
59.20000076,190.8880669,106.7169283,29.03184306,65.42664647,0.9042348021,115.5441063,6.474786758,297.9670105,0,225,51.06904221,9.999999747e-05,87466.125,16.44944763,3.721930565
59.40000153,190.6540895,106.7666909,29.04114418,65.45423481,0.9037632553,115.0595198,6.471487522,297.9657898,0,225,51.62620544,9.999999747e-05,87524.04688,16.4480381,3.696812836
59.59999847,190.2137935,106.9962593,29.06501037,65.51820829,0.9036622116,114.0048558,6.467638016,297.965332,0,225,49.92458725,9.999999747e-05,87581.875,16.44704056,3.694314836
59.79999924,189.5625269,107.1713511,29.08466071,65.58991296,0.9034029009,112.8450006,6.464009285,297.9670105,0,225,48.49504852,9.999999747e-05,87639.63281,16.44446754,3.701248926
60,188.9108817,107.3543839,29.10584726,65.66097358,0.903159806,111.7156272,6.459303379,297.9668579,0,225,47.78150558,9.999999747e-05,87697.28125,15.2822504,3.690831105
60.20000076,194.1064179,105.7289507,28.84768049,65.4656681,0.8881766106,110.7656172,6.458084106,297.9709778,0,225,46.4762001,9.999999747e-05,87753.3125,15.15258312,3.712933561
60.40000153,194.883381,105.4097015,28.80722494,65.43130229,0.8860165039,110.7688706,6.458477497,297.9772034,0,225,46.65557098,9.999999747e-05,87809.16406,15.12036133,3.735447739
60.59999847,195.1966814,105.3232737,28.79875781,65.41430915,0.8850080056,110.8050472,6.458060265,297.9793396,0,225,47.68151855,9.999999747e-05,87864.88281,15.10576248,3.727251744
60.79999924,195.2579356,105.3472675,28.80239831,65.42135218,0.8844614634,110.5781551,6.458470345,297.9833069,0,225,47.52097321,9.999999747e-05,87920.58594,15.08592701,3.744773863
61,195.4715681,105.266752,28.79476904,65.4071213,0.8835583572,110.596807,6.459760666,297.9881287,0,225,48.09976578,9.999999747e-05,87976.25781,15.06385136,3.762947823
61.20000076,195.9329188,105.1436113,28.78198967,65.37267411,0.8824933711,110.8497872,6.460421562,297.9893188,0,225,49.10481644,9.999999747e-05,88031.82812,15.04844761,3.757311708
61.40000153,196.2552378,105.0726928,28.77445631,65.3524386,0.8816750942,110.9343503,6.461903095,297.992157,0,225,49.03595734,9.999999747e-05,88087.375,15.02733135,3.774970733
61.59999847,196.7398659,104.9011884,28.75584865,65.3107708,0.8804638939,111.2580535,6.464681625,297.9970398,0,225,49.60746384,9.999999747e-05,88142.89844,15.00133514,3.800762423
61.79999924,197.5695418,104.6528422,28.72819178,65.23892687,0.8788941045,111.9205665,6.465756416,297.9946899,0,225,50.97356033,9.999999747e-05,88198.23438,14.98927689,3.775646739
62,198.0097429,104.5427512,28.71521389,65.20688829,0.8779910278,112.1270325,6.466112614,297.9911499,0,225,50.01789474,9.999999747e-05,88253.46094,14.97632504,3.766864447
62.20000076,198.1923569,104.4084534,28.70023772,65.18802458,0.8770134477,112.1755386,6.467438221,297.991272,0,225,48.61185837,9.999999747e-05,88308.66406,14.954669,3.785612912
62.40000153,198.6101309,104.1939571,28.67639689,65.14551563,0.875583477,112.4854065,6.469185829,297.9920044,0,225,48.34556198,9.999999747e-05,88363.80469,14.93286037,3.795106284
62.59999847,199.1742453,103.9884326,28.65301432,65.09472552,0.8741151143,112.8888136,6.471301079,297.9930725,0,225,48.2741394,9.999999747e-05,88418.875,14.9108429,3.804387627
62.79999924,199.8253252,103.7670037,28.62760384,65.03612606,0.8725173081,113.3755861,6.473990917,297.994873,0,225,48.33233643,9.999999747e-05,88473.875,14.88673687,3.817953417
63,200.6158396,103.5110283,28.59796392,64.96449202,0.8706786501,113.9980512,6.474831104,297.990448,0,225,48.68502426,9.999999747e-05,88528.67188,14.87458229,3.786008489
63.20000076,200.9716716,103.3860109,28.5829111,64.93545319,0.8696037482,114.1580383,6.477412224,297.9923096,0,225,46.95618439,9.999999747e-05,88583.48438,14.84800339,3.821039875
63.40000153,201.6698493,103.0996141,28.55018665,64.86488297,0.8674873169,114.7508977,6.480607986,297.9946594,0,225,47.27088928,9.999999747e-05,88638.22656,14.82034779,3.835526434
63.59999847,202.589121,102.8276443,28.51772812,64.78230667,0.8652936581,115.4687011,6.481642723,297.9897156,0,225,47.78656387,9.999999747e-05,88692.73438,14.80792522,3.795421406
63.79999924,202.9937987,102.6999638,28.50180867,64.7493847,0.8640879803,115.6651922,6.482728004,297.9867859,0,225,45.85877991,9.999999747e-05,88747.15625,14.79017639,3.798041821
64,203.3267996,102.523897,28.48136059,64.71362396,0.8624943756,115.879588,6.484014034,297.9854736,0,225,44.50439072,9.999999747e-05,88801.51562,14.76906872,3.802988722
64.19999695,203.7370366,102.3573058,28.46143085,64.67367176,0.8607931984,116.1367978,6.482227325,297.9772644,0,225,43.5725174,9.999999747e-05,88855.64062,14.76429749,3.745249548
64.40000153,203.4488907,102.3893199,28.46495136,64.70218466,0.8605414414,115.6983631,6.481986523,297.9766846,0,225,40.20866013,9.999999747e-05,88909.79688,14.74603653,3.774705106
64.59999847,203.4210606,102.2995902,28.45518209,64.69604406,0.8592068458,115.6071175,6.478098869,297.9689331,0,225,39.21505737,9.999999747e-05,88963.73438,14.74568558,3.707975098
64.80000305,202.625889,102.467905,28.4753452,64.77147572,0.8598112868,114.6970741,6.473787785,297.9650574,0,225,35.67226791,9.999999747e-05,89017.65625,14.74317169,3.70112355
65,201.5974792,102.6198019,28.49536899,64.85641551,0.8602838157,113.6831645,6.470634937,297.9665833,0,225,33.229496,9.999999747e-05,89071.65625,14.73222446,3.722145235
65.19999695,200.8773337,102.7363659,28.51065093,64.91706954,0.8602791552,112.9260189,6.46676445,297.9674683,0,225,32.47136307,9.999999747e-05,89125.625,14.72602558,3.710737542
65.40000153,200.0233638,102.9303957,28.53489454,64.99619972,0.8608099326,111.9887396,6.465339184,297.9741821,0,225,31.51005745,9.999999747e-05,89179.72656,14.70811367,3.756940053
65.59999847,199.7613336,102.9930121,28.54314675,65.02109647,0.8601852184,111.6150576,6.462839127,297.9769287,0,225,32.60220337,9.999999747e-05,89233.75781,14.69849873,3.739910552
65.80000305,199.308587,103.1510152,28.56237223,65.07173082,0.8603441844,110.9851186,6.461955547,297.9826965,0,225,32.52672958,9.999999747e-05,89287.85156,14.68110085,3.772521218
66,199.2196581,103.1936325,28.56784976,65.08443914,0.8596349374,110.7456607,6.461486816,297.9874268,0,225,33.63620758,9.999999747e-05,89341.94531,14.66334724,3.783000885
66.19999695,199.2898627,103.2352381,28.57239415,65.08808227,0.8588771026,110.6043042,6.460207462,297.9888306,0,225,34.57090378,9.999999747e-05,89395.96094,14.65137863,3.770760087
66.40000153,199.1553766,103.2995944,28.58025552,65.10861754,0.8585605049,110.2910125,6.45919466,297.9904175,0,225,34.54714966,9.999999747e-05,89449.96875,14.63755226,3.777958544
66.59999847,199.0574359,103.3205248,28.58324156,65.12120314,0.8580243284,110.0584203,6.458878517,297.9928284,0,225,34.66859818,9.999999747e-05,89503.98438,14.62014675,3.792797753
66.80000305,199.1470124,103.3082354,28.5816628,65.11765416,0.8571497888,109.9928648,6.457378387,297.9916992,0,225,35.12797928,9.999999747e-05,89557.91406,14.60991001,3.772165192
67,198.9621838,103.3476506,28.58707867,65.13979787,0.8569658555,109.6691891,6.457495689,297.9943848,0,225,34.45744705,9.999999747e-05,89611.89062,14.5905714,3.80406691
67.19999695,199.1295839,103.292465,28.58032279,65.12508965,0.855799196,109.7186305,6.456169128,297.9927063,0,225,35.07269669,9.999999747e-05,89665.76562,14.57980537,3.777787417
67.40000153,199.0058225,103.3178421,28.58393548,65.14222741,0.8555719498,109.4518521,6.454829216,297.9916687,0,225,34.26877594,9.999999747e-05,89719.61719,14.56880951,3.778393424
67.59999847,198.8142817,103.3101454,28.5843319,65.15825951,0.8552194964,109.1953169,6.456745148,297.9976501,0,225,33.65165329,9.999999747e-05,89773.60156,14.53961945,3.842244553
67.80000305,199.4347181,103.1885782,28.56749308,65.10363612,0.8530288645,109.6491779,6.45605278,297.9952393,0,225,35.40753174,9.999999747e-05,89827.39062,14.52735233,3.792888381
68,199.5235452,103.2034073,28.56872265,65.10669984,0.852618494,109.534861,6.45302248,297.9891357,0,225,34.44606781,9.999999747e-05,89881.03906,14.52688789,3.749411768
68.19999695,198.9248908,103.2360221,28.57613741,65.15724219,0.8533035786,108.9431417,6.44985342,297.9855042,0,225,32.1788063,9.999999747e-05,89934.6875,14.52468109,3.745493734
68.40000153,198.2395093,103.2449971,28.58161085,65.20893548,0.8538900239,108.3391331,6.449211121,297.9883118,0,225,30.5586319,9.999999747e-05,89988.44531,14.50819683,3.791903588
68.59999847,198.2036308,103.1924777,28.57652492,65.20772001,0.853063479,108.2677539,6.446043968,297.98526,0,225,31.01961327,9.999999747e-05,90042.07031,14.50594425,3.743823777
68.80000305,197.6564643,103.2564233,28.58781658,65.26050276,0.8539254416,107.6675862,6.442091465,297.9825134,0,225,29.50198936,9.999999747e-05,90095.64844,14.50786018,3.728358514
69,196.8253952,103.2944068,28.59804612,65.32720951,0.8550483177,106.9264278,6.437455654,297.9802246,0,225,28.02629089,9.999999747e-05,90149.21094,14.51184845,3.713660231
69.19999695,195.8514709,103.3437601,28.61067008,65.40581697,0.8565083691,106.0686446,6.43380785,297.9812317,0,225,26.60284615,9.999999747e-05,90202.82812,14.51023006,3.729863938
69.40000153,195.1340069,103.3627977,28.61864519,65.46300166,0.8573955888,105.4290612,6.431361675,297.9843445,0,225,26.22210693,9.999999747e-05,90256.50781,14.50267124,3.75097514
69.59999847,194.7672954,103.3731577,28.62386343,65.49640049,0.8577302987,105.0338001,6.4300704,297.9884949,0,225,26.5863266,9.999999747e-05,90310.21875,14.49033737,3.772638255
69.80000305,194.7124396,103.3710672,28.6259282,65.50754794,0.8575443517,104.8660681,6.429793835,297.9928284,0,225,27.40638733,9.999999747e-05,90363.9375,14.47412682,3.792784662
70,194.9151136,103.3526451,28.62448924,65.49909227,0.8568884059,104.8972929,6.427388191,297.9914246,0,225,28.44240761,9.999999747e-05,90417.51562,14.47053051,3.752313119
70.19999695,194.6396788,103.3685774,28.62989134,65.52993666,0.8574681446,104.5377748,6.423647404,297.9883423,0,225,27.65613747,9.999999747e-05,90471.01562,14.47309685,3.725640321
70.40000153,193.9985214,103.3466584,28.63334431,65.5808645,0.8586015868,103.9793939,6.421616077,297.989563,0,225,26.27542305,9.999999747e-05,90524.58594,14.46540546,3.755400858
70.59999847,193.7414807,103.2734253,28.62875925,65.59795887,0.8587437055,103.7642668,6.418913364,297.9889832,0,225,26.28871918,9.999999747e-05,90578.10156,14.46203709,3.739965886
70.80000305,193.4155788,103.2426163,28.62968272,65.62759336,0.8593743248,103.4270754,6.415466785,297.9874268,0,225,25.69067383,9.999999747e-05,90631.57031,14.46266747,3.723149884
71,192.922796,103.1936095,28.62971067,65.66700443,0.8603345033,102.9955098,6.412844658,297.9879761,0,225,24.74334526,9.999999747e-05,90685.05469,14.45834064,3.735612062
71.19999695,192.6187973,103.1162041,28.62551067,65.68976516,0.8608275773,102.7352767,6.410711765,297.9891052,0,225,24.47608185,9.999999747e-05,90738.53906,14.45199871,3.741950002
71.40000153,192.4630174,103.0486796,28.62166772,65.70428567,0.861140448,102.5604056,6.404754162,297.9833374,0,225,24.40224838,9.999999747e-05,90791.83594,14.46624565,3.66443063
71.59999847,191.6008942,102.9934295,28.6239285,65.77404375,0.8632998549,101.8358555,6.399875641,297.9821472,0,225,21.99793243,9.999999747e-05,90845.17188,14.4713726,3.678574911
71.80000305,190.9474535,102.8343554,28.61340099,65.81611544,0.8646225486,101.4000492,6.394764423,297.9811707,0,225,21.0064621,9.999999747e-05,90898.47656,14.47734642,3.666171548
72,190.4075119,102.6996003,28.60545666,65.85726079,0.8660602517,100.9775254,6.391219616,297.9832764,0,225,20.00858879,9.999999747e-05,90951.82031,14.47458649,3.689744306
72.19999695,190.1963114,102.5507172,28.59422098,65.87393385,0.8667883783,100.8072864,6.391840458,297.991272,0,225,20.04048347,9.999999747e-05,91005.28906,14.45159721,3.767964061
72.40000153,190.6620961,102.4620784,28.585493,65.84511764,0.8659334349,101.0895733,6.392646313,297.9960327,0,225,22.15093994,9.999999747e-05,91058.70312,14.43489647,3.771566772
72.59999847,191.1616053,102.4567117,28.58501848,65.8211358,0.8652262083,101.3075937,6.392014503,297.9961853,0,225,23.40692711,9.999999747e-05,91112,14.4271965,3.74368704
72.80000305,114.2843232,97.55809438,29.44273055,67.21802934,0.8201778808,91.07326586,6.395484447,298.0003967,0,225,23.27507591,9.999999747e-05,91177.99219,14.05878448,3.74643118
73,113.6696663,98.39634251,29.33552192,67.22811628,0.8086990613,91.47003826,6.398822784,298.0033875,0,225,24.5821209,9.999999747e-05,91244.39844,13.94634819,3.762752771
73.19999695,113.113587,99.25539459,29.34689491,67.26977842,0.8042441101,91.16986345,6.403183937,298.0082703,0,225,25.59430122,9.999999747e-05,91311.13281,13.88160706,3.810004857
73.40000153,111.9436099,100.4315588,29.40756417,67.34314392,0.8004483856,90.43851327,6.40637064,298.0111084,0,225,27.38711739,9.999999747e-05,91378.25,13.82864475,3.822387871
73.59999847,111.3516358,101.3602139,29.44903087,67.39999171,0.7972138654,89.92179386,6.406224251,298.0080261,0,225,28.6403389,9.999999747e-05,91445.50781,13.79653168,3.781720654
73.80000305,111.4991059,101.3179131,29.42701612,67.41342411,0.7957400513,89.88571827,6.40783453,298.0084229,0,225,27.97230339,9.999999747e-05,91512.78906,13.76471996,3.816833382
74,110.6740907,101.8338584,29.44984155,67.46493121,0.7933839082,89.4036485,6.408835888,298.0079651,0,225,28.43787193,9.999999747e-05,91580.26562,13.7304163,3.82051703
74.19999695,110.3599047,102.1877148,29.45674217,67.50008193,0.7912977308,89.12705048,6.405864716,298.0006714,0,225,28.59092903,9.999999747e-05,91647.67969,13.72021484,3.749297302
74.40000153,110.8993634,101.2479183,29.38281666,67.47817317,0.7916217267,89.43941872,6.403269291,297.9945984,0,225,26.37254143,9.999999747e-05,91714.78906,13.72410011,3.728227968
74.59999847,110.6119284,100.4178195,29.32875317,67.48029602,0.7918878051,89.4407075,6.398375988,297.9855652,0,225,24.36179352,9.999999747e-05,91781.61719,13.74002838,3.656612539
74.80000305,111.0289413,98.89131095,29.22718531,67.44781243,0.7933438589,89.82138764,6.392147541,297.975708,0,225,21.0856781,9.999999747e-05,91847.9375,13.77016163,3.58272215
75,111.5765135,97.04604994,29.10500799,67.40640607,0.7952917469,90.29716533,6.388442039,297.9711609,0,225,17.21550179,9.999999747e-05,91913.80469,13.78897381,3.57617035
75.19999695,111.2960427,95.99375725,29.03790475,67.40635517,0.7958924088,90.32302945,6.386451721,297.9701233,0,225,14.8063755,9.999999747e-05,91979.47656,13.78991699,3.578259882
75.40000153,110.9554133,95.4366657,29.000472,67.41919553,0.7956769858,90.2263067,6.383657455,297.9685669,0,225,13.39858437,9.999999747e-05,92044.98438,13.79008007,3.544460496
75.59999847,111.2471149,94.68655046,28.94346528,67.41165098,0.7957858764,90.3709223,6.382019043,297.9691162,0,225,11.75530148,9.999999747e-05,92110.26562,13.78617477,3.543731342
75.80000305,111.0795322,94.24342247,28.91177618,67.42269206,0.7954520263,90.30104177,6.377905369,297.9666443,0,225,10.77125454,9.999999747e-05,92175.32031,13.792202,3.47926117
76,112.1282767,93.20678885,28.82731776,67.38989037,0.796076889,90.73437423,6.373129368,297.9638672,0,225,8.754405975,9.999999747e-05,92239.89844,13.80596352,3.431546445
76.19999695,113.2875723,92.07359796,28.73290113,67.3527497,0.796857922,91.2128233,6.369829655,297.9635315,0,225,6.565578461,9.999999747e-05,92304.03125,13.812356,3.42360326
76.40000153,113.8872548,91.31883595,28.66920587,67.3376052,0.797078346,91.43838211,6.364730835,297.9614258,0,225,5.120758533,9.999999747e-05,92367.78125,13.82438946,3.362047679
76.59999847,115.6963646,90.25214293,28.56712615,67.28549398,0.7978417783,92.09479411,6.360249519,297.9606934,0,225,3.031378746,9.999999747e-05,92430.97656,13.83459282,3.337665195
76.80000305,117.2002348,89.37712174,28.47938469,67.24476852,0.7983312436,92.61714373,6.35208416,297.9564209,0,225,1.342787623,9.999999747e-05,92493.55469,13.8598175,3.233076905
77,121.1206298,88.01458741,28.31773734,67.13440919,0.799712175,93.9539662,6.343443871,297.9503784,0,225,9.999999747e-05,9.999999747e-05,92555.15625,13.88588428,3.173685929
77.19999695,125.9266231,86.81147782,28.14696816,67.00628415,0.8010428821,95.49491395,6.337027073,297.9436035,0,225,9.999999747e-05,9.999999747e-05,92615.77344,13.89842224,3.172440244
77.40000153,130.0392654,86.030869,28.01719983,66.90369242,0.8018465085,96.72382303,6.329778671,297.9612732,0,225,9.999999747e-05,11.81633854,92675.50781,13.91440392,3.124221694
77.59999847,134.91695,85.47043936,27.90495894,66.7940069,0.8027278891,98.1138052,6.324934959,297.9482422,0,225,4.03856945,1.18163383,92734.40625,13.91434002,3.147721214
77.80000305,139.5762992,85.00031307,27.79573515,66.68304756,0.8035300884,99.38770061,6.317700386,297.9857788,0,225,1.21157074,22.72311211,92792.34375,13.93363762,3.077600024
78,144.2888873,84.75573666,27.70721155,66.58555098,0.8042961569,100.6895558,6.314445972,297.9610596,0,225,12.31951141,2.272311211,92849.60938,13.92203617,3.1436417
78.19999695,149.7110427,84.48433168,27.61783573,66.46874434,0.8051434238,101.9904176,6.313631535,297.9474487,0,225,2.974765778,0.2272311151,92906.02344,13.9175148,3.1825683
78.40000153,147.7212913,84.14393269,27.59025581,66.50238292,0.8044838281,101.514916,6.314664364,297.9645691,0,225,0.8924297094,11.38088036,92962.71094,13.90163422,3.210437807
78.59999847,146.211617,84.14388341,27.62152646,66.54797993,0.8037982884,101.0369734,6.313774109,297.9494019,0,225,4.925168991,1.138088107,93019.54688,13.89703751,3.171994894
78.80000305,147.8645449,83.97431019,27.58958561,66.51744736,0.8040166062,101.3336792,6.312355042,297.9911194,0,225,1.477550626,23.87517929,93076.02344,13.89769936,3.153464569
79,148.1032822,84.04706887,27.60504106,66.52737686,0.803871371,101.3433139,6.311635971,297.9642639,0,225,14.09021568,2.387517929,93132.5,13.88597775,3.169593888
79.19999695,151.8455232,83.92275063,27.5632685,66.45763497,0.8044824536,102.0804775,6.312134266,297.9479065,0,225,4.175698757,0.2387517989,93188.38281,13.88193798,3.190375412
79.40000153,148.6988728,83.62376696,27.55704379,66.51861128,0.8036776665,101.2852192,6.313602924,297.9658508,0,225,1.252709627,12.78257656,93244.71094,13.86782169,3.20239768
79.59999847,146.6778285,83.65269261,27.59811856,66.57726988,0.8029395765,100.6668197,6.31619215,297.9518738,0,225,5.611265182,1.278257608,93301.39062,13.84848881,3.2293034
79.80000305,145.7318889,83.63209382,27.6246972,66.61073559,0.802539197,100.248121,6.31867981,297.9430542,0,225,9.999999747e-05,0.1278257668,93358.19531,13.83833313,3.229267605
80,142.2307622,83.54875125,27.65835969,66.69711209,0.8015439858,99.23250492,6.320943832,297.9582825,0,225,9.999999747e-05,10.54012394,93415.49219,13.82417488,3.224368395
80.19999695,140.4030673,83.69105931,27.71412013,66.76073955,0.8008206802,98.56897514,6.326176643,297.9504089,0,225,3.19008112,1.054012418,93473.20312,13.79438972,3.294406605
80.40000153,137.413529,83.92926997,27.7915373,66.85042259,0.7997814889,97.56167987,6.331391335,297.945282,0,225,9.999999747e-05,0.1054012328,93531.41406,13.77340031,3.306910269
80.59999847,132.7980028,84.2138098,27.87807283,66.9814361,0.7982028443,96.09934639,6.339074612,297.967804,0,225,9.999999747e-05,10.50391102,93590.46094,13.73524761,3.373087177
80.80000305,127.4791853,85.07438045,28.04504446,67.15344845,0.7960041851,94.27028436,6.348509312,297.9647522,0,225,5.754893303,1.050391078,93650.57812,13.68500519,3.446647109
81,123.379227,86.27834063,28.20690211,67.29899763,0.7936934727,92.7079102,6.357692719,297.9649353,0,225,3.325122595,0.1050391123,93711.57812,13.63862514,3.48834478
81.19999695,117.7343298,87.77621679,28.37942597,67.49060243,0.7902321728,90.65425527,6.366335392,297.9692383,0,225,2.087540865,0.01050391141,93773.75781,13.57963371,3.532733559
81.40000153,113.4734224,89.60389558,28.54537273,67.65362392,0.7864276236,88.97301041,6.375731945,297.9778748,0,225,2.26112771,0.001050391118,93837.04688,13.50642872,3.615629525
81.59999847,110.048041,92.08833709,28.73168028,67.80987349,0.7817225209,87.4294642,6.386456966,297.9908142,0,225,4.049947262,0.0001050391147,93901.51562,13.41164017,3.734827193
81.80000305,107.5583474,95.56160718,28.94978022,67.96379572,0.7754272545,86.01394331,6.396637917,298.0055542,0,225,7.617254257,9.999999747e-05,93967.21094,13.29838848,3.843876393
82,106.8639043,99.49439421,29.1567075,68.08023037,0.7682178835,85.13225059,6.406255722,298.0217896,0,225,12.26835728,9.999999747e-05,94034.01562,13.17017174,3.965019705
82.19999695,107.5779576,103.7028751,29.35408066,68.16851188,0.7600789452,84.69077188,6.411355972,298.0319214,0,225,17.95949554,9.999999747e-05,94101.60938,13.05933571,3.991724715
82.40000153,109.9620339,106.1760716,29.44281837,68.16913187,0.7550107481,85.15770914,6.414218426,298.0373535,0,225,22.15265465,9.999999747e-05,94169.44531,12.98688698,4.014720057
82.59999847,111.9521624,107.5781296,29.48739616,68.1590573,0.7518824384,85.60705704,6.415518284,298.0384216,0,225,25.1443367,9.999999747e-05,94237.32031,12.94243336,4.020109205
82.80000305,113.5698077,108.2055419,29.498138,68.14136881,0.7503083949,86.02103816,6.416736603,298.0378418,0,225,26.87193871,9.999999747e-05,94305.14844,12.91167545,4.037020806
83,114.6722927,108.743249,29.51118081,68.13790029,0.7488316612,86.23376071,6.417181015,298.0348206,0,225,28.10409737,9.999999747e-05,94372.9375,12.88825321,4.03480666
83.19999695,115.7845526,108.9252946,29.5035073,68.12293278,0.7481722768,86.52406829,6.416810989,298.0296631,0,225,28.49355507,9.999999747e-05,94440.58594,12.87772942,4.020260204
83.40000153,116.6756538,108.7259426,29.47786122,68.10352251,0.7483832635,86.79812745,6.417126179,298.0254211,0,225,28.03523064,9.999999747e-05,94508.08594,12.86876965,4.029824018
83.59999847,117.1711173,108.8175469,29.47310113,68.10465352,0.7478756463,86.86010791,6.418440819,298.0232849,0,225,27.72937393,9.999999747e-05,94575.58594,12.84639931,4.05690097
83.80000305,117.776473,109.374688,29.49112187,68.11440247,0.7463129874,86.89589738,6.418987751,298.0201111,0,225,27.9705677,9.999999747e-05,94643.07812,12.82181931,4.055553128
84,118.8010802,109.6103553,29.48571479,68.10051952,0.7455902054,87.1771374,6.416431904,298.0114441,0,225,27.77273369,9.999999747e-05,94710.32812,12.82805443,3.987052917
84.19999695,119.8236367,108.4497624,29.40648107,68.04758172,0.7481847265,87.71237985,6.414378643,298.0036926,0,225,25.55993462,9.999999747e-05,94777.14844,12.8557539,3.960689352
84.40000153,119.7255347,107.4526589,29.35504857,68.03855126,0.7501209352,87.72374038,6.412938595,297.9975586,0,225,23.37905502,9.999999747e-05,94843.71875,12.87389278,3.943082911
84.59999847,119.7148284,106.750644,29.31796858,68.03424024,0.7513829973,87.73143153,6.412528515,297.9939575,0,225,21.45647621,9.999999747e-05,94910.10156,12.87886429,3.944759077
84.80000305,119.8076257,106.5271551,29.30424916,68.03849399,0.7516133338,87.70954226,6.40956831,297.9870911,0,225,20.16744614,9.999999747e-05,94976.25781,12.8944521,3.875879852
85,120.4493922,105.2123907,29.22852575,67.99753413,0.7543403591,88.11506046,6.408331871,297.9833984,0,225,17.59898567,9.999999747e-05,95042.02344,12.91660309,3.872898398
85.19999695,120.1925867,104.6059484,29.2041341,68.00598029,0.7552873271,87.9925518,6.406533241,297.9797058,0,225,15.89794445,9.999999747e-05,95107.59375,12.92907333,3.839416678
85.40000153,120.5115475,103.8065257,29.16191992,67.99026474,0.7567822029,88.16370239,6.404050827,297.975647,0,225,14.0271492,9.999999747e-05,95172.83594,12.95022678,3.796067216
85.59999847,120.7691941,102.7161948,29.10840745,67.97143426,0.7588243983,88.34334156,6.401851654,297.9725342,0,225,11.89178562,9.999999747e-05,95237.72656,12.97346497,3.766076596
85.80000305,120.8603977,101.7517085,29.06500856,67.96223938,0.7605270822,88.42021321,6.403390408,297.9751587,0,225,9.930533409,9.999999747e-05,95302.47656,12.96805954,3.82259507
86,120.6827867,102.3624328,29.1010204,67.99555042,0.7590435978,88.14530467,6.405117989,297.9790955,0,225,9.837661743,9.999999747e-05,95367.35156,12.93653297,3.847632265
86.19999695,121.4784717,103.1342453,29.12990144,67.99875316,0.7575319085,88.29280131,6.407685757,297.9847412,0,225,10.24132729,9.999999747e-05,95432.33594,12.89809418,3.893201074
86.40000153,122.3542068,104.2641538,29.17658817,68.0084581,0.755260035,88.40435975,6.407567501,297.9866943,0,225,11.37578678,9.999999747e-05,95497.34375,12.87364769,3.864188081
86.59999847,123.7127633,104.2529925,29.1623201,67.97726891,0.7554853804,88.90747401,6.407143593,297.9875488,0,225,11.43597698,9.999999747e-05,95562.14844,12.87077904,3.854665187
86.80000305,124.4275347,104.0444235,29.14973879,67.96534094,0.7559011749,89.12536953,6.404715538,297.9850159,0,225,11.2176609,9.999999747e-05,95626.6875,12.88443947,3.798272764
87,125.2021745,102.9844072,29.09562252,67.93325893,0.7581063406,89.50103757,6.402729034,297.9825134,0,225,9.86800766,9.999999747e-05,95690.86719,12.90847111,3.772373869
87.19999695,125.4395733,102.0842972,29.05767789,67.92378498,0.7597623256,89.59388183,6.399177074,297.9778748,0,225,8.467515945,9.999999747e-05,95754.69531,12.93916035,3.704495981
87.40000153,125.9374605,100.5855677,28.98772932,67.89361552,0.7626723329,89.89595953,6.394731998,297.972229,0,225,6.230921745,9.999999747e-05,95818.01562,12.98439503,3.632661125
87.59999847,126.2307355,98.7706991,28.90735673,67.86614854,0.7660212087,90.12605585,6.390317917,297.967041,0,225,3.479248047,9.999999747e-05,95880.8125,13.03135586,3.572309532
87.80000305,126.4694088,97.04974036,28.83212457,67.84335179,0.7690638851,90.30424982,6.391924858,297.9695435,0,225,0.6929849982,9.999999747e-05,95943.35938,13.03586674,3.654692375
88,126.0348783,97.57408804,28.86921882,67.88170818,0.7677317357,89.92211746,6.393052101,297.9726868,0,225,0.3636139035,9.999999747e-05,96006.03125,13.01246643,3.661432058
88.19999695,126.7962446,98.02174519,28.88445782,67.87784032,0.7670346921,90.12592546,6.392222404,297.9740295,0,225,0.2873700559,9.999999747e-05,96068.625,13.00627518,3.628885381
88.40000153,127.7321757,97.72991542,28.86594168,67.85701303,0.7677621921,90.47496949,6.391742706,297.9750977,0,225,9.999999747e-05,9.999999747e-05,96131.02344,13.00792503,3.625769762
88.59999847,128.3860628,97.52702155,28.85723478,67.84889573,0.7681728462,90.65086388,6.395358562,297.9801636,0,225,9.999999747e-05,9.999999747e-05,96193.42969,12.9803381,3.716192974
88.80000305,128.7388652,98.82744964,28.919952,67.87642103,0.7656171814,90.50387797,6.392778397,297.9789429,0,225,0.8066994548,9.999999747e-05,96255.83594,12.9740963,3.61183866
89,130.2643024,97.90904048,28.86372199,67.82452436,0.7678151198,91.22605458,6.395039082,297.9822083,0,225,9.999999747e-05,9.999999747e-05,96318.00781,12.96796227,3.693857477
89.19999695,130.3877251,98.6632978,28.90612197,67.85095259,0.7661507573,91.01546525,6.399101257,297.9883423,0,225,0.3458441794,9.999999747e-05,96380.41406,12.92291451,3.764365524
89.40000153,131.1934249,100.1996215,28.96949593,67.86474501,0.7632756629,91.08571518,6.407081604,298,0,225,1.77201736,9.999999747e-05,96443.28125,12.83886337,3.918728372
89.59999847,132.376569,103.3532783,29.09929092,67.8958207,0.7570001192,91.08731985,6.411228657,298.0075684,0,225,5.312291622,9.999999747e-05,96506.63281,12.75839329,3.929666035
89.80000305,134.677546,105.0732871,29.14926671,67.86391827,0.7539083597,91.83489241,6.415066719,298.0141602,0,225,7.837990284,9.999999747e-05,96570.15625,12.70151615,3.97993408
90,136.3950936,106.5896163,29.20166487,67.85123565,0.7507547958,92.27387875,6.41766119,298.0180969,0,225,10.32985783,9.999999747e-05,96633.8125,12.65449905,3.999152814
90.19999695,138.1405877,107.5698798,29.22872719,67.827052,0.7487228986,92.8087896,6.423019886,298.0255737,0,225,12.17663193,9.999999747e-05,96697.65625,12.59129238,4.107885897
90.40000153,139.7708188,109.6344192,29.30923116,67.82946067,0.7437294058,93.08436033,6.429251194,298.0346069,0,225,15.39833736,9.999999747e-05,96761.90625,12.49871731,4.207801204
90.59999847,142.1974166,112.0130024,29.39658044,67.81189384,0.7377321575,93.70577738,6.434681416,298.0421448,0,225,19.42521477,9.999999747e-05,96826.46094,12.40744972,4.270921523
90.80000305,144.8421961,113.9517482,29.46485414,67.77998172,0.7324226698,94.49105276,6.438197613,298.045105,0,225,23.25075722,9.999999747e-05,96891.125,12.34135342,4.284600024
91,147.1860088,115.0468454,29.4954751,67.73999315,0.7291517411,95.26087456,6.437739372,298.0388794,0,225,25.79657364,9.999999747e-05,96955.59375,12.32843494,4.209866554
91.19999695,148.7892648,114.6364868,29.45116793,67.68759419,0.7304074557,95.94663974,6.437759876,298.0326233,0,225,25.3150425,9.999999747e-05,97019.80469,12.3360796,4.20687529
91.40000153,149.4993284,114.4181297,29.42974034,67.67072573,0.7308729729,96.13496712,6.437366486,298.0255127,0,225,24.66854858,9.999999747e-05,97083.83594,12.34170151,4.186888685
91.59999847,150.3175209,114.0606517,29.39834745,67.64459867,0.7318845355,96.43060418,6.439633846,298.0237427,0,225,23.47729492,9.999999747e-05,97147.8125,12.32431602,4.248560831
91.80000305,151.2297688,114.6843966,29.41912068,67.63772405,0.7298150782,96.58022264,6.438652515,298.0162048,0,225,23.88019943,9.999999747e-05,97211.64062,12.3216095,4.178930452
92,152.4270965,114.1163125,29.37061878,67.59138404,0.7316705835,97.14419558,6.436172485,298.0063171,0,225,22.18135071,9.999999747e-05,97275.09375,12.35568619,4.115475897
92.19999695,152.7163564,113.0069172,29.30912309,67.56705651,0.7349404505,97.33140865,6.435038567,297.9995728,0,225,19.43191147,9.999999747e-05,97338.25781,12.38376713,4.110826396
92.40000153,152.8431343,112.4012638,29.2780075,67.55976456,0.7365663985,97.33420523,6.436134338,297.9976196,0,225,17.41685295,9.999999747e-05,97401.32031,12.3807621,4.150057699
92.59999847,153.4840726,112.6287529,29.28142397,67.55065748,0.735836653,97.45432136,6.440471649,298.0024719,0,225,16.78427887,9.999999747e-05,97464.50781,12.33215809,4.252876794
92.80000305,154.9192121,114.0238987,29.33315147,67.53713081,0.7316662223,97.76638377,6.442715168,298.0041199,0,225,18.38158035,9.999999747e-05,97527.73438,12.2870245,4.242897187
93,156.6923384,114.6075768,29.33977031,67.49462523,0.7299992409,98.43792258,6.444113255,298.0041504,0,225,19.00933838,9.999999747e-05,97590.83594,12.26556587,4.238701069
93.19999695,157.9337681,114.8751029,29.33830128,67.46553738,0.7291221588,98.86990987,6.445821285,298.0046997,0,225,19.16016769,9.999999747e-05,97653.84375,12.24437618,4.257151546
93.40000153,159.0978299,115.2421887,29.34310161,67.4406174,0.7278746486,99.24037334,6.44541502,298.0011902,0,225,19.49993706,9.999999747e-05,97716.65625,12.24308491,4.208338778
93.59999847,160.0616153,114.8831039,29.3116466,67.40691493,0.7290528767,99.66750961,6.443448544,297.9949341,0,225,18.46844482,9.999999747e-05,97779.15625,12.26935291,4.148936572
93.80000305,160.4534615,114.0056319,29.2627975,67.38424399,0.7318219917,99.88851554,6.440380573,297.9872437,0,225,16.37974358,9.999999747e-05,97841.28125,12.3127985,4.084213717
94,160.4577276,112.7503918,29.2038386,67.36978216,0.7356508712,99.97719844,6.43450737,297.9759827,0,225,13.57975006,9.999999747e-05,97902.90625,12.38563538,3.961138085
94.19999695,159.9253323,110.4910918,29.11202609,67.36110051,0.7422192553,99.98029437,6.427249908,297.9640808,0,225,9.271637917,9.999999747e-05,97963.89844,12.48329163,3.842143943
94.40000153,158.7630313,107.7076976,29.01735674,67.37394076,0.7495295112,99.7017237,6.425890923,297.9616089,0,225,4.355768681,9.999999747e-05,98024.53125,12.53431892,3.89586505
94.59999847,158.2079845,107.046221,29.00586816,67.39515421,0.7507931862,99.29577708,6.424293041,297.9602356,0,225,2.24100709,9.999999747e-05,98084.96875,12.5513916,3.865503145
94.80000305,158.5247729,106.3428036,28.97890038,67.3839352,0.7526842228,99.46596902,6.424859524,297.9625244,0,225,0.346776545,9.999999747e-05,98145.24219,12.55557919,3.896151843
95,159.0228413,106.4019574,28.98101912,67.37702317,0.7525009059,99.55638494,6.423908234,297.9630127,0,225,9.999999747e-05,9.999999747e-05,98205.35156,12.56033707,3.856681123
95.19999695,159.6546236,105.9258528,28.96030811,67.36037446,0.7538468142,99.85004497,6.42455864,297.9642029,0,225,9.999999747e-05,9.999999747e-05,98265.30469,12.56133747,3.880407284
95.40000153,160.3690295,105.9708545,28.95932108,67.3483416,0.7536476756,100.025669,6.426207542,297.9663696,0,225,9.999999747e-05,9.999999747e-05,98325.19531,12.5456295,3.908154666
95.59999847,161.3897937,106.3749673,28.96540918,67.32622676,0.7526959996,100.338614,6.427875996,297.9688721,0,225,9.999999747e-05,9.999999747e-05,98385.03125,12.52613735,3.922382715
95.80000305,162.4786215,106.7873521,28.97004977,67.30033222,0.7517790943,100.7089294,6.42817688,297.9698486,0,225,9.999999747e-05,9.999999747e-05,98444.76562,12.51878548,3.898729771
96,163.3524303,106.7225015,28.96001368,67.27763591,0.7520927298,101.058027,6.429491043,297.9715881,0,225,9.999999747e-05,9.999999747e-05,98504.42188,12.50953388,3.922322229
96.19999695,164.2651681,106.9800277,28.9618442,67.25701893,0.7514138031,101.3296904,6.433247089,297.9765015,0,225,9.999999747e-05,9.999999747e-05,98564.13281,12.47366714,3.999512321
96.40000153,165.6605702,108.0651753,28.98581682,67.22334644,0.7485932691,101.730777,6.438005924,297.9837036,0,225,0.6221839786,9.999999747e-05,98624.01562,12.41754723,4.069900943
96.59999847,167.4357706,109.4752145,29.01574205,67.17637688,0.7449061968,102.326386,6.445154667,297.9948425,0,225,2.18456459,9.999999747e-05,98684.21875,12.33292198,4.199777439
96.80000305,169.731211,111.6080001,29.06743778,67.11594435,0.7388182109,103.0774397,6.449650288,298.0018921,0,225,5.362776279,9.999999747e-05,98744.59375,12.265728,4.201371801
97,171.7745785,112.7742394,29.0856694,67.05603259,0.7352980801,103.8975114,6.453933239,298.0079041,0,225,7.51654911,9.999999747e-05,98805.07031,12.21268559,4.241180159
97.19999695,173.5146482,113.8143929,29.10446823,67.00563592,0.7318043925,104.5298332,6.455304146,298.0082092,0,225,9.61267662,9.999999747e-05,98865.49219,12.19074535,4.191127922
97.40000153,174.766381,113.9304463,29.09037797,66.96385554,0.731289176,105.0682061,6.458884716,298.0115967,0,225,9.969812393,9.999999747e-05,98925.95312,12.15665817,4.264709552
97.59999847,176.1284257,114.7048922,29.10316115,66.92205133,0.7284275625,105.5083629,6.4635005,298.0165405,0,225,11.44167614,9.999999747e-05,98986.55469,12.10088158,4.333173158
97.80000305,177.8645471,115.7083754,29.11993856,66.86561332,0.7246613699,106.1557067,6.468202591,298.0212402,0,225,13.55523109,9.999999747e-05,99047.26562,12.04299355,4.381696991
98,179.626565,116.6512624,29.13439837,66.80680272,0.7208328356,106.8337348,6.471333504,298.0220642,0,225,15.75828934,9.999999747e-05,99107.96875,12.00631046,4.369158788
98.19999695,181.0850444,117.1210435,29.13101164,66.75506172,0.7185984709,107.4134617,6.474195004,298.0218506,0,225,16.80737114,9.999999747e-05,99168.63281,11.9767065,4.381371903
98.40000153,182.3997892,117.5122341,29.1258047,66.70622998,0.7166720107,107.9199128,6.476500511,298.0202026,0,225,17.55908203,9.999999747e-05,99229.24219,11.95483398,4.3801956
98.59999847,183.6005336,117.7495639,29.11430893,66.65934681,0.7153414232,108.3891438,6.479323864,298.0195923,0,225,17.80669022,9.999999747e-05,99289.8125,11.92742443,4.410691527
98.80000305,184.8432799,118.0998664,29.10767529,66.60996946,0.7135564293,108.8712012,6.483082771,298.0211182,0,225,18.36478996,9.999999747e-05,99350.42188,11.88694286,4.465055515
99,186.2343124,118.6278162,29.10779148,66.5544989,0.7109377044,109.4291368,6.48737669,298.0238953,0,225,19.631567,9.999999747e-05,99411.08594,11.83909893,4.51724685
99.19999695,187.6973849,119.2129875,29.110062,66.49561265,0.7078772302,110.0373109,6.492334366,298.0284424,0,225,21.37266922,9.999999747e-05,99471.82812,11.78145981,4.584180682
99.40000153,189.2384796,119.8642393,29.11536689,66.43204513,0.7043362804,110.7095962,6.496487617,298.0302429,0,225,23.81832123,9.999999747e-05,99532.55469,11.74156761,4.591364085
99.59999847,190.5588791,120.2972906,29.11201644,66.37794475,0.701473632,111.2622794,6.499895096,298.029541,0,225,25.47405243,9.999999747e-05,99593.21094,11.71230984,4.588470864
99.80000305,191.7542136,120.5694805,29.10086411,66.32613681,0.6994113376,111.7632411,6.502686977,298.0269165,0,225,26.34723473,9.999999747e-05,99653.77344,11.69208622,4.581843154
100,192.8428116,120.7248005,29.08410917,66.27666896,0.6979849877,112.2142706,6.507317543,298.0316772,0,224.4468994,26.55419159,9.999999747e-05,99714.35156,11.62892914,4.700687307
100.1999969,194.2167963,121.1944948,29.08573656,66.21604604,0.695063428,112.8780159,6.511088848,298.0350952,0,222.0336151,29.23019981,9.999999747e-05,99774.42969,11.58511162,4.722002798
100.4000015,194.9790368,121.6731062,29.11049936,66.22153745,0.6906373447,113.0034447,6.51445961,298.0410461,0,218.120575,31.5614872,9.999999747e-05,99833.82031,11.50852966,4.7859986
100.5999985,195.8822204,122.1421777,29.14354557,66.23080657,0.6860550399,113.2440675,6.51583147,298.0423584,0,212.8576508,34.90061569,9.999999747e-05,99892.04688,11.46333694,4.760863041
100.8000031,196.2875674,122.4398478,29.18472455,66.29183405,0.68152138,113.0005542,6.516099453,298.0439148,0,207.0514374,36.84526825,9.999999747e-05,99949.0625,11.4004364,4.780355769
101,196.9656308,122.5651671,29.21639949,66.33585543,0.6783683533,112.9350391,6.515291214,298.0450134,0,201.1350861,38.96949005,9.999999747e-05,100004.7734,11.35340118,4.790776842
101.1999969,197.5409684,122.5428262,29.24395459,66.38963789,0.6760285884,112.7263282,6.513920307,298.0470581,0,195.5420837,40.98199844,9.999999747e-05,100059.2266,11.30795002,4.81730428
101.4000015,198.228342,122.3877654,29.26127919,66.43119565,0.6747517454,112.5905826,6.510973454,298.0440063,0,190.4958344,43.36785507,9.999999747e-05,100112.3672,11.30184746,4.77162912
101.5999985,198.6231122,122.0106156,29.26659466,66.49220369,0.6747062202,112.1954721,6.507937431,298.0415344,0,186.6317291,44.06383896,9.999999747e-05,100164.4844,11.28860855,4.77822311
101.8000031,199.2276062,121.5025896,29.25309936,66.51671234,0.6762247995,112.1007453,6.502690792,298.0293579,0,183.9772186,44.88615799,9.999999747e-05,100215.5625,11.34103489,4.656597721
102,199.1759474,120.646233,29.22179347,66.57728411,0.6795466862,111.6026842,6.496911526,298.0142517,0,183.4284973,42.2550354,9.999999747e-05,100266.1016,11.39763069,4.575681115
102.1999969,199.1507916,119.5057335,29.16022932,66.59172263,0.6855637168,111.5053237,6.491780758,297.9989319,0,185.1860504,38.2389946,9.999999747e-05,100316.6016,11.47574425,4.512436775
102.4000015,198.8859493,118.2988498,29.08391864,66.57759425,0.692436019,111.6130638,6.487413883,297.9829102,0,188.9920044,33.59708405,9.999999747e-05,100367.5312,11.56991386,4.435186417
102.5999985,198.5543014,117.0364908,28.99298614,66.5284762,0.6999028664,111.9597623,6.484458923,297.967865,0,194.544342,28.14823532,9.999999747e-05,100419.3281,11.66770649,4.370757424
102.8000031,198.4294039,115.8525073,28.8930273,66.43260684,0.7072829278,112.5896114,6.484128952,297.9566956,0,201.2763977,22.43546867,9.999999747e-05,100472.3281,11.75032139,4.353166042
103,198.851349,115.0387497,28.79512646,66.28389619,0.7131037371,113.5147626,6.487263203,297.9515381,0,208.1365051,17.49429321,9.999999747e-05,100526.6953,11.798419,4.394089962
103.1999969,199.996127,114.8505649,28.7120676,66.09682453,0.7160053591,114.6549906,6.492173672,297.9494629,0,213.7399139,14.17599487,9.999999747e-05,100582.1719,11.82255554,4.417247871
103.4000015,201.4083201,115.0432404,28.65006669,65.92471672,0.716572454,115.6695409,6.498684883,298.0095215,0,217.3843079,4.252798557,23.62001228,100638.4219,11.80749035,4.480002234
103.5999985,201.7637788,115.9990445,28.67582616,65.83069876,0.7144656952,116.1329347,6.504796505,298.0071106,0,218.4246521,23.09485435,2.362001181,100695.1484,11.7678051,4.520111873
103.8000031,203.3760978,116.432339,28.63169502,65.74175429,0.7097339504,117.1351722,6.5086236,297.9967346,0,217.0268707,22.16513443,0.236200124,100751.4219,11.74293041,4.45726218
104,204.3383397,116.882955,28.62922277,65.70699871,0.7063964924,117.3662058,6.510776043,297.9882812,0,214.1045074,18.87612152,0.02362001128,100806.9922,11.71096802,4.435599984
104.1999969,205.0405533,117.1997553,28.63983652,65.70282584,0.703655866,117.4130461,6.511464596,297.9825134,0,210.3192902,15.9166584,0.002362001222,100861.6875,11.68020821,4.422116057
104.4000015,205.5379651,117.3382683,28.65542651,65.72047722,0.7015483641,117.3345547,6.511647224,297.9807739,0,206.2580719,13.54217243,0.0002362001251,100915.5,11.64306545,4.443411609
104.5999985,206.0247059,117.3866622,28.67156079,65.74014328,0.6998776984,117.2831618,6.511398315,297.9819031,0,202.1208344,12.33538437,9.999999747e-05,100968.3984,11.60993195,4.464574055
104.8000031,206.4307056,117.3541355,28.68863562,65.76717054,0.6984534717,117.1792115,6.509961605,297.9827881,0,198.0828552,12.01264,9.999999747e-05,101020.3281,11.5936327,4.44456128
105,206.6664578,117.1177449,28.70242867,65.80744927,0.6979430016,116.9520207,6.508358955,297.9849548,0,194.6221008,11.63216305,9.999999747e-05,101071.4297,11.57702637,4.453465081
105.1999969,206.9687572,116.7837882,28.70821613,65.83503007,0.6982520752,116.8341476,6.505832195,297.9854431,0,191.7991638,11.73266029,9.999999747e-05,101121.7344,11.58498478,4.41609199
105.4000015,207.052707,116.2645062,28.70795299,65.8727841,0.6994970991,116.5958123,6.504047394,297.9873962,0,189.989502,11.31196117,9.999999747e-05,101171.5312,11.58486652,4.43359541
105.5999985,207.3182136,115.772154,28.697118,65.88072943,0.7011361156,116.6131142,6.500675201,297.9845276,0,188.8882904,11.4402895,9.999999747e-05,101220.7969,11.6265192,4.34166656
105.8000031,207.1517804,114.9906431,28.68042419,65.91478899,0.7040136477,116.3607401,6.497218609,297.9803467,0,189.1436462,9.967964172,9.999999747e-05,101269.8359,11.66978359,4.286614374
106,207.07893,114.06609,28.64674458,65.91832231,0.7083188672,116.3704095,6.494729519,297.9764099,0,190.7766876,7.964292526,9.999999747e-05,101318.9766,11.72010612,4.256988524
106.1999969,207.0901307,113.2206169,28.60347852,65.89257615,0.7125695636,116.5677098,6.494528294,297.9749451,0,193.4020386,5.894484043,9.999999747e-05,101368.5469,11.75447845,4.27988018
106.4000015,207.5035021,112.7167534,28.55428244,65.81992314,0.7154933878,117.0997861,6.494657993,297.9721985,0,196.1034241,4.541772842,9.999999747e-05,101418.5156,11.79671574,4.240394029
106.5999985,207.9052061,112.2615308,28.50717366,65.74989868,0.7178989962,117.5520916,6.49520731,297.9691162,0,198.7591705,2.666070938,9.999999747e-05,101468.875,11.831707,4.208325503
106.8000031,208.4515942,111.8637203,28.46006573,65.67033026,0.720109968,118.064401,6.495828629,297.9656982,0,201.1948547,0.5789756775,9.999999747e-05,101519.5547,11.86688042,4.16833643
107,209.0116473,111.4836103,28.41613456,65.59419136,0.7221291951,118.5247443,6.497406483,297.9619751,0,203.3831177,9.999999747e-05,9.999999747e-05,101570.5625,11.88727093,4.167845465
107.1999969,209.756577,111.2682822,28.37346509,65.51063447,0.7231871552,119.0714079,6.498183727,297.9552002,0,204.9373016,9.999999747e-05,9.999999747e-05,101621.6797,11.91520691,4.112546922
107.4000015,210.3348049,110.9454111,28.33649229,65.45080308,0.7243544123,119.4288756,6.499074459,297.9468994,0,206.1863403,9.999999747e-05,9.999999747e-05,101672.8906,11.9335804,4.089936887
107.5999985,211.0003283,110.6459144,28.29983554,65.3888697,0.7254212525,119.832712,6.500423431,297.9619446,0,207.0760956,9.999999747e-05,11.42013741,101724.1172,11.94488049,4.084670879
107.8000031,211.3445544,110.5392396,28.28441573,65.35095557,0.7254983412,120.0850716,6.501731873,297.9508362,0,207.4251251,3.261558771,1.142013669,101775.3438,11.94721222,4.075209909
108,212.1126171,110.3504036,28.24926842,65.29497326,0.7255492221,120.5457033,6.504501343,297.9428101,0,207.2524109,9.999999747e-05,0.1142013744,101826.4922,11.93047142,4.125864285
108.1999969,213.0838567,110.4918992,28.22591207,65.222389,0.7246628324,121.0284169,6.508430958,297.9608765,0,205.9669952,9.999999747e-05,11.08169079,101877.4062,11.89480305,4.197844292
108.4000015,213.6899755,110.9813954,28.23051359,65.18720973,0.7213485099,121.3234752,6.511748314,297.9552002,0,203.1105499,4.155635357,1.108169079,101927.8203,11.84624386,4.230535671
108.5999985,214.4924318,111.3841345,28.22841814,65.16360777,0.7175351443,121.644497,6.514538765,297.9533081,0,198.9329376,0.5959469676,0.1108169109,101977.4453,11.78764534,4.275878667
108.8000031,215.2425512,111.7955688,28.24595737,65.15163685,0.7140694609,121.7591065,6.517280102,297.9561462,0,193.638855,9.999999747e-05,0.0110816909,102026.1016,11.71581554,4.361884047
109,215.916066,112.2278799,28.27507868,65.16107928,0.7097665043,121.7660012,6.517843723,297.9595947,0,187.2466736,9.999999747e-05,0.00110816909,102073.3984,11.66442299,4.354380151
109.1999969,216.265855,112.3843632,28.31915234,65.21573612,0.7062001579,121.3583985,6.517623425,297.966156,0,180.6360779,9.999999747e-05,0.000110816909,102119.3281,11.60126305,4.403954723
109.4000015,216.7428385,112.3390259,28.36149681,65.26621071,0.7038720257,120.9956191,6.514501572,297.9700012,0,174.1092987,0.7217356563,9.999999747e-05,102163.6406,11.58910847,4.330393671
109.5999985,216.7276579,111.8746426,28.41139138,65.36954621,0.7032784283,120.0973381,6.511188507,297.9756775,0,168.8381958,0.7348396778,9.999999747e-05,102206.6484,11.56510162,4.352017353
109.8000031,216.9021174,111.2135509,28.44241737,65.44187874,0.7046353947,119.5057989,6.50601244,297.9773865,0,164.8837433,1.537337661,9.999999747e-05,102248.4297,11.59676075,4.262269049
110,216.4847563,110.2517657,28.47069275,65.55476372,0.7074497369,118.5418065,6.500016212,297.9763184,0,163.005188,1.168371916,9.999999747e-05,102289.3828,11.64369488,4.179402331
110.1999969,215.8676196,109.0287287,28.47661049,65.65336487,0.7125770909,117.790109,6.495509148,297.9755554,0,163.5217743,9.999999747e-05,9.999999747e-05,102330.1484,11.69557953,4.163700215
110.4000015,215.3284686,107.9737122,28.45873482,65.69960583,0.7177120376,117.5278633,6.490414619,297.9692993,0,165.8336182,9.999999747e-05,9.999999747e-05,102371.0156,11.78291702,4.042996406
110.5999985,214.4226385,106.7762836,28.42814114,65.74982195,0.7236712041,117.2628407,6.487299442,297.9606628,0,170.1900787,9.999999747e-05,9.999999747e-05,102412.5938,11.85553741,4.009415946
110.8000031,213.9891294,105.8164289,28.37063032,65.72170335,0.72922814,117.6727192,6.485365391,297.9481201,0,175.7843018,9.999999747e-05,9.999999747e-05,102455.1719,11.9357357,3.945455735
111,213.8366246,104.982673,28.29980978,65.64938302,0.7342407431,118.3348685,6.486779213,297.9601135,0,182.154541,9.999999747e-05,11.98989677,102499.0547,11.98532581,3.972080132
111.1999969,214.2756684,104.7072465,28.22812006,65.51489985,0.7367110865,119.4504866,6.489209652,297.9442444,0,187.9521332,2.288280249,1.198989749,102544.125,12.02663803,3.941797238
111.4000015,215.2973141,104.4884782,28.14057214,65.34482225,0.7386179235,120.7102099,6.490990639,297.9672546,0,192.7848053,0.6864840388,21.19974709,102590.0156,12.07608128,3.859459473
111.5999985,215.7120203,104.2691411,28.09470293,65.24275007,0.7400366375,121.3769873,6.492949486,297.9409485,0,196.9105377,6.658046722,2.119974852,102636.6562,12.1071291,3.819680714
111.8000031,216.7365987,103.937212,28.01792852,65.10807386,0.7417259211,122.361829,6.494587898,297.9791565,0,200.2500916,1.997413993,32.1140976,102683.7578,12.14487743,3.763294248
112,217.0256188,103.7487298,27.99579181,65.03875454,0.7427015407,122.7305333,6.497501373,297.944397,0,202.9358521,13.15598965,3.211409569,102731.375,12.15288734,3.779054657
112.1999969,218.1981386,103.5861592,27.92190612,64.91396001,0.7428695784,123.7156297,6.500702858,298.0042725,0,204.4509888,3.946796894,44.25564575,102779.1562,12.16054916,3.768628832
112.4000015,218.5591254,103.7673567,27.92248434,64.85344294,0.7418841682,123.9925223,6.504338741,297.9611511,0,204.6886749,22.78829002,4.425564766,102827.0078,12.14254379,3.793584529
112.5999985,219.602931,103.8618543,27.86054446,64.76943544,0.7394620036,124.8288015,6.506739616,297.9246826,0,203.4714813,7.616017818,0.4425564706,102874.5234,12.12830734,3.764717918
112.8000031,220.8845577,104.0119783,27.84074453,64.67327496,0.7395791834,125.2796217,6.504336834,297.9353943,0,201.2993469,2.284805298,22.83371925,102921.2031,12.16389465,3.620672621
113,220.5277599,103.5556365,27.86507048,64.73092395,0.7402327269,124.6890431,6.499603271,297.9029236,0,200.1002502,0.6854416132,2.882737637,102967.3203,12.19397926,3.527791835
113.1999969,220.5357506,102.5589231,27.85002206,64.75239684,0.7448879312,124.5552981,6.497488499,297.9337769,0,200.7868195,0.205632478,32.51609421,103013.3594,12.2300272,3.554912994
113.4000015,220.1383758,101.918869,27.85429019,64.7849653,0.7469201221,124.3141601,6.495345592,297.8948669,0,202.3032227,0.06168974191,9.999999747e-05,103059.5156,12.26419067,3.513432146
113.5999985,220.7135109,101.1248135,27.80658668,64.72324502,0.7514230964,124.7660302,6.493264198,297.9375916,0,204.6851654,0.01850692369,40.46455383,103105.8594,12.32496262,3.460196981
113.8000031,220.1561646,100.4012179,27.80950106,64.75483431,0.7536750283,124.4599436,6.491935253,297.894043,0,207.8994141,0.005552076735,9.999999747e-05,103152.6953,12.36144829,3.430358788
114,221.1042667,99.60355647,27.74244548,64.64298016,0.7589203234,125.2738294,6.48961401,297.9396667,0,211.6429443,0.001665623044,44.9269104,103199.9453,12.4413271,3.341990757
114.1999969,220.5232527,98.74810657,27.74234474,64.668283,0.7616782375,124.9304982,6.489740372,297.8909912,0,216.3207092,0.0004996869247,9.999999747e-05,103248.0078,12.4755497,3.348829244
114.4000015,221.9933451,98.02285519,27.65699672,64.49937263,0.7671867053,126.1232169,6.495143414,297.9439087,0,220.9367065,0.0001499060745,47.81463623,103296.9297,12.509758,3.440896885
114.5999985,222.7034493,98.12053351,27.6274173,64.39726678,0.7655410994,126.5964516,6.49826622,297.8937683,0,223.3820496,9.999999747e-05,9.999999747e-05,103346.2031,12.5203743,3.368573002
114.8000031,224.3554229,97.98675655,27.55556418,64.23386174,0.7676770655,127.7210613,6.500589371,297.9444275,0,224.6025848,9.999999747e-05,49.51831436,103395.5156,12.55217171,3.330820208
115,224.2858063,97.90971352,27.56040328,64.23090256,0.7657558146,127.5564386,6.504283428,297.8931885,0,224.8892975,9.999999747e-05,9.999999747e-05,103444.8984,12.52779484,3.364825593
115.1999969,225.8493832,98.02901198,27.50048733,64.09131687,0.7665243133,128.6598792,6.507009983,297.943573,0,223.6912842,9.999999747e-05,49.40118408,103493.9297,12.53718758,3.346656674
115.4000015,225.6568065,98.19582183,27.51870901,64.11455554,0.7626731255,128.3816922,6.508358955,297.8909607,0,221.4101868,9.999999747e-05,9.999999747e-05,103542.4922,12.50493622,3.327480159
115.5999985,226.6640855,98.27044814,27.48542066,64.04463547,0.7629667127,129.0525403,6.511888981,297.9455261,0,218.5909882,9.999999747e-05,50.1934166,103590.5391,12.4810648,3.404916343
115.8000031,226.5552047,98.62728765,27.50798656,64.06975529,0.7577338745,128.8871072,6.516466618,297.8994141,0,214.3482056,9.999999747e-05,9.999999747e-05,103637.9062,12.40627098,3.482303516
116,227.7314475,99.25841492,27.48380585,63.99355159,0.7544324215,129.672022,6.517034531,297.9504089,0,208.2778778,9.999999747e-05,47.58769608,103684.0078,12.38060951,3.421707011
116.1999969,227.2022276,99.48955733,27.53652933,64.08803487,0.7486091445,129.0222131,6.516544342,297.8977661,0,201.9968414,14.16102695,4.758769512,103728.8828,12.31359863,3.436858261
116.4000015,227.4321539,99.58280105,27.53526953,64.12138416,0.746286105,129.1389669,6.517591953,297.9820251,0,195.9026184,4.248308182,63.14232254,103772.6641,12.25713634,3.528489888
116.5999985,227.3181242,99.72070053,27.59433378,64.18493257,0.7415779548,128.7132064,6.51505661,297.9174194,0,189.3808746,29.87483597,6.314231873,103815,12.22159767,3.460476342
116.8000031,227.0282796,99.59121263,27.60350669,64.28350322,0.7394803937,128.3136594,6.509160995,298.0403137,0,183.8899231,8.962450981,86.83647156,103856.0234,12.21928978,3.367618529
117,226.1779568,98.68464835,27.69473347,64.43299313,0.7410722575,127.0933729,6.503708363,297.9545288,0,180.7567749,48.74983597,8.683647156,103896.1328,12.23138046,3.356377551
117.1999969,225.0905972,97.9335156,27.68226573,64.58015968,0.7428381661,126.3967471,6.501852512,297.8922424,0,179.79245,19.74290657,0.8683646917,103936.1484,12.22621441,3.446890578
117.4000015,226.3656306,97.52338783,27.66676576,64.48191999,0.7485827315,126.7802833,6.502515316,297.9261169,0,179.5601349,5.922872066,38.53589249,103975.9766,12.25604343,3.516779173
117.5999985,226.6674099,97.36733395,27.6767184,64.45909901,0.7480928754,126.7042512,6.502985477,297.8843384,0,179.0658722,1.776861548,9.999999747e-05,104015.5938,12.25381756,3.505913888
117.8000031,227.4843495,97.2133263,27.64357753,64.3791003,0.7499166308,127.2298484,6.504315376,297.9394531,0,178.3922424,0.5330584645,45.91562653,104055.0234,12.26143551,3.531446162
118,227.5001424,97.10550522,27.65852315,64.3920159,0.7475337135,127.1140388,6.508289814,297.9041748,0,177.1831512,0.1599175483,9.999999747e-05,104094.3359,12.20969391,3.643633376
118.1999969,228.7845213,97.38899646,27.61750048,64.26821538,0.7465383931,128.0959563,6.511453152,297.9594421,0,174.3784485,0.04797526449,43.67886353,104133.0938,12.19126606,3.654234645
118.4000015,229.0756354,97.52709194,27.64250841,64.27404095,0.7415602095,128.0070067,6.513661385,297.9190674,0,170.3195648,15.78517056,4.367886066,104171.0078,12.13596535,3.668188803
118.5999985,229.6192955,97.72993504,27.63587967,64.26541259,0.7387530771,128.2222685,6.512537003,297.9972839,0,165.3779144,4.735551357,57.90132523,104207.7656,12.12257481,3.586421941
118.8000031,229.6368513,97.30600812,27.69553054,64.33201876,0.7369303762,127.5377069,6.508662224,297.93927,0,160.8939209,28.98387146,5.790132523,104243.2422,12.12260628,3.493439504
119,229.0908173,96.86386633,27.71305863,64.45615683,0.7378929821,126.6959166,6.50479126,298.052002,0,157.9581146,8.695160866,78.08672333,104277.9375,12.1281271,3.487020567
119.1999969,228.8084188,95.97588965,27.77196053,64.53743772,0.7400963703,125.9557365,6.500818253,297.9790039,0,156.5619202,45.75317764,7.808672428,104312.0078,12.1567688,3.446246253
119.4000015,227.6833053,95.46166415,27.76367893,64.67595733,0.7418290161,125.1554703,6.496397495,297.9153137,0,156.7552795,21.6688652,0.7808672786,104346,12.19031143,3.391530735
119.5999985,228.0478584,94.75692384,27.74986646,64.64104878,0.7493863227,125.0747083,6.49302721,297.9466858,0,158.7180939,6.500659943,39.46565247,104380.125,12.26553631,3.369180351
119.8000031,227.6077978,94.14483139,27.75453911,64.66678706,0.7527271405,124.7388254,6.492577076,297.9029236,0,162.0241394,1.950197935,9.999999747e-05,104414.8672,12.29077911,3.416853512
120,228.1916124,93.9000799,27.69073878,64.54935285,0.7570314711,125.6775416,6.493301868,297.9463501,0,165.5040741,0.5850594044,42.33679581,104450.3203,12.33771706,3.409300272
120.1999969,228.1495361,93.70101512,27.67187368,64.51990848,0.7566624364,125.9667982,6.491483688,297.8974609,0,168.6994781,0.1755178124,9.999999747e-05,104486.2188,12.37788963,3.270173757
120.4000015,228.3942278,93.29446152,27.61772284,64.44392636,0.7616993146,126.5694662,6.490685463,297.9416809,0,172.6343231,0.05265534297,46.21253586,104522.8438,12.4370718,3.245208309
120.5999985,228.0431235,92.90050501,27.60499868,64.44768101,0.7625340322,126.6121626,6.489494801,297.8875427,0,176.8768616,0.01579660363,9.999999747e-05,104560.2109,12.47303963,3.176361055
120.8000031,228.5542519,92.51339116,27.53826211,64.33520977,0.7680150562,127.5000805,6.490956306,297.9354248,0,181.6002502,0.004738980904,49.79277802,104598.5547,12.52465916,3.204742281
121,228.6483122,92.28893779,27.51305921,64.2888921,0.7675550565,127.8678379,6.492206097,297.8783264,0,185.7291107,0.001421694295,9.999999747e-05,104637.6406,12.54395866,3.155803597
121.1999969,229.7022132,92.10877786,27.43716768,64.12669754,0.7717283228,129.0750304,6.495554924,297.9307251,0,189.3672028,0.0004265082825,53.43928909,104677.4766,12.58175659,3.183500109
121.4000015,230.0630264,92.02952312,27.41505794,64.06683708,0.769479173,129.4710304,6.494081974,297.8668518,0,191.6581573,0.0001279524877,9.999999747e-05,104717.4922,12.61136246,3.014211972
121.5999985,230.6386271,91.66103052,27.3656178,63.97707126,0.7746971304,130.0963822,6.49238348,297.9216003,0,194.5610046,9.999999747e-05,58.88594818,104757.9297,12.67591763,2.965742999
121.8000031,230.1140607,91.14033644,27.37395718,64.02246092,0.7750556419,129.7059412,6.488945961,297.8555908,0,198.1284027,9.999999747e-05,9.999999747e-05,104798.8516,12.71320248,2.872744214
122,230.5653006,90.54612271,27.32137235,63.93789694,0.782553603,130.3531877,6.485766888,297.9174805,0,203.0758667,9.999999747e-05,62.37075043,104840.5938,12.80309296,2.822497057
122.1999969,229.8241146,89.85877998,27.33125279,63.9969775,0.7841653759,129.8355211,6.483952045,297.851532,0,209.2884521,9.999999747e-05,9.999999747e-05,104883.4453,12.84019566,2.799156403
122.4000015,230.8791782,89.26400019,27.2533536,63.8367254,0.7922836023,131.0488074,6.483861923,297.9186707,0,216.2233582,9.999999747e-05,64.94620514,104927.5547,12.93217468,2.781362774
122.5999985,230.7687306,88.73401602,27.24414529,63.82452203,0.7928865024,130.9443724,6.485489845,297.8527527,0,223.1930389,9.999999747e-05,9.999999747e-05,104972.9375,12.95877934,2.771534538
122.8000031,232.5327333,88.31636908,27.14890808,63.595845,0.8000457155,132.6057278,6.486160755,297.921936,0,225,9.999999747e-05,66.00318909,105018.4688,13.03965473,2.717773978
123,232.0530919,88.11142365,27.17334217,63.65071105,0.7968798755,131.9142805,6.484315395,297.8560486,0,225,9.999999747e-05,9.999999747e-05,105063.7891,13.03196526,2.648920404
123.1999969,232.8366649,87.82191061,27.1315866,63.56473752,0.8018209837,132.6781188,6.48193121,297.9248047,0,225,9.999999747e-05,65.8530426,105108.9688,13.08486271,2.616126184
123.4000015,231.929556,87.48478456,27.17248753,63.67881803,0.7995063256,131.7345197,6.484961033,297.8589172,0,225,9.999999747e-05,9.999999747e-05,105154.2266,13.04331303,2.724039428
123.5999985,233.4126583,87.49727658,27.10595862,63.51242832,0.8028501043,133.1057499,6.48651123,297.9261475,0,225,9.999999747e-05,65.17298889,105199.3828,13.08399677,2.68359725
123.8000031,233.0465069,87.40836905,27.12848724,63.56404774,0.7989244034,132.5756207,6.48822403,297.8602905,0,225,9.999999747e-05,9.999999747e-05,105244.4766,13.05435562,2.680991888
124,234.2690206,87.35512512,27.07214632,63.42663797,0.8026167737,133.7147326,6.49111557,297.9260559,0,225,9.999999747e-05,64.51911926,105289.5703,13.08445263,2.698930058
124.1999969,234.1201598,87.31529601,27.0856423,63.4525019,0.7983074811,133.3994301,6.496393204,297.8601685,0,225,9.999999747e-05,9.999999747e-05,105334.7109,13.03872585,2.75278369
124.4000015,235.6948883,87.47925157,27.01859449,63.27476043,0.8005088166,134.8276852,6.498664379,297.9251709,0,225,9.999999747e-05,64.17995453,105379.7578,13.07647514,2.681928572
124.5999985,235.479884,87.36360901,27.03309685,63.30626147,0.7963325611,134.4742858,6.502950191,297.8592529,0,225,9.999999747e-05,9.999999747e-05,105424.8281,13.03548622,2.722219926
124.8000031,236.8356304,87.47715786,26.97475761,63.15420951,0.7988888037,135.7233441,6.509455681,297.9240723,0,224.3330994,9.999999747e-05,64.15847778,105469.8516,13.04562187,2.778701695
125,237.0928187,87.54895167,26.97355997,63.13425765,0.7924869127,135.8146084,6.516169071,297.8581543,0,221.0631409,9.999999747e-05,9.999999747e-05,105514.25,12.98235226,2.803365217
125.1999969,238.3701159,87.98111473,26.93226451,63.00847198,0.7912728667,136.8963518,6.522969246,297.9232178,0,215.1143646,9.999999747e-05,64.34433746,105557.5703,12.94992924,2.851114347
125.4000015,238.589772,88.20009438,26.95244256,63.02640296,0.7806568472,136.8517563,6.529150486,297.8572693,0,206.445755,9.999999747e-05,9.999999747e-05,105599.1953,12.83465576,2.89493908
125.5999985,239.6621253,88.84244218,26.9448736,62.96005433,0.7756995047,137.5919788,6.530667305,297.922699,0,195.3069458,9.999999747e-05,64.59474945,105638.5781,12.77929974,2.851290513
125.8000031,239.6880911,88.85137693,27.00666374,63.05444673,0.7640419703,136.994869,6.527771473,297.856781,0,183.5748444,9.999999747e-05,9.999999747e-05,105675.375,12.67341137,2.788281351
126,240.0514916,89.07446384,27.04689532,63.09933661,0.7631290906,136.6864572,6.519501209,297.9225464,0,173.0006714,9.999999747e-05,64.78636932,105709.7891,12.66820049,2.682411599
126.1999969,239.3429735,88.38647109,27.14294513,63.30217043,0.7596247008,134.9999426,6.512910843,297.8566895,0,165.7381287,9.999999747e-05,9.999999747e-05,105742.4844,12.61521053,2.734960526
126.4000015,239.2439361,88.12199852,27.17186972,63.36877342,0.7654928439,134.3700597,6.506380558,297.9226379,0,161.0888824,9.999999747e-05,64.86771393,105774.0859,12.65596676,2.739344684
126.5999985,238.3704683,87.41674909,27.23985352,63.54541252,0.7647651197,132.8920968,6.4998703,297.856842,0,159.0569611,9.999999747e-05,9.999999747e-05,105804.9844,12.65675831,2.711051649
126.8000031,237.9271614,87.07699093,27.23876029,63.58960712,0.7729363796,132.4738041,6.494458199,297.92276,0,159.6293488,9.999999747e-05,64.85015106,105835.9531,12.72945213,2.712345513
127,236.8013153,86.51455999,27.27596347,63.73445074,0.7735429675,131.3764728,6.490476131,297.8570251,0,162.3629303,9.999999747e-05,9.999999747e-05,105867.375,12.74649239,2.707453456
127.1999969,236.6070927,86.2987786,27.23461584,63.69394361,0.7815924835,131.7492739,6.488169193,297.92276,0,166.6882782,9.999999747e-05,64.78608704,105899.7578,12.8262434,2.710382692
127.4000015,235.8490926,85.96362761,27.2397477,63.75889051,0.7812575228,131.351256,6.484477043,297.8570862,0,171.9354706,9.999999747e-05,9.999999747e-05,105933.0781,12.86139202,2.609883231
127.5999985,235.7749272,85.73365972,27.18406023,63.68397271,0.7897192043,132.0085333,6.482196331,297.9226379,0,178.6693268,9.999999747e-05,64.72052765,105967.8359,12.95495415,2.590368779
127.8000031,235.0537912,85.40265262,27.17967573,63.72908032,0.7901461045,131.7605651,6.481608391,297.8569946,0,186.3064117,9.999999747e-05,9.999999747e-05,106004.1562,12.98256588,2.577691863
128,235.7786479,85.22067337,27.09819587,63.56042164,0.7979533146,133.1191371,6.478915691,297.9224243,0,194.1777191,9.999999747e-05,64.68890381,106041.9922,13.09432125,2.462147355
128.1999969,235.1179236,84.83487754,27.09631456,63.6019126,0.7988106488,132.791792,6.478258133,297.8568115,0,203.1384277,9.999999747e-05,9.999999747e-05,106081.6094,13.1275301,2.453642007
128.3999939,236.1519848,84.52390786,27.01104113,63.41020129,0.8074728729,134.2798652,6.4793396,297.9221497,0,212.3487396,9.999999747e-05,64.68672943,106123.0781,13.2287941,2.436446854
128.6000061,236.2701466,84.20617835,26.98984081,63.3682646,0.807648799,134.4740878,6.480574131,297.8565369,0,221.127243,9.999999747e-05,9.999999747e-05,106166.1875,13.26435089,2.389036258
128.8000031,237.6943212,83.90387101,26.90366225,63.15133976,0.8156829757,136.0628667,6.482958794,297.9218445,0,225,9.999999747e-05,64.71575165,106210.0078,13.3472271,2.378389141
129,237.6497143,83.76338354,26.90704731,63.1533435,0.8129002328,135.853478,6.483590603,297.8562317,0,225,9.999999747e-05,9.999999747e-05,106253.6484,13.33849621,2.327550375
129.1999969,238.4967763,83.70700075,26.86509853,63.0452314,0.8168478887,136.6860377,6.482760429,297.9215393,0,225,9.999999747e-05,64.7624588,106297.1797,13.38518238,2.28160143
129.3999939,237.9700103,83.53071134,26.89200792,63.12301769,0.8136862024,136.0478191,6.48331356,297.855957,0,225,9.999999747e-05,9.999999747e-05,106340.6406,13.35951996,2.297710802
129.6000061,238.858833,83.44397298,26.84709803,63.01060041,0.8180407896,136.9720157,6.483113766,297.9212952,0,225,9.999999747e-05,64.81226349,106384.0156,13.40701294,2.26662501
129.8000031,238.3969029,83.2978919,26.87184867,63.08027342,0.8146024422,136.386162,6.481415749,297.8557434,0,225,9.999999747e-05,9.999999747e-05,106427.25,13.39223766,2.220589192
130,239.0256884,83.14640086,26.83648989,62.99934479,0.8195951879,137.0696199,6.483173847,297.9210815,0,225,9.999999747e-05,64.85245514,106470.5234,13.42682743,2.277934926
130.1999969,238.7954021,83.05713855,26.85247728,63.04095214,0.8156718091,136.7117029,6.485819817,297.8554993,0,225,9.999999747e-05,9.999999747e-05,106513.7656,13.3965044,2.288256061
130.3999939,239.8496542,83.04606118,26.8022494,62.90585256,0.819321496,137.7838108,6.484452724,297.9208374,0,225,9.999999747e-05,64.8968811,106556.8594,13.45239258,2.188205962
130.6000061,239.2757482,82.87349159,26.83086268,62.98929708,0.8161480046,137.0944463,6.479382038,297.8553162,0,225,9.999999747e-05,9.999999747e-05,106599.7578,13.45044422,2.092421885
130.8000031,239.5380416,82.64126597,26.80902464,62.95387103,0.8221165776,137.4342859,6.470737457,297.9206543,0,225,9.999999747e-05,64.92084503,106642.4766,13.52643013,1.992251366
131,238.1950974,82.28733734,26.86678539,63.14198815,0.8209498983,136.0075945,6.463142395,297.8552246,0,225,9.999999747e-05,9.999999747e-05,106685.1094,13.52300072,1.986605001
131.1999969,238.2239297,81.91016769,26.84959711,63.13427901,0.8272289373,136.2032047,6.459482193,297.9205017,0,225,9.999999747e-05,64.9252243,106727.7734,13.57069302,2.040002392
131.3999939,237.4055232,81.72577278,26.88978315,63.26317169,0.8247057848,135.242059,6.45552063,297.8551025,0,225,9.999999747e-05,9.999999747e-05,106770.3516,13.55949974,2.016800207
131.6000061,237.812843,81.4510586,26.85755632,63.20127495,0.8297899319,135.8036927,6.449514866,297.9203186,0,225,9.999999747e-05,64.92731476,106812.8047,13.62194729,1.947377216
131.8000031,236.6892818,81.22002455,26.90935541,63.37303829,0.8273866726,134.5102554,6.445257664,297.8549805,0,225,9.999999747e-05,9.999999747e-05,106855.2188,13.60360336,1.963906416
132,237.0807387,80.90043413,26.87477231,63.3095889,0.83235855,135.1110133,6.442610741,297.9201355,0,225,9.999999747e-05,64.92608643,106897.6328,13.64991283,1.972252101
132.1999969,236.3646978,80.7951422,26.91347144,63.43424142,0.8294252019,134.1652409,6.440653801,297.8547974,0,225,9.999999747e-05,9.999999747e-05,106939.9922,13.63017273,1.97296411
132.3999939,237.0024186,80.56330054,26.87035897,63.33437628,0.8338815899,134.9926237,6.439087391,297.9199219,0,225,9.999999747e-05,64.93468475,106982.3359,13.67641926,1.958196357
132.6000061,236.4174592,80.51189248,26.90531672,63.44373725,0.8307750018,134.1411822,6.440392971,297.8545837,0,225,9.999999747e-05,9.999999747e-05,107024.7109,13.64526367,2.009642192
132.8000031,237.4353597,80.39943301,26.85050912,63.29393952,0.8348789259,135.3252162,6.440946102,297.9196472,0,225,9.999999747e-05,64.95983887,107067.0547,13.692173,1.974652027
133,237.0887304,80.43623822,26.87804226,63.37015544,0.8314952428,134.6869527,6.441011429,297.8543396,0,225,9.999999747e-05,9.999999747e-05,107109.3359,13.67226124,1.953990921
133.1999969,237.9168146,80.29428405,26.82979825,63.24266035,0.8356071909,135.6790891,6.443847656,297.9193726,0,225,9.999999747e-05,64.99479675,107151.6953,13.70468998,1.995610902
133.3999939,237.8533371,80.39373765,26.8475868,63.2824418,0.8320942562,135.3377453,6.446197033,297.8540649,0,225,9.999999747e-05,9.999999747e-05,107194.0078,13.68318653,1.978100816
133.6000061,238.8838502,80.34301706,26.79399461,63.1273276,0.835866502,136.5043814,6.448252678,297.9190979,0,225,9.999999747e-05,65.0453186,107236.3203,13.72488689,1.954052704
133.8000031,238.7029507,80.41329796,26.81446626,63.17741311,0.8323073335,136.0721695,6.453423977,297.8537598,0,225,9.999999747e-05,9.999999747e-05,107278.7031,13.68834877,2.015895898
134,239.9923191,80.4367141,26.7526892,62.98926399,0.8357284908,137.4969184,6.456501007,297.9188232,0,225,9.999999747e-05,65.10638428,107321.0391,13.73405361,1.954523703
134.1999969,239.8754212,80.52212059,26.76938823,63.02385296,0.8318255054,137.1650652,6.463458538,297.8534851,0,225,9.999999747e-05,9.999999747e-05,107363.4766,13.69160461,2.034036137
134.3999939,241.2512027,80.58064498,26.70515987,62.82470383,0.8347788929,138.6701392,6.47069788,297.9185486,0,225,9.999999747e-05,65.17198181,107405.9531,13.72326088,2.028318155
134.6000061,241.4838963,80.69907712,26.70625327,62.80396944,0.8298166745,138.76795,6.474802017,297.8531799,0,225,9.999999747e-05,9.999999747e-05,107448.3359,13.70119858,1.949857969
134.8000031,242.4781883,80.71070806,26.65794396,62.65996052,0.8329753573,139.8430254,6.480896473,297.9182739,0,225,9.999999747e-05,65.23433685,107490.7812,13.7283802,1.978053109
135,242.613716,80.72196136,26.65995914,62.65133722,0.8280581982,139.9036978,6.488942146,297.8529053,0,225,9.999999747e-05,9.999999747e-05,107533.2734,13.68737316,2.011542572
135.1999969,243.8641983,80.77151205,26.60371783,62.47754686,0.8301429471,141.2356233,6.497434616,297.9179993,0,225,9.999999747e-05,65.30505371,107575.7969,13.71171856,2.008734579
135.3999939,244.1735755,80.7060708,26.59776314,62.44498948,0.8239922612,141.5192642,6.507428646,297.8526001,0,225,9.999999747e-05,9.999999747e-05,107618.3438,13.66357899,2.029525341
135.6000061,245.4634373,80.74142851,26.54379228,62.27745798,0.825197443,142.8509615,6.514166355,297.9177246,0,222.5429077,9.999999747e-05,65.37630463,107660.2969,13.68910885,1.950300951
135.8000031,245.6591716,80.58054263,26.54932987,62.27860716,0.817406801,142.9230721,6.518361092,297.8523254,0,217.40625,9.999999747e-05,9.999999747e-05,107701.0625,13.63059711,1.891288954
136,246.4643078,80.67408312,26.53084693,62.20604881,0.8173461416,143.5119697,6.52504921,297.9174805,0,210.5896759,9.999999747e-05,65.43231964,107740.5234,13.60863495,1.962798598
136.1999969,246.9636067,80.382334,26.54522434,62.21598195,0.8062534197,143.6239359,6.529736519,297.8520813,0,201.0814514,9.999999747e-05,9.999999747e-05,107777.8516,13.5090847,1.931724863
136.3999939,248.024595,80.44650652,26.54332632,62.15750657,0.8031029031,144.1314,6.534664154,297.9172668,0,189.7129364,9.999999747e-05,65.48656464,107812.8359,13.45569801,1.979386777
136.6000061,249.0176174,79.94335866,26.57903803,62.18128789,0.7887458537,144.1720249,6.535704136,297.8518982,0,176.3661041,9.999999747e-05,9.999999747e-05,107844.7031,13.32783794,1.908959984
136.8000031,250.2303413,79.9416657,26.60791369,62.15547127,0.7856697121,144.2970535,6.535375118,297.9170837,0,162.616745,9.999999747e-05,65.5302887,107873.5781,13.27399826,1.928198717
137,251.4946475,79.27245116,26.6760768,62.21034018,0.7731466353,143.898622,6.532558918,297.8517456,0,148.9911804,9.999999747e-05,9.999999747e-05,107899.1562,13.15459347,1.890441537
137.1999969,252.6475435,79.20766375,26.72683216,62.20956848,0.7741875902,143.5567589,6.528619766,297.9169922,0,136.4958954,9.999999747e-05,65.55867004,107921.9141,13.13584709,1.916040787
137.3999939,253.8043506,78.50937265,26.8113954,62.29186246,0.7663550326,142.6808193,6.524534225,297.8516846,0,125.5718765,9.999999747e-05,9.999999747e-05,107941.9609,13.04798698,1.953208334
137.6000061,254.640081,78.42334377,26.85680161,62.30022553,0.7711162819,142.1395694,6.518936634,297.9169617,0,116.2789536,9.999999747e-05,65.57076263,107959.8281,13.07212353,1.949061992
137.8000031,255.2764472,77.8464731,26.93325814,62.40601568,0.767284885,140.9940503,6.513040543,297.8516846,0,109.2295227,9.999999747e-05,9.999999747e-05,107975.8203,13.02992725,1.958637837
138,255.2941422,77.8648309,26.95597579,62.43854327,0.775354239,140.3120804,6.506047249,297.9169617,0,104.5347824,9.999999747e-05,65.56067657,107990.7031,13.09647942,1.923349326
138.1999969,254.9322545,77.56946195,27.00689294,62.57489502,0.7749313272,139.0439096,6.498693466,297.8517456,0,102.6399078,9.999999747e-05,9.999999747e-05,108004.9297,13.1022625,1.874782185
138.3999939,253.8858012,77.78170423,26.99719082,62.62990352,0.7852153603,138.3996323,6.491853714,297.9169922,0,103.6842194,9.999999747e-05,65.53144073,108019.5156,13.19669056,1.858285082
138.6000061,252.5687352,77.81657534,27.0168639,62.77713458,0.7862612854,137.3074601,6.486909866,297.8517761,0,107.4615555,9.999999747e-05,9.999999747e-05,108035,13.2151823,1.882817965
138.8000031,251.2534607,78.14937472,26.97530652,62.78722028,0.7952669751,137.2831978,6.484027863,297.9169312,0,113.2119751,9.999999747e-05,65.50666809,108052.0469,13.30413151,1.904293277
139,250.051436,78.33973016,26.97021467,62.87518244,0.7942102268,136.859621,6.483577251,297.8517456,0,120.114502,9.999999747e-05,9.999999747e-05,108070.7812,13.31237602,1.928170745
139.1999969,249.3724845,78.65545243,26.90953813,62.80039513,0.8004818704,137.5974318,6.484579563,297.9168091,0,127.1959,9.999999747e-05,65.50227356,108091.3047,13.38906193,1.9041879
139.3999939,248.7708377,78.81538515,26.89364684,62.82406156,0.7971908258,137.7004653,6.487401485,297.851593,0,133.8793335,9.999999747e-05,9.999999747e-05,108113.4062,13.36790371,1.918390914
139.6000061,248.8264356,79.00027734,26.828645,62.69193684,0.8020251349,138.8715835,6.489690304,297.916626,0,139.4326782,9.999999747e-05,65.52246857,108136.8203,13.41466713,1.900884242
139.8000031,248.6448626,78.99204539,26.81517958,62.6926916,0.7982340652,139.1233396,6.493733406,297.8513794,0,144.0780334,9.999999747e-05,9.999999747e-05,108161.3203,13.37407398,1.987604462
140,249.1055215,79.07098478,26.75815846,62.5509289,0.8023584527,140.3109626,6.497590065,297.9164429,0,147.0988007,9.999999747e-05,65.56156158,108186.5703,13.4050436,2.01145625
140.1999969,249.3618801,78.91194544,26.75184529,62.53554166,0.7968875244,140.6331736,6.501914501,297.8511658,0,148.5831451,9.999999747e-05,9.999999747e-05,108212.1094,13.34954548,2.06730962
140.3999939,250.0693434,78.92130022,26.7108776,62.4085768,0.8000262794,141.6340784,6.505406857,297.9162598,0,148.3355865,9.999999747e-05,65.60897827,108237.625,13.36578178,2.091699124
140.6000061,250.5665806,78.62667347,26.71869137,62.40424712,0.7934676453,141.8167375,6.507853985,297.8509827,0,146.6953125,9.999999747e-05,9.999999747e-05,108262.6406,13.30094337,2.107388989
140.8000031,251.2482583,78.61481746,26.69744492,62.3152738,0.796723192,142.4415814,6.508457184,297.9161072,0,144.076767,9.999999747e-05,65.65207672,108287.0469,13.31627846,2.107749977
141,251.6377521,78.2809587,26.72078592,62.34710655,0.7910190755,142.2696451,6.50692606,297.8508606,0,141.2197876,9.999999747e-05,9.999999747e-05,108310.6094,13.26152039,2.081554325
141.1999969,251.8925346,78.32759856,26.71251391,62.30971517,0.7964863144,142.4129487,6.507104874,297.9160156,0,138.9762573,9.999999747e-05,65.67816162,108333.8281,13.27765274,2.22533019
141.3999939,252.2196627,78.01088857,26.735115,62.34425788,0.7913540423,142.2207315,6.506204128,297.850769,0,136.6487732,9.999999747e-05,9.999999747e-05,108356.3672,13.22455025,2.238565146
141.6000061,252.483959,78.06099251,26.7238921,62.29989824,0.7965456571,142.4301967,6.504569054,297.9159241,0,134.6907043,9.999999747e-05,65.69985199,108378.5234,13.2535429,2.274107514
141.8000031,252.5377603,77.80477192,26.74840205,62.35673166,0.7927862201,142.0422575,6.503167629,297.8506775,0,133.3856354,9.999999747e-05,9.999999747e-05,108400.3047,13.20855522,2.333613931
142,252.6124314,77.89017196,26.73276066,62.31723009,0.7986024545,142.2338191,6.501533031,297.9158325,0,132.63797,9.999999747e-05,65.71439362,108422,13.24482155,2.37954948
142.1999969,252.5228709,77.68996398,26.75177925,62.37396034,0.795342137,141.875375,6.500459671,297.8506165,0,132.5456848,9.999999747e-05,9.999999747e-05,108443.6406,13.20679665,2.443176159
142.3999939,252.5114497,77.79991772,26.72980498,62.32865721,0.8011843543,142.1461951,6.499348164,297.9157104,0,132.880127,9.999999747e-05,65.72566986,108465.4688,13.24668312,2.486049828
142.6000061,252.3688819,77.63703033,26.74306918,62.37833956,0.7979803804,141.8750973,6.49940443,297.8504944,0,133.6611023,9.999999747e-05,9.999999747e-05,108487.4766,13.20940304,2.570217731
142.8000031,252.43276,77.74612721,26.71557571,62.3172045,0.803242008,142.2983033,6.498766422,297.9155884,0,134.4156799,9.999999747e-05,65.74049377,108509.7266,13.25023937,2.57536395
143,252.3083428,77.59226669,26.72614641,62.36042913,0.7998744166,142.091047,6.499247551,297.8504028,0,135.4313049,9.999999747e-05,9.999999747e-05,108532.2188,13.2134409,2.652699702
143.1999969,252.4128176,77.69866403,26.69735539,62.29388757,0.8048841229,142.5613467,6.496589661,297.9154968,0,136.2486115,9.999999747e-05,65.75845337,108554.8281,13.26550961,2.537358435
143.3999939,251.994318,77.59630426,26.71059802,62.36329956,0.8028507399,142.1375472,6.492415905,297.8503113,0,138.1429596,9.999999747e-05,9.999999747e-05,108577.7188,13.25608826,2.477385256
143.6000061,251.4052369,77.79862428,26.68477874,62.35273635,0.8108827329,142.1690893,6.48960638,297.9153748,0,141.7018585,9.999999747e-05,65.7614975,108601.5625,13.31899738,2.546844535
143.8000031,250.7015661,77.79252259,26.68736742,62.42265573,0.8099020631,141.8130835,6.487215042,297.8502197,0,146.3752289,9.999999747e-05,9.999999747e-05,108626.4141,13.31707287,2.558563046
144,250.22494,77.98708023,26.64782906,62.37821921,0.817338568,142.1752075,6.486539364,297.9152527,0,152.0080566,9.999999747e-05,65.77196503,108652.6875,13.38075447,2.624724928
144.1999969,249.6792876,77.9911292,26.63983869,62.41564027,0.8158758849,142.105677,6.485537529,297.8500977,0,157.9069061,9.999999747e-05,9.999999747e-05,108680.1953,13.38173485,2.598528749
144.3999939,249.4350166,78.14770345,26.59492987,62.34458126,0.8228139068,142.6751943,6.48384428,297.9151001,0,164.2130737,9.999999747e-05,65.78882599,108709.1172,13.45353222,2.562170316
144.6000061,248.7977242,78.15101368,26.58836653,62.39039168,0.8222261256,142.5242649,6.4847188,297.8499451,0,171.1976166,9.999999747e-05,9.999999747e-05,108739.625,13.45334721,2.643896907
144.8000031,248.8598119,78.25310248,26.537966,62.28695965,0.8286497845,143.3318354,6.484361172,297.914917,0,177.8218842,9.999999747e-05,65.81456757,108771.5469,13.52362156,2.592150877
145,248.4264958,78.21471899,26.52942523,62.31116931,0.827775968,143.3169128,6.485452652,297.849762,0,184.6013641,9.999999747e-05,9.999999747e-05,108804.9375,13.52518463,2.632022709
145.1999969,248.6318452,78.27606767,26.4822303,62.20417192,0.8341234275,144.1176344,6.48663187,297.9147339,0,190.9356079,9.999999747e-05,65.8414917,108839.7109,13.58935356,2.631997977
145.3999939,248.3952465,78.19148267,26.47268592,62.208413,0.8328602986,144.2255331,6.492384911,297.8495483,0,196.8024139,9.999999747e-05,9.999999747e-05,108875.8516,13.57619095,2.778897642
145.6000061,249.0213344,78.20227274,26.42244785,62.06282169,0.8373950656,145.2966298,6.498557568,297.9144897,0,200.3532715,9.999999747e-05,65.88211823,108912.7969,13.61743641,2.806530275
145.8000031,249.1920324,78.02548048,26.41156291,62.03045001,0.8334805421,145.6685241,6.505461693,297.8493042,0,201.4483948,9.999999747e-05,9.999999747e-05,108949.9766,13.58242989,2.85206389
146,249.9389763,78.01355435,26.37737981,61.91191028,0.8357521438,146.5240706,6.509837151,297.9142456,0,199.7808685,9.999999747e-05,65.92870331,108986.75,13.59973049,2.814087052
146.1999969,250.1696696,77.7615949,26.38269149,61.91341001,0.8299337152,146.645224,6.51345396,297.8490601,0,196.3738098,9.999999747e-05,9.999999747e-05,109022.7344,13.54203892,2.83235536
146.3999939,250.8463077,77.75898012,26.36834135,61.8431906,0.8313879783,147.116258,6.516159534,297.9140015,0,191.5144043,9.999999747e-05,65.9733429,109057.6875,13.53910351,2.865022699
146.6000061,251.2170574,77.43849472,26.38439105,61.86102436,0.8243415055,147.116044,6.515907288,297.8488464,0,185.5733185,9.999999747e-05,9.999999747e-05,109091.2031,13.47184753,2.820031798
146.8000031,251.7735105,77.4686584,26.38505835,61.8269275,0.8263148182,147.2580739,6.515019417,297.9138184,0,179.7398834,9.999999747e-05,66.01026154,109123.4688,13.46982002,2.863779416
147,252.057776,77.16500616,26.41069916,61.87046444,0.8203064164,147.0182724,6.513077736,297.8486938,0,174.2543182,9.999999747e-05,9.999999747e-05,109154.4375,13.40699005,2.876212746
147.1999969,252.4796482,77.21991125,26.41381085,61.84740184,0.823562938,147.0401002,6.51032877,297.9136658,0,169.5466614,9.999999747e-05,66.04199982,109184.3906,13.41944027,2.905554111
147.3999939,252.5902315,76.97215047,26.44054241,61.90508678,0.8191551527,146.6639185,6.507131577,297.8485413,0,165.9380188,9.999999747e-05,9.999999747e-05,109213.4688,13.37322426,2.925699231
147.6000061,252.7601371,77.07219494,26.43952992,61.89001868,0.823982525,146.6179866,6.504618645,297.9135132,0,163.6069946,9.999999747e-05,66.0652771,109242.1172,13.40062904,2.995246211
147.8000031,252.7085363,76.88413363,26.45916565,61.94541484,0.8206859925,146.2771852,6.503316402,297.8484192,0,162.2775574,9.999999747e-05,9.999999747e-05,109270.4766,13.36444569,3.067794708
148,252.8601949,76.9788535,26.44774489,61.90975756,0.8253934866,146.4266528,6.504901409,297.9133606,0,161.4671936,9.999999747e-05,66.08908844,109298.8594,13.38789558,3.222555035
148.1999969,253.067795,76.74244992,26.45714809,61.92485653,0.8206806835,146.4377939,6.506063938,297.8482361,0,160.0172729,9.999999747e-05,9.999999747e-05,109326.875,13.34572601,3.232233074
148.3999939,253.4365711,76.79021259,26.44390556,61.86820971,0.8240483079,146.7563798,6.504221439,297.9131775,0,158.112854,9.999999747e-05,66.11821747,109354.4141,13.37575912,3.144622458
148.6000061,253.4316433,76.60222909,26.46134449,61.91590961,0.8206210505,146.4799614,6.502584457,297.848114,0,156.9540863,9.999999747e-05,9.999999747e-05,109381.6641,13.34296227,3.170963509
148.8000031,253.5119845,76.71294748,26.45020754,61.88491289,0.8255194914,146.5885442,6.501205444,297.9130249,0,156.4397278,9.999999747e-05,66.14137268,109408.8828,13.37838364,3.209158754
149,253.4301611,76.55854689,26.46233456,61.92771002,0.8224985233,146.3716382,6.499889851,297.8479614,0,156.4768982,9.999999747e-05,9.999999747e-05,109436.0703,13.3529129,3.221140126
149.1999969,253.4407609,76.6825591,26.44650635,61.89206826,0.8275527003,146.5349789,6.498283863,297.9128723,0,157.0409393,9.999999747e-05,66.16297913,109463.4297,13.39482021,3.224523175
149.3999939,253.2425188,76.56890523,26.45521141,61.9367446,0.8251170877,146.3180917,6.497717857,297.8478088,0,158.2484894,9.999999747e-05,9.999999747e-05,109491.0625,13.37420654,3.267970644
149.6000061,253.2414239,76.69398819,26.43448789,61.89170529,0.8300930753,146.5734514,6.496095181,297.9127197,0,159.6781006,9.999999747e-05,66.18575287,109519.0156,13.4206543,3.230666965
149.8000031,252.9716509,76.60690563,26.4403664,61.93587915,0.8280313509,146.3719142,6.494743347,297.8476868,0,161.7635956,9.999999747e-05,9.999999747e-05,109547.3828,13.40816879,3.232931908
150,252.8611274,76.75307982,26.41786961,61.89595833,0.8335417821,146.5966478,6.494910717,297.9125671,0,164.3854675,9.999999747e-05,66.20489502,109576.4375,13.4540472,3.293692999
150.1999969,252.6639211,76.65971734,26.41787651,61.92125065,0.8311695577,146.5574885,6.494841099,297.8475342,0,166.9363708,9.999999747e-05,9.999999747e-05,109605.9922,13.44198132,3.273322876
150.3999939,252.6580863,76.78349765,26.39310853,61.86807221,0.836165672,146.8870444,6.494317055,297.912384,0,169.5206146,9.999999747e-05,66.22833252,109636.125,13.48985863,3.252488401
150.6000061,252.4094286,76.70087029,26.3942164,61.89918698,0.8341649202,146.7968104,6.494646072,297.8473511,0,172.3153687,9.999999747e-05,9.999999747e-05,109666.8516,13.47812939,3.27372073
150.8000031,252.447989,76.8127744,26.36894767,61.84159034,0.8390178348,147.1595696,6.494121552,297.9122009,0,174.9742584,9.999999747e-05,66.2551651,109698.1406,13.52616405,3.238693163
151,252.2004933,76.72968788,26.36997191,61.87162762,0.8371248651,147.0738764,6.496001244,297.8471985,0,177.8483734,9.999999747e-05,9.999999747e-05,109730.0938,13.51123238,3.318451649
151.1999969,252.3637958,76.81254954,26.3434961,61.80109308,0.841365503,147.5344529,6.49991703,297.9120178,0,179.9600067,9.999999747e-05,66.28585815,109762.6172,13.54466057,3.400365583
151.3999939,252.4464455,76.63842695,26.34043607,61.79366593,0.8376222592,147.7391201,6.504490852,297.8469849,0,180.5063782,9.999999747e-05,9.999999747e-05,109795.25,13.51366043,3.43159356
151.6000061,252.8894016,76.65478155,26.31915101,61.71248193,0.84001595,148.2699526,6.509242535,297.9117737,0,179.2276154,9.999999747e-05,66.3235321,109827.6641,13.52807999,3.468223563
151.8000031,253.2405575,76.37458929,26.32407555,61.70391999,0.8343911013,148.4789469,6.515423775,297.8467407,0,176.0496063,9.999999747e-05,9.999999747e-05,109859.4141,13.46949291,3.560609981
152,254.0136897,76.29680021,26.31383911,61.62374044,0.8345901481,148.9982877,6.519179821,297.9115601,0,170.3950043,9.999999747e-05,66.36999512,109889.9062,13.46149063,3.530955545
152.1999969,254.7293308,75.88269934,26.33316432,61.62266036,0.8268984264,149.1333338,6.520493507,297.8465576,0,163.250473,9.999999747e-05,9.999999747e-05,109918.6719,13.38697243,3.492092403
152.3999939,255.5239296,75.82350836,26.34270865,61.58094371,0.8275484274,149.2779809,6.518585205,297.9114075,0,155.5808563,9.999999747e-05,66.40474701,109945.6562,13.37940407,3.438208485
152.6000061,256.1645023,75.45846383,26.37622198,61.61431954,0.8215389236,149.0577053,6.516183376,297.846405,0,148.6772156,9.999999747e-05,9.999999747e-05,109971.0156,13.31333637,3.475407358
152.8000031,256.6903419,75.48374785,26.38980053,61.5973641,0.8244429268,148.9498614,6.512759686,297.9112854,0,142.725647,9.999999747e-05,66.43074799,109995.0625,13.32212925,3.501339031
153,257.0940337,75.20757704,26.42074716,61.64264596,0.8203413289,148.6167625,6.506960869,297.8463135,0,138.1452789,9.999999747e-05,9.999999747e-05,110017.8828,13.28469276,3.424476272
153.1999969,257.0449597,75.37664466,26.42701948,61.65482716,0.8261303384,148.2872501,6.50148201,297.9111633,0,135.8889923,9.999999747e-05,66.44153595,110040.2734,13.32355118,3.470264024
153.3999939,256.8143093,75.30015029,26.44565074,61.72514714,0.8249693169,147.8082577,6.495589256,297.8462219,0,135.8155975,9.999999747e-05,9.999999747e-05,110062.5625,13.31640434,3.442038433
153.6000061,256.2608191,75.56459198,26.43374001,61.74048938,0.8320111406,147.5632352,6.491117954,297.9110718,0,138.1016083,9.999999747e-05,66.45040131,110085.5,13.37525272,3.494987731
153.8000031,255.6438367,75.61045467,26.43632851,61.80875577,0.8318785218,147.2007699,6.487794876,297.8461304,0,142.1702728,9.999999747e-05,9.999999747e-05,110109.3438,13.38288403,3.506037976
154,255.0359374,75.87239363,26.40914299,61.79608693,0.8383296519,147.2587778,6.486419201,297.9109192,0,147.568924,9.999999747e-05,66.46375275,110134.5469,13.44451714,3.552327023
154.1999969,254.4879602,75.92004386,26.40094137,61.83488518,0.8376377338,147.16913,6.485028744,297.8459778,0,153.515213,9.999999747e-05,9.999999747e-05,110161.0078,13.45650196,3.494204628
154.3999939,254.0345092,76.14282078,26.36830844,61.79752788,0.8434908236,147.4286826,6.485947609,297.9107666,0,160.0239258,9.999999747e-05,66.48051453,110189.0469,13.51543522,3.545116017
154.6000061,253.6476399,76.15210825,26.35625582,61.81190215,0.8423195004,147.5189945,6.489935398,297.8457947,0,166.157486,9.999999747e-05,9.999999747e-05,110218.5312,13.51455212,3.62606282
154.8000031,253.6597137,76.26547964,26.32086938,61.72594233,0.8462304503,148.1246388,6.494692326,297.910553,0,170.6932373,9.999999747e-05,66.51467133,110249.0859,13.55689335,3.629663001
155,253.6452384,76.14844483,26.31138573,61.70959365,0.8431912246,148.4149195,6.501227379,297.8455811,0,173.3334198,9.999999747e-05,9.999999747e-05,110280.2734,13.53516197,3.68431884
155.1999969,254.0020309,76.16248162,26.28595827,61.618021,0.8452721676,149.0337514,6.507231236,297.9103394,0,173.3561859,9.999999747e-05,66.55565643,110311.5,13.55365658,3.675734249
155.3999939,254.3394664,75.89762041,26.28718634,61.59906072,0.8400128353,149.3277211,6.514782429,297.8453674,0,170.9850006,9.999999747e-05,9.999999747e-05,110342.2812,13.50070572,3.767793818
155.6000061,255.0770244,75.79545759,26.27709669,61.51638388,0.8398304196,149.8654108,6.521852016,297.9100952,0,165.5864258,9.999999747e-05,66.602211,110371.9375,13.48499775,3.820265819
155.8000031,256.0146765,75.30215972,26.29366278,61.49078829,0.8311650296,150.2122552,6.527565479,297.8451538,0,157.3666229,9.999999747e-05,9.999999747e-05,110399.7188,13.3964653,3.847464245
156,257.2074467,75.08184136,26.30721186,61.42535706,0.8290672828,150.5644859,6.531071186,297.9099121,0,146.8643951,9.999999747e-05,66.64645386,110425.1719,13.35492039,3.884140273
156.1999969,258.7075934,74.4270667,26.34840471,61.40879276,0.8188729015,150.7599469,6.53046751,297.84552,0,134.9626465,9.999999747e-05,9.999999747e-05,110447.7188,13.25217533,3.816570084
156.3999939,260.0011031,74.24438359,26.38538001,61.375202,0.8184988286,150.6976726,6.526115417,297.9118347,0,123.3087769,9.999999747e-05,66.40851593,110467.5391,13.22591496,3.784198619
156.6000061,261.2726002,73.74905324,26.44076389,61.39938765,0.8124144898,150.3901395,6.51927042,297.8504639,0,113.3949432,9.999999747e-05,9.999999747e-05,110484.8906,13.15676498,3.766911318
156.8000031,261.7771212,73.80746111,26.47039253,61.41259293,0.8171161803,149.8911383,6.510866165,297.9169617,0,106.2153625,9.999999747e-05,64.89597321,110500.6172,13.17791367,3.786642464
157,261.9653285,73.65987052,26.50496924,61.48291856,0.8165315661,149.2561548,6.501851082,297.8580322,0,102.3946152,9.999999747e-05,9.999999747e-05,110515.3672,13.16568756,3.783345658
157.1999969,261.281521,73.97737688,26.50255463,61.53126149,0.8246088583,148.6704868,6.492852688,297.9209595,0,102.1767731,9.999999747e-05,62.69735718,110530.1641,13.23178673,3.772791475
157.3999939,260.3314574,74.14720715,26.50647273,61.63150073,0.8271207522,148.0169881,6.484976768,297.8613586,0,105.5564423,9.999999747e-05,9.999999747e-05,110545.75,13.26104736,3.758666136
157.6000061,258.9464423,74.59594344,26.47727262,61.68007103,0.8354640014,147.6561693,6.479053497,297.9200134,0,112.0827637,9.999999747e-05,61.33868027,110563,13.34317303,3.764286061
157.8000031,257.6748325,74.87108621,26.46175873,61.76561841,0.8376069031,147.2789575,6.47644949,297.8589172,0,120.9755554,9.999999747e-05,9.999999747e-05,110582.3672,13.37714958,3.815246643
158,256.5927288,75.24696104,26.41900247,61.75870306,0.8436828538,147.4125451,6.4763484,297.9149475,0,130.905426,9.999999747e-05,61.20954132,110604.1094,13.44885731,3.812460838
158.1999969,255.8015746,75.43019908,26.39540366,61.78596247,0.8438037089,147.4756033,6.478264332,297.8500671,0,140.8780975,9.999999747e-05,9.999999747e-05,110628.0703,13.473876,3.783310319
158.3999939,255.2536894,75.68375567,26.35110128,61.72649567,0.8484290231,147.9517472,6.480098724,297.9084473,0,150.0856781,9.999999747e-05,63.46559143,110654.0547,13.53919792,3.674036135
158.6000061,254.7510677,75.76915015,26.33077561,61.7316835,0.8478631005,148.1310036,6.483057499,297.8435974,0,158.5663757,9.999999747e-05,9.999999747e-05,110681.875,13.55598927,3.63629975
158.8000031,254.4749291,75.94346193,26.29309986,61.66103846,0.8521769435,148.6407016,6.486563683,297.9055786,0,165.8595886,9.999999747e-05,65.33058929,110711.3281,13.61011219,3.597429132
159,254.2150542,75.92822257,26.27847858,61.65266231,0.8507570247,148.8811403,6.490595818,297.8407288,0,171.7519989,9.999999747e-05,9.999999747e-05,110742.0234,13.61398125,3.568198501
159.1999969,254.1856678,76.03225894,26.24949825,61.57985648,0.8543392029,149.3670432,6.493116379,297.9054871,0,176.0316772,9.999999747e-05,66.79680634,110773.5938,13.65884113,3.480814781
159.3999939,254.0281351,75.95935235,26.24353941,61.58192781,0.8524590178,149.500723,6.496673584,297.8406677,0,179.3097992,9.999999747e-05,9.999999747e-05,110805.8594,13.65039062,3.495603522
159.6000061,254.1253181,76.03114999,26.22266843,61.51988124,0.8555806411,149.8841092,6.50312376,297.9067078,0,181.1567383,9.999999747e-05,67.50436401,110838.6562,13.67333889,3.604511537
159.8000031,254.2755504,75.83238092,26.21957857,61.50054106,0.85169726,150.1783062,6.508790493,297.8418579,0,180.4173889,9.999999747e-05,9.999999747e-05,110871.2266,13.64277267,3.582622486
160,254.6781117,75.8159637,26.20825512,61.43785072,0.8528859283,150.5526954,6.512393951,297.9079895,0,177.4232483,9.999999747e-05,67.58689117,110903.1016,13.64969349,3.536249164
160.1999969,255.0251892,75.5493669,26.21770873,61.43778816,0.8478640248,150.6787296,6.51584816,297.8431702,0,172.9919434,9.999999747e-05,9.999999747e-05,110933.9609,13.59845448,3.563775494
160.3999939,255.585064,75.50314798,26.21778901,61.39224795,0.8484151096,150.8962349,6.517305851,297.9087524,0,167.1728516,9.999999747e-05,67.3478241,110963.5156,13.59237957,3.542132155
160.6000061,256.1306067,75.18504786,26.23640351,61.40009793,0.8427377912,150.9336943,6.517710209,297.8439331,0,160.7767944,9.999999747e-05,9.999999747e-05,110991.5781,13.53301048,3.547660157
160.8000031,256.7240508,75.15377267,26.24504159,61.37042605,0.843692472,150.9851242,6.5166049,297.9088745,0,154.2160492,9.999999747e-05,67.05591583,111018.1719,13.52686787,3.550037158
161,257.2951388,74.85536524,26.26890747,61.38817706,0.8386845354,150.9075903,6.512511253,297.8440857,0,148.098938,9.999999747e-05,9.999999747e-05,111043.2188,13.4794445,3.463106425
161.1999969,257.6017271,74.93523449,26.27892974,61.38359322,0.8418050537,150.7258618,6.505362988,297.9086609,0,143.6243439,9.999999747e-05,66.8565979,111067.1719,13.50169849,3.363863947
161.3999939,257.5795948,74.86885765,26.29830471,61.44154427,0.8406497113,150.3204146,6.495999813,297.8439026,0,142.009552,9.999999747e-05,9.999999747e-05,111090.5781,13.49616432,3.257886471
161.6000061,257.0573193,75.16897834,26.29311874,61.47464362,0.8475167486,149.9186381,6.487668037,297.9082947,0,144.1374054,9.999999747e-05,66.7782135,111114.5391,13.55544376,3.281488897
161.8000031,256.3210206,75.30710136,26.29368953,61.55369788,0.8490927777,149.4722682,6.481549263,297.8435669,0,149.5874634,9.999999747e-05,9.999999747e-05,111139.7578,13.57808018,3.327243237
162,255.5670876,75.60571572,26.26898607,61.56239124,0.8556844811,149.3803305,6.475516796,297.9079285,0,157.4812317,9.999999747e-05,66.80358887,111166.7344,13.65349674,3.270956243
162.1999969,254.7382806,75.76163438,26.25779579,61.62560553,0.8574106957,149.1230994,6.4713974,297.8432007,0,167.7946777,9.999999747e-05,9.999999747e-05,111195.9688,13.69098186,3.272404056
162.3999939,254.1230758,75.99766923,26.22492382,61.6051457,0.8635433478,149.2758118,6.468220711,297.9076538,0,179.7498779,9.999999747e-05,66.86921692,111227.8203,13.77052212,3.235475752
162.6000061,253.5299547,76.08790902,26.20846253,61.63450822,0.8650011388,149.2591941,6.466701031,297.842926,0,192.9788361,9.999999747e-05,9.999999747e-05,111262.4844,13.81354427,3.219008805
162.8000031,253.2482293,76.23113079,26.17413047,61.57681219,0.870543702,149.6527734,6.470527649,297.9074097,0,206.8131714,9.999999747e-05,66.93820953,111300.2656,13.88333035,3.325829802
163,252.9679607,76.23761525,26.15442968,61.54594261,0.8713725817,150.0160258,6.476799488,297.8426514,0,219.1047058,9.999999747e-05,9.999999747e-05,111340.6953,13.91727448,3.342925575
163.1999969,252.9667478,76.31898863,26.12343256,61.44746142,0.8756326939,150.6505703,6.487531185,297.907135,0,225,9.999999747e-05,67.00535583,111382.5938,13.95882607,3.460049077
163.3999939,252.8605695,76.24028188,26.1139791,61.40606915,0.8741957145,151.0460457,6.498632431,297.8424072,0,225,9.999999747e-05,9.999999747e-05,111424.5859,13.94736576,3.481891446
163.6000061,253.1301184,76.23907981,26.10040022,61.33447676,0.8750020371,151.4756603,6.51053524,297.9068909,0,225,9.999999747e-05,67.0681839,111466.6484,13.95283222,3.5214505
163.8000031,253.2265983,76.04488175,26.09710792,61.30730584,0.8715825179,151.8004942,6.520899296,297.8421326,0,221.3024445,9.999999747e-05,9.999999747e-05,111507.9297,13.92026901,3.50085658
164,253.6666022,75.98773897,26.09030732,61.25589093,0.8711811764,152.1092658,6.53042078,297.9066467,0,213.4667969,9.999999747e-05,67.12041473,111547.5938,13.89936829,3.535963269
164.1999969,254.1232086,75.64824473,26.09835874,61.24492259,0.8646978052,152.345173,6.536768913,297.8419189,0,201.8204041,9.999999747e-05,9.999999747e-05,111584.7266,13.82533455,3.506158597
164.3999939,254.9377734,75.48615241,26.10779076,61.21200911,0.8617248673,152.5157557,6.539310932,297.9064331,0,187.642395,9.999999747e-05,67.16347504,111618.7578,13.77346325,3.478060433
164.6000061,255.8845442,75.01009626,26.13434964,61.2126798,0.8528153395,152.6361025,6.539844513,297.8417358,0,172.4500427,9.999999747e-05,9.999999747e-05,111649.4453,13.66797829,3.506883841
164.8000031,257.0513831,74.79821295,26.1622557,61.18677542,0.8495473708,152.6609917,6.538826942,297.9062805,0,157.0386047,9.999999747e-05,67.19741058,111676.7969,13.60426044,3.581115295
165,258.4603812,74.2365555,26.2058691,61.18303772,0.8403909024,152.7160261,6.533996105,297.8415833,0,142.0328827,9.999999747e-05,9.999999747e-05,111700.6484,13.50122261,3.541776033
165.1999969,259.675866,74.08986561,26.24588161,61.16872227,0.8395925394,152.5023084,6.524515629,297.9061584,0,128.9669647,9.999999747e-05,67.22119904,111721.4219,13.47248554,3.446077466
165.3999939,260.6335323,73.79620784,26.29128518,61.20139519,0.835831968,152.1270733,6.513716221,297.8415222,0,119.6963806,9.999999747e-05,9.999999747e-05,111739.9844,13.42239189,3.445376825
165.6000061,260.796034,73.9704285,26.30964006,61.22912589,0.8410121159,151.6022276,6.503046989,297.9060974,0,114.7349396,9.999999747e-05,67.23214722,111757.5156,13.45098591,3.495038777
165.8000031,260.5640763,74.02047191,26.32421499,61.29578168,0.8421481857,151.1119193,6.49381876,297.842804,0,114.0366592,9.999999747e-05,9.999999747e-05,111774.9531,13.45577335,3.558777343
166,259.7779262,74.36844532,26.31057267,61.33252862,0.8490702523,150.739811,6.486728191,297.9081421,0,117.0253143,9.999999747e-05,66.57849884,111793.2734,13.5151329,3.629654134
166.1999969,258.9705731,74.5517151,26.30295486,61.39698162,0.8508391108,150.4379346,6.482197762,297.84552,0,122.8478546,9.999999747e-05,9.999999747e-05,111813.0156,13.54044724,3.676974391
166.3999939,258.0819815,74.88122533,26.2748226,61.40661976,0.8565447299,150.3692888,6.479934216,297.9086914,0,130.4808807,9.999999747e-05,66.02009583,111834.5938,13.60352516,3.692260385
166.6000061,257.3688058,75.03511171,26.25943696,61.44356707,0.857293945,150.3021242,6.480146408,297.8440247,0,139.0201874,9.999999747e-05,9.999999747e-05,111858.1328,13.62862015,3.702824005
166.8000031,256.767701,75.27593657,26.22873599,61.41763781,0.8616191475,150.4824492,6.483317375,297.9067688,0,147.4737091,9.999999747e-05,66.38666534,111883.6797,13.68044662,3.746892312
167,256.3907502,75.31799943,26.21371491,61.41810848,0.8608687754,150.6496037,6.488938808,297.8420715,0,154.6570435,9.999999747e-05,9.999999747e-05,111910.8594,13.68928528,3.776049551
167.1999969,256.2064633,75.42668532,26.18884352,61.36107838,0.8634386458,151.0200362,6.494628906,297.905304,0,159.5932617,9.999999747e-05,66.67169952,111939.1484,13.7249527,3.728474464
167.3999939,256.132408,75.3420481,26.18175709,61.34790779,0.8612341335,151.2546874,6.501429081,297.8406372,0,162.2609406,9.999999747e-05,9.999999747e-05,111968.0469,13.71291256,3.746120127
167.6000061,256.2580208,75.3543663,26.16816721,61.29272721,0.8625223907,151.5872638,6.505848885,297.9046021,0,162.2051392,9.999999747e-05,67.08018494,111996.8672,13.73054886,3.647159114
167.8000031,256.4423521,75.17747753,26.17157406,61.28620557,0.8591769347,151.7484385,6.508375168,297.8399658,0,160.3928833,9.999999747e-05,9.999999747e-05,112025.1875,13.70497131,3.576154842
168,256.6854523,75.18991208,26.16876797,61.25443338,0.8604957935,151.87313,6.509190083,297.90448,0,157.5687256,9.999999747e-05,67.38950348,112052.8281,13.71308613,3.531394744
168.1999969,256.9407527,75.01260723,26.17855098,61.26171072,0.8572838691,151.9062598,6.507756233,297.8398743,0,154.4181671,9.999999747e-05,9.999999747e-05,112079.6406,13.68587494,3.454270556
168.3999939,257.1089105,75.0767133,26.17904537,61.24728276,0.8594723701,151.878771,6.505841255,297.9046021,0,151.842926,9.999999747e-05,67.53865814,112105.875,13.69842339,3.455595282
168.6000061,257.2355521,74.96212259,26.18836773,61.26640733,0.8572830048,151.8160124,6.504375935,297.8399963,0,150.0280304,9.999999747e-05,9.999999747e-05,112131.6797,13.67580223,3.482265728
168.8000031,257.294186,75.04935925,26.18546096,61.25257076,0.859869095,151.798292,6.504446507,297.9047546,0,148.7963257,9.999999747e-05,67.56703949,112157.3047,13.68961239,3.56457675
169,257.4150886,74.92524404,26.19193624,61.26351331,0.8574849229,151.8117997,6.503283501,297.8401489,0,147.5328369,9.999999747e-05,9.999999747e-05,112182.5469,13.6717186,3.512690819
169.1999969,257.4373929,75.01766662,26.18773606,61.24906029,0.8600928277,151.8046462,6.501430988,297.9047852,0,146.7433929,9.999999747e-05,67.53421021,112207.6016,13.69338608,3.486908441
169.3999939,257.4272879,74.94946155,26.19281595,61.26939574,0.8585418927,151.7477494,6.501446247,297.8401794,0,146.6933441,9.999999747e-05,9.999999747e-05,112232.6875,13.67677784,3.562958065
169.6000061,257.4145709,75.03774802,26.18580568,61.24988583,0.8610500489,151.7935747,6.501935959,297.9046631,0,146.6289215,9.999999747e-05,67.50053406,112257.8125,13.69637108,3.587098109
169.8000031,257.4634014,74.93815973,26.18958127,61.25970496,0.8589651091,151.823065,6.503045559,297.8400879,0,146.3729858,9.999999747e-05,9.999999747e-05,112282.8906,13.67849541,3.61042957
170,257.5153699,75.00113912,26.1835143,61.23594265,0.8610274874,151.8994465,6.50417614,297.90448,0,145.67276,9.999999747e-05,67.48693085,112307.8594,13.69404888,3.620234351
170.1999969,257.6470022,74.87251527,26.18890593,61.24194443,0.858534388,151.9518646,6.505285263,297.8399048,0,144.5222015,9.999999747e-05,9.999999747e-05,112332.5547,13.67226219,3.623398458
170.3999939,257.7640579,74.91811278,26.18527362,61.21873128,0.8603321226,152.0162398,6.507122993,297.9042664,0,142.9281311,9.999999747e-05,67.49933624,112357.0078,13.68092728,3.678425287
170.6000061,258.013301,74.74858722,26.19312649,61.22010078,0.8572859494,152.0966268,6.507571697,297.8396912,0,140.5964966,9.999999747e-05,9.999999747e-05,112380.8672,13.65549374,3.629679524
170.8000031,258.1891048,74.78390848,26.19259747,61.20005923,0.8589554025,152.1243627,6.506649017,297.9040833,0,138.0922546,9.999999747e-05,67.52879333,112404.1641,13.66698456,3.590115553
171,258.3852328,74.65255394,26.20212223,61.21215862,0.8565735429,152.1092377,6.50485754,297.8395386,0,135.9571686,9.999999747e-05,9.999999747e-05,112426.9453,13.64602566,3.558929322
171.1999969,258.4225226,74.73977439,26.20020587,61.20223402,0.8590762772,152.0613351,6.502630234,297.9039307,0,134.5370636,9.999999747e-05,67.56099701,112449.4375,13.66465092,3.549949556
171.3999939,258.4555168,74.66893567,26.20648307,61.22151616,0.8575690353,152.002246,6.501877785,297.8399048,0,134.0065155,9.999999747e-05,9.999999747e-05,112471.875,13.64796829,3.618603349
171.6000061,258.4117047,74.76430873,26.20063851,61.20804331,0.8600938021,152.0023442,6.501276016,297.9046021,0,133.7706909,9.999999747e-05,67.33235931,112494.3359,13.66835117,3.627738529
171.8000031,258.4320542,74.68869626,26.20456976,61.22129735,0.8583989604,152.0010676,6.501725197,297.8416138,0,133.7798767,9.999999747e-05,9.999999747e-05,112516.8359,13.65298843,3.67043503
172,258.4081983,74.76817254,26.19797087,61.20322898,0.8605883728,152.0426461,6.501116276,297.9050598,0,133.6064301,9.999999747e-05,66.7490387,112539.2891,13.67478466,3.615874747
172.1999969,258.4210541,74.69730833,26.20163271,61.21630604,0.8589667473,152.0404148,6.500482559,297.8410339,0,133.6832733,9.999999747e-05,9.999999747e-05,112561.7344,13.6637001,3.60037792
172.3999939,258.3332772,74.80107284,26.19444311,61.2032436,0.861524965,152.0447103,6.499061584,297.9039612,0,134.0104828,9.999999747e-05,66.87386322,112584.25,13.68901348,3.55220694
172.6000061,258.2609944,74.76212136,26.19646538,61.22040024,0.8603728825,152.0163833,6.497385979,297.839447,0,134.9085083,9.999999747e-05,9.999999747e-05,112606.9062,13.68478203,3.515083191
172.8000031,258.0594697,74.90139381,26.18680957,61.21205865,0.8634324284,151.9955147,6.497735023,297.9031372,0,136.4751282,9.999999747e-05,67.20677185,112630.0469,13.70865059,3.594799035
173,257.9853536,74.85306426,26.18666374,61.22244805,0.8620574041,152.0282524,6.497876644,297.838623,0,137.8945923,9.999999747e-05,9.999999747e-05,112653.4531,13.70384312,3.558247685
173.1999969,257.8461665,74.96336708,26.1767868,61.20635954,0.8646085591,152.0674947,6.496164322,297.902771,0,139.2646637,9.999999747e-05,67.55836487,112677.0703,13.73521614,3.448182174
173.3999939,257.6818414,74.95483621,26.17633309,61.22575223,0.8638550376,152.0317421,6.495418549,297.8382874,0,141.3249817,9.999999747e-05,9.999999747e-05,112701.1406,13.73344898,3.459791498
173.6000061,257.4702419,75.08816192,26.16490966,61.21302658,0.8667689794,152.0535602,6.495201111,297.9027405,0,143.6746063,9.999999747e-05,67.74045563,112725.7578,13.76299,3.458009946
173.8000031,257.3134123,75.06917961,26.16293748,61.22645792,0.8658414866,152.0672566,6.493728161,297.8382568,0,146.1125488,9.999999747e-05,9.999999747e-05,112750.7891,13.76737309,3.366140047
174,257.064641,75.21677252,26.15097855,61.21635882,0.8689605294,152.0721495,6.496037006,297.9028015,0,149.145401,9.999999747e-05,67.81260681,112776.6641,13.79084206,3.505933696
174.1999969,256.9728351,75.16384562,26.14835268,61.21942452,0.8675517563,152.1624288,6.496670246,297.8383179,0,151.238266,9.999999747e-05,9.999999747e-05,112802.8594,13.79136181,3.405537567
174.3999939,256.8446895,75.26768942,26.1382419,61.20106036,0.869978985,152.221473,6.49480772,297.902832,0,153.0955658,9.999999747e-05,67.82131958,112829.3438,13.82386971,3.278002051
174.6000061,256.6625993,75.26577207,26.13706731,61.21992486,0.8694201806,152.1866905,6.493283749,297.8383789,0,155.7006836,9.999999747e-05,9.999999747e-05,112856.3516,13.8266468,3.260686063
174.8000031,256.4510999,75.40163213,26.12590418,61.20890294,0.8724149284,152.1984354,6.492927551,297.9028015,0,158.9061432,9.999999747e-05,67.79855347,112884.0859,13.85715675,3.282259634
175,256.2581341,75.3946788,26.12275393,61.22194827,0.8718314098,152.2116521,6.493451595,297.8383179,0,162.2514038,9.999999747e-05,9.999999747e-05,112912.5391,13.86021996,3.286178996
175.1999969,256.0976047,75.50413068,26.11125756,61.20292175,0.8744100905,152.2828205,6.496141434,297.9026489,0,165.3878326,9.999999747e-05,67.78009796,112941.75,13.88462067,3.349942499
175.3999939,255.9999311,75.45143989,26.10871148,61.20454021,0.8731829915,152.3733408,6.49909544,297.8381653,0,167.4440155,9.999999747e-05,9.999999747e-05,112971.3906,13.8806572,3.341991733
175.6000061,255.9783831,75.51187491,26.10028655,61.17860881,0.8749569532,152.4866122,6.502182484,297.9024353,0,168.3246918,9.999999747e-05,67.78379059,113001.2422,13.89773655,3.343880732
175.8000031,255.9994827,75.41837036,26.10132674,61.1785627,0.87314065,152.5782109,6.505596638,297.8379822,0,167.9711151,9.999999747e-05,9.999999747e-05,113031.0312,13.88237095,3.357789454
176,256.1131849,75.44079465,26.09730209,61.15314823,0.8742782695,152.679058,6.509164333,297.9022217,0,166.2510986,9.999999747e-05,67.80820465,113060.4844,13.88720417,3.383745973
176.1999969,256.2969329,75.2918661,26.10261706,61.15043266,0.8716391902,152.7813588,6.51203537,297.8377686,0,163.1046295,9.999999747e-05,9.999999747e-05,113089.25,13.8603096,3.381164861
176.3999939,256.5563747,75.27878329,26.10386692,61.12766462,0.8721832648,152.849732,6.511519909,297.9020386,0,158.8124542,9.999999747e-05,67.84384918,113116.9922,13.86269188,3.283485851
176.6000061,256.8029225,75.13924976,26.11367938,61.13485642,0.8696919948,152.8570394,6.509320736,297.837616,0,154.7353363,9.999999747e-05,9.999999747e-05,113143.7656,13.83735085,3.239304924
176.8000031,256.9714539,75.18570887,26.11618304,61.12687431,0.871201613,152.8001693,6.506669521,297.901886,0,151.5326538,9.999999747e-05,67.87237549,113169.8672,13.84301186,3.245271918
177,257.0960619,75.1002426,26.12390604,61.14106998,0.8695918291,152.7579645,6.50544405,297.8374634,0,149.3864136,9.999999747e-05,9.999999747e-05,113195.5625,13.8216238,3.316812285
177.1999969,257.168942,75.15923704,26.12276683,61.13089959,0.8713359476,152.7337074,6.504173279,297.9017029,0,147.7243042,9.999999747e-05,67.90416718,113220.9453,13.8322897,3.330450041
177.3999939,257.2414817,75.08257693,26.1279706,61.14195226,0.8698279729,152.7256276,6.504019737,297.8373108,0,146.5751953,9.999999747e-05,9.999999747e-05,113246.125,13.81519413,3.383325558
177.6000061,257.2819523,75.14034807,26.12514485,61.1291011,0.8715142041,152.7291918,6.505894184,297.9015503,0,145.4837494,9.999999747e-05,67.93403625,113271.2344,13.8208046,3.488621956
177.8000031,257.4350858,75.02063192,26.13029679,61.12992342,0.8693430793,152.8008941,6.50841713,297.8371277,0,143.6394196,9.999999747e-05,9.999999747e-05,113296.0078,13.79743862,3.535774559
178,257.6155326,75.02213561,26.13003406,61.10905146,0.8701494738,152.8596198,6.5104146,297.9014282,0,140.7903442,9.999999747e-05,67.96994019,113320.2031,13.79823303,3.54684003
178.1999969,257.908543,74.85982933,26.13908954,61.10735478,0.8673896899,152.9374957,6.511063576,297.8372192,0,137.1459961,9.999999747e-05,9.999999747e-05,113343.5781,13.77097607,3.51796825
178.3999939,258.1474039,74.8585739,26.14236139,61.09203972,0.8682165901,152.9395477,6.511489391,297.9028625,0,133.2448578,9.999999747e-05,67.89926147,113366.1719,13.76776695,3.555305656
178.6000061,258.4826453,74.6947297,26.15367742,61.09327237,0.865517067,152.9862496,6.511474609,297.8411255,0,129.1698608,9.999999747e-05,9.999999747e-05,113387.8906,13.73663998,3.578240298
178.8000031,258.7322125,74.69160229,26.15803376,61.08006941,0.8663673757,152.9698943,6.508827209,297.9047852,0,125.1013336,9.999999747e-05,66.69921875,113408.6406,13.74129581,3.490429716
179,258.9570406,74.58560399,26.16846034,61.09080928,0.8646143013,152.9375493,6.505434036,297.8425598,0,122.0990829,9.999999747e-05,9.999999747e-05,113428.7031,13.72237873,3.473614999
179.1999969,258.9591224,74.66838302,26.16806183,61.09016576,0.8667778061,152.839209,6.502111912,297.9059448,0,120.448082,9.999999747e-05,66.06575012,113448.4688,13.73587322,3.491403565
179.3999939,258.9514257,74.6353496,26.17236402,61.10669209,0.8660028222,152.7912953,6.498589039,297.8441162,0,120.1233368,9.999999747e-05,9.999999747e-05,113468.1406,13.73121738,3.466789589
179.6000061,258.7354651,74.77081018,26.16530115,61.10887072,0.8687753066,152.7044182,6.495336056,297.9058838,0,121.2086792,9.999999747e-05,65.56948853,113488.0859,13.75745678,3.454670717
179.8000031,258.5238756,74.79880273,26.16358704,61.12883993,0.8687189643,152.6573539,6.492560863,297.8430481,0,123.5935898,9.999999747e-05,9.999999747e-05,113508.5312,13.76435471,3.430306269
180,258.175928,74.96170418,26.15139122,61.1292118,0.8717205184,152.6062223,6.491184235,297.9041443,0,127.0878601,9.999999747e-05,65.69573975,113529.8203,13.79560947,3.448969795
180.1999969,257.9081826,74.99971213,26.14628522,61.14452196,0.8716676444,152.6030526,6.490813732,297.840332,0,131.1298523,9.999999747e-05,9.999999747e-05,113551.9766,13.80534744,3.43639473
180.3999939,257.5991283,75.14019631,26.13289228,61.13594464,0.8742517811,152.616709,6.491865158,297.9014587,0,135.3211212,9.999999747e-05,66.35233307,113575.1016,13.83500195,3.45063226
180.6000061,257.4031379,75.14733205,26.12801397,61.14289522,0.8737429573,152.6649833,6.492943764,297.8370972,0,139.0903778,9.999999747e-05,9.999999747e-05,113598.9844,13.84307575,3.398214207
180.8000031,257.1862663,75.25700746,26.11652275,61.12906108,0.8759023379,152.7082159,6.494356632,297.8995667,0,142.4326782,9.999999747e-05,67.17702484,113623.5781,13.86999226,3.373187827
181,257.0510982,75.24205339,26.1134256,61.13425069,0.8751553651,152.76141,6.496129036,297.8352051,0,145.208786,9.999999747e-05,9.999999747e-05,113648.7422,13.87179661,3.352916849
181.1999969,256.9228869,75.32434565,26.10447662,61.11824817,0.8769633662,152.8142237,6.49823904,297.8989563,0,147.2759247,9.999999747e-05,67.88034058,113674.3594,13.89191055,3.346269444
181.3999939,256.8765273,75.276724,26.10376855,61.12058729,0.8758086745,152.8801606,6.498724937,297.8346252,0,148.499054,9.999999747e-05,9.999999747e-05,113700.1094,13.89173508,3.256095269
181.6000061,256.7947611,75.35463065,26.09735939,61.10854245,0.8775822121,152.898302,6.498062611,297.8991394,0,149.5341949,9.999999747e-05,68.31285095,113726.0156,13.91290474,3.194014304
181.8000031,256.7200177,75.32882853,26.09746736,61.11826805,0.8768128851,152.9079086,6.499000072,297.8348083,0,150.8328705,9.999999747e-05,9.999999747e-05,113752.2344,13.90651798,3.244334908
182,256.6560241,75.39769049,26.09125909,61.10486705,0.8784735127,152.9377298,6.49871254,297.8995667,0,151.7476654,9.999999747e-05,68.46617126,113778.5859,13.92657661,3.184516262
182.1999969,256.5983202,75.36528049,26.09165009,61.11328422,0.8776193267,152.9545142,6.498159885,297.8352661,0,152.7866364,9.999999747e-05,9.999999747e-05,113805.1016,13.92416668,3.157278439
182.3999939,256.5100738,75.44873891,26.08561301,61.10404047,0.879487789,152.9544795,6.498015404,297.8999023,0,154.0436554,9.999999747e-05,68.42923737,113831.9062,13.94221687,3.162656847
182.6000061,256.4414824,75.41917938,26.08550991,61.11197397,0.8787031341,152.9753019,6.497525692,297.8356018,0,155.3562469,9.999999747e-05,9.999999747e-05,113858.9297,13.94133377,3.132055106
182.8000031,256.3481427,75.50278608,26.07927871,61.10261556,0.880559067,152.9778328,6.498034477,297.8999939,0,156.8670807,9.999999747e-05,68.32884979,113886.3281,13.95840168,3.159834808
183,256.284136,75.46942241,26.07895721,61.10874734,0.8797354036,153.0103105,6.500706673,297.8356628,0,158.1701355,9.999999747e-05,9.999999747e-05,113914.0781,13.95027542,3.234534816
183.1999969,256.2705087,75.51453982,26.07374278,61.09179022,0.8809940494,153.0661688,6.50329113,297.8998413,0,158.4004059,9.999999747e-05,68.25431824,113941.8984,13.96198845,3.233079527
183.3999939,256.3107148,75.43974777,26.0756338,61.09207381,0.879556514,153.1328786,6.508344173,297.8355408,0,157.6040344,9.999999747e-05,9.999999747e-05,113969.6797,13.942132,3.342438428
183.6000061,256.4491664,75.43097381,26.07430053,61.07043697,0.8799800943,153.2167296,6.512266159,297.8995972,0,154.7781372,9.999999747e-05,68.2326355,113996.8672,13.94140625,3.329869342
183.8000031,256.6856982,75.28812429,26.08112761,61.06547845,0.8775485842,153.3111052,6.512465477,297.8352966,0,150.3949432,9.999999747e-05,9.999999747e-05,114022.9609,13.92113972,3.210638602
184,256.8964057,75.28860468,26.08460361,61.05468648,0.8781126039,153.296345,6.513118744,297.899353,0,145.9406128,9.999999747e-05,68.24121857,114048.1953,13.91255283,3.273364949
184.1999969,257.1742462,75.15184867,26.09388136,61.05489493,0.8758487191,153.342104,6.511582375,297.8350525,0,141.2116852,9.999999747e-05,9.999999747e-05,114072.3281,13.88854694,3.218685399
184.3999939,257.3658203,75.16499451,26.09777896,61.04792078,0.8766858955,153.2950236,6.510662079,297.8991394,0,137.105957,9.999999747e-05,68.27955627,114095.6875,13.8824873,3.288571835
184.6000061,257.5981686,75.05266589,26.10653006,61.0515977,0.8748252712,153.3143778,6.509207249,297.8348389,0,133.3592072,9.999999747e-05,9.999999747e-05,114118.2422,13.85949707,3.298611951
184.8000031,257.7319165,75.07732668,26.1087609,61.04519874,0.8758667772,153.2693628,6.50685358,297.8989563,0,130.1980591,9.999999747e-05,68.32902527,114140.125,13.86266708,3.287552925
185,257.8615381,75.00503172,26.1153787,61.05350507,0.8745961252,153.2605089,6.503654003,297.8346863,0,127.9797668,9.999999747e-05,9.999999747e-05,114161.5078,13.85022354,3.2585896
185.1999969,257.8314561,75.07998353,26.1136169,61.05284507,0.8763676453,153.1876323,6.500946045,297.8990173,0,127.0411987,9.999999747e-05,68.36746216,114182.7578,13.86137009,3.286652595
185.3999939,257.8059165,75.05539895,26.11598143,61.06454068,0.8757313209,153.1724927,6.499618053,297.835968,0,127.1814651,9.999999747e-05,9.999999747e-05,114204.125,13.85340595,3.343601267
185.6000061,257.7010836,75.13712505,26.11077581,61.06019497,0.8774855123,153.1424049,6.500109196,297.9016113,0,127.8498383,9.999999747e-05,67.79496765,114225.7891,13.86444473,3.424563775
185.8000031,257.6935863,75.09418533,26.11196925,61.06469918,0.8764726189,153.1832986,6.500114441,297.8392334,0,128.3203735,9.999999747e-05,9.999999747e-05,114247.5156,13.86082649,3.383738016
186,257.6170122,75.16225727,26.10697741,61.05736055,0.8779634444,153.1733787,6.500480175,297.9031982,0,128.7961578,9.999999747e-05,67.2731781,114269.3984,13.87418652,3.390124324
186.1999969,257.6129913,75.1204798,26.10831928,61.061973,0.876985633,153.2094828,6.502710819,297.8424683,0,129.1229401,9.999999747e-05,9.999999747e-05,114291.4609,13.86189175,3.473961997
186.3999939,257.6232487,75.15253031,26.10490743,61.04905448,0.8779208868,153.2375474,6.504154205,297.904541,0,128.5525208,9.999999747e-05,65.71775818,114313.3984,13.87134075,3.440286125
186.6000061,257.7134732,75.07942133,26.10844755,61.04973315,0.876518655,153.291315,6.505701542,297.8439026,0,127.4133301,9.999999747e-05,9.999999747e-05,114335.1094,13.85712814,3.453638317
186.8000031,257.7820401,75.09830299,26.10740942,61.03849505,0.8772997255,153.3011773,6.506314754,297.9048767,0,125.6522903,9.999999747e-05,64.94320679,114356.4297,13.86207008,3.427464528
187,257.9183892,75.01575128,26.11264747,61.03983884,0.8758258382,153.3434737,6.506452084,297.8444214,0,123.6494064,9.999999747e-05,9.999999747e-05,114377.2969,13.84660625,3.42188877
187.1999969,257.9892702,75.03984986,26.1125055,61.03196701,0.8767285006,153.3264674,6.505811214,297.9049683,0,121.5900803,9.999999747e-05,64.49909973,114397.7266,13.8510685,3.405687144
187.3999939,258.1036107,74.97021163,26.11769114,61.03592683,0.8754838621,153.3494444,6.50453186,297.8446655,0,119.7880478,9.999999747e-05,9.999999747e-05,114417.7266,13.83879375,3.385748277
187.6000061,258.1090982,75.01739966,26.11631341,61.03194753,0.8767373672,153.3087226,6.503342152,297.9054565,0,118.497406,9.999999747e-05,64.28892517,114437.4844,13.84531403,3.403230535
187.8000031,258.1563728,74.97025824,26.11983477,61.03798663,0.8758051635,153.3237303,6.501555443,297.8453979,0,117.6802979,9.999999747e-05,9.999999747e-05,114457.0234,13.8386755,3.368982111
188,258.0814743,75.03997616,26.11624092,61.03602249,0.8773460678,153.2773178,6.499476433,297.9050903,0,117.5802307,9.999999747e-05,64.12627411,114476.5234,13.85299778,3.343859088
188.1999969,258.0217347,75.029009,26.11706791,61.04564276,0.8769077687,153.2759371,6.496889591,297.843689,0,118.3107529,9.999999747e-05,9.999999747e-05,114496.1172,13.85509205,3.288396141
188.3999939,257.8323912,75.13193543,26.11023193,61.04630513,0.8788757911,153.2227936,6.494724751,297.9028015,0,120.0766983,9.999999747e-05,64.60684967,114516.0938,13.87606335,3.274608282
188.6000061,257.6694385,75.15225719,26.10797897,61.05775122,0.8788255081,153.2193726,6.493730545,297.8408508,0,122.7055511,9.999999747e-05,9.999999747e-05,114536.6641,13.88062191,3.287280869
188.8000031,257.4539868,75.25540338,26.09920614,61.05445324,0.8807052278,153.1988529,6.493794441,297.9006348,0,125.7296143,9.999999747e-05,65.18672943,114557.9141,13.90221405,3.294686697
189,257.3120762,75.26345053,26.09634457,61.06092591,0.8804187378,153.2265672,6.495400429,297.8385925,0,128.7283936,9.999999747e-05,9.999999747e-05,114579.8438,13.90446472,3.325088787
189.1999969,257.1745884,75.33640463,26.08870019,61.05121235,0.8818218027,153.2438979,6.498894215,297.9005737,0,131.0830688,9.999999747e-05,65.84384918,114602.375,13.91686535,3.388305237
189.3999939,257.168996,75.2909598,26.08844527,61.04898469,0.8807588629,153.3206568,6.502375126,297.8389893,0,132.0391388,9.999999747e-05,9.999999747e-05,114625.0859,13.91191483,3.371403118
189.6000061,257.1793654,75.31589689,26.0849854,61.03526639,0.8814849305,153.3565675,6.506202221,297.9017334,0,131.6088562,9.999999747e-05,66.17337036,114647.7578,13.91550064,3.396462021
189.8000031,257.316052,75.22373527,26.08895135,61.03059589,0.8798147998,153.4412465,6.510944843,297.8425598,0,129.6465912,9.999999747e-05,9.999999747e-05,114670.0859,13.89268494,3.472314017
190,257.5111661,75.18944482,26.09095632,61.01380759,0.8797161773,153.4919783,6.513555527,297.9045105,0,125.7853165,9.999999747e-05,64.93283844,114691.5391,13.8876133,3.423852015
190.1999969,257.812017,75.0528307,26.10013813,61.00844801,0.8774954106,153.5671292,6.513689518,297.8448486,0,120.8896713,9.999999747e-05,9.999999747e-05,114711.8438,13.86387062,3.360432459
190.3999939,258.0425628,75.02969048,26.1052814,61.00029746,0.8777134648,153.5414678,6.512388229,297.9063416,0,115.9417038,9.999999747e-05,64.42822266,114731.0859,13.85554504,3.356021733
190.6000061,258.305779,74.92194267,26.11492989,61.00170509,0.8760454318,153.5631183,6.508656025,297.8467712,0,111.5110626,9.999999747e-05,9.999999747e-05,114749.2578,13.83848095,3.275080605
190.8000031,258.3732318,74.95820893,26.11685806,61.00289516,0.8772267865,153.4776309,6.504211903,297.9069519,0,108.5767441,9.999999747e-05,63.87918472,114766.8047,13.84241199,3.267833826
191,258.3911986,74.93437649,26.12089921,61.01423847,0.8767929438,153.4501312,6.500465393,297.8489685,0,107.4145432,9.999999747e-05,9.999999747e-05,114784.1719,13.83336163,3.311815534
191.1999969,258.2541865,75.02015054,26.11660553,61.01774407,0.8785557859,153.3781986,6.496716022,297.9075623,0,107.7464142,9.999999747e-05,62.65555191,114801.625,13.85024071,3.291233527
191.3999939,258.1013425,75.04356495,26.11543007,61.03101235,0.8786527841,153.3600218,6.493447781,297.8486023,0,109.5803833,9.999999747e-05,9.999999747e-05,114819.4766,13.85682392,3.268364391
191.6000061,257.8313405,75.16280237,26.10653721,61.03461756,0.8807401709,153.3032051,6.491262436,297.9060364,0,112.7199936,9.999999747e-05,62.62308884,114838.0469,13.88098717,3.266125626
191.8000031,257.6052237,75.20515504,26.10222878,61.04607769,0.8809802608,153.3043543,6.489296913,297.8448181,0,116.7317581,9.999999747e-05,9.999999747e-05,114857.4219,13.89668465,3.199281383
192,257.3066757,75.32987876,26.09134309,61.04632706,0.8830508955,153.2705538,6.488117218,297.9011536,0,121.5325241,9.999999747e-05,63.76393127,114877.8203,13.92683125,3.161601689
192.1999969,257.0599699,75.37832092,26.0856119,61.05595228,0.8833460316,153.2802827,6.49047184,297.8396912,0,126.8032379,9.999999747e-05,9.999999747e-05,114899.4922,13.93312454,3.265356822
192.3999939,256.8705251,75.46150023,26.07587623,61.04568019,0.8847720763,153.3048569,6.493515491,297.897583,0,131.1229553,9.999999747e-05,64.59235382,114922.0781,13.95629692,3.240726649
192.6000061,256.7699386,75.45593609,26.07283102,61.04536986,0.8842966113,153.3622459,6.497601032,297.8347168,0,134.2342529,9.999999747e-05,9.999999747e-05,114945.3359,13.95881176,3.247628747
192.8000031,256.7061583,75.49836103,26.06704102,61.0320583,0.8851844469,153.4000829,6.501127243,297.8946533,0,135.7102509,9.999999747e-05,66.39313507,114968.875,13.97282696,3.203513773
193,256.7264097,75.4509387,26.06778506,61.02976041,0.8841817898,153.4643907,6.50306797,297.8305359,0,135.7809296,9.999999747e-05,9.999999747e-05,114992.3203,13.97083282,3.124141329
193.1999969,256.7314352,75.48132532,26.06530285,61.02071192,0.8849753902,153.4701077,6.504541874,297.8933716,0,135.0787506,9.999999747e-05,68.1170578,115015.6016,13.97691154,3.110628617
193.3999939,256.7986107,75.42389887,26.06818375,61.02115684,0.8838908435,153.51439,6.50598526,297.8292542,0,133.7834015,9.999999747e-05,9.999999747e-05,115038.6016,13.96448517,3.122569961
193.6000061,256.8531777,75.44138506,26.06746564,61.01273959,0.8845315801,153.5136085,6.506394863,297.8938599,0,131.9092865,9.999999747e-05,69.09542847,115061.1719,13.96777248,3.097017341
193.8000031,256.9512337,75.37780349,26.07161894,61.01429473,0.883383925,153.5481045,6.506774426,297.8297729,0,129.8745728,9.999999747e-05,9.999999747e-05,115083.3125,13.95261192,3.116700139
194,257.0133107,75.39639326,26.07154674,61.00772636,0.8840665902,153.5331503,6.504885674,297.894989,0,127.6848984,9.999999747e-05,69.43731689,115104.875,13.9600668,3.03018718
194.1999969,257.069011,75.35346951,26.07524169,61.01340344,0.8832505991,153.5407947,6.50429678,297.8313293,0,126.2581253,9.999999747e-05,9.999999747e-05,115126.2109,13.94469738,3.10490231
194.3999939,257.0782974,75.38824272,26.07387115,61.00887941,0.8841715087,153.5166837,6.503455162,297.8966675,0,125.0553665,9.999999747e-05,69.12961578,115147.2969,13.94975662,3.106673495
194.6000061,257.1161109,75.34730545,26.07671041,61.01310326,0.8833578905,153.5384463,6.501674175,297.8327026,0,124.1942368,9.999999747e-05,9.999999747e-05,115168.1406,13.94474792,3.06132647
194.8000031,257.0636326,75.40290398,26.07387003,61.01136086,0.8845688059,153.4988228,6.498682499,297.8969727,0,124.0476837,9.999999747e-05,68.98412323,115188.8906,13.9594841,2.993595154
195,256.992482,75.4012481,26.07423323,61.02069214,0.8843288754,153.4941365,6.496330261,297.8328857,0,125.0988693,9.999999747e-05,9.999999747e-05,115209.875,13.95921135,3.001023927
195.1999969,256.8472963,75.48208353,26.06856839,61.0203799,0.885862827,153.4553817,6.495244503,297.8966064,0,127.0848923,9.999999747e-05,68.71657562,115231.3438,13.97372246,3.034757528
195.3999939,256.7412246,75.48638494,26.06710702,61.02713056,0.8856531258,153.4714331,6.495892048,297.8325195,0,129.5030365,9.999999747e-05,9.999999747e-05,115253.3984,13.97372341,3.084379356
195.6000061,256.6273049,75.55036797,26.06121365,61.02129476,0.8868733256,153.4664999,6.497898102,297.8965149,0,131.660675,9.999999747e-05,68.65266418,115275.9922,13.98580837,3.123362155
195.8000031,256.5895592,75.52770095,26.06074613,61.02221881,0.8862484152,153.5124174,6.50180912,297.8340759,0,133.0170135,9.999999747e-05,9.999999747e-05,115298.9688,13.97838593,3.197360698
196,256.5902016,75.5501053,26.05764421,61.010887,0.8868376157,153.5380688,6.505940437,297.8982849,0,132.8069458,9.999999747e-05,67.90979767,115321.9609,13.9818964,3.215505776
196.1999969,256.6885579,75.47985494,26.06070646,61.0068109,0.8855417645,153.6082853,6.509072304,297.8362122,0,130.9497833,9.999999747e-05,9.999999747e-05,115344.5234,13.96951389,3.191517767
196.3999939,256.7968184,75.47379841,26.06149473,60.99673686,0.8857625539,153.6199397,6.51094389,297.8995972,0,127.8438644,9.999999747e-05,67.4415741,115366.4297,13.96635532,3.173550696
196.6000061,256.9759243,75.38562584,26.06754673,60.99434345,0.8842816656,153.6720351,6.51040554,297.8370361,0,123.9902039,9.999999747e-05,9.999999747e-05,115387.4219,13.95174599,3.100186222
196.8000031,257.0905472,75.38893737,26.06968659,60.98980819,0.8847343094,153.6410293,6.509765625,297.9007568,0,120.3557816,9.999999747e-05,67.21377563,115407.7109,13.94449043,3.14333935
197,257.2446992,75.31562062,26.07576124,60.99091142,0.883526342,153.670392,6.509474754,297.8415222,0,116.9698715,9.999999747e-05,9.999999747e-05,115427.3594,13.92254543,3.208801074
197.1999969,257.3462303,75.31852452,26.07749521,60.98617553,0.8839656656,153.6456611,6.507233143,297.9031372,0,113.698822,9.999999747e-05,65.3902359,115446.2578,13.92404366,3.14812269
197.3999939,257.4388065,75.26957655,26.08230207,60.99056269,0.8831419603,153.6549193,6.505156994,297.8445129,0,111.3320312,9.999999747e-05,9.999999747e-05,115464.7031,13.90950966,3.183447463
197.6000061,257.4406154,75.30350493,26.08156996,60.98979578,0.8840376568,153.6111305,6.504845619,297.9075012,0,109.788826,9.999999747e-05,64.08851624,115483.0078,13.90411186,3.308492771
197.8000031,257.5076523,75.256057,26.0851198,60.99160852,0.8831599902,153.646007,6.502002239,297.8493042,0,108.364975,9.999999747e-05,9.999999747e-05,115500.8516,13.90468693,3.171489391
198,257.4371526,75.312009,26.08240392,60.99325119,0.8843472609,153.5908859,6.500305653,297.9098816,0,108.0924988,9.999999747e-05,63.35002518,115518.7422,13.90913677,3.231049306
198.1999969,257.4023049,75.29892882,26.08339271,60.99884646,0.8839633169,153.6078329,6.497992516,297.8518677,0,108.4866943,9.999999747e-05,9.999999747e-05,115536.6641,13.91148376,3.172529886
198.3999939,257.2729207,75.36840111,26.07855571,60.99995317,0.8852743835,153.5639043,6.495928288,297.9085388,0,109.811882,9.999999747e-05,62.17308426,115554.875,13.92675018,3.150660121
198.6000061,257.1593373,75.38144044,26.07719483,61.00738351,0.885243517,153.5721056,6.494226456,297.8491516,0,111.9599228,9.999999747e-05,9.999999747e-05,115573.5234,13.93339443,3.12051782
198.8000031,256.9887554,75.46101188,26.07063691,61.00743707,0.8866395501,153.5381726,6.493336678,297.9044189,0,114.7883377,9.999999747e-05,62.15763092,115592.7891,13.9516716,3.11054905
199,256.8570482,75.47908716,26.06812038,61.0132548,0.8866428768,153.5544735,6.49303484,297.8435364,0,117.9711456,9.999999747e-05,9.999999747e-05,115612.7031,13.96063519,3.082710692
199.1999969,256.6986321,75.55343253,26.06127573,61.0105772,0.887925445,153.5348893,6.493947029,297.8998108,0,121.275444,9.999999747e-05,63.37703323,115633.3516,13.97742844,3.09261204
199.3999939,256.6014109,75.5589764,26.05909924,61.01321005,0.8877341278,153.5650402,6.495037556,297.8375244,0,124.2126007,9.999999747e-05,9.999999747e-05,115654.5703,13.98517609,3.053527048
199.6000061,256.4908876,75.61757853,26.05338813,61.0080255,0.8887890181,153.557127,6.497452736,297.8963623,0,126.7169724,9.999999747e-05,65.24990082,115676.3594,13.99675274,3.083938885
199.8000031,256.4545667,75.60108093,26.05270223,61.0078527,0.8882909391,153.6001703,6.499646664,297.8335266,0,128.2513733,9.999999747e-05,9.999999747e-05,115698.4297,13.99862099,3.049604314
200,256.4145729,75.63703842,26.04914308,61.00094861,0.8890353667,153.6002948,6.501825809,297.8942871,0,128.9132233,9.999999747e-05,66.85876465,115720.6172,14.00684166,3.040012557
200.1999969,256.433394,75.60307165,26.05032078,61.00049952,0.8883192036,153.6423846,6.503389359,297.83078,0,128.702774,9.999999747e-05,9.999999747e-05,115742.7188,14.0027132,3.010365103
200.3999939,256.4393061,75.62692868,26.04855225,60.99446349,0.8889235702,153.6358419,6.504159927,297.8929749,0,127.8688812,9.999999747e-05,68.0861969,115764.5938,14.00802422,2.982050025
200.6000061,256.4832602,75.58764567,26.05088899,60.99541761,0.8881669718,153.6679798,6.506164551,297.8308411,0,126.7273712,9.999999747e-05,9.999999747e-05,115786.3125,13.9932909,3.05621912
200.8000031,256.5325369,75.59689086,26.05044291,60.98857358,0.8885640884,153.6666612,6.507977486,297.8953552,0,124.7773819,9.999999747e-05,68.03048706,115807.6406,13.99077797,3.077245515
201,256.6422948,75.53501362,26.05452275,60.98711628,0.8874741613,153.7122993,6.509564877,297.835022,0,122.1068726,9.999999747e-05,9.999999747e-05,115828.4297,13.97393131,3.103444456
201.1999969,256.7394419,75.53109509,26.05578336,60.9807317,0.8876988015,153.7052248,6.510617256,297.900116,0,118.801506,9.999999747e-05,67.22985077,115848.5547,13.96679211,3.127432465
201.3999939,256.8923878,75.45802786,26.06136216,60.97924304,0.8864730368,153.7488308,6.510276794,297.8411255,0,115.0762329,9.999999747e-05,9.999999747e-05,115867.8594,13.95029068,3.10725564
201.6000061,256.9900513,75.45764544,26.0632004,60.97556802,0.8867993576,153.7224552,6.510062218,297.9056091,0,111.4900742,9.999999747e-05,65.7372818,115886.4922,13.93999577,3.172309933
201.8000031,257.1315725,75.39094828,26.06882811,60.97550942,0.8856963718,153.7580418,6.508927345,297.8492737,0,107.9848022,9.999999747e-05,9.999999747e-05,115904.4062,13.92316055,3.175391864
202,257.2005708,75.39846622,26.07005453,60.9733649,0.8861474704,153.7248325,6.507357121,297.9107361,0,104.9369507,9.999999747e-05,63.16212082,115921.7188,13.91831493,3.200157049
202.1999969,257.283773,75.35283628,26.07436894,60.97591074,0.8853774814,153.746573,6.506089211,297.8570862,0,102.515686,9.999999747e-05,9.999999747e-05,115938.625,13.90213585,3.25670539
202.3999939,257.3036573,75.37211974,26.07414766,60.97457815,0.885969608,153.71448,6.504218102,297.9145813,0,100.5990524,9.999999747e-05,60.03607941,115955.1484,13.90357208,3.249279849
202.6000061,257.3270373,75.34589645,26.07678195,60.97851939,0.8854760169,153.7307222,6.502691746,297.8621521,0,99.43391418,9.999999747e-05,9.999999747e-05,115971.5,13.89424896,3.281701471
202.8000031,257.2890355,75.38081031,26.07480732,60.97830415,0.8862588262,153.6968182,6.501355648,297.9166565,0,98.87619019,9.999999747e-05,57.67376709,115987.8047,13.89843655,3.294635018
203,257.2712462,75.36688332,26.07601986,60.98215253,0.885910483,153.7160643,6.499789715,297.8641663,0,98.85338593,9.999999747e-05,9.999999747e-05,116004.0938,13.8980341,3.263437077
203.1999969,257.1898101,75.41416007,26.07260941,60.98252458,0.8868357742,153.6810479,6.497078896,297.9138794,0,99.45837402,9.999999747e-05,56.54133224,116020.4141,13.91557121,3.158127161
203.3999939,257.0877443,75.42862623,26.0716137,60.98964066,0.8869084927,153.6833951,6.496143818,297.860321,0,101.1506882,9.999999747e-05,9.999999747e-05,116037.2109,13.91445351,3.218340985
203.6000061,256.97107,75.48474917,26.0667263,60.98899281,0.8879030231,153.6575416,6.495258331,297.9096375,0,103.2074966,9.999999747e-05,56.43659592,116054.4062,13.93129158,3.167101273
203.8000031,256.8737939,75.49704253,26.06512854,60.99344118,0.8878865618,153.6729701,6.495046616,297.854126,0,105.624054,9.999999747e-05,9.999999747e-05,116072.1094,13.93778419,3.146150233
204,256.7570071,75.55394253,26.05985307,60.99166256,0.8888675812,153.6506146,6.497316837,297.9075012,0,108.1232224,9.999999747e-05,58.16070938,116090.4922,13.94307518,3.240092106
204.1999969,256.7300608,75.541562,26.05937204,60.9908569,0.8884413,153.6916827,6.499582291,297.8526917,0,109.7083359,9.999999747e-05,9.999999747e-05,116109.1719,13.94588566,3.203919665
204.3999939,256.6993178,75.57086664,26.05617733,60.98520908,0.8890074951,153.6861542,6.502290249,297.9073486,0,110.3953018,9.999999747e-05,59.24477005,116128.0156,13.95088768,3.213577219
204.6000061,256.7366406,75.53792837,26.05764871,60.98314374,0.888314267,153.7305771,6.505938053,297.8541565,0,109.997551,9.999999747e-05,9.999999747e-05,116146.8672,13.93869591,3.275095772
204.8000031,256.8010072,75.53549397,26.05737785,60.97519352,0.8884351938,153.7383208,6.508477211,297.9092102,0,108.1389618,9.999999747e-05,58.78284454,116165.2812,13.93769073,3.249289724
205,256.9227654,75.47674148,26.06154196,60.9720109,0.8874113492,153.7855803,6.50910759,297.8551941,0,105.2714691,9.999999747e-05,9.999999747e-05,116183,13.92782879,3.188404924
205.1999969,257.0037339,75.47404196,26.062743,60.96817102,0.8876318371,153.7661643,6.508909225,297.910614,0,102.1543961,9.999999747e-05,58.92150879,116200.0703,13.92154312,3.198397468
205.3999939,257.112935,75.422307,26.06731139,60.9681607,0.8867803012,153.7960644,6.507130623,297.8571167,0,99.11347198,9.999999747e-05,9.999999747e-05,116216.4297,13.91122723,3.154355573
205.6000061,257.140638,75.43742749,26.06753904,60.96796954,0.8873093099,153.7579413,6.50524044,297.9125671,0,96.78646088,9.999999747e-05,58.47065353,116232.3438,13.90693855,3.189525047
205.8000031,257.1753299,75.40918097,26.07045042,60.97115164,0.8868136516,153.7758471,6.502867222,297.8604736,0,95.21078491,9.999999747e-05,9.999999747e-05,116247.9219,13.89974403,3.179804155
206,257.1303822,75.44418094,26.06858939,60.97248268,0.8875957709,153.7360791,6.499736786,297.913208,0,94.58556366,9.999999747e-05,57.3946991,116263.3047,13.90891647,3.126598097
206.1999969,257.0638679,75.44747802,26.06884782,60.97904589,0.8875476613,153.74113,6.496396542,297.8592224,0,95.21359253,9.999999747e-05,9.999999747e-05,116278.7656,13.9135704,3.076033303
206.3999939,256.9189152,75.51177271,26.06401997,60.98249241,0.8887053493,153.6965336,6.493810177,297.9107056,0,97.1758194,9.999999747e-05,57.53610229,116294.6484,13.9277277,3.064837067
206.6000061,256.7841239,75.53499859,26.06198725,60.98942112,0.888876567,153.7050966,6.491452217,297.8545532,0,100.1696091,9.999999747e-05,9.999999747e-05,116311.0859,13.94082355,2.997853121
206.8000031,256.6038439,75.61030836,26.05537862,60.99128132,0.8901148594,153.6691605,6.490657806,297.90625,0,104.1081161,9.999999747e-05,58.81217194,116328.3906,13.95838642,3.004337804
207,256.4657047,75.63570545,26.05238261,60.99591025,0.8902615264,153.6858122,6.491677761,297.8494873,0,108.3601456,9.999999747e-05,9.999999747e-05,116346.6172,13.96659565,3.023278879
207.1999969,256.3445659,75.69344319,26.046311,60.9922764,0.8911863907,153.6719494,6.493735313,297.9024353,0,112.203186,9.999999747e-05,60.05433655,116365.6484,13.98335552,3.009601306
207.3999939,256.2759532,75.69782118,26.04446849,60.99250197,0.8910159976,153.7022179,6.496296406,297.8439026,0,115.2255402,9.999999747e-05,9.999999747e-05,116385.2734,13.99044609,2.981618585
207.6000061,256.2173422,75.73549414,26.04026291,60.98690684,0.8916705385,153.6963188,6.500963688,297.9009399,0,117.22509,9.999999747e-05,62.02342224,116405.4375,13.99241066,3.064965794
207.8000031,256.2467081,75.70524195,26.0410166,60.98303285,0.891000669,153.7470237,6.505681992,297.8439941,0,117.3525696,9.999999747e-05,9.999999747e-05,116425.6328,13.98640156,3.07023906
208,256.3019906,75.70472419,26.04040682,60.97481779,0.8911156694,153.7562358,6.510626793,297.9035034,0,115.5992355,9.999999747e-05,62.53508759,116445.5391,13.97870255,3.121528575
208.1999969,256.4439352,75.6374212,26.04477802,60.96912043,0.8899353841,153.8171321,6.513298035,297.8475647,0,111.8673401,9.999999747e-05,9.999999747e-05,116464.5703,13.96537018,3.067866602
208.3999939,256.5797181,75.61486685,26.04741619,60.96289417,0.8898099682,153.8131343,6.513858795,297.9061279,0,107.0752106,9.999999747e-05,62.15183258,116482.5547,13.95609856,3.039341573
208.6000061,256.7478844,75.54572721,26.05351271,60.96095893,0.8887108239,153.8486878,6.511099339,297.8490601,0,102.0584793,9.999999747e-05,9.999999747e-05,116499.3281,13.94525242,2.930732521
208.8000031,256.8210467,75.54851898,26.05538662,60.96143324,0.8890899173,153.8034784,6.507276058,297.9065857,0,98.14950562,9.999999747e-05,61.9393158,116515.2891,13.93922806,2.930954185
209,256.8640066,75.52058258,26.05889344,60.96611336,0.8886643026,153.8091127,6.50331974,297.8512878,0,95.76279449,9.999999747e-05,9.999999747e-05,116530.7891,13.92750931,2.95788439
209.1999969,256.8132919,75.55652568,26.05731093,60.96918775,0.8894808832,153.762758,6.49832201,297.9063416,0,94.95566559,9.999999747e-05,60.70794678,116546.0547,13.93825722,2.88809046
209.3999939,256.7123817,75.57046457,26.05700682,60.97792022,0.8896231708,153.7592591,6.493682384,297.8492432,0,96.15065765,9.999999747e-05,9.999999747e-05,116561.5547,13.94344044,2.863795128
209.6000061,256.5356505,75.64218753,26.05149714,60.9828042,0.890870945,153.71321,6.490749836,297.904541,0,99.19686127,9.999999747e-05,61.04100037,116577.7812,13.95688343,2.896628904
209.8000031,256.3783605,75.6717717,26.0488102,60.9900573,0.891126369,153.723108,6.488543987,297.8460693,0,103.4117813,9.999999747e-05,9.999999747e-05,116594.8438,13.97216606,2.845661581
210,256.1962291,75.74711174,26.04184414,60.99122243,0.8923264843,153.6914184,6.487230778,297.9000244,0,108.5120392,9.999999747e-05,62.14616394,116612.9297,13.99694538,2.797105371
210.1999969,256.0364932,75.78095916,26.03813454,60.99652466,0.8926091562,153.7027853,6.4866786,297.8378601,0,114.1370316,9.999999747e-05,9.999999747e-05,116632.1406,14.01592636,2.740128232
210.3999939,255.8747078,75.85222947,26.03100004,60.99486603,0.8937280827,153.6795395,6.488722324,297.8943176,0,119.9832458,9.999999747e-05,64.56848145,116652.6484,14.03309441,2.787677119
210.6000061,255.7725176,75.86908048,26.02795128,60.99559495,0.8937521882,153.7046859,6.492133141,297.8314514,0,125.0059357,9.999999747e-05,9.999999747e-05,116674.2031,14.0439043,2.785971957
210.8000031,255.6951906,75.91288656,26.02285291,60.98922284,0.8944660813,153.7012516,6.496387959,297.8903809,0,128.6679688,9.999999747e-05,66.68504333,116696.5156,14.05784225,2.781112414
211,255.6668055,75.9039216,26.02194476,60.98720144,0.8941392824,153.7369631,6.500811577,297.8265381,0,130.6296539,9.999999747e-05,9.999999747e-05,116719.2109,14.06013203,2.767340649
211.1999969,255.6610686,75.92268656,26.01963279,60.98040474,0.8945207167,153.7397033,6.505866051,297.8890991,0,130.8242035,9.999999747e-05,68.58123016,116741.9844,14.060256,2.802062169
211.3999939,255.7167479,75.88400435,26.02148535,60.97684527,0.8937801219,153.7857659,6.511310577,297.8272095,0,128.9953461,9.999999747e-05,9.999999747e-05,116764.4375,14.04506683,2.854093444
211.6000061,255.809787,75.87017897,26.02252998,60.96905943,0.8936978407,153.7971385,6.516021252,297.8928528,0,124.9893646,9.999999747e-05,68.76535797,116786.0781,14.03246593,2.887685492
211.8000031,255.9735696,75.79720033,26.02782319,60.96397826,0.8924646229,153.8526085,6.518544197,297.8330994,0,119.1027374,9.999999747e-05,9.999999747e-05,116806.4609,14.01027107,2.874628024
212,256.1427915,75.76394998,26.03182929,60.95816983,0.8921650707,153.8492871,6.51753664,297.8971558,0,112.2118912,9.999999747e-05,67.72554779,116825.2969,13.99905014,2.801855973
212.1999969,256.3242307,75.69360587,26.03852885,60.95714014,0.891080276,153.8758697,6.514503479,297.8379517,0,105.7287064,9.999999747e-05,9.999999747e-05,116842.7422,13.9761982,2.791606253
212.3999939,256.4312559,75.68410199,26.04154655,60.9570381,0.8912490143,153.8373483,6.509837151,297.9007568,0,100.4540787,9.999999747e-05,66.18773651,116859.0625,13.96662045,2.78063573
212.6000061,256.4967758,75.65033664,26.04571851,60.96133345,0.8907566746,153.8424987,6.503861904,297.8421631,0,97.04482269,9.999999747e-05,9.999999747e-05,116874.6328,13.95770741,2.74436666
212.8000031,256.4412882,75.68695343,26.04438923,60.96627774,0.8916007616,153.7883375,6.497743607,297.9024048,0,96.02478027,9.999999747e-05,64.85384369,116889.9922,13.96289253,2.73345655
213,256.335182,75.70125879,26.04412614,60.97535791,0.8917621774,153.7864644,6.492025852,297.8431396,0,97.44828033,9.999999747e-05,9.999999747e-05,116905.6484,13.96890831,2.708377736
213.1999969,256.1542362,75.77179678,26.03867057,60.98094158,0.8929767924,153.7416107,6.487859726,297.9012146,0,101.1570663,9.999999747e-05,64.20061493,116922.1328,13.98554039,2.719209134
213.3999939,255.9768231,75.80751145,26.03558255,60.98929408,0.893344879,153.7478581,6.485319138,297.8406677,0,106.5286102,9.999999747e-05,9.999999747e-05,116939.7656,14.00069332,2.708577525
213.6000061,255.7971855,75.88114402,26.02855756,60.990323,0.8944963483,153.7183205,6.485518456,297.8982544,0,112.9160156,9.999999747e-05,64.53951263,116958.8125,14.01984596,2.75122357
213.8000031,255.665532,75.90872744,26.02503453,60.99324824,0.8946940835,153.7350516,6.488275528,297.8374329,0,119.2198486,9.999999747e-05,9.999999747e-05,116979.2422,14.03160572,2.786052558
214,255.5718987,75.95883042,26.01925299,60.98782086,0.895464778,153.7250958,6.490847588,297.8933716,0,124.4211502,9.999999747e-05,65.15800476,117000.6562,14.05667877,2.702990343
214.1999969,255.498197,75.96962699,26.01700472,60.9878206,0.8954452797,153.7461371,6.49489975,297.8297729,0,128.6024628,9.999999747e-05,9.999999747e-05,117022.9688,14.06366062,2.717876021
214.3999939,255.4541438,76.00098478,26.01329239,60.98177793,0.8959743828,153.7431318,6.500585079,297.8896484,0,131.157486,9.999999747e-05,67.12710571,117045.8828,14.0688982,2.76674387
214.6000061,255.4638653,75.9812788,26.01348763,60.97842338,0.8955151409,153.7818496,6.505661488,297.8261719,0,131.4378357,9.999999747e-05,9.999999747e-05,117068.8203,14.06766987,2.741619147
214.8000031,255.4967347,75.98606436,26.01272273,60.97207918,0.8956766523,153.7849643,6.511815548,297.8905945,0,129.6948242,9.999999747e-05,68.78105164,117091.5078,14.05736256,2.823678401
215,255.5972424,75.93490569,26.01593106,60.96727589,0.8947596775,153.8356728,6.515958309,297.8293152,0,125.4845734,9.999999747e-05,9.999999747e-05,117113.2656,14.04281807,2.796415583
215.1999969,255.717077,75.91305929,26.01831049,60.96134394,0.8945615534,153.8382443,6.519794941,297.8962708,0,119.6272888,9.999999747e-05,68.61924744,117133.9141,14.0205164,2.877837465
215.3999939,255.9009667,75.83754189,26.02443381,60.95643006,0.893308471,153.8906288,6.520886898,297.8386536,0,112.2299118,9.999999747e-05,9.999999747e-05,117152.9844,13.99499798,2.863355326
215.6000061,256.0748824,75.8018432,26.02898945,60.9521771,0.8929762747,153.8805842,6.518973827,297.9029846,0,104.4038773,9.999999747e-05,66.28153992,117170.375,13.97730064,2.836296062
215.8000031,256.2498486,75.73546939,26.03568138,60.95144,0.8919735594,153.904878,6.513916969,297.8459778,0,97.34413147,9.999999747e-05,9.999999747e-05,117186.1953,13.95890617,2.771522611
216,256.3232546,75.73299864,26.03808008,60.9537662,0.8922626414,153.8575529,6.507042408,297.9060364,0,92.30781555,9.999999747e-05,63.97740173,117200.9219,13.95298386,2.735557173
216.1999969,256.3231151,75.71905439,26.0407503,60.9606423,0.8921043798,153.8532634,6.499936104,297.8497314,0,90.01722717,9.999999747e-05,9.999999747e-05,117215.1953,13.94541264,2.739725467
216.3999939,256.2139773,75.76516322,26.03811306,60.96712578,0.8930431417,153.8033178,6.493235111,297.9063721,0,90.5641861,9.999999747e-05,61.94671249,117229.6016,13.95493698,2.727417016
216.6000061,256.059185,75.79239695,26.03654524,60.97700493,0.8933876734,153.803433,6.48844862,297.8501587,0,93.7894516,9.999999747e-05,9.999999747e-05,117244.7656,13.96082687,2.76173554
216.8000031,255.8814471,75.8587257,26.03078843,60.98117019,0.8944680903,153.7694802,6.485445976,297.9044189,0,98.92431641,9.999999747e-05,60.98481369,117261.0312,13.98121357,2.754287914
217,255.7185101,75.89321792,26.02749183,60.98753664,0.894817942,153.7784889,6.484611511,297.8463745,0,105.2605209,9.999999747e-05,9.999999747e-05,117278.6406,13.99745941,2.752111703
217.1999969,255.5800237,75.95491782,26.02111293,60.98641562,0.8957561008,153.7544665,6.485277176,297.899231,0,111.9289932,9.999999747e-05,61.70640182,117297.6094,14.02279091,2.715202606
217.3999939,255.4675025,75.9807175,26.0178238,60.9883101,0.895959948,153.7673496,6.487715244,297.8382263,0,118.3332214,9.999999747e-05,9.999999747e-05,117317.9062,14.03883648,2.703857599
217.6000061,255.3840049,76.02713261,26.01254076,60.98374217,0.8966720764,153.7530396,6.491785049,297.8930664,0,123.7612,9.999999747e-05,63.8654747,117339.3438,14.0558567,2.706731268
217.8000031,255.3360731,76.03255678,26.01073932,60.98212475,0.8965882133,153.7762365,6.497520447,297.8314209,0,127.561554,9.999999747e-05,9.999999747e-05,117361.6172,14.06005383,2.736250996
218,255.3232602,76.05279128,26.00799564,60.97545467,0.8969261437,153.7764721,6.503969669,297.8903198,0,129.0676117,9.999999747e-05,65.91966248,117384.2188,14.06392384,2.756202136
218.1999969,255.3564423,76.02841775,26.00888742,60.97156096,0.8964123641,153.8140392,6.510204315,297.8294373,0,127.9969559,9.999999747e-05,9.999999747e-05,117406.6172,14.0555706,2.768737922
218.3999939,255.4225962,76.02058159,26.00931297,60.96505954,0.8963604333,153.8210297,6.515493393,297.8919373,0,124.4354019,9.999999747e-05,67.10366058,117428.2812,14.04549313,2.784613472
218.6000061,255.5405728,75.96808761,26.01320903,60.96070894,0.8954476225,153.8656151,6.517394066,297.8313904,0,118.7606049,9.999999747e-05,9.999999747e-05,117448.6406,14.03214264,2.709279879
218.8000031,255.6572218,75.9471367,26.01592546,60.95697417,0.8952811978,153.8573238,6.517931461,297.895752,0,112.33358,9.999999747e-05,67.51144409,117467.7031,14.01291466,2.742406605
219,255.7991074,75.88981448,26.02121134,60.95495377,0.8943588024,153.8900142,6.517407417,297.839447,0,105.6852417,9.999999747e-05,9.999999747e-05,117485.4531,13.98438931,2.800524807
219.1999969,255.9169674,75.86853643,26.02435591,60.952785,0.8942313104,153.8740141,6.514440536,297.9024048,0,99.24578094,9.999999747e-05,65.10044861,117501.8281,13.9709177,2.778542237
219.3999939,256.0160837,75.8257422,26.02897017,60.95401377,0.8935877864,153.8907395,6.510896683,297.8490295,0,93.99770355,9.999999747e-05,9.999999747e-05,117517.1953,13.9471941,2.839901935
219.6000061,256.0544471,75.82732329,26.03014084,60.95530787,0.8938373141,153.8602412,6.505453587,297.90802,0,90.16111755,9.999999747e-05,61.95025635,117531.7109,13.94573689,2.784960922
219.8000031,256.0401197,75.81693567,26.03202542,60.96080605,0.8936946569,153.8642458,6.499188423,297.8535156,0,88.50627899,9.999999747e-05,9.999999747e-05,117545.8281,13.94451427,2.738210741
220,255.9430804,75.85652319,26.02948049,60.96611303,0.8944882083,153.8229394,6.493978024,297.9095459,0,89.35406494,9.999999747e-05,60.39357376,117560.2031,13.94962883,2.764414383
220.1999969,255.8250137,75.87421047,26.02843893,60.97339473,0.8946853085,153.8304926,6.489815235,297.8548279,0,92.27981567,9.999999747e-05,9.999999747e-05,117575.1953,13.95880413,2.744790183
220.3999939,255.6855815,75.927987,26.02368753,60.97657169,0.8955735014,153.7998373,6.487669468,297.90802,0,96.8707428,9.999999747e-05,59.46346283,117591.2031,13.97423172,2.75824835
220.6000061,255.5636233,75.95192883,26.02131359,60.98113748,0.8957950883,153.8113086,6.487427235,297.8520203,0,102.3166885,9.999999747e-05,9.999999747e-05,117608.3594,13.98787403,2.751878878
220.8000031,255.4639568,75.99999194,26.01627888,60.97968785,0.8965359237,153.7893828,6.488259315,297.902832,0,107.8596497,9.999999747e-05,59.6832962,117626.625,14.01033115,2.703756785
221,255.381055,76.01772457,26.01395241,60.98098262,0.8966558363,153.8019142,6.490847111,297.8442993,0,113.0724487,9.999999747e-05,9.999999747e-05,117645.9844,14.02179718,2.704725356
221.1999969,255.3263255,76.05306044,26.0098962,60.97695059,0.897204705,153.7876415,6.493310452,297.8953247,0,117.2476959,9.999999747e-05,61.40992355,117666.1172,14.0421648,2.631858531
221.3999939,255.2832446,76.05863509,26.00859509,60.9766113,0.8971623613,153.8036423,6.497037888,297.8344727,0,120.4437714,9.999999747e-05,9.999999747e-05,117686.9297,14.04646587,2.646397947
221.6000061,255.2646429,76.0800058,26.00607248,60.97215972,0.8975235185,153.7954164,6.502429008,297.891449,0,122.1442871,9.999999747e-05,64.1162796,117708.1875,14.046628,2.707179442
221.8000031,255.2867215,76.06254053,26.00669903,60.96919118,0.8971288298,153.8259361,6.508404255,297.8328247,0,121.6868362,9.999999747e-05,9.999999747e-05,117729.3984,14.03742504,2.749640425
222,255.3392381,76.05866068,26.00672649,60.9634437,0.8971154522,153.829351,6.512319088,297.8923645,0,118.8428802,9.999999747e-05,65.25809479,117749.9453,14.03558826,2.700425668
222.1999969,255.419701,76.02173293,26.00959168,60.96067106,0.8964600162,153.8618396,6.513612747,297.8326416,0,114.4414902,9.999999747e-05,9.999999747e-05,117769.4688,14.02565002,2.639629538
222.3999939,255.4938773,76.01180271,26.01108773,60.95808106,0.8964371999,153.8506228,6.514429569,297.8955383,0,109.5246964,9.999999747e-05,66.27742004,117788.0469,14.00822067,2.696296155
222.6000061,255.5887112,75.97010663,26.01491814,60.95668327,0.895741937,153.8799067,6.512775421,297.8378601,0,104.2742462,9.999999747e-05,9.999999747e-05,117805.4609,13.99456692,2.651727384
222.8000031,255.6479064,75.96480539,26.01635439,60.95625028,0.8958359622,153.8580839,6.509506702,297.8995972,0,99.69217682,9.999999747e-05,65.45497894,117821.8906,13.98619652,2.634550039
223,255.6862909,75.94038396,26.01914023,60.95856283,0.8954541576,153.8716406,6.505174637,297.8426514,0,96.41493988,9.999999747e-05,9.999999747e-05,117837.6172,13.9763031,2.619093376
223.1999969,255.6687727,75.9566462,26.01858539,60.96090646,0.8958803837,153.8408549,6.501262188,297.9032593,0,94.86877441,9.999999747e-05,63.98586655,117853.0938,13.97143555,2.660588484
223.3999939,255.6330539,75.95244721,26.01944069,60.9651299,0.8957749372,153.8529951,6.497392654,297.8473511,0,94.88287354,9.999999747e-05,9.999999747e-05,117868.5703,13.97112179,2.646015124
223.6000061,255.5615343,75.98441696,26.0169657,60.96751932,0.8963780792,153.8249712,6.493855,297.9041138,0,96.44590759,9.999999747e-05,62.44039917,117884.3438,13.98160839,2.618108696
223.8000031,255.4763705,75.99593485,26.01613305,60.97240055,0.8964772555,153.8345929,6.491396904,297.8468933,0,99.4230423,9.999999747e-05,9.999999747e-05,117900.7578,13.98878574,2.609912536
224,255.3868481,76.03565615,26.01244076,60.97333967,0.89714116,153.8102884,6.490578651,297.901947,0,103.3810272,9.999999747e-05,61.97131729,117918.0234,14.0010643,2.62181312
224.1999969,255.310417,76.04844585,26.01098044,60.97589485,0.8972214785,153.8229952,6.492088795,297.8449097,0,107.664444,9.999999747e-05,9.999999747e-05,117936.2656,14.00549221,2.668466097
224.3999939,255.2615785,76.07945656,26.00757284,60.97316789,0.8977129817,153.8075175,6.49393177,297.8986816,0,111.3413849,9.999999747e-05,61.88676453,117955.2109,14.0219183,2.621835403
224.6000061,255.2230504,76.08370511,26.00661596,60.97327832,0.8976632194,153.8227206,6.497605324,297.8407288,0,114.2875061,9.999999747e-05,9.999999747e-05,117974.8516,14.02248669,2.666078614
224.8000031,255.2124905,76.10195465,26.0044131,60.96919301,0.897965551,153.8138546,6.501863956,297.8965759,0,115.7591629,9.999999747e-05,62.69111252,117994.8125,14.02680111,2.675217998
225,255.2268041,76.0890557,26.00493222,60.96714373,0.8976562668,153.8382656,6.50669384,297.8395996,0,115.5314484,9.999999747e-05,9.999999747e-05,118014.7891,14.01918125,2.711059867
225.1999969,255.2649891,76.0895442,26.00464013,60.96259222,0.8977043245,153.8361948,6.510706425,297.8976135,0,113.3716507,9.999999747e-05,63.14177322,118034.3203,14.01429081,2.7115542
225.3999939,255.3293594,76.05950319,26.00698122,60.9599919,0.8971514802,153.866296,6.513664722,297.8420715,0,109.6114426,9.999999747e-05,9.999999747e-05,118053.1016,13.99906445,2.725700928
225.6000061,255.4029712,76.04761969,26.00833288,60.95656134,0.8970537968,153.862166,6.514164925,297.9002991,0,104.6687317,9.999999747e-05,62.74975967,118070.7969,13.99099541,2.68576082
225.8000031,255.482577,76.01275132,26.01166502,60.95561941,0.8964786537,153.8857711,6.512754917,297.8453064,0,99.53064728,9.999999747e-05,9.999999747e-05,118087.4141,13.97533417,2.671581247
226,255.5358961,76.0067999,26.01295822,60.95519275,0.8965390593,153.8673294,6.509684563,297.9032288,0,94.95487213,9.999999747e-05,61.99065399,118103.0625,13.96646595,2.657281177
226.1999969,255.5685039,75.98497145,26.01548235,60.95723912,0.8962010967,153.8807904,6.504320621,297.8473206,0,91.60655975,9.999999747e-05,9.999999747e-05,118117.8984,13.96471119,2.566163653
226.3999939,255.5378774,76.00281995,26.01469267,60.96051681,0.8966526471,153.8482923,6.498933792,297.903717,0,90.40605927,9.999999747e-05,61.7846489,118132.4922,13.96464443,2.567149637
226.6000061,255.4756021,76.00632971,26.01495509,60.96594048,0.8966862512,153.8557774,6.494510174,297.8485718,0,91.35302734,9.999999747e-05,9.999999747e-05,118147.3438,13.96365261,2.588010294
226.8000031,255.3907587,76.04003612,26.01215947,60.96867593,0.8972930095,153.8302018,6.49189043,297.9044189,0,94.06628418,9.999999747e-05,60.92920303,118162.8359,13.96955204,2.628281133
227,255.3096574,76.05153604,26.01116999,60.97253169,0.8973810547,153.8426301,6.491688728,297.850708,0,97.82449341,9.999999747e-05,9.999999747e-05,118179.2188,13.97147274,2.684736022
227.1999969,255.2515136,76.08267894,26.00793796,60.97141943,0.8978798228,153.8248155,6.492947102,297.9050903,0,101.6612244,9.999999747e-05,59.9366188,118196.4141,13.98322296,2.685778447
227.3999939,255.2088644,76.08831338,26.00700133,60.971917,0.8978528937,153.8398683,6.493600845,297.8480835,0,104.9976044,9.999999747e-05,9.999999747e-05,118214.1562,14.00039005,2.582788169
227.6000061,255.1664271,76.11590343,26.00411669,60.97027725,0.8983096233,153.820741,6.495123386,297.9009705,0,108.0792389,9.999999747e-05,61.08488464,118232.5156,14.01136589,2.569785581
227.8000031,255.1359516,76.11806212,26.00351113,60.97047658,0.8982458806,153.8351577,6.497947216,297.8435059,0,110.5468903,9.999999747e-05,9.999999747e-05,118251.4375,14.01254654,2.594383051
228,255.1259914,76.13492773,26.0015751,60.96734787,0.898531513,153.8238973,6.500156879,297.8965454,0,111.8835449,9.999999747e-05,61.76074982,118270.5469,14.02278423,2.541805045
228.1999969,255.1219928,76.12879959,26.00178029,60.96686645,0.8983548534,153.8401914,6.500603676,297.8355103,0,112.3426437,9.999999747e-05,9.999999747e-05,118289.6016,14.03170395,2.442571613
228.3999939,255.1104576,76.14422379,26.00038887,60.96561807,0.8986602445,153.8236498,6.501328468,297.8913879,0,112.6268463,9.999999747e-05,64.46351624,118308.7109,14.03309727,2.449536006
228.6000061,255.1061897,76.13653943,26.00091859,60.96600864,0.8984749462,153.839389,6.50295639,297.831665,0,112.6144791,9.999999747e-05,9.999999747e-05,118327.8828,14.02551842,2.495357623
228.8000031,255.1115772,76.14603449,26.00002845,60.96391859,0.8986771592,153.8285669,6.504475594,297.8909302,0,111.9488602,9.999999747e-05,65.54595947,118346.9219,14.02424812,2.502328113
229,255.126047,76.13237479,26.00109978,60.96360804,0.8983959491,153.8477318,6.506898403,297.8334351,0,110.6787643,9.999999747e-05,9.999999747e-05,118365.7891,14.01070404,2.569648333
229.1999969,255.1531075,76.13451642,26.00093914,60.96102584,0.8984843412,153.8403933,6.507613659,297.8935242,0,108.436409,9.999999747e-05,65.39008331,118384.1172,14.01108742,2.521092059
229.3999939,255.1809023,76.11644813,26.00257805,60.96093288,0.8981509022,153.8590778,6.506798267,297.8348389,0,105.9163132,9.999999747e-05,9.999999747e-05,118401.8516,14.00614166,2.478091492
229.6000061,255.194281,76.12203196,26.00242135,60.96047136,0.8983357591,153.8427224,6.504729271,297.8945007,0,103.7219467,9.999999747e-05,65.67028046,118419.0781,14.0058918,2.440920893
