Time Step,Discharge rate,Sugar feed rate,Soil bean feed rate,Aeration rate,Back pressure,Water injection/dilution,pH,Temperature,Acid flow rate,Base flow rate,Cooling water,Heating water,Vessel Weight,Dissolved oxygen concentration,Yield Per Step
0,180.0526812,82.9256512,28.38298996,57.59156488,1.032469718,139.4579344,6.410365105,297.8539124,0,38.4460907,9.999999747e-05,86.50177002,61882.96484,18.3381958,0.05930834766
0.200000003,180.0526812,76.63184551,28.38298996,59.84676306,1.032469718,139.4579344,6.439099789,297.9382324,0,74.30005646,9.999999747e-05,29.21505547,61911.60547,18.33800316,-2.910034226e-05
0.400000006,180.0526812,69.668755,28.38298996,57.59156488,1.032469718,139.4579344,6.480865002,297.9224548,0,99.0858078,9.999999747e-05,9.999999747e-05,61943.39062,18.31210518,-2.895076602e-05
0.6000000238,180.0526812,69.668755,28.38298996,57.59156488,1.032469718,139.4579344,6.528099537,298.0561218,0,107.2148666,9.999999747e-05,41.31272125,61975.90234,18.30703545,-2.881803746e-05
0.8000000119,180.0526812,76.17396118,28.16451294,57.59156488,1.032469718,170.4485865,6.570711613,298.0142212,0,96.47371674,43.31790543,4.131272316,62014.35547,18.29865837,-2.867231876e-05
1,180.0526812,69.668755,28.38298996,70.3896904,1.032469718,170.4485865,6.58161974,297.9768982,0.5167316794,48.23685837,29.9620533,0.4131272137,62041.25391,18.47776413,-2.843175967e-05
1.200000048,180.0526812,85.15070056,28.38298996,70.3896904,1.032469718,170.4485865,6.570766449,297.9545898,1.037339807,24.11842918,17.94104004,0.04131272435,62067.57422,18.46385765,-2.833641556e-05
1.399999976,180.0526812,85.15070056,28.38298996,70.3896904,1.032469718,139.4579344,6.549327374,297.9474792,1.559205413,12.05921459,9.658390045,0.004131272435,62085.23047,18.4559288,-2.834299266e-05
1.600000024,180.0526812,85.15070056,28.38298996,70.3896904,1.032469718,139.4579344,6.519608498,298.011261,0,0,2.897517204,16.71869087,62100.16797,18.45133209,-2.849019533e-05
1.799999952,180.0526812,85.15070056,28.38298996,70.3896904,1.032469718,139.4579344,6.491572857,298.0038452,0,0,22.98651314,1.671869159,62114.97266,18.42247391,-2.86588733e-05
2,180.0526812,69.668755,28.38298996,57.59156488,1.032469718,139.4579344,6.46791029,297.9992981,0,3.887681246,20.36615562,0.1671869159,62126.30859,18.14312744,-2.874394885e-05
2.200000048,180.0526812,69.668755,28.38298996,57.59156488,1.032469718,139.4579344,6.454865456,298.0015869,0,17.23155403,19.00432014,0.01671869121,62140.42578,18.12220573,-2.88061226e-05
2.400000095,180.0526812,69.668755,28.38298996,57.59156488,0.9915363168,139.4579344,6.454506874,298.0068054,0,35.77235031,19.79829025,0.001671869075,62158.30469,17.7471962,-2.881893512e-05
2.599999905,180.0526812,69.668755,28.38298996,57.59156488,0.8785504812,139.4579344,6.466693878,298.0154114,0,54.4490242,21.64163017,0.0001671869104,62180.04688,16.77480507,-2.877143875e-05
2.799999952,180.0526812,69.668755,28.16703794,57.59156488,0.844747951,139.4579344,6.486665726,298.0246887,0,68.2502594,24.83025551,9.999999747e-05,62204.55469,16.46115303,-2.86753619e-05
3,180.0526812,69.668755,28.38298996,57.59156488,1.032469718,139.4579344,6.508526325,298.0335999,0,74.07738495,28.5404892,9.999999747e-05,62230.25391,18.00674248,-2.855711024e-05
3.200000048,180.0526812,70.47413369,28.38298996,68.26319047,1.032469718,139.4579344,6.528795242,298.0454407,0,71.17902374,32.47002029,9.999999747e-05,62257.70312,18.02672577,-2.84449439e-05
3.400000095,180.0526812,85.15070056,28.38298996,70.3896904,1.032469718,170.4485865,6.541372299,298.0576477,0,60.18437958,37.74461746,9.999999747e-05,62293.39453,18.01908493,-2.836364362e-05
3.599999905,180.0526812,79.42767485,28.38298996,65.01676206,1.032469718,139.4579344,6.541851044,298.0752258,0,44.17897415,43.57378387,9.999999747e-05,62317.95312,17.97530746,-2.833094022e-05
3.799999952,180.0526812,69.668755,28.38298996,57.59156488,1.032469718,139.4579344,6.527430534,298.0913086,0,27.99718666,51.71471024,9.999999747e-05,62335.22266,17.90381241,-2.836635577e-05
4,180.0526812,71.74331686,28.38298996,57.59156488,0.9888186921,139.4579344,6.503488064,298.1014099,0,17.59371376,59.95217896,9.999999747e-05,62350.84766,17.48864746,-2.845393564e-05
4.199999809,180.0526812,69.668755,28.38298996,57.59156488,0.9814778106,139.4579344,6.479429245,298.1109009,0,16.75092697,66.73959351,9.999999747e-05,62365.71484,17.38618469,-2.856150167e-05
4.400000095,180.0526812,69.668755,28.38298996,57.59156488,1.032469718,139.4579344,6.462579727,298.1205444,0,25.50159454,73.74008942,9.999999747e-05,62382.37891,17.77635956,-2.865509572e-05
4.599999905,180.0526812,69.668755,28.38298996,57.59156488,0.9109574834,139.4579344,6.457468033,298.1341248,0,40.96797562,81.15615082,9.999999747e-05,62402.26562,16.72069931,-2.870624888e-05
4.800000191,180.0526812,69.668755,28.38298996,57.59156488,0.8838158331,139.4579344,6.464591503,298.150238,0,58.46351624,90.28692627,9.999999747e-05,62425.78906,16.45732689,-2.870153607e-05
5,180.0526812,69.668755,28.38298996,57.59156488,0.844747951,139.4579344,6.479411125,298.1606445,0,73.1072464,100.7763977,9.999999747e-05,62452.27734,16.08428955,-2.864094938e-05
5.199999809,180.0526812,69.668755,28.38298996,57.59156488,0.9143962121,139.4579344,6.49725914,298.1676636,0,81.8368988,109.8796387,9.999999747e-05,62480.53125,16.62638283,-2.85439326e-05
5.400000095,180.0526812,69.668755,28.38298996,57.59156488,1.030657925,139.4579344,6.512907028,298.1682129,0,83.44216156,118.2456665,9.999999747e-05,62509.05859,17.55475235,-2.843628803e-05
5.599999905,180.0526812,69.668755,28.38298996,57.59156488,0.9345251755,170.4485865,6.524875164,298.1777039,0,78.80522156,124.6671295,9.999999747e-05,62543.0625,16.71336555,-2.834959364e-05
5.800000191,180.0526812,69.668755,28.38298996,57.59156488,1.032469718,148.0843539,6.529322624,298.1892395,0,69.38589478,134.2464142,9.999999747e-05,62570.55859,17.48772812,-2.829932661e-05
6,180.0526812,69.668755,28.38298996,57.59156488,1.032469718,139.4579344,6.525093555,298.2068176,0,58.20056534,144.8223114,9.999999747e-05,62594.03125,17.43784714,-2.829682933e-05
6.199999809,180.0526812,69.668755,28.38298996,57.59156488,0.9606335868,139.4579344,6.51390934,298.2394409,0,48.71129227,157.8948822,9.999999747e-05,62615.67188,16.78657913,-2.835455929e-05
6.400000095,180.0526812,69.668755,28.38298996,57.59156488,1.032469718,139.4579344,6.497559071,298.2649231,0,43.69073868,176.7758942,9.999999747e-05,62636.26172,17.33077812,-2.845097313e-05
6.599999905,180.0526812,69.668755,28.38298996,66.25380894,0.9899219809,139.4579344,6.481255531,298.2786865,0,45.20493698,194.2974396,9.999999747e-05,62657.10938,16.97291946,-2.854177208e-05
6.800000191,180.0526812,69.668755,28.38298996,57.59156488,1.007087735,139.4579344,6.469771385,298.2837219,0,53.22379303,208.7886047,9.999999747e-05,62679.55859,16.98599815,-2.860036768e-05
7,180.0526812,69.668755,28.38298996,57.59156488,1.032469718,139.4579344,6.465497494,298.2841187,0,65.82070923,220.881012,9.999999747e-05,62704.56641,17.13455009,-2.861466044e-05
7.199999809,180.0526812,69.668755,28.38298996,57.59156488,1.016007395,139.4579344,6.468547821,298.2882996,0,80.11901855,231.6175842,9.999999747e-05,62732.51562,16.93267632,-2.859031876e-05
7.400000095,180.0526812,70.56175312,28.38298996,57.59156488,1.032469718,164.2151761,6.476293564,298.2957764,0,93.19620514,243.7080231,9.999999747e-05,62768.48438,17.01444626,-2.854385165e-05
7.599999905,180.0526812,73.12597541,28.38298996,57.59156488,0.9471203086,139.4579344,6.48536253,298.3000488,0,103.1831741,257.0712891,9.999999747e-05,62802.11719,16.22314644,-2.847940981e-05
7.800000191,180.0526812,69.668755,28.38298996,57.59156488,0.8832239484,170.4485865,6.492908955,298.293396,0,109.5531082,269.5778809,9.999999747e-05,62842.40234,15.6207962,-2.840378695e-05
8,180.0526812,69.668755,28.38298996,57.59156488,0.844747951,139.4579344,6.498208523,298.2832947,0,112.9137573,278.5002441,9.999999747e-05,62876.98047,15.21571541,-2.831940505e-05
8.199999809,180.0526812,69.668755,28.38298996,57.59156488,0.844747951,142.3814106,6.501034737,298.2815552,0,114.1570587,286.0744934,9.999999747e-05,62912.42188,15.13918114,-2.825420287e-05
8.399999619,180.0526812,76.14015317,28.38298996,57.59156488,0.844747951,170.4485865,6.499993801,298.260437,0,114.2708588,296.1691895,9.999999747e-05,62955.35547,15.06543636,-2.819486357e-05
8.600000381,180.0526812,85.15070056,28.38298996,62.83879412,0.844747951,139.4579344,6.496405602,298.2408142,0,114.805809,299.4550171,9.999999747e-05,62994.49609,15.03537083,-2.812922938e-05
8.800000191,180.0526812,69.668755,28.38298996,57.59156488,0.8868310941,139.4579344,6.492139339,298.2511902,0,116.7720795,302.6144409,9.999999747e-05,63029.82031,15.24111938,-2.810542703e-05
9,180.0526812,69.668755,28.38298996,57.59156488,0.8865621202,170.4485865,6.48666954,298.26297,0,120.4388351,315.3634949,9.999999747e-05,63072.24219,15.16020393,-2.812238452e-05
9.199999809,180.0526812,76.38653626,28.38298996,57.59156488,0.9143985419,139.4579344,6.479437828,298.238678,0,126.2952423,328.7718201,9.999999747e-05,63111.23047,15.28982449,-2.810688507e-05
9.399999619,180.0526812,71.21585997,28.38298996,57.59156488,0.844747951,170.4485865,6.471237183,298.1967163,0,135.0462952,330.1660461,9.999999747e-05,63156.83594,14.61754894,-2.804478679e-05
9.600000381,180.0526812,69.668755,28.38298996,57.59156488,0.844747951,139.4579344,6.464164257,298.1776123,0,147.0751038,324.821106,9.999999747e-05,63198.12891,14.51216507,-2.798527967e-05
9.800000191,180.0526812,69.668755,28.38298996,57.59156488,0.844747951,139.4579344,6.45866251,298.2037048,0,161.9264069,325.9244385,9.999999747e-05,63241.74219,14.41195107,-2.799300228e-05
10,180.0526812,69.668755,28.38298996,57.59156488,0.844747951,139.4579344,6.453333378,298.242157,0,178.9768677,341.7299805,9.999999747e-05,63288.875,14.30737686,-2.805757937e-05
10.19999981,180.0526812,69.88135212,28.38298996,57.59156488,0.844747951,139.4579344,6.447398663,298.2644043,0,198.1633453,362.4382324,9.999999747e-05,63339.95703,14.19806862,-2.811950667e-05
10.39999962,180.0526812,69.668755,28.38298996,57.59156488,0.844747951,170.4485865,6.440443993,298.2542419,0,219.7262573,378.906189,9.999999747e-05,63401.65625,14.10181904,-2.813637515e-05
10.60000038,180.0526812,78.66828968,27.81902473,57.59156488,0.844747951,170.4485865,6.432073116,298.270874,0,225,385.1433716,9.999999747e-05,63466.84375,13.99738979,-2.815264808e-05
10.80000019,180.0526812,85.15070056,28.1693247,57.59156488,0.844747951,139.4579344,6.422420025,298.3066711,0,225,400.4996033,9.999999747e-05,63527.5625,13.86429596,-2.822318709e-05
11,180.0526812,85.15070056,28.06315352,57.59156488,0.844747951,139.4579344,6.411420345,298.315918,0,225,422.8790588,9.999999747e-05,63588.17188,13.73455715,-2.829465544e-05
11.19999981,180.0526812,69.668755,28.38298996,57.59156488,0.844747951,170.4485865,6.399250031,298.3167725,0,225,437.297821,9.999999747e-05,63650.90625,13.61258888,-2.833787047e-05
11.39999962,180.0526812,81.80040788,28.38298996,57.59156488,0.844747951,170.4485865,6.386210442,298.3252258,0,225,449.3778381,9.999999747e-05,63716.95703,13.48755264,-2.838710948e-05
11.60000038,180.0526812,70.83599409,24.58911008,57.59156488,0.844747951,170.4485865,6.372426033,298.3189087,0,225,464.1662598,9.999999747e-05,63779.24219,13.37592793,-2.843303048e-05
11.80000019,180.0526812,69.668755,28.20551353,57.59156488,0.8763274176,139.4579344,6.358264923,298.3316345,0,225,474.1209106,9.999999747e-05,63835.52344,13.45962334,-2.848713223e-05
12,180.0526812,85.15070056,28.38298996,61.88748932,0.9248816145,139.4579344,6.343655586,298.3597412,0,225,490.5142212,9.999999747e-05,63896.09375,13.80761719,-2.858481045e-05
12.19999981,180.0526812,69.668755,28.38298996,57.59156488,0.844747951,160.8710826,6.328402996,298.364563,0,225,512.5548706,9.999999747e-05,63956.75391,12.89719582,-2.867825534e-05
12.39999962,180.0526812,69.668755,25.11589179,57.59156488,0.844747951,139.4579344,6.312664986,298.3585815,0,225,527.4919434,9.999999747e-05,64012.375,12.751688,-2.873882891e-05
12.60000038,180.0526812,72.0471623,24.33037875,57.59156488,0.844747951,170.4485865,6.296309948,298.3496094,0,225,539.0703735,9.999999747e-05,64074.81641,12.61808586,-2.879311816e-05
12.80000019,180.0526812,75.27848036,28.38298996,57.59156488,0.844747951,139.4579344,6.280388832,298.3885498,0,225,549.4596558,9.999999747e-05,64132.58984,12.40484905,-2.889589189e-05
13,180.0526812,81.23049358,24.68359504,57.59156488,0.844747951,139.4579344,6.264224052,298.4168701,0,225,576.0728149,9.999999747e-05,64191.28125,12.2653904,-2.904213769e-05
13.19999981,180.0526812,74.06883604,28.38298996,57.59156488,1.032469718,139.4579344,6.248494625,298.4633789,0,225,600.1185913,9.999999747e-05,64248.72656,13.63665104,-2.919850583e-05
13.39999962,180.0526812,85.15070056,23.90725656,57.59156488,0.844747951,143.1073048,6.232730865,298.4527893,0,225,631.5928345,9.999999747e-05,64309.02734,12.00160313,-2.931567729e-05
13.60000038,180.0526812,69.668755,25.19624838,57.59156488,0.844747951,170.4485865,6.234934807,298.2377625,0,225,644.9673462,9.999999747e-05,64370.86719,14.88963127,0.01114289644
13.80000019,180.0526812,69.668755,24.2956987,57.59156488,0.8961777144,170.4485865,6.279435158,297.6657715,0,225,587.8411865,9.999999747e-05,64432.625,15.41894913,0.219255429
14,180.0526812,69.668755,28.38298996,57.59156488,0.9780770133,170.4485865,6.321612835,300.180481,0,225,176.3523712,772.5339355,64494.85938,15.97369576,0.1082798121
14.19999981,180.0526812,85.15070056,28.38298996,70.3896904,1.032469718,139.4579344,6.357156277,299.2202148,0,225,1035.682983,77.25339508,64554.73828,16.31449509,0.01122938682
14.39999962,180.0526812,80.96420642,28.38298996,57.59156488,0.9361490225,170.4485865,6.390613079,298.4602661,0,225,767.3024292,7.725339413,64620.07422,15.4382019,0.0262974082
14.60000038,180.0526812,69.86913907,28.38298996,70.3896904,1.032469718,170.4485865,6.424379826,297.9346619,0,225,558.0789795,0.7725339532,64682.54297,17.32383347,0.137361945
14.80000019,180.0526812,85.15070056,28.38298996,65.40063802,1.032469718,170.4485865,6.44975996,299.7251282,0,225,167.4237061,538.8397217,64748.92578,17.30414963,0.02218548598
15,180.0526812,85.15070056,28.38298996,70.3896904,1.032469718,170.4485865,6.471985817,299.0194092,0,225,786.6314697,53.88397598,64815.15625,17.33700943,0.01828355963
15.19999981,180.0526812,85.15070056,26.70653722,70.3896904,1.032469718,170.4485865,6.49251461,298.4387207,0,225,594.4146729,5.388397217,64881.21094,17.36824989,0.03808765891
15.39999962,180.0526812,79.14778216,23.22244633,65.03142709,0.9705531229,170.4485865,6.514566422,297.9895935,0,225,437.6053162,0.5388397574,64944.98828,16.93551254,0.2129156817
15.60000038,180.0526812,69.668755,28.38298996,70.3896904,0.8686038043,170.4485865,6.533917904,297.750885,0,219.6867065,303.4566345,0.05388397351,65006.19922,16.10485649,0.24124569
15.80000019,180.0526812,69.668755,28.38298996,60.04031054,0.8858923689,139.4579344,6.550367832,298.8653259,0,206.6467133,91.0369873,312.6028748,65058.32422,16.17141914,0.2281917171
16,180.0526812,85.15070056,28.38298996,70.3896904,1.032469718,170.4485865,6.534398556,298.5189514,0.5187645555,103.3233566,467.9710693,31.26028824,65099.71875,17.31355476,0.04750117233
16.20000076,180.0526812,83.06983042,28.38298996,66.76063254,1.032469718,170.4485865,6.516171455,298.2545166,0,90.18891907,372.5592957,3.126028776,65137.92188,17.3012085,0.05878957557
16.39999962,180.0526812,72.56828289,28.37639479,67.05733033,1.032469718,170.4485865,6.501152515,298.0603638,0,84.24907684,303.3836365,0.3126028776,65172.16016,17.39236832,0.2090896968
16.60000038,180.0526812,81.86344858,28.38298996,70.3896904,1.032469718,170.4485865,6.482020855,297.9373474,0,84.29901886,247.9347534,0.03126028925,65208.80859,17.33505249,0.1112249523
16.79999924,180.0526812,69.668755,28.38298996,70.3896904,1.002997706,139.4579344,6.470879078,298.8473206,0,92.02536011,74.3804245,248.8354034,65237.24609,17.18511581,0.3738282481
17,180.0526812,85.15070056,28.38298996,70.3896904,1.032469718,139.4579344,6.459225655,298.530365,0,104.169136,386.8942261,24.88354111,65272.11328,17.30692291,0.1148827491
17.20000076,180.0526812,69.668755,28.38298996,60.10123738,1.000789864,164.4144707,6.460379124,298.2605286,0,121.0014572,302.4933472,2.488354206,65311.58594,17.11630249,0.4276645443
17.39999962,180.0526812,77.72520643,28.38298996,57.59156488,1.032469718,170.4485865,6.464930058,298.1178284,0,137.3287201,231.660141,0.2488354146,65357.85156,17.29721832,0.2517441991
17.60000038,180.0526812,71.15057392,28.38298996,57.59156488,1.032469718,170.4485865,6.473735332,298.0010986,0,151.8654175,194.2231903,0.02488354035,65405.30859,17.3625679,0.4603378552
17.79999924,180.0526812,69.668755,28.38298996,64.58367041,0.8817674543,170.4485865,6.483798981,297.9229431,0,162.8769073,159.4483032,0.002488354221,65454.59375,16.16947746,0.5640941516
18,180.0526812,69.668755,28.38298996,57.59156488,0.9301524526,170.4485865,6.493836403,298.5748901,0,169.8725281,47.83449173,169.1340332,65505.17969,16.52991295,0.600906929
18.20000076,180.0526812,81.63460738,28.38298996,59.10738369,1.032469718,170.4485865,6.500053883,298.3694153,0,172.8572693,270.4552002,16.91340256,65559.44531,17.29354095,0.2740340811
18.39999962,180.0526812,79.29973267,28.38298996,60.86934335,0.8508448147,170.4485865,6.508110046,298.2252502,0,173.3674622,216.2312775,1.691340208,65613.35156,15.80766296,0.307232199
18.60000038,180.0526812,80.64055904,27.96080832,57.59156488,0.844747951,170.4485865,6.515329361,298.1434631,0,170.6369934,181.891861,0.1691340208,65667.04688,15.7265377,0.298334513
18.79999924,180.0526812,69.668755,28.38298996,57.59156488,0.844747951,170.4485865,6.525724888,298.0870056,0,165.027298,163.1994476,0.01691340283,65716.89844,15.81221199,0.5893747476
19,180.0526812,69.668755,28.38298996,59.40347529,1.032469718,170.4485865,6.532058716,298.0422668,0,155.2463379,149.7200165,0.001691340236,65764.70312,17.39352417,0.6450799979
19.20000076,180.0526812,69.668755,27.2922636,64.02727772,1.002870652,170.4485865,6.535867214,298.0172729,0,142.9554138,137.9664917,0.0001691340294,65809.89844,17.19416618,0.7289072592
19.39999962,180.0526812,81.48480117,28.38298996,67.80657313,1.032469718,170.4485865,6.530282021,298.0365295,0,129.1362457,131.2674561,9.999999747e-05,65855.67188,17.3399601,0.3018732333
19.60000038,180.0526812,69.668755,28.38298996,57.59156488,0.916186505,170.4485865,6.523961067,298.0088806,0,117.5740356,138.7454987,9.999999747e-05,65896,16.39710426,0.7221158258
19.79999924,180.0526812,69.668755,28.38298996,57.59156488,0.844747951,170.4485865,6.517104626,298.0095825,0,108.5125504,130.4292755,9.999999747e-05,65934.72656,15.79458141,0.7224127762
20,180.0526812,69.668755,28.38298996,57.59156488,1.006784059,139.4579344,6.508728504,298.0162354,0,102.192894,131.2163391,9.999999747e-05,65965.96094,17.13764763,0.7434751432
20.20000076,180.0526812,69.668755,28.38298996,63.85014426,0.9254394369,165.0336895,6.499671459,298.0161743,0,99.22698975,133.8628998,9.999999747e-05,66001.96875,16.50964737,0.7718378428
20.39999962,180.0526812,69.668755,28.38298996,57.59156488,1.032469718,139.4579344,6.490028858,298.0052795,0,99.88126373,134.4037933,9.999999747e-05,66032.91406,17.35264206,0.8426790252
20.60000038,180.0526812,69.668755,28.38298996,57.59156488,1.032469718,165.8836859,6.484891415,298.0099487,0,104.3923645,131.2546234,9.999999747e-05,66070.42188,17.36275673,0.8278685984
20.79999924,180.0526812,69.668755,28.38298996,57.59156488,1.032469718,170.0561783,6.485002518,298.0279236,0,110.9417801,133.1427612,9.999999747e-05,66110.32031,17.36582375,0.8018395828
21,180.0526812,69.668755,28.38298996,57.59156488,0.9627548266,139.4579344,6.485572338,298.022644,0,117.4439621,139.6847076,9.999999747e-05,66145.23438,16.77462387,0.8819212027
21.20000076,180.0526812,74.19774308,27.04175558,69.78158768,0.844747951,170.4485865,6.487811089,298.0204773,0,123.7334824,138.774826,9.999999747e-05,66188.80469,15.86648464,0.807018558
21.39999962,180.0526812,69.668755,28.38298996,57.59156488,0.844747951,139.4579344,6.491057873,298.0049438,0,129.1236115,138.9081116,9.999999747e-05,66226.11719,15.79216385,0.967303136
21.60000038,180.0526812,69.668755,28.38298996,57.91565206,0.844747951,170.4485865,6.497004986,298.0048218,0,133.2169647,134.3370209,9.999999747e-05,66270.71094,15.80572033,0.9554843248
21.79999924,180.0526812,69.668755,28.38298996,57.59156488,0.844747951,139.4579344,6.504335403,298.0195007,0,134.9258881,134.596344,9.999999747e-05,66309.35938,15.79111099,0.9459042924
22,180.0526812,69.668755,28.38298996,57.59156488,0.844747951,139.4579344,6.511079788,298.0323792,0,133.7066193,139.8470764,9.999999747e-05,66347.76562,15.78992653,0.9558477466
22.20000076,180.0526812,69.668755,28.38298996,57.59156488,0.9539790092,154.0870822,6.515574455,298.0336914,0,129.7960205,144.9067383,9.999999747e-05,66388.3125,16.70998764,0.9930809368
22.39999962,180.0526812,69.668755,28.38298996,57.59156488,1.030621577,170.4485865,6.518073082,298.0349121,0,124.0930939,146.482254,9.999999747e-05,66431.03125,17.35635376,1.011220892
22.60000038,180.0526812,69.668755,28.38298996,63.76813308,0.9802129764,170.4485865,6.517391205,298.0285034,0,117.3899994,148.1582947,9.999999747e-05,66472.29688,16.97709656,1.060693559
22.79999924,180.0526812,72.37828232,26.60230836,57.59156488,1.032469718,170.4485865,6.515301704,298.0310364,0,110.9636841,147.2390137,9.999999747e-05,66512.67969,17.37477303,1.08132858
23,180.0526812,69.668755,28.38298996,62.95815082,1.032469718,158.7923596,6.509820938,298.0221252,0,105.36763,149.229126,9.999999747e-05,66549.02344,17.40096092,1.139201388
23.20000076,180.0526812,69.668755,28.38298996,64.84032979,1.032469718,157.8604836,6.501672268,298.0013123,0,101.9705353,147.303894,9.999999747e-05,66584.375,17.41247368,1.219113809
23.39999962,180.0526812,69.668755,27.45633292,57.59156488,0.8589058991,170.4485865,6.493076801,297.9710999,0,101.8308029,141.0233459,9.999999747e-05,66622.03906,15.93016243,1.360770206
23.60000038,180.0526812,69.668755,26.65010013,57.59156488,0.877426255,170.4485865,6.486339092,297.9461365,0,105.122139,130.7994995,9.999999747e-05,66660.21875,16.10235405,1.465982703
23.79999924,180.0526812,69.668755,28.38298996,57.59156488,0.8883121049,139.4579344,6.482894421,298.5189514,0,111.1010056,39.23984909,141.500412,66693.57031,16.14994049,1.344010607
24,180.0526812,69.668755,28.38298996,70.3896904,1.032469718,170.4485865,6.481253147,298.3867188,0,118.4530563,235.0307922,14.15004063,66734.67969,17.45903969,1.387089827
24.20000076,180.0526812,69.668755,28.38298996,69.62482832,1.032469718,170.4485865,6.482310772,298.2565308,0,126.466217,204.575058,1.415004015,66777.48438,17.45794106,1.426224172
24.39999962,180.0526812,78.28037039,28.38298996,57.59156488,1.032469718,170.4485865,6.481930733,298.1730347,0,134.0531158,175.1468353,0.1415004134,66824.11719,17.30224037,1.092240396
24.60000038,180.0526812,69.668755,28.25521942,57.59156488,0.844747951,170.4485865,6.486661434,298.0982056,0,141.8054657,156.9364624,0.01415004022,66870.07031,15.81545258,1.510836857
24.79999924,180.0526812,69.668755,28.38298996,58.71399157,0.844747951,139.4579344,6.492376804,298.0513,0,147.6441956,138.2442017,0.001415004022,66910.92188,15.81222916,1.551203346
25,180.0526812,85.15070056,23.22244633,61.97196673,0.8516336098,139.4579344,6.498175144,298.0470276,0,151.2098846,126.3012543,0.0001415004081,66955.79688,15.85228157,1.251756475
25.20000076,180.0526812,69.668755,28.38298996,57.59156488,0.8484749848,170.4485865,6.505953789,298.0284424,0,152.4590149,127.106926,9.999999747e-05,67004.14062,15.84853363,1.550259269
25.39999962,180.0526812,69.668755,28.38298996,57.59156488,0.844747951,167.9363136,6.512897968,298.0193787,0,150.5904388,122.4870911,9.999999747e-05,67051.64062,15.81579113,1.575915438
25.60000038,180.0526812,69.668755,28.38298996,57.59156488,0.907230498,170.4485865,6.517730713,298.0112,0,145.9533997,120.562294,9.999999747e-05,67098.71094,16.33896828,1.606309223
25.79999924,180.0526812,69.668755,28.38298996,61.85244342,0.9491346815,170.4485865,6.521234512,298.0146484,0,139.3874817,118.5438919,9.999999747e-05,67144.51562,16.71897507,1.609601357
26,180.0526812,69.668755,24.97196985,57.59156488,0.8684330324,170.4485865,6.525135994,298.0115662,0,131.4177246,120.213356,9.999999747e-05,67188.15625,16.07073593,1.831094633
26.20000076,180.0526812,73.63670263,28.38298996,57.59156488,1.032469718,170.4485865,6.522409916,298.0343933,0,121.8817291,119.6692734,9.999999747e-05,67231.53125,17.341362,1.450155178
26.39999962,180.0526812,69.668755,28.38298996,63.79204655,1.032469718,170.4485865,6.517496586,298.0332336,0,113.4591599,128.0007629,9.999999747e-05,67272.07031,17.42156029,1.674530605
26.60000038,180.0526812,69.668755,27.65005023,57.59156488,0.940756114,170.4485865,6.511874676,298.0359802,0,106.9878693,128.7169037,9.999999747e-05,67311.21094,16.61796379,1.743526912
26.79999924,180.0526812,69.668755,28.38298996,60.45812513,0.967996939,139.4579344,6.505618095,298.0517883,0,102.7608109,130.9263763,9.999999747e-05,67343.3125,16.83995438,1.704365578
27,180.0526812,85.15070056,28.38298996,70.3896904,1.032469718,139.4579344,6.494356632,298.0949097,0,101.0360718,137.7042847,9.999999747e-05,67379.1875,17.30981827,0.9227445819
27.20000076,180.0526812,85.15070056,28.38298996,66.56067397,1.032469718,170.4485865,6.487270832,298.1376343,0,103.8304214,154.4019012,9.999999747e-05,67422.10156,17.29273987,0.8406095434
27.39999962,180.0526812,69.668755,28.38298996,57.59156488,1.028874309,170.4485865,6.485848427,298.1034546,0,109.4291992,172.3777161,9.999999747e-05,67461.82031,17.34330559,1.779246067
27.60000038,180.0526812,81.65934242,28.38298996,61.47333402,0.9633921583,170.4485865,6.484214306,298.1111755,0,115.5918808,165.4266815,9.999999747e-05,67506.07812,16.71288872,1.184270255
27.79999924,180.0526812,69.668755,28.38298996,67.12409778,1.032469718,170.4485865,6.486595154,298.0613708,0,122.4270248,172.226944,9.999999747e-05,67548.375,17.44821548,1.88054551
28,180.0526812,85.15070056,28.38298996,57.59156488,1.032469718,140.3705884,6.487659931,298.0795898,0,128.2958832,159.1561279,9.999999747e-05,67589.96094,17.22101974,1.089618559
28.20000076,180.0526812,69.668755,26.53176196,57.59156488,0.9281261552,170.4485865,6.496211052,298.0513306,0,133.7559967,168.1183472,9.999999747e-05,67634.39062,16.54269981,2.007290616
28.39999962,180.0526812,69.668755,28.38298996,57.59156488,0.8874825369,170.4485865,6.503089428,298.0307007,0,135.7668457,161.2116852,9.999999747e-05,67679.57031,16.16899109,1.954333378
28.60000038,180.0526812,69.668755,28.38298996,57.59156488,0.844747951,170.4485865,6.508604527,298.0106812,0,135.055954,156.2359772,9.999999747e-05,67724.60938,15.8106575,1.987019947
28.79999924,180.0526812,69.668755,28.38298996,57.59156488,0.844747951,157.0739927,6.512898922,298.0010681,0,132.1380463,150.6357269,9.999999747e-05,67766.36719,15.80366039,2.01029137
29,180.0526812,69.668755,28.38298996,58.35256187,0.844747951,170.4485865,6.514757633,297.9862366,0,127.5019379,147.8730469,9.999999747e-05,67809.92188,15.81444168,2.04738021
29.20000076,180.0526812,69.668755,28.38298996,57.59156488,0.8559238845,170.4485865,6.514416218,297.9743958,0,122.1266022,142.8679657,9.999999747e-05,67852.39844,15.90028286,2.078993106
29.39999962,180.0526812,69.668755,28.38298996,57.59156488,0.844747951,168.9372447,6.512254238,297.9678955,0,116.8871384,138.3730774,9.999999747e-05,67893.52344,15.8038044,2.105766381
29.60000038,180.0526812,69.668755,28.38298996,57.59156488,0.844747951,139.4579344,6.508650303,297.9681396,0,112.5113602,135.2611084,9.999999747e-05,67927.72656,15.7885437,2.134856402
29.79999924,180.0526812,69.668755,28.38298996,57.59156488,0.9330851125,170.4485865,6.502374172,297.9494324,0,109.5760651,134.1887665,9.999999747e-05,67967.60938,16.54280853,2.180177543
30,180.0526812,69.668755,28.38298996,57.59156488,0.8731611124,167.4409232,6.496016979,298.5136414,0,109.1555481,40.25662994,149.9706726,68006.69531,16.03892708,2.206513127
30.20000076,180.0526812,85.15070056,28.38298996,61.88159872,1.032469718,170.4485865,6.487276554,298.4475098,0,111.2694931,233.1499939,14.99706745,68050.97656,17.27201462,1.526571168
30.39999962,180.0526812,85.15070056,28.38298996,70.3896904,1.032469718,167.374028,6.477876663,298.3113708,0,116.887207,225.3637085,1.499706745,68095.57031,17.33999062,1.677995849
30.60000038,180.0526812,85.15070056,24.01292152,57.59156488,1.032469718,139.4579344,6.474198818,298.1921082,0,126.2594528,195.6740417,0.1499706805,68135.54688,17.31557465,2.079526124
30.79999924,180.0526812,69.668755,28.38298996,57.59156488,1.0000707,167.5083687,6.476951122,298.0907898,0,137.0819397,167.2286987,0.01499706786,68180.19531,17.11485481,2.320611045
31,180.0526812,69.668755,28.38298996,57.59156488,0.9102397423,170.4485865,6.483426094,298.0333252,0,146.8006744,140.3753967,0.001499706763,68227.51562,16.36952019,2.339271414
31.20000076,180.0526812,71.27980079,28.38298996,57.59156488,0.8563511555,170.4485865,6.489234447,297.9884033,0,153.9377136,124.7070007,0.0001499706705,68276.67969,15.90915394,2.332151564
31.39999962,180.0526812,69.668755,28.38298996,57.59156488,0.844747951,147.636331,6.493860245,297.9446411,0,158.765625,110.8915482,9.999999747e-05,68321.60938,15.81747246,2.379858565
31.60000038,180.0526812,69.668755,28.38298996,57.59156488,0.844747951,170.4485865,6.498844624,298.3976746,0,161.7450104,33.26746368,123.8651352,68371.77344,15.83019924,2.394218621
31.79999924,180.0526812,69.668755,28.38298996,57.72913383,1.032469718,170.4485865,6.503705502,298.2678833,0,162.7255554,187.8150787,12.38651371,68422.10156,17.40220833,2.407502003
32,180.0526812,80.66107325,27.549679,70.3896904,1.032469718,170.4485865,6.504277229,298.1736145,0,161.7633667,154.5538635,1.238651395,68475.02344,17.41958237,2.237195548
32.20000076,180.0526812,69.668755,28.38298996,57.59156488,1.016650959,170.4485865,6.509176731,298.1000671,0,160.5861359,133.0544891,0.123865135,68525.04688,17.27007103,2.437808744
32.40000153,180.0526812,69.668755,28.38298996,69.63307325,1.02230526,170.4485865,6.511219978,298.0410156,0,157.4212494,114.8941345,0.01238651387,68574.36719,17.3976078,2.454098206
32.59999847,180.0526812,69.668755,24.76529686,60.83659042,1.032469718,170.4485865,6.513254166,297.9828186,0,153.4622192,98.83097839,0.001238651341,68622.16406,17.48184204,2.491437621
32.79999924,180.0526812,69.668755,26.16556312,60.23173555,0.9707314674,170.4485865,6.513466358,297.9620667,0,148.6803894,80.72834778,0.0001238651457,68669.28906,16.93779755,2.503013999
33,180.0526812,81.45339376,26.21109605,59.59687411,0.9010271986,170.4485865,6.507399082,297.9778748,0,143.8196411,73.36295319,9.999999747e-05,68718.53125,16.25965881,2.383134119
33.20000076,180.0526812,76.63946487,28.38298996,60.73828167,0.9247410413,170.4485865,6.499945164,297.9798889,0,141.4005432,77.54964447,9.999999747e-05,68766.32812,16.46613121,2.420851944
33.40000153,180.0526812,69.668755,28.38298996,58.54439448,1.032469718,170.4485865,6.497723579,297.9745178,0,141.9475708,77.2990036,9.999999747e-05,68812.47656,17.4031105,2.520046954
33.59999847,180.0526812,69.668755,25.15719734,57.59156488,1.003460636,170.4485865,6.500211716,297.9662476,0,143.3614807,74.67394257,9.999999747e-05,68858.41406,17.20958328,2.565423592
33.79999924,180.0526812,69.668755,28.38298996,57.59156488,1.032469718,139.4579344,6.500957012,297.984375,0,143.7814331,70.90481567,9.999999747e-05,68898.69531,17.38399315,2.554163397
34,180.0526812,69.668755,28.18276792,58.86079732,0.8962116411,156.9134325,6.503426552,298.0006714,0,143.9241638,75.95929718,9.999999747e-05,68942.64062,16.2670269,2.575858725
34.20000076,180.0526812,69.668755,28.38298996,57.59156488,0.9328942809,163.9360752,6.505074024,298.0086975,0,143.0677338,80.8595047,9.999999747e-05,68987.86719,16.56436729,2.585629922
34.40000153,180.0526812,69.668755,28.38298996,57.59156488,0.9081379832,170.4485865,6.506184578,298.0122986,0,141.5606537,83.52986145,9.999999747e-05,69034.13281,16.36017036,2.599680163
34.59999847,180.0526812,69.668755,28.38298996,57.59156488,0.844747951,170.4485865,6.505951405,298.0097656,0,139.6084595,85.04004669,9.999999747e-05,69079.96094,15.82879639,2.610607921
34.79999924,180.0526812,69.668755,28.01945533,57.59156488,0.844747951,170.4485865,6.505526543,298.0066223,0,137.7522888,84.59442139,9.999999747e-05,69125.35156,15.83446312,2.628780167
35,180.0526812,69.668755,28.38298996,58.80419957,0.844747951,170.4485865,6.505964279,298.0155029,0,136.0623779,83.8966217,9.999999747e-05,69170.55469,15.83788204,2.64448121
35.20000076,180.0526812,85.15070056,27.47935972,57.59156488,0.8655365439,170.4485865,6.500254631,298.0488586,0,134.1939087,87.23838043,9.999999747e-05,69219.3125,15.89208603,2.369092145
35.40000153,180.0526812,74.49540892,28.38298996,59.93353745,0.844747951,139.4579344,6.49768734,298.0461426,0,134.6322021,99.25299072,9.999999747e-05,69259.07031,15.79295158,2.613480748
35.59999847,180.0526812,69.668755,28.38298996,57.59156488,0.844747951,141.230281,6.498915672,298.0379639,0,136.0674286,99.89678192,9.999999747e-05,69298.26562,15.81403446,2.687470412
35.79999924,180.0526812,69.668755,28.38298996,57.59156488,0.844747951,139.4579344,6.500881672,298.0346069,0,137.0088806,98.82837677,9.999999747e-05,69337.32812,15.81391335,2.704266721
36,180.0526812,69.668755,28.38298996,57.59156488,0.844747951,169.0984109,6.501169682,298.0155334,0,137.1736603,99.16117096,9.999999747e-05,69382.42188,15.82927513,2.708864428
36.20000076,180.0526812,69.668755,28.38298996,57.59156488,0.8763090104,139.4579344,6.502783298,298.0162964,0,137.2312164,93.89544678,9.999999747e-05,69421.53125,16.07914162,2.728880311
36.40000153,180.0526812,69.668755,28.38298996,57.59156488,0.844747951,139.4579344,6.504669189,298.0200806,0,136.6335602,94.89328766,9.999999747e-05,69460.5625,15.81472111,2.745635349
36.59999847,180.0526812,69.668755,28.38298996,57.59156488,0.844747951,170.4485865,6.506390095,298.0203857,0,135.2847748,96.79888153,9.999999747e-05,69505.71094,15.83064079,2.762876434
36.79999924,180.0526812,69.668755,28.38298996,57.59156488,0.9810772476,170.4485865,6.507626057,298.0220642,0,133.2490997,97.62428284,9.999999747e-05,69550.46094,16.97350693,2.777997857
37,180.0526812,69.668755,24.08141026,57.59156488,0.844747951,170.4485865,6.512259007,298.0142517,0,130.7201233,98.96950531,9.999999747e-05,69594.00781,15.90120316,2.820526834
37.20000076,180.0526812,69.668755,25.69196398,57.59156488,1.032469718,142.9217394,6.513418198,298.0146179,0,126.3252716,97.09075928,9.999999747e-05,69631.25,17.43272209,2.822475519
37.40000153,180.0526812,76.48951091,28.38298996,65.99154189,1.032469718,170.4485865,6.50604105,298.0222473,0,121.4889755,97.80761719,9.999999747e-05,69675.35156,17.40827942,2.738823383
37.59999847,180.0526812,69.668755,28.38298996,57.59156488,1.032469718,170.4485865,6.500644207,298.0054626,0,119.6205292,100.9857864,9.999999747e-05,69717.1875,17.39643478,2.809371737
37.79999924,180.0526812,69.668755,28.38298996,58.40089702,1.032469718,170.4485865,6.496648788,297.9993896,0,119.8770065,95.96990967,9.999999747e-05,69759.13281,17.40427589,2.828340195
38,180.0526812,69.668755,28.38298996,57.59156488,1.027674535,139.4579344,6.495910645,298.0151672,0,121.7333603,94.20644379,9.999999747e-05,69795.22656,17.34465027,2.857906231
38.20000076,180.0526812,69.668755,28.38298996,57.59156488,1.032469718,139.4579344,6.495124817,298.0174561,0,123.8786697,99.66879272,9.999999747e-05,69831.71094,17.38504219,2.862140424
38.40000153,180.0526812,69.668755,28.38298996,57.59156488,1.032469718,170.4485865,6.495136261,298.0120544,0,126.3488693,100.9100342,9.999999747e-05,69875.05469,17.40330315,2.874712726
38.59999847,180.0526812,69.668755,28.38298996,59.36185802,1.032469718,148.7465396,6.496049881,298.0112,0,128.8117676,99.6835556,9.999999747e-05,69914.46094,17.40756035,2.885743764
38.79999924,180.0526812,69.668755,28.38298996,59.99622959,1.032469718,170.4485865,6.4974823,298.0057373,0,130.9088135,99.88173676,9.999999747e-05,69958.75781,17.4256897,2.897995198
39,180.0526812,69.668755,28.38298996,58.98880162,0.9783229499,139.4579344,6.501023293,298.0211792,0,132.434021,98.43036652,9.999999747e-05,69997.125,16.9503231,2.927794301
39.20000076,180.0526812,69.668755,28.38298996,57.59156488,0.9377408,170.4485865,6.50409174,298.0249329,0,132.5376892,104.0097809,9.999999747e-05,70041.88281,16.61539078,2.940765012
39.40000153,180.0526812,69.668755,28.38298996,57.59156488,0.9634709606,170.4485865,6.507483006,298.0371704,0,131.4222717,105.9818573,9.999999747e-05,70086.49219,16.83262253,2.965701105
39.59999847,180.0526812,74.62715651,28.38298996,58.51665709,1.029112527,170.4485865,6.508278847,298.0638428,0,128.9477844,111.1107788,9.999999747e-05,70132.01562,17.3497982,2.934475101
39.79999924,180.0526812,69.668755,28.38298996,59.54291976,1.011038191,170.4485865,6.510930061,298.0783691,0,126.1643982,121.6113739,9.999999747e-05,70175.67188,17.24879074,3.008819145
40,180.0526812,69.668755,28.38298996,59.02322932,0.844747951,170.4485865,6.511657238,298.0784302,0,122.3062363,128.8175812,9.999999747e-05,70218.49219,15.843606,3.015008144
40.20000076,180.0526812,69.668755,28.38298996,57.59156488,0.9080793716,170.4485865,6.512122631,298.0925903,0,118.169342,131.6719971,9.999999747e-05,70260.57812,16.36361694,3.04357595
40.40000153,180.0526812,69.668755,28.38298996,57.59156488,0.8704444071,170.4485865,6.51158905,298.1077881,0,113.841011,139.4969025,9.999999747e-05,70301.82812,16.04520607,3.063198521
40.59999847,180.0526812,69.668755,28.38298996,57.59156488,0.844747951,139.4579344,6.509894371,298.1219482,0,109.7285995,148.1077118,9.999999747e-05,70335.88281,15.80942726,3.076407948
40.79999924,180.0526812,71.01986195,25.56736013,57.59156488,0.8547140204,170.4485865,6.508142948,298.11203,0,106.2947845,156.9191742,9.999999747e-05,70375.42969,15.94356251,3.098085946
41,180.0526812,85.15070056,27.38018198,57.59156488,0.9850812033,167.1832505,6.498028755,298.1364441,0,103.5580139,157.9604187,9.999999747e-05,70417.92188,16.88261414,2.828188535
41.20000076,180.0526812,70.8780295,28.38298996,57.59156488,1.029917471,170.4485865,6.494926453,298.1260681,0,104.8941345,170.6590881,9.999999747e-05,70457.64844,17.37199211,3.10542629
41.40000153,180.0526812,69.668755,28.38298996,57.59156488,0.8798666319,139.4579344,6.49465847,298.1285095,0,107.4212875,172.0111694,9.999999747e-05,70491.27344,16.10424614,3.139481535
41.59999847,180.0526812,69.668755,28.38298996,57.59156488,0.9395077446,150.4921937,6.495742321,298.1322021,0,110.0688324,177.6606903,9.999999747e-05,70527.76562,16.61499596,3.159980005
41.79999924,180.0526812,69.668755,28.38298996,57.59156488,0.8691419223,170.4485865,6.497853756,298.1392822,0,112.287529,183.7423248,9.999999747e-05,70568.86719,16.03536606,3.183321569
42,180.0526812,69.668755,28.38298996,57.59156488,1.016459603,170.4485865,6.499937534,298.1356812,0,113.66259,191.1080627,9.999999747e-05,70610.23438,17.27787018,3.192821224
42.20000076,180.0526812,69.668755,28.38298996,57.59156488,0.9171867266,170.4485865,6.502127171,298.1341858,0,114.2075348,195.0402069,9.999999747e-05,70651.74219,16.44205093,3.210293679
42.40000153,180.0526812,69.668755,28.38298996,57.99263696,1.032469718,141.8134004,6.504105568,298.134552,0,113.8762436,199.6333923,9.999999747e-05,70687.30469,17.40102196,3.222910434
42.59999847,180.0526812,69.668755,28.38298996,59.97612579,1.017842147,170.4485865,6.505928516,298.1451416,0,112.7545166,204.8018799,9.999999747e-05,70728.61719,17.31279945,3.251608881
42.79999924,180.0526812,69.668755,28.38298996,63.04576653,0.8745344778,170.4485865,6.506620884,298.1395569,0,110.9034119,213.5077515,9.999999747e-05,70769.5,16.12716484,3.256615454
43,180.0526812,69.668755,28.38298996,57.59156488,0.9796607945,170.4485865,6.507020473,298.1473083,0,108.7785873,216.9355316,9.999999747e-05,70810.03125,16.96853065,3.281907757
43.20000076,180.0526812,69.668755,28.38298996,57.59156488,1.032469718,170.4485865,6.507025719,298.1650696,0,106.4912491,224.8864594,9.999999747e-05,70850.15625,17.41459465,3.30603433
43.40000153,180.0526812,69.668755,28.38298996,57.59156488,0.8884569762,170.4485865,6.506566525,298.188385,0,104.2021713,236.4837646,9.999999747e-05,70889.85938,16.19795799,3.32784818
43.59999847,180.0526812,69.668755,28.38298996,60.59473416,0.9030999821,170.4485865,6.505298615,298.198761,0,102.097084,250.5813904,9.999999747e-05,70929.10938,16.34655952,3.337946711
43.79999924,180.0526812,74.08865333,28.38298996,68.36686185,1.032469718,160.4932277,6.501571655,298.21521,0,100.5003586,261.0551758,9.999999747e-05,70967.23438,17.45441628,3.306221599
44,180.0526812,82.15191834,28.38298996,70.3896904,1.032469718,170.4485865,6.495480537,298.2680054,0,100.3997955,274.1054993,9.999999747e-05,71009.75781,17.40264511,3.096496977
44.20000076,180.0526812,69.668755,28.38298996,57.59156488,1.032469718,170.4485865,6.496441841,298.2904968,0,102.7357178,300.26651,9.999999747e-05,71049.26562,17.41639137,3.403045303
44.40000153,180.0526812,69.668755,28.38298996,70.14307586,1.032469718,170.4485865,6.498370171,298.3328552,0,104.6564255,317.6808777,9.999999747e-05,71089.25781,17.5225029,3.435981993
44.59999847,180.0526812,69.668755,28.38298996,70.3896904,1.032469718,170.4485865,6.500324726,298.3620911,0,105.825119,343.0180969,9.999999747e-05,71129.47656,17.52475166,3.448676065
44.79999924,180.0526812,69.668755,28.38298996,68.24443187,1.032469718,170.4485865,6.502315998,298.4057007,0,106.2149734,365.2701721,9.999999747e-05,71169.84375,17.51161766,3.473937076
45,180.0526812,69.668755,28.38298996,70.3896904,1.032469718,170.4485865,6.503675938,298.4116211,0,105.8082504,393.6711121,9.999999747e-05,71210.03125,17.52468491,3.47508057
45.20000076,180.0526812,85.15070056,28.38298996,70.3896904,1.032469718,170.4485865,6.498504639,298.495575,0,104.8597488,410.5984497,9.999999747e-05,71254.59375,17.37878036,3.022789805
45.40000153,180.0526812,85.15070056,28.38298996,69.4689055,1.032469718,170.4485865,6.494123459,298.5542603,0,105.9991302,454.953949,9.999999747e-05,71299.32031,17.37215424,3.063200429
45.59999847,180.0526812,69.668755,28.38298996,57.59156488,0.8738819638,153.7374441,6.497505188,298.5472717,0,108.8676529,493.1542053,9.999999747e-05,71336.69531,16.06973457,3.529388129
45.79999924,180.0526812,85.15070056,28.38298996,70.3896904,1.032469718,170.4485865,6.494327068,298.5811157,0,110.3604813,511.0950623,9.999999747e-05,71382.28125,17.38249397,3.149789063
46,180.0526812,85.15070056,26.792191,70.3896904,1.032469718,170.4485865,6.492929935,298.6171875,0,113.1709366,543.3414917,9.999999747e-05,71428.17969,17.41088676,3.267641926
46.20000076,180.0526812,85.15070056,28.38298996,69.64196547,0.902370971,170.4485865,6.49171257,298.6731262,0,116.5133972,577.3226318,9.999999747e-05,71475.10938,16.27825165,3.180121772
46.40000153,180.0526812,70.21489996,28.38298996,70.3896904,0.9828215282,170.4485865,6.497551918,298.709137,0,120.3479767,619.493103,9.999999747e-05,71518.55469,17.11380577,3.625956612
46.59999847,180.0526812,85.15070056,28.38298996,70.3896904,1.032469718,170.4485865,6.496525764,298.7644043,0,121.8241348,656.7404175,9.999999747e-05,71566.60156,17.39023972,3.23610982
46.79999924,180.0526812,77.93830349,28.38298996,70.3896904,1.032469718,170.4485865,6.498601437,298.7790527,0,123.7558823,702.1370239,9.999999747e-05,71612.92969,17.46226501,3.542167873
47,180.0526812,85.15070056,28.38298996,66.0083187,0.9388952948,170.4485865,6.49767065,298.8334656,0,124.8252106,735.4372559,9.999999747e-05,71661.61719,16.56279182,3.290814116
47.20000076,180.0526812,85.15070056,28.38298996,70.3896904,0.9647463527,170.4485865,6.496930599,298.9058838,0,126.2866135,783.3132935,9.999999747e-05,71710.64844,16.81964493,3.304206608
47.40000153,180.0526812,85.15070056,28.38298996,70.3896904,0.844747951,170.4485865,6.496560097,298.9176636,0,128.033844,839.1443481,9.999999747e-05,71759.9375,15.80404663,3.364267632
47.59999847,180.0526812,69.668755,28.38298996,60.18586509,0.844747951,170.4485865,6.503408909,298.852478,0,129.9286499,876.6380005,9.999999747e-05,71805.09375,15.86967754,3.712883812
47.79999924,180.0526812,75.50120915,28.38298996,59.51399258,0.844747951,170.4485865,6.506220818,298.8336487,0,129.0613708,888.4767456,9.999999747e-05,71851.83594,15.80652046,3.704732857
48,180.0526812,85.15070056,28.38298996,70.3896904,0.9287766982,170.4485865,6.504159927,298.8005676,0,127.10569,914.4331055,9.999999747e-05,71900.9375,16.5178318,3.475766039
48.20000076,180.0526812,69.668755,28.38298996,59.8414814,0.9897511811,170.4485865,6.509179115,298.7896423,0,125.9774704,934.4230347,9.999999747e-05,71945.42969,17.09607697,3.774267934
48.40000153,180.0526812,85.15070056,28.38298996,70.3896904,1.032469718,170.4485865,6.505870819,298.7839661,0,122.8027267,960.9214478,9.999999747e-05,71993.72656,17.3950119,3.525666979
48.59999847,180.0526812,74.5089045,28.38298996,69.40635377,1.032469718,170.4485865,6.507395267,298.7697449,0,121.0014038,988.6593018,9.999999747e-05,72038.61719,17.48892021,3.786896123
48.79999924,180.0526812,73.95872444,28.38298996,70.3896904,1.032469718,170.4485865,6.508687019,298.7012024,0,118.5476456,1013.195007,9.999999747e-05,72082.78906,17.49872398,3.79588967
49,180.0526812,69.668755,28.38298996,64.98710048,1.032469718,170.4485865,6.511496544,298.6178894,0,115.5934219,1018.516479,9.999999747e-05,72125.14062,17.49412155,3.802471769
49.20000076,180.0526812,73.83532939,28.38298996,70.3896904,1.032469718,170.4485865,6.510867596,298.5764771,0,111.5096741,1016.585266,9.999999747e-05,72167.91406,17.4968586,3.828679743
49.40000153,180.0526812,69.668755,28.38298996,70.01667442,0.9571160382,170.4485865,6.511687756,298.5848999,0,107.6937714,1026.09436,9.999999747e-05,72208.78906,16.89382744,3.854654126
49.59999847,180.0526812,69.668755,28.38298996,70.3896904,1.032469718,170.4485865,6.511403084,298.5657654,0,103.5339584,1050.924927,9.999999747e-05,72248.77344,17.53229904,3.856069522
49.79999924,180.0526812,69.668755,28.38298996,70.3896904,1.032469718,170.4485865,6.51009798,298.5693665,0,99.49636078,1066.201172,9.999999747e-05,72287.96094,17.53102493,3.874468316
50,180.0526812,83.91639139,28.38298996,57.59156488,0.8908318319,170.4485865,6.500755787,298.5879211,0,95.98060608,1088.800293,9.999999747e-05,72330.54688,16.07580948,3.757720313
50.20000076,180.0526812,69.668755,28.38298996,69.23405928,0.9463375274,170.4485865,6.499865055,298.5920715,0,96.224823,1116.522705,9.999999747e-05,72369.0625,16.78977776,3.898326389
50.40000153,180.0526812,85.15070056,28.38298996,70.3896904,1.032469718,170.4485865,6.491795063,298.6360168,0,96.77178955,1139.86792,9.999999747e-05,72412.19531,17.38406944,3.766883721
50.59999847,180.0526812,85.15070056,28.38298996,70.3896904,1.032469718,170.4485865,6.486061573,298.7394104,0,100.5973053,1177.195923,9.999999747e-05,72456.19531,17.38692284,3.782278828
50.79999924,180.0526812,69.668755,28.38298996,70.3896904,1.032469718,170.4485865,6.490127087,298.7173462,0,106.6856384,1236.387939,9.999999747e-05,72496.8125,17.53531837,3.931182395
51,180.0526812,83.38267694,27.06520668,70.3896904,0.9192547103,170.4485865,6.488744259,298.7478943,0,111.1231003,1255.733154,9.999999747e-05,72542.13281,16.47136688,3.915001563
51.20000076,180.0526812,85.15070056,28.38298996,67.1007867,0.9795262254,170.4485865,6.486963749,298.7456055,0,116.1628571,1293.334473,9.999999747e-05,72589.19531,16.9200592,3.859336793
51.40000153,180.0526812,85.15070056,28.38298996,65.84328144,1.032469718,170.4485865,6.486465454,298.6959229,0,121.8986816,1320.358765,9.999999747e-05,72637.39062,17.36169815,3.883624672
51.59999847,180.0526812,85.15070056,28.38298996,70.3896904,0.9618541971,170.4485865,6.487006664,298.6039124,0,127.8284149,1331.20166,9.999999747e-05,72686.77344,16.80555344,3.90739709
51.79999924,180.0526812,85.15070056,28.38298996,57.59156488,0.844747951,170.4485865,6.488066196,298.589447,0,133.5423126,1325.922119,9.999999747e-05,72737.4375,15.69843292,3.933483125
52,180.0526812,69.668755,28.38298996,70.3896904,0.927446484,170.4485865,6.496983528,298.6097107,0,138.8339996,1344.275879,9.999999747e-05,72784.76562,16.66640663,4.011600767
52.20000076,180.0526812,85.15070056,28.38298996,62.10435581,0.9584031635,170.4485865,6.496861935,298.6944885,0,140.5346375,1373.47522,9.999999747e-05,72836.98438,16.7130909,3.976408449
52.40000153,180.0526812,75.90618875,28.38298996,70.3896904,1.032469718,170.4485865,6.501259327,298.7562256,0,142.3387451,1425.43811,9.999999747e-05,72886.85156,17.50449181,4.0860614
52.59999847,180.0526812,85.15070056,28.38298996,70.3896904,0.9985624323,170.4485865,6.500601768,298.7935486,0,142.3401642,1472.143066,9.999999747e-05,72939.35938,17.12961197,4.013827492
52.79999924,180.0526812,69.668755,28.38298996,57.59156488,0.9599963858,170.4485865,6.508157253,298.7355652,0,142.6356964,1500,9.999999747e-05,72987.375,16.83632278,4.034566865
53,180.0526812,85.15070056,28.38298996,70.3896904,1.032469718,170.4485865,6.506423473,298.6776428,0,139.8658447,1500,9.999999747e-05,73039.28125,17.41625404,4.04620182
53.20000076,180.0526812,74.58590436,26.57417483,70.3896904,0.9352593204,170.4485865,6.5113554,298.5940247,0,137.8463745,1500,9.999999747e-05,73087.39844,16.71527672,4.069593969
53.40000153,180.0526812,69.668755,28.38298996,64.55526307,0.9581523328,170.4485865,6.516555786,298.5306091,0,133.802536,1496.998291,9.999999747e-05,73133.61719,16.87787056,4.049694493
53.59999847,180.0526812,74.06251624,28.38298996,63.09626443,1.032469718,170.4485865,6.5173769,298.6042175,0,127.6990204,1498.014038,9.999999747e-05,73179.96094,17.45452499,4.147779698
53.79999924,180.0526812,71.51405471,28.38298996,57.59156488,0.906834268,170.4485865,6.518850803,298.5739136,0,121.282196,1500,9.999999747e-05,73224.15625,16.35479164,4.10129738
54,180.0526812,76.82174863,28.38298996,70.3896904,0.9010306047,170.4485865,6.515604496,298.739624,0,114.2595978,1500,9.999999747e-05,73268.60156,16.36784363,4.207058952
54.20000076,180.0526812,85.15070056,28.38298996,70.3896904,0.990174608,170.4485865,6.507456779,298.9420471,0,108.553215,1500,9.999999747e-05,73314.3125,17.04305649,4.165810324
54.40000153,180.0526812,85.15070056,28.38298996,70.3896904,1.032469718,170.4485865,6.500170708,299.0933838,0,106.1068344,1500,9.999999747e-05,73359.44531,17.40067291,4.178979538
54.59999847,180.0526812,83.04585046,28.38298996,57.59156488,0.844747951,170.4485865,6.495086193,299.3164673,0,106.5564041,1500,9.999999747e-05,73404.10938,15.70484161,4.235340963
54.79999924,180.0526812,76.22653188,28.38298996,70.3896904,0.844747951,170.4485865,6.494867802,299.4955444,0,109.0352936,1500,9.999999747e-05,73447.21094,15.89364052,4.27292058
55,180.0526812,85.15070056,28.38298996,70.3896904,1.032469718,170.4485865,6.490642071,299.7043152,0,111.5926514,1500,9.999999747e-05,73493.45312,17.40636063,4.232708401
55.20000076,180.0526812,75.273135,27.59255707,57.59156488,0.847661285,170.4485865,6.49340868,299.8351746,0,115.8690033,1500,9.999999747e-05,73537.42188,15.82846832,4.280893974
55.40000153,180.0526812,85.15070056,28.38298996,57.59156488,0.844747951,170.4485865,6.490722179,299.9717102,0,119.0029449,1500,9.999999747e-05,73585.05469,15.69272232,4.257125006
55.59999847,180.0526812,69.668755,28.38298996,57.66325489,0.9207194864,170.4485865,6.497210026,300.0496521,0,123.2517853,1500,9.999999747e-05,73628.94531,16.49904823,4.239116257
55.79999924,180.0526812,69.668755,28.38298996,57.59156488,0.9384451571,170.4485865,6.50303936,300.1138611,0,124.8578415,1500,9.999999747e-05,73673.125,16.65055466,4.243608602
56,180.0526812,69.668755,24.16167404,57.59156488,0.844747951,139.4579344,6.511472702,300.1193237,0,124.1636505,1500,9.999999747e-05,73709.96094,15.89878464,4.125079271
56.20000076,180.0526812,85.15070056,28.38298996,70.3896904,0.9761903591,170.4485865,6.506474018,300.021698,0,120.085556,1500,9.999999747e-05,73757.46094,16.93424225,4.28348028
56.40000153,180.0526812,78.16607215,28.38298996,57.59156488,1.032469718,170.4485865,6.505567551,299.8828735,0,118.0593109,1500,9.999999747e-05,73802.50781,17.3575325,4.292820737
56.59999847,180.0526812,85.15070056,28.38298996,70.3896904,1.032469718,149.964017,6.501056194,299.7757568,0,116.3392563,1500,9.999999747e-05,73845.07812,17.39590454,4.312951278
56.79999924,180.0526812,85.15070056,28.38298996,70.3896904,1.032469718,170.4485865,6.497117043,299.6763916,0,116.4486618,1500,9.999999747e-05,73891.91406,17.40981674,4.330196411
57,180.0526812,85.15070056,28.38298996,70.3896904,1.032469718,170.4485865,6.494262218,299.4859619,0,118.1203156,1500,9.999999747e-05,73939.03125,17.40983009,4.323812272
57.20000076,180.0526812,85.15070056,24.82028403,61.66724953,0.844747951,170.4485865,6.494603634,299.3882141,0,120.9322052,1497.915405,9.999999747e-05,73986.23438,15.79850483,4.347760927
57.40000153,180.0526812,85.15070056,28.38298996,57.59156488,0.862927399,170.4485865,6.492860317,299.3495789,0,123.6004715,1500,9.999999747e-05,74034.70312,15.85586262,4.383314407
57.59999847,180.0526812,85.15070056,28.38298996,70.3896904,1.032469718,170.4485865,6.491801739,299.3362732,0,126.9831696,1500,9.999999747e-05,74083.91406,17.41914368,4.40278979
57.79999924,180.0526812,69.668755,28.38298996,57.59156488,0.8965030829,170.4485865,6.499622345,299.3621521,0,130.7803497,1500,9.999999747e-05,74129.45312,16.29637146,4.266038609
58,180.0526812,69.668755,28.38298996,57.59156488,1.01633874,147.9936951,6.506725788,299.3409119,0,131.4224396,1500,9.999999747e-05,74170.44531,17.29790306,4.249018432
58.20000076,180.0526812,72.36460412,28.38298996,61.22399512,0.9706483097,170.4485865,6.511104584,299.1957397,0,129.2537994,1500,9.999999747e-05,74216.27344,16.93100548,4.257712974
58.40000153,180.0526812,85.15070056,28.38298996,70.3896904,1.032469718,170.4485865,6.507189751,299.0831909,0,125.3402786,1500,9.999999747e-05,74265.03125,17.41865349,4.418115847
58.59999847,180.0526812,69.668755,28.38298996,70.3896904,0.9677491197,170.4485865,6.512190342,298.9292603,0,123.0112076,1500,9.999999747e-05,74308.83594,17.00286865,4.199887496
58.79999924,180.0526812,75.3159068,28.38298996,70.3896904,1.01974313,170.4485865,6.51249218,298.8139343,0,118.6261215,1488.35791,9.999999747e-05,74353.41406,17.39277458,4.32243321
59,180.0526812,76.45914537,28.38298996,70.3896904,1.032469718,170.4485865,6.511187553,298.7516785,0,114.1642761,1484.57019,9.999999747e-05,74397.46094,17.48927307,4.365422461
59.20000076,180.0526812,69.668755,28.38298996,68.51025314,1.032469718,170.4485865,6.51328373,298.6192627,0,110.2144089,1494.477905,9.999999747e-05,74438.69531,17.52851295,4.205498761
59.40000153,180.0526812,85.15070056,28.38298996,70.3896904,1.032469718,170.4485865,6.50513649,298.6227722,0,105.409935,1477.449707,9.999999747e-05,74483.54688,17.40841293,4.488274018
59.59999847,180.0526812,69.668755,28.38298996,70.3896904,1.032469718,170.4485865,6.506575108,298.621582,0,103.9087601,1500,9.999999747e-05,74523.61719,17.54424095,4.267956265
59.79999924,180.0526812,69.668755,28.38298996,60.21882684,1.032469718,170.4485865,6.507297039,298.5423584,0,101.7679367,1500,9.999999747e-05,74563.17969,17.45270157,4.233913324
60,180.0526812,85.15070056,28.38298996,70.3896904,1.032469718,170.4485865,6.498493195,298.6057739,0,99.37133789,1495.984375,9.999999747e-05,74606.85938,17.40642738,4.533369257
60.20000076,180.0526812,82.5709589,28.38298996,63.261763,0.844747951,170.4485865,6.492680073,298.6507263,0,100.5251694,1500,9.999999747e-05,74650.03125,15.7729044,4.521085155
60.40000153,180.0526812,76.9222865,28.38298996,70.3896904,0.8933726826,170.4485865,6.491821289,298.6998291,0,103.9640427,1500,9.999999747e-05,74692.28125,16.30239868,4.455990424
60.59999847,180.0526812,75.06243829,28.38298996,65.72655303,1.032469718,170.4485865,6.493094921,298.7996521,0,107.7398148,1500,9.999999747e-05,74734.8125,17.46536636,4.451665098
60.79999924,180.0526812,73.81609733,28.38298996,70.3896904,1.032469718,170.4485865,6.495669365,298.8560486,0,111.0148315,1500,9.999999747e-05,74777.60156,17.51750374,4.418215226
61,180.0526812,71.13890828,28.38298996,70.3896904,1.032469718,170.4485865,6.499911785,298.9022522,0,113.2627945,1500,9.999999747e-05,74820.05469,17.54316711,4.362998489
61.20000076,180.0526812,85.15070056,28.38298996,70.3896904,1.032469718,170.4485865,6.495791912,298.9499817,0,113.8124542,1500,9.999999747e-05,74866.67188,17.41990471,4.593550267
61.40000153,180.0526812,69.668755,28.38298996,70.3896904,1.032469718,170.4485865,6.501553059,298.82724,0,116.0428238,1500,9.999999747e-05,74909.10938,17.55212021,4.265113138
61.59999847,180.0526812,83.10312601,28.38298996,70.3896904,0.9479610629,170.4485865,6.498933315,298.7475586,0,115.9094467,1492.915649,9.999999747e-05,74955.45312,16.72098923,4.539560926
61.79999924,180.0526812,77.45389262,26.33120535,70.3896904,0.9420349928,170.4485865,6.501597881,298.5754395,0,116.8832321,1497.369385,9.999999747e-05,74999.9375,16.74847412,4.358886831
62,180.0526812,85.15070056,28.38298996,70.3896904,0.9585288248,170.4485865,6.498073578,298.4983521,0,116.7469254,1466.617676,9.999999747e-05,75047.08594,16.79426003,4.570834014
62.20000076,180.0526812,69.668755,28.38298996,70.3896904,0.9003717356,170.4485865,6.503998756,298.4024963,0,118.057663,1462.890137,9.999999747e-05,75090.05469,16.43352699,4.270513816
62.40000153,180.0526812,69.668755,28.38298996,70.3896904,0.9868725435,170.4485865,6.508990765,298.2771606,0,116.9475098,1449.091675,9.999999747e-05,75132.76562,17.1652298,4.251541997
62.59999847,180.0526812,69.668755,28.38298996,70.3896904,1.00122526,170.4485865,6.512642384,298.1927795,0,113.8738861,1421.663818,9.999999747e-05,75174.875,17.28622437,4.26880853
62.79999924,180.0526812,69.668755,28.38298996,59.24519579,0.8490980619,170.4485865,6.51474762,298.054657,0,109.3409729,1403.883423,9.999999747e-05,75216,15.89449501,4.239950902
63,180.0526812,69.668755,28.38298996,70.3896904,1.032469718,170.4485865,6.515181541,297.9591675,0,103.9667206,1364.090698,9.999999747e-05,75256.05469,17.54297829,4.25634606
63.20000076,180.0526812,69.668755,28.38298996,70.3896904,0.844747951,170.4485865,6.513807774,297.8421936,0,98.41947937,1334.238647,9.999999747e-05,75294.94531,15.94674206,4.241086461
63.40000153,180.0526812,70.01125565,28.38298996,57.59156488,0.9655221789,170.4485865,6.511040688,301.5101318,0,93.42232513,400.2716064,1377.031616,75332.28906,16.85518646,4.266179446
63.59999847,180.0526812,85.15070056,28.38298996,70.3896904,1.032469718,170.4485865,6.498776913,301.4396973,0,89.53077698,1500,137.7031708,75372.64062,17.40859222,4.600559617
63.79999924,180.0526812,85.15070056,28.38298996,69.7386049,1.032469718,139.4579344,6.488792896,301.1062927,0,90.57147217,1500,13.77031612,75406.97656,17.38149834,4.617228863
64,180.0526812,85.15070056,28.38298996,70.3896904,1.032469718,170.4485865,6.481898308,300.7950439,0,95.56775665,1500,1.377031684,75448.88281,17.41327095,4.634398646
64.19999695,180.0526812,69.668755,28.38298996,57.59156488,1.032469718,170.4485865,6.487010002,300.5033875,0,103.3191833,1500,0.1377031654,75488.03125,17.43688202,4.329371542
64.40000153,180.0526812,85.15070056,28.38298996,57.59156488,0.9872192786,170.4485865,6.484422207,300.2461853,0,108.9963837,1500,0.01377031673,75532.9375,16.91704178,4.644925334
64.59999847,180.0526812,85.15070056,28.38298996,58.46458849,0.9619553864,170.4485865,6.483726978,299.9465942,0,115.7724304,1500,0.001377031673,75579.28125,16.71697426,4.625912336
64.80000305,180.0526812,85.15070056,23.22244633,57.59156488,0.8845661594,170.4485865,6.488234997,299.6472473,0,122.795578,1482.796753,0.0001377031585,75626.23438,16.13852119,4.492831658
65,180.0526812,69.668755,28.38298996,70.3896904,0.9576985195,170.4485865,6.497904301,299.3287048,0,128.0045319,1454.77002,9.999999747e-05,75670.78906,16.9291153,4.25194938
65.19999695,180.0526812,69.668755,28.38298996,65.80632347,0.9066272168,170.4485865,6.506474972,299.0535278,0,129.3455811,1408.889404,9.999999747e-05,75715.69531,16.46055222,4.254319701
65.40000153,180.0526812,70.27335297,28.38298996,63.77594195,0.844747951,170.4485865,6.513115883,298.8313904,0,127.2784119,1366.165039,9.999999747e-05,75760.42188,15.91275501,4.285176266
65.59999847,180.0526812,85.15070056,25.88814702,69.6626124,1.031700025,170.4485865,6.511309147,298.6452026,0,122.5577164,1331.10376,9.999999747e-05,75808.04688,17.45824242,4.570859439
65.80000305,180.0526812,76.53671258,26.94844062,70.3896904,0.9575071033,170.4485865,6.51311636,298.4807739,0,118.5811615,1299.712036,9.999999747e-05,75852.63281,16.88800812,4.414621896
66,180.0526812,69.668755,28.38298996,70.3896904,1.026869761,170.4485865,6.516666412,298.3343811,0,113.842865,1268.573975,9.999999747e-05,75894.57031,17.50829887,4.282816187
66.19999695,180.0526812,69.668755,23.22244633,70.3896904,0.9865654171,170.4485865,6.522444725,298.1073914,0,107.6903915,1237.326294,9.999999747e-05,75934.22656,17.2329216,4.016188356
66.40000153,180.0526812,69.668755,28.38298996,70.3896904,0.844747951,170.4485865,6.520523071,297.8982849,0,99.22497559,1172.65564,9.999999747e-05,75973.08594,15.95004749,4.215932918
66.59999847,180.0526812,69.668755,28.38298996,69.34137623,1.032469718,170.4485865,6.516428471,301.0578003,0,91.56052399,351.7966919,1198.98877,76009.85156,17.53088951,4.238543678
66.80000305,180.0526812,85.15070056,28.38298996,70.3896904,1.032469718,149.524938,6.501268864,300.7872314,0,85.51641846,1439.581665,119.89888,76044.9375,17.39354134,4.584943778
67,180.0526812,85.15070056,25.95491283,70.3896904,1.032469718,170.4485865,6.489683151,300.2832947,0,85.56539917,1437.209839,11.98988819,76084.05469,17.44441986,4.52617569
67.19999695,180.0526812,72.54804789,28.38298996,67.4570388,1.032469718,170.4485865,6.486972332,299.8518982,0,90.20161438,1369.90271,1.198988795,76121.1875,17.48986626,4.310562443
67.40000153,180.0526812,85.15070056,28.38298996,57.59156488,0.9679890491,170.4485865,6.480009079,299.491272,0,95.90452576,1310.475464,0.119898878,76163.25,16.74995232,4.611610738
67.59999847,180.0526812,85.15070056,28.38298996,70.3896904,0.9193518163,170.4485865,6.477108002,299.2372437,0,104.4350662,1258.74231,0.0119898878,76207.28906,16.46750259,4.653915164
67.80000305,180.0526812,75.34062724,28.38298996,65.69459701,0.8867436089,170.4485865,6.482622623,299.0121155,0,114.0990601,1229.722778,0.001198988757,76250.625,16.23863983,4.437690529
68,180.0526812,69.668755,28.38298996,57.59156488,0.844747951,170.4485865,6.492276192,298.7640991,0,121.5427017,1200.362183,0.000119898883,76293.89844,15.85913563,4.251780971
68.19999695,180.0526812,85.15070056,28.38298996,70.3896904,1.032469718,170.4485865,6.492594242,298.664856,0,125.138298,1154.436401,9.999999747e-05,76342.5625,17.44533157,4.717698218
68.40000153,180.0526812,85.15070056,28.38298996,70.3896904,1.032469718,170.4485865,6.493266582,298.6106567,0,128.650528,1150.713257,9.999999747e-05,76392.04688,17.44979668,4.750972715
68.59999847,180.0526812,69.668755,28.38298996,58.64302155,0.9212237346,139.4579344,6.503191948,298.5775146,0,131.8626556,1157.687378,9.999999747e-05,76431.44531,16.51007271,4.378453988
68.80000305,180.0526812,69.668755,28.38298996,57.59156488,0.9770673953,170.4485865,6.51149416,298.528595,0,131.0754242,1169.564453,9.999999747e-05,76477.01562,16.99775505,4.372682191
69,180.0526812,85.15070056,28.38298996,65.79880174,1.032469718,170.4485865,6.508740425,298.5521545,0,127.0023193,1174.594727,9.999999747e-05,76526.29688,17.41245461,4.810064128
69.19999695,180.0526812,71.19415739,28.38298996,70.3896904,1.032469718,170.4485865,6.514174461,298.5414734,0,124.0616913,1202.902344,9.999999747e-05,76570.91406,17.5671978,4.452522936
69.40000153,180.0526812,69.668755,28.38298996,70.3896904,1.032469718,139.4579344,6.519227982,298.5184021,0,118.8853302,1219.755493,9.999999747e-05,76607.63281,17.55220985,4.39278033
69.59999847,180.0526812,82.90482435,28.38298996,70.3896904,1.032469718,170.4485865,6.513904095,298.539032,0,111.7150269,1232.182373,9.999999747e-05,76653.10156,17.46235085,4.776936622
69.80000305,180.0526812,85.15070056,28.38298996,70.3896904,1.032469718,170.4485865,6.50694561,298.5694275,0,106.7070999,1258.912842,9.999999747e-05,76698.21094,17.44074059,4.836986928
70,180.0526812,69.668755,28.38298996,70.3896904,1.032469718,170.4485865,6.509689808,298.5570374,0,104.4546661,1289.459106,9.999999747e-05,76738.35156,17.56732178,4.414624833
70.19999695,180.0526812,69.668755,28.38298996,57.59156488,1.032469718,170.4485865,6.511200905,298.5196533,0,101.0674591,1306.307373,9.999999747e-05,76777.75,17.44825935,4.396969525
70.40000153,180.0526812,69.668755,28.38298996,57.59156488,1.032469718,170.4485865,6.511367798,298.5218506,0,97.11090851,1314.385132,9.999999747e-05,76816.35938,17.44717979,4.421561538
70.59999847,180.0526812,85.15070056,28.38298996,69.03105607,0.8975936709,170.4485865,6.500957489,298.6256409,0,93.08799744,1334.918091,9.999999747e-05,76858.71875,16.27740669,4.892625916
70.80000305,180.0526812,69.668755,28.38298996,70.3896904,1.032469718,170.4485865,6.501128674,298.614624,0,93.25975037,1390.279297,9.999999747e-05,76896.5,17.56127548,4.426161467
71,180.0526812,69.668755,28.38298996,57.59156488,0.844747951,170.4485865,6.501274586,298.556366,0,93.29444885,1409.163452,9.999999747e-05,76934.23438,15.84943008,4.396115232
71.19999695,180.0526812,69.668755,28.38298996,62.71285842,1.032469718,170.4485865,6.501535892,298.5443115,0,93.30471039,1412.19519,9.999999747e-05,76972,17.49550438,4.422221532
71.40000153,180.0526812,69.668755,28.38298996,66.03827865,0.9930863557,170.4485865,6.501652718,298.4960327,0,93.20999146,1429.33374,9.999999747e-05,77009.70312,17.18980217,4.403253972
71.59999847,180.0526812,69.668755,28.38298996,70.3896904,1.032469718,170.4485865,6.501818657,298.4878235,0,93.06943512,1433.177979,9.999999747e-05,77047.40625,17.56260681,4.426029326
71.80000305,180.0526812,85.15070056,28.38298996,70.3896904,1.032469718,170.4485865,6.492851257,298.5680542,0,92.86186218,1449.311157,9.999999747e-05,77089.63281,17.43756866,4.90186338
72,180.0526812,79.21947721,28.38298996,70.3896904,1.032469718,170.4485865,6.489731789,298.647583,0,96.27136993,1495.349976,9.999999747e-05,77130.85156,17.49066925,4.768030099
72.19999695,180.0526812,69.668755,28.38298996,57.59156488,0.8885667882,170.4485865,6.494142056,298.6528015,0,100.8802032,1500,9.999999747e-05,77170.17969,16.23274803,4.448726903
72.40000153,180.0526812,82.43320991,28.38298996,70.3896904,0.9730123074,170.4485865,6.491379738,298.691925,0,103.7189789,1500,9.999999747e-05,77213.82031,16.9651432,4.835562105
72.59999847,180.0526812,70.34095873,28.38298996,70.3896904,1.032469718,170.4485865,6.497095108,298.6820984,0,107.7103119,1500,9.999999747e-05,77254.75,17.57232857,4.469370292
72.80000305,180.0526812,69.668755,28.38298996,70.3896904,1.032469718,170.4485865,6.502927303,298.7238464,0,109.3647079,1500,9.999999747e-05,77295.85938,17.58244324,4.475918416
73,180.0526812,69.668755,28.38298996,65.58083717,0.9079326096,170.4485865,6.507854939,298.7035217,0,108.7128601,1500,9.999999747e-05,77336.75781,16.48176193,4.44575267
73.19999695,180.0526812,85.15070056,28.38298996,70.3896904,1.032469718,170.4485865,6.502256393,298.6861572,0,106.0933762,1500,9.999999747e-05,77381.60156,17.45100403,4.888146494
73.40000153,180.0526812,82.32081711,28.38298996,70.3896904,1.032469718,170.4485865,6.498998165,298.6646118,0,105.7449875,1500,9.999999747e-05,77425.57812,17.47440147,4.821470205
73.59999847,180.0526812,69.668755,28.38298996,70.3896904,1.032469718,170.4485865,6.504001141,298.7192383,0,106.658493,1500,9.999999747e-05,77466.16406,17.58341217,4.491434042
73.80000305,180.0526812,69.668755,28.38298996,61.60569113,1.032469718,141.4465164,6.508248806,298.9227295,0,105.5511627,1500,9.999999747e-05,77500.67188,17.48925781,4.573108678
74,180.0526812,69.668755,28.38298996,68.60110266,1.032469718,170.4485865,6.511112213,299.0622253,0,102.7736282,1500,9.999999747e-05,77540.44531,17.57248116,4.553712403
74.19999695,180.0526812,85.15070056,28.38298996,69.36018646,1.032469718,170.4485865,6.503081799,299.1932068,0,98.85295868,1500,9.999999747e-05,77583.89062,17.44488907,5.004306838
74.40000153,180.0526812,69.668755,28.38298996,70.3896904,1.032469718,170.4485865,6.505423546,299.2443542,0,98.17575836,1500,9.999999747e-05,77622.58594,17.58189964,4.521986644
74.59999847,180.0526812,69.668755,28.38298996,70.3896904,1.032469718,170.4485865,6.507064342,299.2983704,0,96.49295044,1500,9.999999747e-05,77660.91406,17.58163261,4.523382452
74.80000305,180.0526812,69.668755,28.38298996,70.3896904,1.032469718,170.4485865,6.507808685,299.3722839,0,94.18932343,1500,9.999999747e-05,77698.75781,17.58172607,4.539101307
75,180.0526812,71.58011095,28.38298996,70.3896904,1.032469718,170.4485865,6.506334305,299.3899841,0,91.5887146,1500,9.999999747e-05,77736.53906,17.56176949,4.575267725
75.19999695,180.0526812,69.668755,28.38298996,63.28715269,0.9274436595,170.4485865,6.505455017,299.368866,0,89.5821991,1500,9.999999747e-05,77773.29688,16.62024498,4.490988779
75.40000153,180.0526812,85.15070056,28.38298996,70.3896904,1.032469718,170.4485865,6.494599819,299.322937,0,87.91831207,1500,9.999999747e-05,77814.17969,17.44527435,4.935078724
75.59999847,180.0526812,78.63299013,28.38298996,70.3896904,0.9714164241,170.4485865,6.489893913,299.2073669,0,90.63109589,1500,9.999999747e-05,77853.69531,16.98027992,4.718318336
75.80000305,180.0526812,69.668755,28.38298996,70.3896904,1.032469718,170.4485865,6.492706299,299.0371399,0,95.17415619,1500,9.999999747e-05,77891.54688,17.57175446,4.3955689
76,180.0526812,74.01259718,25.15614068,70.3896904,0.9641462587,170.4485865,6.496493816,298.9266663,0,98.58740997,1487.412109,9.999999747e-05,77930.84375,17.00842667,4.424734932
76.19999695,180.0526812,69.668755,28.38298996,70.3896904,0.9790251219,170.4485865,6.500442028,298.79599,0,100.5064392,1489.466919,9.999999747e-05,77969.84375,17.12410736,4.40598731
76.40000153,180.0526812,69.668755,28.38298996,70.3896904,1.032469718,170.4485865,6.50394392,298.6469421,0,100.8487625,1479.960693,9.999999747e-05,78008.91406,17.5766964,4.390057135
76.59999847,180.0526812,69.668755,28.38298996,57.59156488,0.9254988515,170.4485865,6.506412983,298.4215393,0,99.79225922,1459.370483,9.999999747e-05,78047.71094,16.54848862,4.336939325
76.80000305,180.0526812,69.668755,28.38298996,70.3896904,1.032469718,170.4485865,6.507941723,298.2529907,0,97.75009155,1406.98938,9.999999747e-05,78086.16406,17.57165718,4.357395366
77,180.0526812,73.39130076,28.38298996,70.3896904,1.032469718,170.4485865,6.505864143,298.0585938,0,95.09619141,1366.338745,9.999999747e-05,78125.125,17.53844452,4.451653539
77.19999695,180.0526812,69.668755,28.38298996,70.3896904,0.9050055991,170.4485865,6.505331039,297.8517761,0,93.28225708,1310.021729,9.999999747e-05,78162.66406,16.48427963,4.308292957
77.40000153,180.0526812,69.668755,28.38298996,70.3896904,1.032469718,170.4485865,6.50467205,301.2632751,0,91.66494751,393.0065308,1353.112061,78199.28125,17.56767082,4.298734353
77.59999847,180.0526812,85.15070056,28.38298996,70.3896904,1.032469718,170.4485865,6.494579792,300.9955139,0,90.31655884,1500,135.311203,78239.4375,17.44768524,4.759239589
77.80000305,180.0526812,69.668755,27.75996326,57.59156488,1.032469718,170.4485865,6.495906353,300.4075317,0,93.03564453,1500,13.5311203,78275.74219,17.45840073,4.214475887
78,180.0526812,73.5539149,28.38298996,57.59156488,1.032469718,170.4485865,6.49497509,299.8416443,0,95.15646362,1411.489746,1.353111982,78313.86719,17.41775894,4.334823116
78.19999695,180.0526812,69.668755,28.38298996,57.59156488,1.01108579,139.4579344,6.497259617,299.328125,0,97.69364166,1310.950806,0.1353112012,78345.19531,17.24132347,4.179770908
78.40000153,180.0526812,74.26346553,28.38298996,57.59156488,0.8813705055,170.4485865,6.497148514,298.9135132,0,99.29937744,1207.097046,0.01353111956,78384.69531,16.13604736,4.348410611
78.59999847,180.0526812,69.668755,28.38298996,57.59156488,1.002809093,170.4485865,6.500282288,298.5644531,0,100.9677124,1117.703369,0.001353112049,78423.38281,17.20235252,4.208801442
78.80000305,180.0526812,85.15070056,28.38298996,70.3896904,1.032469718,170.4485865,6.494540215,298.311676,0,101.3640671,1034.652832,0.000135311202,78466.69531,17.45587158,4.719121872
79,180.0526812,85.15070056,28.38298996,70.3896904,1.032469718,170.4485865,6.490437508,298.0997314,0,104.0967789,971.2286377,9.999999747e-05,78510.70312,17.45902252,4.732203099
79.19999695,180.0526812,69.668755,28.38298996,70.3896904,1.032469718,170.4485865,6.496691227,297.8606567,0,108.4368057,911.6842651,9.999999747e-05,78551.23438,17.57496262,4.216386314
79.40000153,180.0526812,69.668755,28.38298996,70.3896904,1.032469718,170.4485865,6.503339291,300.2899475,0,110.2466125,273.5052795,958.2739258,78591.76562,17.58175278,4.224965049
79.59999847,180.0526812,85.15070056,28.38298996,70.3896904,1.032469718,139.4579344,6.500348091,300.0588684,0,109.4291763,1108.176758,95.82739258,78629.70312,17.44034958,4.659173706
79.80000305,180.0526812,85.15070056,28.38298996,70.3896904,1.032469718,170.4485865,6.497650146,299.6530762,0,109.841095,1096.1073,9.582738876,78674.25,17.4666729,4.67985295
80,180.0526812,85.15070056,28.38298996,70.3896904,1.032469718,170.4485865,6.49591732,299.3485107,0,111.3002472,1035.047607,0.9582738876,78719.36719,17.47135925,4.743427087
80.19999695,180.0526812,85.15070056,28.38298996,70.3896904,1.032469718,170.4485865,6.495053291,299.1037598,0,113.4503021,995.0039673,0.09582739323,78765.10156,17.47504997,4.772817769
80.40000153,180.0526812,69.668755,24.99497444,64.34735506,1.032469718,170.4485865,6.506266117,298.8078308,0,115.946228,963.4165649,0.009582739323,78806.34375,17.58777618,4.071172404
80.59999847,180.0526812,76.59743163,28.38298996,70.3896904,1.032469718,170.4485865,6.50902319,298.611084,0,113.9202423,904.5516357,0.000958273944,78849.89062,17.54080772,4.512577971
80.80000305,180.0526812,78.84836724,28.38298996,67.44474745,1.032469718,170.4485865,6.509301186,298.473938,0,110.8577194,869.190918,9.999999747e-05,78893.5625,17.49950409,4.629347237
81,180.0526812,77.3869875,28.38298996,70.3896904,1.032469718,170.4485865,6.509395123,298.3135376,0,107.665123,846.2610474,9.999999747e-05,78936.14844,17.53124428,4.547772674
81.19999695,180.0526812,81.83043283,28.38298996,70.3896904,1.032469718,169.8617897,6.506094933,298.232605,0,104.4276428,809.7250366,9.999999747e-05,78979.35938,17.49933815,4.753427956
81.40000153,180.0526812,69.668755,28.38298996,70.3896904,1.005873521,170.4485865,6.509821415,298.1450806,0,102.5207062,794.7630615,9.999999747e-05,79018.85156,17.36618614,4.355866718
81.59999847,180.0526812,69.668755,28.38298996,70.3896904,1.032469718,170.4485865,6.511874676,298.0441284,0,99.08939362,773.8945312,9.999999747e-05,79057.60156,17.58733177,4.330225593
81.80000305,180.0526812,69.668755,28.38298996,65.59880388,1.032469718,170.4485865,6.511741161,297.9104919,0,94.86475372,745.1622314,9.999999747e-05,79095.40625,17.53989792,4.280892648
82,180.0526812,69.668755,23.70394885,57.59156488,0.844747951,170.4485865,6.514281273,299.8914795,0,90.69522095,223.5486603,777.9129028,79131.1875,15.94304562,4.065589787
82.19999695,180.0526812,85.15070056,28.38298996,70.3896904,1.032469718,139.4579344,6.501352787,299.8283386,0,85.4938736,904.6340942,77.79129028,79164.38281,17.43609238,4.762036409
82.40000153,180.0526812,75.52088696,28.38298996,63.54271087,0.9168931404,170.4485865,6.495106697,299.5551758,0,85.52333832,938.921875,7.779129028,79201.25,16.49298859,4.448696181
82.59999847,180.0526812,69.668755,28.38298996,64.96826406,1.032469718,170.4485865,6.493850231,299.2561035,0,87.97969055,913.723877,0.7779129148,79237.00781,17.52959251,4.218859099
82.80000305,180.0526812,85.15070056,28.38298996,68.46338456,1.032469718,170.4485865,6.485289097,299.0047302,0,90.94374084,870.90979,0.0777912885,79277.86719,17.44830132,4.723531305
83,180.0526812,85.15070056,28.38298996,70.3896904,1.032469718,170.4485865,6.479897976,298.7241516,0,97.37207031,833.5280762,0.00777912885,79320.04688,17.46776962,4.665277082
83.19999695,180.0526812,85.15070056,28.38298996,61.86788695,0.9436570581,170.4485865,6.477938175,298.4276428,0,105.9231186,776.2977905,0.0007779129082,79363.99219,16.64496422,4.604245094
83.40000153,180.0526812,85.15070056,28.38298996,70.3896904,1.032469718,170.4485865,6.4792943,298.1636963,0,115.2569962,703.2540283,9.999999747e-05,79409.9375,17.48016548,4.593205593
83.59999847,180.0526812,69.668755,28.38298996,70.3896904,1.032469718,160.4046662,6.491073132,297.8997192,0,124.0485458,630.4609375,9.999999747e-05,79451.32812,17.58486366,4.072183485
83.80000305,180.0526812,82.12147257,28.38298996,65.17906335,1.032469718,170.4485865,6.495875359,299.5508118,0,128.1049042,189.1382904,663.734314,79498.75,17.46616173,4.41125387
84,180.0526812,85.15070056,28.38298996,70.3896904,1.032469718,170.4485865,6.498855591,299.2520447,0,130.2967987,756.9871826,66.37343597,79547.10938,17.49010468,4.435873844
84.19999695,180.0526812,73.7700148,28.38298996,62.77095227,1.032469718,170.4485865,6.507987022,298.8760681,0,131.2801666,699.6794434,6.637343407,79592.6875,17.50673676,4.132132352
84.40000153,180.0526812,69.668755,28.38298996,70.3896904,1.032469718,170.4485865,6.51761198,298.5369873,0,128.5849457,619.159729,0.6637343168,79636.64844,17.59630013,3.994202092
84.59999847,180.0526812,81.23336548,23.22244633,60.12421299,0.844747951,170.4485865,6.522370338,298.2851257,0,122.0577087,537.8536377,0.06637343019,79681.70312,15.91374874,4.177902447
84.80000305,180.0526812,69.668755,28.38298996,70.3896904,1.032469718,170.4485865,6.526660919,298.0870361,0,113.6446762,473.6421509,0.006637343206,79722.8125,17.59172058,4.077837472
85,180.0526812,69.668755,28.38298996,70.3896904,1.032469718,170.4485865,6.526675701,297.9052124,0,103.5015411,417.8799438,0.0006637343322,79761.82031,17.58103943,4.04605385
85.19999695,180.0526812,76.94948178,27.21683303,70.3896904,1.032469718,170.4485865,6.519453049,299.0201721,0,93.36502838,125.3639832,441.8638306,79800.375,17.54093552,4.222032336
85.40000153,180.0526812,85.15070056,28.38298996,70.3896904,1.032469718,170.4485865,6.503293514,298.8587341,0,86.12758636,507.8341064,44.18638229,79839.64062,17.46102333,4.444997235
85.59999847,180.0526812,85.15070056,28.38298996,70.3896904,1.032469718,170.4485865,6.488716602,298.6344299,0,85.36010742,482.0318909,4.418638229,79878.89062,17.46257019,4.477003695
85.80000305,180.0526812,85.15070056,26.92277217,68.70512744,1.032469718,170.4485865,6.479418755,298.4371338,0,90.38964081,438.0625,0.4418638349,79919.05469,17.47439384,4.433770708
86,180.0526812,85.15070056,28.38298996,70.3896904,1.032469718,139.4579344,6.474686146,298.2996216,0,99.12595367,395.4697876,0.04418638349,79955.10156,17.45340538,4.551162632
86.19999695,180.0526812,69.668755,28.38298996,62.54620937,1.032469718,170.4485865,6.482006073,298.1221619,0,109.7572784,365.8987732,0.004418638069,79995.34375,17.52383423,4.003601421
86.40000153,180.0526812,69.668755,28.38298996,64.38476111,1.032469718,170.4485865,6.491065502,297.9606934,0,117.4357452,316.9422913,0.0004418638127,80037.16406,17.54523087,3.975913529
86.59999847,180.0526812,69.668755,28.38298996,70.3896904,1.032469718,170.4485865,6.501112461,297.84729,0,121.5232849,267.1491089,9.999999747e-05,80079.95312,17.60389709,4.04102656
86.80000305,180.0526812,70.32704073,28.22553957,70.3896904,0.9623952287,170.4485865,6.510250568,298.5832825,0,121.5942764,80.14473724,291.3505249,80122.82812,17.01433182,4.085261368
87,180.0526812,85.15070056,28.38298996,70.3896904,1.032469718,160.6737704,6.509212971,298.5475769,0,118.016243,329.1874695,29.13505363,80167.03906,17.49443817,4.587639029
87.19999695,180.0526812,85.15070056,28.38298996,66.61042823,1.032469718,170.4485865,6.507374763,298.4494629,0,114.8837662,333.2214966,2.913505316,80212.70312,17.46956825,4.613137317
87.40000153,180.0526812,85.15070056,28.38298996,70.3896904,1.032469718,170.4485865,6.505327702,298.3742981,0,112.4566498,320.1713562,0.2913505137,80258.03125,17.50415421,4.67492713
87.59999847,180.0526812,77.12424209,28.38298996,70.3896904,1.032469718,170.4485865,6.507510662,298.288147,0,110.8464203,311.8296204,0.02913505211,80300.8125,17.55939674,4.409700284
87.80000305,180.0526812,69.668755,28.38298996,65.73209083,1.032469718,170.4485865,6.512591362,298.181366,0,108.3484726,296.7082214,0.002913505305,80340.9375,17.56830978,4.109020773
88,180.0526812,69.668755,28.38298996,61.22606659,1.032469718,170.4485865,6.515216351,298.0769043,0,103.822197,271.3283386,0.0002913505305,80380.10938,17.52230263,4.075898828
88.19999695,180.0526812,75.41035154,25.09906053,66.45408291,1.032469718,170.4485865,6.51390934,297.965271,0,98.26322937,242.8830109,9.999999747e-05,80419.03906,17.56480408,4.032630586
88.40000153,180.0526812,69.668755,28.38298996,70.3896904,1.032469718,170.4485865,6.510592461,297.866333,0,93.23209381,208.0434418,9.999999747e-05,80455.88281,17.58432961,3.973231378
88.59999847,180.0526812,73.34637946,28.00765274,70.3896904,1.032469718,170.4485865,6.503846645,298.4611816,0,89.52190399,62.41303253,236.5605774,80492.76562,17.56145668,4.044000132
88.80000305,180.0526812,85.15070056,28.38298996,70.3896904,1.032469718,170.4485865,6.490541935,298.3982239,0,88.51481628,263.3640137,23.65605736,80532.65625,17.47989845,4.421567552
89,180.0526812,69.668755,27.34922435,57.59156488,1.032469718,170.4485865,6.48979044,298.2630005,0,92.84002686,254.4833221,2.365605831,80569.00781,17.4874649,3.889568034
89.19999695,180.0526812,69.668755,28.38298996,70.25871139,1.032469718,170.4485865,6.490818977,298.1507263,0,97.40367126,223.2294617,0.2365605831,80606.53906,17.59156227,3.964735073
89.40000153,180.0526812,77.26805153,27.65983746,64.73384316,1.032469718,159.4904084,6.490091324,298.0671997,0,101.5902863,195.3730621,0.02365605719,80644.67188,17.49987221,4.183197432
89.59999847,180.0526812,69.668755,26.91611126,70.3896904,1.032469718,154.0885858,6.495548725,297.9749146,0,106.0794296,173.0531616,0.002365605906,80680.33594,17.60476112,3.865812898
89.80000305,180.0526812,69.668755,28.38298996,58.05109014,1.032469718,170.4485865,6.500789165,297.9075623,0,108.3597794,144.359726,0.000236560576,80720.16406,17.49776649,3.985689244
90,180.0526812,69.668755,28.38298996,57.59156488,0.9865186738,139.4579344,6.50665617,298.3203735,0,108.564476,43.30791473,159.9809723,80753.71094,17.08394814,4.048891839
90.19999695,180.0526812,85.15070056,26.36708187,70.3896904,1.032469718,139.4579344,6.504342079,298.3181458,0,106.4194565,182.770462,15.99809647,80790.74219,17.51109505,4.483489359
90.40000153,180.0526812,71.91640641,28.38298996,66.75675639,1.032469718,170.4485865,6.507214546,298.2458496,0,105.2290268,190.916153,1.599809647,80830.5625,17.5676384,4.126211563
90.59999847,180.0526812,85.15070056,23.80557396,70.3896904,1.032469718,170.4485865,6.505320549,298.1893616,0,102.8463745,177.9170227,0.1599809676,80872.82812,17.57095718,4.361815795
90.80000305,180.0526812,84.18051887,23.22244633,68.07719294,1.02343084,139.4579344,6.503903866,298.1370239,0,101.2536316,168.1974182,0.01599809714,80908.02344,17.46211624,4.269852862
91,180.0526812,69.668755,28.38298996,62.97066791,1.032469718,170.4485865,6.505748272,298.0679932,0,100.210701,157.6583405,0.001599809621,80946.25,17.54626083,4.015572389
91.19999695,180.0526812,69.668755,24.76641045,57.59156488,1.032469718,153.7346687,6.512624264,297.985199,0,98.42077637,139.3785706,0.0001599809621,80979.96875,18.03483772,3.562337357
91.40000153,180.0526812,78.4325237,25.68101864,64.7278823,1.011717475,170.4485865,6.505734444,297.9555969,0,93.8744812,113.8812866,9.999999747e-05,81018.80469,17.35886383,4.025316704
91.59999847,180.0526812,69.668755,25.99847405,60.63089564,1.032469718,170.4485865,6.504982948,297.8992004,0,92.14538574,103.7338638,9.999999747e-05,81054.86719,17.54920959,3.837392386
91.80000305,180.0526812,82.53676097,25.3104442,57.59156488,1.032469718,139.4579344,6.5104599,298.2281494,0,90.65265656,31.12015915,133.4185638,81087.65625,18.02603912,3.106018577
92,180.0526812,84.43659718,28.38298996,70.3896904,1.032469718,170.4485865,6.490186691,298.2592468,0,86.96838379,141.2510223,13.341856,81127.03125,17.50316429,4.081892323
92.19999695,180.0526812,69.668755,28.38298996,70.3896904,1.032469718,170.4485865,6.489061356,298.1863098,0,91.49767303,158.0730896,1.3341856,81163.24219,17.60452843,3.973378892
92.40000153,180.0526812,71.37290022,27.22894322,70.3896904,1.032469718,170.4485865,6.490579128,298.1199646,0,96.33203125,142.3952789,0.13341856,81200.75781,17.61527252,3.987405284
92.59999847,180.0526812,85.15070056,23.84946276,70.3896904,1.032469718,170.4485865,6.489602089,298.0832825,0,100.6117859,127.0458908,0.01334185619,81242.5,17.57855797,4.341639872
92.80000305,180.0526812,85.15070056,25.11846044,68.75629498,1.032469718,151.2776997,6.489172459,298.0490417,0,105.2990189,119.3874817,0.001334185596,81281.4375,17.53383255,4.345114645
93,180.0526812,70.56010342,23.38438899,57.59156488,1.032469718,170.4485865,6.502269745,297.9629822,0,110.1483231,110.9695053,0.0001334185654,81320.84375,18.05553055,3.4745881
93.19999695,180.0526812,69.668755,23.22244633,67.6179276,1.032469718,170.4485865,6.509026051,297.9058838,0,109.7160568,83.37901306,9.999999747e-05,81359.78906,17.66320229,3.384322164
93.40000153,180.0526812,71.28952659,24.79225739,67.22796351,1.032469718,151.0712867,6.513560772,298.1331787,0,106.6454773,25.0137043,97.82144928,81394.76562,17.60956192,3.718469275
93.59999847,180.0526812,85.15070056,28.38298996,70.3896904,1.032469718,170.4485865,6.50496912,298.1140137,0,101.7478561,100.3251877,9.782144547,81437.125,17.51384163,4.336316868
93.80000305,180.0526812,85.15070056,23.22244633,70.3896904,1.032469718,170.4485865,6.50047636,298.0567322,0,100.3228683,97.00711823,0.9782144427,81478.27344,17.58153534,4.070029992
94,180.0526812,75.41513483,23.22244633,70.3896904,1.032469718,170.4485865,6.501142979,297.9857483,0,100.6395874,81.65808105,0.09782144427,81516.77344,17.63961029,3.7096266
94.19999695,180.0526812,82.86632752,23.22244633,66.28015912,1.032469718,170.4485865,6.497932434,297.9429932,0,100.6857758,59.72969818,0.0097821448,81557.34375,17.56322861,3.954574529
94.40000153,180.0526812,69.668755,27.58425279,66.964685,1.032469718,147.9599038,6.499103069,298.0953064,0,102.0454788,17.91890907,66.210289,81590.71875,17.57429886,3.738006192
94.59999847,180.0526812,80.40889054,28.38298996,70.3896904,1.032469718,139.4579344,6.493741512,298.0766296,0,102.9101715,68.65175629,6.6210289,81625.53125,17.51795197,4.077693959
94.80000305,180.0526812,85.15070056,26.92025895,70.3896904,1.032469718,170.4485865,6.489451885,298.0451355,0,105.9549026,64.63092041,0.6621028781,81668.48438,17.5421505,4.214291081
95,180.0526812,69.668755,24.06557302,63.0920929,1.032469718,139.4579344,6.497243881,297.9855652,0,110.6910782,56.78820038,0.06621029228,81701.25,17.59054375,3.525648706
95.19999695,180.0526812,76.03425461,28.38298996,68.96647738,1.032469718,170.4485865,6.497632504,297.951416,0,112.2743149,38.16616058,0.006621028762,81743.17188,17.56929779,3.917872434
95.40000153,180.0526812,80.15898446,24.51220039,70.3896904,1.032469718,150.5538786,6.500148773,297.928772,0,113.7650452,26.28547859,0.0006621028879,81781.82031,17.59478378,3.891320767
95.59999847,180.0526812,78.14351072,24.4027393,69.781924,1.002085259,170.4485865,6.5045681,298.0120239,0,114.2185974,7.885643959,38.78013992,81824.14062,17.37050819,3.881288954
95.80000305,180.0526812,73.80516833,27.3864675,70.3896904,1.032469718,170.4485865,6.508514404,297.9927368,0,112.9048538,34.10713196,3.878014088,81865.57031,17.62120056,3.92146929
96,180.0526812,79.98392884,24.51821874,67.44237869,1.032469718,170.4485865,6.51002121,297.9709167,0,110.0202942,27.28217316,0.3878014088,81907.60156,17.5965519,3.980818979
96.19999695,180.0526812,79.76345012,28.38298996,66.55473065,1.032469718,170.4485865,6.50655365,297.963501,0,106.5395813,19.62559319,0.03878014162,81949.49219,17.53530884,4.133172845
96.40000153,180.0526812,69.668755,26.49890981,57.59156488,1.032469718,170.4485865,6.524941921,297.9103394,0,104.4543686,16.13592339,0.003878014162,81987.77344,18.01507759,2.170190337
96.59999847,180.0526812,85.15070056,28.38298996,70.3896904,1.032469718,139.4579344,6.504488468,298.0983276,0,94.92620087,4.84077692,48.164608,82022.17969,17.49784088,3.572499256
96.80000305,180.0526812,77.17586215,27.92530202,70.3896904,1.032469718,170.4485865,6.496798038,298.0601501,0,93.77677917,66.73383331,4.816460609,82060.36719,17.57600212,3.945417461
97,180.0526812,69.668755,28.38298996,57.59156488,1.032469718,139.4579344,6.505647182,297.9963379,0,95.53739929,55.83967209,0.4816460609,82090.60938,17.97266769,2.702595673
97.19999695,180.0526812,85.15070056,23.22244633,66.83992873,0.9782302671,170.4485865,6.490789413,297.9963989,0,93.74481201,36.37441254,0.04816460609,82129.96875,17.10503387,3.585952054
97.40000153,180.0526812,69.668755,28.38298996,57.59156488,1.032469718,139.4579344,6.507526875,297.9318542,0,98.02600861,36.72689438,0.004816460889,82160.60156,17.96656036,1.952672088
97.59999847,180.0526812,85.15070056,25.49402814,70.3896904,1.032469718,139.4579344,6.489608288,298.1609497,0,95.43276215,11.01806831,69.72382355,82194.23438,17.53793335,3.320905501
97.80000305,180.0526812,78.3776045,26.5877928,70.3896904,1.032469718,170.4485865,6.486395836,298.1045532,0,100.2217789,87.98667145,6.972382545,82233.5625,17.59568596,3.87862487
98,180.0526812,69.668755,23.22244633,70.3896904,1.032469718,170.4485865,6.492766857,298.0151978,0,106.1365814,72.84550476,0.6972382665,82271.11719,17.6957283,3.403096143
98.19999695,180.0526812,76.02035874,23.22244633,57.59156488,1.032469718,170.4485865,6.509610653,297.9362488,0,109.5186462,46.35936737,0.06972382963,82311.10156,18.01721382,2.39212986
98.40000153,180.0526812,85.15070056,28.38298996,70.3896904,1.032469718,170.4485865,6.496404648,298.1240234,0,106.1595001,13.90781021,60.45793533,82353.74219,17.54096413,3.492945252
98.59999847,180.0526812,69.668755,28.38298996,70.3896904,1.032469718,139.4579344,6.498343468,298.0639954,0,108.2148209,76.89891052,6.045793533,82386.1875,17.60445595,3.62474551
98.80000305,180.0526812,84.51592985,24.74396032,67.67541595,1.032469718,170.4485865,6.496205807,298.009491,0,109.3487778,59.43374634,0.6045793295,82428.71094,17.57530785,3.936101965
99,180.0526812,77.36775365,23.22244633,57.59156488,1.032469718,170.4485865,6.517589092,297.9281921,0,111.3996811,43.47573471,0.06045793369,82469.5,18.02003098,1.957269562
99.19999695,180.0526812,69.668755,27.50769443,70.3896904,1.032469718,139.4579344,6.510333538,298.1280518,0,104.8070145,13.04272079,68.6056366,82501.21875,17.62338257,2.974377649
99.40000153,180.0526812,85.15070056,28.38298996,70.3896904,1.032469718,170.4485865,6.502102852,298.0977173,0,101.2857895,79.91523743,6.860563278,82543.03906,17.54894066,4.230506025
99.59999847,180.0526812,71.89208703,28.38298996,70.3896904,1.032469718,139.4579344,6.500549793,298.0374146,0,100.9684067,72.75800323,0.6860563755,82574.80469,17.59718895,3.739524903
99.80000305,180.0526812,80.63663043,23.22244633,61.995394,1.032469718,170.4485865,6.498199463,297.973938,0,101.2472839,55.83771896,0.06860563159,82614.47656,17.57072449,3.723232976
100,180.0526812,69.668755,25.9733191,69.76621813,1.032469718,164.2547237,6.501652718,297.9250183,0,102.4901581,35.79616165,0.006860563532,82650.83594,17.66760635,3.597097092
100.1999969,180.0526812,85.15070056,23.22244633,70.3896904,1.032469718,170.4485865,6.498630524,298.0334167,0,102.3302917,10.73884869,49.59675217,82692.19531,17.62261009,3.951616683
100.4000015,180.0526812,80.86046216,28.38298996,70.3896904,1.032469718,170.4485865,6.49351263,298.0065918,0,103.4190598,45.68797302,4.959675312,82733.47656,17.57956314,4.01243842
100.5999985,180.0526812,81.88919381,25.08537278,67.58703167,1.032469718,170.4485865,6.493381977,297.9717712,0,106.541069,36.87934494,0.4959675074,82775.27344,17.60313606,3.955756706
100.8000031,180.0526812,78.16820664,23.46588121,62.58369272,1.032469718,170.4485865,6.498939991,297.9370728,0,109.6923599,25.30527878,0.04959675297,82816.58594,17.61486435,3.829250588
101,180.0526812,69.668755,24.74042584,70.3896904,1.032469718,139.4579344,6.507941723,298.009552,0,110.6176987,7.591583252,39.59052277,82849.57812,17.68763924,3.581344196
101.1999969,180.0526812,85.15070056,23.22244633,70.3896904,1.032469718,139.4579344,6.508228302,298.0004578,0,107.9491959,30.50543785,3.959052086,82886.03125,17.61428833,4.037644977
101.4000015,180.0526812,84.47753445,28.38298996,70.3896904,1.032469718,158.4718753,6.503543377,297.994751,0,105.2058258,27.17728043,0.3959051967,82926.60938,17.56703377,4.2898373
101.5999985,180.0526812,79.95560341,23.22244633,70.3896904,1.032469718,170.4485865,6.505446911,297.9624023,0,104.3246689,25.29553032,0.03959052265,82967.3125,17.67216873,3.875688034
101.8000031,180.0526812,85.15070056,24.62315763,62.39451632,1.032469718,170.4485865,6.502920628,297.9517822,0,102.6446609,13.9797287,0.003959052265,83009.39062,17.55651665,4.145206239
102,180.0526812,69.668755,26.5900917,57.59156488,1.032469718,164.385233,6.541316032,297.8863525,0,102.0107651,9.144572258,0.0003959051974,83046.24219,18.057127,0.5416291072
102.1999969,180.0526812,69.668755,23.84907528,70.08764977,1.032469718,139.4579344,6.522174358,298.0670166,0,85.87039948,2.743371725,48.83423996,83073.85156,17.69043159,2.605658837
102.4000015,180.0526812,85.15070056,27.15533276,70.3896904,1.032469718,139.4579344,6.505205154,298.0692749,0,77.70639801,61.30007553,4.883424282,83104.60938,17.55022621,4.323272554
102.5999985,180.0526812,85.15070056,23.22244633,70.3896904,1.032469718,139.4579344,6.491952419,298.0469971,0,76.13881683,63.23365784,0.4883424044,83134.32812,17.60088921,4.114294256
102.8000031,180.0526812,81.03063943,28.38298996,62.15891454,1.032469718,139.4579344,6.479735851,298.0314941,0,79.86695099,58.13378143,0.04883424193,83164.59375,17.48844147,4.208455728
103,180.0526812,70.87061882,28.38298996,57.59156488,1.032469718,139.4579344,6.511229038,297.9398804,0,88.49035645,54.71487808,0.004883423913,83193.79688,18.00460052,0.3975613961
103.1999969,180.0526812,69.668755,23.90927633,70.3896904,1.032469718,142.8039309,6.4932971,298.217865,0,84.37632751,16.41446304,90.35791779,83221.44531,17.6965313,2.542866222
103.4000015,180.0526812,81.68194646,28.38298996,63.44592249,1.032469718,170.4485865,6.484749794,298.1817627,0,87.73716736,110.7578049,9.035791397,83259.53125,17.53387451,4.203435842
103.5999985,180.0526812,69.668755,28.38298996,58.92092015,1.032469718,170.4485865,6.511726379,298.0706787,0,94.32791901,104.390274,0.9035791755,83295.67188,18.05166626,1.209109444
103.8000031,180.0526812,85.15070056,24.38363797,70.3896904,1.032469718,170.4485865,6.492193699,298.0932922,0,90.04145813,73.1539917,0.09035791457,83334.39844,17.62982368,3.262036233
104,180.0526812,78.16244849,23.22244633,70.3896904,1.032469718,140.4099974,6.493426323,298.041687,0,93.83444214,84.43226624,0.00903579127,83365.67969,17.66860008,3.852787471
104.1999969,180.0526812,80.36501283,24.86889636,67.85506076,1.032469718,146.2187626,6.493823051,298.0064697,0,96.9172821,69.9630127,0.0009035791736,83399.82031,17.62374306,4.042461925
104.4000015,180.0526812,83.36436655,23.22244633,65.30783958,1.032469718,139.4579344,6.495061398,297.9759216,0,99.91062164,59.76159668,9.999999747e-05,83433.80469,17.60255814,4.046791304
104.5999985,180.0526812,82.0711116,25.75446654,70.3896904,1.032469718,160.4454967,6.495799065,297.9483948,0,102.4033432,49.72794342,9.999999747e-05,83472.8125,17.64121437,4.129015524
104.8000031,180.0526812,85.15070056,28.38298996,67.59145347,1.032469718,139.4579344,6.493824482,298.1088867,0,104.6052246,14.9183836,60.66979218,83509.39062,17.55038261,4.362353416
105,180.0526812,78.46360528,23.22244633,58.25100101,1.032469718,170.4485865,6.524457455,298.0397949,0,107.6041718,68.55714417,6.066978931,83550.28125,18.09836769,1.602903548
105.1999969,180.0526812,85.15070056,28.38298996,70.3896904,1.032469718,170.4485865,6.507047176,298.0847473,0,98.23443604,47.60350037,0.606697917,83591.96875,17.60023689,3.3087717
105.4000015,180.0526812,81.65111064,23.22244633,70.3896904,1.032469718,153.6896172,6.506201267,298.0393066,0,96.09068298,65.12140656,0.06066979095,83627.83594,17.67059517,3.938064557
105.5999985,180.0526812,81.74550668,23.22244633,69.08979086,1.032469718,170.4485865,6.504498959,297.9970398,0,94.0771637,52.28668976,0.006066978909,83666.83594,17.67463303,3.946369077
105.8000031,180.0526812,75.86696123,24.04762272,68.43738397,1.032469718,139.4579344,6.504388809,297.9586487,0,92.8004837,39.51329803,0.0006066979258,83697.70312,17.66411972,3.723916032
106,180.0526812,69.668755,23.50180241,67.81638827,1.032469718,139.4579344,6.507909775,297.9169617,0,91.55992889,26.48047447,9.999999747e-05,83726.57812,17.70658875,3.496997279
106.1999969,180.0526812,85.15070056,23.22244633,70.3896904,1.032469718,139.4579344,6.502213955,298.0295105,0,88.90419006,7.944142342,46.00705719,83759.21875,17.63861656,4.076741195
106.4000015,180.0526812,77.08963037,28.38298996,70.3896904,1.032469718,170.4485865,6.496937275,298.0125122,0,88.56854248,43.97832108,4.600705624,83796.86719,17.64933586,4.069016123
106.5999985,180.0526812,79.31685437,25.97980223,70.3896904,1.032469718,139.4579344,6.494105339,297.9942627,0,90.31269073,38.36965179,0.4600705504,83828.76562,17.64413834,4.038055307
106.8000031,180.0526812,85.15070056,23.22244633,70.3896904,1.032469718,139.4579344,6.492405891,297.9819031,0,93.18289948,32.67830658,0.04600705579,83862.47656,17.65067482,4.144421605
107,180.0526812,85.15070056,23.22244633,61.78901404,1.032469718,170.4485865,6.49241972,297.961853,0,96.73709869,28.32771111,0.004600705579,83903.3125,17.60898018,4.155070327
107.1999969,180.0526812,73.11920228,23.22244633,66.01027114,1.032469718,170.4485865,6.500574112,297.9222107,0,100.2836761,20.83287048,0.0004600705579,83941.51562,17.72708511,3.709774994
107.4000015,180.0526812,69.668755,23.68953497,68.081189,1.016111158,156.6398519,6.510135651,297.9962158,0,100.5473251,6.24986124,43.28513718,83976.02344,17.61216354,3.615968915
107.5999985,180.0526812,85.15070056,27.97266823,70.3896904,1.032469718,170.4485865,6.505716324,298.0047302,0,97.00782013,29.16974449,4.328513622,84017.79688,17.63033104,4.474335109
107.8000031,180.0526812,69.668755,28.38298996,66.02532231,1.032469718,145.8210792,6.509179115,297.9817505,0,95.28643036,31.40949631,0.4328513741,84049.85156,17.66366577,3.901903135
108,180.0526812,80.91170187,23.22244633,70.3896904,0.9723572123,170.4485865,6.508599758,297.9585266,0,92.10923767,23.59160995,0.04328513518,84088.51562,17.20676231,4.037243789
108.1999969,180.0526812,85.15070056,23.22244633,70.3896904,1.032469718,139.4579344,6.50428009,297.9546814,0,89.20236206,15.06934643,0.004328513518,84121.36719,17.65917587,4.167456323
108.4000015,180.0526812,85.15070056,23.22244633,69.83612882,1.032469718,139.4579344,6.499552727,297.9507446,0,88.0226593,12.35995865,0.0004328513751,84153.9375,17.65360069,4.142486736
108.5999985,180.0526812,83.53133059,23.22244633,68.973852,1.032469718,139.4579344,6.496261597,297.943512,0,88.72315979,9.327503204,9.999999747e-05,84186.16406,17.65702248,4.057618985
108.8000031,180.0526812,85.15070056,25.70144736,70.3896904,1.032469718,139.4579344,6.491553783,298.0034485,0,90.73415375,2.798251152,21.80955696,84219.71094,17.63023376,4.254012443
109,180.0526812,85.15070056,23.22244633,59.09116606,1.032469718,139.4579344,6.51474762,297.960968,0,94.63746643,21.41716766,2.180955648,84253.64062,18.08759689,1.826263165
109.1999969,180.0526812,84.59797278,23.22244633,70.3896904,1.032469718,139.4579344,6.499771118,298.016449,0,89.16732788,6.439891815,0.2180955559,84286.11719,17.66742516,3.030881923
109.4000015,180.0526812,69.668755,23.98109782,60.88237254,1.032469718,139.4579344,6.516648769,297.9633789,0,89.90216827,24.44005966,0.02180955559,84314.625,18.08307266,2.45793135
109.5999985,180.0526812,85.15070056,26.87731957,70.3896904,1.032469718,170.4485865,6.501413822,298.0014954,0,83.65940857,6.323530197,0.002180955606,84353.05469,17.64504814,3.714122085
109.8000031,180.0526812,85.15070056,23.22244633,70.32215833,1.032469718,139.4579344,6.495747566,297.9977417,0,83.71783447,18.4975605,0.0002180955635,84384.46875,17.66627693,4.185165539
110,180.0526812,69.668755,24.03287452,57.59156488,1.032469718,139.4579344,6.523050785,297.9384155,0,85.90872955,16.9817028,9.999999747e-05,84412.15625,18.07082748,1.297557746
110.1999969,180.0526812,78.66893736,24.21449587,70.3896904,1.032469718,139.4579344,6.506822109,298.1061401,0,77.10079193,5.094510555,46.17554855,84440.49219,17.69513512,2.680344206
110.4000015,180.0526812,85.15070056,27.34049314,70.3896904,1.032469718,139.4579344,6.49369669,298.1183472,0,75.03249359,61.10379028,4.617555141,84470.78125,17.61507607,4.475651815
110.5999985,180.0526812,75.19214632,26.15652301,70.3896904,1.032469718,139.4579344,6.490108013,298.0975342,0,78.0650177,68.02940369,0.4617554843,84498.77344,17.69960022,4.051203395
110.8000031,180.0526812,78.07348274,24.93331989,70.3896904,1.032469718,139.4579344,6.489339828,298.0838318,0,82.51165771,65.19543457,0.04617555067,84528.46875,17.70766068,4.166235585
111,180.0526812,72.43105238,23.22244633,66.716011,1.032469718,139.4579344,6.494735241,298.0437012,0,87.28684998,64.28045654,0.004617555067,84557.1875,17.73478127,3.751754061
111.1999969,180.0526812,69.76447446,23.28000637,63.30153096,1.032469718,139.4579344,6.502524376,298.0006714,0,89.89267731,53.68796539,0.0004617554951,84585.75781,17.72589302,3.642644848
111.4000015,180.0526812,76.46360175,27.89432472,70.3896904,1.032469718,170.4485865,6.501535416,297.9766235,0,89.39466095,40.77684402,9.999999747e-05,84623.35156,17.70803642,4.134751065
111.5999985,180.0526812,85.15070056,26.10985217,70.3896904,1.032469718,148.5307711,6.497840405,297.9769897,0,89.32873535,32.83032227,9.999999747e-05,84658.75781,17.66310883,4.443153829
111.8000031,180.0526812,69.668755,24.28398772,57.59156488,1.032469718,162.3987913,6.530250549,297.9109192,0,90.72148895,32.2567482,9.999999747e-05,84692.64844,18.11970901,1.195950053
112,180.0526812,85.15070056,23.22244633,70.3896904,1.032469718,139.4579344,6.511489391,298.1418152,0,79.02313232,9.677024841,69.98421478,84723.36719,17.68253326,2.649117756
112.1999969,180.0526812,85.15070056,28.38298996,70.3896904,1.032469718,139.4579344,6.497276306,298.1455688,0,75.11267853,86.49570465,6.998421192,84754.13281,17.61403465,4.465159103
112.4000015,180.0526812,70.13575766,24.26665283,63.7269549,1.032469718,170.4485865,6.497135639,298.0895691,0,76.70879364,91.37180328,0.6998420954,84786.72656,17.74090195,3.703869021
112.5999985,180.0526812,75.32459581,28.38298996,70.3896904,1.032469718,139.4579344,6.491316795,298.0584717,0,78.32955933,77.48337555,0.06998421252,84815.42969,17.67963219,4.059223817
112.8000031,180.0526812,77.52911627,23.38449747,66.87078494,1.032469718,139.4579344,6.490716457,298.0170288,0,82.34156036,70.53120422,0.006998421159,84844.71875,17.70526886,3.861314167
113,180.0526812,84.5958189,23.22244633,57.59156488,1.032469718,170.4485865,6.522550106,297.9339294,0,86.55834198,58.66615295,0.0006998421159,84883.15625,18.11033249,0.5916439938
113.1999969,180.0526812,85.15070056,23.22244633,70.3896904,1.032469718,139.4579344,6.498209476,298.2147217,0,77.95192719,17.59984589,86.45457458,84913.36719,17.68606758,2.387427756
113.4000015,180.0526812,85.15070056,25.74862945,70.3896904,1.032469718,139.4579344,6.489855289,298.1982117,0,79.36986542,112.613472,8.645457268,84944.27344,17.65867424,4.263963611
113.5999985,180.0526812,73.08186849,24.60242554,70.3896904,1.032469718,170.4485865,6.491622448,298.1245422,0,83.89725494,112.8716812,0.8645457029,84978.85938,17.77840233,3.707435504
113.8000031,180.0526812,81.10425159,23.82247776,70.3896904,1.032469718,139.4579344,6.491889954,298.0774536,0,87.73577118,95.00520325,0.08645457029,85010.03906,17.7178154,3.987075829
114,180.0526812,85.15070056,23.86700201,57.59156488,1.032469718,139.4579344,6.521983147,297.9951172,0,91.50463867,83.98344421,0.008645457216,85043.1875,18.0916481,1.092615365
114.1999969,180.0526812,82.80558186,23.22244633,70.3896904,0.9353390961,170.4485865,6.5021348,298.0289612,0,83.13350677,58.83692169,0.0008645456983,85080.09375,16.92142868,3.098664627
114.4000015,180.0526812,77.83468561,24.5859984,63.95336318,1.032469718,170.4485865,6.500454903,297.9810791,0,82.96096039,70.95049286,9.999999747e-05,85115.78125,17.70358467,3.90665346
114.5999985,180.0526812,78.07696784,23.22244633,68.93112825,1.032469718,139.4579344,6.500124931,297.9430542,0,83.24090576,55.26413345,9.999999747e-05,85145.03125,17.73526001,3.826376052
114.8000031,180.0526812,85.15070056,28.38298996,70.3896904,1.032469718,139.4579344,6.493093967,298.1150513,0,83.70666504,16.57923889,66.09677124,85177.50781,17.64662552,4.493497307
115,180.0526812,85.15070056,25.36751158,70.3896904,1.032469718,139.4579344,6.490396976,298.1092224,0,87.0110321,74.07358551,6.609677315,85210.14062,17.68709755,4.284843842
115.1999969,180.0526812,69.668755,23.22244633,62.92824861,1.032469718,139.4579344,6.500621319,298.0384521,0,91.35866547,75.08730316,0.6609677076,85238.85156,18.07138634,3.513162384
115.4000015,180.0526812,83.89289188,23.22244633,70.3896904,1.032469718,139.4579344,6.500314713,298.0111084,0,91.58789825,54.81068802,0.06609677523,85271.66406,17.72231102,3.79340476
115.5999985,180.0526812,85.15070056,23.22244633,70.3896904,1.032469718,170.4485865,6.499772549,297.967865,0,92.01573181,47.34421158,0.006609677337,85311.30469,17.7420063,4.011881736
115.8000031,180.0526812,85.15070056,25.36395494,70.3896904,1.032469718,164.3245105,6.49753809,297.9355469,0,92.62747955,33.05504227,0.0006609677221,85350.19531,17.70959282,4.085560141
116,180.0526812,85.15070056,23.22244633,70.3896904,1.032469718,139.4579344,6.498294353,298.0249329,0,94.13785553,9.916512489,44.83687592,85383.98438,17.71960831,3.98521307
116.1999969,180.0526812,70.03867374,28.38298996,70.3896904,1.032469718,139.4579344,6.503463268,297.9890137,0,95.33039856,38.57503128,4.483687401,85414.70312,17.74574661,3.664628797
116.4000015,180.0526812,85.15070056,25.70166315,70.3896904,1.032469718,139.4579344,6.501791,297.9664612,0,94.45050049,26.44748116,0.448368758,85449.00781,17.69026947,4.088618554
116.5999985,180.0526812,85.15070056,23.22244633,70.3896904,1.032469718,169.3813813,6.502319813,297.9328308,0,94.2762146,18.52374649,0.04483687505,85489.05469,17.75168419,3.995536217
116.8000031,180.0526812,85.15070056,24.18911505,70.3896904,1.032469718,167.7665712,6.502308846,297.9989319,0,93.86121368,5.557123661,36.40703201,85528.90625,17.74229431,4.088605503
117,180.0526812,85.15070056,23.22244633,70.3896904,1.032469718,139.4579344,6.503833294,297.9872131,0,93.4593277,26.09982109,3.640703201,85562.82031,17.73669434,4.119758246
117.1999969,180.0526812,79.30651638,26.42533256,70.3896904,1.032469718,139.4579344,6.505013466,297.964447,0,92.44094086,21.5218544,0.3640703261,85595.36719,17.72865105,4.007757787
117.4000015,180.0526812,84.80525508,27.07019175,70.3896904,1.032469718,139.4579344,6.502182961,297.9577637,0,90.9565506,13.26852036,0.03640703112,85629.32812,17.68985939,4.294570833
117.5999985,180.0526812,85.15070056,23.22244633,70.3896904,1.032469718,146.102259,6.50224638,297.9393311,0,90.61650848,9.807026863,0.003640703158,85663.98438,17.74318886,4.091923376
117.8000031,180.0526812,78.72048465,26.8456924,61.87892809,1.032469718,154.8503535,6.523810863,297.9560547,0,90.2287674,2.942107916,25.8148613,85699.14844,18.13596344,1.918429351
118,180.0526812,85.15070056,25.79269673,70.3896904,1.032469718,139.4579344,6.506282806,298.0083313,0,81.15383911,6.57583189,2.581485987,85730.76562,17.70072174,3.214264244
118.1999969,180.0526812,85.15070056,25.7118647,70.3896904,1.032469718,139.4579344,6.498196602,297.9947815,0,79.28729248,22.84509659,0.2581486106,85761.84375,17.69829559,4.175413063
118.4000015,180.0526812,85.15070056,25.90117383,70.3896904,1.032469718,139.4579344,6.491324902,297.9824524,0,80.49903107,18.08463287,0.02581486106,85793.19531,17.69838142,4.18098081
118.5999985,180.0526812,85.15070056,23.22244633,69.64585723,1.032469718,139.4579344,6.48947525,297.9639587,0,84.48571014,13.74420547,0.002581486013,85824.92969,17.73287582,4.056118432
118.8000031,180.0526812,82.85028475,23.22244633,70.3896904,1.032469718,139.4579344,6.491340637,297.9413757,0,89.19971466,6.790643692,0.0002581486187,85856.97656,17.7574234,3.94610803
119,180.0526812,69.668755,23.22244633,64.91641866,1.032469718,139.4579344,6.50270462,297.947113,0,93.17134857,2.03719306,20.65952301,85886.14844,17.80230331,3.446522668
119.1999969,180.0526812,85.15070056,23.22244633,70.3896904,1.032469718,139.4579344,6.504699707,297.9451904,0,92.57819366,0.6111579537,5.251900196,85919.63281,17.75495529,4.114879013
119.4000015,180.0526812,69.668755,23.22244633,57.71250403,0.9588838069,161.7897271,6.531705379,297.9149475,0,91.24803925,0.1833473742,13.57557297,85952.89844,17.48638725,1.577060918
119.5999985,180.0526812,85.15070056,23.22244633,70.3896904,1.032469718,139.4579344,6.519114971,298.0091553,0,79.00378418,0.05500421301,25.79060936,85983.20312,17.73694229,2.083528002
119.8000031,180.0526812,85.15070056,26.5567582,70.3896904,1.032469718,139.4579344,6.505727768,298.0010071,0,72.00541687,29.59335136,2.579061031,86012.67969,17.69519234,4.205888344
120,180.0526812,83.41995109,27.29370363,64.69790185,1.032469718,139.4579344,6.492944241,297.9883118,0,70.23789978,26.42072105,0.2579061091,86041.5,17.64828682,4.187379664
120.1999969,180.0526812,72.86596258,23.22244633,59.06014496,1.032469718,139.4579344,6.524575233,297.9131775,0,73.5793457,22.13365555,0.02579060942,86067.35156,18.0956459,0.04182801525
120.4000015,180.0526812,85.15070056,23.80840556,70.3896904,1.032469718,139.4579344,6.496275902,298.1130981,0,64.12465668,6.640096664,58.85088348,86094.53906,17.7270298,2.122679813
120.5999985,180.0526812,85.15070056,28.38298996,70.3896904,1.032469718,139.4579344,6.480708122,298.1053467,0,66.32836914,72.91586304,5.885088444,86123.00781,17.67660522,4.307048266
120.8000031,180.0526812,85.15070056,23.72338515,63.27638437,1.032469718,139.4579344,6.486927032,298.0428467,0,74.52561951,72.98305511,0.5885088444,86152.28906,18.12498283,2.642906444
121,180.0526812,79.56712475,24.35131511,66.70962936,1.032469718,139.4579344,6.481125355,298.0353699,0,80.2046051,55.43212891,0.05885088444,86181.25781,17.74111557,2.701861488
121.1999969,180.0526812,85.15070056,23.22244633,67.70232948,1.032469718,139.4579344,6.482514858,297.9918518,0,88.31339264,54.92794037,0.005885088351,86213.29688,17.73925781,3.92637044
121.4000015,180.0526812,69.668755,25.07068869,57.59156488,1.032469718,139.4579344,6.520241737,297.909729,0,95.80440521,41.29968262,0.0005885088467,86242.89062,18.08399963,0.5627841101
121.5999985,180.0526812,72.69233981,24.51381726,70.3896904,1.032469718,139.4579344,6.515887737,298.1091003,0,88.10844421,12.38990498,73.11588287,86271.53125,17.82356834,1.649134079
121.8000031,180.0526812,85.15070056,28.38298996,70.3896904,1.032469718,170.4485865,6.50802803,298.0845337,0,82.40835571,78.40040588,7.311588287,86309.57031,17.72847366,4.252045401
122,180.0526812,85.15070056,28.38298996,70.3896904,1.032469718,139.4579344,6.499351025,298.053009,0,79.72904205,72.52698517,0.731158793,86340.76562,17.6991787,4.22217285
122.1999969,180.0526812,85.15070056,23.22244633,70.3896904,1.032469718,139.4579344,6.495187283,298.0000916,0,80.51191711,64.99861145,0.07311588526,86371.21094,17.76073456,3.841298467
122.4000015,180.0526812,85.15070056,26.89067997,70.09040098,1.032469718,139.4579344,6.490071774,297.9654846,0,82.94296265,48.97137451,0.007311588153,86402.99219,17.71885681,4.072668589
122.5999985,180.0526812,85.15070056,23.22244633,70.3896904,1.032469718,139.4579344,6.490749836,297.925354,0,87.4376297,37.43029022,0.000731158827,86435.21094,17.77451324,3.889652955
122.8000031,180.0526812,73.97919751,25.65039529,58.0051594,1.032469718,139.4579344,6.524235725,297.9936829,0,91.63918304,11.22908688,55.7452774,86465.67969,18.09616089,0.7782642456
123,180.0526812,85.15070056,23.50070664,70.3896904,1.032469718,170.4485865,6.5105896,298.0279541,0,82.3571701,32.3028183,5.57452774,86503.17969,17.79789734,1.862650844
123.1999969,180.0526812,85.15070056,28.35334175,70.3896904,1.032469718,139.4579344,6.501904964,298.0059204,0,78.79330444,43.37779617,0.5574527383,86534.51562,17.71379852,4.211022272
123.4000015,180.0526812,75.20951288,23.22244633,57.59156488,1.032469718,139.4579344,6.52946806,297.9312439,0,78.53611755,36.56369019,0.05574527383,86562.14844,18.10029602,0.8044034083
123.5999985,180.0526812,85.15070056,23.22244633,70.3896904,1.032469718,170.4485865,6.508338928,298.1238708,0,67.15070343,10.96910667,67.20775604,86596.33594,17.79594803,1.751555524
123.8000031,180.0526812,85.15070056,28.38298996,70.3896904,1.032469718,139.4579344,6.491063595,298.096344,0,64.49256897,75.41387177,6.720775604,86624.32812,17.69982529,4.059542684
124,180.0526812,85.15070056,26.28678297,70.3896904,1.032469718,139.4579344,6.478889465,298.0462341,0,68.57622528,69.11882019,0.6720775962,86652.78906,17.72847176,3.897545683
124.1999969,180.0526812,85.15070056,24.73472529,65.13795239,1.032469718,139.4579344,6.472737789,297.9847412,0,77.52516937,55.64926147,0.06720775366,86682.71094,17.70746613,3.692619083
124.4000015,180.0526812,85.15070056,23.22244633,65.99426936,1.032469718,139.4579344,6.474538803,297.9294128,0,88.93123627,36.54278183,0.006720775738,86714.85938,17.7491684,3.657508534
124.5999985,180.0526812,69.668755,23.22244633,57.59156488,1.032469718,139.4579344,6.49497509,297.9797974,0,99.61006165,10.96283436,51.87957001,86744.77344,18.05391502,3.186270639
124.8000031,180.0526812,85.15070056,26.15536165,70.3896904,1.032469718,170.4485865,6.498293877,297.9766846,0,102.0788116,26.10996628,5.18795681,86786.36719,17.78569412,1.670566336
125,180.0526812,85.15070056,23.61100867,69.91111361,1.032469718,170.4485865,6.503808498,297.9092407,0,103.3356781,23.90082169,0.5187957287,86827.69531,17.81679535,3.564365763
125.1999969,180.0526812,85.15070056,24.88435752,70.3896904,1.032469718,139.4579344,6.507529736,298.0099792,0,102.3248825,7.170246124,61.51485825,86862.66406,17.7778759,3.609681174
125.4000015,180.0526812,74.62754232,24.13396481,70.3896904,1.032469718,170.4485865,6.516671181,297.9348145,0,99.83844757,39.0326004,6.151485443,86900.52344,17.87646484,3.218209428
125.5999985,180.0526812,80.9060186,26.45644479,70.3896904,1.032469718,139.4579344,6.51777935,298.1279297,0,93.67190552,11.70978069,99.80374146,86932.96094,17.78572273,3.621277419
125.8000031,180.0526812,85.15070056,28.38298996,70.3896904,1.032469718,139.4579344,6.512260437,298.0894165,0,87.10572815,76.45241547,9.980373383,86965.66406,17.73853493,3.947180276
126,180.0526812,85.15070056,23.22244633,70.3896904,1.032469718,139.4579344,6.509246826,298.0223694,0,82.74323273,66.5117569,0.9980373979,86996.64062,17.80044556,3.663161021
126.1999969,180.0526812,69.668755,26.29949291,68.2869142,1.032469718,139.4579344,6.510565758,297.9446106,0,79.55666351,47.02316666,0.0998037383,87023.22656,17.83201027,3.19838801
126.4000015,180.0526812,85.15070056,23.22244633,70.3896904,1.032469718,139.4579344,6.503569126,298.0528259,0,75.83647919,14.10694981,64.66916656,87052.76562,17.79449272,3.588301188
126.5999985,180.0526812,81.84396462,28.38298996,70.3896904,1.032469718,139.4579344,6.494520664,298.0137024,0,74.95594025,49.94712448,6.466916561,87082.1875,17.75345612,3.779954923
126.8000031,180.0526812,77.37255777,26.60067347,66.69072915,1.032469718,139.4579344,6.491502285,297.9546509,0,77.67498779,37.62434006,0.64669168,87110.67969,17.77623177,3.51234275
127,180.0526812,83.84188802,23.22244633,68.81537395,0.9328646545,139.4579344,6.490307331,297.9046021,0,81.57501984,18.05804062,0.06466916949,87141.24219,16.96393394,3.598557977
127.1999969,180.0526812,69.668755,25.00785297,57.59156488,1.032469718,139.4579344,6.511174679,297.9239197,0,85.96629333,5.417412281,37.39390182,87168.96875,18.06171036,1.924858401
127.4000015,180.0526812,83.64614362,24.42793326,70.3896904,1.032469718,170.4485865,6.505130291,297.9324951,0,81.94422913,1.625223637,2.323718548,87205.92969,17.83284569,1.489283927
127.5999985,180.0526812,69.71937633,24.5913121,70.3896904,0.986696866,139.4579344,6.508818626,297.9096985,0,80.49871063,0.4875670969,17.37363243,87232.22656,17.49533653,3.039727858
127.8000031,180.0526812,70.496901,23.22244633,70.3896904,1.032469718,139.4579344,6.511488438,297.9093323,0,77.45986176,0.1462701261,27.54249001,87257.82031,17.89345169,2.987231781
128,180.0526812,85.15070056,27.42153721,70.3896904,1.032469718,139.4579344,6.500281334,297.9090576,0,73.38748169,0.04388104007,12.68909454,87287.35156,17.7583313,3.791452162
128.1999969,180.0526812,85.15070056,23.22244633,70.3896904,1.032469718,139.4579344,6.492986679,297.9079285,0,73.840271,0.01316431165,18.2265625,87316.15625,17.80807686,3.495359409
128.3999939,180.0526812,85.15070056,23.22244633,70.3896904,1.00854963,139.4579344,6.487884045,297.9058228,0,77.15366364,0.003949293401,18.68708229,87345.63281,17.61035728,3.471893458
128.6000061,180.0526812,85.15070056,24.01232294,70.3896904,1.032469718,139.4579344,6.485379696,297.905365,0,82.51335144,0.001184788067,19.19929123,87376.38281,17.80982018,3.517827554
128.8000031,180.0526812,81.45733627,26.07355956,61.65845921,1.032469718,139.4579344,6.508615971,297.8873291,0,88.87345886,0.0003554364084,18.53287506,87407.85938,18.09875107,1.143917191
129,180.0526812,72.65763434,23.22244633,70.3896904,1.032469718,170.4485865,6.503579617,297.9429016,0,85.86286163,0.0001066309269,27.82805824,87441.82031,17.91623688,1.732098415
129.1999969,180.0526812,85.15070056,23.22244633,65.90643131,1.032469718,139.4579344,6.501524448,297.8883057,0,85.04187775,9.999999747e-05,9.999999747e-05,87472.625,17.7885685,3.355655693
129.3999939,180.0526812,85.15070056,23.22244633,70.3896904,1.021266477,139.4579344,6.499201298,297.9581909,0,84.94265747,9.999999747e-05,52.60267258,87503.36719,17.72899246,3.320174572
129.6000061,180.0526812,70.14449516,28.38298996,70.3896904,1.032469718,169.884715,6.499585152,297.8873291,0,85.78316498,20.33075714,5.260267258,87537.21094,17.86208153,2.952437791
129.8000031,180.0526812,82.61304555,23.22244633,70.3896904,1.032469718,139.4579344,6.498147964,298.0118103,0,86.46038818,6.099226952,81.60007477,87567.39844,17.83428955,3.085857507
130,180.0526812,85.15070056,28.38298996,70.3896904,1.032469718,139.4579344,6.492109299,297.9489441,0,87.72714996,45.36082077,8.160007477,87599.5,17.76436996,3.473987594
130.1999969,180.0526812,85.15070056,23.22244633,70.3896904,1.032469718,170.4485865,6.490805149,298.1196289,0,91.41864777,13.6082468,105.5617065,87637.67188,17.8517952,3.070903792
130.3999939,180.0526812,72.9864189,28.38298996,70.3896904,1.032469718,170.4485865,6.493115902,298.0177917,0,95.60163879,71.04978943,10.55617046,87674.3125,17.85622787,2.902494377
130.6000061,180.0526812,85.15070056,24.18243984,67.98025123,1.032469718,139.4579344,6.493091106,297.9171143,0,98.86356354,39.11736679,1.055617094,87707.73438,17.80069351,3.006439314
130.8000031,180.0526812,85.15070056,23.22244633,70.3896904,0.9116074188,170.4485865,6.493422985,297.9805908,0,102.1546631,11.73520947,60.43281174,87747.89844,16.84115028,2.84552756
131,180.0526812,73.42492063,28.38298996,70.3896904,1.032469718,139.4579344,6.49870348,297.8998108,0,105.3042831,31.27795601,6.043281078,87780.28125,17.83769608,2.841219717
131.1999969,180.0526812,73.56794243,23.22244633,57.59156488,1.032469718,170.4485865,6.503962994,298.0403442,0,106.3266449,9.383386612,91.41346741,87818.3125,17.85379982,4.063005601
131.3999939,180.0526812,79.94954161,25.27836587,70.3896904,1.032469718,170.4485865,6.504940987,297.9468689,0,105.2611465,54.72039795,9.141346931,87858.28125,17.87606812,3.953451847
131.6000061,180.0526812,85.15070056,26.82566564,66.97840258,1.032469718,170.4485865,6.502380848,298.1662292,0,103.8183746,16.41612053,128.5315704,87899.46094,17.80191803,2.997180474
131.8000031,180.0526812,85.15070056,24.26501598,70.3896904,1.032469718,170.4485865,6.50192976,298.0392151,0,103.397644,90.8085556,12.85315609,87940.07812,17.85858345,2.840003078
132,180.0526812,85.15070056,27.52725495,70.3896904,1.032469718,139.4579344,6.49910593,297.9237061,0,103.1391068,51.57720184,1.285315633,87974.90625,17.79707909,3.03149552
132.1999969,180.0526812,85.15070056,23.22244633,70.3896904,1.032469718,170.4485865,6.501277924,298.0059509,0,104.0245056,15.47316074,69.72997284,88015.60156,17.88203049,2.853124627
132.3999939,180.0526812,81.6618763,28.38298996,70.3896904,1.032469718,139.4579344,6.502471447,297.918335,0,104.0171204,41.84949875,6.972997189,88050.01562,17.82064247,3.105930173
132.6000061,180.0526812,85.15070056,23.22244633,68.33881591,1.032469718,139.4579344,6.505972385,298.0879517,0,103.5516357,12.55484962,105.0235291,88084.32812,17.85130692,2.923744662
132.8000031,180.0526812,85.15070056,28.38298996,70.3896904,1.032469718,145.8668282,6.50496912,297.9891663,0,101.6750031,68.66330719,10.50235271,88120.51562,17.81628609,3.260594207
133,180.0526812,85.15070056,26.57482086,70.3896904,1.032469718,170.4485865,6.50500536,297.8927307,0,100.2218399,36.60704803,1.050235271,88161.17969,17.86119843,3.174539064
133.1999969,180.0526812,85.15070056,25.93290201,70.3896904,1.032469718,139.4579344,6.504930496,297.9629211,0,98.73629761,10.98211384,62.29053116,88195.03125,17.8417244,3.10554532
133.3999939,180.0526812,82.18343044,28.38298996,70.3896904,1.032469718,155.3795929,6.503232479,297.8819885,0,97.28453827,31.90115929,6.229053497,88231.42969,17.8408699,3.100227841
133.6000061,180.0526812,85.15070056,23.22244633,70.3896904,1.032469718,170.4485865,6.504530907,298.035553,0,96.51688385,9.570347786,97.32862854,88270.66406,17.90379333,2.929902162
133.8000031,180.0526812,85.15070056,28.35573142,70.3896904,1.032469718,170.4485865,6.501429558,297.9418945,0,95.21486664,58.72238541,9.732862473,88310.54688,17.84876442,3.245650971
134,180.0526812,85.15070056,23.22244633,70.3896904,1.032469718,170.4485865,6.502733231,298.1812134,0,95.17745209,17.61671638,136.8208923,88349.46094,17.91031456,2.928441167
134.1999969,180.0526812,85.15070056,24.63694789,70.3896904,1.032469718,170.4485865,6.502472401,298.0631714,0,94.59002686,98.70639801,13.68208885,88388.42969,17.89542198,2.97865201
134.3999939,180.0526812,85.15070056,27.16999194,70.3896904,1.032469718,139.4579344,6.499657154,297.9443665,0,94.12604523,62.9784317,1.368208885,88421.38281,17.83946037,3.084956904
134.6000061,180.0526812,85.15070056,23.22244633,70.3896904,1.032469718,165.3415966,6.499650478,298.0480652,0,94.79162598,18.89352989,80.23293304,88458.99219,17.90667534,2.789110415
134.8000031,180.0526812,85.15070056,25.61793622,70.3896904,1.032469718,139.4579344,6.499745846,297.9552612,0,95.44235229,53.47392273,8.023292542,88491.98438,17.86798477,3.029740816
135,180.0526812,83.97941139,23.22244633,70.10699604,1.032469718,155.3140474,6.503178596,297.8709106,0,96.06374359,22.48073196,0.8023293018,88527.71094,17.91923332,2.888238621
135.1999969,180.0526812,69.668755,23.40723246,65.68150939,1.032469718,170.4485865,6.512932301,297.9164734,0,95.30126953,6.74421978,50.3961792,88562.47656,17.96873665,2.336552695
135.3999939,180.0526812,85.15070056,26.49855859,70.3896904,1.032469718,162.2538494,6.509721756,297.8455811,0,90.62741089,2.023265839,9.999999747e-05,88599.3125,17.88379288,3.075085734
135.6000061,180.0526812,85.15070056,23.22244633,70.3896904,0.983606995,170.4485865,6.50757885,297.9309998,0,87.30043793,0.6069797873,65.56243134,88636.52344,17.51579094,2.849828344
135.8000031,180.0526812,85.15070056,24.26044866,70.3896904,1.032469718,170.4485865,6.504076958,297.8613586,0,84.78559113,0.1820939332,9.999999747e-05,88673.4375,17.91830826,2.933345488
136,180.0526812,85.15070056,23.22244633,70.3896904,1.032469718,139.4579344,6.501356125,297.9584351,0,83.67944336,0.05462817848,70.16420746,88703.57031,17.90529251,2.855234832
136.1999969,180.0526812,85.15070056,26.02625166,70.3896904,1.032469718,170.4485865,6.495879173,297.8821106,0,83.65471649,28.87500954,7.016420841,88740.49219,17.90032387,2.964383202
136.3999939,180.0526812,81.43996724,23.22244633,57.59156488,1.032469718,139.4579344,6.491773605,298.0413208,0,85.83223724,8.662503242,99.62227631,88769.95312,17.84539413,4.187167605
136.6000061,180.0526812,85.15070056,28.38298996,70.3896904,1.032469718,159.3496258,6.487211227,297.9555969,0,89.6386795,59.74302292,9.962226868,88806.27344,17.87520599,3.162172848
136.8000031,180.0526812,79.75504751,23.22244633,66.36558778,1.032469718,148.6012764,6.49176693,297.8632507,0,95.27600098,30.52345276,0.9962227345,88839.16406,17.9244442,2.486015409
137,180.0526812,83.42086839,23.51894123,70.3896904,1.032469718,147.053662,6.494673729,297.9376526,0,99.05973816,9.157035828,64.15236664,88873.42969,17.93185806,2.540416332
137.1999969,180.0526812,85.15070056,27.37634824,70.3896904,1.032469718,170.4485865,6.49393034,297.8656006,0,101.7152786,2.747110844,9.999999747e-05,88914.11719,17.90506172,2.784634134
137.3999939,180.0526812,85.15070056,23.22244633,60.31216423,1.032469718,139.4579344,6.495102882,297.960907,0,104.6748581,0.8241332769,69.8502655,88948.32812,17.87406731,3.888985531
137.6000061,180.0526812,69.668755,28.38298996,70.3896904,1.032469718,139.4579344,6.502285004,297.8821106,0,107.1474686,29.20538521,6.985026836,88979.84375,17.94634438,2.654839967
137.8000031,180.0526812,85.15070056,23.22244633,70.3896904,1.032469718,170.4485865,6.50751543,298.0405273,0,106.7336578,8.761615753,100.2498932,89020.85938,17.96861649,2.530847395
138,180.0526812,85.15070056,28.38298996,70.3896904,1.032469718,170.4485865,6.507985592,297.940918,0,104.2534027,59.58304596,10.02498913,89062.28906,17.91694641,2.877817323
138.1999969,180.0526812,83.50280913,25.8352858,70.3896904,1.032469718,170.4485865,6.509254932,298.1844788,0,101.5943604,17.87491417,140.8892517,89102.125,17.947649,2.565275902
138.3999939,180.0526812,85.15070056,26.79257353,70.3896904,1.032469718,170.4485865,6.50813961,298.0530701,0,98.40976715,100.4385757,14.08892536,89141.875,17.93291092,2.687284363
138.6000061,180.0526812,85.15070056,23.22244633,70.3896904,1.032469718,139.4579344,6.509942532,297.9339294,0,95.68169403,60.19912338,1.408892512,89174.17188,17.95001793,2.515989565
138.8000031,180.0526812,85.15070056,23.22244633,70.3896904,1.032469718,170.4485865,6.509286404,298.0267029,0,92.21521759,18.05973625,76.31692505,89211.98438,17.97254753,2.43603021
139,180.0526812,85.15070056,23.75927079,70.3896904,1.032469718,170.4485865,6.507702827,297.9315491,0,89.02861786,48.48662567,7.63169241,89249.25781,17.97126389,2.504669694
139.1999969,180.0526812,82.3721428,25.78352759,70.3896904,1.032469718,139.4579344,6.504477978,298.1158752,0,86.47059631,14.54598808,113.913002,89279.14844,17.93201256,2.454871892
139.3999939,180.0526812,69.668755,28.38298996,70.3896904,1.032469718,139.4579344,6.503800392,297.9988403,0,85.20498657,76.28069305,11.3913002,89305.70312,17.95243073,2.065808454
139.6000061,180.0526812,85.15070056,26.0085961,70.3896904,1.032469718,170.4485865,6.497341156,297.8934326,0,84.19675446,38.86353302,1.139129996,89342.10156,17.94311905,2.453901037
139.8000031,180.0526812,85.15070056,23.22244633,70.3896904,1.032469718,161.1191299,6.494398117,297.9597473,0,85.799263,11.65905952,62.54071808,89376.42188,17.9713459,2.286422216
140,180.0526812,85.15070056,23.55673201,70.3896904,1.032469718,170.4485865,6.492486954,297.8745422,0,88.54905701,31.33213615,6.254071712,89413.25,17.9817543,2.287036309
140.1999969,180.0526812,80.93410198,23.22244633,57.59156488,1.032469718,139.4579344,6.493680477,298.0281982,0,92.07119751,9.399641037,98.55479431,89443.29688,17.89826965,2.77492237
140.3999939,180.0526812,69.668755,28.38298996,70.3896904,1.032469718,170.4485865,6.497855186,297.9268799,0,95.10903931,58.33769608,9.855480194,89478.21094,18.00996971,2.231905183
140.6000061,180.0526812,85.15070056,24.83075342,70.3896904,1.032469718,139.4579344,6.498936176,298.171936,0,96.47711945,17.50130844,141.7658691,89510.5,17.9623394,2.329015207
140.8000031,180.0526812,75.11878446,28.03615009,70.3896904,1.032469718,170.4485865,6.50082016,298.0319519,0,97.43247986,100.0687943,14.17658615,89547.09375,17.9921875,2.053701266
141,180.0526812,85.15070056,23.22244633,70.3896904,1.032469718,139.4579344,6.502085209,297.907959,0,97.62178802,56.37583542,1.417658687,89579.1875,17.9798336,2.081812318
141.1999969,180.0526812,78.41079855,25.01993298,70.3896904,1.032469718,139.4579344,6.504929066,298.0021362,0,97.30954742,16.91275024,76.98240662,89609.74219,17.99052429,1.936708835
141.3999939,180.0526812,85.15070056,28.38298996,70.3896904,1.032469718,170.4485865,6.501995564,297.9031982,0,95.85273743,46.88938141,7.698240757,89648.80469,17.96275139,2.417882074
141.6000061,180.0526812,85.15070056,23.22244633,70.3896904,1.032469718,170.4485865,6.503164768,298.0983582,0,95.5931778,14.06681442,119.4855804,89686.84375,18.01931572,2.052132081
141.8000031,180.0526812,85.15070056,25.44017691,70.3896904,1.032469718,163.716108,6.503473282,297.9796143,0,94.83405304,78.50557709,11.94855785,89723.80469,17.99946976,2.233420154
142,180.0526812,85.15070056,25.18543555,70.3896904,1.032469718,170.4485865,6.50358057,297.8740845,0,93.96746063,39.77270126,1.194855809,89761.96875,18.01090622,2.19311816
142.1999969,180.0526812,74.81389965,23.22244633,70.3896904,1.032469718,139.4579344,6.508243084,297.9500732,0,93.05594635,11.93181038,66.93643188,89790.32031,18.03828812,1.568089935
142.3999939,180.0526812,85.15070056,27.51049732,70.3896904,1.032469718,170.4485865,6.503041267,297.8599243,0,90.26376343,34.21178818,6.69364357,89827.92188,17.982481,2.179930886
142.6000061,180.0526812,85.15070056,23.22244633,70.3896904,1.032469718,170.4485865,6.501144409,298.032196,0,89.59924316,10.26353645,108.2664032,89864.53125,18.02708054,1.811503564
142.8000031,180.0526812,85.15070056,24.59683059,70.3896904,1.032469718,139.4579344,6.498921871,297.9179993,0,89.65110779,65.12878418,10.82664013,89895.03906,17.98832893,1.899626125
143,180.0526812,85.15070056,26.2368455,66.23316687,1.032469718,139.4579344,6.49534893,298.196991,0,90.60360718,19.53863716,158.8722076,89925.98438,17.94021416,2.027536222
143.1999969,180.0526812,85.15070056,28.38298996,70.3896904,1.032469718,170.4485865,6.490681648,298.0388794,0,92.98860931,113.5710602,15.88722134,89964.14844,17.97223854,2.224573338
143.3999939,180.0526812,85.15070056,27.12235777,70.3896904,1.032469718,139.4579344,6.487184048,297.9003296,0,97.23982239,64.32666779,1.58872211,89996.5625,17.95239067,2.10943164
143.6000061,180.0526812,85.15070056,23.22244633,59.94337702,1.032469718,170.4485865,6.48740387,298.0101624,0,102.8828354,19.29800034,86.30919647,90035.78125,17.94818115,2.111610334
143.8000031,180.0526812,85.15070056,28.38298996,70.3896904,1.032469718,170.4485865,6.484487534,297.8974915,0,108.4294434,54.49330139,8.630919456,90077.03906,17.96660233,2.488904256
144,180.0526812,85.15070056,23.22244633,68.4078686,1.032469718,170.4485865,6.489246845,298.1264343,0,115.1647263,16.34799004,136.2595215,90118.82812,18.01249123,2.011794522
144.1999969,180.0526812,85.15070056,26.98761997,70.3896904,1.032469718,170.4485865,6.490896225,297.9804382,0,119.9610138,92.33564758,13.62595177,90162.17969,17.98446655,2.238606141
144.3999939,180.0526812,73.52953368,23.22244633,70.3896904,1.032469718,170.4485865,6.499480247,297.8608398,0,124.1322784,44.98700714,1.362595201,90202.60938,18.05272865,1.559782257
144.6000061,180.0526812,85.15070056,23.22244633,70.3896904,1.032469718,151.1119659,6.502417088,297.9440918,0,124.8372879,13.49610233,72.19100189,90242.21875,17.99571609,2.020341864
144.8000031,180.0526812,85.15070056,23.22244633,70.3896904,1.032469718,170.4485865,6.504734993,297.8700562,0,124.4082642,4.048830986,9.999999747e-05,90285.67188,18.00806046,2.028302781
145,180.0526812,85.15070056,23.22244633,70.3896904,1.032469718,139.4579344,6.505809307,297.9701538,0,123.0360489,1.2146492,73.0592041,90322.4375,17.97617722,2.039512037
145.1999969,180.0526812,85.15070056,23.71789527,70.3896904,1.032469718,170.4485865,6.505106449,297.8789062,0,121.2362137,31.42603111,7.305920124,90365.24219,17.99217033,2.101800826
145.3999939,180.0526812,69.668755,25.36771012,64.98087664,1.032469718,139.4579344,6.508535862,298.0499268,0,119.7193604,9.427809715,108.0358505,90397.60156,17.95705414,1.685545387
145.6000061,180.0526812,85.15070056,23.53792574,70.3896904,1.032469718,170.4485865,6.50486517,297.9235229,0,116.8116074,64.57231903,10.80358505,90439.36719,17.98188972,2.156938949
145.8000031,180.0526812,74.51986612,23.22244633,70.3896904,1.032469718,170.4485865,6.506748199,298.2017212,0,115.4085236,19.37169647,160.5473938,90478.04688,18.01834106,1.81899668
146,180.0526812,85.15070056,28.38298996,70.3896904,1.032469718,170.4485865,6.499164104,298.0276794,0,113.2112808,113.4340439,16.054739,90519.96875,17.93471718,2.618234663
146.1999969,180.0526812,85.15070056,23.22244633,70.3896904,1.032469718,156.8962076,6.495636463,297.8894043,0,114.0965652,58.87023163,1.605473995,90558.42969,17.96935844,2.281514784
146.3999939,180.0526812,85.15070056,24.36582045,70.3896904,1.032469718,141.7400171,6.492122173,297.9823303,0,116.3493118,17.66106987,78.96582031,90594.5,17.9474659,2.413122158
146.6000061,180.0526812,78.02518251,28.38298996,70.3896904,1.032469718,153.7877434,6.49187088,297.8785706,0,120.0205994,46.60782242,7.89658165,90632.86719,17.95452309,2.606091007
146.8000031,180.0526812,85.15070056,24.0071797,66.90282275,1.032469718,170.4485865,6.491919518,298.0826721,0,123.7818756,13.98234653,125.2454605,90676.46875,17.96281433,2.552864784
147,180.0526812,85.15070056,23.94604365,70.3896904,1.032469718,170.4485865,6.490571499,297.9415588,0,127.5331192,80.61937714,12.52454567,90720.70312,17.97898293,2.460614033
147.1999969,180.0526812,85.15070056,23.22244633,70.3896904,1.032469718,170.4485865,6.489873886,298.2685852,0,131.8291626,24.185812,185.6580963,90765.625,17.98491669,2.390211641
147.3999939,180.0526812,85.15070056,24.51521562,70.3896904,1.032469718,161.2487551,6.490049839,298.0699768,0,136.3976593,135.8746948,18.56580925,90809.86719,17.97109985,2.555068016
147.6000061,180.0526812,73.51600994,23.22244633,60.32028807,1.032469718,170.4485865,6.495362282,297.9112549,0,140.8949585,74.96874237,1.856580973,90853.71875,17.95685577,2.451932942
147.8000031,180.0526812,79.5433925,23.22244633,70.3896904,1.032469718,170.4485865,6.50032711,298.0244141,0,143.2532501,22.49062347,90.66817474,90899.71875,18.01375771,2.613274094
148,180.0526812,85.15070056,25.95497646,70.3896904,1.032469718,170.4485865,6.501144409,297.9039917,0,143.6431732,59.38565826,9.066817284,90947.77344,17.97314835,2.852869833
148.1999969,180.0526812,85.15070056,23.22244633,70.3896904,1.032469718,170.4485865,6.502333164,298.1416626,0,143.7186279,17.81569862,142.9889526,90995.26562,17.99207115,2.604240771
148.3999939,180.0526812,85.15070056,24.20377659,70.3896904,1.032469718,170.4485865,6.501995087,297.981781,0,143.3040161,97.11295319,14.29889488,91042.80469,17.98090172,2.686828008
148.6000061,180.0526812,85.15070056,23.22244633,70.3896904,1.032469718,170.4485865,6.499136448,297.8555908,0,143.0308228,45.48619461,1.429889441,91090.01562,17.97871971,2.520119986
148.8000031,180.0526812,85.15070056,23.22244633,70.3896904,1.032469718,170.4485865,6.49432373,297.934906,0,143.9045715,13.64585781,72.2665863,91137.29688,17.97198105,2.461031391
149,180.0526812,85.15070056,23.46118685,70.3896904,1.032469718,170.4485865,6.486046791,297.8601074,0,146.701767,4.093757629,9.999999747e-05,91184.98438,17.95906067,2.348455648
149.1999969,180.0526812,85.15070056,23.22244633,66.24211744,1.032469718,163.3193013,6.480044365,297.9611206,0,152.8147736,1.228127241,74.3320694,91232.42188,17.93557739,2.386891687
149.3999939,180.0526812,85.15070056,23.22244633,70.3896904,1.032469718,170.4485865,6.474629402,297.8632812,0,161.3101501,31.39296722,7.433207035,91282.97656,17.971138,2.379563896
149.6000061,180.0526812,85.15070056,23.22244633,67.81595721,1.032469718,170.4485865,6.472651958,298.0415039,0,171.976944,9.417889595,113.340477,91335.72656,17.967659,2.458463582
149.8000031,180.0526812,83.33874458,28.38298996,70.3896904,1.032469718,170.4485865,6.468049049,297.9006958,0,183.425293,66.50348663,11.33404732,91391.21094,17.94895172,2.768747545
150,180.0526812,85.15070056,23.51402261,63.04791026,0.9918840761,170.4485865,6.469251156,298.1988525,0,196.7345123,19.95104599,173.1551666,91448.96094,17.61397552,2.501135558
150.1999969,180.0526812,85.15070056,23.22244633,70.3896904,1.032469718,170.4485865,6.469648838,297.986969,0,209.5354004,120.1533356,17.31551743,91509.13281,18.00475121,2.413695656
150.3999939,180.0526812,85.15070056,23.22244633,70.3896904,1.032469718,170.4485865,6.470698357,297.842865,0,222.1984863,52.27293396,1.731551766,91571.90625,18.01270485,2.425144109
150.6000061,180.0526812,75.17460242,23.72050297,64.98521461,1.032469718,170.4485865,6.475739956,297.9211121,0,225,15.68188,73.96391296,91632.79688,18.0015316,2.162432819
150.8000031,180.0526812,85.15070056,28.38298996,70.3896904,1.032469718,170.4485865,6.472102642,297.8453674,0,225,4.704564095,9.999999747e-05,91696.99219,17.97059441,2.866292283
151,180.0526812,85.15070056,24.49110431,70.3896904,1.032469718,170.4485865,6.472703934,297.9533997,0,225,1.411369205,77.91661072,91760.5,18.00664902,2.632379501
151.1999969,180.0526812,85.15070056,23.22244633,70.3896904,1.032469718,170.4485865,6.477398396,297.8539429,0,225,33.45617294,7.791660786,91823.85938,18.02474785,2.644585174
151.3999939,180.0526812,79.19327669,26.83644505,70.3896904,1.032469718,170.4485865,6.480135441,298.0439758,0,225,10.03685188,119.515831,91886.3125,18.00617409,2.701868083
151.6000061,180.0526812,85.15070056,23.22244633,70.3896904,1.032469718,170.4485865,6.480192184,297.8950806,0,225,70.86878967,11.95158291,91949.52344,18.01747322,2.581347666
151.8000031,180.0526812,69.668755,23.22244633,60.20667119,0.9532892101,170.4485865,6.490941525,298.2148743,0,225,21.26063728,184.0345001,92008.89844,17.33952141,2.165065593
152,180.0526812,85.15070056,28.38298996,70.3896904,1.032469718,170.4485865,6.488480568,297.9960327,0,225,128.7679138,18.40345001,92073.07031,17.98176575,3.348053579
152.1999969,180.0526812,82.29122447,26.25698835,70.3896904,1.032469718,170.4485865,6.492117405,297.8475342,0,225,58.93380737,1.840345025,92136.34375,18.01314735,2.95520043
152.3999939,180.0526812,85.15070056,23.22244633,70.3896904,0.844747951,170.4485865,6.494495392,297.9343567,0,225,17.68014336,79.26686859,92199.76562,16.46446037,2.778628383
152.6000061,180.0526812,85.15070056,26.6913332,70.3896904,1.032469718,170.4485865,6.494179249,297.8581238,0,225,5.304042816,9.999999747e-05,92263.85938,18.00118637,3.079457841
152.8000031,180.0526812,85.15070056,23.22244633,63.76861087,1.032469718,170.4485865,6.497645378,297.9656677,0,225,1.591212869,78.25628662,92327.39844,17.99208832,2.857760586
153,180.0526812,85.15070056,23.22244633,70.3896904,1.032469718,170.4485865,6.505588055,297.8686218,0,225,33.9496727,7.825628757,92391.10938,18.04576111,3.014058001
153.1999969,180.0526812,85.15070056,23.22244633,67.0840968,0.844747951,170.4485865,6.513107777,298.0502319,0,223.2698822,10.18490219,116.233757,92454.5,16.46033859,3.044292923
153.3999939,180.0526812,85.15070056,25.0280219,70.3896904,1.032469718,170.4485865,6.519947052,297.9168701,0,218.5474701,68.63924408,11.62337589,92517.35156,18.0349884,3.278455183
153.6000061,180.0526812,85.15070056,23.22244633,70.3896904,1.032469718,170.4485865,6.525578499,298.2063293,0,211.090332,20.59177399,170.6647797,92578.32812,18.04354095,3.120046087
153.8000031,180.0526812,85.15070056,26.04645166,70.3896904,1.032469718,170.4485865,6.529791355,298.0235596,0,201.3822937,118.3381271,17.06647873,92637.96094,18.02327156,3.477970741
154,180.0526812,83.42443497,25.85368785,70.3896904,1.032469718,170.4485865,6.533389091,297.8830566,0,189.990036,60.84909058,1.706647754,92694.96094,18.02573967,3.47272923
154.1999969,180.0526812,85.15070056,23.22244633,70.3896904,1.032469718,142.1942488,6.536044598,297.975647,0,177.1561127,18.25472641,80.70053101,92743.58594,18.01422119,3.371558672
154.3999939,180.0526812,85.15070056,27.56278124,70.3896904,1.032469718,170.4485865,6.530421734,297.8670044,0,163.2610779,46.8725853,8.070053101,92795.96094,17.98859978,3.696310394
154.6000061,180.0526812,85.15070056,27.47791119,70.3896904,1.032469718,170.4485865,6.5208354,298.0726013,0,151.639328,14.06177521,129.2129364,92845.90625,17.97652245,3.627862784
154.8000031,180.0526812,85.15070056,25.40157833,70.3896904,1.032469718,170.4485865,6.512372017,297.9307861,0,143.8385468,80.82035828,12.92129326,92893.94531,17.99150276,3.499063751
155,180.0526812,85.15070056,23.22244633,70.3896904,1.032469718,170.4485865,6.505519867,298.2558289,0,139.4069061,24.2461071,188.611557,92940.70312,18.00946236,3.345895949
155.1999969,180.0526812,85.15070056,24.39343327,70.3896904,1.032469718,170.4485865,6.497709274,298.0588989,0,137.7143097,134.8587189,18.86115646,92987.3125,17.99964333,3.444747672
155.3999939,180.0526812,85.15070056,23.22244633,67.91173858,1.025066906,170.4485865,6.491151333,297.9014282,0,139.1542969,74.06783295,1.88611567,93034.07812,17.93239212,3.35484941
155.6000061,180.0526812,85.15070056,23.22244633,70.3896904,1.032469718,170.4485865,6.487100124,298.0128479,0,143.2103424,22.22035027,91.78171539,93081.75,18.0196209,3.424840688
155.8000031,180.0526812,85.15070056,25.30482484,70.3896904,1.032469718,170.4485865,6.483479023,297.8945312,0,148.8825073,58.14645386,9.178172112,93130.98438,18.00990677,3.623121982
156,180.0526812,85.15070056,23.22244633,70.3896904,1.032469718,170.4485865,6.48341608,298.1256409,0,156.0098724,17.44393539,142.5957489,93181.26562,18.03437424,3.462265317
156.1999969,180.0526812,85.15070056,23.22244633,70.3896904,1.032469718,170.4485865,6.484724045,297.9736633,0,163.1521454,94.10619354,14.25957489,93232.96094,18.0397625,3.448413125
156.3999939,180.0526812,77.56895493,23.22244633,70.3896904,1.032469718,170.4485865,6.487464905,297.8518066,0,169.7781067,44.65624237,1.425957441,93283.92188,18.05330086,3.029481074
156.6000061,180.0526812,85.15070056,23.22244633,70.3896904,1.032469718,170.4485865,6.486985683,297.930481,0,175.3074341,13.39687252,72.8564682,93337.88281,18.03706169,3.298841386
156.8000031,180.0526812,85.15070056,23.22244633,70.3896904,1.032469718,170.4485865,6.48691082,297.8569031,0,181.0435638,4.019061565,9.999999747e-05,93392.92969,18.04043579,3.28384252
157,180.0526812,85.15070056,23.22244633,70.19153503,1.032469718,170.4485865,6.489048481,297.9545898,0,186.7978973,1.205718517,74.37813568,93449.14062,18.04823112,3.332121691
157.1999969,180.0526812,85.15070056,23.22244633,70.3896904,1.032469718,170.4485865,6.494114399,297.8652039,0,191.6911774,30.09121704,7.437813282,93506.39062,18.06078911,3.418900685
157.3999939,180.0526812,85.15070056,23.22244633,70.3896904,1.032469718,170.4485865,6.498875141,298.0285645,0,194.5555573,9.027364731,108.2871552,93564.14062,18.06259346,3.401542666
157.6000061,180.0526812,85.15070056,27.86926331,70.3896904,1.032469718,170.4485865,6.49913311,297.9057922,0,195.5260468,61.00404739,10.82871532,93622.85938,18.02538109,3.74947524
157.8000031,180.0526812,85.15070056,23.22244633,70.3896904,1.032469718,170.4485865,6.50468874,298.1664429,0,196.4071808,18.30121422,157.5227661,93680.9375,18.06965446,3.438014053
158,180.0526812,85.15070056,27.80376999,70.3896904,1.032469718,170.4485865,6.505613804,297.9981689,0,195.0342407,105.616745,15.75227642,93739.51562,18.03229523,3.785840739
158.1999969,180.0526812,85.15070056,23.89599947,70.3896904,1.032469718,170.4485865,6.511923313,297.8708191,0,193.3234406,51.84797287,1.575227618,93797.23438,18.07285118,3.603445995
158.3999939,180.0526812,85.15070056,23.22244633,70.3896904,1.032469718,170.4485865,6.516018391,297.9489441,0,189.056427,15.55439091,73.82341766,93853.89844,18.0719223,3.494247565
158.6000061,180.0526812,85.15070056,23.52700094,70.3896904,1.032469718,170.4485865,6.518257618,297.8749084,0,183.1758728,4.666317463,9.999999747e-05,93909.41406,18.06639481,3.522642145
158.8000031,180.0526812,85.15070056,23.22244633,70.3896904,1.021936529,170.4485865,6.519144058,297.9648438,0,176.3986359,1.399895191,71.43058014,93963.50781,17.97777748,3.50866549
159,180.0526812,85.15070056,27.05346635,70.3896904,1.032469718,170.4485865,6.519044876,297.880188,0,169.2653351,28.29587936,7.1430583,94017.04688,18.04561615,3.990675527
159.1999969,180.0526812,85.15070056,26.18877569,70.3896904,1.032469718,170.4485865,6.516767979,298.0256042,0,162.1704712,8.488763809,100.1488342,94068.95312,18.04500961,3.87528442
159.3999939,180.0526812,69.85908349,28.23763821,70.3896904,1.032469718,170.4485865,6.520744324,297.9197693,0,155.990448,54.79878235,10.014884,94116.125,18.07391357,3.498258383
159.6000061,180.0526812,85.15070056,23.22244633,70.3896904,1.032469718,170.4485865,6.519218922,298.1420593,0,148.1924438,16.43963432,138.9520874,94164.78125,18.07006264,3.736587707
159.8000031,180.0526812,85.15070056,28.38298996,70.3896904,1.032469718,170.4485865,6.512834072,298.0050354,0,141.0425415,90.91786957,13.89520836,94213.01562,18.03054047,4.20419046
160,180.0526812,85.15070056,23.22244633,70.3896904,1.032469718,170.4485865,6.510533333,297.8901672,0,136.4449615,47.30479431,1.389520764,94259.54688,18.07504654,3.869556144
160.1999969,180.0526812,85.15070056,23.22244633,70.3896904,1.032469718,170.4485865,6.505487442,297.9612732,0,132.7386627,14.19143772,69.47813416,94305.25,18.06505966,3.756817333
160.3999939,180.0526812,85.15070056,23.22244633,70.3896904,1.032469718,170.4485865,6.502136707,297.8716125,0,131.0728149,35.4629364,6.947813034,94350.77344,18.07477188,3.867939564
160.6000061,180.0526812,72.14718664,23.22244633,70.3896904,1.032469718,170.4485865,6.503973007,298.0281067,0,130.7329712,10.63888073,105.8068695,94392.75781,18.10616493,3.250655511
160.8000031,180.0526812,85.15070056,23.22244633,70.3896904,1.032469718,170.4485865,6.498907566,297.9175415,0,129.6470642,60.48788071,10.58068657,94437.88281,18.06939316,3.778853197
161,180.0526812,85.15070056,23.22244633,70.3896904,1.032469718,170.4485865,6.495620728,298.1609192,0,130.6265717,18.14636421,149.2693481,94483.26562,18.07824898,3.855641888
161.1999969,180.0526812,85.15070056,28.22518087,70.3896904,1.032469718,170.4485865,6.488740921,298.0173645,0,132.8927917,99.84005737,14.9269352,94529.95312,18.03822899,4.193473782
161.3999939,180.0526812,85.15070056,23.22244633,66.83928412,0.9319446343,170.4485865,6.488101482,297.8952332,0,137.9284821,54.52532578,1.492693543,94576.89062,17.22136879,3.853404533
161.6000061,180.0526812,85.11156632,23.22244633,67.96286533,0.9870908264,170.4485865,6.490289688,297.9798279,0,143.187973,16.35759735,76.22418976,94624.96094,17.70241165,3.913057208
161.8000031,180.0526812,85.15070056,24.96056962,70.3896904,1.032469718,170.4485865,6.493760109,297.8873291,0,147.5828094,42.52323151,7.622419357,94674.35156,18.09665298,4.131179789
162,180.0526812,85.15070056,23.22244633,70.3896904,1.032469718,170.4485865,6.499462605,298.0592651,0,150.5944061,12.75696945,113.9496994,94724.03906,18.11595535,4.003836541
162.1999969,180.0526812,85.15070056,23.22244633,70.3896904,1.032469718,170.4485865,6.50464201,297.9489441,0,151.321701,68.5462265,11.39496994,94773.80469,18.11583138,3.970107037
162.3999939,180.0526812,82.57865223,23.22244633,58.4385137,1.032469718,170.4485865,6.527937889,298.2022705,0,149.986084,20.56386757,154.8352966,94822.60156,18.30099297,1.76069333
162.6000061,180.0526812,85.15070056,28.38298996,70.3896904,1.032469718,170.4485865,6.521420002,298.0891724,0,139.2711792,106.8688049,15.48352909,94870.82812,18.08680916,2.811257313
162.8000031,180.0526812,85.15070056,23.22244633,70.3896904,1.032469718,170.4485865,6.522971153,297.9606323,0,131.3191681,73.53233337,1.548352957,94916.47656,18.12625694,4.131841008
163,180.0526812,85.15070056,23.22244633,70.3896904,1.032469718,170.4485865,6.521893024,297.8646545,0,122.6248093,33.37945175,0.1548352987,94960.40625,18.12353325,4.15752824
163.1999969,180.0526812,85.15070056,23.22244633,70.3896904,1.032469718,147.0124218,6.51834774,297.9153748,0,114.3961868,10.01383591,57.10594177,94997.875,18.10214233,4.17037382
163.3999939,180.0526812,81.62441472,23.22244633,70.3896904,1.032469718,139.4579344,6.514264584,297.8456726,0,107.5852051,3.004150867,9.999999747e-05,95031.47656,18.10243988,4.001403418
163.6000061,180.0526812,85.15070056,23.22244633,61.58142109,1.032469718,139.4579344,6.509605885,297.927948,0,102.4013977,0.9012452364,67.46383667,95064.94531,18.2938385,3.80996621
163.8000031,180.0526812,85.15070056,24.00454589,70.3896904,1.032469718,170.4485865,6.499185562,297.8650513,0,99.08116913,0.2703735828,9.999999747e-05,95104.27344,18.10410309,3.705823749
164,180.0526812,85.15070056,23.22244633,70.3896904,1.010034141,157.6321238,6.490270615,297.9447327,0,99.94620514,0.08111207187,66.69698334,95140.90625,17.90596771,4.00402625
164.1999969,180.0526812,85.15070056,23.22244633,70.3896904,1.032469718,170.4485865,6.48259449,297.8766479,0,104.3538818,0.02433362044,9.999999747e-05,95181.03125,18.1031723,3.926862865
164.3999939,180.0526812,85.15070056,23.22244633,62.75681345,1.032469718,170.4485865,6.478241444,297.9522705,0,111.8327332,0.007300086319,65.05330658,95222.75,18.05875587,3.943068585
164.6000061,180.0526812,85.15070056,23.22244633,70.3896904,1.032469718,139.4579344,6.478136063,297.8795471,0,121.0459518,21.98390198,6.505330563,95260.08594,18.10123253,3.987220993
164.8000031,180.0526812,85.15070056,23.22244633,70.3896904,1.032469718,139.4579344,6.48127079,297.9976196,0,130.2979279,6.595170498,86.79085541,95299.35938,18.11069679,3.99149084
165,180.0526812,85.15070056,23.22244633,70.3896904,1.032469718,170.4485865,6.487702847,297.911499,0,138.2989502,43.34994125,8.679085732,95346.73438,18.14825058,4.056820064
165.1999969,180.0526812,85.15070056,23.22244633,67.24478978,1.032469718,170.4485865,6.494335651,298.0874634,0,143.7266846,13.00498295,116.3876038,95395.125,18.12672997,3.974149236
165.3999939,180.0526812,85.15070056,27.44065843,70.3896904,1.032469718,170.4485865,6.497721672,297.979187,0,146.511322,71.03859711,11.63876057,95444.79688,18.11433601,4.24780849
165.6000061,180.0526812,85.15070056,23.22244633,70.3896904,1.032469718,170.4485865,6.5046525,297.8813782,0,147.9526825,35.64048767,1.163876057,95494.07812,18.15196228,3.946771983
165.8000031,180.0526812,85.15070056,23.22244633,70.3896904,1.032469718,170.4485865,6.509504795,297.9390564,0,146.5997314,10.6921463,61.63754272,95542.97656,18.14553261,3.860151975
166,180.0526812,85.15070056,23.22244633,70.3896904,1.032469718,170.4485865,6.512897491,297.868042,0,143.3240204,3.207643986,9.999999747e-05,95591.17188,18.14343834,3.846586048
166.1999969,180.0526812,85.15070056,23.22244633,70.3896904,1.032469718,170.4485865,6.515807152,297.9429626,0,138.6894989,0.962293148,65.31189728,95638.47656,18.14756584,3.916046193
166.3999939,180.0526812,71.32731345,28.38298996,70.3896904,1.032469718,170.4485865,6.520035744,297.8753052,0,132.8880157,0.2886879444,9.999999747e-05,95681.86719,18.14652252,3.750224347
166.6000061,180.0526812,85.15070056,23.22244633,70.3896904,1.032469718,170.4485865,6.520101547,297.9485168,0,125.3891144,0.08660638332,64.24610901,95726.53125,18.15163422,4.043612727
166.8000031,180.0526812,85.15070056,23.22244633,70.3896904,1.003277076,170.4485865,6.517602921,297.8804932,0,117.8818436,0.02598191611,9.999999747e-05,95769.64844,17.90265465,4.048060944
167,180.0526812,85.15070056,23.22244633,69.89357796,1.032469718,167.4881859,6.513540745,297.9500427,0,111.3690567,0.007794574834,62.63075638,95810.86719,18.14296532,4.08770456
167.1999969,180.0526812,85.15070056,23.22244633,70.3896904,1.032469718,170.4485865,6.507728577,297.879303,0,106.4781418,20.03564453,6.263075829,95851.66406,18.14492607,4.065606481
167.3999939,180.0526812,85.15070056,23.22244633,70.3896904,1.032469718,144.3125047,6.502389908,297.9898071,0,103.9126892,6.01069355,82.79148865,95886.65625,18.13090515,4.128868111
167.6000061,180.0526812,85.15070056,23.22244633,70.3896904,1.032469718,170.4485865,6.497769356,297.9094849,0,103.4755859,40.14299774,8.279149055,95926.99219,18.15744591,4.180834452
167.8000031,180.0526812,85.15070056,23.22244633,70.3896904,1.032469718,139.4579344,6.494086266,298.0761108,0,104.8859329,12.04289913,109.9758987,95961.24219,18.13527107,4.156009093
168,180.0526812,85.15070056,24.97668382,70.3896904,1.032469718,170.4485865,6.490021229,297.9796143,0,107.7688141,66.73538971,10.99759007,96002.74219,18.14640617,4.252270316
168.1999969,180.0526812,85.15070056,23.22244633,70.3896904,1.032469718,170.4485865,6.48896265,297.8865662,0,112.2818756,35.05537033,1.099758983,96044.88281,18.16425133,4.104836177
168.3999939,180.0526812,85.15070056,23.22244633,63.85217153,1.032469718,166.2870192,6.490183353,297.9453735,0,117.207222,10.5166111,61.54526138,96087.23438,18.12298775,4.123015524
168.6000061,180.0526812,85.15070056,24.97014469,70.3896904,1.032469718,170.4485865,6.492818356,297.8751831,0,121.6464157,3.154983282,9.999999747e-05,96131.77344,18.1707592,4.334151018
168.8000031,180.0526812,85.15070056,23.22244633,70.3896904,0.9817661976,170.4485865,6.498450756,297.9463501,0,125.0342941,0.9464949965,63.88422012,96176.76562,17.7670517,4.250976292
169,180.0526812,82.98781933,23.22244633,70.3896904,1.032469718,170.4485865,6.503978252,297.8783875,0,126.1639175,0.2839484811,9.999999747e-05,96221.29688,18.1939621,4.046078607
169.1999969,180.0526812,85.15070056,23.22244633,70.3896904,1.032469718,160.7410823,6.508341789,297.947876,0,125.0925751,0.08518454432,62.79921722,96264.23438,18.18414307,4.173837163
169.3999939,180.0526812,85.15070056,23.22244633,70.3896904,1.032469718,170.4485865,6.510034561,297.8799744,0,122.2791443,0.02555536479,9.999999747e-05,96308.45312,18.1814785,4.064071372
169.6000061,180.0526812,85.15070056,23.22244633,70.3896904,1.032469718,158.5787097,6.509664059,297.9472046,0,118.7937927,0.00766660925,61.77822113,96349.4375,18.1656723,3.994017128
169.8000031,180.0526812,85.15070056,26.27029226,70.3896904,1.032469718,144.7647762,6.50503397,297.8804321,0,115.4548874,0.002299982822,9.999999747e-05,96387.375,18.12321281,4.145568812
170,180.0526812,85.15070056,23.22244633,70.3896904,1.030747353,170.4485865,6.501665115,297.9451294,0,113.9753571,0.0006899948348,60.75528336,96429.65625,18.14936066,3.867158984
170.1999969,180.0526812,84.95956212,25.27602692,70.3896904,1.032469718,139.4579344,6.497757912,297.8780212,0,113.8254929,0.0002069984475,9.999999747e-05,96465.90625,18.12845612,4.040910025
170.3999939,180.0526812,85.15070056,23.22244633,70.3896904,1.032469718,139.4579344,6.494877338,297.9431458,0,115.2443008,9.999999747e-05,60.7022934,96502.02344,18.13972855,3.808277804
170.6000061,180.0526812,70.99121273,25.69048137,70.3896904,1.032469718,151.8896165,6.496926785,297.8762512,0,117.810257,9.999999747e-05,9.999999747e-05,96537.82031,18.16814804,3.328315275
170.8000031,180.0526812,84.8331878,23.22244633,70.3896904,1.032469718,152.3958537,6.494199276,297.9419556,0,119.5436935,9.999999747e-05,61.10409164,96577.20312,18.14681625,3.686827873
171,180.0526812,85.15070056,23.22244633,70.3896904,1.032469718,170.4485865,6.492773056,297.8742065,0,122.3995209,9.999999747e-05,9.999999747e-05,96620.96875,18.1662178,3.740771488
171.1999969,180.0526812,85.15070056,23.22244633,70.3896904,1.032469718,139.4579344,6.49351263,297.941803,0,125.8063278,9.999999747e-05,61.91600037,96659.10156,18.15101433,3.789935816
171.3999939,180.0526812,85.15070056,23.22244633,70.3896904,1.032469718,139.4579344,6.495693207,297.8746643,0,128.9142761,9.999999747e-05,9.999999747e-05,96697.89062,18.1571846,3.818198244
171.6000061,180.0526812,85.15070056,23.22244633,70.3896904,1.032469718,170.4485865,6.498791695,297.9419861,0,131.1521301,9.999999747e-05,62.11141205,96743.50781,18.18681335,3.849040486
171.8000031,180.0526812,85.15070056,25.31188078,70.3896904,1.032469718,170.4485865,6.501039028,297.8742371,0,132.152298,9.999999747e-05,9.999999747e-05,96789.74219,18.17539597,4.036659118
172,180.0526812,85.15070056,23.49240825,70.3896904,1.032469718,170.4485865,6.504414558,297.941864,0,132.2591705,9.999999747e-05,62.30410385,96835.64844,18.1909771,3.889678837
172.1999969,180.0526812,81.37906256,23.35338843,70.3896904,1.032469718,170.4485865,6.508257389,297.8742981,0,131.0095062,9.999999747e-05,9.999999747e-05,96880.20312,18.19834328,3.655546137
172.3999939,180.0526812,85.15070056,23.22244633,70.3896904,1.032469718,170.4485865,6.509561539,297.941864,0,128.2247162,9.999999747e-05,62.32110977,96925.16406,18.18943214,3.820838109
172.6000061,180.0526812,85.15070056,24.13868841,70.3896904,1.032469718,170.4485865,6.508289337,297.874176,0,124.9281921,9.999999747e-05,9.999999747e-05,96969.55469,18.17684174,3.842344748
172.8000031,180.0526812,85.15070056,23.22244633,70.3896904,0.9933324787,164.381094,6.504388809,297.941864,0,122.1408234,9.999999747e-05,62.36487579,97011.76562,17.83630943,3.60362275
173,180.0526812,85.15070056,24.22485809,70.3896904,1.032469718,139.4579344,6.49834156,297.8748474,0,120.9139938,9.999999747e-05,9.999999747e-05,97048.69531,18.12966537,3.584049924
173.1999969,180.0526812,74.10699654,23.22244633,70.3896904,1.032469718,139.4579344,6.498387814,297.9427185,0,122.1048126,9.999999747e-05,62.06164169,97082.76562,18.1681366,3.034246365
173.3999939,180.0526812,78.71349502,26.9776442,70.3896904,1.032469718,170.4485865,6.492812157,297.8753357,0,123.2502747,9.999999747e-05,9.999999747e-05,97125.22656,18.14579773,3.46596026
173.6000061,180.0526812,85.15070056,23.22244633,70.3896904,1.032469718,170.4485865,6.490065098,297.9421997,0,126.6638336,9.999999747e-05,62.11215973,97169.5,18.17147827,3.541039207
173.8000031,180.0526812,85.15070056,23.22244633,70.3896904,1.032469718,170.4485865,6.488575935,297.8746033,0,131.1490326,9.999999747e-05,9.999999747e-05,97214.65625,18.17511749,3.528451128
174,180.0526812,85.15070056,23.22244633,67.70877303,1.032469718,170.4485865,6.487923622,297.9412842,0,136.2346954,9.999999747e-05,62.07659149,97260.80469,18.15947914,3.487080813
174.1999969,180.0526812,85.15070056,27.99382641,70.3896904,1.032469718,139.4579344,6.485546112,297.8743286,0,141.5827179,9.999999747e-05,9.999999747e-05,97302.54688,18.12092018,3.83828196
174.3999939,180.0526812,85.15070056,23.22244633,70.3896904,1.032469718,170.4485865,6.488267899,297.9405212,0,147.8899841,9.999999747e-05,61.89504242,97351.08594,18.18851662,3.484710093
174.6000061,180.0526812,85.15070056,23.22244633,70.3896904,1.032469718,149.3105499,6.493008614,297.8733826,0,153.086319,9.999999747e-05,9.999999747e-05,97396.375,18.18020439,3.506582305
174.8000031,180.0526812,85.15070056,23.22244633,70.3896904,1.032469718,170.4485865,6.498780727,297.9397278,0,156.3961029,9.999999747e-05,62.01195145,97446.69531,18.20242119,3.533416118
175,180.0526812,85.15070056,23.22244633,70.3896904,1.032469718,170.4485865,6.505092144,297.8721924,0,157.4001007,9.999999747e-05,9.999999747e-05,97497.25,18.20721817,3.563339111
175.1999969,180.0526812,85.15070056,23.22244633,70.3896904,1.032469718,170.4485865,6.50960207,297.93927,0,155.8810577,9.999999747e-05,62.40663147,97547.41406,18.20285225,3.509674202
175.3999939,180.0526812,79.59530411,23.40574238,70.3896904,1.032469718,170.4485865,6.516580582,297.8719788,0,152.5656738,9.999999747e-05,9.999999747e-05,97595.53125,18.22078896,3.357127181
175.6000061,180.0526812,85.15070056,23.66617227,70.3896904,1.032469718,162.2038878,6.520298958,297.9394226,0,146.4449615,9.999999747e-05,62.5725975,97642.30469,18.20246506,3.695625535
175.8000031,180.0526812,75.8948685,26.39568426,70.3896904,1.032469718,170.4485865,6.524522305,297.8722534,0,138.855423,9.999999747e-05,9.999999747e-05,97687.3125,18.2129097,3.564921587
176,180.0526812,85.15070056,23.22244633,70.3896904,1.032469718,139.4579344,6.525128841,297.940033,0,129.5644836,9.999999747e-05,62.57155228,97726.03906,18.19103813,3.792375886
176.1999969,180.0526812,85.15070056,25.90267601,70.3896904,1.032469718,170.4485865,6.519809246,297.8725281,0,120.0444565,9.999999747e-05,9.999999747e-05,97769.64062,18.18487167,3.956296679
176.3999939,180.0526812,85.15070056,23.22244633,70.3896904,1.003240033,139.4579344,6.5147686,297.9404907,0,112.6601944,9.999999747e-05,62.6935997,97804.94531,17.93495178,3.768703811
176.6000061,180.0526812,85.15070056,23.22244633,70.3896904,1.032469718,170.4485865,6.508026123,297.8729858,0,107.2723465,9.999999747e-05,9.999999747e-05,97845.53906,18.20137596,3.76240569
176.8000031,180.0526812,85.15070056,23.22244633,70.3896904,1.032469718,170.4485865,6.500743389,297.9401245,0,104.5879517,9.999999747e-05,62.64090729,97885.60938,18.20087242,3.753507412
177,180.0526812,85.15070056,24.12822433,70.3896904,1.032469718,139.4579344,6.494873047,297.8749695,0,104.8128738,9.999999747e-05,9.999999747e-05,97919.6875,18.18151093,3.915890099
177.1999969,180.0526812,85.15070056,23.22244633,70.3896904,1.032469718,155.560749,6.491431713,297.9394836,0,107.3795242,9.999999747e-05,61.33563995,97957.52344,18.20869064,3.88918404
177.3999939,180.0526812,85.15070056,23.22244633,70.3896904,1.032469718,170.4485865,6.488277435,297.8720093,0,111.3192749,9.999999747e-05,9.999999747e-05,97999.13281,18.21540833,3.784637065
177.6000061,180.0526812,85.15070056,23.22244633,70.3896904,1.032469718,139.4579344,6.48796463,297.9381104,0,116.5275345,9.999999747e-05,61.96543503,98035.53125,18.20163155,3.820778056
177.8000031,180.0526812,85.15070056,23.22244633,70.3896904,1.032469718,170.4485865,6.488821983,297.8706665,0,121.8526382,9.999999747e-05,9.999999747e-05,98079.34375,18.22705841,3.780390214
178,180.0526812,85.15070056,23.22244633,70.3896904,1.032469718,140.2775419,6.491196632,297.9381104,0,126.840065,9.999999747e-05,62.62604904,98117.96875,18.20758629,3.751938573
178.1999969,180.0526812,85.15070056,23.22244633,70.3896904,1.032469718,170.4485865,6.493767262,297.870697,0,130.8762817,9.999999747e-05,9.999999747e-05,98163.53906,18.22970581,3.694527066
178.3999939,180.0526812,85.15070056,23.22244633,70.3896904,1.032469718,170.4485865,6.496958733,297.9381409,0,133.8886108,9.999999747e-05,62.94306183,98209.6875,18.23217583,3.675839566
178.6000061,180.0526812,80.06386104,26.85129019,70.3896904,1.032469718,170.4485865,6.498792171,297.8709412,0,135.6229401,9.999999747e-05,9.999999747e-05,98255.38281,18.21255684,3.65133823
178.8000031,180.0526812,85.15070056,23.22244633,70.3896904,1.032469718,170.4485865,6.501241684,297.9380188,0,136.6303253,9.999999747e-05,62.82989502,98301.9375,18.22955894,3.586761957
179,180.0526812,85.15070056,23.22244633,70.3896904,1.032469718,170.4485865,6.505527973,297.870636,0,136.651474,9.999999747e-05,9.999999747e-05,98348.59375,18.24164963,3.700272381
179.1999969,180.0526812,77.59865985,23.22244633,65.78842488,1.032469718,170.4485865,6.513032913,297.9379578,0,134.9540253,9.999999747e-05,62.8570137,98392.88281,18.23575592,3.404749988
179.3999939,180.0526812,85.15070056,23.22244633,70.3896904,1.032469718,170.4485865,6.516222477,297.870575,0,130.2499237,9.999999747e-05,9.999999747e-05,98438.26562,18.24911308,3.799152846
179.6000061,180.0526812,84.43415106,23.99613935,70.3896904,1.032469718,139.4579344,6.517092228,297.9382629,0,124.2945023,9.999999747e-05,62.92284775,98475.99219,18.21842575,3.821253021
179.8000031,180.0526812,85.15070056,23.29110066,70.3896904,1.032469718,170.4485865,6.514350414,297.8709106,0,117.9849701,9.999999747e-05,9.999999747e-05,98518.71875,18.23285675,3.697518243
180,180.0526812,75.0639088,23.22244633,70.3896904,1.032469718,170.4485865,6.514335155,297.9382935,0,112.7764893,9.999999747e-05,62.94152451,98557.625,18.25674629,3.22760998
180.1999969,180.0526812,85.15070056,23.22244633,70.3896904,1.032469718,145.5059965,6.507948399,297.87146,0,107.5536728,9.999999747e-05,9.999999747e-05,98592.99219,18.20612335,3.645209709
180.3999939,180.0526812,85.15070056,23.22244633,70.3896904,1.032469718,170.4485865,6.501412392,297.9376526,0,104.9151764,9.999999747e-05,62.60424805,98632.99219,18.22858047,3.692960418
180.6000061,180.0526812,85.15070056,23.22244633,70.3896904,1.032469718,170.4485865,6.494882584,297.8703613,0,104.8712997,9.999999747e-05,9.999999747e-05,98672.95312,18.22719955,3.656892348
180.8000031,180.0526812,85.15070056,23.22244633,70.3896904,1.032469718,139.4579344,6.488357067,297.9372253,0,107.4387741,9.999999747e-05,62.67198181,98706.95312,18.19715309,3.53906464
181,180.0526812,85.15070056,28.38298996,70.3896904,1.032469718,139.4579344,6.479465961,297.8719177,0,112.6165314,9.999999747e-05,9.999999747e-05,98742.89844,18.15624046,3.839622628
181.1999969,180.0526812,85.15070056,23.22244633,69.420148,1.032469718,139.4579344,6.476774216,297.9371643,0,121.3585129,9.999999747e-05,61.93592834,98779.6875,18.19535255,3.433399662
181.3999939,180.0526812,85.15070056,23.22244633,70.3896904,1.032469718,156.9569389,6.47668457,297.8702087,0,131.1492615,9.999999747e-05,9.999999747e-05,98822.04688,18.22101402,3.400713354
181.6000061,180.0526812,85.15070056,23.22244633,57.59156488,1.032469718,170.4485865,6.490437031,297.9356995,0,140.9871674,9.999999747e-05,62.36429596,98869.11719,18.389328,1.707427305
181.8000031,180.0526812,70.21637817,23.22244633,70.3896904,1.032469718,170.4485865,6.494783878,297.8811646,0,145.2869568,9.999999747e-05,9.999999747e-05,98913.07031,18.28399467,1.798106397
182,180.0526812,85.15070056,23.22244633,66.16959626,1.032469718,170.4485865,6.498929024,297.9340515,0,147.9232025,9.999999747e-05,56.50686264,98961.39844,18.22072029,3.366831945
182.1999969,180.0526812,85.15070056,23.22244633,70.3896904,1.032469718,170.4485865,6.504231453,297.8668518,0,148.8719177,9.999999747e-05,9.999999747e-05,99009.96094,18.25582504,3.441163387
182.3999939,180.0526812,85.15070056,23.22244633,70.3896904,1.032469718,170.4485865,6.50829649,297.9271851,0,147.6952667,9.999999747e-05,60.00946426,99058.21875,18.25335884,3.4084847
182.6000061,180.0526812,85.15070056,23.22244633,70.3896904,1.032469718,170.4485865,6.513473511,297.8600159,0,144.9003448,9.999999747e-05,9.999999747e-05,99106.03125,18.26357079,3.525605534
182.8000031,180.0526812,85.15070056,23.22244633,70.3896904,1.032469718,170.4485865,6.51652956,297.927063,0,140.0270691,9.999999747e-05,63.2205925,99152.82031,18.25959396,3.503877566
183,180.0526812,85.15070056,23.22244633,70.3896904,1.032469718,170.4485865,6.517384529,297.8599243,0,133.9417572,9.999999747e-05,9.999999747e-05,99198.35938,18.25563812,3.49112276
183.1999969,180.0526812,85.15070056,23.22244633,70.3896904,1.032469718,170.4485865,6.516199589,297.9304504,0,127.5149765,9.999999747e-05,64.91150665,99242.60156,18.25261497,3.489008542
183.3999939,180.0526812,85.15070056,23.22244633,70.3896904,1.032469718,170.4485865,6.513563156,297.8633118,0,121.5617371,9.999999747e-05,9.999999747e-05,99285.67969,18.25198936,3.509862781
183.6000061,180.0526812,83.94391436,23.22244633,70.3896904,1.032469718,158.4022393,6.511788368,297.9343567,0,116.6613464,9.999999747e-05,65.10290527,99325.14062,18.2551899,3.570263658
183.8000031,180.0526812,85.15070056,25.64195321,70.3896904,1.032469718,170.4485865,6.505807877,297.867218,0,112.4633102,9.999999747e-05,9.999999747e-05,99366.97656,18.23690796,3.752212648
184,180.0526812,85.15070056,23.22244633,70.3896904,1.032469718,170.4485865,6.501377106,297.9364929,0,110.6740189,9.999999747e-05,64.460289,99408.0625,18.25688934,3.579501751
184.1999969,180.0526812,85.15070056,23.22244633,70.3896904,1.032469718,170.4485865,6.497232437,297.8693542,0,110.6385193,9.999999747e-05,9.999999747e-05,99449.19531,18.25840569,3.570530567
184.3999939,180.0526812,85.15070056,23.22244633,70.3896904,1.032469718,142.2336882,6.496017456,297.9372253,0,112.2649612,9.999999747e-05,63.59108734,99485.08594,18.2536087,3.703421113
184.6000061,180.0526812,82.28564467,27.39951174,70.3896904,1.032469718,139.4579344,6.494325161,297.8745117,0,114.3687668,9.999999747e-05,9.999999747e-05,99520.90625,18.23213577,3.893796434
184.8000031,180.0526812,85.15070056,23.22244633,70.3896904,1.032469718,170.4485865,6.495319843,297.9359741,0,117.1604538,9.999999747e-05,60.8716011,99563.73438,18.2843895,3.723215912
185,180.0526812,76.92031847,27.55086332,70.3896904,1.032469718,139.4579344,6.498242378,297.869751,0,119.5438538,9.999999747e-05,9.999999747e-05,99599.32812,18.25603294,3.694255162
185.1999969,180.0526812,85.15070056,23.22244633,70.3896904,1.032469718,170.4485865,6.499628067,297.9320374,0,120.7605057,9.999999747e-05,61.29007721,99642.89062,18.28487396,3.65519885
185.3999939,180.0526812,85.15070056,24.55926015,70.3896904,1.032469718,139.4579344,6.500639915,297.8655396,0,121.4340897,9.999999747e-05,9.999999747e-05,99680.5,18.25445175,3.755075557
185.6000061,180.0526812,85.15070056,23.22244633,70.3896904,1.032469718,139.4579344,6.502915859,297.9307556,0,121.6992035,9.999999747e-05,62.41385651,99717.96094,18.26840973,3.673489712
185.8000031,180.0526812,85.15070056,23.22244633,70.3896904,1.032469718,170.4485865,6.505152225,297.863678,0,121.0485535,9.999999747e-05,9.999999747e-05,99761.6875,18.29532623,3.699743274
186,180.0526812,85.15070056,23.22244633,70.3896904,1.032469718,170.4485865,6.5053792,297.9309082,0,119.5075989,9.999999747e-05,63.68821716,99804.95312,18.28655815,3.599126371
186.1999969,180.0526812,85.15070056,23.22244633,70.3896904,1.032469718,170.4485865,6.50474453,297.8638611,0,117.8823013,9.999999747e-05,9.999999747e-05,99847.84375,18.28458977,3.570883999
186.3999939,180.0526812,85.15070056,23.22244633,70.3896904,0.9478041045,139.4579344,6.504439831,297.9325256,0,116.5072479,9.999999747e-05,64.14421082,99884.10156,17.55395889,3.602542317
186.6000061,180.0526812,85.15070056,24.64950487,70.3896904,1.032469718,139.4579344,6.501481056,297.8661194,0,115.2502899,9.999999747e-05,9.999999747e-05,99920.22656,18.24626541,3.612605709
186.8000031,180.0526812,83.41408777,23.22244633,70.3896904,1.032469718,139.4579344,6.499515057,297.9342041,0,115.1866226,9.999999747e-05,63.87496567,99955.51562,18.25745773,3.371896638
187,180.0526812,85.15070056,24.74982216,70.3896904,1.032469718,153.9700414,6.495546341,297.8675232,0,115.8975601,9.999999747e-05,9.999999747e-05,99994.59375,18.24993515,3.514336143
187.1999969,180.0526812,85.15070056,23.22244633,70.3896904,1.032469718,148.1124732,6.495090008,297.9345398,0,118.2057419,9.999999747e-05,63.52529526,100032.75,18.26975632,3.49783945
187.3999939,180.0526812,85.15070056,24.20233539,70.3896904,1.032469718,170.4485865,6.493997574,297.8675537,0,120.6785355,9.999999747e-05,9.999999747e-05,100076.0859,18.27719307,3.51838801
187.6000061,180.0526812,85.15070056,23.22244633,68.1011161,1.032469718,170.4485865,6.493283272,297.9336853,0,123.6016006,9.999999747e-05,63.34575653,100119.7031,18.26575279,3.361088768
187.8000031,180.0526812,85.15070056,23.22244633,70.3896904,1.032469718,139.4579344,6.493472576,297.8673096,0,126.8070602,9.999999747e-05,9.999999747e-05,100157.5547,18.25904846,3.334055523
188,180.0526812,85.15070056,23.22244633,70.3896904,1.032469718,170.4485865,6.493954659,297.9326172,0,129.9351654,9.999999747e-05,62.97975922,100202.3359,18.28278542,3.305197735
188.1999969,180.0526812,85.15070056,23.22244633,70.3896904,1.032469718,170.4485865,6.49548769,297.8656921,0,132.8722382,9.999999747e-05,9.999999747e-05,100247.6953,18.28710175,3.313903906
188.3999939,180.0526812,82.84121628,23.22244633,70.3896904,0.918587975,164.5480416,6.500950813,297.9316711,0,135.1936798,9.999999747e-05,63.26524353,100291.8281,17.3480835,3.349172302
188.6000061,180.0526812,85.15070056,25.10889817,70.3896904,1.032469718,170.4485865,6.505259514,297.8647156,0,135.3202515,9.999999747e-05,9.999999747e-05,100338.25,18.29765129,3.66039628
188.8000031,180.0526812,85.15070056,23.47167507,70.3896904,1.032469718,170.4485865,6.510603905,297.9311523,0,133.7398376,9.999999747e-05,63.63239288,100384.0938,18.31476021,3.585038227
189,180.0526812,85.15070056,24.48375479,70.3896904,1.032469718,170.4485865,6.513337612,297.8642273,0,130.0145721,9.999999747e-05,9.999999747e-05,100429.3203,18.30298805,3.622609729
189.1999969,180.0526812,85.15070056,23.22244633,70.3896904,1.032469718,170.4485865,6.516034603,297.9309998,0,125.2075806,9.999999747e-05,63.83841324,100473.4062,18.31611252,3.58146652
189.3999939,180.0526812,85.15070056,24.44906439,70.3896904,1.032469718,170.4485865,6.516135693,297.8640747,0,119.3136139,9.999999747e-05,9.999999747e-05,100516.5625,18.30669212,3.690095153
189.6000061,180.0526812,85.15070056,23.22244633,70.3896904,1.032469718,170.4485865,6.515299797,297.9309692,0,113.3875961,9.999999747e-05,63.94988632,100558.3281,18.31576538,3.620360566
189.8000031,180.0526812,85.15070056,23.22244633,70.3896904,1.032469718,170.4485865,6.512877464,297.8640747,0,107.7907486,9.999999747e-05,9.999999747e-05,100599.0156,18.31611061,3.641544356
190,180.0526812,85.15070056,23.22244633,70.3896904,1.032469718,170.4485865,6.50756979,297.9309387,0,103.1650925,9.999999747e-05,63.98291016,100638.6562,18.30421638,3.531192149
190.1999969,180.0526812,85.15070056,23.22244633,70.3896904,1.032469718,170.4485865,6.502298355,297.8640747,0,100.6668472,9.999999747e-05,9.999999747e-05,100677.8672,18.30868912,3.57221984
190.3999939,180.0526812,85.15070056,23.22244633,70.3896904,1.032469718,170.4485865,6.496845245,297.9308472,0,100.2677307,9.999999747e-05,63.97335434,100716.9922,18.30711365,3.536016894
190.6000061,180.0526812,85.15070056,24.77986545,70.3896904,1.032469718,170.4485865,6.491368294,297.8639832,0,102.0506668,9.999999747e-05,9.999999747e-05,100756.7969,18.29790115,3.638387025
190.8000031,180.0526812,85.15070056,23.22244633,70.3896904,1.032469718,139.4579344,6.489586353,297.9320374,0,106.0239105,9.999999747e-05,63.9579277,100790.8594,18.2968502,3.574090967
191,180.0526812,85.15070056,23.22244633,70.3896904,1.032469718,139.4579344,6.490533352,297.8668518,0,110.6977005,9.999999747e-05,9.999999747e-05,100825.9922,18.30789375,3.630336654
191.1999969,180.0526812,85.15070056,23.22244633,70.3896904,1.032469718,170.4485865,6.492368221,297.9318237,0,114.9955063,9.999999747e-05,63.2112999,100868.3359,18.33174515,3.590497871
191.3999939,180.0526812,85.15070056,26.3330284,70.3896904,1.032469718,139.4579344,6.493233681,297.868866,0,118.5652771,9.999999747e-05,9.999999747e-05,100905.6094,18.28663445,3.770156207
191.6000061,180.0526812,85.15070056,23.22244633,65.12697619,1.032176359,139.4579344,6.495361328,297.930542,0,121.7948685,9.999999747e-05,61.36545944,100942.8281,18.26383781,3.426834631
191.8000031,180.0526812,85.15070056,23.22244633,70.3896904,1.032469718,170.4485865,6.498493671,297.8637085,0,124.1660843,9.999999747e-05,9.999999747e-05,100986.9141,18.33031845,3.447163584
192,180.0526812,85.15070056,23.22244633,70.3896904,1.032469718,170.4485865,6.501538754,297.9275513,0,125.2851334,9.999999747e-05,62.71729279,101031.1875,18.330513,3.423365569
192.1999969,180.0526812,74.22510645,23.22244633,65.62994889,1.032469718,170.4485865,6.508251667,297.8611755,0,125.1897125,9.999999747e-05,9.999999747e-05,101072.4062,18.32546425,2.903438796
192.3999939,180.0526812,85.15070056,23.22244633,70.3896904,1.032469718,157.4159322,6.50903511,297.9270935,0,122.3967361,9.999999747e-05,63.63728333,101113.25,18.31506729,3.357724535
192.6000061,180.0526812,85.15070056,23.22244633,70.3896904,1.032469718,141.6183644,6.509139061,297.8609009,0,119.3216629,9.999999747e-05,9.999999747e-05,101150.2109,18.304636,3.385337861
192.8000031,180.0526812,85.15070056,23.22244633,70.3896904,1.032469718,139.4579344,6.509715557,297.9281616,0,116.1881561,9.999999747e-05,64.16358185,101186.1953,18.31227303,3.485654759
193,180.0526812,85.15070056,23.22244633,70.3896904,1.032469718,170.4485865,6.509243488,297.8613892,0,112.8203506,9.999999747e-05,9.999999747e-05,101227.8594,18.33634186,3.509543491
193.1999969,180.0526812,85.15070056,23.22244633,70.3896904,1.032469718,142.9365005,6.507348061,297.9293213,0,109.6462555,9.999999747e-05,64.56522369,101263.1641,18.31167984,3.46670447
193.3999939,180.0526812,85.15070056,23.22244633,70.3896904,1.032469718,170.4485865,6.505590916,297.8625488,0,107.2316818,9.999999747e-05,9.999999747e-05,101303.7109,18.33922386,3.540924667
193.6000061,180.0526812,85.15070056,23.22244633,70.3896904,0.9763702042,139.4579344,6.50310564,297.9311523,0,105.5150299,9.999999747e-05,64.49958038,101337.5,17.84165764,3.502975655
193.8000031,180.0526812,85.15070056,23.22244633,70.3896904,1.032469718,170.4485865,6.500360012,297.8643799,0,104.7953186,9.999999747e-05,9.999999747e-05,101377.5078,18.33722687,3.499763928
194,180.0526812,85.15070056,23.22244633,70.3896904,1.032469718,139.4579344,6.498607635,297.9332886,0,105.1724472,9.999999747e-05,64.29315186,101411.2812,18.31992912,3.528342568
194.1999969,180.0526812,85.15070056,23.22244633,70.3896904,1.032469718,139.4579344,6.498269558,297.8699951,0,106.2464447,9.999999747e-05,9.999999747e-05,101445.3828,18.32880211,3.589651188
194.3999939,180.0526812,85.15070056,23.22244633,70.3896904,1.032469718,170.4485865,6.497939587,297.9322205,0,107.4540482,9.999999747e-05,62.22262955,101486.0703,18.35134315,3.560686142
194.6000061,180.0526812,85.15070056,23.22244633,70.3896904,1.032469718,170.4485865,6.498623848,297.8654785,0,108.7981491,9.999999747e-05,9.999999747e-05,101527.0859,18.35716629,3.587488418
194.8000031,180.0526812,85.15070056,23.22244633,70.3896904,1.032469718,170.4485865,6.499204159,297.9281921,0,109.8653793,9.999999747e-05,62.48791504,101568.2891,18.35559845,3.542918527
195,180.0526812,85.15070056,23.22244633,70.3896904,1.032469718,170.4485865,6.500852108,297.8614807,0,110.703949,9.999999747e-05,9.999999747e-05,101609.7344,18.36327171,3.591609894
195.1999969,180.0526812,85.15070056,23.22244633,70.3896904,1.032469718,170.4485865,6.501933098,297.9260254,0,110.8796539,9.999999747e-05,63.39914703,101651.1719,18.36050415,3.54225218
195.3999939,180.0526812,79.61463145,23.22244633,70.3896904,1.032469718,170.4485865,6.503787041,297.8595581,0,110.6281509,9.999999747e-05,9.999999747e-05,101690.9219,18.36615753,3.194382209
195.6000061,180.0526812,85.15070056,23.22244633,70.3896904,1.032469718,145.09068,6.503739357,297.9261169,0,109.6307526,9.999999747e-05,64.16274261,101726.8203,18.3378849,3.472794478
195.8000031,180.0526812,85.15070056,23.22244633,70.3896904,1.032469718,139.4579344,6.503430367,297.8607178,0,108.6611557,9.999999747e-05,9.999999747e-05,101761.375,18.33481979,3.477446583
196,180.0526812,85.15070056,23.22244633,70.3896904,1.032469718,139.4579344,6.501862049,297.9271851,0,107.8099136,9.999999747e-05,64.1100235,101795.6641,18.32804298,3.398296211
196.1999969,180.0526812,85.15070056,23.22244633,70.3896904,1.032469718,170.4485865,6.500258446,297.8605652,0,107.5893021,9.999999747e-05,9.999999747e-05,101836.2734,18.35256004,3.402770868
196.3999939,180.0526812,85.15070056,23.22244633,70.3896904,1.032469718,170.4485865,6.500083923,297.927124,0,108.0061493,9.999999747e-05,64.49685669,101877.0781,18.36311722,3.484199884
196.6000061,180.0526812,85.15070056,23.22244633,70.3896904,1.032469718,170.4485865,6.501207352,297.8604736,0,108.4879303,9.999999747e-05,9.999999747e-05,101918.0781,18.37321472,3.560920469
196.8000031,180.0526812,85.15070056,23.22244633,70.3896904,1.032469718,139.4579344,6.50204134,297.9297791,0,108.5208206,9.999999747e-05,64.54195404,101952.6797,18.34841156,3.518053623
197,180.0526812,85.15070056,23.22244633,70.3896904,1.032469718,170.4485865,6.503513813,297.8631287,0,108.2251053,9.999999747e-05,9.999999747e-05,101993.6797,18.37953949,3.584995033
197.1999969,180.0526812,85.15070056,23.22244633,70.3896904,1.032469718,170.4485865,6.504607677,297.9299011,0,107.3375092,9.999999747e-05,64.69425964,102034.4922,18.38051987,3.579679527
197.3999939,180.0526812,85.15070056,23.22244633,70.3896904,1.032469718,170.4485865,6.504831314,297.8632507,0,106.0156174,9.999999747e-05,9.999999747e-05,102075,18.3781929,3.546199933
197.6000061,180.0526812,85.15070056,23.22244633,70.3896904,1.032469718,139.4579344,6.504622459,297.9328613,0,104.6058807,9.999999747e-05,64.02890015,102108.8438,18.35515022,3.528850522
197.8000031,180.0526812,85.15070056,24.28687166,70.3896904,1.032469718,169.8582341,6.502850056,297.8662415,0,103.278244,9.999999747e-05,9.999999747e-05,102148.8359,18.36767387,3.578285604
198,180.0526812,85.15070056,23.22244633,70.3896904,1.032469718,170.4485865,6.501717091,297.9316711,0,102.6633835,9.999999747e-05,64.1362915,102188.6328,18.3778019,3.504062941
198.1999969,180.0526812,85.15070056,28.05230111,70.3896904,1.032469718,139.4579344,6.497291088,297.8769226,0,102.4946442,9.999999747e-05,9.999999747e-05,102222.8906,18.31612396,3.767855389
198.3999939,180.0526812,85.15070056,23.22244633,67.18066463,0.9828782197,170.4485865,6.495361328,297.9284363,0,104.1091766,9.999999747e-05,57.40367889,102262.8203,17.92926216,3.353586671
198.6000061,180.0526812,84.79023278,28.27422043,70.3896904,1.032469718,156.6376517,6.490680695,297.8652649,0,106.4767685,9.999999747e-05,9.999999747e-05,102301.1562,18.31704903,3.599572757
198.8000031,180.0526812,85.15070056,23.22244633,70.3896904,1.032469718,170.4485865,6.491504192,297.9195862,0,110.7335968,9.999999747e-05,58.76836395,102342.4375,18.37442207,3.328057401
199,180.0526812,85.15070056,23.22244633,70.3896904,1.032469718,170.4485865,6.492814541,297.8530884,0,114.6342697,9.999999747e-05,9.999999747e-05,102384.4219,18.37173462,3.254076238
199.1999969,180.0526812,85.15070056,23.22244633,70.3896904,1.032469718,158.1944403,6.49552393,297.9161377,0,118.0267563,9.999999747e-05,62.90213394,102424.5781,18.36773872,3.262466507
199.3999939,180.0526812,85.15070056,23.22244633,70.3896904,1.032469718,170.4485865,6.498700619,297.8496704,0,120.3325195,9.999999747e-05,9.999999747e-05,102467.6875,18.37844276,3.251896024
199.6000061,180.0526812,85.15070056,23.22244633,70.3896904,1.032469718,139.4579344,6.501290798,297.9188538,0,121.3704529,9.999999747e-05,65.75670624,102504.5312,18.35142326,3.184225955
199.8000031,180.0526812,84.99127393,23.22244633,70.3896904,1.032469718,139.4579344,6.502748966,297.8529968,0,121.3758698,9.999999747e-05,9.999999747e-05,102541.2266,18.34587288,3.107163209
200,180.0526812,85.15070056,23.22244633,70.3896904,1.032469718,139.4579344,6.501815319,297.9234924,0,120.7998428,9.999999747e-05,66.443367,102577.6562,18.33330917,2.984137005
200.1999969,180.0526812,85.15070056,25.28920287,70.3896904,1.032469718,139.4579344,6.498660088,297.857666,0,120.6014252,9.999999747e-05,9.999999747e-05,102614.3281,18.31305695,3.077265484
200.3999939,180.0526812,85.15070056,23.22244633,70.3896904,1.032469718,139.4579344,6.496498585,297.9268188,0,121.6647339,9.999999747e-05,65.83608246,102650.7578,18.3259697,2.883027074
200.6000061,180.0526812,85.15070056,23.22244633,70.3896904,1.032469718,170.4485865,6.495913506,297.8604126,0,123.5822678,9.999999747e-05,9.999999747e-05,102693.9766,18.35685539,2.9452977
200.8000031,180.0526812,85.15070056,23.22244633,70.3896904,1.032469718,170.4485865,6.496487141,297.9274292,0,125.7319565,9.999999747e-05,65.12689209,102737.6484,18.36242676,2.975687831
201,180.0526812,85.15070056,23.22244633,70.3896904,1.032469718,170.4485865,6.498603821,297.8609924,0,127.6532593,9.999999747e-05,9.999999747e-05,102781.75,18.37057877,3.033653525
201.1999969,180.0526812,85.15070056,23.22244633,70.3896904,1.032469718,170.4485865,6.501775742,297.9265442,0,128.7265625,9.999999747e-05,64.47118378,102826.1094,18.37744331,3.082237644
201.3999939,180.0526812,85.15070056,23.22244633,70.3896904,1.032469718,170.4485865,6.503819942,297.8601685,0,128.5326538,9.999999747e-05,9.999999747e-05,102870.3516,18.37311935,3.029421041
201.6000061,180.0526812,85.15070056,23.22244633,70.3896904,1.032469718,170.4485865,6.504231453,297.9252319,0,127.5281677,9.999999747e-05,64.27070618,102914.2734,18.36666107,2.958400696
201.8000031,180.0526812,85.15070056,23.22244633,70.3896904,1.032469718,170.4485865,6.503034115,297.8588867,0,126.3607101,9.999999747e-05,9.999999747e-05,102957.8516,18.35996437,2.88797232
202,180.0526812,85.15070056,23.22244633,70.3896904,1.032469718,170.4485865,6.503109455,297.9241028,0,125.6722794,9.999999747e-05,64.39362335,103001.3828,18.36884117,2.968982359
202.1999969,180.0526812,85.15070056,23.22244633,70.3896904,1.032469718,170.4485865,6.502258301,297.8577881,0,124.9444351,9.999999747e-05,9.999999747e-05,103044.7109,18.3655529,2.930536021
202.3999939,180.0526812,85.15070056,23.22244633,70.3896904,1.032469718,170.4485865,6.502253056,297.9234619,0,124.5642166,9.999999747e-05,64.65016937,103088.0234,18.37197304,2.983320871
202.6000061,180.0526812,85.15070056,23.22244633,70.3896904,1.032469718,170.4485865,6.502915382,297.8571167,0,124.1802368,9.999999747e-05,9.999999747e-05,103131.3203,18.37764168,3.029941063
202.8000031,180.0526812,85.15070056,23.22244633,70.3896904,1.032469718,151.8589134,6.504087448,297.9235229,0,123.5318451,9.999999747e-05,64.89002991,103170.7344,18.36901093,3.066139405
203,180.0526812,85.15070056,26.36730279,70.3896904,1.032469718,170.4485865,6.502233982,297.8572083,0,122.4150772,9.999999747e-05,9.999999747e-05,103214.2969,18.35636139,3.250338742
203.1999969,180.0526812,85.15070056,23.22244633,70.3896904,1.032469718,139.4579344,6.502567291,297.9241028,0,122.0514069,9.999999747e-05,65.05186462,103250.875,18.35893822,3.033206738
203.3999939,180.0526812,85.15070056,23.22244633,70.3896904,1.032469718,170.4485865,6.502644062,297.8577881,0,121.5375061,9.999999747e-05,9.999999747e-05,103293.7422,18.38247681,3.032763053
203.6000061,180.0526812,85.15070056,23.22244633,67.63363307,1.032469718,170.4485865,6.502361298,297.9240112,0,121.0007858,9.999999747e-05,65.05181885,103336.4922,18.36468887,3.019472026
203.8000031,180.0526812,85.15070056,23.22244633,70.3896904,1.032469718,170.4485865,6.503656864,297.8576965,0,120.5773621,9.999999747e-05,9.999999747e-05,103379.3125,18.39404297,3.120951841
204,180.0526812,85.15070056,23.22244633,70.3896904,1.032469718,139.4579344,6.505550861,297.9240723,0,119.6295319,9.999999747e-05,64.90286255,103415.6641,18.37763405,3.167019312
204.1999969,180.0526812,85.15070056,23.22244633,70.3896904,1.032469718,170.4485865,6.507340908,297.8577576,0,117.9272003,9.999999747e-05,9.999999747e-05,103458.1094,18.40503693,3.213629663
204.3999939,180.0526812,85.15070056,23.22244633,70.3896904,1.032469718,170.4485865,6.508307934,297.9235229,0,115.5111008,9.999999747e-05,64.92986298,103500.0859,18.4054985,3.215937104
204.6000061,180.0526812,85.15070056,26.66565749,70.3896904,1.032469718,165.651413,6.505031109,297.8573303,0,112.7105179,9.999999747e-05,9.999999747e-05,103541.0703,18.3682518,3.365877876
204.8000031,180.0526812,85.15070056,23.22244633,70.3896904,1.032469718,139.4579344,6.50344944,297.9234009,0,111.2319489,9.999999747e-05,64.82695007,103575.7344,18.37327194,3.110291043
205,180.0526812,85.15070056,23.3590095,70.3896904,1.032469718,170.4485865,6.501935482,297.8571472,0,110.3668671,9.999999747e-05,9.999999747e-05,103616.6562,18.39857674,3.146020439
205.1999969,180.0526812,85.15070056,23.22244633,64.35367295,1.032469718,139.4579344,6.500962257,297.9234009,0,110.1124878,9.999999747e-05,64.96710968,103651.1797,18.33929062,3.148824255
205.3999939,180.0526812,85.15070056,23.22244633,70.3896904,1.032469718,161.9109487,6.49959898,297.8572998,0,110.2460022,9.999999747e-05,9.999999747e-05,103690.2969,18.3950634,3.120265647
205.6000061,180.0526812,82.65313695,23.22244633,70.3896904,1.032469718,170.4485865,6.499691963,297.9229126,0,110.9277344,9.999999747e-05,64.92919159,103730.6562,18.41099167,3.029324011
205.8000031,180.0526812,85.15070056,23.22244633,70.3896904,1.032469718,170.4485865,6.499024868,297.8566895,0,111.5663757,9.999999747e-05,9.999999747e-05,103771.7969,18.40581512,3.123825135
206,180.0526812,85.15070056,23.22244633,70.3896904,1.032207658,170.4485865,6.499875069,297.9221191,0,112.4788895,9.999999747e-05,64.93552399,103813.2188,18.413908,3.199108956
206.1999969,180.0526812,72.97832648,23.22244633,70.3896904,1.032469718,170.4485865,6.505570412,297.8563232,0,113.0438995,9.999999747e-05,9.999999747e-05,103851.4062,18.44876099,2.66771063
206.3999939,180.0526812,85.15070056,23.22244633,70.3896904,1.032469718,169.6672879,6.505916595,297.9214783,0,111.3198318,9.999999747e-05,64.83773041,103892.3828,18.41796684,3.201783207
206.6000061,180.0526812,85.15070056,26.77471076,70.3896904,1.032469718,170.4485865,6.504087448,297.8555908,0,109.4903107,9.999999747e-05,9.999999747e-05,103933.8672,18.39815521,3.482436577
206.8000031,180.0526812,85.15070056,23.22244633,70.3896904,1.032469718,139.4579344,6.504930973,297.9234009,0,108.382515,9.999999747e-05,64.948349,103968.1562,18.40742493,3.292919576
207,180.0526812,85.15070056,23.22244633,70.3896904,1.032469718,170.4485865,6.504825115,297.8571777,0,106.9214706,9.999999747e-05,9.999999747e-05,104008.4844,18.42783737,3.26599476
207.1999969,180.0526812,85.15070056,23.22244633,70.3896904,1.032469718,170.4485865,6.504480362,297.9232483,0,105.5145493,9.999999747e-05,65.38577271,104048.5469,18.43027496,3.277086772
207.3999939,180.0526812,85.15070056,23.22244633,70.3896904,1.032469718,170.4485865,6.503786564,297.8570557,0,104.2432938,9.999999747e-05,9.999999747e-05,104088.3516,18.43133354,3.276432912
207.6000061,180.0526812,85.15070056,23.22244633,70.3896904,1.032469718,139.4579344,6.503121853,297.9259949,0,103.2499161,9.999999747e-05,64.97036743,104121.6172,18.41100311,3.278378206
207.8000031,180.0526812,85.15070056,23.22244633,70.3896904,1.032469718,170.4485865,6.501790047,297.8598022,0,102.5212173,9.999999747e-05,9.999999747e-05,104161.0703,18.43163681,3.252773455
208,180.0526812,85.15070056,23.22244633,67.18959546,0.8996658008,139.4579344,6.500473022,297.9283142,0,102.3274384,9.999999747e-05,65.1411972,104194.1094,17.26866913,3.227904118
208.1999969,180.0526812,85.15070056,23.22244633,70.3896904,1.032469718,170.4485865,6.499390602,297.8620911,0,102.6582184,9.999999747e-05,9.999999747e-05,104233.6094,18.43407631,3.23688507
208.3999939,180.0526812,85.15070056,23.22244633,70.3896904,1.032469718,170.4485865,6.499258041,297.926239,0,103.4213181,9.999999747e-05,64.56804657,104273.3203,18.4407196,3.272583404
208.6000061,180.0526812,69.668755,23.22244633,70.3896904,1.032469718,170.4485865,6.505614758,297.8605957,0,104.2350235,9.999999747e-05,9.999999747e-05,104308.9297,18.48400307,2.582220168
208.8000031,180.0526812,85.15070056,23.22244633,70.3896904,1.032469718,139.4579344,6.503460884,297.9243164,0,102.4878769,9.999999747e-05,63.60868835,104341.8984,18.40635872,3.136883348
209,180.0526812,85.15070056,23.22244633,70.3896904,1.032469718,139.4579344,6.500609398,297.8592834,0,101.651001,9.999999747e-05,9.999999747e-05,104374.6484,18.40339661,3.11081133
209.1999969,180.0526812,85.15070056,23.22244633,70.3896904,1.032469718,156.059864,6.497915268,297.9216309,0,101.9296722,9.999999747e-05,63.59044647,104410.8594,18.41646576,3.104204479
209.3999939,180.0526812,85.15070056,23.22244633,70.3896904,1.032469718,139.4579344,6.496055603,297.8562927,0,103.2832489,9.999999747e-05,9.999999747e-05,104443.9531,18.40719986,3.10333849
209.6000061,180.0526812,85.15070056,23.22244633,70.3896904,1.032469718,139.4579344,6.494416237,297.9195862,0,105.3784943,9.999999747e-05,63.9197731,104477.4141,18.40473175,3.051152383
209.8000031,180.0526812,85.15070056,23.22244633,70.3896904,1.032469718,170.4485865,6.493179798,297.8535156,0,108.1314087,9.999999747e-05,9.999999747e-05,104517.75,18.42613602,3.013651164
210,180.0526812,85.15070056,23.22244633,70.3896904,1.032469718,170.4485865,6.493340969,297.9182129,0,111.3782883,9.999999747e-05,64.94095612,104558.75,18.43104172,3.021590045
210.1999969,180.0526812,69.668755,23.22244633,70.3896904,1.032469718,170.4485865,6.501358032,297.8526917,0,114.5573654,9.999999747e-05,9.999999747e-05,104596.2344,18.48066139,2.41112357
210.3999939,180.0526812,85.15070056,23.22244633,70.3896904,1.032469718,170.4485865,6.502734184,297.9180298,0,114.5083466,9.999999747e-05,65.30026245,104637.8516,18.43810463,3.044428285
210.6000061,180.0526812,85.15070056,23.22244633,70.3896904,1.032469718,139.4579344,6.50316,297.8525391,0,113.955719,9.999999747e-05,9.999999747e-05,104672.9141,18.41117668,2.99962343
210.8000031,180.0526812,85.15070056,23.22244633,70.3896904,1.032469718,139.4579344,6.503549576,297.9187317,0,113.2146988,9.999999747e-05,65.46678925,104707.8281,18.41326141,3.009117687
211,180.0526812,85.15070056,23.22244633,70.3896904,1.032469718,170.4485865,6.503815651,297.8526917,0,112.3149872,9.999999747e-05,9.999999747e-05,104748.9453,18.43846703,3.031886942
211.1999969,180.0526812,85.15070056,23.22244633,70.3896904,1.032469718,139.4579344,6.503035069,297.9194946,0,111.3091965,9.999999747e-05,65.81668854,104783.4062,18.41064262,2.968019157
211.3999939,180.0526812,85.15070056,23.22244633,70.3896904,1.032469718,170.4485865,6.502066612,297.8534851,0,110.6186371,9.999999747e-05,9.999999747e-05,104824.1094,18.43452263,2.976670549
211.6000061,180.0526812,85.15070056,23.22244633,70.3896904,1.025414678,139.4579344,6.500556946,297.9201965,0,110.3126831,9.999999747e-05,65.81088257,104858.3125,18.34932137,2.92603868
211.8000031,180.0526812,85.15070056,26.69934612,70.3896904,1.032469718,153.3091651,6.497055054,297.8544922,0,110.6118469,9.999999747e-05,9.999999747e-05,104896.0859,18.39406776,3.146632805
212,180.0526812,74.69259988,23.22244633,67.2741108,1.032469718,139.4579344,6.500488758,297.9208374,0,112.3164291,9.999999747e-05,65.48432922,104927.8984,18.41955185,2.497582541
212.1999969,180.0526812,85.15070056,23.22244633,70.3896904,1.032469718,170.4485865,6.499249458,297.8548584,0,112.6183853,9.999999747e-05,9.999999747e-05,104968.8984,18.43178177,2.880394074
212.3999939,180.0526812,85.15070056,23.22244633,70.3896904,1.032469718,170.4485865,6.498483658,297.9200439,0,113.453598,9.999999747e-05,65.41034698,105010.0781,18.43501854,2.897273289
212.6000061,180.0526812,85.15070056,23.22244633,70.3896904,1.032469718,170.4485865,6.498323917,297.8540649,0,114.5786362,9.999999747e-05,9.999999747e-05,105051.4922,18.43818855,2.905712237
212.8000031,180.0526812,85.15070056,23.22244633,70.3896904,1.032469718,170.4485865,6.498250961,297.9188843,0,115.7672119,9.999999747e-05,65.27416229,105093.125,18.43813324,2.882259481
213,180.0526812,85.15070056,23.22244633,70.3896904,1.032469718,170.4485865,6.497256756,297.8529663,0,116.9865494,9.999999747e-05,9.999999747e-05,105134.8828,18.43137741,2.798044016
213.1999969,180.0526812,85.15070056,23.22244633,70.3896904,1.032469718,170.4485865,6.497385502,297.9179688,0,118.6068039,9.999999747e-05,65.39607239,105177.0078,18.43725967,2.82737564
213.3999939,180.0526812,85.15070056,23.46012912,70.3896904,1.032469718,139.4579344,6.497432232,297.8526306,0,120.1689835,9.999999747e-05,9.999999747e-05,105213.0859,18.41176224,2.803960037
213.6000061,180.0526812,85.15070056,23.22244633,61.07442385,1.032469718,170.4485865,6.497555256,297.9174194,0,121.7164001,9.999999747e-05,65.33255005,105255.7578,18.37237167,2.765784208
213.8000031,180.0526812,85.15070056,23.22244633,70.3896904,1.032469718,162.1270144,6.498784065,297.8516846,0,123.2140121,9.999999747e-05,9.999999747e-05,105297.0625,18.43528748,2.796731118
214,180.0526812,85.15070056,23.22244633,70.3896904,1.032469718,170.4485865,6.500461578,297.9169312,0,124.2166748,9.999999747e-05,65.59146881,105340.2891,18.44459343,2.809175203
214.1999969,180.0526812,85.15070056,23.22244633,70.3896904,1.032469718,170.4485865,6.502653599,297.8510437,0,124.550415,9.999999747e-05,9.999999747e-05,105383.6172,18.44891548,2.834495549
214.3999939,180.0526812,85.15070056,23.22244633,70.3896904,1.032469718,170.4485865,6.50423336,297.916748,0,124.0070877,9.999999747e-05,65.86973572,105426.7891,18.44773102,2.812957054
214.6000061,180.0526812,85.15070056,23.22244633,70.3896904,1.032469718,170.4485865,6.505590439,297.8508606,0,122.83564,9.999999747e-05,9.999999747e-05,105469.7344,18.44937706,2.822523743
214.8000031,180.0526812,85.15070056,23.22244633,70.3896904,1.032469718,170.4485865,6.506764889,297.9167786,0,121.1201401,9.999999747e-05,66.01454926,105512.3516,18.45220375,2.844600094
215,180.0526812,85.15070056,23.22244633,70.3896904,1.032469718,170.4485865,6.506764412,297.8509216,0,118.9347076,9.999999747e-05,9.999999747e-05,105554.4922,18.44917297,2.817435674
215.1999969,180.0526812,85.15070056,23.22244633,70.3896904,0.9421352721,170.4485865,6.505375862,297.9168091,0,116.7527695,9.999999747e-05,66.04981232,105596.1172,17.68570518,2.772670965
215.3999939,180.0526812,85.15070056,23.22244633,70.3896904,1.032469718,139.4579344,6.504589558,297.851532,0,115.1270218,9.999999747e-05,9.999999747e-05,105631.125,18.42816162,2.819331788
215.6000061,180.0526812,85.15070056,23.22244633,70.3896904,1.032469718,170.4485865,6.504052639,297.9167175,0,113.8093872,9.999999747e-05,65.75271606,105672.3047,18.45602798,2.869087694
215.8000031,180.0526812,85.15070056,25.783391,70.3896904,1.032469718,139.4579344,6.501795292,297.851593,0,112.7076187,9.999999747e-05,9.999999747e-05,105707.3828,18.41547394,3.023824385
216,180.0526812,85.15070056,23.22244633,70.3896904,1.032469718,151.2185255,6.500817776,297.916626,0,112.515213,9.999999747e-05,65.52612305,105744.3594,18.44216728,2.84284727
216.1999969,180.0526812,85.15070056,23.22244633,70.3896904,1.032469718,170.4485865,6.500776768,297.850769,0,112.704155,9.999999747e-05,9.999999747e-05,105785.4141,18.46321678,2.891811484
216.3999939,180.0526812,85.15070056,23.22244633,70.3896904,1.032469718,170.4485865,6.501084328,297.9160156,0,112.9105225,9.999999747e-05,65.85083771,105826.5391,18.46661758,2.904286401
216.6000061,180.0526812,74.79134699,23.22244633,70.3896904,1.032469718,170.4485865,6.50550127,297.8505554,0,112.995636,9.999999747e-05,9.999999747e-05,105864.8906,18.49563026,2.494931557
216.8000031,180.0526812,85.15070056,23.22244633,70.3896904,1.032469718,170.4485865,6.506063461,297.9156799,0,111.3016357,9.999999747e-05,65.84000397,105905.7734,18.47472954,2.957304134
217,180.0526812,85.15070056,23.22244633,70.3896904,1.032469718,170.4485865,6.504917622,297.849884,0,109.4084625,9.999999747e-05,9.999999747e-05,105946.1797,18.46762466,2.898647075
217.1999969,180.0526812,85.15070056,23.22244633,70.3896904,1.032469718,170.4485865,6.502892494,297.9153442,0,107.9669037,9.999999747e-05,66.04862976,105986.25,18.46454811,2.861844785
217.3999939,180.0526812,85.15070056,23.22244633,70.3896904,1.032469718,170.4485865,6.501345158,297.8495483,0,107.3328934,9.999999747e-05,9.999999747e-05,106026.2422,18.4695282,2.893729503
217.6000061,180.0526812,85.15070056,23.22244633,70.3896904,1.032469718,170.4485865,6.499361515,297.9152527,0,107.3135147,9.999999747e-05,66.19527435,106066.1797,18.46695328,2.854005223
217.8000031,180.0526812,85.15070056,24.01891358,70.3896904,1.032469718,170.4485865,6.496370792,297.8494873,0,108.090477,9.999999747e-05,9.999999747e-05,106106.3438,18.45601654,2.839647041
218,180.0526812,74.8381991,23.22244633,70.3896904,1.032469718,139.4579344,6.498232365,297.9161377,0,110.0655746,9.999999747e-05,66.25328827,106137.5781,18.46572876,2.353616047
218.1999969,180.0526812,85.15070056,23.22244633,70.3896904,1.032469718,170.4485865,6.496926308,297.8503723,0,111.2768936,9.999999747e-05,9.999999747e-05,106178.2188,18.46600342,2.779189463
218.3999939,180.0526812,83.3341001,23.22244633,70.3896904,1.032469718,170.4485865,6.497123241,297.9161987,0,113.0365906,9.999999747e-05,66.31202698,106218.7344,18.47486305,2.730941626
218.6000061,180.0526812,85.15070056,23.22244633,70.3896904,1.032469718,170.4485865,6.496817112,297.8504639,0,114.7024918,9.999999747e-05,9.999999747e-05,106260.0391,18.46970367,2.770383836
218.8000031,180.0526812,85.15070056,23.22244633,70.3896904,1.032469718,139.4579344,6.498440266,297.9162292,0,116.4971924,9.999999747e-05,66.08466339,106295.4297,18.45807266,2.833444745
219,180.0526812,85.15070056,23.22244633,70.3896904,1.032469718,142.8777384,6.501260757,297.8509827,0,117.634697,9.999999747e-05,9.999999747e-05,106331.8359,18.46837234,2.8833155
219.1999969,180.0526812,85.15070056,23.22244633,70.3896904,1.032469718,170.4485865,6.504115105,297.9155884,0,117.6463318,9.999999747e-05,65.82062531,106373.9297,18.49113655,2.898762445
219.3999939,180.0526812,85.15070056,23.22244633,70.3896904,1.032469718,170.4485865,6.505599976,297.849884,0,116.5198975,9.999999747e-05,9.999999747e-05,106415.7109,18.48549652,2.841463114
219.6000061,180.0526812,85.15070056,23.22244633,70.3896904,1.032469718,170.4485865,6.505856514,297.9145813,0,114.8041153,9.999999747e-05,65.89246368,106457.0859,18.48148346,2.799504004
219.8000031,180.0526812,85.15070056,23.22244633,70.3896904,1.032469718,139.4579344,6.505645752,297.8494263,0,112.9853668,9.999999747e-05,9.999999747e-05,106491.7266,18.45918274,2.789725695
220,180.0526812,85.15070056,23.22244633,70.3896904,1.032469718,169.2575367,6.504237652,297.9139404,0,111.2486038,9.999999747e-05,65.82671356,106532.0859,18.47686005,2.758391778
220.1999969,180.0526812,85.15070056,23.22244633,70.3896904,1.032469718,170.4485865,6.502547741,297.8482666,0,110.0774536,9.999999747e-05,9.999999747e-05,106572.4453,18.47823143,2.755542739
220.3999939,180.0526812,85.15070056,23.22244633,70.3896904,1.032469718,170.4485865,6.501521111,297.9133606,0,109.5793915,9.999999747e-05,66.17668915,106612.7734,18.48450089,2.797040638
220.6000061,180.0526812,73.22807909,23.22244633,70.3896904,1.032469718,170.4485865,6.504089355,297.848114,0,109.4889526,9.999999747e-05,9.999999747e-05,106649.7734,18.5096035,2.274393221
220.8000031,180.0526812,85.15070056,23.22244633,70.3896904,1.032469718,139.4579344,6.501968861,297.9138184,0,108.3614349,9.999999747e-05,66.22956085,106683.3828,18.45751381,2.731408921
221,180.0526812,85.15070056,23.22244633,70.3896904,1.032469718,170.4485865,6.500544071,297.8481445,0,108.1089706,9.999999747e-05,9.999999747e-05,106723.3828,18.48694801,2.7969033
221.1999969,180.0526812,85.15070056,23.22244633,70.3896904,1.032469718,170.4485865,6.49805212,297.9137268,0,108.4092331,9.999999747e-05,66.49092865,106763.3281,18.47929382,2.71260275
221.3999939,180.0526812,85.15070056,23.22244633,70.3896904,1.032469718,170.4485865,6.497100353,297.8480835,0,109.7120132,9.999999747e-05,9.999999747e-05,106803.6172,18.48822784,2.766746569
221.6000061,180.0526812,76.80120604,23.22244633,70.3896904,1.032469718,167.8168802,6.499547482,297.9138794,0,111.3870163,9.999999747e-05,66.46800995,106841.4297,18.50787926,2.424946311
221.8000031,180.0526812,75.60891032,28.38298996,70.3896904,1.032469718,170.4485865,6.500142097,297.8485718,0,112.0769424,9.999999747e-05,9.999999747e-05,106880.5938,18.48110962,2.751458318
222,180.0526812,85.15070056,23.22244633,70.3896904,1.032469718,169.3434762,6.500030994,297.9136658,0,112.5459137,9.999999747e-05,66.32582092,106921.2109,18.49235916,2.756234132
222.1999969,180.0526812,85.15070056,23.22244633,70.3896904,1.032469718,170.4485865,6.500102997,297.848053,0,113.0558167,9.999999747e-05,9.999999747e-05,106962.1562,18.49459076,2.751076639
222.3999939,180.0526812,85.15070056,23.22244633,70.3896904,1.032469718,170.4485865,6.50012064,297.9131165,0,113.5339355,9.999999747e-05,66.34988403,107003.1875,18.49461365,2.731958652
222.6000061,180.0526812,85.15070056,23.22244633,70.3896904,1.032469718,170.4485865,6.499463558,297.8475342,0,114.0057983,9.999999747e-05,9.999999747e-05,107044.2266,18.49018478,2.676303016
222.8000031,180.0526812,85.15070056,23.22244633,70.3896904,1.032469718,146.0386449,6.499817848,297.9131165,0,114.7426453,9.999999747e-05,66.43527985,107080.4688,18.47879982,2.703820413
223,180.0526812,85.15070056,24.65053153,70.3896904,1.032469718,170.4485865,6.498394966,297.8475342,0,115.3322372,9.999999747e-05,9.999999747e-05,107122.0156,18.48016548,2.732267277
223.1999969,180.0526812,85.15070056,23.22244633,70.3896904,1.032469718,170.4485865,6.498435497,297.9128723,0,116.5000458,9.999999747e-05,66.5594635,107163.5625,18.49393272,2.648790724
223.3999939,180.0526812,80.97416441,23.22244633,70.3896904,1.032469718,139.4579344,6.499968052,297.8479919,0,117.641243,9.999999747e-05,9.999999747e-05,107197.8047,18.4806385,2.455787264
223.6000061,180.0526812,85.15070056,23.22244633,70.3896904,1.032469718,170.4485865,6.50016737,297.9125061,0,118.1691818,9.999999747e-05,66.18544769,107239.6484,18.49469566,2.619222259
223.8000031,180.0526812,85.15070056,23.97113764,70.3896904,1.032469718,170.4485865,6.497077465,297.8470154,0,118.6263962,9.999999747e-05,9.999999747e-05,107281.4766,18.47184372,2.502935232
224,180.0526812,78.51713043,23.22244633,59.35150601,1.032469718,170.4485865,6.496875763,297.9120789,0,120.3262634,9.999999747e-05,66.37851715,107321.7109,18.4181366,2.18477735
224.1999969,180.0526812,85.15070056,23.22244633,70.3896904,1.032469718,170.4485865,6.494756699,297.8465881,0,122.0867691,9.999999747e-05,9.999999747e-05,107364.0156,18.47769928,2.413048842
224.3999939,180.0526812,85.15070056,23.22244633,70.3896904,1.032469718,170.4485865,6.494713783,297.9117737,0,124.7103577,9.999999747e-05,66.59486389,107406.9375,18.48830605,2.483984289
224.6000061,180.0526812,76.46940486,23.22244633,70.3896904,1.032469718,170.4485865,6.499711514,297.8465576,0,127.3382187,9.999999747e-05,9.999999747e-05,107448.1406,18.51946831,2.225811724
224.8000031,180.0526812,80.27404152,23.22244633,70.3896904,1.032469718,139.4579344,6.504463673,297.912262,0,127.9570923,9.999999747e-05,66.54371643,107484.1641,18.49530029,2.411707315
225,180.0526812,85.15070056,23.22244633,70.3896904,1.032469718,170.4485865,6.507603168,297.8467712,0,126.6919556,9.999999747e-05,9.999999747e-05,107527.6484,18.51069069,2.644241825
225.1999969,180.0526812,85.15070056,23.22244633,70.3896904,1.032469718,162.6770981,6.511526585,297.9121094,0,124.1756668,9.999999747e-05,66.72129059,107569.1562,18.51584435,2.735658669
225.3999939,180.0526812,85.15070056,23.22244633,70.3896904,1.032469718,170.4485865,6.512783051,297.8466187,0,120.0822601,9.999999747e-05,9.999999747e-05,107611.3359,18.51239395,2.671872723
225.6000061,180.0526812,85.15070056,23.22244633,70.3896904,1.032469718,170.4485865,6.513017654,297.9116516,0,115.4974365,9.999999747e-05,66.66065979,107652.625,18.5141983,2.695578714
225.8000031,180.0526812,85.15070056,27.40189546,70.3896904,1.032469718,155.8811664,6.510048389,297.8482666,0,110.8137207,9.999999747e-05,9.999999747e-05,107690.8281,18.47735023,2.962205352
226,180.0526812,85.15070056,23.22244633,70.3896904,1.032469718,139.4579344,6.509624004,297.9122925,0,107.3248596,9.999999747e-05,65.61994934,107724.3047,18.50334358,2.792178519
226.1999969,180.0526812,85.15070056,23.22244633,70.3896904,1.032469718,170.4485865,6.507784843,297.8468018,0,103.9870529,9.999999747e-05,9.999999747e-05,107763.4766,18.52278709,2.774260815
226.3999939,180.0526812,85.15070056,23.22244633,70.3896904,1.032469718,170.4485865,6.505111694,297.9109497,0,101.3978653,9.999999747e-05,66.29528809,107802.1406,18.52233696,2.765199052
226.6000061,180.0526812,85.15070056,23.22244633,70.3896904,1.032469718,170.4485865,6.502607346,297.8454895,0,99.87615204,9.999999747e-05,9.999999747e-05,107840.5781,18.52720451,2.794893509
226.8000031,180.0526812,81.75475527,23.22244633,70.3896904,1.032469718,170.4485865,6.50145483,297.9102173,0,99.35281372,9.999999747e-05,66.58341217,107878.0234,18.53826714,2.674498266
227,180.0526812,85.15070056,23.22244633,70.3896904,1.032469718,170.4485865,6.49972868,297.8447571,0,99.28668213,9.999999747e-05,9.999999747e-05,107916.4609,18.53562737,2.828896238
227.1999969,180.0526812,85.15070056,23.22244633,70.3896904,1.032469718,139.4579344,6.498618603,297.9141846,0,99.91718292,9.999999747e-05,66.87806702,107948.7031,18.51671791,2.827824742
227.3999939,180.0526812,85.15070056,23.22244633,70.3896904,1.032469718,170.4485865,6.497642994,297.8486938,0,100.9879532,9.999999747e-05,9.999999747e-05,107987.5312,18.53848839,2.808687257
227.6000061,180.0526812,85.15070056,23.22244633,69.38942528,1.032469718,170.4485865,6.49779129,297.9144592,0,102.4504852,9.999999747e-05,67.26206207,108026.7109,18.53847885,2.831967958
227.8000031,180.0526812,85.15070056,23.22244633,70.3896904,1.032469718,170.4485865,6.498093605,297.848999,0,103.8502808,9.999999747e-05,9.999999747e-05,108066.1484,18.54368401,2.797677419
228,180.0526812,85.15070056,23.22244633,70.3896904,1.032469718,170.4485865,6.499721527,297.9127502,0,105.1322479,9.999999747e-05,66.2815094,108105.9219,18.55257034,2.841750015
228.1999969,180.0526812,85.15070056,24.95628678,70.3896904,1.032469718,170.4485865,6.501294136,297.8485718,0,105.7593155,9.999999747e-05,9.999999747e-05,108146.2266,18.54761887,2.970558104
228.3999939,180.0526812,85.15070056,23.22244633,70.3896904,1.032469718,170.4485865,6.502957344,297.9107056,0,105.7617264,9.999999747e-05,65.48075867,108186.125,18.55461121,2.818964531
228.6000061,180.0526812,85.15070056,23.22244633,70.3896904,1.032469718,156.4137515,6.50420475,297.8455505,0,105.0983582,9.999999747e-05,9.999999747e-05,108222.9688,18.54351997,2.792272805
228.8000031,180.0526812,85.15070056,23.22244633,70.3896904,1.032469718,170.4485865,6.504211903,297.9085999,0,103.9376831,9.999999747e-05,65.98133087,108262.3672,18.54792404,2.740552172
229,180.0526812,85.15070056,23.22244633,70.3896904,1.032469718,170.4485865,6.502748966,297.8432312,0,102.7768402,9.999999747e-05,9.999999747e-05,108301.4062,18.53939438,2.662997445
229.1999969,180.0526812,85.15070056,23.22244633,70.3896904,1.032469718,159.9427762,6.50203371,297.9078979,0,102.202034,9.999999747e-05,66.73757935,108338.2266,18.53934288,2.7068879
229.3999939,180.0526812,85.15070056,23.22244633,70.3896904,1.032469718,154.2415332,6.501703739,297.842804,0,101.9062119,9.999999747e-05,9.999999747e-05,108373.8359,18.53951454,2.727447742
229.6000061,180.0526812,85.15070056,23.22244633,70.3896904,1.032469718,170.4485865,6.500810146,297.9079895,0,101.743576,9.999999747e-05,67.13568115,108412.6797,18.54803085,2.692209911
