Time Step,Discharge rate,Sugar feed rate,Soil bean feed rate,Aeration rate,Back pressure,Water injection/dilution,pH,Temperature,Acid flow rate,Base flow rate,Cooling water,Heating water,Vessel Weight,Dissolved oxygen concentration,Yield Per Step
0,180.0526812,79.1035904,28.38298996,70.3896904,1.032469718,139.4579344,6.505647182,298.0447083,0,0,2.965773344,9.999999747e-05,61820.92969,18.3871479,0.05758973587
0.200000003,180.0526812,69.668755,28.38298996,57.59156488,1.032469718,139.4579344,6.484908104,298.0126038,0,0,4.642897129,9.999999747e-05,61832.45312,18.36159325,-2.809544042e-05
0.400000006,180.0526812,80.08646087,28.38298996,57.59156488,1.032469718,139.4579344,6.469471931,297.9893494,0,6.624752998,9.999999747e-05,9.999999747e-05,61848.17578,18.34652519,-2.809657649e-05
0.6000000238,180.0526812,79.28627893,27.39329383,57.59156488,1.032469718,139.4579344,6.463076591,297.9696655,0,19.34027672,9.999999747e-05,9.999999747e-05,61865.10938,18.33429337,-2.807553166e-05
0.8000000119,180.0526812,69.668755,28.38298996,57.59156488,0.9231879951,139.4579344,6.466634274,297.95401,0,34.60121918,9.999999747e-05,9.999999747e-05,61882.72656,17.39965248,-2.801408007e-05
1,180.0526812,69.668755,28.38298996,57.59156488,1.032469718,139.4579344,6.479504585,297.9418335,0,48.43533707,9.999999747e-05,9.999999747e-05,61903.23047,18.30761337,-2.791205502e-05
1.200000048,180.0526812,69.668755,28.38298996,57.59156488,1.032469718,139.4579344,6.495656013,297.973938,0,57.12265778,9.999999747e-05,11.36303997,61925.40234,18.2773304,-2.782984151e-05
1.399999976,180.0526812,85.15070056,26.10655435,57.59156488,1.032469718,139.4579344,6.514102459,297.9597473,0,59.36849594,8.98827076,1.136304021,61951.91016,18.27453041,-2.773440556e-05
1.600000024,180.0526812,69.668755,28.38298996,57.59156488,1.032469718,139.4579344,6.52763176,297.9538269,0,54.23872375,2.867115736,0.1136303991,61973.52344,18.24925804,-2.760527553e-05
1.799999952,180.0526812,70.65029704,23.22244633,57.59156488,0.9308608249,170.4485865,6.532951832,297.953949,0,43.72067642,9.999999747e-05,0.01136303972,61998.65234,17.38598824,-2.752633353e-05
2,180.0526812,69.668755,28.38298996,60.72158624,1.032469718,139.4579344,6.528225422,297.9591675,0,31.08588219,9.999999747e-05,0.001136303996,62015.49609,18.21864128,-2.749726374e-05
2.200000048,180.0526812,69.668755,28.38298996,57.59156488,1.032469718,139.4579344,6.515507221,297.9685364,0,20.34815025,0.06828000396,0.0001136303981,62030.17969,18.19765854,-2.752153445e-05
2.400000095,180.0526812,69.668755,28.38298996,57.59156488,0.9934186151,139.4579344,6.49830246,297.9794922,0,14.69184971,1.737898231,9.999999747e-05,62043.64062,17.84154892,-2.758221948e-05
2.599999905,180.0526812,70.33204217,28.38298996,59.05672277,1.032469718,139.4579344,6.482414722,297.9914856,0,15.90654373,4.26081562,9.999999747e-05,62057.57031,18.15841484,-2.765539326e-05
2.799999952,180.0526812,69.668755,28.38298996,57.59156488,0.9157794496,139.4579344,6.471197605,298.0024414,0,23.45763206,7.552455425,9.999999747e-05,62072.78516,17.14432907,-2.771589495e-05
3,180.0526812,69.668755,28.38298996,57.59156488,1.024901481,139.4579344,6.467563152,298.0130615,0,35.48452759,10.91597176,9.999999747e-05,62090.46875,18.04019547,-2.774542705e-05
3.200000048,180.0526812,69.668755,28.38298996,57.59156488,1.028512972,139.4579344,6.471894264,298.0229187,0,48.95520401,14.59720135,9.999999747e-05,62112.97266,18.05115891,-2.773536906e-05
3.400000095,180.0526812,69.668755,28.38298996,57.59156488,1.032469718,139.4579344,6.482615471,298.0318298,0,60.69158936,18.40305519,9.999999747e-05,62137.87891,18.06310272,-2.768671617e-05
3.599999905,180.0526812,69.668755,28.38298996,57.59156488,1.031324408,139.4579344,6.497558117,298.0407715,0,68.14417267,22.26925468,9.999999747e-05,62164.34375,18.03593826,-2.761124465e-05
3.799999952,180.0526812,85.15070056,26.49447576,63.26138222,1.032469718,139.4579344,6.511381626,298.0463867,0,69.62628174,26.4749794,9.999999747e-05,62193.68359,18.03818321,-2.752656983e-05
4,180.0526812,69.668755,28.38298996,57.59156488,1.032469718,139.4579344,6.519990921,298.0505676,0,65.59613037,29.87801361,9.999999747e-05,62218.26562,17.98285103,-2.745162309e-05
4.199999809,180.0526812,69.668755,28.38298996,57.59156488,1.032469718,170.4485865,6.522338867,298.0531921,0,58.13578033,33.01045227,9.999999747e-05,62247.64844,17.95914459,-2.740390853e-05
4.400000095,180.0526812,71.78511076,28.38298996,57.59156488,1.032469718,170.4485865,6.518205166,298.056488,0,49.74000168,35.7834816,9.999999747e-05,62275.86719,17.93340111,-2.738327151e-05
4.599999905,180.0526812,69.668755,28.38298996,57.59156488,1.032469718,139.4579344,6.509379387,298.0627441,0,42.9990387,38.89509964,9.999999747e-05,62295.78906,17.90460777,-2.739021201e-05
4.800000191,180.0526812,69.668755,28.38298996,61.72180508,1.032469718,139.4579344,6.499506474,298.0742493,0,39.78305817,43.15089417,9.999999747e-05,62315.16797,17.90683174,-2.742159024e-05
5,180.0526812,69.668755,28.38298996,57.59156488,1.032469718,139.4579344,6.48837328,298.0784912,0,40.50463867,49.42694855,9.999999747e-05,62334.60547,17.84969139,-2.745730916e-05
5.199999809,180.0526812,69.668755,28.38298996,57.59156488,0.8910756593,139.4579344,6.478661537,298.0779419,0,45.68025589,53.58907318,9.999999747e-05,62355.01172,16.62498665,-2.748107143e-05
5.400000095,180.0526812,69.668755,28.38298996,57.59156488,0.9071876461,139.4579344,6.473928452,298.0810242,0,54.73193741,56.30845261,9.999999747e-05,62377.30078,16.73205757,-2.748858499e-05
5.599999905,180.0526812,69.668755,28.38298996,57.59156488,0.9638362588,139.4579344,6.474641323,298.0851746,0,65.66506195,60.29379272,9.999999747e-05,62401.83984,17.17655563,-2.747539372e-05
5.800000191,180.0526812,69.668755,28.38298996,57.59156488,0.9671818837,139.4579344,6.481116295,298.0927429,0,76.31111145,64.74559784,9.999999747e-05,62428.60938,17.17837143,-2.743898434e-05
6,180.0526812,69.668755,28.38298996,57.59156488,0.9048763593,139.4579344,6.489645481,298.0960999,0,84.36563873,70.51608276,9.999999747e-05,62456.99609,16.61954498,-2.738257428e-05
6.199999809,180.0526812,69.668755,28.38298996,57.59156488,1.032469718,139.4579344,6.498746872,298.0990295,0,89.0202713,75.10325623,9.999999747e-05,62486.32422,17.65299988,-2.731534876e-05
6.400000095,180.0526812,69.668755,26.79503633,57.59156488,1.032469718,139.4579344,6.505282879,298.0976868,0,90.03890991,79.68408203,9.999999747e-05,62515.51172,17.61327744,-2.724853659e-05
6.599999905,180.0526812,69.668755,28.38298996,57.59156488,1.022235509,170.4485865,6.50924778,298.0978088,0,88.45350647,82.91910553,9.999999747e-05,62551.01953,17.49400711,-2.719337273e-05
6.800000191,180.0526812,69.668755,28.38298996,59.37108428,1.032469718,139.4579344,6.507484436,298.0917358,0,85.28237915,86.63500977,9.999999747e-05,62579.41016,17.5356636,-2.714915963e-05
7,180.0526812,69.668755,28.38298996,57.59156488,1.032469718,170.4485865,6.502242088,298.0870972,0,82.82711029,88.20225525,9.999999747e-05,62613.62109,17.48783112,-2.712546505e-05
7.199999809,180.0526812,69.668755,26.00674055,57.59156488,0.9906478853,139.4579344,6.495081425,298.0866089,0,82.46186066,90.08982086,9.999999747e-05,62640.93359,17.09423065,-2.711673062e-05
7.400000095,180.0526812,69.668755,28.38298996,57.59156488,1.032469718,139.4579344,6.488195419,298.0905457,0,84.95596313,93.22220612,9.999999747e-05,62669.20312,17.3969326,-2.712284435e-05
7.599999905,180.0526812,69.668755,28.38298996,57.59156488,0.9803698854,139.4579344,6.48496151,298.1055908,0,90.19737244,97.83023071,9.999999747e-05,62698.64062,16.92622566,-2.713581918e-05
7.800000191,180.0526812,69.668755,28.38298996,57.59156488,0.8529791005,139.4579344,6.483736515,298.1182861,0,96.72135162,106.3886642,9.999999747e-05,62729.42969,15.81583595,-2.71442316e-05
8,180.0526812,69.668755,28.38298996,57.59156488,0.844747951,139.4579344,6.483985901,298.1275635,0,103.7403946,114.6093063,9.999999747e-05,62761.65625,15.69939804,-2.713825549e-05
8.199999809,180.0526812,69.668755,28.38298996,57.59156488,0.844747951,139.4579344,6.485012531,298.1332397,0,110.6613312,122.1546097,9.999999747e-05,62795.28125,15.64922523,-2.711956861e-05
8.399999619,180.0526812,69.668755,28.38298996,57.59156488,0.844747951,139.4579344,6.484305859,298.1264648,0,117.1738205,128.8229675,9.999999747e-05,62830.14453,15.59116173,-2.708672151e-05
8.600000381,180.0526812,79.18512206,28.24827459,57.59156488,0.844747951,139.4579344,6.483643532,298.1221313,0,123.9769974,131.4402313,9.999999747e-05,62868.89062,15.53875065,-2.704835785e-05
8.800000191,180.0526812,69.668755,28.38298996,57.59156488,0.844747951,169.8926385,6.485690594,298.1344604,0,131.0394287,134.7367401,9.999999747e-05,62912.90234,15.49836159,-2.702370394e-05
9,180.0526812,69.668755,28.38298996,57.59156488,0.8795656347,170.4485865,6.48689127,298.1400146,0,137.2744293,143.6055145,9.999999747e-05,62958.27344,15.73670673,-2.700354761e-05
9.199999809,180.0526812,69.668755,28.38298996,57.59156488,0.844747951,139.4579344,6.487505436,298.1461792,0,143.0405426,150.4726868,9.999999747e-05,62998.45703,15.38256645,-2.697851391e-05
9.399999619,180.0526812,85.15070056,28.38298996,57.59156488,0.844747951,170.4485865,6.486821175,298.1468811,0,148.5601196,157.8081665,9.999999747e-05,63050.24219,15.33353138,-2.69576935e-05
9.600000381,180.0526812,69.668755,28.38298996,57.59156488,0.844747951,170.4485865,6.487112045,298.164978,0,154.3559113,163.4867859,9.999999747e-05,63099.15234,15.27947617,-2.694627262e-05
9.800000191,180.0526812,69.668755,28.38298996,57.59156488,0.844747951,170.4485865,6.485697746,298.1715088,0,160.0279541,175.2351532,9.999999747e-05,63148.36328,15.21786308,-2.694309697e-05
10,180.0526812,69.668755,28.38298996,57.59156488,0.844747951,139.4579344,6.484037399,298.1851501,0,166.2744598,183.5313263,9.999999747e-05,63192.52734,15.14781094,-2.693834473e-05
10.19999981,180.0526812,69.668755,27.02539495,57.59156488,0.844747951,139.4579344,6.48146677,298.1956482,0,173.1804962,194.628479,9.999999747e-05,63237.84766,15.08274555,-2.694214897e-05
10.39999962,180.0526812,70.63405558,28.38298996,57.59156488,0.844747951,139.4579344,6.478895187,298.2183838,0,181.1168976,205.0903473,9.999999747e-05,63285.37109,15.01031399,-2.695750961e-05
10.60000038,180.0526812,69.668755,28.38298996,57.59156488,0.844747951,170.4485865,6.475446224,298.2385559,0,190.0790558,220.1873169,9.999999747e-05,63340.84766,14.94892883,-2.698677696e-05
10.80000019,180.0526812,79.84829023,25.75204429,57.59156488,0.844747951,139.4579344,6.471111774,298.2521667,0,200.423584,235.1706848,9.999999747e-05,63394.33984,14.87723255,-2.700822889e-05
11,180.0526812,69.668755,28.38298996,57.59156488,0.844747951,139.4579344,6.4656353,298.2526855,0,212.5019836,248.6615448,9.999999747e-05,63448,14.78472042,-2.701525151e-05
11.19999981,180.0526812,85.15070056,28.38298996,57.59156488,0.844747951,170.4485865,6.459182739,298.2572937,0,225,258.1882629,9.999999747e-05,63514.76562,14.71951008,-2.702207618e-05
11.39999962,180.0526812,78.60568957,28.38298996,57.59156488,0.844747951,170.4485865,6.451138496,298.2630615,0,225,269.2544556,9.999999747e-05,63579.75781,14.63771439,-2.703735783e-05
11.60000038,180.0526812,83.9478931,28.38298996,69.92919364,0.844747951,170.4485865,6.442006111,298.285553,0,225,280.8559265,9.999999747e-05,63646.25,14.70840073,-2.707878939e-05
11.80000019,180.0526812,85.15070056,28.38298996,60.68316036,0.9832288729,139.4579344,6.431661129,298.2935486,0,225,298.4360962,9.999999747e-05,63706.66016,15.65660191,-2.712664413e-05
12,180.0526812,69.668755,27.86478986,57.59156488,0.8515791254,170.4485865,6.420596123,298.3228149,0,225,311.7313232,9.999999747e-05,63769.21875,14.4290266,-2.718997201e-05
12.19999981,180.0526812,69.668755,28.38298996,57.59156488,0.844747951,170.4485865,6.408782959,298.3521118,0,225,332.7833557,9.999999747e-05,63831.88672,14.27644348,-2.727902881e-05
12.39999962,180.0526812,72.85649189,26.54009177,60.45046841,0.844747951,139.4579344,6.396713257,298.4058533,0,225,354.7750244,9.999999747e-05,63888.8125,14.21777821,-2.739558584e-05
12.60000038,180.0526812,72.08823183,28.38298996,57.59156488,0.844747951,139.4579344,6.384109974,298.4629211,0,225,386.3013,9.999999747e-05,63945.91016,14.05371952,-2.754576211e-05
12.80000019,180.0526812,79.20130213,24.48834538,57.59156488,0.844747951,170.4485865,6.370751858,298.4971619,0,225,420.80896,9.999999747e-05,64010.57812,13.97787952,-2.7683056e-05
13,180.0526812,72.21072077,28.38298996,57.59156488,1.021388098,139.4579344,6.356978416,298.5088806,0,225,449.5476379,9.999999747e-05,64067.65234,15.3089304,-2.777363237e-05
13.19999981,180.0526812,77.70364894,28.38298996,57.59156488,1.032469718,139.4579344,6.342853069,298.5279541,0,225,471.9755859,9.999999747e-05,64126.24609,15.28013229,-2.785474218e-05
13.39999962,180.0526812,69.668755,25.86244996,57.59156488,1.005809021,139.4579344,6.328199863,298.5172424,0,225,497.5509949,9.999999747e-05,64182.12109,14.94152546,-2.791539842e-05
13.60000038,180.0526812,69.668755,28.38298996,57.59156488,1.032469718,139.4579344,6.313396931,298.5267639,0,225,513.5153809,9.999999747e-05,64238.48438,15.0196991,-2.797058125e-05
13.80000019,180.0526812,85.15070056,28.38298996,57.59156488,1.032469718,170.4485865,6.298694611,298.5886841,0,225,536.2740479,9.999999747e-05,64305.56641,14.91015053,-2.810725059e-05
14,180.0526812,85.15070056,28.38298996,57.59156488,0.9736708381,170.4485865,6.283764362,298.6163025,0,225,577.3226318,9.999999747e-05,64372.60156,14.29373646,-2.826214384e-05
14.19999981,180.0526812,69.668755,24.37954757,57.59156488,0.844747951,170.4485865,6.269111156,298.6613464,0,225,608.4605713,9.999999747e-05,64434.67578,13.11071491,-2.840099137e-05
14.39999962,180.0526812,76.07293425,28.38298996,57.59156488,0.8774769399,170.4485865,6.255068302,298.7340088,0,225,646.8996582,9.999999747e-05,64499.32031,13.24685097,-2.858894672e-05
14.60000038,180.0526812,85.15070056,25.56301707,57.59156488,0.844747951,139.4579344,6.242796898,298.754364,0,225,696.4302368,9.999999747e-05,64559.64062,12.94412041,-2.874610774e-05
14.80000019,180.0526812,75.09257965,23.88777992,57.59156488,0.844747951,139.4579344,6.264000416,298.4992371,0,225,730.4343872,9.999999747e-05,64617.09375,15.16620827,0.01146171878
15,180.0526812,85.15070056,28.38298996,57.59156488,1.016107101,166.4499984,6.304806709,298.1157837,0,225,670.5497437,9.999999747e-05,64683.92578,16.35612488,0.002143230547
15.19999981,180.0526812,69.668755,27.60130221,57.59156488,0.9970596854,139.4579344,6.347402573,297.8357544,0,225,558.8933105,9.999999747e-05,64741.01562,16.42798233,0.04385828885
15.39999962,180.0526812,74.81045809,28.38298996,57.59156488,1.012295381,147.1695179,6.3842659,299.8766785,0,225,167.6679993,579.8885498,64801.03906,16.46644974,0.01736061385
15.60000038,180.0526812,85.15070056,28.38298996,62.14350476,1.032469718,170.4485865,6.413300037,299.3209534,0,225,867.7268066,57.98885345,64868.45703,16.56211662,0.002248447272
15.80000019,180.0526812,85.15070056,28.38298996,70.3896904,1.032469718,170.4485865,6.438319683,298.8971252,0,225,731.0739746,5.798885345,64936.28516,17.51987648,0.001721946978
16,180.0526812,70.74985519,28.38298996,58.25512987,1.032469718,170.4485865,6.465975761,298.5835571,0,225,638.5556641,0.5798885226,65000.39062,17.56743622,0.03358554803
16.20000076,180.0526812,74.77532131,28.26763929,68.97981086,1.023297328,170.4485865,6.48870039,298.3497925,0,225,567.2008057,0.05798885226,65065.70703,17.52412987,0.02173066396
16.39999962,180.0526812,69.668755,28.38298996,70.3896904,1.032469718,170.4485865,6.510364056,298.1901855,0,225,510.7816162,0.005798885133,65129.76953,17.65257072,0.04810389619
16.60000038,180.0526812,69.668755,28.38298996,70.10380585,1.032469718,170.4485865,6.528997421,298.0688782,0,221.3760223,470.5837097,0.000579888525,65193.14062,17.6516571,0.05365881213
16.79999924,180.0526812,69.668755,28.38298996,59.89283691,0.844747951,170.4485865,6.544649601,297.9725342,0,210.3051605,437.0678101,9.999999747e-05,65254.25391,16.00897408,0.0595794437
17,180.0526812,80.55708381,28.38298996,70.3896904,0.9624736174,170.4485865,6.551809788,297.9124146,0,192.9736786,407.3237,9.999999747e-05,65314.78906,16.96980095,0.01223218016
17.20000076,180.0526812,69.668755,28.38298996,57.59156488,0.844747951,170.4485865,6.548690319,299.4644775,0.5197854042,96.48683929,122.197113,418.7932434,65352.41797,15.96646595,0.06702591227
17.39999962,180.0526812,85.15070056,28.38298996,70.3896904,1.032469718,170.4485865,6.529633045,299.2928467,0,77.56385803,654.8276978,41.87932587,65390.14844,17.49588585,0.005092330461
17.60000038,180.0526812,85.15070056,28.38298996,70.3896904,1.032469718,170.4485865,6.506058216,299.042572,0,66.28321075,638.8865967,4.187932491,65425.62891,17.49236679,0.004971360285
17.79999924,180.0526812,85.15070056,28.38298996,70.3896904,1.032469718,170.4485865,6.484226227,298.8499146,0,64.39634705,602.3148804,0.4187932611,65460.81641,17.49142456,0.006153160806
18,180.0526812,85.15070056,28.38298996,70.3896904,1.032469718,170.4485865,6.46952486,298.7206421,0,71.2220993,576.817688,0.04187932611,65497.5,17.4929924,0.006925515778
18.20000076,180.0526812,69.668755,28.38298996,57.59156488,0.9475626851,157.7243472,6.471377373,298.592865,0,83.91059113,565.5332031,0.004187932704,65529.90625,16.82421112,0.1036074318
18.39999962,180.0526812,73.67586638,28.38298996,57.59156488,0.844747951,170.4485865,6.476350307,298.4562378,0,95.8264389,549.4490356,0.0004187932645,65568.42969,15.9265852,0.07676689957
18.60000038,180.0526812,75.12085965,28.38298996,70.3896904,1.032469718,170.4485865,6.483872414,298.3536377,0,105.7959137,525.4984741,9.999999747e-05,65609.4375,17.58227158,0.06720527291
18.79999924,180.0526812,69.668755,28.38298996,57.59156488,0.9540780378,139.4579344,6.495372772,298.2684021,0,112.7581787,508.2364197,9.999999747e-05,65644.02344,16.88052368,0.1472391146
19,180.0526812,69.668755,28.38298996,60.57583829,1.032469718,139.4579344,6.50609684,298.1890259,0,115.1153717,492.8675232,9.999999747e-05,65679.08594,17.56228638,0.1653880766
19.20000076,180.0526812,69.668755,28.38298996,57.59156488,1.032469718,170.4485865,6.514876842,298.1279907,0,113.1983414,476.1855469,9.999999747e-05,65720.14062,17.55014992,0.1750419923
19.39999962,180.0526812,69.668755,28.38298996,57.59156488,1.006294836,170.4485865,6.520618439,298.0380859,0,107.7730255,462.8148193,9.999999747e-05,65760.01562,17.32587814,0.2082100019
19.60000038,180.0526812,69.668755,28.38298996,70.3896904,0.9413613635,170.4485865,6.523873329,298.0147705,0,100.0548325,437.0487671,9.999999747e-05,65798.4375,16.85869217,0.2017979843
19.79999924,180.0526812,69.668755,28.38298996,70.3896904,1.032469718,170.4485865,6.524142265,298.0430908,0,91.0331955,431.1105042,9.999999747e-05,65835.14062,17.62789536,0.1932289124
20,180.0526812,69.668755,26.44174977,57.59156488,0.9674561103,170.4485865,6.521100998,298.0287476,0,81.90576172,441.6043091,9.999999747e-05,65869.54688,17.02382088,0.3045157591
20.20000076,180.0526812,69.668755,28.38298996,62.21954485,0.9769716317,170.4485865,6.512862682,298.0237427,0,73.99626923,438.063324,9.999999747e-05,65902.70312,17.10210037,0.2477220661
20.39999962,180.0526812,69.668755,28.38298996,69.03147117,0.9308568464,170.4485865,6.502785683,298.0283508,0,69.38850403,437.5180359,9.999999747e-05,65934.94531,16.75382423,0.2615956496
20.60000038,180.0526812,69.668755,28.38298996,65.71277249,0.844747951,170.4485865,6.492577076,298.0039978,0,68.8010025,440.0362854,9.999999747e-05,65967.01562,16.00539017,0.3028961418
20.79999924,180.0526812,74.3618525,28.38298996,59.53294411,1.032469718,170.4485865,6.483111858,297.9844666,0,72.29133606,432.6703491,9.999999747e-05,66001.10938,17.50613403,0.2058842048
21,180.0526812,69.668755,28.38298996,57.59156488,1.032469718,139.4579344,6.480046749,297.9358826,0,79.56503296,426.257782,9.999999747e-05,66028.97656,17.52559662,0.3821416615
21.20000076,180.0526812,85.15070056,27.51567987,57.59156488,0.8966774017,170.4485865,6.475409508,299.5917358,0,88.04603577,127.8773346,448.7676086,66068.85156,16.2712307,0.08373187342
21.39999962,180.0526812,85.15070056,28.38298996,70.3896904,1.032469718,139.4579344,6.475725174,299.4533691,0,98.40769958,697.1087646,44.87676239,66104.5,17.48468208,0.0572580118
21.60000038,180.0526812,83.09820221,28.38298996,57.59156488,0.9983483414,170.4485865,6.480507374,299.2198486,0,108.6216965,696.6467896,4.487676144,66148.13281,17.13652992,0.08209115832
21.79999924,180.0526812,85.15070056,28.38298996,70.3896904,1.032469718,170.4485865,6.485880375,298.9928284,0,116.9241486,671.6126099,0.4487676024,66194.08594,17.49854088,0.07622848153
22,180.0526812,69.668755,28.38298996,68.91372019,1.032469718,170.4485865,6.498168468,298.7539673,0,123.0896301,640.7914429,0.04487676173,66237.00781,17.62079811,0.4960498002
22.20000076,180.0526812,80.03685512,28.38298996,70.3896904,0.9014038701,170.4485865,6.505351067,298.6341248,0,124.3191147,597.3223267,0.00448767608,66283.27344,16.43724442,0.1769958107
22.39999962,180.0526812,78.51901919,28.38298996,70.3896904,1.032469718,170.4485865,6.511709213,298.5271301,0,122.7144699,586.0383911,0.0004487676197,66328.8125,17.55521393,0.21736391
22.60000038,180.0526812,69.668755,28.38298996,57.59156488,1.032469718,170.4485865,6.520067215,298.4508057,0,118.5528564,573.8018799,9.999999747e-05,66371.10938,17.55036163,0.5381889898
22.79999924,180.0526812,69.668755,28.38298996,70.3896904,1.019183894,170.4485865,6.525542259,298.3544006,0,111.0389175,568.0393066,9.999999747e-05,66411.85938,17.51751518,0.606579086
23,180.0526812,69.668755,28.38298996,70.3896904,1.032469718,170.4485865,6.527761936,298.2874146,0,101.3508377,552.2628174,9.999999747e-05,66450.6875,17.6275692,0.6295726233
23.20000076,180.0526812,69.668755,28.38298996,70.3896904,0.8506587894,170.4485865,6.525498867,298.197052,0,90.77632904,543.159729,9.999999747e-05,66487.3125,16.08797836,0.6993293542
23.39999962,180.0526812,69.668755,28.38298996,68.19406136,1.032469718,170.4485865,6.51868391,298.1057434,0,81.11125946,523.2619629,9.999999747e-05,66521.97656,17.60554314,0.7624585388
23.60000038,180.0526812,85.15070056,28.38298996,70.3896904,1.032469718,170.4485865,6.502650738,298.0777283,0,74.17279053,499.8373718,9.999999747e-05,66559.60156,17.48339272,0.1911490043
23.79999924,180.0526812,69.668755,28.38298996,60.10446946,1.032469718,170.4485865,6.493349075,297.9995422,0,73.66326141,494.8161621,9.999999747e-05,66592.75,17.55008316,0.8567781248
24,180.0526812,69.668755,28.38298996,57.59156488,1.010995225,170.4485865,6.487830639,297.9760132,0,76.82292938,470.9664612,9.999999747e-05,66626.67188,17.35356903,0.8840197983
24.20000076,180.0526812,69.668755,28.38298996,70.3896904,1.032469718,170.4485865,6.485200405,297.9399109,0,82.19896698,463.4190369,9.999999747e-05,66661.67969,17.61949348,0.9486270117
24.39999962,180.0526812,69.668755,28.38298996,70.3896904,0.9369812547,170.4485865,6.486483574,299.6430359,0,88.62985992,139.0257111,480.3866577,66697.8125,16.81617928,0.9350709746
24.60000038,180.0526812,85.15070056,28.38298996,70.3896904,1.032469718,170.4485865,6.484405994,299.5417786,0,94.54386902,724.6222534,48.03866577,66739.26562,17.48848915,0.2334237634
24.79999924,180.0526812,85.15070056,28.38298996,69.36163075,1.032469718,170.4485865,6.484704494,299.2950134,0,101.3123703,738.5330811,4.803866863,66782.10938,17.48332977,0.2485904751
25,180.0526812,85.15070056,28.38298996,59.67034273,1.012269159,170.4485865,6.48700285,299.0712585,0,107.9429932,711.9707642,0.4803866744,66826.36719,17.245924,0.2801822847
25.20000076,180.0526812,75.00207499,28.38298996,61.31961433,1.032469718,170.4485865,6.494022846,298.8604736,0,113.6553574,685.1947632,0.04803866521,66868.99219,17.52212524,0.7738812731
25.39999962,180.0526812,76.81405505,28.38298996,57.59156488,0.844747951,170.4485865,6.500222683,298.6860352,0,116.55056,654.3192749,0.004803866614,66912.78125,15.89389896,0.7315285866
25.60000038,180.0526812,69.668755,28.38298996,57.59156488,0.844747951,162.3209985,6.50783968,298.5562744,0,116.9835815,627.9850464,0.0004803866614,66953.09375,15.96127987,1.222578382
25.79999924,180.0526812,85.15070056,27.31221647,60.72248997,1.004030433,170.4485865,6.509364128,298.4841919,0,114.3625793,610.2576904,9.999999747e-05,66998.78906,17.20323181,0.4372514052
26,180.0526812,69.668755,28.38298996,70.3896904,1.032469718,170.4485865,6.513942719,298.3709412,0,111.1563492,607.2225342,9.999999747e-05,67039.64062,17.63266182,1.323399734
26.20000076,180.0526812,85.15070056,28.38298996,57.59156488,1.032469718,170.4485865,6.511649609,298.298645,0,106.0891342,586.8474121,9.999999747e-05,67083.85938,17.3985939,0.460338756
26.39999962,180.0526812,85.15070056,28.38298996,70.3896904,1.032469718,170.4485865,6.508101463,298.2278137,0,101.9715195,576.6682129,9.999999747e-05,67127.21875,17.48953438,0.4798362747
26.60000038,180.0526812,85.15070056,28.38298996,60.3191548,0.9795371747,170.4485865,6.504025936,298.1669617,0,99.25514984,563.9660034,9.999999747e-05,67170.03125,16.9703331,0.5218223427
26.79999924,180.0526812,69.668755,28.38298996,70.3896904,1.032469718,170.4485865,6.503266811,298.0036621,0,98.16688538,552.0504761,9.999999747e-05,67208.13281,17.62366104,1.682051428
27,180.0526812,69.668755,28.38298996,57.59156488,1.028177793,170.4485865,6.501712799,297.8503723,0,97.36965942,502.4265137,9.999999747e-05,67246.11719,17.50342178,1.801593121
27.20000076,180.0526812,69.668755,28.38298996,57.59156488,0.9658981066,159.3834032,6.500936031,299.6710205,0,97.20722961,150.727951,537.5075684,67281.67188,16.97422028,1.786100052
27.39999962,180.0526812,85.15070056,28.38298996,70.3896904,1.032469718,170.4485865,6.496093273,299.447937,0,97.35032654,774.3861694,53.75075531,67323.65625,17.4862957,0.7051805435
27.60000038,180.0526812,85.15070056,28.38298996,65.4628778,1.032469718,170.4485865,6.491783619,299.0810547,0,99.44644165,746.4324951,5.37507534,67366.10156,17.45436096,0.7769358094
27.79999924,180.0526812,82.70892471,28.38298996,70.3896904,1.030162065,170.4485865,6.489777088,298.7692261,0,103.2516098,675.8311157,0.537507534,67408.72656,17.49010849,1.01603159
28,180.0526812,76.06236254,28.38298996,57.59156488,0.9123147471,170.4485865,6.490962982,298.5041199,0,107.8535233,611.5391235,0.0537507534,67450.52344,16.47122765,1.581322131
28.20000076,180.0526812,69.668755,28.38298996,57.59156488,0.844747951,170.4485865,6.49492979,298.2817993,0,111.9780655,551.2659912,0.00537507562,67491.48438,15.96358585,2.07029936
28.39999962,180.0526812,69.668755,28.38298996,65.50854724,1.032469718,170.4485865,6.499242783,298.1210632,0,114.5168839,495.4586182,0.000537507527,67533.10938,17.60212326,2.110457531
28.60000038,180.0526812,69.668755,28.38298996,70.3896904,1.032469718,170.4485865,6.50315094,297.9987793,0,115.3384094,452.2341919,9.999999747e-05,67575.00781,17.6325264,2.14475217
28.79999924,180.0526812,77.4535797,28.38298996,70.3896904,1.032469718,170.4485865,6.504660606,297.9635925,0,114.5990448,415.7940979,9.999999747e-05,67619.10938,17.56588936,1.605383621
29,180.0526812,82.79922083,28.38298996,57.59156488,0.844747951,170.4485865,6.503828049,297.9324341,0,113.262413,404.528717,9.999999747e-05,67664.39844,15.84365845,1.265496474
29.20000076,180.0526812,69.668755,28.38298996,66.54193641,0.844747951,170.4485865,6.506484032,299.3815918,0,112.2587967,121.3586121,418.5957947,67705.60938,16.02766228,2.190446165
29.39999962,180.0526812,76.69097937,28.38298996,70.3896904,1.032469718,139.4579344,6.507069111,299.3177185,0,110.1738358,619.0172729,41.85957718,67741.91406,17.56050491,1.684489198
29.60000038,180.0526812,85.15070056,28.38298996,60.11527355,0.9799678619,170.4485865,6.504216671,299.1226196,0,107.8727875,637.9215088,4.185957909,67786.45312,16.97953987,1.094001256
29.79999924,180.0526812,85.15070056,28.38298996,70.3896904,0.9941148214,170.4485865,6.501058102,298.933136,0,106.7174454,620.5076294,0.4185957909,67830.75781,17.1718998,1.157979755
30,180.0526812,85.15070056,28.38298996,70.3896904,1.032469718,170.4485865,6.497915268,298.7503967,0,106.8153839,598.6908569,0.04185957834,67875.03906,17.49574089,1.25992645
30.20000076,180.0526812,85.15070056,28.38298996,70.3896904,1.032469718,170.4485865,6.494812489,298.5557861,0,108.1694183,572.0657959,0.004185957834,67919.52344,17.49642181,1.399981065
30.39999962,180.0526812,85.15070056,25.36010951,57.59156488,0.9550578754,170.4485865,6.494452953,298.4371033,0,110.7645264,534.4359131,0.0004185957951,67964.13281,16.8026104,1.73160266
30.60000038,180.0526812,78.8861093,28.38298996,70.3896904,1.032469718,170.4485865,6.494993687,298.3165283,0,113.4946518,515.788147,9.999999747e-05,68008.09375,17.55590439,1.96534721
30.79999924,180.0526812,85.15070056,28.38298996,61.8252845,0.9677332672,170.4485865,6.4943223,298.2181091,0,116.0143051,491.4703369,9.999999747e-05,68054.34375,16.89646149,1.56152712
31,180.0526812,85.15070056,28.38298996,70.3896904,0.844747951,170.4485865,6.493659496,298.0991516,0,118.8093338,470.2940369,9.999999747e-05,68101.08594,15.92131042,1.685984345
31.20000076,180.0526812,71.2901739,27.48041599,57.59156488,0.844747951,165.2547692,6.497971058,297.9559631,0,121.865654,438.1649475,9.999999747e-05,68143.38281,15.96751881,2.648126646
31.39999962,180.0526812,69.668755,25.89324877,67.22176479,0.844747951,170.4485865,6.503623009,297.8312683,0,123.1809006,393.3842773,9.999999747e-05,68186.36719,16.07192421,2.797868296
31.60000038,180.0526812,69.668755,28.38298996,63.39712642,1.019790398,139.4579344,6.507071972,299.2771606,0,122.2470322,118.0152817,428.7561646,68223.14062,17.47318268,2.717857118
31.79999924,180.0526812,85.15070056,28.38298996,70.3896904,1.032469718,170.4485865,6.50455904,299.1039124,0,119.9449921,611.4556274,42.87561798,68269.97656,17.50607109,1.852850308
32,180.0526812,85.15070056,28.38298996,60.94274217,1.032469718,170.4485865,6.501899242,298.8531799,0,118.6605911,588.7333374,4.287561417,68316.66406,17.4411335,1.880213721
32.20000076,180.0526812,85.15070056,27.64609105,70.3896904,1.032469718,170.4485865,6.499670982,298.640686,0,118.4215164,544.9345703,0.4287561774,68363.26562,17.51901054,2.026096601
32.40000153,180.0526812,78.80824327,28.38298996,57.59156488,1.032469718,170.4485865,6.498893738,298.4347229,0,119.071907,505.4928894,0.04287561774,68408.39062,17.47356796,2.457625533
32.59999847,180.0526812,69.668755,28.38298996,62.32799913,1.032469718,170.4485865,6.501120567,298.2080383,0,120.0297775,460.0538635,0.004287561867,68451.16406,17.58315468,2.864035913
32.79999924,180.0526812,69.668755,28.38298996,70.3896904,1.032469718,170.4485865,6.503800392,298.0821228,0,120.0917969,399.7006836,0.0004287561751,68494.16406,17.63850975,2.887618229
33,180.0526812,85.15070056,28.38298996,70.3896904,1.032469718,170.4485865,6.501134396,298.0553284,0,119.0900269,365.7606812,9.999999747e-05,68541.44531,17.51252937,2.116664256
33.20000076,180.0526812,69.668755,28.38298996,65.44954966,0.9819953294,170.4485865,6.504103661,298.0284729,0,119.1735687,360.5353088,9.999999747e-05,68584.51562,17.19037628,2.910957357
33.40000153,180.0526812,69.668755,27.52554531,59.29536513,0.935391175,170.4485865,6.506939411,297.9934082,0,118.033905,353.5536804,9.999999747e-05,68627.20312,16.76701736,2.980691047
33.59999847,180.0526812,69.668755,28.38298996,68.43534568,0.9657263121,149.8458248,6.508519173,297.9814453,0,115.7783508,342.7223206,9.999999747e-05,68665.42188,17.06250191,2.971615126
33.79999924,180.0526812,85.15070056,28.38298996,70.3896904,1.032469718,170.4485865,6.503873825,298.0174255,0,112.8946609,338.611084,9.999999747e-05,68711.65625,17.51423645,2.179066718
34,180.0526812,69.668755,28.38298996,60.73374154,0.9923156784,170.4485865,6.504657269,298.006897,0,111.8854904,350.4198608,9.999999747e-05,68753.29688,17.24478531,3.007716888
34.20000076,180.0526812,69.668755,28.38298996,67.96167349,0.8651848642,170.4485865,6.505007744,297.9914246,0,110.5250626,347.168335,9.999999747e-05,68794.64844,16.21865654,3.045255178
34.40000153,180.0526812,69.668755,28.38298996,57.59156488,0.8932741934,170.4485865,6.504871845,297.9786072,0,109.0432663,342.165863,9.999999747e-05,68835.71094,16.38408661,3.066899605
34.59999847,180.0526812,70.36689114,28.38298996,57.59156488,1.032469718,170.4485865,6.503854275,297.9594421,0,107.6160278,337.5371704,9.999999747e-05,68876.64844,17.55221176,3.07354701
34.79999924,180.0526812,69.668755,28.38298996,57.59156488,1.032469718,139.4579344,6.502999783,297.940094,0,106.5972443,330.2183533,9.999999747e-05,68910.8125,17.54223442,3.108651703
35,180.0526812,69.668755,28.38298996,60.19315048,0.844747951,170.4485865,6.501544952,299.1106873,0,105.916893,99.06551361,343.207428,68950.95312,15.9898262,3.121443661
35.20000076,180.0526812,80.67224867,28.38298996,70.3896904,1.032469718,170.4485865,6.496514797,299.0814819,0,105.8210449,500.8178711,34.32074356,68994.08594,17.55362701,2.728488671
35.40000153,180.0526812,77.41032374,28.38298996,66.44033095,1.032469718,170.4485865,6.493301868,298.9084778,0,107.746933,523.6174316,3.432074308,69036.64062,17.55519676,2.938502846
35.59999847,180.0526812,78.75361488,28.38298996,70.3896904,1.032469718,170.4485865,6.491274357,298.7789612,0,110.9406357,504.7030945,0.3432074189,69080.35156,17.57336617,2.904010024
35.79999924,180.0526812,85.15070056,28.16449777,64.48151919,1.032469718,170.4485865,6.488736629,298.6891785,0,114.9472122,495.3831787,0.03432074189,69126.71094,17.48486328,2.582712276
36,180.0526812,85.15070056,28.38298996,63.74111745,1.032469718,170.4485865,6.487544537,298.6130371,0,119.9743805,494.592804,0.003432074329,69174.17188,17.47915649,2.59193996
36.20000076,180.0526812,85.15070056,28.38298996,70.3896904,1.032469718,170.4485865,6.48764658,298.5652161,0,125.4722748,494.8435059,0.0003432074154,69222.82031,17.52936363,2.605386242
36.40000153,180.0526812,83.11212437,28.38298996,70.3896904,1.032469718,170.4485865,6.489117622,298.525116,0,130.9294739,501.9070435,9.999999747e-05,69272.04688,17.55084991,2.769903718
36.59999847,180.0526812,69.668755,28.38298996,62.76765844,1.032469718,170.4485865,6.496074677,298.4379578,0,135.7979126,509.6227112,9.999999747e-05,69318.44531,17.61637878,3.307100769
36.79999924,180.0526812,81.12167784,28.38298996,70.3896904,1.032469718,170.4485865,6.497708321,298.4073181,0,137.8698273,499.545929,9.999999747e-05,69368.60938,17.57357216,2.964525152
37,180.0526812,85.15070056,25.58645426,64.90937447,0.844747951,170.4485865,6.499089241,298.3518982,0,139.3234863,506.0524597,9.999999747e-05,69419.66406,15.95831013,3.007624591
37.20000076,180.0526812,85.15070056,28.38298996,65.70606237,1.032469718,170.4485865,6.499031067,298.3226624,0,140.2084351,502.4403076,9.999999747e-05,69471.46094,17.50916862,2.811494872
37.40000153,180.0526812,73.4305537,28.38298996,70.3896904,1.032469718,170.4485865,6.503368855,298.2247009,0,141.1206207,505.9648132,9.999999747e-05,69520.05469,17.63742828,3.331236592
37.59999847,180.0526812,69.668755,28.38298996,70.3896904,1.032469718,170.4485865,6.508802891,298.1045227,0,140.2786407,484.4799194,9.999999747e-05,69567.41406,17.66468048,3.39815269
37.79999924,180.0526812,69.668755,28.38298996,70.3896904,1.032469718,170.4485865,6.513037205,297.9855957,0,137.2736053,452.1869812,9.999999747e-05,69614.16406,17.66163635,3.405864285
38,180.0526812,69.668755,28.38298996,68.920841,1.032469718,170.4485865,6.515925407,297.9010315,0,132.5823059,415.9771423,9.999999747e-05,69660.03125,17.65249443,3.424401659
38.20000076,180.0526812,69.668755,28.38298996,57.59156488,0.9325538208,170.4485865,6.517392635,299.2996826,0,126.7361755,124.7931442,431.4163208,69704.48438,16.72804451,3.428494687
38.40000153,180.0526812,85.15070056,28.38298996,70.3896904,1.032469718,139.4579344,6.511203766,299.2414551,0,120.3036118,604.2595215,43.14163208,69745.52344,17.5207653,3.025786769
38.59999847,180.0526812,69.668755,28.38298996,58.04661478,1.032469718,139.4579344,6.511442661,299.0197449,0,116.3670807,622.4151001,4.314163208,69781.42188,17.55705833,3.463985211
38.79999924,180.0526812,85.15070056,28.38298996,70.3896904,0.9798642029,139.4579344,6.504234314,298.8730469,0,112.2894211,592.9144897,0.4314163327,69820.96875,17.07439423,3.098606627
39,180.0526812,85.15070056,28.38298996,70.3896904,1.032469718,170.4485865,6.496905327,298.6748047,0,111.1401749,582.2140503,0.04314163327,69866.54688,17.53139305,3.173835079
39.20000076,180.0526812,85.15070056,28.38298996,70.3896904,1.032469718,170.4485865,6.490882397,298.4928894,0,112.8990402,547.6567993,0.004314163234,69912.50781,17.5323143,3.224746355
39.40000153,180.0526812,69.668755,28.38298996,70.3896904,1.032469718,170.4485865,6.493336678,298.2928772,0,117.0624466,511.690979,0.0004314163234,69955,17.65122795,3.506226819
39.59999847,180.0526812,74.20071192,28.38298996,68.49789444,1.032469718,170.4485865,6.494420528,298.1718445,0,120.2203674,462.5349426,9.999999747e-05,69999.54688,17.61107635,3.521285255
39.79999924,180.0526812,85.15070056,28.38298996,70.3896904,1.032469718,168.6467635,6.491542816,298.1342468,0,122.9764481,433.2615967,9.999999747e-05,70047.50781,17.54148483,3.285326692
40,180.0526812,69.668755,28.38298996,69.12844216,0.9820855793,170.4485865,6.496429443,298.0579529,0,126.8922043,427.6357727,9.999999747e-05,70092.26562,17.23194122,3.582831232
40.20000076,180.0526812,69.668755,28.38298996,63.49391954,1.018008257,170.4485865,6.501047134,297.9866333,0,128.8151855,406.636322,9.999999747e-05,70137.42969,17.49942589,3.593368271
40.40000153,180.0526812,69.668755,28.38298996,70.3896904,0.9906467941,170.4485865,6.504909515,297.897522,0,128.9168854,384.7755737,9.999999747e-05,70182.54688,17.30929756,3.583435444
40.59999847,180.0526812,69.668755,28.38298996,70.3896904,1.026719255,170.4485865,6.507930279,299.2239685,0,127.4752045,115.4326706,414.170929,70227.125,17.61176109,3.582401051
40.79999924,180.0526812,85.15070056,28.38298996,70.3896904,1.032469718,170.4485865,6.503082275,299.1322632,0,124.8255692,569.8755493,41.41709137,70275.35938,17.54516029,3.39487879
41,180.0526812,69.668755,28.38298996,70.3896904,0.9431352498,170.4485865,6.505586624,298.8741455,0,124.1382751,574.1881104,4.141709328,70319.10938,16.90609932,3.603394104
41.20000076,180.0526812,85.15070056,27.64357226,59.58950525,0.952788178,170.4485865,6.500668049,298.6654663,0,122.3998413,528.2862549,0.4141709208,70366.75,16.80522537,3.494270095
41.40000153,180.0526812,85.15070056,25.9907436,68.38429227,1.018160948,170.4485865,6.497018814,298.4378662,0,122.6767502,491.006897,0.04141709208,70414.07812,17.44198036,3.561954214
41.59999847,180.0526812,85.15070056,28.38298996,69.77437399,1.032469718,170.4485865,6.492871284,298.2741394,0,124.3853836,439.0058289,0.004141709302,70462.28125,17.54042816,3.524860846
41.79999924,180.0526812,69.668755,28.38298996,70.3896904,1.032469718,170.4485865,6.497081757,298.1022034,0,127.7587891,400.6463928,0.000414170936,70506.91406,17.65659714,3.610777394
42,180.0526812,79.70342741,27.40228195,70.3896904,0.9986571428,170.4485865,6.497274399,298.0176086,0,129.4189606,352.8382874,9.999999747e-05,70554.64844,17.31888962,3.658782003
42.20000076,180.0526812,69.668755,28.38298996,65.9031285,0.9407234859,170.4485865,6.501882076,297.9300232,0,131.0420074,328.7760925,9.999999747e-05,70600.10938,16.86264038,3.659191934
42.40000153,180.0526812,69.668755,28.38298996,61.19043421,0.844747951,170.4485865,6.505746365,299.039093,0,130.7946777,98.63282776,347.8975525,70645.28906,16.01926613,3.645883008
42.59999847,180.0526812,85.15070056,28.38298996,70.3896904,1.032469718,170.4485865,6.501673698,298.9689941,0,129.0182953,479.2886963,34.78975677,70694.39062,17.55391312,3.597615559
42.79999924,180.0526812,85.15070056,28.38298996,69.86592369,1.032469718,170.4485865,6.498023987,298.7976379,0,128.8946228,485.7542419,3.478975534,70743.47656,17.5507412,3.620346187
43,180.0526812,85.15070056,28.38298996,57.59156488,0.9560498303,170.4485865,6.494918346,298.6018066,0,130.2040558,463.5065308,0.3478975594,70792.78906,16.81594849,3.645182691
43.20000076,180.0526812,69.668755,28.38298996,63.10633326,1.032469718,170.4485865,6.500087261,298.4107666,0,132.7551575,427.1410522,0.03478975594,70838.39844,17.619133,3.6902778
43.40000153,180.0526812,76.91345915,28.38298996,70.3896904,1.00147269,170.4485865,6.501167297,298.2845764,0,133.2133942,385.2662048,0.003478975501,70886.20312,17.35614014,3.750858201
43.59999847,180.0526812,76.71138147,28.09707237,70.3896904,1.032469718,170.4485865,6.502007961,298.1326294,0,133.2795105,358.5618591,0.0003478975559,70933.8125,17.61763,3.725010539
43.79999924,180.0526812,85.15070056,28.38298996,70.00017192,0.9939129523,170.4485865,6.498402119,298.0218811,0,132.9969635,317.7640991,9.999999747e-05,70983.73438,17.22783089,3.707480112
44,180.0526812,69.668755,28.38298996,62.66800648,0.8992174677,170.4485865,6.502909184,297.9046631,0,134.170578,285.6678772,9.999999747e-05,71029.64844,16.49022865,3.672941507
44.20000076,180.0526812,69.668755,28.38298996,57.59156488,0.9690495533,141.0592431,6.506917,298.8937073,0,133.5005646,85.70036316,312.211853,71069.23438,17.02462196,3.667991943
44.40000153,180.0526812,85.15070056,28.38298996,70.3896904,1.032469718,170.4485865,6.502255917,298.7555237,0,131.255127,424.2282104,31.22118378,71118.51562,17.55591393,3.735739497
44.59999847,180.0526812,69.668755,28.38298996,62.64685291,1.032469718,170.4485865,6.505602837,298.5283508,0,130.9009399,402.6444702,3.122118473,71163.51562,17.61192322,3.690245695
44.79999924,180.0526812,69.668755,28.38298996,70.3896904,1.032469718,170.4485865,6.507900238,298.3213501,0,129.1539917,353.6427307,0.3122118413,71208.15625,17.65784073,3.672691636
45,180.0526812,69.668755,28.38298996,64.45363905,0.9328264903,170.4485865,6.509558678,298.1775818,0,126.517067,303.7460327,0.03122118488,71252.35156,16.78396988,3.700909286
45.20000076,180.0526812,77.08675703,28.38298996,64.57938052,1.030076529,170.4485865,6.506382942,298.0851746,0,123.2155762,267.7476196,0.003122118535,71297.95312,17.55216217,3.789130541
45.40000153,180.0526812,69.668755,28.38298996,57.59156488,1.032469718,170.4485865,6.507428169,298.0215149,0,121.1981201,243.5991821,0.000312211836,71341.21875,17.5779171,3.759786265
45.59999847,180.0526812,69.668755,28.38298996,70.3896904,1.032469718,170.4485865,6.508433342,298.0108948,0,118.7331772,225.5224457,9.999999747e-05,71384.17969,17.67406654,3.834202856
45.79999924,180.0526812,71.62085433,28.38298996,70.3896904,1.012769252,170.4485865,6.507526398,298.0057373,0,115.8798828,223.1441345,9.999999747e-05,71427.09375,17.49292946,3.863433509
46,180.0526812,74.86214005,28.33009419,70.3896904,1.006212959,170.4485865,6.504160404,297.9952698,0,113.3954773,221.8557587,9.999999747e-05,71470.33594,17.4118309,3.879315991
46.20000076,180.0526812,77.2751606,28.38298996,57.59156488,1.032469718,139.4579344,6.499308586,297.9785156,0,112.2593765,218.4944458,9.999999747e-05,71507.57812,17.50287628,3.872965428
46.40000153,180.0526812,69.668755,25.56311847,70.3896904,1.022140334,170.4485865,6.500871658,297.9146423,0,113.0610123,212.6208191,9.999999747e-05,71548.65625,17.60915947,3.695418644
46.59999847,180.0526812,69.668755,27.84812288,57.59156488,0.9437350706,170.4485865,6.500862598,298.710083,0,113.2116089,63.78624725,244.6704102,71590.10156,16.835186,3.775899259
46.79999924,180.0526812,83.79198468,28.38298996,67.37939951,1.032469718,170.4485865,6.493972778,298.6929321,0,113.3916931,335.4922485,24.46704102,71635.60156,17.551651,3.923713661
47,180.0526812,79.04641233,28.38298996,70.3896904,1.032469718,170.4485865,6.490431786,298.5544434,0,116.3451538,350.2350159,2.446704149,71680.29688,17.60257149,3.903116695
47.20000076,180.0526812,80.46446575,28.38298996,60.94129039,1.032469718,170.4485865,6.487996578,298.4342957,0,120.6819153,328.5697937,0.2446704209,71726.33594,17.53084755,3.923019018
47.40000153,180.0526812,80.15327608,27.97856748,59.66059359,1.025841629,170.4485865,6.488017559,298.3517456,0,125.9999466,308.9510803,0.02446704172,71773.46094,17.47942352,3.955315986
47.59999847,180.0526812,69.668755,28.38298996,70.3896904,1.032469718,170.4485865,6.494175911,298.2554626,0,131.305069,297.6582642,0.002446704078,71818.85938,17.68077278,3.857804154
47.79999924,180.0526812,71.86404288,28.38298996,57.59156488,0.9557609497,170.4485865,6.498978138,298.1794128,0,134.1345062,278.2527161,0.000244670402,71865.47656,16.93307686,3.899098269
48,180.0526812,69.668755,26.83056423,57.59156488,0.844747951,157.4395191,6.505712509,298.1005249,0,135.0671844,262.3165588,9.999999747e-05,71908.71094,16.02618027,3.820222374
48.20000076,180.0526812,69.668755,28.38298996,58.43676294,0.9968368227,170.4485865,6.50998354,298.0501709,0,133.2953644,242.4010773,9.999999747e-05,71954.58594,17.30394936,3.887424228
48.40000153,180.0526812,69.668755,28.38298996,61.27505585,1.006338654,170.4485865,6.512930393,298.0022583,0,129.8294373,229.3878021,9.999999747e-05,71999.71875,17.40233994,3.880863522
48.59999847,180.0526812,85.15070056,26.8209719,57.59156488,0.8719283308,170.4485865,6.507555962,297.9899902,0,125.1813354,215.1150665,9.999999747e-05,72047.89844,16.14902306,4.016582413
48.79999924,180.0526812,69.668755,28.38298996,64.23661524,0.9518703001,170.4485865,6.509133339,297.9497681,0,122.7060013,211.3282928,9.999999747e-05,72091.55469,16.95960808,3.882150267
49,180.0526812,69.668755,28.38298996,57.59156488,0.9433957164,170.4485865,6.510074615,298.6996155,0,119.5502014,63.39849091,230.3703308,72134.49219,16.84108353,3.908256726
49.20000076,180.0526812,83.63221551,28.38298996,70.3896904,1.032469718,170.4485865,6.502901077,298.6993713,0,116.0422974,320.506134,23.03703308,72180.55469,17.58665466,4.069320484
49.40000153,180.0526812,85.15070056,28.38298996,70.3896904,1.032469718,170.4485865,6.495822906,298.631134,0,115.428421,341.0352783,2.303703308,72226.95312,17.5765934,4.0824188
49.59999847,180.0526812,85.15070056,27.61473343,70.3896904,1.032469718,170.4485865,6.490969658,298.5635681,0,117.6194611,343.7254333,0.2303703427,72273.74219,17.58971024,4.105074388
49.79999924,180.0526812,69.668755,28.38298996,70.3896904,1.014473669,139.4579344,6.495269299,298.462677,0,121.7447815,344.5895386,0.02303703316,72310.83594,17.51893234,3.959690533
50,180.0526812,78.98797065,28.38298996,70.3896904,1.032469718,170.4485865,6.494568825,298.3877563,0,124.1273727,331.4275818,0.002303703455,72357.42188,17.62670517,4.096790773
50.20000076,180.0526812,69.668755,28.38298996,70.3896904,1.032469718,139.4579344,6.49962616,298.309906,0,126.8359756,323.6895752,0.0002303703368,72395.64062,17.67620468,3.982374887
50.40000153,180.0526812,69.668755,28.38298996,65.1291864,1.032469718,170.4485865,6.504001141,298.2359619,0,127.4866943,311.9248047,9.999999747e-05,72440.375,17.66127586,3.992589643
50.59999847,180.0526812,85.15070056,28.11791537,70.3896904,1.032469718,170.4485865,6.499688625,298.2103882,0,126.4080658,298.6280212,9.999999747e-05,72489.22656,17.59274292,4.167481402
50.79999924,180.0526812,69.668755,28.38298996,70.3896904,1.032469718,170.4485865,6.503911495,298.1456909,0,127.0807953,299.2097168,9.999999747e-05,72533.91406,17.69637108,4.006678648
51,180.0526812,69.668755,28.38298996,70.3896904,0.9767773257,170.4485865,6.507377625,298.0810242,0,126.0084686,284.9615173,9.999999747e-05,72578.35156,17.22460747,3.994704585
51.20000076,180.0526812,69.668755,28.38298996,68.25335412,0.9924032924,170.4485865,6.509994507,298.0453491,0,123.5795822,268.6091309,9.999999747e-05,72622.35938,17.34643936,4.033724599
51.40000153,180.0526812,69.668755,28.38298996,66.20481845,1.032469718,170.4485865,6.511310577,297.9953308,0,120.1042252,259.8207092,9.999999747e-05,72665.57812,17.66535187,4.001517388
51.59999847,180.0526812,69.668755,28.38298996,57.59156488,1.001972917,170.4485865,6.511518955,297.9586792,0,116.1040649,244.5367584,9.999999747e-05,72707.98438,17.34445763,4.013111479
51.79999924,180.0526812,69.668755,26.74828543,70.3896904,0.9075301356,170.4485865,6.512269497,297.9438171,0,112.0200653,232.0917358,9.999999747e-05,72749.34375,16.66057777,4.011120026
52,180.0526812,69.668755,28.38298996,57.59156488,0.8493594751,170.4485865,6.510275841,298.7138672,0,107.6304932,69.6275177,238.630188,72789.92188,16.05430984,4.047268687
52.20000076,180.0526812,85.15070056,28.38298996,70.3896904,1.032469718,170.4485865,6.499123096,298.7313232,0,104.0491104,333.2987061,23.86301994,72834,17.58389473,4.241246003
52.40000153,180.0526812,85.15070056,23.22244633,62.68319751,1.032469718,170.4485865,6.493868351,298.6808777,0,104.9501343,360.3175049,2.386301994,72877.46094,17.60201073,4.231039613
52.59999847,180.0526812,69.668755,28.38298996,69.77622027,1.032469718,170.4485865,6.494967937,298.6242371,0,107.9044189,370.2094727,0.2386301905,72918.19531,17.69876099,4.132468531
52.79999924,180.0526812,85.15070056,28.1588859,70.3896904,1.032469718,170.4485865,6.48865366,298.6070251,0,110.4167633,376.5835266,0.02386301942,72963.83594,17.59881401,4.324038681
53,180.0526812,69.668755,28.38298996,57.59156488,0.9807419754,170.4485865,6.492533207,298.5619202,0,115.4994888,394.4793396,0.002386301989,73006.25,17.18237877,4.173286473
53.20000076,180.0526812,85.15070056,28.38298996,70.3896904,1.032469718,170.4485865,6.488525391,298.5477295,0,118.9733505,401.804657,0.0002386301931,73053.78906,17.60368347,4.357163237
53.40000153,180.0526812,81.45997601,28.38298996,70.3896904,1.015900914,170.4485865,6.48791647,298.4899902,0,124.1087341,418.3209229,9.999999747e-05,73101.28906,17.49066162,4.326134956
53.59999847,180.0526812,85.15070056,28.38298996,57.59156488,1.032469718,170.4485865,6.486612797,298.4280701,0,129.4513397,419.0483704,9.999999747e-05,73150.92188,17.50982666,4.346688669
53.79999924,180.0526812,69.79968061,28.38298996,57.59156488,0.8920995383,170.4485865,6.494451046,298.3458862,0,135.3285675,416.4973145,9.999999747e-05,73197.48438,16.44227982,4.158376052
54,180.0526812,69.668755,28.38298996,60.02256577,0.8675809348,170.4485865,6.501735687,298.26651,0,138.0383148,404.6583862,9.999999747e-05,73244.57812,16.25704956,4.153911327
54.20000076,180.0526812,69.668755,28.38298996,70.3896904,0.9666971331,170.4485865,6.507881165,298.2097473,0,137.8653259,390.8641357,9.999999747e-05,73291.67969,17.17010498,4.180487101
54.40000153,180.0526812,85.15070056,28.38298996,70.3896904,1.026315449,170.4485865,6.504423141,298.176239,0,135.2360687,381.8640442,9.999999747e-05,73342.57031,17.5632019,4.390090194
54.59999847,180.0526812,69.668755,28.38298996,69.73272437,1.027659936,170.4485865,6.509645462,298.1121826,0,134.0178986,378.5962219,9.999999747e-05,73388.85156,17.67796135,4.171221469
54.79999924,180.0526812,81.74046895,23.75844315,67.83181482,1.009076256,170.4485865,6.510452271,298.0801697,0,130.6514282,363.3614197,9.999999747e-05,73437.0625,17.48490715,4.306497816
55,180.0526812,69.668755,28.38298996,70.3896904,1.032469718,170.4485865,6.513685703,298.0588684,0,127.0046005,357.0029602,9.999999747e-05,73481.99219,17.72627258,4.227110892
55.20000076,180.0526812,69.668755,28.38298996,64.04260977,1.032469718,170.4485865,6.51556778,298.0623474,0,122.0423431,352.8989258,9.999999747e-05,73525.96875,17.68551445,4.265823499
55.40000153,180.0526812,69.668755,28.38298996,70.3896904,1.032469718,170.4485865,6.516037464,298.097229,0,116.3394089,356.4672852,9.999999747e-05,73568.85156,17.73210716,4.319516677
55.59999847,180.0526812,69.668755,28.38298996,70.3896904,1.032469718,170.4485865,6.515256405,298.1272888,0,110.4489212,370.8096924,9.999999747e-05,73610.5,17.72893715,4.321115393
55.79999924,180.0526812,85.15070056,27.57459123,70.3896904,1.032469718,170.4485865,6.50498867,298.1614685,0,104.8704147,384.5687866,9.999999747e-05,73655.1875,17.62113953,4.511815008
56,180.0526812,69.668755,28.09499282,63.02684966,1.006459086,170.4485865,6.504119396,298.1494751,0,103.4262161,400.9111633,9.999999747e-05,73695.24219,17.45241928,4.272978185
56.20000076,180.0526812,69.668755,28.38298996,70.3896904,1.032469718,170.4485865,6.502690792,298.1120605,0,102.2684555,402.5652161,9.999999747e-05,73735.03125,17.71500206,4.245495149
56.40000153,180.0526812,72.10230326,28.38298996,60.02330604,1.032469718,170.4485865,6.499768734,298.0727844,0,101.7140961,395.3548584,9.999999747e-05,73775.375,17.62237358,4.289769307
56.59999847,180.0526812,72.13643128,28.38298996,70.3896904,1.032469718,170.4485865,6.497354507,298.0316772,0,102.3316956,386.286438,9.999999747e-05,73815.84375,17.69620323,4.286275182
56.79999924,180.0526812,69.668755,28.38298996,57.59156488,0.844747951,170.4485865,6.497138023,297.984375,0,103.9084091,375.1322937,9.999999747e-05,73855.92969,16.03322411,4.223867913
57,180.0526812,69.668755,28.38298996,70.3896904,1.032469718,170.4485865,6.497449398,297.9386292,0,105.5661545,360.3041687,9.999999747e-05,73896.35156,17.71437645,4.219802885
57.20000076,180.0526812,69.668755,28.38298996,63.32900925,1.032469718,170.4485865,6.498156071,299.0629272,0,107.1046982,108.0912476,374.4713135,73936.85938,17.66597557,4.200670034
57.40000153,180.0526812,85.15070056,28.38298996,70.3896904,1.032469718,170.4485865,6.490835667,299.0527954,0,108.3609009,494.0149841,37.4471283,73981.85156,17.61165619,4.495106529
57.59999847,180.0526812,85.15070056,25.22730372,70.23863444,1.032469718,170.4485865,6.488070488,298.9437561,0,112.5729294,521.953064,3.744713068,74027.23438,17.65598869,4.468708961
57.79999924,180.0526812,80.41589475,28.38298996,57.59156488,1.032469718,170.4485865,6.487160206,298.8113403,0,117.8503265,523.8862305,0.3744713068,74072.94531,17.55467606,4.451856532
58,180.0526812,81.25179621,28.38298996,70.3896904,1.032469718,170.4485865,6.48721838,298.6907959,0,123.5003815,514.4090576,0.03744712844,74120.125,17.6502037,4.474509319
58.20000076,180.0526812,76.67607828,23.22244633,61.89329328,1.032469718,170.4485865,6.494787693,298.5269165,0,129.1299896,504.2399292,0.003744713031,74166.21094,17.68981171,4.197657373
58.40000153,180.0526812,85.15070056,26.7455086,63.72365441,0.9468760067,170.4485865,6.494543552,298.3900452,0,131.7102661,474.5170593,0.0003744713031,74215.83594,16.87653923,4.457669507
58.59999847,180.0526812,69.668755,28.38298996,57.59156488,0.844747951,170.4485865,6.501783848,298.2084351,0,134.4377899,448.2852173,9.999999747e-05,74261.90625,16.04950523,4.135464123
58.79999924,180.0526812,85.15070056,28.38298996,60.61695491,1.031290543,170.4485865,6.499693871,298.0724792,0,134.219696,401.2801514,9.999999747e-05,74312.24219,17.54226303,4.437296162
59,180.0526812,69.668755,28.28853433,69.86822524,1.032469718,170.4485865,6.506237984,297.9160767,0,134.8921051,363.5481873,9.999999747e-05,74358.36719,17.71837997,4.087740567
59.20000076,180.0526812,69.668755,27.0158612,66.06536926,0.8670942062,170.4485865,6.51254797,299.028717,0,132.888855,109.0644531,393.2523804,74403.57812,16.3109951,3.992607308
59.40000153,180.0526812,72.49966374,28.38298996,69.84389589,1.032469718,170.4485865,6.514589787,298.866272,0,128.3898468,490.9523926,39.32524109,74448.76562,17.69667244,4.151426647
59.59999847,180.0526812,85.15070056,23.32104318,70.3896904,1.032469718,170.4485865,6.512228012,298.6382751,0,123.08741,465.1327209,3.932523966,74495.50781,17.68135643,4.277477444
59.79999924,180.0526812,85.15070056,28.38298996,70.3896904,1.032469718,170.4485865,6.504461765,298.4141846,0,118.7304688,420.1782532,0.3932524025,74542.19531,17.6115284,4.368398625
60,180.0526812,85.15070056,28.20485594,70.3896904,1.032469718,170.4485865,6.497403145,298.2316895,0,117.4837265,368.5172119,0.039325241,74588.66406,17.61336899,4.364936643
60.20000076,180.0526812,69.668755,28.38298996,70.3896904,1.025702776,170.4485865,6.499913692,298.0632629,0,119.0407028,322.7657166,0.003932524007,74631.27344,17.65114975,4.034730479
60.40000153,180.0526812,69.668755,28.38298996,58.44074635,1.032469718,170.4485865,6.502785683,297.9483032,0,119.5644226,274.7134094,0.0003932523832,74674.08594,17.63024521,4.072422348
60.59999847,180.0526812,69.668755,28.38298996,70.3896904,1.020336758,170.4485865,6.504999638,298.7492371,0,118.9687805,82.41401672,277.428894,74716.60156,17.60962105,4.051366347
60.79999924,180.0526812,85.15070056,28.38298996,70.3896904,1.032469718,170.4485865,6.498336315,298.6613159,0,117.4908829,357.6595459,27.74289131,74763,17.61781693,4.413666263
61,180.0526812,85.15070056,25.6999442,70.3896904,1.032469718,170.4485865,6.495132446,298.5149536,0,118.7053299,349.4201355,2.774289131,74809.26562,17.65433121,4.365628879
61.20000076,180.0526812,75.11453498,28.38298996,70.3896904,1.032469718,170.4485865,6.496236324,298.3684998,0,121.1615372,324.3817139,0.2774288952,74853.78125,17.68528748,4.227116918
61.40000153,180.0526812,79.57920538,26.27448567,66.11733217,1.032469718,170.4485865,6.496990681,298.2418518,0,123.1732101,294.2655334,0.02774289064,74899.60938,17.6565094,4.251862176
61.59999847,180.0526812,69.668755,28.38298996,57.59156488,1.032469718,170.4485865,6.501456738,298.1103516,0,124.897995,265.4862366,0.002774289111,74943.39062,17.62852097,4.048641795
61.79999924,180.0526812,69.668755,28.38298996,61.04795543,1.032469718,170.4485865,6.505004883,297.9924927,0,124.8230209,230.1344299,0.0002774289169,74987.125,17.6519928,4.014259004
62,180.0526812,69.668755,28.38298996,65.07019678,1.032469718,170.4485865,6.507603168,297.8997498,0,123.3436661,194.5957184,9.999999747e-05,75030.54688,17.67923927,4.00753703
62.20000076,180.0526812,69.668755,27.85387183,57.59156488,1.016399285,170.4485865,6.509526253,298.5155029,0,120.8252182,58.37871552,212.9928436,75073.21875,17.49406624,3.972040858
62.40000153,180.0526812,85.15070056,28.38298996,70.3896904,1.032469718,145.4427294,6.501223564,298.4335938,0,117.5367889,267.7501221,21.29928398,75114.27344,17.60121918,4.330424227
62.59999847,180.0526812,85.15070056,28.20065832,70.3896904,1.032469718,170.4485865,6.493807793,298.3019409,0,117.6006622,254.2011719,2.12992835,75160.48438,17.61952782,4.3268153
62.79999924,180.0526812,85.15070056,27.03343618,68.97936596,1.032469718,170.4485865,6.488491058,298.1705933,0,120.5953751,225.6524048,0.212992847,75207.0625,17.62400818,4.24684489
63,180.0526812,69.668755,28.38298996,59.70800636,1.032469718,170.4485865,6.492761135,298.0531006,0,125.7125854,192.6536102,0.02129928395,75250.80469,17.63991356,3.946935775
63.20000076,180.0526812,69.668755,28.38298996,66.40332865,1.032469718,170.4485865,6.497016907,297.9535828,0,129.097168,159.498764,0.002129928442,75295.1875,17.6858654,3.909167209
63.40000153,180.0526812,85.15070056,26.84522846,70.3896904,1.032469718,170.4485865,6.494426727,297.9046326,0,130.8101196,128.0389862,0.0002129928471,75343.85938,17.64344025,4.227597352
63.59999847,180.0526812,69.668755,28.38298996,62.12033927,1.032469718,170.4485865,6.499369144,298.2995911,0,133.5814514,38.41169357,136.9217987,75389.0625,17.65903664,3.888436416
63.79999924,180.0526812,69.668755,28.38298996,63.61226585,1.032469718,170.4485865,6.504457951,298.2207642,0,134.3292389,171.4616241,13.69217968,75434.375,17.67338371,3.907454564
64,180.0526812,69.668755,28.38298996,57.59156488,1.032469718,170.4485865,6.508538723,298.1234436,0,133.065155,152.5446014,1.369217992,75479.42188,17.62888527,3.903891291
64.19999695,180.0526812,84.58042097,23.59806931,62.78808316,1.032469718,170.4485865,6.50758791,298.0603638,0,130.1726532,127.8307343,0.1369217932,75527.10156,17.64012909,4.10843427
64.40000153,180.0526812,69.668755,23.22244633,70.3896904,0.8989455547,170.4485865,6.514369011,297.9824219,0,127.6736221,111.4277115,0.01369217969,75570.13281,16.65506363,3.686002431
64.59999847,180.0526812,69.668755,28.38298996,60.04945421,0.9973880499,164.5898542,6.514895916,297.9517212,0,122.4206924,87.2747345,0.001369217993,75611.84375,17.34806824,3.944422701
64.80000305,180.0526812,69.668755,27.59225805,70.3896904,1.032469718,139.4579344,6.513425827,297.9266052,0,117.0023499,76.61482239,0.0001369217935,75647.04688,17.69786072,3.857471789
65,180.0526812,69.668755,23.22244633,63.54501323,1.032469718,170.4485865,6.514980793,298.1908875,0,112.1584396,22.98444557,91.16014099,75686.84375,17.73017883,3.706133851
65.19999695,180.0526812,85.15070056,28.38298996,69.27008573,1.032469718,170.4485865,6.501280785,298.190094,0,106.6763229,111.6006241,9.116013527,75730.59375,17.61309624,4.313014831
65.40000153,180.0526812,74.03064098,28.38298996,70.3896904,1.032469718,170.4485865,6.494049549,298.1322632,0,106.7338791,116.5033188,0.9116013646,75771.28906,17.67989349,4.009215583
65.59999847,180.0526812,69.668755,28.38298996,59.74153999,1.031664825,170.4485865,6.491496563,298.0791931,0,109.6139603,103.6833572,0.09116014093,75811.45312,17.63021469,3.910962758
65.80000305,180.0526812,69.668755,28.05326254,63.59210417,1.032469718,139.4579344,6.490388393,298.0376282,0,113.5206223,90.76780701,0.009116013534,75845.96094,17.64805031,3.859512708
66,180.0526812,69.668755,23.22244633,57.59156488,0.8561960271,153.5450691,6.496346474,297.994812,0,117.8807068,79.79984283,0.0009116014116,75883.50781,16.20160484,3.706330278
66.19999695,180.0526812,69.668755,28.38298996,57.59156488,1.032469718,139.4579344,6.497765541,297.9815674,0,119.838974,66.74539185,9.999999747e-05,75919.46094,17.60959625,3.920388585
66.40000153,180.0526812,69.668755,25.40150272,57.59156488,0.9565217607,142.0233104,6.502471924,297.9638367,0,121.2671051,62.30690002,9.999999747e-05,75955.74219,17.01447678,3.814346332
66.59999847,180.0526812,85.15070056,24.4017247,66.10085105,1.010077024,139.4579344,6.498606205,297.9745483,0,120.787468,55.59079361,9.999999747e-05,75995.38281,17.44610405,4.159572735
66.80000305,180.0526812,73.65188984,23.53370921,60.37284499,1.015139062,170.4485865,6.502334118,297.9503479,0,121.8926697,58.06597137,9.999999747e-05,76038.35938,17.54778481,3.828420525
67,180.0526812,69.668755,28.38298996,61.63907961,1.032469718,170.4485865,6.502636433,297.9371033,0,121.4545135,48.67937088,9.999999747e-05,76080.94531,17.66090012,3.880153745
67.19999695,180.0526812,69.668755,25.60077462,57.59156488,0.9831788304,170.4485865,6.50369978,298.1076965,0,120.9309235,14.60381126,59.1738205,76122.77344,17.24575996,3.685846599
67.40000153,180.0526812,69.668755,28.38298996,70.3896904,1.032469718,170.4485865,6.502885342,298.0844116,0,119.9685593,71.19548035,5.917381763,76164.92969,17.71693802,3.851973153
67.59999847,180.0526812,76.24200961,28.38298996,70.3896904,1.032469718,170.4485865,6.499063015,298.0678101,0,119.3405457,65.92269897,0.5917381644,76208.79688,17.68502045,4.062111563
67.80000305,180.0526812,75.27511012,28.38298996,70.3896904,1.032469718,170.4485865,6.496512413,298.0503845,0,120.2452316,63.5356369,0.05917381868,76252.60938,17.69229126,4.042797849
68,180.0526812,69.668755,26.59379263,70.3896904,1.032469718,139.4579344,6.499752998,298.0281067,0,122.1564636,60.18870926,0.005917381961,76288.64062,17.72738075,3.817612293
68.19999695,180.0526812,85.15070056,23.42837059,70.24488985,1.032469718,156.7754923,6.496667385,298.019165,0,122.756424,54.52765274,0.0005917382077,76331.91406,17.68955231,4.064134694
68.40000153,180.0526812,85.15070056,28.10330972,70.29220229,1.032469718,170.4485865,6.491156578,298.0282898,0,124.6300354,52.65911102,9.999999747e-05,76379.29688,17.6477375,4.287224599
68.59999847,180.0526812,69.668755,26.35599977,57.59156488,1.032469718,170.4485865,6.497302055,297.9993286,0,128.6955872,56.59249115,9.999999747e-05,76423.0625,17.67241287,3.824821259
68.80000305,180.0526812,70.82223125,27.81060644,57.59156488,1.032469718,170.4485865,6.501096725,297.98172,0,130.2570038,47.59807587,9.999999747e-05,76467.66406,17.64709282,3.895240209
69,180.0526812,69.668755,25.81540411,65.59359076,1.032469718,170.4485865,6.506720066,297.9591064,0,130.3455048,41.70849609,9.999999747e-05,76511.59375,17.73509216,3.764604519
69.19999695,180.0526812,69.668755,28.38298996,65.19566194,1.032469718,139.4579344,6.509860039,297.9663086,0,128.1712036,33.35974503,9.999999747e-05,76549.24219,17.68505669,3.923971916
69.40000153,180.0526812,69.668755,26.86639932,57.59156488,1.032469718,170.4485865,6.513296604,297.9625854,0,124.7548447,34.4786644,9.999999747e-05,76592.3125,17.67168808,3.891888688
69.59999847,180.0526812,84.19251128,26.84091338,66.18361297,1.032469718,170.4485865,6.507680893,297.9956055,0,119.9550705,31.8791523,9.999999747e-05,76638.44531,17.6529808,4.340528628
69.80000305,180.0526812,85.15070056,23.22244633,70.3896904,1.032469718,170.4485865,6.504668713,298.0128784,0,117.4321976,41.88857269,9.999999747e-05,76683.73438,17.72048378,4.248951553
70,180.0526812,85.15070056,28.38298996,70.3896904,1.032469718,147.6079234,6.496963501,298.045105,0,116.0765915,47.43877792,9.999999747e-05,76724.92969,17.64125252,4.408975705
70.19999695,180.0526812,69.668755,26.5210303,57.59156488,1.032469718,139.4579344,6.501211643,298.0379639,0,117.826889,58.90896606,9.999999747e-05,76760.33594,17.66149902,3.952433723
70.40000153,180.0526812,69.668755,23.22244633,57.59156488,0.9743589902,170.4485865,6.50720644,298.0060425,0,117.8236389,57.89899826,9.999999747e-05,76801.4375,17.23246002,3.756762028
70.59999847,180.0526812,69.668755,25.77582247,69.2804483,1.032469718,170.4485865,6.509368896,297.9891357,0,115.4549866,48.36645508,9.999999747e-05,76842.46875,17.76779747,3.86233157
70.80000305,180.0526812,69.668755,25.50529679,57.59156488,1.004285906,170.4485865,6.510422707,297.9764404,0,112.2395859,42.99663925,9.999999747e-05,76882.76562,17.45235062,3.85297269
71,180.0526812,69.668755,23.22244633,65.87947326,1.032469718,139.4579344,6.511636257,297.9653015,0,108.5939102,38.33576965,9.999999747e-05,76915.47656,17.75050163,3.710802435
71.19999695,180.0526812,70.08783298,28.38298996,70.3896904,1.032469718,139.4579344,6.506048203,297.9763184,0,104.458847,33.69950104,9.999999747e-05,76948.32031,17.71176338,3.951067696
71.40000153,180.0526812,79.29569032,23.22244633,70.3896904,1.032469718,139.4579344,6.500122547,297.987793,0,102.581749,36.28503799,9.999999747e-05,76982.40625,17.72471809,4.01150657
71.59999847,180.0526812,69.668755,28.38298996,64.88580477,1.032469718,139.4579344,6.4935112,297.9845581,0,103.0543747,39.27647018,9.999999747e-05,77014.69531,17.66975212,3.859736307
71.80000305,180.0526812,69.668755,24.22147649,60.97737073,1.032469718,148.8829307,6.491121292,297.9594421,0,106.1726837,37.61281967,9.999999747e-05,77048.71875,17.6968441,3.610865872
72,180.0526812,69.668755,26.47669911,57.59156488,1.002615141,145.8669987,6.488936424,297.9519043,0,110.2308807,28.39512253,9.999999747e-05,77083.35938,17.39578629,3.726876675
72.19999695,180.0526812,72.88331232,23.22244633,66.59311655,1.032469718,139.4579344,6.48917675,297.9400635,0,115.1757584,24.46610641,9.999999747e-05,77117.90625,17.72839737,3.630869956
72.40000153,180.0526812,69.668755,25.87842681,61.31150219,1.005715901,170.4485865,6.490873814,298.046875,0,120.0172119,7.339831829,38.12294769,77159.39062,17.48029327,3.681361885
72.59999847,180.0526812,85.15070056,28.20296909,61.30329647,1.032469718,170.4485865,6.484377384,298.057251,0,124.1829376,42.02359772,3.81229496,77206.30469,17.598629,4.214814544
72.80000305,180.0526812,71.67179105,28.38298996,70.3896904,1.032469718,170.4485865,6.487978935,298.0314026,0,130.9787598,46.56750107,0.38122949,77251.09375,17.73760414,3.900574885
73,180.0526812,69.668755,23.38664781,60.2606418,1.032469718,170.4485865,6.497889042,297.98703,0,136.2745972,39.71686172,0.03812294826,77295.50781,17.74499512,3.586276851
73.19999695,180.0526812,85.15070056,26.48763841,57.59156488,1.032469718,170.4485865,6.497203827,297.9971008,0,137.6180115,25.78168869,0.003812294919,77344.97656,17.60667419,4.189978896
73.40000153,180.0526812,82.6725413,25.66264897,60.72987772,1.032469718,139.4579344,6.498464108,298.0010071,0,139.2904968,29.10462761,0.0003812294744,77387.5625,17.63289261,4.053862479
73.59999847,180.0526812,69.668755,24.80323111,57.59156488,0.9324705603,170.4485865,6.506104946,297.9630432,0,140.418457,30.26602936,9.999999747e-05,77433.02344,16.86918068,3.593358735
73.80000305,180.0526812,69.668755,27.90216356,59.84882865,1.032469718,170.4485865,6.510576725,297.952301,0,138.4755096,17.17952538,9.999999747e-05,77478.6875,17.69033051,3.772772836
74,180.0526812,79.63347509,27.96237954,70.3896904,1.032469718,170.4485865,6.507761002,297.963501,0,134.7746429,12.36745739,9.999999747e-05,77526.23438,17.70506477,4.029208978
74.19999695,180.0526812,69.668755,23.22244633,58.75890757,1.032469718,170.4485865,6.513901234,297.9389343,0,132.2138519,14.52417564,9.999999747e-05,77569.75,17.73592758,3.532209179
74.40000153,180.0526812,69.668755,28.38298996,57.59156488,1.032469718,170.4485865,6.513547421,298.0467529,0,127.1441498,4.357252598,36.91120911,77613.13281,17.66257858,3.784685055
74.59999847,180.0526812,80.1469552,28.38298996,70.3896904,1.032469718,170.4485865,6.506114483,298.0449524,0,122.265976,39.45321655,3.691120863,77658.30469,17.69477463,4.077141481
74.80000305,180.0526812,73.31827824,25.77238476,70.3896904,1.032469718,170.4485865,6.504418373,298.0124817,0,120.3633423,39.77317429,0.3691120744,77700.80469,17.75881577,3.765263849
75,180.0526812,69.668755,27.00733889,59.69432287,1.032469718,163.0113721,6.503082752,297.9879456,0,119.097847,30.26921463,0.03691120818,77740.73438,17.68656731,3.704854442
75.19999695,180.0526812,69.668755,24.19553889,70.3896904,1.032469718,158.4390974,6.505460739,297.9677124,0,118.3837433,22.52250862,0.003691120772,77779.17188,17.79371071,3.624874832
75.40000153,180.0526812,69.668755,28.13031221,57.64475081,1.032469718,139.4579344,6.502998352,297.971405,0,116.7074127,15.27007484,0.0003691120655,77814.00781,17.64400864,3.78366928
75.59999847,180.0526812,69.668755,25.68739881,57.59156488,1.032469718,139.4579344,6.503000736,297.9675293,0,116.043663,15.48651409,9.999999747e-05,77848.28906,17.67559624,3.682594208
75.80000305,180.0526812,81.61440977,28.38298996,70.3896904,1.032469718,144.2387546,6.493937016,297.9942017,0,115.355545,13.04498196,9.999999747e-05,77887.08594,17.67342758,4.130471224
76,180.0526812,69.668755,28.07931808,61.94065576,1.032469718,170.4485865,6.491604328,297.9778442,0,118.3304977,21.06594658,9.999999747e-05,77928.53125,17.69690514,3.733018007
76.19999695,180.0526812,69.668755,28.38298996,64.81897056,1.032469718,139.4579344,6.489610195,297.9728394,0,122.1873627,15.00267315,9.999999747e-05,77964.39062,17.69070244,3.696272125
76.40000153,180.0526812,70.45051893,27.77639783,57.59156488,1.015702448,170.4485865,6.487216473,297.9543457,0,126.8623962,12.56120205,9.999999747e-05,78007.53906,17.52041626,3.614461279
76.59999847,180.0526812,69.668755,28.38298996,57.59156488,1.032469718,170.4485865,6.485671997,297.9415894,0,132.4972534,5.199268818,9.999999747e-05,78051.67188,17.65913773,3.585887004
76.80000305,180.0526812,69.668755,23.22244633,59.91510747,1.005802186,170.4485865,6.490170002,297.9570923,0,138.7458649,1.559780717,16.08499908,78096.10156,17.5182991,3.314821765
77,180.0526812,69.668755,27.95126892,58.32316197,0.9142497374,170.4485865,6.491726398,297.9431763,0,143.1781769,4.814965248,1.608500004,78142.25,16.68874168,3.545826952
77.19999695,180.0526812,69.668755,26.2854027,57.59156488,0.9529657887,170.4485865,6.496917725,297.9912415,0,147.0168457,1.444489479,24.23155785,78188.89844,17.03475952,3.502278524
77.40000153,180.0526812,82.70816062,24.58786653,70.3896904,1.032469718,170.4485865,6.495997429,297.9723511,0,148.7577209,16.00263405,2.423155785,78238.9375,17.74096298,3.728743581
77.59999847,180.0526812,69.668755,28.38298996,57.59156488,1.032469718,170.4485865,6.499406338,297.9490051,0,150.8984528,8.791389465,0.2423155904,78286.6875,17.67854309,3.581725174
77.80000305,180.0526812,69.668755,25.8451782,61.79167983,1.012377109,170.4485865,6.505770683,297.9836731,0,151.6417999,2.63741684,21.25727081,78334.14062,17.57439804,3.480027553
78,180.0526812,79.13134877,28.38298996,70.3896904,1.032469718,151.0715742,6.505745411,297.9865723,0,149.8435059,12.8523531,2.125726938,78380.29688,17.71541023,3.916075973
78.19999695,180.0526812,69.668755,23.65070704,60.5456876,1.032469718,170.4485865,6.512897968,297.9441223,0,148.0858612,12.97990894,0.2125726938,78426.64844,17.76185226,3.385851455
78.40000153,180.0526812,85.15070056,25.67552122,57.59156488,0.9894473806,170.4485865,6.509868145,298.052002,0,143.4230957,3.893972874,37.60816956,78476.58594,17.28225708,3.962360413
78.59999847,180.0526812,69.668755,28.38298996,65.61633248,1.032469718,170.4485865,6.510923386,298.0077515,0,140.0287018,39.33750534,3.760816813,78522.17188,17.74032021,3.645729391
78.80000305,180.0526812,72.25740496,23.54493887,70.3896904,1.032469718,170.4485865,6.514083862,297.9603882,0,136.1661987,25.21096611,0.3760816753,78566.82812,17.81235504,3.491641148
79,180.0526812,75.95544826,23.22244633,70.3896904,1.032469718,170.4485865,6.513999939,297.9371948,0,131.045578,9.485545158,0.03760816902,78611.39062,17.79768562,3.59186598
79.19999695,180.0526812,69.668755,28.38298996,65.6383922,1.032469718,170.4485865,6.510339737,297.975708,0,125.9760818,2.845663548,17.15600777,78654.13281,17.7356987,3.647115917
79.40000153,180.0526812,82.94446067,28.38298996,66.57401635,1.032469718,170.4485865,6.499269009,297.9815979,0,122.3718948,13.95486259,1.715600848,78699.6875,17.67815781,4.016321685
79.59999847,180.0526812,85.15070056,23.22244633,70.3896904,1.032469718,170.4485865,6.490965366,297.962677,0,123.2089005,14.78205299,0.1715600789,78744.98438,17.74720192,3.761319505
79.80000305,180.0526812,80.83918514,26.43434691,62.19441454,1.032469718,170.4485865,6.484709263,297.9563599,0,127.3346405,7.526417255,0.01715600863,78790.63281,17.68331337,3.81616073
80,180.0526812,69.75947854,23.22244633,60.07210353,1.032469718,170.4485865,6.488144875,297.9212646,0,133.9649353,4.083984375,0.00171560084,78834.09375,17.76186371,3.31290314
80.19999695,180.0526812,71.3414161,23.22244633,57.59156488,1.032469718,170.4485865,6.493095398,297.970459,0,139.1956177,1.225195408,28.76703644,78879.04688,17.74430275,3.376039005
80.40000153,180.0526812,69.668755,28.38298996,64.71409165,1.032469718,170.4485865,6.495542049,297.9459839,0,142.4722443,15.49792671,2.876703501,78925.15625,17.74563217,3.600926959
80.59999847,180.0526812,71.95430817,27.22951174,59.84670505,1.032469718,170.4485865,6.498849392,298.0519714,0,144.7831573,4.6493783,45.93425369,78972.13281,17.71971512,3.625308601
80.80000305,180.0526812,79.97877473,28.12147568,70.3896904,1.032469718,170.4485865,6.497575283,298.0188904,0,145.7604065,39.37295914,4.593425751,79021.57812,17.74306679,3.892710697
81,180.0526812,73.99332895,23.22244633,59.39142579,1.016060303,139.4579344,6.503816605,297.9681396,0,147.2650757,29.12114334,0.4593425393,79062.50781,17.59842491,3.473722582
81.19999695,180.0526812,77.95794784,24.43400845,70.3896904,1.032469718,170.4485865,6.506062508,297.9375916,0,146.233963,12.56519222,0.04593425617,79110.83594,17.79523087,3.643101382
81.40000153,180.0526812,85.15070056,28.35146275,70.3896904,1.032469718,170.4485865,6.502366543,298.0055542,0,144.3416443,3.769557714,21.52917862,79161.50781,17.7246418,4.099849995
81.59999847,180.0526812,69.668755,28.38298996,68.54653892,1.032469718,170.4485865,6.505069256,297.9668579,0,143.9342499,25.10781479,2.152917862,79207.89844,17.78108788,3.619863932
81.80000305,180.0526812,70.65533472,28.38298996,70.3896904,1.032469718,170.4485865,6.507675648,297.9426575,0,142.4058533,11.45480156,0.2152917832,79254.3125,17.79179764,3.68011302
82,180.0526812,85.15070056,23.22244633,57.63744334,0.844747951,170.4485865,6.508029461,297.9941711,0,139.8555908,3.436440468,20.49993324,79303.24219,16.12714195,3.911843913
82.19999695,180.0526812,69.668755,26.06520614,70.3896904,1.032469718,170.4485865,6.51181221,297.9589844,0,137.1710358,19.23449516,2.049993277,79347.91406,17.82369041,3.553300258
82.40000153,180.0526812,82.83264594,23.22244633,70.3896904,1.032469718,170.4485865,6.511216164,297.9498901,0,132.9548035,6.489676952,0.2049993277,79394.83594,17.79844284,3.860528549
82.59999847,180.0526812,73.87365724,28.38298996,65.47306139,1.032469718,170.4485865,6.509658337,297.9771118,0,129.0024719,1.94690299,10.44261456,79439.49219,17.75171089,3.861291564
82.80000305,180.0526812,69.668755,24.59776973,62.91503455,1.032469718,170.4485865,6.512280941,297.95047,0,125.6624298,9.525977135,1.044261456,79481.64062,17.79661369,3.529826625
83,180.0526812,74.85996574,25.08241291,67.49240759,0.9226959792,139.4579344,6.510529518,297.9517212,0,121.2563858,9.999999747e-05,0.1044261456,79518.00781,16.85278511,3.718200655
83.19999695,180.0526812,79.53759698,28.38298996,68.6659764,1.032469718,139.4579344,6.502351284,297.9726562,0,117.5786591,9.999999747e-05,0.01044261456,79555.47656,17.72005081,4.017385065
83.40000153,180.0526812,85.15070056,25.21839389,63.91776116,1.032469718,170.4485865,6.49313736,297.9740601,0,117.1794434,5.39670372,0.001044261502,79600.07031,17.71509933,3.964578792
83.59999847,180.0526812,69.668755,24.23591328,57.59156488,1.032469718,158.9046196,6.494633675,297.9499512,0,120.4486465,4.702095032,0.0001044261444,79638.6875,17.75302505,3.468935342
83.80000305,180.0526812,73.18874128,23.60182245,57.59156488,1.032469718,159.3022324,6.496539593,297.9935913,0,123.0807037,1.410628438,22.30707359,79678.78125,17.74908447,3.564551673
84,180.0526812,69.668755,28.38298996,66.13000551,1.032469718,170.4485865,6.497075081,297.9759827,0,124.9834671,14.77552795,2.230707407,79721.46875,17.78230286,3.720022637
84.19999695,180.0526812,69.668755,23.22244633,59.05880376,1.032469718,139.4579344,6.502087593,297.9489746,0,126.6777039,8.127287865,0.2230707407,79757.16406,17.7720089,3.429379171
84.40000153,180.0526812,69.668755,23.22244633,57.59156488,0.8732507134,170.4485865,6.506508827,297.9781494,0,126.3479385,2.438186169,22.02410126,79799.11719,16.44854546,3.427723826
84.59999847,180.0526812,70.43280715,28.38298996,68.93064335,1.032469718,170.4485865,6.506507397,297.9674072,0,124.2658844,10.79537964,2.202409983,79841.84375,17.8032856,3.776621134
84.80000305,180.0526812,85.15070056,27.24128709,70.3896904,1.032469718,139.4579344,6.499282837,297.9855957,0,122.1971283,6.053280354,0.2202410102,79881.51562,17.7331543,4.145010027
85,180.0526812,69.668755,24.8606452,67.6235811,1.032469718,151.8617562,6.501182556,297.9564819,0,123.0277481,11.17830658,0.02202410065,79919.24219,17.81980133,3.50563809
85.19999695,180.0526812,69.67907952,23.22244633,59.29025441,1.032469718,139.4579344,6.504834652,297.9370117,0,123.0453644,0.4577502608,0.002202410018,79954.14844,17.77742958,3.426095552
85.40000153,180.0526812,69.668755,24.13488601,66.23516059,1.032469718,139.4579344,6.507204533,297.9528198,0,121.6255341,0.1373250782,11.61556339,79988.91406,17.81462669,3.481916666
85.59999847,180.0526812,84.42128614,26.10439078,70.3896904,1.032469718,170.4485865,6.499304295,297.9597168,0,119.2676392,3.375102282,1.161556363,80033.85938,17.76995277,4.027269092
85.80000305,180.0526812,85.15070056,25.85868963,67.08794488,1.032469718,170.4485865,6.49131155,297.9608154,0,120.0994949,3.869000673,0.1161556318,80079.07031,17.74733162,3.996040996
86,180.0526812,71.95572354,24.27537829,70.3896904,1.032469718,170.4485865,6.492539406,297.9336243,0,124.0959015,2.680804253,0.01161556318,80121.28125,17.84769821,3.500371569
86.19999695,180.0526812,85.15070056,23.22244633,57.59156488,1.012803677,170.4485865,6.489661694,297.9909668,0,127.5704498,0.8042412996,24.38733101,80167.53906,17.55303192,3.841022686
86.40000153,180.0526812,69.668755,28.38298996,59.04910797,1.032469718,139.4579344,6.491869926,297.9689026,0,132.2391205,18.30959511,2.438733101,80205.19531,17.7256012,3.642997037
86.59999847,180.0526812,85.15070056,23.7094041,70.3896904,1.032469718,170.4485865,6.493370056,297.9553223,0,135.9947357,9.925722122,0.2438733131,80253.42969,17.81394005,3.955780008
86.80000305,180.0526812,71.93887304,26.92527018,57.59156488,1.032469718,139.4579344,6.497912407,297.9394226,0,139.168869,4.240947723,0.02438732982,80292.89062,17.72912788,3.644095466
87,180.0526812,85.15070056,23.22244633,70.3896904,1.032469718,170.4485865,6.498085022,297.9715271,0,140.5138702,1.272284269,17.73975754,80341.76562,17.81552124,3.801963222
87.19999695,180.0526812,85.10568637,23.22244633,64.14755804,1.032469718,170.4485865,6.496544361,297.9443665,0,141.813858,10.19764709,1.77397573,80390.75,17.77302742,3.712524941
87.40000153,180.0526812,82.65839951,25.70436516,67.96917041,1.032469718,170.4485865,6.494627953,298.0246277,0,143.7217102,3.059293985,37.4934845,80439.90625,17.78271484,3.758054401
87.59999847,180.0526812,73.86905182,24.44456652,57.59156488,1.032469718,170.4485865,6.498061657,297.9621277,0,146.3917999,28.86338425,3.749348402,80486.99219,17.76793098,3.411498737
87.80000305,180.0526812,69.668755,23.22244633,63.1174111,1.032469718,139.4579344,6.503790855,297.9127197,0,147.6697083,7.623064518,0.3749348521,80526.59375,17.81514931,3.188231637
88,180.0526812,72.0883344,23.22244633,64.17721755,1.032469718,170.4485865,6.50867033,297.9311218,0,146.6655884,2.286919355,24.27091408,80572.98438,17.8368969,3.291804778
88.19999695,180.0526812,76.93996478,23.22244633,61.75555973,0.9837728444,170.4485865,6.511337757,297.8970947,0,143.7198181,0.6860758066,9.999999747e-05,80620.07812,17.39605141,3.482124339
88.40000153,180.0526812,83.01610283,23.22244633,70.3896904,1.032469718,170.4485865,6.510281086,297.9716797,0,139.7116547,0.205822736,36.06036758,80667.96094,17.83170891,3.687097029
88.59999847,180.0526812,80.02687491,24.32944596,70.3896904,1.032469718,170.4485865,6.508197784,297.9315796,0,136.1312866,22.3341217,3.606036663,80714.46875,17.83011818,3.636599508
88.80000305,180.0526812,85.15070056,23.22244633,70.14307787,0.9732974439,170.4485865,6.504823208,298.0847778,0,133.3756714,6.70023632,66.70435333,80761.60156,17.32589149,3.763004039
89,180.0526812,85.15070056,28.38298996,69.53952723,1.032469718,170.4485865,6.497560978,298.0375977,0,131.9708557,57.28762054,6.670435429,80809.42188,17.76422119,4.043889151
89.19999695,180.0526812,85.15070056,24.56587456,70.3896904,1.032469718,170.4485865,6.494307518,297.9775085,0,133.4795074,43.04193497,0.6670435071,80856.89062,17.81271172,3.844923722
89.40000153,180.0526812,85.15070056,23.22244633,66.10286222,1.032469718,170.4485865,6.492564201,297.9300842,0,136.2640228,24.07756805,0.06670435518,80904.67969,17.80220795,3.740212508
89.59999847,180.0526812,71.37424028,28.38298996,66.14082648,1.032469718,155.7064949,6.493049145,297.997345,0,139.7537079,7.223270416,37.2658577,80947.39062,17.79566574,3.553514464
89.80000305,180.0526812,85.00699732,23.22244633,70.3896904,1.032469718,170.4485865,6.493273735,297.9507141,0,143.046875,28.1615696,3.726585627,80996.52344,17.83538437,3.712864567
90,180.0526812,72.51401704,23.38314981,70.3896904,1.032469718,170.4485865,6.499293327,297.8935242,0,146.2582092,11.46875668,0.3726585805,81043.00781,17.88779068,3.321450065
90.19999695,180.0526812,69.668755,23.30359627,57.59156488,1.032469718,170.4485865,6.506361008,297.9412537,0,147.0418549,3.440627098,38.25629807,81088.85156,17.82240868,3.218907284
90.40000153,180.0526812,85.15070056,27.64211055,70.3896904,1.032469718,170.4485865,6.502188683,297.9296265,0,145.0134888,1.032188177,9.999999747e-05,81139.17188,17.79274368,3.927327855
90.59999847,180.0526812,85.15070056,23.22244633,57.59156488,1.032469718,150.5676621,6.502527714,297.9922791,0,144.6942291,0.3096564412,30.53146744,81184.58594,17.74510002,3.725430349
90.80000305,180.0526812,80.76415712,28.38298996,70.3896904,1.032469718,170.4485865,6.501635075,297.9666138,0,144.1886902,19.3670578,3.053146839,81233.82812,17.8121624,3.909387212
91,180.0526812,85.15070056,23.22244633,70.3896904,0.9683259301,170.4485865,6.503577709,297.9361267,0,144.0585938,9.762412071,0.3053146899,81283.34375,17.31484413,3.801900952
91.19999695,180.0526812,76.6772755,24.59114961,68.27690902,1.032469718,139.4579344,6.507361889,297.9772644,0,143.1383514,2.928723574,25.2710762,81324.25781,17.83872223,3.575082416
91.40000153,180.0526812,69.668755,28.38298996,68.2136815,1.032469718,170.4485865,6.509113312,297.9349365,0,140.7073364,14.95061207,2.527107716,81369.78125,17.84498978,3.524140861
91.59999847,180.0526812,81.88030874,24.38301837,70.3896904,1.032469718,170.4485865,6.508719444,298.0420837,0,137.5884247,4.485183716,50.94734955,81417.25781,17.85276794,3.734328122
91.80000305,180.0526812,85.15070056,23.22244633,70.3896904,1.032469718,170.4485865,6.506765366,297.9901733,0,134.6274719,39.32857513,5.094734669,81464.76562,17.85066795,3.768721583
92,180.0526812,75.38419635,27.79771216,70.3896904,1.032469718,170.4485865,6.505801678,297.9474792,0,132.4465332,22.20077515,0.5094735026,81510.11719,17.84665489,3.740401731
92.19999695,180.0526812,69.668755,23.22244633,61.40515926,1.032469718,170.4485865,6.508651257,297.978363,0,130.6427002,6.660233021,32.54356384,81552.60938,17.85732841,3.231623301
92.40000153,180.0526812,85.15070056,28.12273349,70.3896904,1.032469718,165.0104417,6.500324726,297.9659729,0,127.6898346,15.6603899,3.254356384,81598.42969,17.79413795,4.005329973
92.59999847,180.0526812,69.668755,24.33421955,57.59156488,1.032469718,170.4485865,6.503666401,297.9151917,0,128.1164551,10.34957695,0.3254356384,81640.69531,17.82702637,3.357957206
92.80000305,180.0526812,79.78830472,23.22244633,62.17113984,1.032469718,170.4485865,6.503092766,297.988739,0,127.132225,3.104872942,39.44901276,81685.25781,17.82798386,3.626420748
93,180.0526812,69.668755,23.61605695,62.40246821,1.018146063,170.4485865,6.508625984,297.9342651,0,126.4276581,25.67123985,3.944901228,81727.11719,17.75925064,3.397418093
93.19999695,180.0526812,84.13436937,23.22244633,68.3770454,1.032469718,166.5904974,6.507297993,298.1081543,0,123.4771881,7.70137167,73.532547,81771.46875,17.85821724,3.904495805
93.40000153,180.0526812,85.15070056,28.38298996,70.3896904,1.032469718,170.4485865,6.499908924,298.0652161,0,121.0999603,65.63354492,7.353254318,81817.27344,17.81077194,4.172098985
93.59999847,180.0526812,73.18682104,23.22244633,70.3896904,1.032469718,139.4579344,6.502360821,297.9850464,0,121.6764221,53.57660675,0.7353254557,81852.64844,17.89517593,3.466448235
93.80000305,180.0526812,71.92758524,26.22951602,57.59156488,1.032469718,139.4579344,6.501683712,297.9335938,0,121.2204666,28.68336678,0.07353254408,81888.09375,17.77978516,3.54300209
94,180.0526812,69.668755,23.22244633,70.3896904,1.032469718,139.4579344,6.505064964,297.9893188,0,121.0771255,8.605010033,37.35846329,81922.38281,17.91027641,3.323497026
94.19999695,180.0526812,69.668755,23.26578792,69.40434728,1.032469718,170.4485865,6.506881714,297.9283142,0,119.5578384,25.72317314,3.735846281,81962.66406,17.92258072,3.299640336
94.40000153,180.0526812,76.6378827,26.94813439,70.3896904,1.032469718,147.6991665,6.501199722,298.0949097,0,117.3299408,7.716951847,72.29159546,82000.29688,17.84220695,3.704046679
94.59999847,180.0526812,71.19607357,28.38298996,70.3896904,1.032469718,170.4485865,6.497178078,298.0192261,0,117.394455,62.95967102,7.229159832,82041.39062,17.86724472,3.609775573
94.80000305,180.0526812,72.13452738,28.38298996,70.3896904,1.032469718,170.4485865,6.494469166,297.9568176,0,119.038147,39.16024399,0.722916007,82083.15625,17.86937904,3.672493891
95,180.0526812,79.82128458,23.22244633,70.3896904,1.032469718,170.4485865,6.49455595,297.912384,0,121.7665329,18.91864777,0.07229159772,82126.69531,17.89835739,3.685524042
95.19999695,180.0526812,78.80760527,25.13089762,70.355372,1.032469718,168.7280089,6.493587971,297.9724121,0,124.4552917,5.67559433,34.16665268,82170.4375,17.88044357,3.709057986
95.40000153,180.0526812,69.668755,28.38298996,70.3896904,1.032469718,170.4485865,6.495322704,297.9270935,0,127.5436478,23.4361515,3.416665316,82213.29688,17.89033318,3.587233823
95.59999847,180.0526812,69.668755,26.23493787,62.32036759,1.032469718,163.0800446,6.499721527,298.0585022,0,129.925766,7.030845642,66.6306839,82254.73438,17.86156082,3.46899087
95.80000305,180.0526812,85.15070056,26.37404085,70.3896904,1.032469718,170.4485865,6.497427464,298.0129395,0,130.5483398,49.9763031,6.663068295,82302.02344,17.85349655,4.006119437
96,180.0526812,69.668755,23.22244633,57.59156488,0.8590161608,170.4485865,6.506337166,297.9339905,0,132.1189728,35.46895981,0.6663067937,82344.97656,16.42259216,3.361885251
96.19999695,180.0526812,71.73409999,23.22244633,57.59156488,0.9476973994,170.4485865,6.512421131,298.0388794,0,130.0674591,10.64068794,60.9750061,82387.99219,17.15506363,3.395856904
96.40000153,180.0526812,81.97236223,28.38298996,70.3896904,1.032469718,170.4485865,6.508038998,298.0018311,0,125.6276321,44.94427872,6.097500801,82433.82031,17.85093117,4.04566807
96.59999847,180.0526812,69.668755,25.50658143,70.3896904,1.032469718,151.0037953,6.511875153,297.9412537,0,122.9657974,32.83845139,0.609750092,82471.33594,17.9234848,3.505036478
96.80000305,180.0526812,85.15070056,23.22244633,69.84208635,1.032469718,170.4485865,6.509288311,298.0574646,0,118.7090836,9.851534843,53.49763489,82515.82031,17.89329147,3.953308497
97,180.0526812,85.15070056,23.49881036,70.3896904,1.032469718,170.4485865,6.506168365,298.0176086,0,115.5344925,48.19486618,5.34976387,82559.78125,17.89639473,4.008621479
97.19999695,180.0526812,85.15070056,24.18521911,70.3896904,1.032469718,170.4485865,6.501784325,297.9776306,0,113.589119,35.72085571,0.5349763632,82603.48438,17.88819885,4.028696383
97.40000153,180.0526812,69.668755,27.93399687,57.59156488,1.032469718,170.4485865,6.501642227,297.932251,0,113.3998184,22.88984108,0.05349763483,82643.61719,17.83119774,3.679146341
97.59999847,180.0526812,82.39555898,28.38298996,70.3896904,1.032469718,170.4485865,6.495611668,298.0293884,0,113.2494583,6.866952419,40.05901337,82687.3125,17.85946083,4.155830473
97.80000305,180.0526812,76.86997181,27.92674546,70.3896904,1.032469718,170.4485865,6.493255615,297.9899597,0,115.5440445,38.18239212,4.005901337,82729.85938,17.88879967,3.910884076
98,180.0526812,78.69604721,23.22244633,57.59156488,0.9364553699,170.4485865,6.495891571,297.9428711,0,118.7502823,24.94802666,0.4005901217,82772.78906,17.0454464,3.745140812
98.19999695,180.0526812,69.668755,23.22244633,61.21317513,1.032469718,170.4485865,6.502384186,297.9971008,0,120.8974457,7.484407902,40.64305496,82813.60156,17.91785049,3.372685597
98.40000153,180.0526812,85.15070056,28.38298996,70.3896904,1.032469718,170.4485865,6.49715519,297.9830017,0,120.450882,24.40376472,4.064305305,82859.46875,17.85541153,4.195326159
98.59999847,180.0526812,78.02000043,26.10698399,57.64750599,1.032469718,170.4485865,6.497963905,297.9447632,0,122.1466599,19.02955055,0.4064305425,82903.33594,17.82707024,3.834023671
98.80000305,180.0526812,69.668755,26.60949579,61.61026979,1.032469718,170.4485865,6.503335476,298.0046997,0,123.4616241,5.708865166,38.02870941,82945.3125,17.89372253,3.591172359
99,180.0526812,73.97879601,25.00030639,70.24471118,1.032469718,170.4485865,6.506034374,297.9561768,0,122.6324768,24.59950066,3.802870989,82987.875,17.94057083,3.585085534
99.19999695,180.0526812,70.61028544,23.22244633,70.3896904,1.032469718,170.4485865,6.509201527,297.9006958,0,120.7470245,7.590056896,0.380287081,83028.6875,17.96637726,3.294936204
99.40000153,180.0526812,85.15070056,24.32574193,70.3896904,1.032469718,170.4485865,6.502878189,297.9584961,0,117.5847015,2.277017117,31.97394753,83072.875,17.8915329,3.814136162
99.59999847,180.0526812,85.15070056,24.08407639,65.76004854,1.032469718,170.4485865,6.496082783,297.9206543,0,116.9843903,18.91448593,3.197394609,83116.80469,17.86325645,3.756307267
99.80000305,180.0526812,85.15070056,28.38298996,70.3896904,1.032469718,139.4579344,6.488687515,298.0697021,0,119.0733185,5.674345493,60.58469009,83155.66406,17.8341465,4.046230067
100,180.0526812,76.52151097,28.38298996,70.3896904,1.032469718,170.4485865,6.48815155,298.006134,0,124.1207733,54.39674759,6.058468819,83199.64062,17.89966011,3.800612418
100.1999969,180.0526812,69.668755,23.22244633,57.59156488,1.032469718,170.4485865,6.496070862,297.9187927,0,129.3581848,33.96737671,0.6058468819,83241.88281,17.90378952,3.24958916
100.4000015,180.0526812,79.186544,23.74513092,70.3896904,1.032469718,165.2630263,6.498445511,298.0250549,0,131.4221344,10.1902132,60.51996231,83286.03125,17.93387985,3.544275964
100.5999985,180.0526812,74.02108617,28.38298996,68.27064869,1.032469718,170.4485865,6.499209881,297.9569397,0,132.5814209,44.45492172,6.051996231,83330.88281,17.89905548,3.617862113
100.8000031,180.0526812,81.1119497,24.3232699,70.3896904,1.032469718,168.1108771,6.500248909,297.8989258,0,133.4226227,21.09527206,0.605199635,83376.59375,17.92496681,3.622249024
101,180.0526812,85.15070056,23.22244633,57.59156488,1.032469718,139.4579344,6.500932693,297.9740295,0,133.8421173,6.328581333,41.6865921,83417.40625,17.8186512,3.703989327
101.1999969,180.0526812,84.82790062,26.32264943,57.59156488,1.032469718,170.4485865,6.499463081,297.9292603,0,133.9902191,28.8934803,4.16865921,83465.10938,17.81126213,3.880362042
101.4000015,180.0526812,85.15070056,24.01757498,70.3896904,1.032469718,170.4485865,6.5002985,298.0816956,0,134.7320251,8.66804409,75.25805664,83512.64062,17.92283249,3.77042751
101.5999985,180.0526812,85.15070056,28.38298996,70.3896904,1.032469718,170.4485865,6.496987343,298.0157776,0,135.1250916,58.94023895,7.52580595,83560.98438,17.87720299,3.966887787
101.8000031,180.0526812,74.69513545,23.22244633,70.3896904,1.032469718,170.4485865,6.503545284,297.9240112,0,136.8637695,38.11724091,0.7525805831,83606.01562,17.9764328,3.346825645
102,180.0526812,77.29714713,25.67986159,59.60985185,1.01409138,170.4485865,6.507614613,298.0386963,0,135.9334564,11.43517208,64.3608017,83652.05469,17.72430038,3.623116352
102.1999969,180.0526812,85.15070056,28.38298996,70.3896904,1.032469718,170.4485865,6.504154682,297.984314,0,133.4152374,48.83587265,6.436079979,83700.14062,17.88505936,4.004213853
102.4000015,180.0526812,69.668755,28.38298996,64.33996624,1.032469718,170.4485865,6.508333683,297.9129333,0,132.297699,30.67258072,0.6436080337,83743.91406,17.91576767,3.52003028
102.5999985,180.0526812,73.8045763,23.22244633,70.3896904,1.032469718,170.4485865,6.513724327,297.9960022,0,129.4594421,9.201773643,55.92031097,83787.26562,17.98826981,3.360719601
102.8000031,180.0526812,85.15070056,27.87576372,70.3896904,1.032469718,170.4485865,6.507583618,297.9549561,0,124.4854507,35.137043,5.592031002,83833.44531,17.89089394,3.984819743
103,180.0526812,70.67305964,23.22244633,64.95905644,1.032469718,139.4579344,6.512202263,297.890564,0,122.0093231,20.19606018,0.5592030883,83868.08594,17.94682312,3.256442202
103.1999969,180.0526812,77.84434838,23.22244633,70.3896904,1.02097291,170.4485865,6.512539387,297.9757385,0,117.613678,6.058817863,51.12930298,83910.16406,17.87763023,3.547364625
103.4000015,180.0526812,76.9113826,27.20466309,70.3896904,1.032469718,170.4485865,6.508685112,297.9309082,0,113.1315079,31.81855011,5.112930298,83951.79688,17.93753052,3.759132951
103.5999985,180.0526812,85.15070056,23.62402737,70.3896904,1.032469718,139.4579344,6.503350258,298.1106567,0,110.1912231,9.545564651,80.37583923,83988.04688,17.91905022,3.843891962
103.8000031,180.0526812,85.15070056,28.38298996,70.3896904,1.032469718,139.4579344,6.493644714,298.0582275,0,109.3763657,69.30445099,8.037584305,84024.92969,17.86782265,4.06128231
104,180.0526812,85.15070056,23.22244633,70.3896904,1.032469718,139.4579344,6.490600586,297.9896545,0,112.4531631,54.0165863,0.8037583828,84061.625,17.9274826,3.811765505
104.1999969,180.0526812,69.668755,23.22244633,67.02796797,1.032469718,170.4485865,6.495823383,297.9032288,0,116.7118683,32.94156647,0.08037584275,84101.35938,17.99556923,3.240645805
104.4000015,180.0526812,85.15070056,23.22244633,61.14201178,0.9973603456,166.76128,6.494041443,298.0178223,0,118.8756104,9.882470131,61.08997345,84144.89844,17.59546661,3.747837508
104.5999985,180.0526812,85.15070056,28.38298996,70.3896904,1.032469718,170.4485865,6.490857124,297.9760132,0,121.80159,46.44104004,6.108997345,84190.84375,17.90929985,4.119440745
104.8000031,180.0526812,82.49861787,23.22244633,66.35981165,1.032469718,170.4485865,6.494430065,297.9119873,0,125.9834061,31.82290649,0.6108997464,84236.01562,17.95245743,3.726345851
105,180.0526812,85.15070056,23.22244633,70.3896904,1.032469718,139.4579344,6.495979309,298.0220337,0,128.7094727,9.546872139,58.17325974,84275.94531,17.94060707,3.715454355
105.1999969,180.0526812,85.15070056,24.37216209,70.3896904,1.032469718,154.8785459,6.49657774,297.9588318,0,130.8441925,44.69268417,5.817326069,84319.63281,17.93991852,3.747353592
105.4000015,180.0526812,74.18334856,23.22244633,67.55738798,1.032469718,170.4485865,6.502347946,297.8768005,0,132.7360077,22.88550186,0.5817325711,84363.67969,17.98799706,3.256420473
105.5999985,180.0526812,85.15070056,25.04293072,70.3896904,1.032469718,170.4485865,6.501582623,297.9761047,0,132.2998657,6.865650177,56.33125305,84410.88281,17.94483757,3.737243765
105.8000031,180.0526812,85.15070056,26.9839533,70.3896904,1.032469718,170.4485865,6.501069546,297.9263,0,132.2078552,37.11917877,5.633125305,84458.53125,17.93427086,3.937665865
106,180.0526812,73.93894799,24.81982786,57.59156488,1.032469718,170.4485865,6.506969929,298.094635,0,132.2991791,11.13575363,91.62838745,84502.71094,17.91963196,3.394609256
106.1999969,180.0526812,85.15070056,28.38298996,70.3896904,1.032469718,170.4485865,6.503221512,298.0212708,0,130.0102692,66.81961823,9.162838936,84550,17.91796303,3.94511065
106.4000015,180.0526812,77.4781449,23.22244633,70.3896904,1.032469718,170.4485865,6.506748199,297.9236755,0,129.272934,43.79536057,0.9162838459,84594.14062,18.00034523,3.377233981
106.5999985,180.0526812,85.15070056,25.52657131,70.3896904,1.032469718,139.4579344,6.505176067,298.0630188,0,127.0701752,13.13860798,69.99156189,84633.99219,17.92984962,3.810435809
106.8000031,180.0526812,85.15070056,25.39554167,70.3896904,1.032469718,170.4485865,6.503723145,297.9897766,0,125.5361023,59.07969666,6.999156475,84679.90625,17.95550156,3.835860165
107,180.0526812,69.668755,24.1974364,70.3896904,1.032469718,170.4012308,6.509429455,297.8951416,0,124.566658,35.13225937,0.6999156475,84721.1875,18.0277729,3.191053434
107.1999969,180.0526812,85.15070056,23.22244633,70.3896904,1.032469718,170.4485865,6.507527351,298.0126038,0,121.2915268,10.53967762,66.18688202,84765.77344,17.97606087,3.674546014
107.4000015,180.0526812,85.15070056,28.38298996,70.3896904,1.032469718,170.4485865,6.500686646,297.9570923,0,118.8251572,47.84484863,6.618688107,84810.78125,17.92425537,3.966941957
107.5999985,180.0526812,85.15070056,23.22244633,70.3896904,1.032469718,158.5429134,6.498742104,297.8946533,0,119.0868988,28.28049469,0.6618688107,84852.50781,17.97057343,3.677516484
107.8000031,180.0526812,69.668755,23.22244633,57.59156488,1.032469718,165.5254588,6.50454855,297.9617615,0,120.0945969,8.484148026,54.19728851,84891.70312,17.96078491,3.133614328
108,180.0526812,85.15070056,26.13291186,70.3896904,1.032469718,170.4485865,6.500660419,297.9182129,0,118.7698898,28.15353012,5.419728756,84936.35938,17.95562935,3.868154748
108.1999969,180.0526812,85.15070056,23.22244633,70.3896904,1.032469718,139.6489731,6.500005722,298.0681763,0,119.0570679,8.446059227,74.34986877,84974.24219,17.96787453,3.719526569
108.4000015,180.0526812,85.15070056,26.95702537,70.3896904,1.032469718,170.4485865,6.497310162,298.0075989,0,119.5644302,57.44160461,7.434987068,85019.30469,17.95693779,3.975012184
108.5999985,180.0526812,77.81516155,25.56590827,70.3896904,1.032469718,143.2396788,6.501083851,297.9440308,0,121.167038,37.9716835,0.743498683,85056.99219,17.99067497,3.686651757
108.8000031,180.0526812,85.15070056,25.40416231,68.30755606,1.032469718,139.4579344,6.50165987,298.0482788,0,121.2325668,11.39150524,53.08321381,85095.92188,17.94952202,3.955204753
109,180.0526812,85.15070056,23.22244633,70.3896904,1.032469718,170.4485865,6.50436306,297.9899902,0,121.098877,45.72875977,5.308321476,85140.86719,18.01060486,3.870244143
109.1999969,180.0526812,83.38313344,24.26368815,70.3896904,1.032469718,170.4485865,6.505944729,297.9339294,0,119.8666382,26.6462059,0.5308321118,85185.25781,18.00576782,3.829579131
109.4000015,180.0526812,74.24833505,23.22244633,67.02128339,1.032469718,139.4579344,6.513978481,297.9945679,0,118.0122528,7.993861675,42.10811234,85220.36719,18.02445793,3.522702666
109.5999985,180.0526812,85.15070056,28.38298996,70.3896904,1.032469718,170.4485865,6.509021759,297.9672546,0,112.9194794,26.86571884,4.210811138,85264.64844,17.9608326,4.182693043
109.8000031,180.0526812,71.67770558,25.00528104,70.3896904,1.032469718,164.6484546,6.512694359,297.9094849,0,109.872673,16.77821541,0.4210811257,85302.85156,18.04812813,3.487084572
110,180.0526812,85.15070056,23.22244633,67.71361367,1.032469718,139.4579344,6.51040554,298.0019226,0,105.2869415,5.033464909,45.37051392,85338.41406,17.98049355,3.9610663
110.1999969,180.0526812,85.15070056,23.98071316,70.3896904,1.032469718,154.2290078,6.505998611,297.9683228,0,101.6639023,33.95699692,4.537051201,85376.39844,17.9981575,3.999677772
110.4000015,180.0526812,85.15070056,23.31716678,70.3896904,1.032469718,148.567952,6.501841068,297.9339294,0,99.79163361,21.74163818,0.453705132,85412.75,18.00217056,3.965835388
110.5999985,180.0526812,71.57347524,24.9969478,70.3896904,1.032469718,139.4579344,6.502864838,297.9859009,0,99.57476807,6.522491455,36.86590576,85443.71094,18.0357914,3.502950845
110.8000031,180.0526812,69.668755,26.79254617,70.3896904,1.032469718,151.2491718,6.501617908,297.9362183,0,98.93214417,22.2310257,3.686590672,85476.625,18.02591133,3.451169106
111,180.0526812,85.15070056,28.38298996,70.3896904,1.032469718,139.4579344,6.490617752,298.0755615,0,98.81227112,6.669307709,62.8826828,85511.45312,17.93173218,4.027617966
111.1999969,180.0526812,85.15070056,23.22244633,70.3896904,1.032469718,139.4579344,6.486362457,298.0153198,0,103.1173096,52.72591019,6.288268089,85546.23438,17.98864555,3.735026908
111.4000015,180.0526812,85.15070056,23.22244633,70.3896904,1.032469718,170.4485865,6.484919548,297.9488525,0,109.0710068,33.73143005,0.6288268566,85588.625,18.01656723,3.747245894
111.5999985,180.0526812,73.8027136,23.22244633,59.67424921,1.032469718,146.5055896,6.492586136,298.0138855,0,115.6142349,10.11942863,48.84297943,85624.41406,17.99128723,3.374688317
111.8000031,180.0526812,85.15070056,25.55225568,70.3896904,1.032469718,139.4579344,6.494490623,297.9782104,0,119.0700302,31.13653946,4.884297848,85662.99219,17.98977852,3.964190554
112,180.0526812,82.0385333,23.22244633,61.19276417,1.032469718,170.4485865,6.500342369,297.9205017,0,121.8121033,18.86271095,0.4884297848,85707.21875,17.99284363,3.712451293
112.1999969,180.0526812,85.15070056,23.22244633,70.3896904,1.032469718,139.4579344,6.50452137,297.9928284,0,122.1820679,5.658813,43.15277863,85745.97656,18.01787186,3.812512266
112.4000015,180.0526812,85.15070056,23.22244633,70.3896904,1.032469718,170.4485865,6.508437157,297.9436951,0,120.8986206,28.06323051,4.315277576,85790.88281,18.04367447,3.858015129
112.5999985,180.0526812,85.15070056,23.22244633,70.3896904,1.032469718,147.9124729,6.511600494,298.0869141,0,118.04422,8.418969154,72.14468384,85830.59375,18.03084183,3.880324656
112.8000031,180.0526812,85.13721752,28.38298996,70.3896904,1.032469718,170.4485865,6.509590149,298.0457764,0,113.9261398,56.07918549,7.214468002,85875.10938,17.99951935,4.246796755
113,180.0526812,81.77836063,25.46875291,70.3896904,1.032469718,170.4485865,6.51036644,297.9833679,0,110.6268463,44.08153152,0.7214468122,85917.50781,18.04162407,3.934363169
113.1999969,180.0526812,85.15070056,24.90896077,70.3896904,1.032469718,170.4485865,6.508778572,297.9397278,0,106.9913559,24.56684113,0.07214467973,85960.07031,18.03435326,4.053087704
113.4000015,180.0526812,85.15070056,23.22244633,63.05990125,1.032469718,166.5511703,6.507466793,297.989502,0,104.0076904,7.370052338,34.10351944,86000.91406,18.00166702,3.944137813
113.5999985,180.0526812,69.668755,28.38298996,70.3896904,1.032469718,139.4579344,6.509042263,297.9494019,0,101.5402832,22.61470604,3.410351992,86032.36719,18.04515076,3.632790116
113.8000031,180.0526812,85.15070056,27.16697561,70.3896904,1.032469718,170.4485865,6.501588821,298.0649109,0,98.43405151,6.784411907,57.22023392,86073.50781,18.00693703,4.109455011
114,180.0526812,85.15070056,27.13388271,70.3896904,1.032469718,139.4579344,6.494617462,298.0296936,0,98.34804535,45.04590607,5.72202301,86108.24219,17.98605347,4.07961268
114.1999969,180.0526812,85.15070056,23.22244633,70.3896904,1.032469718,139.4579344,6.492439747,297.9776611,0,101.0200729,34.46421814,0.5722023249,86142.85156,18.02848434,3.842382755
114.4000015,180.0526812,80.49127676,26.04089104,58.72613487,1.032469718,139.4579344,6.491404057,297.9347534,0,104.5489655,17.89120102,0.05722023174,86177.38281,17.94254112,3.786257544
114.5999985,180.0526812,85.15070056,23.22244633,64.77733894,1.032469718,139.4579344,6.490537643,297.9713135,0,108.5038528,5.367360115,30.81216431,86213.33594,17.99004936,3.685511138
114.8000031,180.0526812,85.15070056,23.22244633,66.97263957,1.032469718,170.4485865,6.491929054,297.9217529,0,112.8082962,15.86242008,3.081216574,86256.57812,18.03345108,3.722610169
115,180.0526812,85.15070056,23.22244633,67.66994965,1.032469718,170.4485865,6.494828701,298.0105286,0,116.5494232,4.75872612,55.5215416,86300.5625,18.04285431,3.724011623
115.1999969,180.0526812,85.15070056,25.73193555,70.3896904,1.032469718,170.4485865,6.496179104,297.9560852,0,119.1328659,32.82120132,5.552154064,86345.46875,18.03586388,3.843940369
115.4000015,180.0526812,85.15070056,23.22244633,70.3896904,1.032469718,170.4485865,6.499236107,297.8947144,0,121.1861496,13.76035881,0.5552154183,86390.24219,18.05895615,3.631239892
115.5999985,180.0526812,85.15070056,23.22244633,70.3896904,1.032469718,139.4579344,6.502475262,297.9465637,0,122.0059662,4.128107548,39.60884857,86428.77344,18.03956223,3.613042759
115.8000031,180.0526812,85.15070056,23.82143032,69.06768996,1.032469718,170.4485865,6.50461483,297.8953857,0,121.5350494,1.238432288,9.999999747e-05,86473.64062,18.04811859,3.640414538
116,180.0526812,85.15070056,26.61164936,70.3896904,1.032469718,170.4485865,6.503935337,297.9779053,0,120.212471,0.3715296686,50.47018814,86518.70312,18.02977371,3.803425711
116.1999969,180.0526812,85.15070056,25.0221761,70.3896904,1.032469718,166.2196296,6.505821705,297.9273071,0,119.1673431,25.30422592,5.047018528,86562.51562,18.05189705,3.802538349
116.4000015,180.0526812,82.93348838,23.22244633,63.23541025,1.032469718,170.4485865,6.509400845,298.0558777,0,117.3503952,7.591267586,75.66201019,86605.84375,18.03829575,3.595448975
116.5999985,180.0526812,73.47684194,25.09055353,68.56157722,1.032469718,170.4485865,6.512764454,297.9638977,0,114.1044006,49.60918808,7.566200733,86646.09375,18.08037186,3.235366299
116.8000031,180.0526812,84.10576838,28.22085706,70.3896904,1.032469718,167.9705395,6.506144047,297.9081421,0,109.5189514,19.00445366,0.7566201091,86688.28906,18.01366043,3.790401831
117,180.0526812,85.15070056,24.10239554,70.3896904,1.032469718,150.5587351,6.502235889,297.9353027,0,107.6138763,5.701335907,31.11272621,86726.07031,18.03866005,3.58114429
117.1999969,180.0526812,85.15070056,23.22244633,70.3896904,1.032469718,170.4485865,6.499464035,297.881897,0,107.2312164,1.71040082,9.999999747e-05,86767.71875,18.06435966,3.543681973
117.4000015,180.0526812,85.15070056,27.169898,70.3896904,1.032469718,161.2251322,6.495289803,297.9644775,0,107.9622345,0.513120234,48.13992691,86808.44531,18.02846336,3.850802741
117.5999985,180.0526812,74.4084299,28.08119571,70.3896904,1.032469718,139.4579344,6.497513771,297.9126282,0,110.3710556,24.97049332,4.8139925,86842.5,18.05508232,3.531753769
117.8000031,180.0526812,85.15070056,23.22244633,69.88256508,1.032469718,139.4579344,6.498615742,298.0569458,0,111.8648529,7.491147995,78.64004517,86878.86719,18.05675697,3.608125942
118,180.0526812,85.15070056,23.22244633,70.3896904,1.032469718,170.4485865,6.500033855,297.9773254,0,112.9421234,54.39192963,7.864004612,86921.80469,18.08402061,3.610218056
118.1999969,180.0526812,85.15070056,23.67362413,70.3896904,1.032469718,148.3143647,6.501285076,297.9100037,0,113.4475479,27.9810009,0.786400497,86960.42188,18.06663704,3.630265376
118.4000015,180.0526812,73.09569576,25.98638098,70.3896904,1.032469718,170.4485865,6.506372452,297.9542542,0,113.4539566,8.394300461,46.27950668,87000.74219,18.10976219,3.309032317
118.5999985,180.0526812,85.15070056,27.58728205,70.3896904,1.032469718,170.4485865,6.503937721,297.9095459,0,111.4123459,20.79154587,4.627950668,87044.25781,18.0506134,3.906193994
118.8000031,180.0526812,85.15070056,25.22431072,63.95849121,1.032469718,154.8213181,6.50346899,298.0193787,0,110.3816071,6.237463474,63.35812759,87083.95312,18.02550507,3.771806766
119,180.0526812,85.15070056,26.98876747,70.3896904,1.032469718,170.4485865,6.501363754,297.9609375,0,109.5077286,41.07391739,6.335812569,87127.01562,18.06121635,3.879095997
119.1999969,180.0526812,82.17939469,23.95213801,69.94162929,1.032469718,139.4579344,6.503511429,297.9006348,0,109.4876556,20.8141346,0.6335812807,87162.39844,18.0810051,3.571840074
119.4000015,180.0526812,85.15070056,23.50442437,70.3896904,1.032469718,155.1774265,6.505092621,297.9608459,0,108.5892792,6.244240761,44.17057419,87201.66406,18.09438705,3.728749342
119.5999985,180.0526812,85.15070056,23.22244633,66.93349456,1.032469718,139.4579344,6.506467342,297.9142151,0,107.0739746,23.74786186,4.417057514,87237.36719,18.06761551,3.71722707
119.8000031,180.0526812,69.668755,23.22244633,59.09976089,1.029092561,139.4579344,6.51465416,298.0168152,0,105.0075989,7.124358177,69.95114899,87268.375,18.05361938,3.076510176
120,180.0526812,84.24634916,24.14348694,70.3896904,1.032469718,170.4485865,6.511843204,297.9570923,0,99.64348602,39.65618515,6.995114803,87308.76562,18.1025238,3.715755122
120.1999969,180.0526812,85.15070056,23.22244633,70.3896904,1.032469718,170.4485865,6.508293629,297.9002991,0,95.46165466,18.91054344,0.6995114684,87348.46875,18.1115303,3.750029771
120.4000015,180.0526812,85.10818808,23.22244633,68.84224579,1.014817061,139.4579344,6.503921509,297.9602356,0,92.66680145,5.673162937,40.953125,87381.21875,17.93244171,3.732334812
120.5999985,180.0526812,85.15070056,28.38298996,70.3896904,1.032469718,139.4579344,6.495656967,297.9329529,0,91.6211853,23.04141998,4.095312595,87414.75,18.04406357,4.078589171
120.8000031,180.0526812,73.36272225,23.22244633,57.59156488,1.020105067,170.4485865,6.498076916,298.0082092,0,93.89156342,6.912425995,59.63234329,87450.85156,18.05733681,3.29865242
121,180.0526812,78.66542074,28.38298996,70.3896904,1.032469718,139.4579344,6.494729519,297.9695435,0,95.14649963,30.5712719,5.963234425,87483.29688,18.07724571,3.87319118
121.1999969,180.0526812,83.6795239,23.22244633,70.3896904,1.032469718,170.4485865,6.494139671,297.9074402,0,97.79348755,16.96996498,0.5963234305,87523.04688,18.12716484,3.632142372
121.4000015,180.0526812,85.15070056,23.22244633,70.3896904,1.032469718,139.4579344,6.494046688,297.9698181,0,100.6488419,5.09098959,44.43593597,87557.39062,18.10198021,3.655985663
121.5999985,180.0526812,85.15070056,23.22244633,70.3896904,1.032469718,139.4579344,6.495120049,297.9186401,0,103.5486526,23.60851479,4.443593502,87592.30469,18.10501862,3.639129709
121.8000031,180.0526812,79.11029674,23.31939136,70.3896904,1.032469718,139.4579344,6.499734879,298.0310059,0,106.0168991,7.08255434,70.82714081,87626.02344,18.12962532,3.364847428
122,180.0526812,85.15070056,28.38298996,70.3896904,1.032469718,170.4485865,6.497988701,297.976532,0,106.6311722,43.1741333,7.082714081,87668.84375,18.08561516,3.979098045
122.1999969,180.0526812,85.15070056,23.22244633,70.3896904,1.032469718,170.4485865,6.501561165,297.9082031,0,107.9761124,24.70462608,0.7082714438,87711.09375,18.1415329,3.698053375
122.4000015,180.0526812,85.15070056,23.22244633,70.3896904,1.032469718,170.4485865,6.504823208,297.971344,0,107.8543396,7.411387444,49.94110489,87753.29688,18.14291573,3.677531412
122.5999985,180.0526812,85.15070056,26.4394783,70.3896904,1.032469718,170.4485865,6.504532814,297.9188843,0,106.4458694,26.25619316,4.994110584,87795.75,18.11211395,3.85643721
122.8000031,180.0526812,85.15070056,27.4875072,70.3896904,1.032469718,139.4579344,6.502214909,298.0557251,0,105.1642303,7.876857758,73.99863434,87831.65625,18.0765419,3.839531865
123,180.0526812,69.668755,28.38298996,70.3896904,1.032469718,139.4579344,6.505871296,297.9703979,0,104.8049393,52.44648743,7.39986372,87863.34375,18.12492943,3.2006523
123.1999969,180.0526812,85.15070056,23.22244633,70.3896904,1.032469718,170.4485865,6.506009102,297.895752,0,102.9569168,24.06615448,0.7399863601,87904.38281,18.14081001,3.554728006
123.4000015,180.0526812,85.15070056,23.43943557,59.53300106,1.032469718,157.4435047,6.506019115,297.9512329,0,101.0846024,7.219846249,45.97550964,87942.47656,18.06712532,3.623805316
123.5999985,180.0526812,85.15070056,23.72079541,70.3896904,1.032469718,139.4579344,6.505231857,297.9003296,0,99.19733429,23.01909637,4.597550869,87976.54688,18.12246132,3.639764685
123.8000031,180.0526812,80.60085855,23.22244633,70.3896904,1.032469718,170.4485865,6.504757881,298.0035706,0,97.62713623,6.905728817,72.10469055,88015.13281,18.15650368,3.289438391
124,180.0526812,83.80972687,27.33464682,70.3896904,1.032469718,170.4485865,6.499696255,297.9414978,0,96.24302673,39.16911697,7.210468769,88055.09375,18.1117115,3.730896983
124.1999969,180.0526812,85.15070056,23.22244633,70.3896904,1.032469718,139.4579344,6.498124123,298.112793,0,96.89955139,11.75073433,95.30098724,88088.4375,18.12696838,3.511844246
124.4000015,180.0526812,85.15070056,26.05861525,70.3896904,1.032469718,170.4485865,6.494153976,298.0243835,0,98.15888977,69.12267303,9.530098915,88128.8125,18.1196804,3.628112402
124.5999985,180.0526812,85.15070056,23.22244633,70.3896904,1.032469718,170.4485865,6.492848396,297.9248047,0,101.025322,41.56389236,0.9530099034,88169.17969,18.14403725,3.363179838
124.8000031,180.0526812,85.15070056,23.22244633,70.3896904,1.032469718,170.4485865,6.493183136,298.0032043,0,104.3975906,12.46916771,64.37397003,88210.23438,18.14926147,3.358469163
125,180.0526812,85.15070056,23.22244633,70.3896904,1.032469718,139.4579344,6.494058609,297.9226074,0,107.6391373,37.44382095,6.437397003,88245.48438,18.12714386,3.281155045
125.1999969,180.0526812,69.668755,23.22244633,64.29943682,1.032469718,170.4485865,6.502435684,298.0760193,0,110.533989,11.23314667,96.70030212,88283.40625,18.1723423,2.630308548
125.4000015,180.0526812,85.15070056,23.22244633,70.3896904,1.032469718,170.4485865,6.50211668,297.9677124,0,110.0551071,61.86459351,9.670030594,88325.24219,18.1454525,3.151708463
125.5999985,180.0526812,85.15070056,23.22244633,69.07201119,1.032469718,139.4579344,6.502829075,297.8797913,0,109.7563705,26.20025444,0.9670030475,88360.74219,18.12436104,3.213502214
125.8000031,180.0526812,85.15070056,23.22244633,70.3896904,1.032469718,150.4440123,6.502833366,297.922699,0,109.1413574,7.860076427,49.54409027,88398.32031,18.13879776,3.179814028
126,180.0526812,85.15070056,23.68773262,70.3896904,1.032469718,139.4579344,6.501817226,297.853363,0,108.5302963,2.358022928,9.999999747e-05,88433.54688,18.12604141,3.16634209
126.1999969,180.0526812,85.15070056,23.22244633,70.3896904,1.032469718,170.4485865,6.502227306,297.9357605,0,108.3267441,0.7074068785,63.21445465,88475.07812,18.15996742,3.203739882
126.4000015,180.0526812,84.92760376,24.69816766,70.3896904,1.032469718,170.4485865,6.501348495,297.8655396,0,107.95121,0.2122220546,9.999999747e-05,88516.72656,18.1488781,3.27408106
126.5999985,180.0526812,85.15070056,23.37755501,70.3896904,1.032469718,170.4485865,6.50020504,297.9616699,0,107.935997,0.06366661936,68.77406311,88558.05469,18.15571022,3.099873159
126.8000031,180.0526812,85.15070056,23.22244633,70.3896904,1.032469718,170.4485865,6.500972271,297.8814087,0,108.3748856,28.71565819,6.877406597,88599.5625,18.16789436,3.17085688
127,180.0526812,85.15070056,23.22244633,70.3896904,1.032469718,151.838656,6.502942562,298.0463867,0,108.4998856,8.614697456,100.5506134,88637.35156,18.16374016,3.224913362
127.1999969,180.0526812,85.15070056,28.38298996,70.3896904,1.032469718,170.4485865,6.500346661,297.9532776,0,107.8388596,61.69376373,10.05506134,88679.75,18.1313591,3.554928306
127.4000015,180.0526812,85.15070056,23.22244633,70.3896904,1.032469718,139.4579344,6.502662182,297.8624573,0,108.2349396,30.06698036,1.005506158,88715.03125,18.16181755,3.226036168
127.5999985,180.0526812,69.668755,23.22244633,70.3896904,1.032469718,170.4485865,6.511019707,297.9333801,0,107.6741409,9.020093918,61.52993774,88752.29688,18.23592186,2.538603772
127.8000031,180.0526812,85.15070056,27.17970337,70.3896904,1.032469718,170.4485865,6.50684309,297.8635559,0,103.7662659,2.706028223,9.999999747e-05,88793.625,18.1433506,3.395570413
128,180.0526812,85.15070056,23.22244633,70.3896904,1.032469718,139.4579344,6.505469322,297.959198,0,101.5894165,0.8118084669,68.65926361,88827.45312,18.15979576,3.12881684
128.1999969,180.0526812,85.15070056,28.38298996,70.3896904,1.032469718,139.4579344,6.498362541,297.8884583,0,99.91279602,29.21018791,6.865926266,88861.77344,18.10786438,3.379150457
128.3999939,180.0526812,72.53532236,24.22185238,70.3896904,1.032469718,139.4579344,6.501065731,298.0432129,0,101.1066132,8.763056755,96.65143585,88892.17969,18.19162369,2.58305005
128.6000061,180.0526812,85.15070056,28.38298996,70.3896904,1.032469718,139.4579344,6.495125294,297.9490356,0,101.1687622,58.50572586,9.665143967,88926.74219,18.11471367,3.36093311
128.8000031,180.0526812,69.668755,23.22244633,66.13998165,1.032469718,150.1417123,6.502421379,298.1878357,0,103.6666946,17.55171776,135.6410065,88958.94531,18.20904922,2.440514962
129,180.0526812,85.15070056,28.38298996,70.3896904,1.032469718,170.4485865,6.498803139,298.0630493,0,103.1751404,98.73153687,13.56410122,89000.35156,18.15169334,3.447712058
129.1999969,180.0526812,85.15070056,23.22244633,70.3896904,1.032469718,170.4485865,6.498646259,297.9377441,0,104.2091675,60.929142,1.356410146,89040.97656,18.19427681,3.017425103
129.3999939,180.0526812,85.15070056,23.22244633,70.3896904,1.032469718,170.4485865,6.499904633,298.0419617,0,105.2595215,18.27874184,79.7647171,89081.88281,18.20280266,3.05928246
129.6000061,180.0526812,85.15070056,25.23403416,70.3896904,1.032469718,170.4485865,6.498941898,297.9403076,0,105.812973,52.8335228,7.976471901,89123.17188,18.18304634,3.124288537
129.8000031,180.0526812,85.15070056,23.22244633,70.3896904,1.032469718,139.4579344,6.500442028,298.1455688,0,106.7633438,15.85005665,121.3219452,89157.91406,18.18460464,2.980867239
130,180.0526812,85.15070056,28.38298996,70.3896904,1.032469718,170.4485865,6.497096539,298.0196533,0,107.0986252,85.19154358,12.13219452,89199.92969,18.15867233,3.269580778
130.1999969,180.0526812,85.15070056,23.22244633,64.00174413,1.032469718,139.4579344,6.499958992,297.9104004,0,108.7957153,45.67500687,1.213219404,89235.14062,18.15707397,2.982571862
130.3999939,180.0526812,80.32751204,23.22244633,70.3896904,1.032469718,139.4579344,6.505486488,297.9840393,0,109.3120422,13.70250225,64.90483856,89269.16406,18.21444511,2.783750842
130.6000061,180.0526812,85.15070056,23.88978813,70.3896904,1.032469718,170.4485865,6.506430626,297.8945923,0,107.6285172,36.56831741,6.490483761,89310.53125,18.2097168,2.963184869
130.8000031,180.0526812,85.15070056,24.81235944,68.50077866,1.032469718,165.6189528,6.505159378,298.0597229,0,105.5908661,10.97049522,102.8913269,89350.55469,18.18556404,2.960095354
131,180.0526812,85.15070056,28.38298996,70.3896904,1.032469718,170.4485865,6.499030113,297.9453735,0,104.0542831,64.65950012,10.28913212,89391.75,18.16108704,3.083664701
131.1999969,180.0526812,85.15070056,23.22244633,70.3896904,1.032469718,170.4485865,6.496818066,298.213562,0,104.9781952,19.39785004,151.1688995,89432.0625,18.20474052,2.649702497
131.3999939,180.0526812,85.15070056,28.38298996,70.3896904,1.032469718,170.4485865,6.492378235,298.0597839,0,106.7586899,110.7262726,15.116889,89473.71094,18.16898155,3.038088959
131.6000061,180.0526812,82.4506591,24.75686503,70.3896904,1.032469718,170.4485865,6.494290352,297.9276123,0,110.3348389,63.67377472,1.511688948,89514.8125,18.21884155,2.725675633
131.8000031,180.0526812,85.15070056,27.33722167,70.3896904,1.032469718,139.4579344,6.495920658,298.0290833,0,113.1181335,19.1021328,79.36937714,89551.44531,18.18078995,3.101992283
132,180.0526812,69.668755,27.12329866,70.3896904,1.032469718,170.4485865,6.50463438,297.9264832,0,115.2705765,52.39149857,7.936937332,89590.61719,18.25575256,2.404075192
132.1999969,180.0526812,85.15070056,23.83030027,70.3896904,1.032469718,170.4485865,6.50810957,298.1338196,0,113.9134445,15.71745014,123.2503586,89633,18.23429489,2.76821438
132.3999939,180.0526812,85.15070056,28.38298996,70.3896904,1.032469718,170.4485865,6.505105972,298.0011292,0,111.2060776,85.26259613,12.32503605,89675.47656,18.18760681,2.962802638
132.6000061,180.0526812,85.15070056,28.21186794,70.3896904,1.032469718,139.4579344,6.502258301,297.8891907,0,109.7045898,42.95189667,1.232503533,89711.3125,18.17119789,2.949862798
132.8000031,180.0526812,85.15070056,23.22244633,70.3896904,0.9970436875,170.4485865,6.504076481,297.9624023,0,109.321022,12.88556957,65.53419495,89752.59375,17.94459724,2.631165381
133,180.0526812,85.15070056,24.04616541,70.3896904,1.032469718,170.4485865,6.503670692,297.8707581,0,108.195343,34.82899857,6.55341959,89793.67188,18.23047638,2.589174371
133.1999969,180.0526812,85.15070056,23.22244633,70.3896904,1.032469718,159.365774,6.502826691,298.0428772,0,107.2541199,10.44869995,106.469902,89832.01562,18.22770119,2.448830762
133.3999939,180.0526812,85.15070056,28.38298996,70.3896904,1.032469718,170.4485865,6.497148037,297.9228516,0,106.6448517,65.6676178,10.64698982,89873.36719,18.19082832,2.746342444
133.6000061,180.0526812,85.15070056,23.22244633,70.3896904,1.032469718,170.4485865,6.495920181,298.2090759,0,108.3214722,19.70028496,160.134964,89914.02344,18.23624992,2.330143284
133.8000031,180.0526812,85.15070056,28.38298996,70.3896904,1.032469718,170.4485865,6.490787506,298.0356445,0,110.459343,116.4516602,16.0134964,89955.95312,18.19360733,2.61223008
134,180.0526812,85.15070056,23.74534432,70.3896904,1.032469718,170.4485865,6.491146088,297.8955994,0,114.6771774,62.31969452,1.601349592,89997.96094,18.24014664,2.296817544
134.1999969,180.0526812,85.15070056,23.22244633,70.3896904,1.032469718,139.4579344,6.492750168,297.9983826,0,118.7211761,18.69590759,81.85926819,90034.27344,18.2267189,2.19660369
134.3999939,180.0526812,78.02556951,28.38298996,70.3896904,1.032469718,170.4485865,6.493741512,297.8854675,0,122.1370621,51.28486252,8.185927391,90076.65625,18.22858238,2.245680584
134.6000061,180.0526812,85.15070056,23.22244633,70.3896904,1.032469718,170.4485865,6.496134758,298.1133118,0,125.1623535,15.38545799,133.751358,90120.46875,18.25369072,2.093867655
134.8000031,180.0526812,84.67246914,27.86524786,70.3896904,1.032469718,170.4485865,6.494571686,297.9580994,0,127.2237167,90.5391922,13.37513542,90165.30469,18.21687508,2.313258809
135,180.0526812,85.15070056,23.22244633,70.3896904,1.032469718,170.4485865,6.495484829,297.8391418,0,129.9278564,39.53446198,1.337513566,90209.89062,18.25228119,1.916087083
135.1999969,180.0526812,85.15070056,24.40346381,70.3896904,1.032469718,148.9561472,6.495590687,297.9171753,0,132.2458344,11.86033821,68.5953064,90250.66406,18.23072052,1.933667378
135.3999939,180.0526812,85.15070056,23.22244633,70.3896904,1.032469718,170.4485865,6.49766016,297.8429871,0,134.5321503,3.558101416,9.999999747e-05,90296.07812,18.26156998,1.848107781
135.6000061,180.0526812,85.15070056,23.22244633,70.3896904,1.032469718,170.4485865,6.500306606,297.9541321,0,135.9815521,1.067430496,76.72213745,90341.74219,18.26690102,1.822712285
135.8000031,180.0526812,85.15070056,23.22244633,70.3896904,1.032469718,170.4485865,6.504097939,297.8580017,0,136.3769073,34.07767105,7.672214031,90387.47656,18.27466774,1.833177819
136,180.0526812,85.15070056,23.22244633,70.3896904,1.032469718,170.4485865,6.507506847,298.0565186,0,135.2536926,10.22330093,119.0966797,90432.91406,18.27500725,1.803809175
136.1999969,180.0526812,85.15070056,23.22244633,70.3896904,1.032469718,170.4485865,6.508971214,297.9151001,0,132.7719727,74.11193848,11.90966797,90477.75,18.26749611,1.797317224
136.3999939,180.0526812,85.15070056,23.22244633,70.3896904,1.032469718,170.4485865,6.51142168,298.247406,0,129.7095947,22.23358154,183.1607666,90522.00781,18.27192688,1.930835592
136.6000061,180.0526812,85.15070056,26.89506443,70.3896904,1.032469718,170.4485865,6.509173393,298.044342,0,125.6576538,134.7647705,18.31607628,90566.0625,18.23723984,2.225353214
136.8000031,180.0526812,83.6463613,23.22244633,68.00727894,1.032469718,170.4485865,6.508528233,297.8852539,0,122.5234299,71.48937988,1.831607699,90608.46094,18.25185776,1.927854503
137,180.0526812,85.15070056,23.22244633,70.3896904,1.032469718,170.4485865,6.508418083,298.0048218,0,119.6271057,21.44681358,91.39618683,90650.8125,18.26573753,2.135533737
137.1999969,180.0526812,85.15070056,28.38298996,70.3896904,1.032469718,170.4485865,6.504444122,297.8855591,0,116.7782516,59.58374023,9.139618874,90693.66406,18.22878456,2.644001329
137.3999939,180.0526812,85.15070056,23.22244633,70.3896904,1.032469718,145.3479601,6.504242897,298.1435242,0,115.5333633,17.87512207,148.1294403,90730.21094,18.25133324,2.296893255
137.6000061,180.0526812,85.15070056,23.22244633,70.3896904,1.032469718,170.4485865,6.503344536,297.9842834,0,114.3440933,103.4717255,14.81294346,90771.71094,18.26580811,2.333957822
137.8000031,180.0526812,69.668755,25.03152797,57.59156488,1.032469718,170.4485865,6.507424831,297.8577881,0,113.5286026,51.98310471,1.481294394,90809.42969,18.2278614,1.959629659
138,180.0526812,85.15070056,23.22244633,61.15792935,0.9555591857,154.333577,6.507644176,297.9571228,0,111.0624313,15.59493065,78.56121826,90847.32812,17.57150269,2.614166057
138.1999969,180.0526812,70.73463028,28.38298996,70.3896904,1.032469718,139.4579344,6.509587288,297.8589172,0,108.5370636,45.48243332,7.856122017,90878.85938,18.25642967,2.452070289
138.3999939,180.0526812,85.15070056,23.22244633,70.3896904,1.032469718,139.4579344,6.507270336,298.0762634,0,105.2164001,13.64473057,127.9937057,90912.61719,18.25094032,2.685473624
138.6000061,180.0526812,85.15070056,25.20170532,70.3896904,1.032469718,170.4485865,6.502285957,297.9454346,0,102.8420258,84.06910706,12.79936981,90952.66406,18.25401306,2.885077859
138.8000031,180.0526812,85.15070056,23.22244633,70.3896904,1.032469718,170.4485865,6.498687744,298.2889099,0,102.4566193,25.22073174,188.5573425,90992.28906,18.26829338,2.751472869
139,180.0526812,85.15070056,28.38298996,70.3896904,1.032469718,165.7394867,6.491033077,298.1034851,0,103.4974289,142.6476746,18.85573387,91032.09375,18.22336197,3.157795534
139.1999969,180.0526812,85.15070056,26.37913747,70.3896904,1.032469718,170.4485865,6.486879349,297.9438477,0,107.6178513,86.93964386,1.885573387,91073.52344,18.24699402,3.077458153
139.3999939,180.0526812,85.15070056,23.22244633,70.3896904,1.032469718,139.4579344,6.487257957,298.0802002,0,113.3752441,26.08189392,99.71635437,91109.25,18.25434875,2.851667125
139.6000061,180.0526812,85.15070056,25.57257347,70.3896904,1.032469718,170.4485865,6.487257957,297.9554138,0,118.9776154,72.22251892,9.971635818,91152.9375,18.25934219,3.066994506
139.8000031,180.0526812,85.15070056,23.23984174,70.3896904,1.032469718,170.4485865,6.491608143,297.8557739,0,124.5956268,31.15506172,0.9971635938,91197.48438,18.28565598,2.980228755
140,180.0526812,85.15070056,23.22244633,70.3896904,1.032469718,139.5470706,6.49905014,297.9160156,0,128.4580841,9.346518517,58.69535828,91236.64062,18.27884102,3.13511248
140.1999969,180.0526812,85.15070056,23.22244633,70.3896904,1.032469718,170.4485865,6.506202221,297.8439941,0,129.3474731,2.803955555,9.999999747e-05,91282.33594,18.30005646,3.179353515
140.3999939,180.0526812,85.15070056,23.22244633,70.3896904,1.032469718,139.4579344,6.511713505,297.9404602,0,127.3870392,0.8411867023,70.664505,91321.21094,18.27514648,3.165440352
140.6000061,180.0526812,85.15070056,27.97777778,70.3896904,1.032469718,170.4485865,6.511167526,297.8708801,0,123.2263794,0.2523559928,9.999999747e-05,91366.44531,18.25608635,3.572928012
140.8000031,180.0526812,85.15070056,23.22244633,70.3896904,1.027343705,170.4485865,6.514459133,297.9679565,0,119.2987213,0.07570680231,71.06729889,91410.11719,18.25567055,3.320714004
141,180.0526812,85.15070056,27.11127522,70.3896904,1.032469718,170.4485865,6.51210022,297.8874817,0,114.0224991,29.2506218,7.106729507,91453.39844,18.26466179,3.640611298
141.1999969,180.0526812,82.21074587,23.22244633,70.3896904,1.032469718,170.4485865,6.51185894,298.0436096,0,109.7206802,8.775186539,100.168663,91494.20312,18.29399681,3.144470836
141.3999939,180.0526812,85.15070056,23.22244633,70.3896904,1.032469718,139.4579344,6.509561539,297.9419556,0,105.4904327,59.0239296,10.01686668,91528.60938,18.26862907,3.363560089
141.6000061,180.0526812,85.15070056,26.63833576,70.3896904,1.032469718,170.4485865,6.503465176,298.1819458,0,102.192627,17.70717812,140.1572266,91569.33594,18.26430321,3.701971778
141.8000031,180.0526812,85.15070056,28.38298996,70.3896904,1.032469718,139.4579344,6.4965415,298.0590515,0,101.3392181,99.08950806,14.01572323,91603.89062,18.23443413,3.897976904
142,180.0526812,85.15070056,23.22244633,70.3896904,1.032469718,170.4485865,6.494560242,297.9368591,0,103.2458954,61.71403885,1.401572347,91644.32812,18.29523849,3.512416653
142.1999969,180.0526812,85.15070056,23.22244633,68.16250834,1.032469718,170.4485865,6.4947896,298.0386353,0,105.9260483,18.51421165,80.27220154,91685.42969,18.29390526,3.625320215
142.3999939,180.0526812,80.85023786,28.38298996,70.3896904,1.032469718,139.4579344,6.494576454,297.9483032,0,108.5231094,52.17245865,8.027219772,91720.54688,18.26511192,3.89334788
142.6000061,180.0526812,85.15070056,23.22244633,70.3896904,1.032469718,170.4485865,6.495568275,298.132019,0,111.2139511,15.65173817,115.0605469,91762.64844,18.30273056,3.577341062
142.8000031,180.0526812,85.15070056,28.38298996,70.3896904,1.032469718,146.7031309,6.494282722,298.0260315,0,113.5026703,77.77368164,11.50605488,91801.375,18.25729942,4.077916112
143,180.0526812,85.15070056,23.22244633,70.3896904,1.032469718,170.4485865,6.49775362,297.9206543,0,116.3170471,44.77887344,1.15060544,91844.65625,18.3126297,3.679649181
143.1999969,180.0526812,85.15070056,23.22244633,70.3896904,1.032469718,170.4485865,6.502043247,297.993103,0,117.7200928,13.43366241,65.76322174,91888.29688,18.31801605,3.737722718
143.3999939,180.0526812,85.15070056,23.22244633,70.3896904,1.032469718,170.4485865,6.50568676,297.9085388,0,117.4197845,36.24312973,6.576322556,91931.85156,18.31718445,3.742371638
143.6000061,180.0526812,85.15070056,23.22244633,70.3896904,1.032469718,170.4485865,6.50790453,298.0574341,0,115.6667938,10.87293911,98.01274872,91974.99219,18.31347656,3.71961948
143.8000031,180.0526812,85.15070056,23.50094916,70.3896904,1.032469718,170.4485865,6.508512497,297.9588928,0,113.0294037,59.44552994,9.801275253,92017.60156,18.30910492,3.74382396
144,180.0526812,73.41474325,23.22244633,70.3896904,1.032469718,170.4485865,6.514549255,297.8702393,0,110.1494446,26.48738289,0.9801275134,92056.47656,18.34724808,3.206697355
144.1999969,180.0526812,85.15070056,23.22244633,70.3896904,1.032469718,170.4485865,6.510594845,297.9205017,0,104.8319244,7.946215153,54.40988541,92097.25781,18.29926109,3.675776529
144.3999939,180.0526812,85.15070056,23.69483568,70.3896904,1.032469718,159.7300115,6.505633831,297.8495178,0,101.1462021,2.383864403,9.999999747e-05,92135.22656,18.29222679,3.794954757
144.6000061,180.0526812,85.15070056,23.22244633,70.3896904,1.032469718,139.4579344,6.500270367,297.9347839,0,99.41619873,0.7151593566,66.34877014,92168.54688,18.27889633,3.730563798
144.8000031,180.0526812,85.15070056,23.22244633,70.3896904,1.032469718,170.4485865,6.494773388,297.865448,0,99.82982635,0.2145478129,9.999999747e-05,92208.27344,18.29689598,3.714148468
145,180.0526812,85.15070056,23.22244633,70.3896904,1.032469718,170.4485865,6.491625786,297.9570007,0,102.4414291,0.06436434388,69.22814178,92248.63281,18.30776405,3.822474928
145.1999969,180.0526812,85.15070056,23.22244633,70.3896904,1.032469718,139.4579344,6.489456654,297.880249,0,106.3038177,27.12123108,6.922814369,92283.35156,18.28506088,3.766214307
145.3999939,180.0526812,85.15070056,23.22244633,65.60170279,1.032469718,169.0913285,6.48835659,298.0281982,0,111.0381393,8.136369705,96.98775482,92325.0625,18.27773666,3.731465227
145.6000061,180.0526812,85.15070056,23.22244633,60.25056007,1.032469718,170.4485865,6.489398479,297.9309387,0,116.2121277,55.26949692,9.698775291,92368.125,18.25266647,3.76384025
145.8000031,180.0526812,85.15070056,23.22244633,70.3896904,1.032469718,146.1350211,6.49273777,298.1592407,0,120.9657135,16.58084869,135.2476959,92407.1875,18.30254364,3.813372914
146,180.0526812,85.15070056,28.38298996,70.3896904,1.032469718,170.4485865,6.492389679,298.0349426,0,124.3830338,93.48523712,13.52476978,92452.83594,18.28070259,4.19885189
146.1999969,180.0526812,85.15070056,23.22244633,70.3896904,1.032469718,170.4485865,6.496758461,297.9180908,0,127.9589996,54.85335159,1.352476954,92498.3125,18.31861115,3.777268775
146.3999939,180.0526812,84.2212575,23.22244633,70.3896904,1.032469718,170.4485865,6.503101826,298.0082092,0,129.7600861,16.4560051,75.20613861,92544,18.33078003,3.824335363
146.6000061,180.0526812,85.15070056,23.93098427,70.3896904,1.032469718,170.4485865,6.507392883,297.9160156,0,129.0325928,45.35352707,7.52061367,92589.89844,18.32134056,3.914124762
146.8000031,180.0526812,85.15070056,23.22244633,70.3896904,1.032469718,170.4485865,6.510763645,298.0932922,0,126.6016006,13.60605812,112.3445587,92635.11719,18.32385635,3.840421148
147,180.0526812,84.36206304,28.07228875,70.3896904,1.032469718,170.4485865,6.508372784,297.9821777,0,122.818779,72.31404877,11.23445606,92680.17188,18.28532982,4.148411144
147.1999969,180.0526812,85.15070056,23.22244633,70.3896904,1.032469718,170.4485865,6.51042223,297.8848877,0,120.0082245,36.1497879,1.12344563,92724.19531,18.33024406,3.957814784
147.3999939,180.0526812,85.15070056,23.22244633,70.3896904,1.032469718,170.4485865,6.511576653,297.9467773,0,116.3448715,10.84493637,60.58525085,92767.53125,18.33345795,4.012917581
147.6000061,180.0526812,85.15070056,23.22244633,70.3896904,1.032469718,159.819,6.512333393,297.8753967,0,112.2369232,3.253480911,9.999999747e-05,92807.97656,18.33472061,4.126591103
147.8000031,180.0526812,85.15070056,23.22244633,70.3896904,1.032469718,170.4485865,6.5115695,297.955658,0,107.824791,0.9760442972,65.06735992,92849.75781,18.34308815,4.168534659
148,180.0526812,69.668755,23.88173459,70.3896904,1.032469718,170.4485865,6.515435219,297.882843,0,103.7218857,24.52970314,6.506736279,92886.50781,18.37081337,3.352357301
148.1999969,180.0526812,85.15070056,23.22244633,70.28030071,1.004372693,170.4485865,6.510025024,298.0152893,0,98.05260468,7.358911037,89.87559509,92926.21094,18.09822273,4.140262688
148.3999939,180.0526812,85.15070056,24.35354953,70.3896904,1.032469718,170.4485865,6.502661228,297.9333801,0,94.59272003,49.21305084,8.987559319,92965.42969,18.32757187,4.259707537
148.6000061,180.0526812,85.15070056,25.59195922,70.3896904,1.032469718,148.7062098,6.495619297,298.1431885,0,94.05504608,14.76391506,120.2332764,93000.40625,18.31411552,4.440932904
148.8000031,180.0526812,85.15070056,23.22244633,70.3896904,1.032469718,170.4485865,6.490810394,298.0373535,0,96.32691956,85.27082062,12.02332783,93039.78125,18.33934784,4.165192336
149,180.0526812,85.15070056,23.22244633,70.3896904,1.032469718,170.4485865,6.487594128,297.9299316,0,100.5159073,52.55178452,1.202332735,93080.03125,18.33937836,4.130497328
149.1999969,180.0526812,85.15070056,23.22244633,70.3896904,1.032469718,170.4485865,6.487809181,298.0155945,0,105.9933243,15.76553535,72.32670593,93121.53125,18.3527565,4.228236092
149.3999939,180.0526812,85.15070056,23.22244633,70.3896904,1.032469718,170.4485865,6.490513325,297.9322205,0,111.3786926,43.4958992,7.232670784,93164.17969,18.36043167,4.265252822
149.6000061,180.0526812,85.15070056,23.22244633,70.3896904,1.032469718,170.4485865,6.494851112,298.0906677,0,115.6852036,13.04876995,103.4847031,93207.71094,18.36554527,4.276880894
149.8000031,180.0526812,85.15070056,26.48718741,70.3896904,1.032469718,170.4485865,6.497088909,298.0018005,0,118.2591629,65.79930878,10.34847069,93252.33594,18.34264946,4.49973885
150,180.0526812,85.15070056,23.22244633,70.3896904,1.032469718,170.4485865,6.500637531,297.9055786,0,119.9500732,37.35256195,1.034847021,93296.59375,18.35540771,4.119316104
150.1999969,180.0526812,85.15070056,23.22244633,70.3896904,1.032469718,170.4485865,6.502790451,297.971283,0,120.2105408,11.20576859,62.88476944,93340.78125,18.34723663,4.015368167
150.3999939,180.0526812,85.15070056,23.22244633,70.3896904,1.032469718,170.4485865,6.504279137,297.8902588,0,119.6187515,31.05046463,6.288476944,93384.80469,18.34583664,3.997309359
150.6000061,180.0526812,85.15070056,23.22244633,70.3896904,1.032469718,170.4485865,6.505092144,298.0276794,0,118.4290771,9.315138817,93.72475433,93428.53906,18.34533119,3.990068528
150.8000031,180.0526812,85.15070056,23.22244633,70.3896904,1.032469718,170.4485865,6.503877163,297.9313049,0,116.9142609,53.21616745,9.372475624,93471.79688,18.33562851,3.886916116
151,180.0526812,75.27875647,23.22244633,70.3896904,1.032469718,170.4485865,6.506684303,298.1445618,0,115.8899536,15.96485043,130.2275391,93512.10938,18.35890388,3.391217621
151.1999969,180.0526812,85.15070056,26.6305231,70.3896904,1.032469718,170.4485865,6.501480103,298.0236206,0,113.7231445,87.68777466,13.02275372,93555.1875,18.31091881,4.15385243
151.3999939,180.0526812,85.15070056,23.22244633,70.3896904,1.032469718,139.4579344,6.499092102,297.9122314,0,113.677063,49.78644943,1.302275419,93591.29688,18.31510353,3.890419822
151.6000061,180.0526812,85.15070056,23.22244633,67.42656982,1.032469718,145.4316219,6.497992039,297.9915771,0,114.5514069,14.93593502,70.52581024,93628.875,18.31037903,3.957795132
151.8000031,180.0526812,85.15070056,26.1189609,70.3896904,1.032469718,139.4579344,6.496028423,297.9118652,0,115.8705444,39.86006546,7.05258131,93666.09375,18.30976677,4.250083955
152,180.0526812,85.15070056,23.22244633,70.3896904,1.032469718,170.4485865,6.496626377,298.0631409,0,117.982132,11.95801926,101.2433167,93709.53906,18.35017586,4.001732809
152.1999969,180.0526812,85.15070056,28.38298996,70.3896904,1.032469718,170.4485865,6.494430542,297.9677124,0,119.8432617,61.44142532,10.12433147,93754.32812,18.31987953,4.426844227
152.3999939,180.0526812,85.15070056,28.38298996,70.3896904,1.032469718,139.4579344,6.495134354,297.8909607,0,122.6001816,29.74671364,1.012433171,93793.54688,18.31522942,4.553471611
152.6000061,180.0526812,85.15070056,23.22244633,70.3896904,1.032469718,139.4579344,6.498739719,297.9310608,0,125.0571518,8.924014091,50.71052933,93832.21094,18.3410778,4.023511744
152.8000031,180.0526812,85.15070056,23.22244633,70.3896904,1.032469718,139.4579344,6.503408909,297.8607788,0,126.0716629,2.67720437,9.999999747e-05,93871.17969,18.34889412,4.085484784
153,180.0526812,85.15070056,23.22244633,70.3896904,1.032469718,139.4579344,6.506803036,297.9326477,0,125.2243347,0.8031612635,61.63739395,93909.92969,18.34475708,4.037897224
153.1999969,180.0526812,84.97976576,23.22244633,70.3896904,1.032469718,170.4485865,6.50940609,297.863739,0,123.0270233,0.240948379,9.999999747e-05,93954.57812,18.36680603,4.057978644
153.3999939,180.0526812,85.15070056,23.22244633,69.85531378,1.032469718,170.4485865,6.511184692,297.9455872,0,119.7868881,0.07228451222,66.12128448,93998.65625,18.36733627,4.115539039
153.6000061,180.0526812,85.15070056,23.22244633,70.3896904,1.032469718,170.4485865,6.511409283,297.87677,0,115.8355713,0.02168535441,9.999999747e-05,94041.92969,18.36918831,4.119490263
153.8000031,180.0526812,85.15070056,23.22244633,70.3896904,1.032469718,170.4485865,6.510016918,297.9576111,0,111.7968979,0.00650560623,65.78096771,94084.36719,18.36746025,4.113710947
154,180.0526812,85.15070056,26.43261992,70.3896904,1.032469718,170.4485865,6.504908085,297.8883667,0,108.3153687,23.79099083,6.578096867,94126.67969,18.34433556,4.359437685
154.1999969,180.0526812,85.15070056,23.22244633,70.3896904,1.032469718,170.4485865,6.501624584,298.0113831,0,106.8843994,7.137297153,87.09356689,94168.0625,18.36400604,4.076788798
154.3999939,180.0526812,85.15070056,23.22244633,70.3896904,1.032469718,148.0275857,6.499170303,297.9292603,0,106.7489014,45.9131813,8.709357262,94204.85938,18.35487175,4.111698008
154.6000061,180.0526812,85.15070056,23.22244633,70.3896904,1.032469718,139.4579344,6.498581409,298.1194153,0,107.5982437,13.77395439,115.465538,94240.17969,18.36207581,4.220841374
154.8000031,180.0526812,76.26814844,25.80267283,70.3896904,1.032469718,170.4485865,6.499736309,298.0163269,0,108.6797409,77.35017395,11.54655361,94280.04688,18.38213921,3.925537349
155,180.0526812,85.15070056,23.22244633,70.3896904,1.032469718,170.4485865,6.497810841,297.9133301,0,109.2995758,44.82847977,1.154655337,94321.91406,18.37052155,4.07591897
155.1999969,180.0526812,85.15070056,23.22244633,70.3896904,1.032469718,170.4485865,6.496103287,297.9857178,0,110.7052917,13.4485445,67.28232574,94364.02344,18.36965561,4.047526921
155.3999939,180.0526812,85.15070056,23.22244633,70.3896904,1.032469718,139.4579344,6.495044231,297.9042053,0,112.7833786,35.95117188,6.728232384,94400.14844,18.34944916,4.01375991
155.6000061,180.0526812,85.15070056,23.22244633,61.15485909,1.013886915,139.4579344,6.496057034,298.0513611,0,115.2836761,10.78535175,97.66612244,94436.86719,18.150383,4.095813945
155.8000031,180.0526812,85.15070056,24.99100553,70.3896904,1.032469718,170.4485865,6.49627018,297.9571533,0,117.374176,58.56570435,9.766612053,94480.67969,18.36985397,4.232378475
156,180.0526812,85.15070056,23.22244633,70.3896904,1.032469718,164.0712248,6.499359131,297.8701477,0,119.3886948,26.88599205,0.9766612649,94523.375,18.38689804,4.167091064
156.1999969,180.0526812,85.15070056,23.22244633,70.3896904,1.032469718,139.4579344,6.50261116,297.9248962,0,120.1556625,8.065797806,55.40578079,94561.17969,18.37244034,4.157214006
156.3999939,180.0526812,85.15070056,23.22244633,70.3896904,1.032469718,170.4485865,6.506371021,297.8545837,0,119.6303329,2.419739246,9.999999747e-05,94605.33594,18.40153122,4.24859047
156.6000061,180.0526812,85.15070056,23.55541659,70.3896904,1.032469718,151.1509744,6.509869576,297.9415283,0,117.5999756,0.7259218097,66.28897095,94645.26562,18.39463997,4.346780368
156.8000031,180.0526812,85.15070056,23.22244633,70.3896904,1.032469718,170.4485865,6.511357784,297.8728943,0,114.1726456,0.2177765369,9.999999747e-05,94688.32812,18.40289116,4.264605905
157,180.0526812,85.15070056,23.22244633,70.3896904,1.032469718,170.4485865,6.510906219,297.9581604,0,110.1558456,0.06533296406,67.95793915,94730.53125,18.39918518,4.232606709
157.1999969,180.0526812,85.15070056,23.22244633,70.3896904,1.032469718,170.4485865,6.508704662,297.887085,0,106.3195343,25.23158264,6.795793533,94771.92188,18.39572525,4.204200257
157.3999939,180.0526812,85.15070056,23.22244633,70.3896904,1.032469718,170.4485865,6.505731106,298.0186768,0,103.3634338,7.569475174,90.46442413,94812.71875,18.39754295,4.221042339
157.6000061,180.0526812,85.15070056,23.22244633,70.3896904,1.032469718,170.4485865,6.502044201,297.9359131,0,101.5936356,49.27102661,9.046442032,94853.125,18.39593887,4.197358877
157.8000031,180.0526812,85.15070056,23.22244633,70.3896904,1.032469718,139.4579344,6.498504639,298.1343079,0,101.2986298,14.78130722,119.8180923,94887.07031,18.37597084,4.169876158
158,180.0526812,85.15070056,25.33105531,70.3896904,1.032469718,170.4485865,6.494688034,298.0405579,0,102.4165344,81.44700623,11.98180866,94928.05469,18.38947296,4.388850481
158.1999969,180.0526812,85.15070056,23.22244633,70.3896904,1.032469718,170.4485865,6.493127346,297.9367065,0,105.0624466,52.65179062,1.198180914,94969.19531,18.40195084,4.184226732
158.3999939,180.0526812,85.15070056,23.22244633,70.3896904,1.032469718,170.4485865,6.492988586,298.0206299,0,108.3244247,15.79553795,73.02529907,95011,18.40524864,4.177267839
158.6000061,180.0526812,80.91664569,23.22244633,70.3896904,1.032469718,170.4485865,6.495870113,297.9362183,0,111.6443863,43.15050507,7.302529812,95052.29688,18.41727638,3.948613542
158.8000031,180.0526812,72.59056761,26.29149995,67.82671524,1.032469718,170.4485865,6.499958992,298.0868225,0,113.8064194,12.94515228,102.2084351,95092.21094,18.39808464,3.701988538
159,180.0526812,82.86819055,23.22244633,70.3896904,1.032469718,139.4579344,6.500226974,297.9873657,0,114.3386612,63.14097977,10.22084427,95127.92188,18.37687302,3.841291337
159.1999969,180.0526812,85.15070056,23.22244633,70.3896904,1.032469718,170.4485865,6.499011517,297.8942871,0,114.7801514,30.9602356,1.022084355,95170.6875,18.38958549,3.937121094
159.3999939,180.0526812,73.62610961,23.22244633,70.3896904,1.032469718,170.4485865,6.502699375,297.9419556,0,115.7004318,9.288070679,55.17041016,95210.46094,18.41449165,3.341099863
159.6000061,180.0526812,85.15070056,28.38298996,70.3896904,1.032469718,170.4485865,6.494368553,297.8708191,0,115.1247025,2.786421061,9.999999747e-05,95253.89844,18.33460426,4.102905974
159.8000031,180.0526812,85.15070056,23.22244633,70.3896904,1.032469718,139.4579344,6.491776943,297.9413147,0,117.9364014,0.8359263539,61.89166641,95290.63281,18.35586166,3.743261148
160,180.0526812,85.15070056,23.22244633,70.3896904,1.032469718,170.4485865,6.49002552,297.8727417,0,121.7275467,0.2507779002,9.999999747e-05,95334.44531,18.37595177,3.712669531
160.1999969,180.0526812,78.40400589,23.22244633,59.34551165,0.9592220693,170.4485865,6.491993904,297.947937,0,126.2348709,0.07523337007,63.89898682,95377.30469,17.71560287,3.365721838
160.3999939,180.0526812,85.15070056,23.22244633,70.3896904,1.032469718,170.4485865,6.492115498,297.8795166,0,129.9452057,0.02257001214,9.999999747e-05,95422.66406,18.37873077,3.671676658
160.6000061,180.0526812,85.15070056,23.22244633,70.3896904,1.032469718,170.4485865,6.49326992,297.9532776,0,133.6248474,0.006771003362,63.4526062,95468.75,18.38201714,3.67708789
160.8000031,180.0526812,85.15070056,23.67834281,70.3896904,1.032469718,170.4485865,6.495308876,297.8777771,0,136.8335114,21.45508003,6.34526062,95515.57031,18.38384819,3.734803707
161,180.0526812,85.15070056,23.22244633,70.3896904,1.032469718,170.4485865,6.494726181,297.9969177,0,139.227005,6.436523914,86.99680328,95562.53906,18.37090874,3.500744671
161.1999969,180.0526812,85.15070056,23.22244633,70.3896904,1.032469718,139.4579344,6.493508816,297.8988342,0,141.8648834,43.52093124,8.699680328,95603.57031,18.34646034,3.417286149
161.3999939,180.0526812,85.15070056,23.22244633,70.3896904,1.032469718,139.4579344,6.493993282,298.0905457,0,144.983551,13.05628014,122.962265,95645.25,18.35340309,3.45971514
161.6000061,180.0526812,85.15070056,23.22244633,70.3896904,1.032469718,170.4485865,6.494155884,297.961853,0,147.9008179,76.13444519,12.2962265,95693.8125,18.37136269,3.420322263
161.8000031,180.0526812,85.15070056,23.22244633,61.67729133,1.031890016,170.4485865,6.493302345,297.8565063,0,150.7595215,33.69500732,1.229622722,95742.89844,18.31536674,3.352466054
162,180.0526812,85.15070056,23.22244633,70.3896904,1.032469718,142.6760932,6.492999554,297.9151306,0,153.9618073,10.10850239,61.82646561,95786.91406,18.3507328,3.338395884
162.1999969,180.0526812,69.668755,23.22244633,70.3896904,1.032469718,170.4485865,6.500662804,297.8441162,0,157.2801819,3.032550573,9.999999747e-05,95833.29688,18.40793419,2.728067639
162.3999939,180.0526812,85.15070056,23.22244633,70.3896904,1.032469718,170.4485865,6.502371311,297.9317017,0,157.5088959,0.9097651839,70.18267822,95883.75781,18.3794384,3.431294175
162.6000061,180.0526812,85.15070056,23.22244633,70.3896904,1.002854461,170.4485865,6.506500721,297.8633118,0,157.09935,0.2729295492,9.999999747e-05,95934.27344,18.14509583,3.579447704
162.8000031,180.0526812,85.15070056,23.22244633,70.3896904,1.032469718,170.4485865,6.510210514,297.9512024,0,155.0109406,0.08187886328,70.02905273,95984.38281,18.39528084,3.603889102
163,180.0526812,85.15070056,23.87887124,70.3896904,1.032469718,170.4485865,6.511880398,297.8707886,0,151.4477081,25.78559875,7.002905369,96033.86719,18.38850975,3.641206414
163.1999969,180.0526812,85.15070056,23.22244633,70.3896904,1.032469718,170.4485865,6.511987209,298.0113525,0,147.2219391,7.735679626,97.71110535,96082.32031,18.38807487,3.548926222
163.3999939,180.0526812,85.15070056,28.0345821,70.3896904,1.032469718,139.4579344,6.509168148,297.910553,0,142.9521179,51.98384857,9.771110535,96124.54688,18.34460258,4.001128888
163.6000061,180.0526812,85.15070056,24.48469475,70.3896904,1.032469718,153.0518333,6.505367756,298.1245422,0,139.8144073,15.59515476,135.2574921,96168.125,18.36193848,3.585317579
163.8000031,180.0526812,85.15070056,28.13631248,70.3896904,1.032469718,170.4485865,6.498727322,297.9874878,0,138.1907501,86.82569122,13.52574921,96215.64844,18.34985161,3.859686141
164,180.0526812,80.58491112,26.97931038,70.3896904,1.032469718,152.4214957,6.494779587,297.8741455,0,139.2294617,42.60790253,1.352574944,96258.32812,18.35437584,3.561726672
164.1999969,180.0526812,85.15070056,23.22244633,70.3896904,1.032469718,170.4485865,6.492726326,297.9415283,0,141.8293152,12.78237057,67.51741791,96305.79688,18.38461304,3.459975315
164.3999939,180.0526812,85.15070056,23.22244633,70.3896904,1.032469718,170.4485865,6.49289465,297.8691711,0,145.2529907,3.834711313,9.999999747e-05,96354.05469,18.39391327,3.521748036
164.6000061,180.0526812,85.15070056,23.22244633,70.3896904,1.032469718,165.5301465,6.495771885,297.9520874,0,148.6080017,1.150413394,68.54872894,96402.10156,18.40324211,3.61487146
164.8000031,180.0526812,85.15070056,23.22244633,70.3896904,1.032469718,170.4485865,6.499364376,297.8725586,0,150.8104401,25.38824463,6.854872704,96451.64062,18.41048431,3.632181813
165,180.0526812,85.15070056,23.22244633,70.3896904,1.032469718,170.4485865,6.503557682,298.0078735,0,151.5820465,7.616473198,95.45497894,96501.35156,18.41542053,3.660549078
165.1999969,180.0526812,85.15070056,23.94064323,70.3896904,1.032469718,170.4485865,6.505717754,297.9075317,0,150.6768036,50.11548233,9.545497894,96550.92969,18.4063797,3.663034193
165.3999939,180.0526812,85.15070056,23.22244633,70.3896904,1.032469718,170.4485865,6.507272243,298.1154175,0,148.9160919,15.03464413,132.5331573,96599.96094,18.40897751,3.574984361
165.6000061,180.0526812,85.15070056,25.11892994,70.3896904,1.032469718,170.4485865,6.506109238,297.9839478,0,146.529007,84.03934479,13.25331593,96648.78125,18.39353943,3.688868683
165.8000031,180.0526812,85.15070056,25.48625073,70.3896904,1.032469718,170.4485865,6.503118038,297.8725281,0,144.6141357,41.45178604,1.325331569,96697.25,18.38632584,3.674082768
166,180.0526812,85.15070056,23.22244633,70.3896904,0.996849899,170.4485865,6.499862671,297.9393921,0,143.8929901,12.43553638,67.50786591,96745.05469,18.09516907,3.402854105
166.1999969,180.0526812,85.15070056,23.22244633,70.3896904,1.032469718,170.4485865,6.496675491,297.8670349,0,144.4690399,3.730660915,9.999999747e-05,96792.92188,18.39341354,3.387219687
166.3999939,180.0526812,69.668755,23.22244633,70.3896904,1.032469718,139.4579344,6.501570225,297.9508362,0,146.3189087,1.119198203,68.737854,96830.78125,18.41347504,2.774611397
166.6000061,180.0526812,85.15070056,23.22244633,70.3896904,1.032469718,170.4485865,6.497710705,297.8675537,0,146.1844788,25.58683205,6.873785496,96878.85938,18.39161491,3.342888948
166.8000031,180.0526812,85.15070056,23.22244633,70.3896904,1.032469718,170.4485865,6.492912769,298.0061951,0,147.648468,7.676049709,98.00867462,96927.10156,18.38758278,3.28671793
167,180.0526812,85.15070056,23.22244633,70.3896904,1.032469718,170.4485865,6.48963356,297.897522,0,151.0066528,51.1649971,9.800867081,96976.02344,18.39294815,3.309147415
167.1999969,180.0526812,85.15070056,23.22244633,70.3896904,1.032469718,170.4485865,6.486448288,298.1154785,0,155.6686859,15.34949875,138.9235077,97025.77344,18.39227676,3.25523999
167.3999939,180.0526812,85.15070056,28.38298996,70.3896904,1.032469718,170.4485865,6.481835842,297.9697876,0,161.6093445,87.51520538,13.8923502,97077.67969,18.36686707,3.678182912
167.6000061,180.0526812,85.15070056,23.22244633,70.3896904,1.032469718,139.4579344,6.484301567,297.8578186,0,169.3999939,39.94433975,1.38923502,97124,18.39277267,3.351968651
167.8000031,180.0526812,85.15070056,24.34323059,70.3896904,1.032469718,170.4485865,6.486885071,297.9200134,0,176.1765594,11.98330116,65.54892731,97178.25,18.40834045,3.422003715
168,180.0526812,85.15070056,25.26153407,70.3896904,1.032469718,170.4485865,6.488611221,297.8478394,0,181.9419708,3.594990492,9.999999747e-05,97233.78125,18.40231895,3.443068014
168.1999969,180.0526812,69.668755,23.22244633,63.52985067,1.022444756,170.4485865,6.499717236,297.9360352,0,187.02005,1.078497171,71.23210144,97285.97656,18.33602142,2.677050696
168.3999939,180.0526812,85.15070056,25.82590749,70.3896904,1.032469718,170.4485865,6.502995968,297.8678894,0,187.6221619,0.3235491514,9.999999747e-05,97342.76562,18.40968513,3.536162287
168.6000061,180.0526812,85.15070056,23.22244633,70.3896904,1.032191839,170.4485865,6.506664753,297.9520569,0,186.9686432,0.09706474096,69.2383194,97398.89062,18.42147064,3.307083223
168.8000031,180.0526812,85.15070056,23.22244633,70.3896904,1.032469718,170.4485865,6.509724617,297.8692932,0,184.8212585,24.68818283,6.923831463,97454.57031,18.42411995,3.306621589
169,180.0526812,85.15070056,23.22244633,70.3896904,1.032469718,170.4485865,6.513161659,298.004425,0,181.453186,7.40645504,96.70023346,97509.59375,18.42872047,3.357393642
169.1999969,180.0526812,85.15070056,27.8398616,70.3896904,1.032469718,170.4485865,6.513494492,297.8998413,0,176.7070007,49.75043488,9.670022964,97564.57031,18.40451241,3.769557245
169.3999939,180.0526812,85.15070056,23.22244633,70.3896904,1.032469718,170.4485865,6.515011311,298.1087646,0,171.8391571,14.92512989,134.9520416,97617.65625,18.42876625,3.37739642
169.6000061,180.0526812,85.15070056,23.22244633,70.3896904,1.032469718,170.4485865,6.515002251,297.9697266,0,166.3508148,84.03461456,13.49520397,97669.60938,18.42616081,3.359674823
169.8000031,180.0526812,85.15070056,23.58392265,70.3896904,1.032469718,170.4485865,6.513305664,297.8591309,0,160.8747711,38.57938004,1.349520445,97720.57812,18.42192459,3.396209211
170,180.0526812,85.15070056,23.22244633,70.3896904,1.032469718,139.4579344,6.511057377,297.921051,0,156.0779724,11.57381439,65.16650391,97764.17188,18.40460205,3.372543904
170.1999969,180.0526812,85.15070056,23.22244633,70.3896904,1.032469718,170.4485865,6.508865833,297.8493958,0,152.1769257,3.472144365,9.999999747e-05,97813.41406,18.42741394,3.423088435
170.3999939,180.0526812,85.15070056,23.22244633,70.3896904,1.032469718,170.4485865,6.505442619,297.934845,0,149.1505585,1.041643262,70.57624817,97862.02344,18.42463684,3.395058103
170.6000061,180.0526812,83.77508393,23.22244633,70.3896904,1.032469718,170.4485865,6.503184795,297.8669128,0,147.497757,0.3124929965,9.999999747e-05,97909.99219,18.43187523,3.377145259
170.8000031,180.0526812,85.15070056,23.22244633,70.3896904,1.032469718,170.4485865,6.500376225,297.9490662,0,146.7402496,0.09374789894,68.68321228,97958.1875,18.43063927,3.433971421
171,180.0526812,85.15070056,23.22244633,70.3896904,1.032469718,170.4485865,6.496822834,297.8812561,0,147.1117554,0.02812436968,9.999999747e-05,98006.40625,18.42774773,3.385811523
171.1999969,180.0526812,85.15070056,23.22244633,70.3896904,1.032469718,170.4485865,6.495205402,297.9544678,0,148.9051819,0.008437310345,64.65817261,98055.08594,18.43650627,3.444019612
171.3999939,180.0526812,85.15070056,23.22244633,70.3896904,1.032469718,170.4485865,6.493864059,297.8764038,0,151.3369904,21.31508446,6.465817451,98104.23438,18.43748856,3.423029964
171.6000061,180.0526812,79.67816808,23.22244633,70.3896904,1.026261903,170.4485865,6.495075226,297.9924622,0,154.3106384,6.394525051,87.7505722,98152.53906,18.39790344,3.178771023
171.8000031,180.0526812,85.15070056,28.38298996,70.3896904,1.032469718,170.4485865,6.490312576,297.8940125,0,156.7922668,42.38524246,8.775056839,98203.67188,18.40571022,3.741951888
172,180.0526812,85.15070056,23.22244633,70.03604478,1.032469718,170.4485865,6.490528584,298.0763245,0,161.2067719,12.71557331,122.1364365,98254.75781,18.44161034,3.365671888
172.1999969,180.0526812,85.15070056,23.22244633,70.3896904,1.032469718,170.4485865,6.49241209,297.9506836,0,165.4993591,72.38018799,12.21364403,98306.72656,18.44973946,3.379127602
172.3999939,180.0526812,85.15070056,23.22244633,70.3896904,1.032469718,170.4485865,6.496556282,297.8514709,0,169.048996,30.53351974,1.221364379,98359.53125,18.45989799,3.45241298
172.6000061,180.0526812,85.15070056,23.22244633,70.3896904,1.032469718,170.4485865,6.498945236,297.9008179,0,170.9388428,9.160056114,58.59692383,98412.61719,18.45417404,3.369679998
172.8000031,180.0526812,85.15070056,23.22244633,70.3896904,1.032469718,170.4485865,6.499931335,297.8301392,0,171.8862152,2.748016834,9.999999747e-05,98465.80469,18.45009232,3.307339349
173,180.0526812,85.15070056,23.22244633,70.3896904,1.032469718,170.4485865,6.50202322,297.9144592,0,172.4380798,0.8244050145,70.26288605,98519.11719,18.45613861,3.346720313
173.1999969,180.0526812,85.15070056,23.22244633,70.3896904,1.032469718,170.4485865,6.50617981,297.8467712,0,172.1450043,0.2473215163,9.999999747e-05,98572.46094,18.46681786,3.438351242
173.3999939,180.0526812,85.15070056,23.22244633,70.3896904,1.01442013,139.4579344,6.509054184,297.9366455,0,170.186142,0.07419645041,72.27693176,98618.97656,18.29434013,3.402992062
173.6000061,180.0526812,85.15070056,23.22244633,70.3896904,1.032469718,170.4485865,6.510546207,297.8690186,0,167.0883484,0.0222589355,9.999999747e-05,98671.17969,18.46217918,3.388344476
173.8000031,180.0526812,85.15070056,23.22244633,70.3896904,1.032469718,170.4485865,6.510746479,297.9508057,0,163.394165,0.006677680649,68.9610672,98722.59375,18.46027565,3.37216588
174,180.0526812,85.15070056,25.28955951,70.3896904,1.032469718,170.4485865,6.508178711,297.8705444,0,159.6196289,23.81021309,6.896107197,98773.58594,18.44496536,3.509987173
174.1999969,180.0526812,85.15070056,23.22244633,70.3896904,1.032469718,170.4485865,6.50394249,297.9978943,0,156.8771362,7.143063545,94.21994781,98823.49219,18.44677544,3.237249378
174.3999939,180.0526812,85.15070056,23.22244633,70.3896904,1.032469718,170.4485865,6.497814178,297.8916016,0,155.8258209,46.8313942,9.421995163,98873.07031,18.4394455,3.149307981
174.6000061,180.0526812,85.15070056,23.22244633,70.3896904,1.032469718,170.4485865,6.48964262,298.0903931,0,157.2267456,14.04941845,132.2428741,98922.76562,18.43086624,3.032637718
174.8000031,180.0526812,85.15070056,27.16290448,70.3896904,1.032469718,170.4485865,6.481383324,297.9482727,0,161.8968201,79.36396027,13.22428703,98974.17969,18.41535568,3.377570737
175,180.0526812,85.15070056,23.22244633,70.3896904,1.032469718,170.4485865,6.477349758,298.2398376,0,169.8644867,23.80918884,182.0445404,99026.44531,18.44497108,3.057271014
175.1999969,180.0526812,85.15070056,24.28711378,70.3896904,1.032469718,170.4485865,6.473316669,298.0456848,0,179.4313049,123.527916,18.20445442,99080.76562,18.44029617,3.080524541
175.3999939,180.0526812,85.15070056,27.85355411,70.3896904,1.032469718,170.4485865,6.469459057,297.8984985,0,190.6249542,63.34971237,1.820445418,99138.10938,18.42767143,3.374065621
175.6000061,180.0526812,85.15070056,23.22244633,70.3896904,1.032469718,170.4485865,6.471412659,297.9768066,0,203.3611603,19.00491333,79.26493073,99197.24219,18.46680641,3.038684358
175.8000031,180.0526812,85.15070056,23.22244633,70.3896904,1.032469718,170.4485865,6.475110054,297.8695984,0,215.2972565,43.32128143,7.926493168,99258.78125,18.47423744,3.023991346
176,180.0526812,85.15070056,23.22244633,70.3896904,1.032469718,170.4485865,6.479763985,298.0452576,0,225,12.99638462,121.1517639,99322.24219,18.47999001,3.005789244
176.1999969,180.0526812,85.15070056,24.39944284,70.3896904,1.032469718,170.4485865,6.481351376,297.9095764,0,225,69.51254272,12.1151762,99385.79688,18.46832275,3.038256476
176.3999939,180.0526812,85.15070056,23.22244633,70.3896904,1.032469718,170.4485865,6.479679585,298.1809692,0,225,20.85376358,172.2195282,99448.95312,18.46658325,2.832611
176.6000061,180.0526812,85.15070056,26.97914012,70.3896904,1.032469718,170.4485865,6.474460602,297.989502,0,225,112.1184921,17.22195244,99512.70312,18.44198418,3.087394105
176.8000031,180.0526812,85.15070056,23.22244633,70.3896904,1.032469718,170.4485865,6.471078873,297.8532104,0,225,50.80991364,1.722195268,99575.78125,18.46467781,2.794214082
177,180.0526812,85.15070056,23.22244633,70.3896904,1.032469718,170.4485865,6.467045784,297.9212952,0,225,15.24297428,73.18802643,99638.8125,18.46425247,2.772789526
177.1999969,180.0526812,85.15070056,23.22244633,70.3896904,1.032469718,170.4485865,6.460316658,297.8473816,0,225,4.572892189,9.999999747e-05,99701.72656,18.45824432,2.699278977
177.3999939,180.0526812,74.74506367,25.21554471,70.3896904,1.032469718,170.4485865,6.454894066,297.9378662,0,225,1.371867657,74.28694153,99762.3125,18.46141815,2.47446447
177.6000061,180.0526812,85.15070056,23.22244633,70.3896904,1.032469718,170.4485865,6.448570251,297.8701172,0,225,0.411560297,9.999999747e-05,99825.13281,18.46114349,2.70130767
177.8000031,180.0526812,85.15070056,23.22244633,70.3896904,1.032469718,170.4485865,6.441149712,297.9512024,0,225,0.1234680936,69.32707214,99887.875,18.45936584,2.672331752
178,180.0526812,83.73394217,23.22244633,65.49062901,1.032469718,170.4485865,6.43625021,297.8641052,0,225,23.73426628,6.93270731,99950.29688,18.44525719,2.677047861
178.1999969,180.0526812,73.12586554,26.22796408,57.59156488,1.032469718,170.4485865,6.434164524,297.994873,0,225,7.120279789,97.31755066,100010.6016,18.40707397,2.578752086
178.3999939,180.0526812,85.15070056,23.22244633,70.3896904,1.032469718,170.4485865,6.431645393,297.8800659,0,225,47.79172897,9.731755257,100073.4141,18.47664452,2.803730571
178.6000061,180.0526812,85.15070056,23.22244633,70.3896904,1.032469718,170.4485865,6.429368973,298.0880432,0,225,14.33751869,138.9067688,100136.2109,18.4792099,2.811157013
178.8000031,180.0526812,85.15070056,24.81875261,67.26413719,1.032469718,139.4579344,6.425405025,297.9317322,0,225,82.44649506,13.8906765,100192.9062,18.43532753,2.905233548
179,180.0526812,85.15070056,23.22244633,69.92735539,1.032469718,170.4485865,6.422802448,298.2418518,0,225,24.73394966,194.9768524,100255.6719,18.47939491,2.790303092
179.1999969,180.0526812,69.668755,28.38298996,64.75791496,1.032469718,170.4485865,6.421201706,298.0273132,0,225,130.3375702,19.49768448,100315.4453,18.44790459,2.630995876
179.3999939,180.0526812,76.84569613,23.31900652,70.3896904,1.011609681,170.4485865,6.419775009,297.8733215,0,225,63.06202698,1.949768543,100376.1797,18.31982613,2.483561209
179.6000061,180.0526812,69.668755,23.22244633,57.59156488,0.88146717,139.4579344,6.425485134,297.9536743,0,225,18.91860771,80.96048737,100428.875,17.17957115,2.343447757
179.8000031,180.0526812,85.15070056,28.03927495,70.3896904,1.032469718,170.4485865,6.425244808,297.8458557,0,225,43.04887772,8.096048355,100492.8203,18.47449875,3.322131175
180,180.0526812,69.668755,23.22244633,57.59156488,0.903516107,142.2053127,6.432729721,298.0307007,0,225,12.91466331,126.3160782,100546.1719,17.37446785,2.410387059
180.1999969,180.0526812,85.15070056,23.43587476,70.3896904,1.032469718,170.4485865,6.435763836,297.8942871,0,225,71.71910858,12.63160801,100609.3125,18.5079937,3.006433313
180.3999939,180.0526812,85.15070056,25.64440171,70.3896904,1.032469718,170.4485865,6.437224388,298.1785889,0,225,21.51573181,179.9985199,100672.8594,18.49669075,3.170791299
180.6000061,180.0526812,80.41580428,23.22244633,70.3896904,1.032469718,170.4485865,6.441214085,297.9916687,0,225,116.6599274,17.99985123,100734.7422,18.51991844,2.804512439
180.8000031,180.0526812,85.15070056,23.22244633,70.3896904,1.032469718,170.4485865,6.448363781,297.8563538,0,225,56.72928238,1.79998517,100798.0938,18.52833366,3.121509116
181,180.0526812,85.06785239,24.03332919,70.3896904,1.032469718,170.4485865,6.455677509,297.9362183,0,225,17.01878548,79.31462097,100861.6406,18.52842903,3.209402453
181.1999969,180.0526812,85.15070056,24.78816981,70.3896904,1.032469718,170.4485865,6.463450432,297.862854,0,225,5.105635643,9.999999747e-05,100925.4141,18.52947044,3.29854506
181.3999939,180.0526812,84.08296035,24.57480266,70.3896904,1.032469718,170.4485865,6.474358559,297.9517517,0,225,1.531690598,74.5109787,100989.0078,18.54424667,3.32718945
181.6000061,180.0526812,85.15070056,23.22244633,70.3896904,1.032469718,170.4485865,6.485897064,297.8678589,0,225,27.60803223,7.451097965,101052.6641,18.55415154,3.278669421
181.8000031,180.0526812,85.15070056,28.38298996,70.3896904,1.032469718,170.4485865,6.495293617,298.0053711,0,225,8.282409668,101.4244003,101117.3594,18.53150177,3.667687092
182,180.0526812,85.15070056,23.22244633,70.3896904,1.032469718,170.4485865,6.507424355,297.900116,0,225,51.40114975,10.14243984,101181.1172,18.56345367,3.311966588
182.1999969,180.0526812,85.15070056,23.22244633,70.3896904,1.032469718,170.4485865,6.518624306,298.1039734,0,222.5404816,15.42034531,137.3404541,101244.3594,18.56424141,3.29588301
182.3999939,180.0526812,85.15070056,23.67674574,70.3896904,1.032469718,170.4485865,6.529419422,297.9720154,0,215.612793,82.80166626,13.73404503,101306.3438,18.5663681,3.38496165
182.6000061,180.0526812,85.15070056,26.63556515,70.3896904,0.9724216491,170.4485865,6.535943985,297.8640747,0,204.3654327,39.64567566,1.373404503,101366.6641,18.04483795,3.61699319
182.8000031,180.0526812,85.15070056,28.38298996,70.3896904,1.032469718,170.4485865,6.538478851,297.9238281,0,190.5210114,11.89370251,66.2217865,101424.5312,18.53410912,3.740140851
183,180.0526812,85.15070056,23.22244633,70.3896904,1.032469718,170.4485865,6.537406921,297.8527527,0,175.6620636,3.568110943,9.999999747e-05,101478.25,18.54255676,3.251567931
183.1999969,180.0526812,85.15070056,23.22244633,70.3896904,1.032469718,170.4485865,6.533205986,297.9305725,0,161.2308655,1.070433259,69.27326202,101529.0156,18.53616524,3.234861968
183.3999939,180.0526812,85.15070056,23.22244633,70.3896904,1.032469718,170.4485865,6.528141022,297.8633423,0,148.4788818,0.3211299777,9.999999747e-05,101577.2656,18.53947258,3.309252215
183.6000061,180.0526812,85.15070056,23.22244633,70.3896904,1.032469718,170.4485865,6.520942211,297.9378662,0,137.745636,0.0963389948,67.27380371,101623.3359,18.53649139,3.314233629
183.8000031,180.0526812,85.15070056,23.22244633,70.3896904,1.032469718,170.4485865,6.511752605,297.8708801,0,129.8961029,0.02890169807,9.999999747e-05,101667.7734,18.5312233,3.283483921
184,180.0526812,85.15070056,23.22244633,70.3896904,1.032469718,170.4485865,6.501328945,297.9396362,0,125.7221603,0.008670509793,64.58979797,101711.3047,18.52612686,3.234172093
184.1999969,180.0526812,85.15070056,23.22244633,70.3896904,1.032469718,151.0775381,6.490350723,297.8730469,0,125.715416,0.002601152752,9.999999747e-05,101750.7734,18.50881958,3.154448237
184.3999939,180.0526812,85.15070056,23.22244633,70.3896904,1.032469718,170.4485865,6.482706547,297.9374695,0,130.097702,0.000780345872,62.56843185,101795.2266,18.53392029,3.237894996
184.6000061,180.0526812,85.15070056,25.92141315,70.3896904,1.032469718,170.4485865,6.477104187,297.8705139,0,137.5250702,0.0002341037471,9.999999747e-05,101841.7812,18.5315094,3.48799179
184.8000031,180.0526812,85.15070056,23.22244633,70.3896904,1.032469718,170.4485865,6.474662304,297.9338684,0,147.197403,9.999999747e-05,62.09920502,101889.7578,18.54886627,3.241917004
185,180.0526812,85.15070056,23.22244633,70.3896904,1.032469718,170.4485865,6.476044178,297.8669434,0,157.8424835,9.999999747e-05,9.999999747e-05,101939.9531,18.56161499,3.277271196
185.1999969,180.0526812,85.15070056,23.22244633,70.3896904,1.032469718,139.4579344,6.479437828,297.9317322,0,167.9325409,9.999999747e-05,62.5348053,101985.8203,18.54873466,3.248437839
185.3999939,180.0526812,85.15070056,24.64890647,70.3896904,1.032469718,170.4485865,6.484179497,297.8648071,0,176.6706848,9.999999747e-05,9.999999747e-05,102040.1094,18.56638336,3.361622166
185.6000061,180.0526812,85.15070056,23.22244633,70.3896904,1.032469718,170.4485865,6.489186764,297.930542,0,183.5141144,9.999999747e-05,63.30400848,102095.4141,18.57228851,3.182277416
185.8000031,180.0526812,85.15070056,23.22244633,70.3896904,1.032469718,170.4485865,6.495426655,297.863678,0,188.3581543,9.999999747e-05,9.999999747e-05,102151.6953,18.5778656,3.186484203
186,180.0526812,85.15070056,23.22244633,70.3896904,1.032469718,170.4485865,6.50332737,297.9301758,0,190.7029724,9.999999747e-05,63.75423431,102208.4844,18.58647728,3.232961894
186.1999969,180.0526812,85.15070056,24.06780298,70.3896904,1.032469718,170.4485865,6.507431984,297.8633423,0,189.8861694,9.999999747e-05,9.999999747e-05,102265.1016,18.57178497,3.192586079
186.3999939,180.0526812,85.15070056,23.22244633,70.3896904,1.032469718,170.4485865,6.51083374,297.9302979,0,187.4452209,9.999999747e-05,64.0096283,102321,18.57502556,3.107055648
186.6000061,180.0526812,85.15070056,24.0584409,70.3896904,1.032469718,170.4485865,6.514408588,297.8634949,0,183.633606,9.999999747e-05,9.999999747e-05,102376.3203,18.57611275,3.222150502
186.8000031,180.0526812,85.15070056,23.22244633,70.3896904,1.032469718,163.2785798,6.517873287,297.930603,0,178.3892975,9.999999747e-05,64.08557892,102428.9453,18.5784874,3.183062283
187,180.0526812,85.15070056,23.22244633,70.3896904,1.032469718,170.4485865,6.520829201,297.8637695,0,171.7601166,9.999999747e-05,9.999999747e-05,102481.7188,18.58568001,3.224983089
187.1999969,180.0526812,85.15070056,23.22244633,70.3896904,1.032469718,170.4485865,6.522213459,297.9305725,0,163.9498596,9.999999747e-05,64.0631485,102532.9062,18.58506775,3.238427279
187.3999939,180.0526812,85.15070056,23.22244633,70.3896904,1.032469718,170.4485865,6.522499084,297.8637695,0,155.589325,9.999999747e-05,9.999999747e-05,102582.4297,18.58695221,3.276666978
187.6000061,180.0526812,85.15070056,23.22244633,70.3896904,1.032469718,170.4485865,6.521615982,297.9302673,0,147.1131287,9.999999747e-05,63.98367691,102630.2891,18.58923912,3.316636983
187.8000031,180.0526812,85.15070056,23.22244633,70.3896904,1.032469718,170.4485865,6.521037102,297.8634644,0,138.9905853,9.999999747e-05,9.999999747e-05,102676.6562,18.6000061,3.426946308
188,180.0526812,85.15070056,23.22244633,70.3896904,1.032469718,139.4579344,6.519041538,297.9304199,0,131.0947418,9.999999747e-05,63.97504807,102715.125,18.58353424,3.450688594
188.1999969,180.0526812,85.15070056,23.22244633,70.3896904,1.032469718,157.9059294,6.516898155,297.8638306,0,124.002861,9.999999747e-05,9.999999747e-05,102756.1094,18.60456467,3.549088693
188.3999939,180.0526812,85.15070056,23.22244633,70.3896904,1.032469718,170.4485865,6.513142586,297.9299927,0,117.764267,9.999999747e-05,63.94486618,102798.4688,18.612257,3.557941826
188.6000061,180.0526812,85.15070056,23.22244633,70.3896904,1.032469718,170.4485865,6.507798672,297.8631897,0,113.0326157,9.999999747e-05,9.999999747e-05,102839.8828,18.60908127,3.527915505
188.8000031,180.0526812,85.15070056,23.22244633,70.3896904,1.032469718,139.4579344,6.502947807,297.934967,0,110.438736,9.999999747e-05,63.94338608,102874.5312,18.59765244,3.562417784
189,180.0526812,85.15070056,23.22244633,70.3896904,1.032469718,170.4485865,6.496857643,297.8681335,0,109.7784042,9.999999747e-05,9.999999747e-05,102915.3516,18.60754013,3.479159771
189.1999969,180.0526812,85.15070056,23.22244633,70.3896904,1.032469718,170.4485865,6.492564678,297.9349365,0,111.5597382,9.999999747e-05,64.34867859,102956.6406,18.61628723,3.515889182
189.3999939,180.0526812,85.15070056,23.22244633,70.3896904,1.032469718,170.4485865,6.48952198,297.8681641,0,115.0483932,9.999999747e-05,9.999999747e-05,102998.6641,18.6184063,3.493521623
189.6000061,180.0526812,85.15070056,23.22244633,70.3896904,1.032469718,162.063804,6.489276409,297.9324341,0,119.7557526,9.999999747e-05,63.1073494,103040.0391,18.62495232,3.539111661
189.8000031,180.0526812,83.31609982,23.22244633,70.3896904,1.032469718,170.4485865,6.491817951,297.8657227,0,124.5563354,9.999999747e-05,9.999999747e-05,103083.6797,18.64120865,3.489643457
190,180.0526812,85.15070056,23.22244633,70.3896904,1.032469718,139.4579344,6.495736122,297.9328308,0,128.3401031,9.999999747e-05,62.94267654,103122.2969,18.62816048,3.583813262
190.1999969,180.0526812,85.15070056,23.22244633,70.3896904,1.032469718,170.4485865,6.499536991,297.8660583,0,130.5608978,9.999999747e-05,9.999999747e-05,103167.6875,18.6448822,3.548832039
190.3999939,180.0526812,85.15070056,23.22244633,70.3896904,1.032469718,170.4485865,6.503520489,297.9310303,0,131.2660828,9.999999747e-05,63.59552383,103213.2188,18.64739799,3.542767118
190.6000061,180.0526812,85.15070056,23.22244633,70.3896904,1.032469718,170.4485865,6.505724907,297.8642883,0,130.3769379,9.999999747e-05,9.999999747e-05,103258.4453,18.6393013,3.460214084
190.8000031,180.0526812,82.25147106,23.22244633,70.3896904,1.032469718,139.4579344,6.507651806,297.9294739,0,128.6125946,9.999999747e-05,63.39893723,103296.0781,18.62178802,3.286565575
191,180.0526812,85.15070056,23.22244633,70.3896904,1.027574673,170.4485865,6.507816792,297.862793,0,126.0726242,9.999999747e-05,9.999999747e-05,103340.3203,18.59453964,3.409889655
191.1999969,180.0526812,85.15070056,23.22244633,70.3896904,1.032469718,170.4485865,6.50865984,297.927887,0,123.4715195,9.999999747e-05,63.74928665,103384.1172,18.6460762,3.488463173
191.3999939,180.0526812,85.15070056,23.22244633,70.3896904,1.032469718,170.4485865,6.508276463,297.8612061,0,120.5253143,9.999999747e-05,9.999999747e-05,103427.2656,18.64409637,3.466333298
191.6000061,180.0526812,85.15070056,23.22244633,70.3896904,1.032469718,139.4579344,6.507690907,297.9314575,0,117.738678,9.999999747e-05,64.04337311,103463.4844,18.62979317,3.482443504
191.8000031,180.0526812,85.15070056,23.22244633,70.3896904,1.032469718,170.4485865,6.505570412,297.8647766,0,115.1830902,9.999999747e-05,9.999999747e-05,103505.4766,18.64306259,3.440996355
192,180.0526812,85.15070056,23.22244633,70.3896904,1.032469718,170.4485865,6.501259327,297.931488,0,113.4799118,9.999999747e-05,64.61382294,103546.9375,18.63035583,3.322109665
192.1999969,180.0526812,85.15070056,23.22244633,70.3896904,1.032469718,170.4485865,6.497610092,297.8648376,0,113.5034943,9.999999747e-05,9.999999747e-05,103588.4141,18.6343174,3.334196041
192.3999939,180.0526812,85.15070056,23.22244633,70.3896904,1.032469718,170.4485865,6.495082378,297.9295959,0,114.9777069,9.999999747e-05,63.70976639,103630.2031,18.63954353,3.350704431
192.6000061,180.0526812,85.15070056,23.22244633,70.3896904,1.032469718,170.4485865,6.494462967,297.8629456,0,117.4612732,9.999999747e-05,9.999999747e-05,103672.5625,18.64890099,3.39709633
192.8000031,180.0526812,85.15070056,23.22244633,65.87273375,1.032469718,170.4485865,6.495592117,297.9273987,0,120.1900864,9.999999747e-05,63.59310913,103715.5234,18.63399696,3.433743915
193,180.0526812,85.15070056,23.22244633,70.3896904,1.032469718,170.4485865,6.498699188,297.8607483,0,122.4674606,9.999999747e-05,9.999999747e-05,103759.0469,18.66890335,3.495931807
193.1999969,180.0526812,85.15070056,23.22244633,70.3896904,1.032469718,139.4579344,6.502774239,297.931427,0,123.5012665,9.999999747e-05,63.94953918,103796.4688,18.65735245,3.517100618
193.3999939,180.0526812,85.15070056,23.35863228,70.3896904,1.032469718,170.4485865,6.505759716,297.8648071,0,122.9080582,9.999999747e-05,9.999999747e-05,103840.125,18.67161942,3.491249359
193.6000061,180.0526812,85.15070056,23.22244633,70.3896904,1.032469718,139.4579344,6.506863594,297.9346619,0,121.1274414,9.999999747e-05,64.70555115,103876.9219,18.64479256,3.387660467
193.8000031,180.0526812,85.15070056,23.22244633,70.3896904,1.032469718,170.4485865,6.505445957,297.8680725,0,118.9079819,9.999999747e-05,9.999999747e-05,103919.4922,18.65098,3.286710078
194,180.0526812,85.15070056,23.22244633,70.3896904,1.032469718,139.4579344,6.503450394,297.9341125,0,117.2578201,9.999999747e-05,63.84049988,103955.3516,18.6314373,3.256234022
194.1999969,180.0526812,85.15070056,23.22244633,70.3896904,1.032469718,170.4485865,6.501565456,297.8675232,0,116.3995819,9.999999747e-05,9.999999747e-05,103997.4297,18.65283203,3.276683984
194.3999939,180.0526812,85.15070056,23.22244633,70.3896904,0.9482782299,170.4485865,6.498316765,297.9303589,0,116.293251,9.999999747e-05,62.98698425,104039.375,17.93691826,3.183684423
194.6000061,180.0526812,85.15070056,23.22244633,70.3896904,1.032469718,139.4579344,6.496329784,297.8643799,0,117.4911423,9.999999747e-05,9.999999747e-05,104075.2422,18.63164902,3.203945843
194.8000031,180.0526812,85.15070056,23.22244633,70.3896904,1.032469718,170.4485865,6.495988846,297.9263916,0,119.4753418,9.999999747e-05,62.6228981,104117.9609,18.65905571,3.262026544
195,180.0526812,85.15070056,23.22244633,70.3896904,1.032469718,139.4579344,6.497014046,297.8615417,0,121.5945969,9.999999747e-05,9.999999747e-05,104154.7969,18.64710617,3.280741732
195.1999969,180.0526812,85.15070056,23.22244633,70.3896904,1.032469718,170.4485865,6.49864006,297.9235535,0,123.3045578,9.999999747e-05,62.65703583,104198.3594,18.66855049,3.289798033
195.3999939,180.0526812,85.15070056,23.22244633,70.3896904,1.032469718,170.4485865,6.500517368,297.8570557,0,124.3664093,9.999999747e-05,9.999999747e-05,104242.1406,18.67009735,3.28069313
195.6000061,180.0526812,85.15070056,23.22244633,70.3896904,1.032469718,170.4485865,6.501740932,297.9218445,0,124.6785355,9.999999747e-05,64.04566956,104285.9141,18.66691208,3.235186751
195.8000031,180.0526812,85.15070056,23.22244633,70.3896904,1.032469718,170.4485865,6.501953125,297.8554077,0,124.5040817,9.999999747e-05,9.999999747e-05,104329.5703,18.66182709,3.177045675
196,180.0526812,82.12103919,24.8165827,70.3896904,1.032469718,170.4485865,6.503147125,297.9223022,0,124.2459793,9.999999747e-05,65.0611496,104372.7188,18.66579819,3.211747252
196.1999969,180.0526812,78.30392807,23.22244633,70.3896904,1.032469718,170.1104608,6.506025314,297.8560791,0,123.50383,9.999999747e-05,9.999999747e-05,104414.2656,18.68079948,2.918729212
196.3999939,180.0526812,85.15070056,23.22244633,70.3896904,1.032469718,139.4579344,6.504679203,297.9240112,0,121.6080017,9.999999747e-05,65.37026215,104450.8594,18.64154053,3.117858676
196.6000061,180.0526812,85.15070056,23.22244633,70.3896904,1.032469718,169.1626572,6.504310131,297.857605,0,120.2700119,9.999999747e-05,9.999999747e-05,104493.3828,18.66919327,3.206183742
196.8000031,180.0526812,85.15070056,23.22244633,70.3896904,1.032469718,139.4579344,6.504003048,297.9265442,0,119.0628052,9.999999747e-05,65.39077759,104529.5781,18.6548233,3.213627487
197,180.0526812,80.77915573,23.22244633,70.3896904,1.032469718,139.4579344,6.505250454,297.8608093,0,117.9813995,9.999999747e-05,9.999999747e-05,104564.3906,18.66606331,3.051198352
197.1999969,180.0526812,85.15070056,23.22244633,70.3896904,1.032469718,165.805344,6.50312376,297.9268494,0,116.3961029,9.999999747e-05,64.78158569,104605.3672,18.66455841,3.154924716
197.3999939,180.0526812,85.15070056,23.22244633,70.3896904,1.032469718,139.4579344,6.502160072,297.8631592,0,115.6776352,9.999999747e-05,9.999999747e-05,104640.8906,18.65870857,3.21720879
197.6000061,180.0526812,85.15070056,23.22244633,70.3896904,1.032469718,170.4485865,6.500124454,297.9253235,0,115.3300247,9.999999747e-05,62.98384476,104682.625,18.67108917,3.163026615
197.8000031,180.0526812,85.15070056,23.22244633,70.3896904,1.032469718,170.4485865,6.497582436,297.8589172,0,115.8038406,9.999999747e-05,9.999999747e-05,104724.3984,18.66686058,3.109101214
198,180.0526812,85.15070056,23.22244633,70.3896904,1.032469718,150.4325447,6.494477272,297.9228516,0,117.2926483,9.999999747e-05,63.67877579,104762.2578,18.6485939,3.025852216
198.1999969,180.0526812,85.15070056,23.22244633,70.3896904,1.032469718,170.4485865,6.4914608,297.8565063,0,120.0237579,9.999999747e-05,9.999999747e-05,104804.7266,18.6571064,2.976242615
198.3999939,180.0526812,85.15070056,23.22244633,70.3896904,1.032469718,170.4485865,6.490150928,297.9218445,0,123.9593277,9.999999747e-05,64.58755493,104848.0078,18.66308594,2.9929638
198.6000061,180.0526812,82.27923354,23.22244633,70.3896904,1.032469718,170.4485865,6.489781857,297.8556213,0,128.41362,9.999999747e-05,9.999999747e-05,104891.3281,18.66356087,2.806473811
198.8000031,180.0526812,85.15070056,23.22244633,58.04751195,1.032469718,170.4485865,6.488507271,297.9219055,0,133.017868,9.999999747e-05,65.07849884,104936.25,18.58772087,2.849294064
199,180.0526812,85.15070056,23.22244633,70.3896904,1.032469718,170.4485865,6.489433765,297.8555908,0,138.13797,9.999999747e-05,9.999999747e-05,104982.25,18.6627636,2.886887637
199.1999969,180.0526812,85.15070056,23.22244633,70.3896904,1.032469718,139.4579344,6.492375851,297.9228821,0,142.8773956,9.999999747e-05,65.34070587,105022.8672,18.65253067,2.912071178
199.3999939,180.0526812,85.15070056,23.22244633,63.20397666,1.032469718,170.4485865,6.49561882,297.8565979,0,146.4404449,9.999999747e-05,9.999999747e-05,105070.5391,18.63420486,2.895420127
199.6000061,180.0526812,85.15070056,23.22244633,70.3896904,1.032469718,170.4485865,6.500497818,297.9232788,0,148.7116547,9.999999747e-05,65.38711548,105118.7266,18.67969513,2.945727031
199.8000031,180.0526812,85.15070056,23.22244633,70.3896904,1.032469718,170.4485865,6.505434036,297.8569946,0,149.0268707,9.999999747e-05,9.999999747e-05,105166.9609,18.68206787,2.952803847
200,180.0526812,85.15070056,23.22244633,70.3896904,1.032469718,170.4485865,6.51237011,297.9230652,0,147.3727417,9.999999747e-05,65.15955353,105215.0156,18.69763756,3.075120499
200.1999969,180.0526812,85.15070056,23.22244633,70.3896904,1.032469718,170.4485865,6.518052101,297.856781,0,142.9377441,9.999999747e-05,9.999999747e-05,105262.1719,18.69871902,3.091572191
200.3999939,180.0526812,85.15070056,23.22244633,70.3896904,1.032469718,170.4485865,6.52151823,297.9225464,0,136.2403717,9.999999747e-05,65.05448151,105307.9609,18.6968956,3.090788279
200.6000061,180.0526812,85.15070056,25.09272448,70.3896904,1.032469718,170.4485865,6.521499157,297.8562622,0,128.1599426,9.999999747e-05,9.999999747e-05,105352.4766,18.68492126,3.220037594
200.8000031,180.0526812,85.15070056,23.22244633,70.3896904,1.032469718,170.4485865,6.520582676,297.9219971,0,120.0914612,9.999999747e-05,65.07204437,105395.0469,18.69680786,3.127802735
201,180.0526812,85.15070056,23.22244633,70.3896904,1.032469718,139.4579344,6.516983986,297.8580627,0,112.3813019,9.999999747e-05,9.999999747e-05,105429.6641,18.67342567,3.092908687
201.1999969,180.0526812,85.15070056,24.15445498,70.3896904,1.032469718,170.4485865,6.511506081,297.9214783,0,106.1166,9.999999747e-05,63.99096298,105469.625,18.68919563,3.193435382
201.3999939,180.0526812,85.15070056,23.22244633,70.3896904,1.032469718,139.4579344,6.505599499,297.8605042,0,102.0406876,9.999999747e-05,9.999999747e-05,105502.25,18.67560196,3.119907523
201.6000061,180.0526812,85.15070056,23.22244633,70.3896904,1.032469718,170.4485865,6.498391151,297.9199219,0,100.3227234,9.999999747e-05,62.04819489,105540.8203,18.68563271,3.05131854
201.8000031,180.0526812,85.15070056,24.50329602,70.3896904,1.032469718,170.4485865,6.492054939,297.8543091,0,101.4909286,9.999999747e-05,9.999999747e-05,105579.9766,18.68678284,3.177349502
202,180.0526812,85.15070056,23.22244633,70.3896904,1.032469718,170.4485865,6.488304615,297.9169922,0,105.186676,9.999999747e-05,63.68625259,105619.7031,18.69983482,3.106668445
202.1999969,180.0526812,85.15070056,23.22244633,70.3896904,1.032469718,170.4485865,6.486210346,297.8507996,0,110.3769455,9.999999747e-05,9.999999747e-05,105660.4844,18.70139122,3.077927795
202.3999939,180.0526812,85.15070056,23.22244633,70.3896904,1.032469718,170.4485865,6.486479282,297.9168091,0,116.4077454,9.999999747e-05,65.37386322,105702.5312,18.70784569,3.085443761
202.6000061,180.0526812,85.15070056,23.22244633,70.3896904,1.032469718,170.4485865,6.488877773,297.850647,0,122.3283463,9.999999747e-05,9.999999747e-05,105745.8125,18.71358299,3.089624404
202.8000031,180.0526812,83.60512912,23.22244633,70.31551385,1.032469718,139.7935182,6.492897511,297.9189453,0,127.2902451,9.999999747e-05,66.23758698,105783.3516,18.69908905,2.992266259
203,180.0526812,85.15070056,23.22244633,70.3896904,1.032469718,170.4485865,6.495537758,297.8527832,0,130.6457672,9.999999747e-05,9.999999747e-05,105828.1562,18.70604706,2.964484064
203.1999969,180.0526812,85.15070056,23.22244633,70.3896904,1.032469718,139.4579344,6.499176502,297.9212036,0,132.9548492,9.999999747e-05,66.36930847,105867.0781,18.69264793,2.970328218
203.3999939,180.0526812,85.15070056,23.22244633,70.3896904,1.032469718,170.4485865,6.502951145,297.8550415,0,133.800827,9.999999747e-05,9.999999747e-05,105912.5312,18.71270561,2.978847888
203.6000061,180.0526812,85.15070056,23.22244633,70.3896904,1.032469718,170.4485865,6.50628376,297.921936,0,133.1396637,9.999999747e-05,65.94670105,105957.8125,18.71311188,2.971045967
203.8000031,180.0526812,85.15070056,23.22244633,63.37829144,1.032469718,170.4485865,6.508352757,297.8558044,0,131.1472626,9.999999747e-05,9.999999747e-05,106002.6094,18.67356491,2.940995018
204,180.0526812,85.15070056,23.22244633,70.3896904,1.032469718,170.4485865,6.510313034,297.9215088,0,128.3300018,9.999999747e-05,65.40579987,106046.8672,18.71500587,2.980081347
204.1999969,180.0526812,79.7113926,23.22244633,70.3896904,1.032469718,154.8630119,6.513195515,297.855835,0,124.7250366,9.999999747e-05,9.999999747e-05,106085.6953,18.71696091,2.771637473
204.3999939,180.0526812,85.15070056,23.22244633,70.3896904,1.032469718,139.4579344,6.511936665,297.9211426,0,119.9636612,9.999999747e-05,64.95687866,106121.7734,18.69133759,2.93897449
204.6000061,180.0526812,85.15070056,23.22244633,70.3896904,1.032469718,170.4485865,6.509854794,297.855011,0,115.7223053,9.999999747e-05,9.999999747e-05,106163.3828,18.7121315,2.978387491
204.8000031,180.0526812,85.15070056,23.22244633,67.45816829,1.032469718,170.4485865,6.504880905,297.9200745,0,112.3031387,9.999999747e-05,65.15665436,106204.1094,18.68286133,2.861555694
205,180.0526812,85.15070056,23.22244633,70.3896904,1.032469718,170.4485865,6.499022484,297.8540039,0,110.8804245,9.999999747e-05,9.999999747e-05,106244.4688,18.6925087,2.811433724
205.1999969,180.0526812,85.15070056,23.22244633,70.3896904,1.032469718,139.4579344,6.494278908,297.9198303,0,111.7946625,9.999999747e-05,65.28678131,106278.6797,18.6794548,2.825485212
205.3999939,180.0526812,85.15070056,23.59864873,70.3896904,1.032469718,170.4485865,6.489808083,297.8537598,0,114.6000061,9.999999747e-05,9.999999747e-05,106319.8516,18.69405556,2.824753846
205.6000061,180.0526812,84.77399619,23.22244633,70.3896904,1.032469718,170.4485865,6.486746311,297.9194336,0,119.1962509,9.999999747e-05,65.51892853,106361.75,18.69743156,2.75470815
205.8000031,180.0526812,85.15070056,23.22244633,70.3896904,1.032469718,170.4485865,6.486556053,297.853363,0,125.0134125,9.999999747e-05,9.999999747e-05,106405.0156,18.708601,2.826619639
206,180.0526812,85.15070056,23.22244633,70.3896904,1.032469718,170.4485865,6.488068104,297.9190063,0,130.9018555,9.999999747e-05,65.55269623,106449.4766,18.71297455,2.823739973
206.1999969,180.0526812,85.15070056,23.22244633,70.3896904,1.032469718,170.4485865,6.49239397,297.8529663,0,136.1890106,9.999999747e-05,9.999999747e-05,106495.1094,18.72511673,2.885626168
206.3999939,180.0526812,85.15070056,23.22244633,70.3896904,1.032469718,139.4579344,6.497334957,297.9191895,0,139.7420654,9.999999747e-05,65.62467194,106535.0781,18.70857811,2.861457852
206.6000061,180.0526812,85.15070056,23.22244633,70.3896904,1.032469718,139.4579344,6.501871109,297.8537292,0,141.3256836,9.999999747e-05,9.999999747e-05,106575.3359,18.70653725,2.827108973
206.8000031,180.0526812,85.15070056,23.22244633,70.3896904,1.032469718,170.4485865,6.504397392,297.9189453,0,141.0982056,9.999999747e-05,65.44519806,106621.8047,18.71574402,2.752887198
207,180.0526812,85.15070056,23.22244633,70.3896904,1.032469718,170.4485865,6.507174492,297.8529663,0,139.8654022,9.999999747e-05,9.999999747e-05,106668.0547,18.72018242,2.781938449
207.1999969,180.0526812,85.15070056,23.22244633,70.3896904,1.032469718,146.2521606,6.509601116,297.9186707,0,137.5146027,9.999999747e-05,65.51052856,106708.875,18.70855331,2.793022789
207.3999939,180.0526812,85.15070056,23.22244633,70.3896904,1.032469718,170.4485865,6.511028767,297.8526917,0,134.1950378,9.999999747e-05,9.999999747e-05,106754,18.72247124,2.801814379
207.6000061,180.0526812,85.15070056,23.22244633,70.3896904,1.032469718,170.4485865,6.512413979,297.9181824,0,130.3066864,9.999999747e-05,65.68061066,106798.4062,18.7289238,2.856099158
207.8000031,180.0526812,85.15070056,23.22244633,70.3896904,1.032469718,170.4485865,6.510923386,297.8522339,0,125.8611298,9.999999747e-05,9.999999747e-05,106841.7969,18.71829605,2.778264684
208,180.0526812,85.15070056,23.22244633,70.3896904,1.032469718,170.4485865,6.509318829,297.9177246,0,122.0211029,9.999999747e-05,65.7148056,106884.4688,18.72366714,2.822121619
208.1999969,180.0526812,85.15070056,23.22244633,70.3896904,1.032469718,139.4579344,6.507768154,297.8523254,0,118.8141022,9.999999747e-05,9.999999747e-05,106920.1875,18.71121597,2.858200091
208.3999939,180.0526812,85.15070056,23.22244633,70.3896904,1.032469718,170.4485865,6.505419731,297.9173584,0,116.2267075,9.999999747e-05,65.52288818,106961.7656,18.72893524,2.861490828
208.6000061,180.0526812,85.15070056,26.96132925,70.3896904,1.032469718,170.4485865,6.500579834,297.851532,0,114.5815201,9.999999747e-05,9.999999747e-05,107003.7188,18.70773125,3.074363004
208.8000031,180.0526812,85.15070056,23.22244633,70.3896904,1.032469718,142.2949075,6.499018192,297.91745,0,114.8780365,9.999999747e-05,65.68421936,107039.3281,18.72028542,2.887423319
209,180.0526812,85.15070056,23.22244633,70.3896904,1.032469718,170.4485865,6.498151779,297.8515015,0,115.7803192,9.999999747e-05,9.999999747e-05,107080.9531,18.7405014,2.901978149
209.1999969,180.0526812,85.15070056,23.22244633,70.3896904,1.032469718,170.4485865,6.496771336,297.9172058,0,117.0375214,9.999999747e-05,65.95523071,107122.7656,18.73545265,2.842323687
209.3999939,180.0526812,76.0444416,23.22244633,70.3896904,1.032469718,170.4485865,6.499904633,297.851593,0,118.8508072,9.999999747e-05,9.999999747e-05,107162.5469,18.76081848,2.526994808
209.6000061,180.0526812,85.15070056,24.43789863,70.3896904,1.032469718,139.4579344,6.499531269,297.9193115,0,119.3942032,9.999999747e-05,65.79292297,107198.7656,18.72006226,2.944780293
209.8000031,180.0526812,85.15070056,23.22244633,70.3896904,1.032469718,170.4485865,6.500275135,297.853363,0,120.112999,9.999999747e-05,9.999999747e-05,107241.2969,18.74879074,2.898085485
210,180.0526812,85.15070056,23.22244633,70.3896904,1.032469718,143.3885406,6.501822948,297.9195557,0,120.5192413,9.999999747e-05,66.02720642,107278.4062,18.73897743,2.916736619
210.1999969,180.0526812,85.15070056,23.22244633,70.3896904,1.032469718,170.4485865,6.503524303,297.8536377,0,120.307373,9.999999747e-05,9.999999747e-05,107321.0547,18.7579422,2.935795703
210.3999939,180.0526812,69.668755,23.22244633,57.59156488,1.032469718,164.6648706,6.51104784,297.9189758,0,119.4170914,9.999999747e-05,65.5927124,107358.1641,18.72256088,2.345118114
210.6000061,180.0526812,85.15070056,23.56571078,70.3896904,1.032469718,170.4485865,6.511769772,297.8530579,0,115.4987183,9.999999747e-05,9.999999747e-05,107399.9609,18.76409531,3.007210889
210.8000031,180.0526812,85.15070056,23.22244633,70.3896904,1.032469718,139.4579344,6.511495113,297.9231567,0,111.3325348,9.999999747e-05,65.4994812,107434.4922,18.74972343,3.003515662
211,180.0526812,85.15070056,23.22244633,70.3896904,1.032469718,139.4579344,6.509758472,297.8635254,0,107.2577744,9.999999747e-05,9.999999747e-05,107468.1797,18.74792862,2.990478071
211.1999969,180.0526812,85.15070056,23.22244633,70.3896904,1.032469718,139.4579344,6.506309509,297.9281921,0,103.8792877,9.999999747e-05,62.70930099,107501.125,18.74184227,2.943065059
211.3999939,180.0526812,77.46907025,23.22244633,70.3896904,1.032469718,139.4579344,6.504705906,297.8631897,0,101.8811569,9.999999747e-05,9.999999747e-05,107531.5469,18.75390053,2.621686333
211.6000061,180.0526812,85.15070056,23.22244633,70.3896904,1.032469718,139.4579344,6.500352859,297.9287415,0,100.5130081,9.999999747e-05,63.027771,107563.8047,18.74110603,2.921056478
211.8000031,180.0526812,82.37516315,28.38298996,70.3896904,1.032469718,167.2605651,6.493348122,297.8684998,0,100.9010696,9.999999747e-05,9.999999747e-05,107601.9844,18.72579193,3.058832375
212,180.0526812,75.13302102,23.22244633,70.3896904,1.032469718,139.4579344,6.492892742,297.9242859,0,104.0908051,9.999999747e-05,60.76342392,107632.1641,18.75440979,2.448215813
212.1999969,180.0526812,85.15070056,23.22244633,70.3896904,1.032469718,151.4469295,6.488827229,297.8587646,0,107.4327164,9.999999747e-05,9.999999747e-05,107668.0547,18.73244476,2.736696993
212.3999939,180.0526812,85.15070056,23.22244633,70.3896904,1.032469718,170.4485865,6.487436771,297.9156799,0,112.4337845,9.999999747e-05,61.84528351,107708.9609,18.75493431,2.802236624
212.6000061,180.0526812,85.15070056,23.22244633,70.3896904,1.032469718,170.4485865,6.487484932,297.849884,0,117.9706039,9.999999747e-05,9.999999747e-05,107750.9609,18.75614548,2.776646233
212.8000031,180.0526812,85.15070056,23.22244633,70.3896904,1.032469718,170.4485865,6.489449024,297.9110413,0,123.492012,9.999999747e-05,63.99412918,107794.0859,18.7615242,2.780832477
213,180.0526812,85.15070056,23.22244633,70.3896904,1.032469718,170.4485865,6.493741035,297.8452454,0,128.226059,9.999999747e-05,9.999999747e-05,107838.2344,18.77134895,2.822948775
213.1999969,180.0526812,85.15070056,28.1482893,70.3896904,1.032469718,139.4579344,6.496026993,297.9168396,0,131.2417603,9.999999747e-05,65.97115326,107877.5312,18.72665977,3.06052935
213.3999939,180.0526812,85.15070056,23.22244633,70.3896904,1.032469718,147.5188996,6.50242281,297.8515015,0,133.3572235,9.999999747e-05,9.999999747e-05,107918.0547,18.76809311,2.844004916
213.6000061,180.0526812,85.15070056,23.22244633,70.3896904,1.032469718,170.4485865,6.508699417,297.9187622,0,132.8943787,9.999999747e-05,67.19841766,107963.2031,18.78390503,2.85136941
213.8000031,180.0526812,85.15070056,23.22244633,70.3896904,1.032469718,170.4485865,6.511836052,297.8529968,0,129.934494,9.999999747e-05,9.999999747e-05,108007.5859,18.77053642,2.751807926
214,180.0526812,85.15070056,23.22244633,70.3896904,1.032469718,140.104317,6.513598442,297.9182739,0,125.7298279,9.999999747e-05,65.95330048,108044.8516,18.75191879,2.738343583
214.1999969,180.0526812,85.15070056,23.22244633,70.3896904,1.032469718,170.4485865,6.513822079,297.8525085,0,120.8147125,9.999999747e-05,9.999999747e-05,108087.3438,18.76871872,2.74965085
214.3999939,180.0526812,85.15070056,23.22244633,70.3896904,1.032469718,158.480526,6.513510704,297.9165955,0,115.8108215,9.999999747e-05,65.54645538,108126.4375,18.76806068,2.799244735
214.6000061,180.0526812,85.15070056,23.22244633,70.3896904,1.032469718,170.4485865,6.512507915,297.8508301,0,110.9283524,9.999999747e-05,9.999999747e-05,108167.0547,18.78084564,2.851498461
214.8000031,180.0526812,85.15070056,23.22244633,70.3896904,1.032469718,170.4485865,6.510868549,297.9146423,0,106.4474182,9.999999747e-05,65.58009338,108206.8438,18.78687477,2.896355422
215,180.0526812,81.11581309,23.74865186,70.3896904,1.032469718,139.4579344,6.509618282,297.854248,0,102.6221771,9.999999747e-05,9.999999747e-05,108238.5156,18.77712631,2.798796973
215.1999969,180.0526812,84.21323302,23.22244633,70.3896904,1.032469718,170.4485865,6.505029678,297.9133911,0,99.29369354,9.999999747e-05,63.2307663,108276.5,18.77890968,2.791726877
215.3999939,180.0526812,85.15070056,23.22244633,70.3896904,1.032469718,158.0425968,6.499562263,297.8497009,0,97.81282806,9.999999747e-05,9.999999747e-05,108311.8672,18.76720428,2.793831707
215.6000061,180.0526812,85.15070056,23.22244633,70.3896904,1.032469718,170.4485865,6.493806839,297.9102173,0,98.5112381,9.999999747e-05,63.95633316,108349.8516,18.76872635,2.738170348
215.8000031,180.0526812,82.32264313,23.22244633,70.3896904,1.032469718,170.4485865,6.490736485,297.844635,0,101.5098038,9.999999747e-05,9.999999747e-05,108387.7266,18.78069115,2.657631082
216,180.0526812,85.15070056,23.22244633,70.3896904,1.032469718,158.0117742,6.489452362,297.9103394,0,105.726799,9.999999747e-05,65.88072205,108424.7891,18.78043556,2.814669955
216.1999969,180.0526812,85.15070056,23.22244633,70.3896904,1.032469718,146.0755768,6.490499973,297.8485413,0,110.4602814,9.999999747e-05,9.999999747e-05,108460.4297,18.78210258,2.843489329
216.3999939,180.0526812,85.15070056,23.22244633,70.3896904,1.032469718,139.4579344,6.494066715,297.9172668,0,114.7728195,9.999999747e-05,65.25502777,108495.6953,18.78982162,2.891599342
216.6000061,180.0526812,85.15070056,23.22244633,70.3896904,1.032469718,139.4579344,6.49899292,297.8574524,0,117.6577377,9.999999747e-05,9.999999747e-05,108531.6016,18.79600906,2.910670609
216.8000031,180.0526812,85.15070056,23.22244633,70.3896904,1.032469718,139.4579344,6.503266335,297.9216003,0,118.5757751,9.999999747e-05,63.63907242,108567.6406,18.79145432,2.862486981
217,180.0526812,83.94676892,23.22244633,70.3896904,1.032469718,140.7174592,6.50758791,297.859375,0,117.7909164,9.999999747e-05,9.999999747e-05,108603.4531,18.79565239,2.818895497
217.1999969,180.0526812,85.15070056,23.22244633,70.3896904,1.032469718,170.4485865,6.510390282,297.9172974,0,115.2753296,9.999999747e-05,62.83081818,108645.2031,18.81015778,2.861832152
217.3999939,180.0526812,85.15070056,23.22244633,70.3896904,1.032469718,170.4485865,6.511144638,297.8516235,0,111.6438599,9.999999747e-05,9.999999747e-05,108686.1484,18.80418205,2.821363889
217.6000061,180.0526812,85.15070056,23.22244633,70.3896904,1.032469718,139.4579344,6.510874748,297.9176331,0,107.7125473,9.999999747e-05,63.86322021,108719.9453,18.78787231,2.823745543
217.8000031,180.0526812,85.15070056,28.29796412,70.3896904,1.032469718,139.4579344,6.506521225,297.8673401,0,103.8859024,9.999999747e-05,9.999999747e-05,108753.9141,18.75766373,3.050230455
218,180.0526812,85.15070056,23.22244633,70.3896904,1.032469718,170.4485865,6.505228043,297.9183655,0,101.8107452,9.999999747e-05,58.12740707,108792.9844,18.81337166,2.875214444
218.1999969,180.0526812,85.15070056,23.22244633,70.3896904,1.032469718,170.4485865,6.504717827,297.8572998,0,100.2298508,9.999999747e-05,9.999999747e-05,108831.8516,18.82495499,2.937174349
218.3999939,180.0526812,85.15070056,23.22244633,70.3896904,1.032469718,170.4485865,6.504034996,297.9141235,0,98.86025238,9.999999747e-05,59.61387253,108870.4688,18.8284626,2.949287772
218.6000061,180.0526812,85.15070056,24.28728416,70.3896904,1.032469718,139.4579344,6.503470421,297.8638,0,97.76678467,9.999999747e-05,9.999999747e-05,108902.8047,18.81425667,3.0406946
218.8000031,180.0526812,85.15070056,23.22244633,70.3896904,1.032469718,144.2014181,6.503971577,297.9231873,0,96.89820862,9.999999747e-05,56.53336716,108935.8359,18.83197784,3.034267056
219,180.0526812,85.15070056,26.53359055,70.3896904,1.032469718,140.1152696,6.502268791,297.8780212,0,95.82619476,9.999999747e-05,9.999999747e-05,108968.4297,18.81010818,3.142923142
219.1999969,180.0526812,85.15070056,23.22244633,70.3896904,1.032469718,170.4485865,6.501270294,297.9230347,0,95.44586945,9.999999747e-05,52.78963852,109006.4609,18.83863449,2.95913769
219.3999939,180.0526812,85.15070056,23.22244633,70.3896904,1.032469718,170.4485865,6.500890255,297.8651733,0,95.45554352,9.999999747e-05,9.999999747e-05,109044.5547,18.84441376,2.975655187
219.6000061,180.0526812,85.15070056,23.22244633,70.3896904,1.032469718,147.311664,6.500329494,297.920166,0,95.61752319,9.999999747e-05,55.5794754,109077.8828,18.82840919,2.937728702
219.8000031,180.0526812,77.89334818,27.00870043,70.3896904,1.032469718,139.4579344,6.500707626,297.8681641,0,96.00641632,9.999999747e-05,9.999999747e-05,109108.3828,18.82061958,2.896701134
220,180.0526812,85.15070056,23.22244633,70.3896904,1.032469718,170.4485865,6.500442982,297.918396,0,96.24030304,9.999999747e-05,55.70830917,109146.5859,18.84401512,2.927231278
220.1999969,180.0526812,85.15070056,23.22244633,70.3896904,1.032469718,139.4579344,6.501070976,297.8668518,0,96.58512878,9.999999747e-05,9.999999747e-05,109178.5625,18.83353233,2.951902276
220.3999939,180.0526812,85.15070056,23.22244633,70.3896904,1.022587146,170.4485865,6.500896931,297.9145508,0,96.67377472,9.999999747e-05,54.64955521,109216.8281,18.76145172,2.904235573
220.6000061,180.0526812,70.12664106,23.23630574,70.3896904,1.032469718,170.4485865,6.506905079,297.8495178,0,96.83764648,9.999999747e-05,9.999999747e-05,109250.9766,18.88465118,2.344533079
220.8000031,180.0526812,85.15070056,23.22244633,70.3896904,1.032469718,170.4485865,6.505959988,297.911377,0,94.57532501,9.999999747e-05,61.53326797,109288.7891,18.8477726,2.903977825
221,180.0526812,85.15070056,23.22244633,70.3896904,1.032469718,154.9171593,6.503825188,297.8557434,0,92.73368073,9.999999747e-05,9.999999747e-05,109322.9531,18.8342762,2.875146209
221.1999969,180.0526812,85.15070056,23.22244633,70.3896904,1.032469718,170.4485865,6.501432896,297.9164734,0,91.72763062,9.999999747e-05,60.99392319,109360.1016,18.84430313,2.873786484
221.3999939,180.0526812,85.15070056,23.22244633,70.3896904,1.032469718,170.4485865,6.498860836,297.8572998,0,91.67557526,9.999999747e-05,9.999999747e-05,109397.1797,18.8419075,2.844399433
221.6000061,180.0526812,85.15070056,23.22244633,70.3896904,1.032469718,169.498965,6.497481823,297.9193726,0,92.65208435,9.999999747e-05,61.46626663,109434.3203,18.8495636,2.877966172
221.8000031,180.0526812,85.15070056,23.22244633,70.3896904,1.032469718,139.4579344,6.496624947,297.8665771,0,94.1757431,9.999999747e-05,9.999999747e-05,109465.5625,18.83090591,2.843639505
222,180.0526812,85.15070056,23.22244633,70.3896904,1.032469718,170.4485865,6.496489525,297.9203186,0,96.04411316,9.999999747e-05,58.0490799,109503.5391,18.8504982,2.842142982
222.1999969,180.0526812,85.15070056,23.22244633,70.3896904,1.032469718,170.4485865,6.498193741,297.8622437,0,97.96598053,9.999999747e-05,9.999999747e-05,109542.0312,18.86278725,2.899864781
222.3999939,180.0526812,85.15070056,23.22244633,70.3896904,1.032469718,170.4485865,6.500945091,297.9189453,0,99.20237732,9.999999747e-05,58.42098999,109580.8281,18.87055397,2.929728433
222.6000061,180.0526812,85.15070056,23.22244633,70.3896904,1.032469718,170.4485865,6.504788876,297.8637085,0,99.34072876,9.999999747e-05,9.999999747e-05,109619.7969,18.88334656,2.990902714
222.8000031,180.0526812,85.15070056,23.22244633,70.3896904,1.032469718,170.4485865,6.507679939,297.9214172,0,97.94141388,9.999999747e-05,58.00833893,109658.4531,18.88167763,2.97166383
223,180.0526812,85.15070056,23.22244633,70.3896904,1.032469718,139.4579344,6.510158062,297.8739929,0,95.39229584,9.999999747e-05,9.999999747e-05,109690.3047,18.87081718,2.998050135
223.1999969,180.0526812,85.15070056,23.22244633,70.3896904,1.032469718,139.4579344,6.511124134,297.9323425,0,91.85019684,9.999999747e-05,53.85232925,109721.4609,18.87153816,2.99864735
223.3999939,180.0526812,85.15070056,28.38298996,70.3896904,1.032469718,139.4579344,6.507250786,297.8943176,0,87.92536926,9.999999747e-05,9.999999747e-05,109752.7578,18.83546257,3.109575015
223.6000061,180.0526812,85.15070056,23.22244633,70.3896904,1.032469718,170.4485865,6.504950523,297.933197,0,85.56083679,9.999999747e-05,47.11907959,109788.9766,18.88199997,2.950312945
223.8000031,180.0526812,85.15070056,23.22244633,70.3896904,1.032469718,164.1649512,6.502998829,297.8832703,0,84.09570312,9.999999747e-05,9.999999747e-05,109823.7266,18.88793564,2.988193657
224,180.0526812,80.99284515,23.22244633,70.03300233,1.032469718,139.4579344,6.502586842,297.928009,0,83.41525269,9.999999747e-05,48.03467941,109852.1016,18.88332939,2.849614661
224.1999969,180.0526812,85.15070056,23.22244633,70.3896904,1.032469718,139.4579344,6.499745846,297.8816223,0,82.8955307,9.999999747e-05,9.999999747e-05,109881.4688,18.86646652,2.918102344
224.3999939,180.0526812,85.15070056,23.22244633,70.3896904,1.032469718,170.4485865,6.497394085,297.9240723,0,83.52526855,9.999999747e-05,48.78162384,109917.3594,18.88763428,2.930721329
224.6000061,180.0526812,85.15070056,23.22244633,70.3896904,1.032469718,139.4579344,6.49537611,297.8761597,0,85.08623505,9.999999747e-05,9.999999747e-05,109947.125,18.863554,2.868689402
224.8000031,180.0526812,85.15070056,23.22244633,70.3896904,1.032469718,139.4579344,6.495193958,297.9257507,0,87.45487213,9.999999747e-05,49.75864792,109977.4688,18.8731823,2.904817856
225,180.0526812,85.15070056,23.22244633,70.3896904,1.032469718,170.4485865,6.49623394,297.8722839,0,89.89144897,9.999999747e-05,9.999999747e-05,110014.7031,18.89545059,2.918393969
225.1999969,180.0526812,85.15070056,23.22244633,70.3896904,1.032469718,170.4485865,6.498234749,297.9234009,0,91.91379547,9.999999747e-05,53.9736557,110052.3516,18.89834976,2.915825564
225.3999939,180.0526812,69.668755,23.22244633,70.3896904,1.032469718,139.4579344,6.507902622,297.8622742,0,93.13663483,9.999999747e-05,9.999999747e-05,110079.5938,18.93223953,2.37984393
225.6000061,180.0526812,85.15070056,23.22244633,70.3896904,1.032469718,139.4579344,6.509088516,297.9289856,0,90.47029114,9.999999747e-05,58.65483093,110110.5547,18.88271904,2.90508207
225.8000031,180.0526812,85.15070056,23.22244633,70.3896904,1.032469718,170.4485865,6.508449078,297.8761597,0,87.38188934,9.999999747e-05,9.999999747e-05,110147.2109,18.89799881,2.905351509
226,180.0526812,85.15070056,23.22244633,70.3896904,1.032469718,170.4485865,6.506343365,297.9344177,0,84.52819824,9.999999747e-05,57.29438782,110183.2344,18.89471436,2.880852641
226.1999969,180.0526812,85.15070056,23.22244633,70.3896904,1.032469718,170.4485865,6.50219202,297.8789673,0,82.51568604,9.999999747e-05,9.999999747e-05,110218.6406,18.87848854,2.775953031
226.3999939,180.0526812,85.15070056,23.22244633,70.3896904,1.032469718,164.6485572,6.49760437,297.9308167,0,82.16577148,9.999999747e-05,55.40995789,110252.6797,18.8688488,2.721635848
226.6000061,180.0526812,76.37265382,25.07358319,70.3896904,1.032469718,170.4485865,6.496299267,297.8694153,0,83.64575958,9.999999747e-05,9.999999747e-05,110286.1172,18.88596725,2.524189891
226.8000031,180.0526812,69.668755,23.22244633,70.37293737,1.032469718,170.4485865,6.499970436,297.9158936,0,85.63560486,9.999999747e-05,57.49969482,110317.75,18.919487,2.149681284
227,180.0526812,85.15070056,23.22244633,70.3896904,1.032469718,170.4485865,6.497588158,297.8590088,0,86.15119934,9.999999747e-05,9.999999747e-05,110353.75,18.87942696,2.731075788
227.1999969,180.0526812,85.15070056,23.22244633,70.3896904,1.032469718,139.4579344,6.49553299,297.9176941,0,87.65550995,9.999999747e-05,56.88989639,110383.6094,18.8583374,2.698402041
227.3999939,180.0526812,72.20044873,24.50615667,70.3896904,1.032469718,170.4485865,6.499308109,297.8528137,0,89.96139526,9.999999747e-05,9.999999747e-05,110417,18.9096508,2.346175874
227.6000061,180.0526812,85.15070056,23.22244633,70.3896904,1.032469718,147.9424397,6.499175072,297.9231873,0,90.73916626,9.999999747e-05,63.56539154,110449.2734,18.87311554,2.732888687
227.8000031,180.0526812,85.15070056,23.22244633,70.3896904,1.032469718,139.4579344,6.499358654,297.8721924,0,91.60170746,9.999999747e-05,9.999999747e-05,110479.9688,18.86924744,2.731693704
228,180.0526812,85.15070056,23.22244633,70.3896904,1.032469718,170.4485865,6.500353336,297.9289551,0,92.37730408,9.999999747e-05,58.44366837,110517.2656,18.89456558,2.770379504
228.1999969,180.0526812,85.15070056,23.22244633,70.3896904,1.032469718,170.4485865,6.500841618,297.8712769,0,92.75323486,9.999999747e-05,9.999999747e-05,110554.5625,18.88868523,2.722555305
228.3999939,180.0526812,85.15070056,23.22244633,70.3896904,1.032469718,170.4485865,6.501341343,297.9240112,0,92.93809509,9.999999747e-05,57.2269516,110591.8984,18.88898468,2.711402556
228.6000061,180.0526812,85.15070056,23.22244633,70.3896904,1.032469718,163.0373523,6.501990318,297.8678589,0,92.92150879,9.999999747e-05,9.999999747e-05,110627.7344,18.88702965,2.713105496
228.8000031,180.0526812,85.15070056,23.22244633,70.3896904,1.032469718,170.4485865,6.502394676,297.9191284,0,92.64486694,9.999999747e-05,56.46039581,110665.0312,18.89113235,2.703521887
229,180.0526812,69.668755,23.22244633,70.3896904,1.032469718,170.4485865,6.509496689,297.8543701,0,92.20780182,9.999999747e-05,9.999999747e-05,110698.0156,18.939888,2.169297619
229.1999969,180.0526812,85.15070056,23.22244633,70.3896904,1.032469718,139.4579344,6.509477139,297.9245605,0,88.9071579,9.999999747e-05,61.38490677,110728.3438,18.88798714,2.77612109
229.3999939,180.0526812,85.15070056,23.22244633,70.3896904,1.032469718,170.4485865,6.506449699,297.868103,0,85.65911865,9.999999747e-05,9.999999747e-05,110764.2188,18.88913345,2.694611318
229.6000061,180.0526812,85.15070056,23.22244633,70.3896904,1.032469718,170.4485865,6.502266407,297.9283447,0,83.6091156,9.999999747e-05,60.87637711,110799.6172,18.88350105,2.651866929
