Time Step,Discharge rate,Sugar feed rate,Soil bean feed rate,Aeration rate,Back pressure,Water injection/dilution,pH,Temperature,Acid flow rate,Base flow rate,Cooling water,Heating water,Vessel Weight,Dissolved oxygen concentration,Yield Per Step
0,0,75.53249671,26.05839512,62.33636985,0.9042872085,121.7169617,6.442117691,297.7301025,0,23.27452087,9.999999747e-05,170.0345154,62302.17188,17.38285828,0.05829178929
0.200000003,0,76.62875343,25.96135653,61.15894563,0.906337078,145.0899249,6.457075596,297.8823547,0,46.4274292,9.999999747e-05,53.98153687,62362.74219,17.39489174,-3.070291908e-05
0.400000006,0,76.6309218,25.96365557,61.11769751,0.9058625668,146.2727935,6.482023239,297.8406677,0,64.0681076,9.999999747e-05,9.999999747e-05,62427.09375,17.37633514,-3.0700572e-05
0.6000000238,0,76.60541108,25.96561721,61.08292789,0.9054231485,147.947197,6.512222767,298.096283,0,71.74481964,9.999999747e-05,82.43909454,62492.32031,17.36794853,-3.077537245e-05
0.8000000119,0,76.62727251,25.96616939,61.08818733,0.9050540783,148.0318303,6.539041519,297.9768982,0,67.35650635,82.52967834,8.243909836,62556.60938,17.35184097,-3.07657061e-05
1,0,76.60649333,25.9664844,61.07862641,0.904993206,148.8912285,6.556272507,297.8876038,0,52.26864624,43.03512192,0.8243909478,62618.03516,17.34646416,-3.042404735e-05
1.200000048,0,76.59199468,25.96475033,61.08128782,0.9050984253,149.2015304,6.55266428,298.0591125,0.5190288424,26.13432312,12.91053677,62.45739365,62674.18359,17.32917976,-3.046565024e-05
1.399999976,0,76.61393725,25.96299067,61.11114445,0.9052787855,148.0912629,6.538797855,297.9573669,1.040292144,13.06716156,68.53282166,6.24573946,62727.54688,17.32307625,-3.056294106e-05
1.600000024,0,76.60868887,25.96250627,61.09980739,0.9053901884,148.5170943,6.516458035,297.8809509,0,0,34.36523438,0.624573946,62778.02734,17.30102539,-3.044110078e-05
1.799999952,0,76.59597136,25.96261495,61.09090262,0.9054395413,148.3870566,6.495174885,298.0376587,0,0,10.30957127,55.67392731,62828.49609,17.29493523,-3.061585817e-05
2,0,76.61651914,25.96236358,61.1013965,0.9055205886,147.6058936,6.476437092,297.9444885,0,2.448337078,60.48761368,5.567392826,62879.23047,17.27658653,-3.076636697e-05
2.200000048,0,76.62126687,25.96241814,61.10083154,0.9056750723,147.2597943,6.464666367,298.3862305,0,12.38686085,18.1462841,138.7177124,62931.92578,17.27344322,-3.120855933e-05
2.400000095,0,76.66905904,25.96266942,61.12139244,0.9055262273,145.9185942,6.462259293,298.1750488,0,27.01897812,169.1566925,13.87177181,62987.34766,17.26448822,-3.147693163e-05
2.599999905,0,76.66297046,25.96476999,61.11572022,0.9055875009,145.8688062,6.469736576,298.0159302,0,42.60554504,107.4730682,1.387177229,63046.05469,17.26006699,-3.104346754e-05
2.799999952,0,76.64154985,25.96639058,61.09369208,0.9053952546,146.9062685,6.484621525,297.9187622,0,55.19858932,60.72576523,0.1387177259,63107.58594,17.24798965,-3.069284955e-05
3,0,76.61865478,25.96750302,61.07200359,0.9051522356,148.1134878,6.504602909,298.1166382,0,61.84505081,18.21772957,66.34754181,63170.78516,17.24464607,-3.069741714e-05
3.200000048,0,76.64750742,25.9677577,61.07525563,0.9048417558,147.9013931,6.526433945,298.0335999,0,60.50604248,84.16989899,6.634754181,63235.88281,17.25196266,-3.070090948e-05
3.400000095,0,76.63697065,25.96829283,61.05864344,0.9046915248,148.8033476,6.541007996,297.9631042,0,50.44482803,58.40567398,0.6634754539,63299.15234,17.24185562,-3.043456742e-05
3.599999905,0,76.61779936,25.96659825,61.0576757,0.9048023025,149.3943429,6.543221951,297.9202271,0,34.5837326,35.96825409,0.06634753942,63359.35938,17.23629951,-3.025975796e-05
3.799999952,0,76.60548565,25.96513546,61.05821348,0.9049233294,149.6559968,6.530661106,298.0724182,0,17.85429955,10.79047585,47.16317749,63414.91016,17.21884346,-3.038430424e-05
4,0,76.61765533,25.9641712,61.069936,0.9050091042,149.0550735,6.508471489,298.0198975,0,6.158114433,60.62870026,4.71631813,63467.83984,17.19501495,-3.055549505e-05
4.199999809,0,76.61150481,25.96385091,61.06698156,0.9051445118,149.0190543,6.484984398,297.9692078,0,3.322115898,44.07844543,0.4716317952,63520.05859,17.16579056,-3.054013086e-05
4.400000095,0,76.61025851,25.96373679,61.06536802,0.9052656842,148.8181399,6.467105389,297.9413757,0,9.854460716,27.73833084,0.04716318101,63573.61328,17.1546154,-3.054376502e-05
4.599999905,0,76.61692447,25.96409419,61.06447873,0.9053175966,148.523519,6.458797932,298.0632324,0,23.51587105,8.321498871,35.14338303,63629.87109,17.13778305,-3.069583625e-05
4.800000191,0,76.63804865,25.96519435,61.07385989,0.9052632104,147.7135923,6.460848808,298.025116,0,40.48664856,48.36514282,3.514338255,63689.38281,17.11711884,-3.078516514e-05
5,0,76.636634,25.96774306,61.07057884,0.9051137506,147.576817,6.473321438,297.995575,0,56.63382721,36.67636108,0.3514338136,63752.24219,17.10713387,-3.065820374e-05
5.199999809,0,76.62708557,25.96994251,61.05603209,0.9048348844,148.1887036,6.491077423,297.9776611,0,67.79088593,27.70858192,0.03514338285,63817.45703,17.08362961,-3.05138685e-05
5.400000095,0,76.6161877,25.97113119,61.04486322,0.9046421376,148.8643861,6.506420135,297.9658508,0,71.86161041,21.59155655,0.003514338285,63883.42578,17.0434742,-3.038367683e-05
5.599999905,0,76.60535594,25.97118858,61.04234206,0.904611136,149.3435423,6.519249439,297.963501,0,69.82002258,16.80564308,0.0003514338168,63949.03906,17.02396965,-3.028441548e-05
5.800000191,0,76.60291223,25.97048254,61.04168162,0.9046147824,149.6853736,6.526530266,297.9668884,0,62.64717865,14.80772686,9.999999747e-05,64013.21875,17.00354195,-3.022194395e-05
6,0,76.6014391,25.96946326,61.04579791,0.9046788539,149.8100959,6.526136398,297.973114,0,52.57227707,14.62160873,9.999999747e-05,64075.29688,16.97981453,-3.02001107e-05
6.199999809,0,76.59908513,25.96844811,61.05215421,0.9047794197,149.7751451,6.519730568,297.9824219,0,42.66234207,15.4993763,9.999999747e-05,64135.36328,16.96520615,-3.021657856e-05
6.400000095,0,76.59846652,25.96765562,61.05590673,0.904859647,149.6959868,6.50868845,297.9928589,0,35.30982971,17.65739632,9.999999747e-05,64193.92578,16.94773102,-3.026284895e-05
6.599999905,0,76.59777947,25.9672428,61.05851517,0.9049307551,149.5717342,6.495833874,298.0034485,0,32.37026215,20.53323364,9.999999747e-05,64251.86719,16.92887115,-3.032666839e-05
6.800000191,0,76.59787329,25.96731332,61.06048389,0.9049798034,149.3989288,6.484090328,298.013031,0,34.56354523,23.84179688,9.999999747e-05,64310.20703,16.90682983,-3.039240176e-05
7,0,76.59776836,25.96797877,61.06292853,0.9050008866,149.1777092,6.475820541,298.0210876,0,41.44471741,27.19770432,9.999999747e-05,64369.875,16.88288116,-3.044500598e-05
7.199999809,0,76.59577846,25.96934251,61.06535566,0.9049773978,148.9680429,6.473439693,298.0299683,0,51.62610626,30.38704491,9.999999747e-05,64431.62891,16.86575508,-3.047372136e-05
7.400000095,0,76.59251562,25.9713079,61.06488484,0.9048750736,148.9047701,6.476546288,298.0376587,0,62.7515564,34.19040298,9.999999747e-05,64495.64453,16.84325218,-3.04732079e-05
7.599999905,0,76.58547715,25.97346468,61.06289376,0.9047486417,149.044709,6.484827995,298.0457458,0,72.63526154,37.89963913,9.999999747e-05,64561.74609,16.82369995,-3.044479232e-05
7.800000191,0,76.57954206,25.97512061,61.05821432,0.904623089,149.435389,6.496639252,298.0545959,0,79.20679474,42.04069519,9.999999747e-05,64629.32031,16.80486298,-3.039621392e-05
8,0,76.57656099,25.97581544,61.05331558,0.9045489361,149.9974385,6.50669384,298.058197,0,81.058815,46.74847412,9.999999747e-05,64697.30469,16.77314568,-3.033945511e-05
8.199999809,0,76.57011466,25.97572778,61.05279203,0.9045801497,150.6052162,6.515838146,298.0655212,0,78.90612793,49.97789383,9.999999747e-05,64765.03906,16.75521851,-3.028849905e-05
8.399999619,0,76.57021028,25.97500372,61.05292502,0.904615711,151.0723101,6.523752213,298.0805969,0,73.09308624,54.65481949,9.999999747e-05,64831.85156,16.74523354,-3.025551165e-05
8.600000381,0,76.57459503,25.97389336,61.05499404,0.9046513349,151.346306,6.524065971,298.0889587,0,64.11554718,62.26330948,9.999999747e-05,64896.82031,16.71257973,-3.02449103e-05
8.800000191,0,76.56816104,25.97281117,61.06217827,0.904764213,151.5793174,6.516945839,298.0929565,0,55.03342819,68.0582428,9.999999747e-05,64959.92188,16.67940712,-3.025798364e-05
9,0,76.5592767,25.97199561,61.06917451,0.9048767787,151.6763454,6.504197121,298.0918579,0,48.79951477,72.70761108,9.999999747e-05,65021.67969,16.64237976,-3.029230756e-05
9.199999809,0,76.5476031,25.97179265,61.07589535,0.9049881923,151.7163679,6.49234581,298.103363,0,47.65967941,75.7878418,9.999999747e-05,65083.35938,16.62461472,-3.034673231e-05
9.399999619,0,76.54251794,25.97238012,61.08049896,0.9050229767,151.6307851,6.48165369,298.1082764,0,51.23951721,83.20890808,9.999999747e-05,65145.69922,16.58815193,-3.040358079e-05
9.600000381,0,76.52805934,25.97398574,61.0892355,0.9050914512,151.7109472,6.476358414,298.1192322,0,59.09523392,88.69297028,9.999999747e-05,65209.73828,16.56293488,-3.044415891e-05
9.800000191,0,76.51456865,25.97638574,61.09688844,0.9051072378,151.8857982,6.475979805,298.1267395,0,69.05502319,96.49530029,9.999999747e-05,65275.01953,17.00073242,-3.046171663e-05
10,0,76.72188638,25.97878544,61.02586356,0.9035114055,147.9733556,6.480379105,298.133728,0,79.16744232,103.4784851,9.999999747e-05,65341.63672,16.4813652,-3.045046534e-05
10.19999981,0,76.46592261,25.98153503,61.11212484,0.905289221,153.6977906,6.487693787,298.1384277,0,87.52014923,110.5865784,9.999999747e-05,65411.05859,16.96403885,-3.041688047e-05
10.39999962,0,76.72733117,25.9833149,61.02770315,0.9033098885,147.5968261,6.496224403,298.143219,0,92.95272827,117.1650238,9.999999747e-05,65480.41797,16.92663383,-3.037103688e-05
10.60000038,0,76.7151031,25.98408145,61.03049473,0.9033836985,148.0916731,6.504914761,298.1533508,0,94.9783783,123.9713135,9.999999747e-05,65550.34375,16.91129303,-3.032820016e-05
10.80000019,0,76.71986498,25.98409687,61.03283322,0.9034194352,148.3207893,6.513262749,298.177002,0,93.53122711,132.8068237,9.999999747e-05,65620.14844,16.90236473,-3.030640292e-05
11,0,76.73572703,25.98360697,61.03910573,0.90344286,148.2810173,6.516690731,298.1899414,0,88.74655151,146.6434784,9.999999747e-05,65688.92969,16.87491226,-3.030065744e-05
11.19999981,0,76.73271948,25.98297829,61.04709608,0.9035378633,148.6868556,6.511688709,298.171936,0,82.60578156,157.559494,9.999999747e-05,65756.3125,16.83039474,-3.028291415e-05
11.39999962,0,76.69882977,25.98240708,61.05131032,0.9037198528,149.7956602,6.504349232,298.1705322,0,78.47762299,158.38237,9.999999747e-05,65823.14062,16.81138229,-3.02758646e-05
11.60000038,0,76.68590971,25.98216758,61.055554,0.90379324,150.141827,6.496132851,298.1784363,0,77.26603699,164.4812469,9.999999747e-05,65889.82812,16.78935623,-3.030416002e-05
11.80000019,0,76.67430646,25.982949,61.06168219,0.9038354291,150.3475885,6.488260269,298.1873474,0,79.3363266,173.6068726,9.999999747e-05,65956.99219,16.76280975,-3.03450937e-05
12,0,76.65942295,25.98473759,61.0688374,0.9038696498,150.5729413,6.480566502,298.1807861,0,84.55165863,183.3173218,9.999999747e-05,66025.16406,16.72623825,-3.036989955e-05
12.19999981,0,76.62953226,25.98743273,61.07437658,0.9039460451,151.1886233,6.476357937,298.1826172,0,92.84516907,188.012146,9.999999747e-05,66095.17969,16.70023537,-3.037836183e-05
12.39999962,0,76.60773342,25.99038459,61.07946834,0.9039985162,151.6069732,6.475554943,298.1880798,0,102.8110962,195.470871,9.999999747e-05,66167.32812,16.67245483,-3.038226784e-05
12.60000038,0,76.58351203,25.99315647,61.08336417,0.9040963606,152.3098345,6.476965904,298.1912231,0,113.0982971,204.1907349,9.999999747e-05,66241.70312,16.64196396,-3.037332804e-05
12.80000019,0,76.55447122,25.99510866,61.08412742,0.9042686378,153.4929428,6.48012495,298.1994019,0,122.8247757,212.2889252,9.999999747e-05,66318.32812,16.61440659,-3.035725308e-05
13,0,76.52848566,25.99595071,61.0829766,0.9044891408,154.912237,6.483513355,298.2063904,0,131.2889709,222.2569427,9.999999747e-05,66396.96094,16.58408928,-3.034034388e-05
13.19999981,0,76.50025766,25.99605545,61.0809082,0.9047642938,156.6793439,6.486852169,298.2221375,0,138.4025269,232.0873871,9.999999747e-05,66477.44531,16.55701256,-3.033111239e-05
13.39999962,0,76.47710373,25.99568683,61.08050397,0.9050456464,158.3847128,6.48942709,298.2448425,0,144.1815643,245.2035217,9.999999747e-05,66559.49219,16.52880096,-3.034060125e-05
13.60000038,0,76.45455088,25.99533066,61.08287375,0.9053375635,160.1098395,6.490850449,298.2743835,0,148.9330292,261.2460022,9.999999747e-05,66642.90625,16.49966431,-3.03695054e-05
13.80000019,0,76.43198605,25.99514286,61.08826604,0.9056319496,161.7985387,6.490352154,298.2877502,0,153.1165009,280.4481506,9.999999747e-05,66727.47656,16.4618988,-3.039611605e-05
14,0,76.39906263,25.99513072,61.09250805,0.9059733729,163.9428187,6.488315582,298.2956543,0,157.5018005,295.1303101,9.999999747e-05,66813.34375,16.42520714,-3.040844508e-05
14.19999981,0,76.36661702,25.99494611,61.09572983,0.9062979818,165.9584859,6.485021114,298.3009644,0,162.7006989,308.5430298,9.999999747e-05,66900.67188,16.38746643,-3.041924965e-05
14.39999962,0,76.33452517,25.99453598,61.09757945,0.9066050946,167.8646831,6.481173038,298.3323975,0,169.2165375,321.4108887,9.999999747e-05,66989.8125,16.35564041,-3.045972506e-05
14.60000038,0,76.31215973,25.99374219,61.10173189,0.9068277579,169.0212868,6.476300716,298.3463135,0,177.2693634,343.5018616,9.999999747e-05,67080.77344,16.31241608,-3.05131591e-05
14.80000019,0,76.28496224,25.99237669,61.09928203,0.9070503617,170.5080631,6.470563889,298.3398132,0,187.2726746,360.5293274,9.999999747e-05,67174.02344,16.26646423,-3.053129911e-05
15,0,76.2672645,25.98981389,61.08810468,0.9071744429,171.5830789,6.464458942,298.360199,0,199.5703888,371.1707458,9.999999747e-05,67270.07812,16.2272625,-3.056002433e-05
15.19999981,0,76.27113594,25.98610654,61.07562896,0.9070936923,171.2082422,6.45781517,298.3780518,0,214.3084412,390.9945984,9.999999747e-05,67369.0625,16.18048286,-3.061709973e-05
15.39999962,0,76.28937963,25.98145446,61.05668075,0.9068586491,170.1089124,6.450391769,298.4053345,0,225,410.5103455,9.999999747e-05,67470.05469,16.13191986,-3.068551207e-05
15.60000038,0,76.30574555,25.97836921,61.04649479,0.9066527857,169.0102288,6.441847801,298.4174194,0,225,433.9655457,9.999999747e-05,67570.77344,16.0764122,-3.075315046e-05
15.80000019,0,76.29082126,25.97877821,61.05412301,0.9067750404,169.7845091,6.432231903,298.3599854,0,225,453.1291199,9.999999747e-05,67671.46094,16.0137825,-3.073630043e-05
16,0,76.27822471,25.9789722,61.05396391,0.9069145535,170.9032921,6.421765327,298.3084717,0,225,448.8814392,9.999999747e-05,67772.32812,15.9574852,-3.06581789e-05
16.20000076,0,76.27161627,25.97927411,61.05644061,0.9070182357,171.4876022,6.410615444,298.2700806,0,225,445.0349731,9.999999747e-05,67873.28906,15.90043545,-3.06055756e-05
16.39999962,0,76.2687621,25.97963317,61.05988835,0.9070769409,171.6845901,6.398952484,298.2506714,0,225,443.7449951,9.999999747e-05,67974.28125,15.84250832,-3.059152611e-05
16.60000038,0,76.26883349,25.98007848,61.0647559,0.9070876557,171.4835264,6.386921883,298.2518921,0,225,447.4595032,9.999999747e-05,68075.24219,15.78326321,-3.062322175e-05
16.79999924,0,76.27113314,25.98060467,61.07076183,0.9070487383,170.9066731,6.374308109,298.2368469,0,225,457.4268188,9.999999747e-05,68176.01562,15.71848583,-3.066317818e-05
17,0,76.2778799,25.98084748,61.07197982,0.9069658954,170.201888,6.361503124,298.2451477,0,225,461.6763611,9.999999747e-05,68276.65625,15.65495777,-3.071454816e-05
17.20000076,0,76.28601407,25.98129686,61.07607336,0.9068489364,169.1176325,6.34840107,298.2565308,0,225,473.5295715,9.999999747e-05,68377.05469,15.58806419,-3.079685946e-05
17.39999962,0,76.29766111,25.98150399,61.07660923,0.9066751194,167.8031792,6.334749222,298.2519531,0,225,486.5879517,9.999999747e-05,68477.125,15.51737976,-3.086930773e-05
17.60000038,0,76.31431548,25.9812938,61.0716444,0.9064522016,166.3511765,6.320246696,298.2275696,0,225,494.5482483,9.999999747e-05,68576.8125,15.44399548,-3.090919458e-05
17.79999924,0,76.33557891,25.98071558,61.06268453,0.9061896863,164.7507424,6.306586742,298.2727661,0,225,495.6213989,9.999999747e-05,68676.28906,15.37342262,-3.100514656e-05
18,0,76.34934937,25.98101257,61.06379934,0.9059472604,162.9329694,6.293194294,298.3406372,0,225,519.9251709,9.999999747e-05,68775.4375,15.29926014,-3.119883962e-05
18.20000076,0,76.3678238,25.98053142,61.0546027,0.9055975904,160.8960009,6.279498577,298.3908997,0,225,553.2344971,9.999999747e-05,68874.14844,15.22014904,-3.140025015e-05
18.39999962,0,76.39313893,25.97897028,61.03288907,0.9051740485,158.9003422,6.264201164,298.3700256,0,225,582.8394165,9.999999747e-05,68972.3125,15.13657379,-3.151287986e-05
18.60000038,0,76.42713235,25.97605537,61.00045007,0.904690432,156.9554655,6.247419357,298.3278503,0,225,589.9179077,9.999999747e-05,69070.00781,15.05200386,-3.153752489e-05
18.79999924,0,76.45564551,25.97350589,60.97751184,0.9042676341,155.0700184,6.229447842,298.2909241,0,225,589.4032593,9.999999747e-05,69167.27344,14.96751022,-3.155651584e-05
19,0,76.47932548,25.97111407,60.96004444,0.9038715254,153.2223631,6.211895943,298.2995605,0,225,589.2755127,9.999999747e-05,69264.20312,14.88256836,-3.163698786e-05
19.20000076,0,76.49591461,25.96909499,60.94673166,0.9035159192,151.5634228,6.195261002,298.3482971,0,225,603.4333496,9.999999747e-05,69360.85156,14.79682446,-3.180977991e-05
19.39999962,0,76.5108427,25.96667087,60.92871874,0.9031388351,150.0237884,6.177986622,298.3829346,0,225,631.4161377,9.999999747e-05,69457.16406,14.71138477,-3.201319729e-05
19.60000038,0,76.52795226,25.96323252,60.90416268,0.9027216074,148.5508358,6.160963058,298.4257812,0,225,656.0631714,9.999999747e-05,69553.19531,14.62990284,-3.221570426e-05
19.79999924,0,76.53913446,25.96012624,60.88507263,0.9023897378,147.4173638,6.145217419,298.4764709,0,225,684.9469604,9.999999747e-05,69649.14062,14.57985497,-3.243606793e-05
20,0,76.5476887,25.95743951,60.86847434,0.9021654252,146.6452784,6.147583008,298.2632446,0,225,718.0852661,9.999999747e-05,69745.07031,16.44988632,0.07409878759
20.20000076,0,76.51455732,25.96846066,60.95665451,0.9041974089,151.7818031,6.190846443,297.7357483,0,225,662.0100098,9.999999747e-05,69842.49219,16.47441673,0.5604452833
20.39999962,0,76.5169919,25.96988948,60.9474285,0.9042842482,153.427349,6.233816624,300.2181396,0,225,198.6030121,819.7995605,69939.94531,16.47875214,0.5882120168
20.60000038,0,76.49999957,25.9629002,60.98844808,0.9045916708,152.8757619,6.276214123,299.2698975,0,225,1049.071899,81.97995758,70037.09375,16.48413658,0.5967522459
20.79999924,0,76.50292068,25.9672992,60.92950895,0.9046582662,155.5150058,6.317687988,298.5358582,0,225,786.4881592,8.19799614,70135.17969,16.48765182,0.6452762568
21,0,76.5183175,25.97445303,60.94534298,0.9049029036,156.59517,6.356762886,298.0556641,0,225,587.9819336,0.819799602,70233.76562,16.49284935,0.6829105279
21.20000076,0,76.50840245,25.97524899,60.95881633,0.9051150435,158.0887705,6.393025398,297.7601318,0,225,447.9144592,0.0819799602,70332.86719,16.49755287,0.7017403376
21.39999962,0,76.4966297,25.97330355,60.96027291,0.9053366763,159.6000584,6.426302433,299.2509155,0,225,134.3743439,464.4958191,70432.17969,16.50063896,0.6854141559
21.60000038,0,76.59830974,25.96628826,60.93358637,0.9052224281,160.1643575,6.45613718,298.8418884,0,225,641.9143066,46.44958115,70531.47656,16.50112915,0.685897579
21.79999924,0,76.52160306,25.97300159,60.946998,0.9053822965,160.8089364,6.482629299,298.4593811,0,225,536.5269775,4.644958019,70631.05469,16.5056591,0.7088451994
22,0,76.50931131,25.97211466,60.9521188,0.9056850713,162.2928944,6.505828381,298.1720886,0,225,439.2020569,0.4644958377,70731,16.51219559,0.7504513259
22.20000076,0,76.49123672,25.97063552,60.95262186,0.9059249444,163.6632041,6.525942326,297.9844971,0,223.1973877,360.1817932,0.04644958302,70830.9375,16.51642227,0.7656230888
22.39999962,0,76.4800911,25.96968326,60.95224007,0.9060873819,164.5556779,6.54273653,297.858551,0,213.3487244,304.0687256,0.004644958302,70929.0625,16.51769829,0.7916099318
22.60000038,0,76.46978852,25.9699687,60.95364392,0.9063295464,165.8960233,6.556121826,298.9528198,0,196.7834778,91.2206192,323.2396545,71023.92188,16.51575089,0.7821985018
22.79999924,0,76.70873335,25.96260478,60.84833116,0.9061159347,168.4888326,6.546366215,298.7232056,0.5190277696,98.39173889,464.3861694,32.32396317,71099.07031,16.48295021,0.8135083739
23,0,76.38903667,25.98890664,61.26971858,0.9067727717,170.6076466,6.529955864,298.4917297,0,80.44012451,412.6930542,3.232396364,71170.88281,16.4893856,0.8481369333
23.20000076,0,76.41777082,25.99222836,61.24885182,0.9078062597,176.1213536,6.50920105,298.3257751,0,69.00033569,361.6749573,0.3232396543,71241.5625,16.49634361,0.8729715002
23.39999962,0,76.43323919,25.99455209,61.21364367,0.9082887233,179.1278907,6.489097595,298.2182007,0,65.85538483,324.5982666,0.03232396394,71312.28906,16.50020027,0.8871077352
23.60000038,0,76.45189448,25.99750905,61.17281364,0.9087541089,181.9389368,6.472335339,298.1127319,0,70.7358017,300.9472656,0.003232396441,71384.52344,16.50895309,0.9685574327
23.79999924,0,76.47684288,26.00021866,61.13862165,0.9091007113,183.5146189,6.46211338,298.0215454,0,82.31227112,273.5437012,0.0003232396557,71459.42188,16.5181427,1.036492926
24,0,76.50777677,26.00061886,61.1096024,0.9091599791,183.1166093,6.460595131,297.9652405,0,97.96676636,247.1058502,9.999999747e-05,71537.50781,16.52419281,1.055280702
24.20000076,0,76.53183296,25.99827878,61.0833752,0.9088578001,180.8153576,6.464980602,297.9119873,0,114.220993,229.1674194,9.999999747e-05,71618.41406,16.52877617,1.119409131
24.39999962,0,76.54035777,25.99374899,61.05681437,0.9083070839,177.2819924,6.474504948,298.7830505,0,128.7295074,68.75022888,248.6578979,71701.46094,16.52858162,1.133333582
24.60000038,0,76.63440234,25.98853219,60.98593159,0.9073675584,178.4911467,6.485510349,298.6178589,0,139.4303741,366.3640442,24.86578941,71786.8125,16.52618599,1.177032399
24.79999924,0,76.57180359,25.99967181,61.01997272,0.9080732917,180.7711198,6.496930122,298.4259644,0,145.7406921,332.2059326,2.486578941,71873.97656,16.53793335,1.218264465
25,0,76.57371106,25.99165202,61.01490632,0.90752944,175.2103935,6.506566525,298.2576599,0,147.4863586,290.4062805,0.2486578971,71960.35938,16.53561401,1.294586067
25.20000076,0,76.56083231,25.98643561,61.01078832,0.9072519706,172.4111931,6.514616489,298.1391907,0,145.3847504,249.7577667,0.02486578934,72045.79688,16.53388405,1.330970127
25.39999962,0,76.55068911,25.98344824,61.01033352,0.9070746784,170.8454014,6.521502495,298.0761414,0,140.0625,219.8086243,0.002486578887,72129.97656,16.5307045,1.318072292
25.60000038,0,76.54394681,25.98225748,61.01409811,0.906992611,170.1378557,6.524970531,298.0245056,0,131.9846497,204.1630249,0.0002486578887,72212.35156,16.52947235,1.36715681
25.79999924,0,76.53591908,25.98240688,61.02445175,0.9069746609,169.7983795,6.526357174,298.0073547,0,122.5270691,189.6769257,9.999999747e-05,72292.83594,16.52639198,1.353600909
26,0,76.53062317,25.98315801,61.03682541,0.9070059896,169.9034258,6.525329113,298.0129395,0,112.510788,185.0724792,9.999999747e-05,72371.40625,16.52355385,1.337120741
26.20000076,0,76.52468848,25.98460046,61.05272675,0.9070882421,170.3837311,6.520551205,298.0157471,0,102.906929,187.3973083,9.999999747e-05,72448.10938,16.52281761,1.375357315
26.39999962,0,76.51736248,25.98650741,61.0703588,0.9072129012,171.139425,6.513714314,298.0294495,0,95.21876526,188.8120728,9.999999747e-05,72523.45312,16.52214241,1.379668382
26.60000038,0,76.51213639,25.98854964,61.08486213,0.9073675684,172.2224729,6.505469799,298.0432434,0,90.26027679,194.1075592,9.999999747e-05,72598.02344,16.52325439,1.403917689
26.79999924,0,76.50885183,25.99079028,61.09600939,0.9075411994,173.5177659,6.498324394,298.0695496,0,88.59744263,199.8729858,9.999999747e-05,72672.60938,16.52482224,1.392090674
27,0,76.50943197,25.99302118,61.10259199,0.9077009853,174.8924054,6.492865086,298.0948181,0,89.78475952,210.4575806,9.999999747e-05,72747.75,16.52795792,1.40604477
27.20000076,0,76.51175274,25.99514309,61.10648144,0.9078243278,176.0888534,6.489174366,298.1062012,0,93.15372467,221.5923767,9.999999747e-05,72823.78906,16.53233147,1.455387768
27.39999962,0,76.51544288,25.99655367,61.10731969,0.9078689032,176.6979635,6.487010002,298.0953979,0,97.99852753,228.8827057,9.999999747e-05,72900.875,16.53710175,1.534083263
27.60000038,0,76.52057333,25.9966974,61.10527625,0.9078046305,176.4113506,6.486787319,298.0733337,0,103.7097778,229.0532379,9.999999747e-05,72979.01562,16.54067993,1.599315267
27.79999924,0,76.52746857,25.99547006,61.10086826,0.907630321,175.299561,6.489612103,298.0664978,0,109.5086594,225.0988159,9.999999747e-05,73058.19531,16.54181671,1.605770752
28,0,76.53498047,25.99354525,61.0952585,0.907395632,173.8753113,6.495150089,298.0843201,0,114.1738586,225.6583099,9.999999747e-05,73138.17188,16.5411911,1.57337569
28.20000076,0,76.54037787,25.99190893,61.09059058,0.9071795077,172.6757295,6.500947952,298.0977478,0,116.6246872,234.353363,9.999999747e-05,73218.41406,16.54127121,1.599451796
28.39999962,0,76.54023531,25.99089666,61.08995579,0.9070101433,171.6778663,6.506140232,298.1062927,0,116.7642822,242.0101013,9.999999747e-05,73298.47656,16.54112816,1.632678226
28.60000038,0,76.53693893,25.99034549,61.09317094,0.9068809375,170.8889453,6.509544849,298.0971985,0,114.8296356,248.5297852,9.999999747e-05,73377.92969,16.54133034,1.701193665
28.79999924,0,76.53002815,25.99026809,61.10152387,0.9067921871,170.2364048,6.511759281,298.0955505,0,111.5371323,249.3126068,9.999999747e-05,73456.61719,16.54047966,1.722044061
29,0,76.52361562,25.99057556,61.11197766,0.9067422906,169.9252568,6.511198997,298.0709839,0,107.3570786,252.4525604,9.999999747e-05,73534.29688,16.54098892,1.808771572
29.20000076,0,76.51462519,25.99128891,61.12649422,0.9067281722,169.6973667,6.508452415,298.0388489,0,103.4063721,247.5726013,9.999999747e-05,73611.08594,16.54151917,1.876612421
29.39999962,0,76.50979865,25.99181855,61.13995293,0.9067270712,169.5468765,6.504903316,298.0173035,0,100.5526428,239.3304749,9.999999747e-05,73687.29688,16.54193497,1.909459612
29.60000038,0,76.50887116,25.99227296,61.15091518,0.9067292394,169.5241806,6.499838352,297.9815063,0,99.11414337,233.5939178,9.999999747e-05,73763.13281,16.54371071,1.988244122
29.79999924,0,76.50979064,25.99254308,61.16077377,0.9067216157,169.3671439,6.49502039,297.9496155,0,99.70410156,222.0578766,9.999999747e-05,73839.0625,16.54564857,2.03936997
30,0,76.51586266,25.99217472,61.16735094,0.9066667072,168.9568878,6.492738724,298.7466125,0,102.2154465,66.61736298,232.7586517,73915.39062,16.5465889,2.034676076
30.20000076,0,76.5671851,25.9900169,61.08032975,0.9060456702,174.9993284,6.492640495,298.6899109,0,105.6320877,339.9330444,23.27586555,73993.60938,16.54515839,2.032422581
30.39999962,0,76.42122827,26.01006681,61.07891452,0.9073538606,186.0188956,6.494365692,298.5848389,0,109.0888214,342.3926086,2.327586412,74074.85938,16.5644722,2.053000003
30.60000038,0,76.45895947,26.00728567,61.11642009,0.9070973536,181.6574071,6.495738983,298.4575195,0,111.8565826,332.4416199,0.2327586561,74155.73438,16.56401825,2.131238097
30.79999924,0,76.49206572,26.00396925,61.15327199,0.9068922034,177.5559626,6.49845314,298.368927,0,114.0819244,311.2321777,0.02327586524,74236.35156,16.56304169,2.141376533
31,0,76.52401597,26.00018791,61.17933466,0.9066355787,174.0531294,6.500891209,298.2854614,0,115.2161179,298.7859192,0.002327586524,74316.49219,16.56177521,2.18673863
31.20000076,0,76.54029467,25.99752142,61.20262808,0.9064279299,171.2381075,6.503195763,298.218689,0,115.3802643,284.4897156,0.0002327586553,74396.13281,16.5606823,2.217004182
31.39999962,0,76.55220406,25.99544167,61.22276658,0.9062503306,169.0142723,6.505124569,298.1672363,0,114.6222839,272.7801514,9.999999747e-05,74475.21094,16.55965805,2.243960142
31.60000038,0,76.55887464,25.99415832,61.24122518,0.9061154841,167.3682823,6.505757809,298.1131897,0,113.0935974,263.7315979,9.999999747e-05,74553.61719,16.55911064,2.295008721
31.79999924,0,76.56150324,25.99347395,61.26074819,0.9060151649,166.0310721,6.505448818,298.0662842,0,111.3145142,251.743988,9.999999747e-05,74631.38281,16.55876541,2.334652148
32,0,76.56479346,25.99301466,61.27913968,0.9059355344,164.9394078,6.50546217,298.0484314,0,109.6580353,240.2082825,9.999999747e-05,74708.69531,16.55845642,2.337675407
32.20000076,0,76.56941577,25.99296422,61.29585451,0.9058795629,164.2344032,6.505335331,298.0445557,0,107.9921341,236.8829193,9.999999747e-05,74785.57812,16.55851936,2.351060404
32.40000153,0,76.57223638,25.99353666,61.31438977,0.90584815,163.842522,6.504805565,298.0456238,0,106.3784256,237.5022736,9.999999747e-05,74862.08594,16.55897903,2.375223774
32.59999847,0,76.57463169,25.99444114,61.33475014,0.9058287577,163.5985531,6.503722191,298.0448914,0,104.9774628,239.5645905,9.999999747e-05,74938.25,16.55973625,2.409309968
32.79999924,0,76.57756448,25.99545533,61.3564823,0.9058135221,163.3808503,6.501819611,298.0329895,0,104.0105362,241.0192871,9.999999747e-05,75014.125,16.56073189,2.458473556
33,0,76.58196346,25.99632163,61.37890955,0.9057953074,163.0421202,6.499076366,298.0057678,0,103.8055573,238.6033783,9.999999747e-05,75089.82031,16.56191063,2.515020871
33.20000076,0,76.58951694,25.99673394,61.40057602,0.9057671392,162.4473695,6.496397018,297.9756775,0,104.6979904,230.5332642,9.999999747e-05,75165.53906,16.56329155,2.557924285
33.40000153,0,76.60169468,25.99660937,61.4204056,0.9057266772,161.6103527,6.493617058,297.9356384,0,106.6591949,220.5707245,9.999999747e-05,75241.42188,16.56474876,2.606884271
33.59999847,0,76.61645002,25.99602057,61.43911694,0.9056731342,160.5230527,6.492239952,298.711731,0,109.7329636,66.17121887,237.9218903,75317.57812,16.56624985,2.630524944
33.79999924,0,76.75546905,25.99319012,61.4423215,0.9048748335,164.6322754,6.493050575,298.6377563,0,113.3526154,331.8031311,23.79219055,75395.32031,16.56330681,2.633504392
34,0,76.620455,26.00865539,61.43126546,0.9059962199,173.5446667,6.495452404,298.521759,0,116.6453552,327.1505127,2.379219055,75475.625,16.58068466,2.654504959
34.20000076,0,76.68050033,26.0065815,61.48712614,0.9059486991,168.9802958,6.49848938,298.4199829,0,118.9791946,311.602356,0.2379218936,75555.54688,16.58099937,2.678212303
34.40000153,0,76.72465289,26.00437024,61.53703806,0.9058670442,165.1724206,6.501961231,298.344696,0,120.1010971,296.9284973,0.02379219048,75635.02344,16.58100128,2.695186115
34.59999847,0,76.75338674,26.00285655,61.57440748,0.9058088836,162.297261,6.504096508,298.2572632,0,119.8349152,287.4692383,0.002379219048,75713.79688,16.58047485,2.739655785
34.79999924,0,76.76577664,26.00231181,61.61164233,0.9057725946,159.9089402,6.505824566,298.1904907,0,118.7204437,270.7949219,0.0002379218931,75791.91406,16.58050919,2.763655051
35,0,76.77642059,26.00210269,61.64043662,0.9057657451,158.0280308,6.506401539,298.1279297,0,116.9117432,258.0620422,9.999999747e-05,75869.26562,16.58034515,2.795324658
35.20000076,0,76.78102349,26.00249315,61.66706985,0.9057793823,156.5606018,6.506724834,298.0892334,0,114.8748474,244.1193085,9.999999747e-05,75945.98438,16.58087158,2.813823049
35.40000153,0,76.78731109,26.00326486,61.69034152,0.9058230581,155.460328,6.506111622,298.0553589,0,112.7056122,236.0424194,9.999999747e-05,76022.03125,16.58131409,2.841184801
35.59999847,0,76.79275106,26.00448883,61.71575599,0.9058763336,154.5892892,6.504199028,298.0162354,0,110.7840347,227.9865265,9.999999747e-05,76097.46875,16.58170319,2.874073132
35.79999924,0,76.79865935,26.0057905,61.74107638,0.905939065,153.7435274,6.501699448,297.9811096,0,109.6286545,216.821106,9.999999747e-05,76172.47656,16.58266258,2.901620416
36,0,76.80846852,26.00698456,61.76486764,0.9060238321,152.8749665,6.49960947,297.9595337,0,109.470871,205.6084137,9.999999747e-05,76247.3125,16.58454132,2.923683839
36.20000076,0,76.82453177,26.00816172,61.79015137,0.9061320783,152.011968,6.49765873,297.9396362,0,110.1459808,197.7144928,9.999999747e-05,76322.10156,16.58658791,2.948529316
36.40000153,0,76.84465956,26.0093151,61.81866577,0.9062467028,151.1183097,6.496519089,298.6286011,0,111.6021118,59.31435013,210.353363,76396.89844,16.58898735,2.966755601
36.59999847,0,77.09277866,26.0121501,61.95622569,0.9056791661,152.1542714,6.495583057,298.5628052,0,113.5119247,294.8910522,21.03533554,76472.21875,16.58538055,2.981661928
36.79999924,0,77.04247747,26.02196105,62.00648537,0.9062492972,157.819949,6.495343208,298.444458,0,115.798111,290.5976868,2.103533506,76549.17188,16.59573364,3.006026033
37,0,77.08434868,26.02266783,62.05801993,0.9065409163,154.7043677,6.495244503,298.3267822,0,118.1786346,271.3656311,0.2103533596,76625.96094,16.59883118,3.028576007
37.20000076,0,77.11639368,26.02270881,62.10662599,0.9067734749,151.562964,6.496409416,298.2400818,0,120.6003036,248.3264465,0.02103533596,76702.69531,16.60243225,3.049497441
37.40000153,0,77.14202832,26.02252995,62.13244122,0.9070527398,149.0294447,6.49891901,298.1857605,0,122.5523148,231.5464935,0.002103533596,76779.42969,16.60680771,3.069201071
37.59999847,0,77.1643938,26.02270657,62.14737663,0.9073579367,147.2074444,6.501943588,298.1506348,0,123.5001602,222.4607849,0.0002103533625,76856.0625,16.61092949,3.088616237
37.79999924,0,77.18414288,26.02351062,62.16159983,0.9076645455,145.8987495,6.504425049,298.1177063,0,123.2407608,217.7178497,9.999999747e-05,76932.38281,16.61406136,3.109766583
38,0,77.19808014,26.02493543,62.17796077,0.907956541,144.8605097,6.505903721,298.0830688,0,121.9923706,212.264328,9.999999747e-05,77008.21875,16.61650467,3.130836882
38.20000076,0,77.20616186,26.02685609,62.19393262,0.9082437118,143.9582658,6.506856441,298.0594482,0,120.154007,204.9759064,9.999999747e-05,77083.53125,16.61937141,3.151579476
38.40000153,0,77.21503396,26.02924629,62.20924796,0.9085542878,143.1826788,6.506733894,298.0358887,0,117.9330368,200.2040863,9.999999747e-05,77158.21094,16.62171364,3.171477623
38.59999847,0,77.22418222,26.03205765,62.22867081,0.9088545751,142.4640347,6.506290436,298.0248108,0,115.7630234,194.4800262,9.999999747e-05,77232.35938,16.62478828,3.192441135
38.79999924,0,77.23901565,26.03524116,62.25006816,0.9091907189,141.779875,6.505295277,298.0178833,0,113.7678757,192.1837158,9.999999747e-05,77305.98438,16.62782669,3.212576878
39,0,77.25972188,26.03873622,62.2782368,0.909526264,141.0920167,6.503680706,298.0099487,0,112.1717072,190.8113251,9.999999747e-05,77379.14062,16.63071442,3.231922429
39.20000076,0,77.28443839,26.04237207,62.31025773,0.9098676558,140.349979,6.501802921,298.002594,0,111.2215958,188.7883453,9.999999747e-05,77451.95312,16.63397026,3.251082649
39.40000153,0,77.31423072,26.04603611,62.34460078,0.9102369623,139.5277253,6.499868393,297.9944458,0,111.0215149,186.6913147,9.999999747e-05,77524.55469,16.63764,3.269288917
39.59999847,0,77.34950229,26.04963993,62.38177709,0.9106347985,138.6116883,6.498482704,297.9908752,0,111.5944519,184.0245514,9.999999747e-05,77597.11719,16.64223862,3.288816511
39.79999924,0,77.39214053,26.05318762,62.4211826,0.9110885526,137.617527,6.497502327,297.9862671,0,112.7196655,182.6491852,9.999999747e-05,77669.70312,16.64711189,3.30625678
40,0,77.43956383,26.05662606,62.46291994,0.9115710895,136.5678259,6.496970654,297.9801331,0,114.2374573,180.743042,9.999999747e-05,77742.39844,16.65229988,3.322825345
40.20000076,0,77.48862529,26.05993898,62.50275893,0.9120976984,135.4899056,6.498164177,297.9944458,0,115.9677353,178.1472321,9.999999747e-05,77815.35938,16.65981102,3.348806012
40.40000153,0,77.54855076,26.06344136,62.54124604,0.9127485751,134.465725,6.498933315,297.9933472,0,117.2164459,182.3868713,9.999999747e-05,77888.30469,16.66534996,3.361106436
40.59999847,0,77.60412271,26.06683602,62.58178774,0.9133267676,133.4940847,6.499337196,297.9826965,0,118.1644592,181.6897278,9.999999747e-05,77961.19531,16.67037392,3.372749315
40.79999924,0,77.64749042,26.07016977,62.60956096,0.9139386906,132.5682987,6.499646664,297.9701233,0,118.950676,177.7704468,9.999999747e-05,78034.04688,16.67609215,3.386192199
41,0,77.68480682,26.07356496,62.62902717,0.9146001871,131.6828596,6.500405312,297.9657898,0,119.6122284,172.8680267,9.999999747e-05,78106.89844,16.68306732,3.406141018
41.20000076,0,77.72468253,26.07718561,62.64552956,0.9153364144,130.8450146,6.501604557,297.97052,0,119.9685669,170.3481598,9.999999747e-05,78179.71875,16.69081306,3.428087819
41.40000153,0,77.77131809,26.08113551,62.66428949,0.9161277294,130.050804,6.50169611,297.9599304,0,119.8451691,170.7244873,9.999999747e-05,78252.25781,16.69645119,3.431861488
41.59999847,0,77.81002858,26.08515075,62.6835914,0.9168403308,129.2635544,6.501924515,297.9563599,0,119.6903534,165.93396,9.999999747e-05,78324.64062,16.70338821,3.450818823
41.79999924,0,77.84674018,26.08943378,62.69497687,0.9176562473,128.5018823,6.50248909,297.9621582,0,119.4400406,163.2758789,9.999999747e-05,78396.88281,16.71158791,3.473592296
42,0,77.89302797,26.09408409,62.71031984,0.9185479707,127.7327375,6.503064632,297.9718628,0,118.9632645,163.6664886,9.999999747e-05,78468.90625,16.71989059,3.493393933
42.20000076,0,77.94661373,26.09907215,62.73025357,0.9194752171,126.9527054,6.501952648,297.9589844,0,118.2573624,165.5579834,9.999999747e-05,78540.5,16.72542191,3.48665092
42.40000153,0,77.98714915,26.10399783,62.7499779,0.9202653854,126.1303924,6.499949932,297.9385986,0,118.0018387,159.9873047,9.999999747e-05,78611.79688,16.73105431,3.485730237
42.59999847,0,78.01501506,26.10888009,62.76012304,0.9210802637,125.2661985,6.497931004,298.4938965,0,118.5449753,47.99618912,175.1637421,78682.89844,16.73793793,3.489610863
42.79999924,0,78.64105667,26.13585354,63.17475421,0.9227822434,119.4435867,6.496229172,298.4369507,0,119.8928375,237.4239807,17.51637459,78753.15625,16.74912643,3.498424005
43,0,78.88886552,26.13699464,63.26812736,0.9237122067,119.9321868,6.495204926,298.3417969,0,121.9202576,232.1368408,1.75163734,78824.02344,16.75814247,3.511147556
43.20000076,0,78.8616563,26.14051297,63.25101191,0.9248430706,118.8105251,6.495241165,298.2601318,0,124.3561859,216.121994,0.1751637459,78895.1875,16.76974487,3.527540477
43.40000153,0,78.83002229,26.1438639,63.22922245,0.9261212313,117.7523265,6.495587826,298.1851196,0,126.7763824,201.4729767,0.01751637459,78966.60156,16.78165245,3.531869634
43.59999847,0,78.79537777,26.14656573,63.19903338,0.9273448852,116.9762083,6.497101307,298.1313171,0,129.0601654,185.9595184,0.001751637436,79038.38281,16.79467201,3.554181401
43.79999924,0,78.76680951,26.14865385,63.15403019,0.9286210866,116.5765809,6.500367641,298.1093445,0,130.7357178,174.9062195,0.0001751637319,79110.58594,16.80984879,3.598387341
44,0,78.76728651,26.15058477,63.10384832,0.930067247,116.4896444,6.503408909,298.0899353,0,131.1027069,172.6482239,9.999999747e-05,79182.85938,16.82311249,3.61350023
44.20000076,0,78.78123377,26.1531556,63.06324515,0.9314969509,116.4448091,6.506232738,298.0794067,0,130.259552,170.2240143,9.999999747e-05,79255.00781,16.8364048,3.636901137
44.40000153,0,78.79762818,26.15657463,63.01927721,0.9330343628,116.4615496,6.508862019,298.083313,0,128.2868652,170.1068573,9.999999747e-05,79326.85938,16.85094452,3.669825578
44.59999847,0,78.83170774,26.16117614,62.97850688,0.9347814863,116.4389178,6.509760857,298.0734253,0,125.2624512,174.5099945,9.999999747e-05,79398.03125,16.86330223,3.669611957
44.79999924,0,78.8598658,26.16680072,62.94376415,0.9364251943,116.2824621,6.510057449,298.0745544,0,121.8836365,174.1900787,9.999999747e-05,79468.57031,16.87735367,3.697745916
45,0,78.88768618,26.17331674,62.90262965,0.9382204752,116.098933,6.509244919,298.0748596,0,118.3825378,177.4117584,9.999999747e-05,79538.36719,16.89128304,3.713211605
45.20000076,0,78.92638622,26.18058842,62.86967988,0.9400056266,115.7535221,6.508045673,298.0853271,0,115.2081146,180.302887,9.999999747e-05,79607.53906,16.90654182,3.742671387
45.40000153,0,78.98167831,26.18846266,62.84216745,0.9419289075,115.2861702,6.505851746,298.0885925,0,112.5112381,186.7154694,9.999999747e-05,79676.05469,16.92104721,3.752702007
45.59999847,0,79.04551481,26.19640632,62.82500472,0.9437247444,114.6558291,6.50330019,298.0910034,0,110.6938019,190.9642181,9.999999747e-05,79744.10938,16.93546867,3.768983723
45.79999924,0,79.11359959,26.20419024,62.81387168,0.9455197932,113.9125093,6.500630856,298.0897217,0,109.8951492,195.0980225,9.999999747e-05,79811.85938,16.94997406,3.781464943
46,0,79.19003518,26.21151269,62.81310362,0.9473153914,113.0434282,6.498177528,298.0841675,0,110.163475,198.0508575,9.999999747e-05,79879.5,16.96482277,3.792092958
46.20000076,0,79.2706571,26.21815323,62.8210816,0.9491586375,112.0938829,6.496217251,298.0741272,0,111.4120026,199.5063934,9.999999747e-05,79947.20312,16.98044205,3.800924871
46.40000153,0,79.3510383,26.22392594,62.8349508,0.9510882117,111.1329167,6.495384693,298.0683899,0,113.443634,199.2363434,9.999999747e-05,80015.1875,16.99826241,3.820452251
46.59999847,0,79.43809308,26.2288949,62.85125074,0.9533020198,110.2561872,6.495008469,298.0538025,0,115.8063126,200.1174927,9.999999747e-05,80083.45312,17.01707077,3.82228283
46.79999924,0,79.51266642,26.23263973,62.86321617,0.9555073288,109.5554928,6.495128155,298.0335999,0,118.3214645,197.694397,9.999999747e-05,80152.07031,17.03619194,3.824564378
47,0,79.56069288,26.23534601,62.86352115,0.9576921163,109.1228827,6.495778561,298.0117798,0,120.7885361,192.8534546,9.999999747e-05,80221.08594,17.05568504,3.82943888
47.20000076,0,79.58808576,26.23719258,62.85249778,0.959868379,108.9691192,6.497145176,297.9954834,0,122.9954376,186.7314453,9.999999747e-05,80290.55469,17.07610512,3.844406098
47.40000153,0,79.60899802,26.23854202,62.83210943,0.9621668642,109.0700816,6.498860836,297.9821472,0,124.6549606,181.7171173,9.999999747e-05,80360.38281,17.09715462,3.856305652
47.59999847,0,79.62730583,26.2396384,62.80402377,0.9645526897,109.364414,6.50070858,297.9723206,0,125.6294022,177.0700378,9.999999747e-05,80430.49219,17.11879158,3.869510066
47.79999924,160.3432779,125.6494764,32.45959518,59.23881128,0.9910481427,136.9278112,6.490889072,298.1051636,0,125.8654556,173.1085968,9.999999747e-05,80487.38281,16.8494339,0.5199513291
48,148.0646027,126.3861692,32.88449436,59.50610483,0.9942431668,136.1034502,6.481873989,298.1899719,0,130.0678864,217.9778748,9.999999747e-05,80547.35938,16.87316895,0.459150804
48.20000076,142.7844655,127.2510747,33.16443921,59.10509627,0.9999739326,129.6302712,6.476237297,298.2641602,0,137.8365173,250.1766968,9.999999747e-05,80608.85938,16.90236855,0.4052019866
48.40000153,139.3216169,127.7956503,33.3731523,58.56112107,1.005822174,123.0594002,6.473142147,298.3043518,0,147.8511963,282.2590637,9.999999747e-05,80671.67188,16.94101334,0.4450540681
48.59999847,136.8377667,128.1668988,33.52443878,57.89198421,1.011803878,114.3163753,6.471471786,298.2857361,0,159.1064301,305.4778442,9.999999747e-05,80735.16406,16.98808479,0.611850582
48.79999924,135.3011873,128.3718693,33.60930286,57.27152862,1.017199988,104.3069143,6.470889091,298.2242737,0,171.0332489,310.1678772,9.999999747e-05,80799.03125,17.03331947,0.8289510688
49,135.0771374,128.3817815,33.60821848,56.86811251,1.021343052,95.93464611,6.472152233,298.1650085,0,183.1941223,299.8143311,9.999999747e-05,80863.57031,17.06725121,0.948818324
49.20000076,136.4335404,128.1641215,33.50115222,56.69979961,1.023691204,90.86582894,6.475728989,298.1478271,0,194.84729,288.2387695,9.999999747e-05,80929.26562,17.08317757,0.8852224677
49.40000153,137.9037267,127.7785522,33.33450123,56.65493005,1.02497783,88.0400668,6.480048656,298.1408081,0,205.0680084,288.9509583,9.999999747e-05,80996.08594,17.09939766,0.9289438115
49.59999847,139.2962606,127.3313787,33.15649772,56.63057639,1.025353767,85.76506784,6.484577656,298.1483459,0,213.5657501,292.2016907,9.999999747e-05,81063.86719,17.10668564,0.9490971376
49.79999924,140.6638218,126.849984,32.98391024,56.65792556,1.02489969,84.58504006,6.488871574,298.165802,0,220.2535706,300.1372986,9.999999747e-05,81132.47656,17.10793686,0.9778345711
50,141.344345,126.4338736,32.85084399,56.68701544,1.024355907,83.66083274,6.492684364,298.1676331,0,225,311.6560974,9.999999747e-05,81201.58594,17.11248398,1.122218749
50.20000076,142.0323707,126.1218974,32.75482076,56.70852352,1.023495498,82.99673235,6.495717525,298.1450195,0,225,318.3826294,9.999999747e-05,81270.26562,15.77487564,1.347349385
50.40000153,153.5548385,122.2900392,32.07129433,60.2064545,0.9677654424,109.9583366,6.498458862,298.1235657,0,225,316.8507996,9.999999747e-05,81341.13281,15.37983036,1.836674257
50.59999847,157.3585675,120.2315516,31.79141228,61.34828484,0.950055746,118.6008841,6.500596046,298.0845947,0,225,315.0576477,9.999999747e-05,81412.4375,15.29543781,2.295354874
50.79999924,158.8748687,119.8092466,31.72988716,61.64163014,0.9456081474,119.9058861,6.502267361,298.0592041,0,225,306.4115295,9.999999747e-05,81483.78906,15.25647831,2.398812892
51,160.9788855,119.5462861,31.67609558,61.79654499,0.9431883492,120.4763535,6.503530025,298.0489197,0,224.6143341,301.1105347,9.999999747e-05,81554.90625,15.22579956,2.442991491
51.20000076,162.0461226,119.5030414,31.6654978,61.92961273,0.9414412754,120.4179696,6.5044384,298.0715942,0,223.723587,299.9701843,9.999999747e-05,81625.95312,15.17765141,2.313067494
51.40000153,161.7363529,119.6035474,31.698674,62.10864922,0.9396097132,120.0726475,6.50483036,298.0591736,0,222.4691925,309.712677,9.999999747e-05,81696.70312,15.17622566,2.570261796
51.59999847,159.790767,120.2042331,31.81176493,62.20300226,0.9391830337,118.2439694,6.504912853,298.0740051,0,221.0586395,307.9378052,9.999999747e-05,81767.64844,15.1296711,2.415082526
51.79999924,159.5401118,120.3769115,31.85840868,62.38485667,0.9372869685,117.7878547,6.504709721,298.1000061,0,219.6144714,315.3659973,9.999999747e-05,81838.48438,15.08849907,2.364532783
52,157.5961516,120.745113,31.95222855,62.58328407,0.9356222908,116.6083284,6.504239082,298.1424561,0,218.2515869,326.9993591,9.999999747e-05,81909.49219,15.0385046,2.244169049
52.20000076,154.9413621,121.0815149,32.05158722,62.82627189,0.9335416378,115.3783976,6.503534317,298.1779175,0,217.0768433,345.1973267,9.999999747e-05,81980.6875,15.0017786,2.258553916
52.40000153,151.4089198,121.4969674,32.16848654,63.0678394,0.9315427321,113.7544086,6.50263834,298.2120972,0,216.1839294,362.4553528,9.999999747e-05,82052.25,14.95969868,2.238255251
52.59999847,148.2991986,121.7581593,32.25752556,63.33821303,0.9289889829,112.5423326,6.50160265,298.2485352,0,215.649292,380.6528015,9.999999747e-05,82124.20312,14.91388512,2.217704206
52.79999924,145.2820299,121.8947616,32.32534098,63.64093779,0.9259264922,111.6666571,6.50048542,298.2651672,0,215.5286713,400.9264526,9.999999747e-05,82196.52344,14.88247681,2.339940831
53,141.991927,122.057447,32.39648503,63.93899976,0.922942198,110.7517459,6.499312878,298.2596436,0,215.8548889,415.7130432,9.999999747e-05,82269.33594,14.85502529,2.492963464
53.20000076,139.5989704,122.1363673,32.4460124,64.23870148,0.9199406637,110.2618846,6.498130798,298.2563171,0,216.6500549,423.6271973,9.999999747e-05,82342.71875,14.81596088,2.545587932
53.40000153,138.4608961,122.007743,32.45334919,64.56822568,0.9165566882,110.5169232,6.496974468,298.2275696,0,217.9178467,432.2492981,9.999999747e-05,82416.47656,14.79825783,2.769546109
53.59999847,137.0464928,121.9637273,32.47365778,64.86823269,0.9137449192,110.5953504,6.495857716,298.1690674,0,219.6480865,431.973175,9.999999747e-05,82490.71875,14.79062939,3.030119476
53.79999924,137.3363945,121.8293411,32.4619996,65.1146198,0.9115262913,111.0707292,6.494856358,298.1343994,0,221.8248749,420.5352173,9.999999747e-05,82565.50781,14.75879478,3.064279292
54,139.9956837,121.3249749,32.374755,65.3708801,0.9088892601,112.601617,6.494019508,298.0889893,0,224.4019928,415.3619995,9.999999747e-05,82640.39062,14.75350952,3.283562997
54.20000076,141.86673,120.8911267,32.29958267,65.5706871,0.9069145945,113.796289,6.493240833,298.0491638,0,225,404.9958801,9.999999747e-05,82715.15625,14.74077702,3.428453051
54.40000153,144.5019741,120.6600357,32.2519841,65.70193858,0.9053783117,114.5269972,6.492409229,298.0431519,0,225,394.9309998,9.999999747e-05,82789.66406,14.70588398,3.411222435
54.59999847,146.5817879,120.4436509,32.22106368,65.8987638,0.9032004868,115.2616159,6.491671562,298.0107117,0,225,395.0013428,9.999999747e-05,82863.72656,14.70456696,3.627797445
54.79999924,147.1432658,120.4822516,32.23273736,66.04095381,0.9017649521,115.3142012,6.490915298,297.9855347,0,225,385.464447,9.999999747e-05,82937.76562,14.68374348,3.694899525
55,149.4783403,120.2852413,32.19661588,66.17680043,0.9001137725,115.9520297,6.490265369,297.9472656,0,225,377.4245911,9.999999747e-05,83011.36719,14.68029594,3.855161258
55.20000076,151.8599726,120.1400146,32.16065614,66.24833471,0.8990845218,116.3639342,6.489736557,299.0817261,0,225,113.2273788,393.1621704,83084.42969,14.65779018,3.862972171
55.40000153,204.8213369,110.4093836,30.27784561,64.50577399,0.9090754128,131.3114279,6.492795467,298.9583435,0,225,502.9301453,39.31621933,83146.30469,14.93739891,4.621893452
55.59999847,145.4451178,119.1931581,31.92345571,65.3713892,0.9054032236,108.4729542,6.492162704,298.7981567,0,225,492.4137573,3.93162179,83218.59375,14.71312904,4.15127169
55.79999924,143.5404172,118.7969605,32.01385802,66.54596388,0.8942508799,113.4531245,6.491528988,298.634613,0,225,474.0205078,0.3931621909,83292.27344,14.64577866,4.24105009
56,140.3499427,119.6898283,32.2546826,67.24259717,0.8897218384,114.5708318,6.490698338,298.4737854,0,225,448.725647,0.03931621835,83367.125,14.6062851,4.271572957
56.20000076,140.0317963,120.3410443,32.41524975,67.70381842,0.8869481646,115.4462153,6.489686012,298.3515015,0,225,418.2668762,0.003931622021,83442.57031,14.5633316,4.250357782
56.40000153,143.4620911,120.38514,32.43455661,67.96100693,0.8849905852,116.834512,6.488828659,298.2255859,0,225,395.0476074,0.0003931621904,83517.57031,14.55927086,4.351460775
56.59999847,146.9868249,120.4552987,32.43204257,68.02642029,0.884477256,117.4720146,6.487924576,298.1548462,0,225,365.7120972,9.999999747e-05,83592.23438,14.52558517,4.32598453
56.79999924,152.6906751,119.9961606,32.33128681,68.05574291,0.88362474,118.8789606,6.487205982,298.1013794,0,225,350.7088318,9.999999747e-05,83665.94531,14.51627445,4.390949407
57,155.9804576,119.7706269,32.27947449,68.08871627,0.8829298693,119.5930687,6.486289024,298.0992737,0,225,338.5971375,9.999999747e-05,83739.33594,14.4747963,4.340319591
57.20000076,158.3167918,119.4112282,32.23447502,68.27416626,0.8808241707,120.779608,6.485782146,298.0653381,0,225,342.0765991,9.999999747e-05,83812.20312,14.48225689,4.487322934
57.40000153,158.2299753,119.5397367,32.26572053,68.40413477,0.8796137336,120.9437644,6.485288143,298.0345764,0,225,334.1107178,9.999999747e-05,83885.15625,14.46602917,4.530623672
57.59999847,160.2438395,119.331587,32.23279182,68.49545921,0.8784121475,121.7181023,6.484871864,298.0102539,0,225,326.1997986,9.999999747e-05,83957.79688,14.45323467,4.582705691
57.79999924,162.2235971,119.1295927,32.20021712,68.57320529,0.8773998112,122.4057897,6.484568596,297.9868774,0,225,319.3354187,9.999999747e-05,84030.09375,14.44548035,4.64156847
58,164.0607953,118.9551858,32.17095934,68.63556078,0.8765759442,122.9924919,6.484404087,297.9603577,0,225,311.8319092,9.999999747e-05,84102.03125,14.44225216,4.703158536
58.20000076,166.1334592,118.7633982,32.13345644,68.6604069,0.876074044,123.5210076,6.484263897,297.9431763,0,225,302.375061,9.999999747e-05,84173.61719,14.43264294,4.744422668
58.40000153,168.3825283,118.512038,32.08893994,68.69258336,0.8755038184,124.1395849,6.484495163,298.8338623,0,225,90.71251678,312.2813721,84244.46094,14.44461823,4.804785108
58.59999847,204.9105374,114.1636907,31.20290214,67.72706111,0.8851458976,128.9024472,6.486596107,298.7731934,0,225,396.0037842,31.22813797,84307.28906,14.58856297,4.969515639
58.79999924,159.353458,118.5377946,32.19741285,69.14387665,0.8750263464,119.9045082,6.486476421,298.6386719,0,225,399.6647339,3.122813702,84378.95312,14.43540764,4.856117343
59,156.6980646,118.3524152,32.28707237,69.91375481,0.8666371119,123.9299332,6.486154079,298.5292053,0,225,382.6954956,0.3122813702,84452.10156,14.3648777,4.87634233
59.20000076,156.9329305,118.5292357,32.37132955,70.33875206,0.8628110757,125.9568771,6.485723972,298.434021,0,225,369.8881836,0.03122813813,84525.73438,14.32977295,4.897809353
59.40000153,157.3696662,118.755795,32.43840984,70.60422873,0.8604466345,127.1120191,6.485246181,298.3485107,0,225,357.7154236,0.003122813767,84599.625,14.30631638,4.921556411
59.59999847,158.502364,118.8683671,32.471369,70.7626668,0.8589214466,128.0281349,6.484981537,298.2495117,0,225,345.2116394,0.0003122813941,84673.40625,14.30721855,4.963785673
59.79999924,160.3449939,118.9869098,32.48041611,70.7697487,0.8587665993,128.3892726,6.484779835,298.1591492,0,225,324.7623901,9.999999747e-05,84746.90625,14.30597973,4.993796127
60,164.3704802,118.7664774,32.41249711,70.62458016,0.8597566736,128.8665195,6.484689236,298.0883179,0,225,303.6838074,9.999999747e-05,84819.67188,14.309618,5.027979975
60.20000076,168.953058,118.3961735,32.31168224,70.40988724,0.8612825464,129.2358603,6.484723091,298.0368347,0,225,285.8991394,9.999999747e-05,84891.53125,14.31640053,5.064261068
60.40000153,173.0433696,118.0159965,32.21340194,70.20757127,0.8627119427,129.5188385,6.48482132,298.0038757,0,225,271.9822693,9.999999747e-05,84962.58594,14.32000542,5.099259491
60.59999847,176.3093749,117.6749742,32.13361631,70.06847924,0.8636429261,129.8348687,6.48519659,297.9647522,0,225,262.3775635,9.999999747e-05,85032.86719,14.33802128,5.131372213
60.79999924,179.0984182,117.4302339,32.06388695,69.90303542,0.8648532389,129.882399,6.485461235,297.9480896,0,225,249.2714539,9.999999747e-05,85102.63281,14.33304405,5.162781292
61,181.9724078,117.0514896,31.98824422,69.80369832,0.8654316488,130.3156806,6.485480309,298.6945801,0,225,74.78144073,254.8678741,85171.85156,14.31479836,5.185797113
61.20000076,208.5375712,115.279883,31.6522289,69.6117727,0.8703353128,131.6879016,6.486666679,298.6781311,0,225,330.4958191,25.4867878,85235.10156,14.3948164,5.234518222
61.40000153,172.624534,117.269262,32.24839796,71.04513652,0.8586548504,128.8354307,6.48663187,298.5918884,0,225,345.2664185,2.548678637,85305.75781,14.27731514,5.206542402
61.59999847,169.6203672,117.0989033,32.31094113,71.53851672,0.8525834265,132.0842799,6.486558437,298.5047913,0,225,341.0727234,0.2548678815,85377.70312,14.23428631,5.231042522
61.79999924,168.76368,117.4143325,32.39885664,71.81846437,0.8498052364,133.3853545,6.486478806,298.4121094,0,225,333.8681641,0.02548678778,85450.14844,14.21621323,5.243775253
62,168.7569201,117.7454255,32.46538252,71.96458614,0.8483921703,134.0417956,6.486094475,298.3444519,0,225,321.467926,0.002548678778,85522.95312,14.18755913,5.264838805
62.20000076,170.3317277,117.7105784,32.46694932,72.02307051,0.8475930633,134.9878433,6.48583889,298.2779846,0,225,314.2794495,0.0002548678603,85595.625,14.18358326,5.28676117
62.40000153,171.5359945,117.7780159,32.47155647,72.01848377,0.8474524482,135.2813104,6.485750675,298.2076416,0,225,304.774231,9.999999747e-05,85668.07031,14.18738651,5.302593204
62.59999847,173.5332845,117.7494363,32.44619289,71.91772631,0.8481510598,135.3667149,6.48575592,298.1440735,0,225,291.4241028,9.999999747e-05,85740.10938,14.19215393,5.322406544
62.79999924,176.5052945,117.5485845,32.38286536,71.73291738,0.8495501454,135.4094234,6.485940456,298.0855103,0,225,277.8092957,9.999999747e-05,85811.47656,14.20574474,5.341672242
63,179.8071337,117.2861684,32.30075841,71.48765276,0.8514828343,135.2374683,6.486040115,298.0521545,0,225,263.4870605,9.999999747e-05,85882.17188,14.20659065,5.377768037
63.20000076,183.0113145,116.9302276,32.21639039,71.29326958,0.8529428831,135.3267892,6.486370087,298.0192871,0,225,255.6188965,9.999999747e-05,85952.10156,14.22255421,5.396830339
63.40000153,185.3433661,116.7229242,32.15552915,71.11891222,0.8543213807,135.1030767,6.486982346,297.9781189,0,225,246.493042,9.999999747e-05,86021.34375,14.24430943,5.399415772
63.59999847,188.0938955,116.4472965,32.0728857,70.87396741,0.8562311798,134.7736334,6.48774004,297.9406433,0,225,233.261734,9.999999747e-05,86089.83594,14.2625761,5.409803543
63.79999924,191.4321671,116.0344667,31.96408317,70.58062196,0.858466265,134.5156872,6.488920212,298.6139526,0,225,69.97851562,246.0845795,86157.14062,14.30099678,5.377881187
64,214.8494258,116.4789118,31.99297046,70.64408274,0.86257446,131.8083003,6.490080833,298.5257874,0,225,300.3222351,24.60845757,86218.9375,14.33999062,5.351207693
64.19999695,181.9278383,117.2711852,32.39791471,72.00505384,0.8505557876,131.6324603,6.490292549,298.4107971,0,225,287.8745422,2.460845709,86287.85938,14.22756577,5.384760521
64.40000153,183.4519689,116.5569776,32.31040657,72.02042824,0.8487248253,134.8532277,6.490754604,298.3072205,0,225,268.586853,0.2460845858,86356.96875,14.2229414,5.400660507
64.59999847,186.3467065,116.4463967,32.25562013,71.80151577,0.8502815343,135.0296978,6.491173744,298.2287598,0,225,249.1187592,0.02460845746,86425.57812,14.22469234,5.430947455
64.80000305,189.7520108,116.1805783,32.16990852,71.52241943,0.8523317183,134.9862818,6.49178648,298.15271,0,225,234.3431244,0.002460845746,86493.34375,14.24808407,5.424436657
65,192.9146118,115.9464514,32.07764897,71.19039973,0.854845684,134.4757579,6.49257803,298.0732422,0,225,217.2796936,0.0002460845863,86560.14844,14.2816267,5.393464202
65.19999695,196.7500247,115.5518058,31.94428065,70.74980616,0.8581288802,133.8461843,6.493444443,298.0254517,0,225,196.160614,9.999999747e-05,86626.0625,14.29113197,5.439685077
65.40000153,200.7727811,114.9290032,31.79168437,70.34987903,0.8609213042,133.7144354,6.494534492,297.9870911,0,225,183.0169373,9.999999747e-05,86690.94531,14.31520462,5.446298727
65.59999847,203.7067308,114.4822345,31.67413692,70.02014075,0.8632694661,133.3367075,6.495675564,297.9622192,0,225,171.0892334,9.999999747e-05,86755.0625,14.32779121,5.468488312
65.80000305,206.1900422,114.0387219,31.57103499,69.75931521,0.8650367115,133.1646549,6.49684906,297.9465332,0,225,162.3148499,9.999999747e-05,86818.54688,14.33798313,5.486248686
66,208.0939542,113.6787518,31.49142263,69.56524742,0.8663269506,133.0156731,6.498033047,298.4376831,0,225,48.69445801,171.493042,86881.4375,14.34397125,5.497923974
66.19999695,219.5156201,115.485353,31.80672887,70.10320973,0.8656074892,129.6826662,6.498161793,298.4315491,0,225,216.254425,17.14930344,86941.82812,14.30004311,5.543618051
66.40000153,199.8658232,114.9823416,31.97750004,71.17412273,0.8564633672,131.8340901,6.497972965,298.3938599,0,225,226.8634033,1.714930415,87006.71875,14.22817039,5.584933776
66.59999847,198.872489,114.5967683,31.95432891,71.27988347,0.8544191407,133.4472816,6.497919559,298.3524475,0,225,230.092453,0.1714930385,87072.08594,14.21395969,5.601339465
66.80000305,198.7246301,114.6993742,31.97433127,71.31593134,0.8536788162,133.5433235,6.497848034,298.3109131,0,225,230.8591919,0.01714930497,87137.54688,14.20337009,5.613307152
67,198.94591,114.7774079,31.9848447,71.31872807,0.8532348458,133.5388033,6.49797678,298.2595825,0,225,230.0554199,0.001714930404,87202.92188,14.20514488,5.598653076
67.19999695,199.5635829,114.8311796,31.97804061,71.24955673,0.8534109165,133.2970162,6.498209953,298.2063599,0,225,224.3190308,0.0001714930404,87268.10156,14.20735359,5.593016876
67.40000153,200.9401126,114.7265535,31.93684453,71.09952341,0.8542045689,133.0926656,6.498655319,298.1494751,0,225,216.0783081,9.999999747e-05,87332.85938,14.21948624,5.574906084
67.59999847,202.8418215,114.522022,31.86759831,70.86793858,0.8556633719,132.7438376,6.499250412,298.0968628,0,225,204.5912323,9.999999747e-05,87397.07031,14.23222733,5.569212232
67.80000305,205.2060546,114.177928,31.77132245,70.58145919,0.8575205258,132.4397951,6.499896049,298.0586548,0,225,192.4695435,9.999999747e-05,87460.69531,14.23942757,5.5926826
68,207.5091198,113.7729184,31.67227559,70.31352001,0.8592094923,132.2378731,6.500686169,298.0267639,0,225,183.309082,9.999999747e-05,87523.69531,14.25185871,5.597961091
68.19999695,209.4442156,113.4150554,31.58414986,70.07330758,0.8607147049,131.9427295,6.50189352,297.977478,0,225,174.7985382,9.999999747e-05,87585.90625,14.28778362,5.515552408
68.40000153,211.6717159,113.001091,31.46824766,69.73523477,0.8629685875,131.4133767,6.503003597,297.9538879,0,224.7611084,159.0312958,9.999999747e-05,87647.52344,14.28750992,5.572777748
68.59999847,214.0543776,112.4634125,31.35176127,69.44875535,0.8646882815,131.3646827,6.504319668,297.9283447,0,224.0799866,150.4229126,9.999999747e-05,87708.25,14.30996132,5.540196246
68.80000305,215.8264931,112.1808736,31.27017011,69.19470477,0.8662861945,130.8253346,6.505521774,298.3904419,0,222.8713379,45.12687683,166.5185242,87768.11719,14.31280899,5.554591169
69,224.2267106,115.2808565,31.80240432,69.95909915,0.8631790339,125.3232925,6.505051613,298.3639221,0,221.1829529,202.0479736,16.65185165,87825.5625,14.24209404,5.588469553
69.19999695,207.7972565,114.5787172,31.90468977,70.79198044,0.8554537788,127.2556311,6.504683018,298.2930298,0,219.6877441,204.0818024,1.665185213,87886.25781,14.19876862,5.56668984
69.40000153,208.1785574,114.3417255,31.85093511,70.64960527,0.8552683525,127.8363785,6.504431248,298.2095337,0,218.3343048,193.4633179,0.1665185243,87946.48438,14.21182632,5.502884265
69.59999847,210.0978525,114.3767232,31.80003407,70.37584848,0.8567069763,127.1907271,6.504179478,298.1521301,0,217.0813904,176.179657,0.01665185206,88006.05469,14.20149136,5.551443296
69.80000305,212.4829326,114.1644346,31.72059076,70.09470455,0.8581321955,126.9910373,6.504031658,298.1043396,0,215.929657,164.8594971,0.001665185206,88064.8125,14.20627022,5.554879758
70,214.3583328,114.0301664,31.65620506,69.84783073,0.8593772426,126.5042663,6.503841877,298.048645,0,214.8367615,154.504776,0.0001665185264,88122.63281,14.22870827,5.481879012
70.19999695,216.3444197,113.8700977,31.57709108,69.55390558,0.8610199776,125.8606803,6.503773212,298.0088196,0,213.8200989,139.5592804,9.999999747e-05,88179.69531,14.23050117,5.496731156
70.40000153,218.4265068,113.5488272,31.48276268,69.27009157,0.8625218366,125.6238125,6.503589153,297.9660339,0,212.8303833,128.0602722,9.999999747e-05,88235.82812,14.25437069,5.426825133
70.59999847,220.3393853,113.2879812,31.39181051,68.9785833,0.8641570528,125.116674,6.503678322,297.9410095,0,211.9151764,113.9306107,9.999999747e-05,88291.25781,14.25349045,5.4559263
70.80000305,222.0497665,112.9427588,31.30346845,68.73665443,0.8653651892,124.9794798,6.503932953,298.283844,0,210.9628754,34.17918396,122.5415268,88345.95312,14.25705528,5.454998905
71,226.6009217,116.086791,31.85809839,69.47790255,0.8610175963,118.9845609,6.502506733,298.2590637,0,209.9092407,150.4323578,12.2541523,88399.13281,14.16930294,5.524943081
71.19999695,216.3473553,114.9382959,31.82926009,69.97391301,0.8551524651,121.5264384,6.501363277,298.1957703,0,209.4320221,149.9557343,1.22541523,88454.42969,14.15201092,5.458849875
71.40000153,217.0713041,114.5410486,31.74127009,69.78882264,0.8555437191,121.9438817,6.500671864,298.14151,0,209.4059448,138.020401,0.1225415245,88509.5625,14.15195465,5.460529997
71.59999847,218.6435473,114.2096669,31.65373123,69.56767586,0.8566141991,121.9911615,6.500390053,298.0982971,0,209.655777,127.1220093,0.01225415245,88564.375,14.15556908,5.466075528
71.80000305,220.0514218,113.8428401,31.56621532,69.36449719,0.8576247817,122.0279856,6.500324249,298.0596313,0,210.0185547,117.9191513,0.001225415268,88618.82812,14.16617584,5.443235038
72,221.3268781,113.4643667,31.47837119,69.16689271,0.8586291238,122.0032645,6.500773907,298.0345154,0,210.4081573,108.59272,0.0001225415181,88673.07812,14.16355801,5.475217509
72.19999695,222.391398,113.0298407,31.39259542,68.99965832,0.8593755459,122.1776928,6.501337528,298.010437,0,210.6168671,102.4498062,9.999999747e-05,88727.01562,14.17405224,5.446980591
72.40000153,223.297984,112.6904952,31.31974302,68.84354322,0.8600586261,122.085831,6.50225687,297.9982605,0,210.6015472,95.63146973,9.999999747e-05,88780.73438,14.1661272,5.488358124
72.59999847,224.0178082,112.3478091,31.25641448,68.72192021,0.8604043681,122.1566025,6.503287315,297.9914551,0,210.2174835,92.00413513,9.999999747e-05,88834.19531,14.16109276,5.506534324
72.80000305,159.293477,76.68065859,26.37350974,63.51832844,0.7995819635,248.7515164,6.522114754,297.8852844,0,209.4221039,89.68292999,9.999999747e-05,88916.1875,14.29525948,4.264753312
73,159.4031823,79.6464637,26.49716579,63.7651933,0.8041616975,233.6099648,6.536256313,298.1808472,0,201.0377045,26.90487862,142.774826,88993.89844,14.28862953,4.299357176
73.19999695,155.3211365,81.02164913,26.94221291,63.96622726,0.7995569876,241.9015564,6.545895576,298.0882263,0,187.0690155,125.3670425,14.27748299,89071.61719,14.23207474,4.398676609
73.40000153,154.3485128,80.8266633,26.98740322,64.05362747,0.7890481355,242.5010231,6.551381111,297.991333,0,169.2444,97.97177887,1.427748322,89145.86719,14.13985729,4.395315963
73.59999847,153.7246209,80.8212196,27.00246923,63.72581265,0.7810383914,247.2262536,6.527017117,297.9243774,0.5197030902,84.62220001,68.54698181,0.1427748203,89203.73438,13.98196888,4.30225757
73.80000305,145.6496553,82.5048713,26.99474561,61.43354903,0.7909611124,244.6651269,6.499978542,298.098114,0,74.43288422,20.56409454,79.53209686,89260.86719,14.00752068,4.343507105
74,146.0984188,80.79207732,26.95180639,60.96920649,0.7979871202,236.2859153,6.476322651,298.0426636,0,74.9721756,78.16806793,7.953209877,89315.69531,14.08597946,4.262470324
74.19999695,142.7592061,80.59373718,26.84545444,61.23986821,0.8034740634,220.2810214,6.458292961,297.9821167,0,84.95415497,61.41863251,0.7953209877,89369.78906,14.15242386,4.200309996
74.40000153,139.7711719,80.31378582,26.72133805,61.61844689,0.8050304589,210.6304064,6.449522972,297.9407959,0,102.1403275,42.54016113,0.07953210175,89426.00781,14.19450283,4.245176839
74.59999847,136.4273565,80.48952212,26.66339489,62.11707231,0.8038616702,205.3271494,6.449363708,298.0484314,0,122.8223038,12.76204872,51.6355896,89486.07812,14.22427845,4.265468491
74.80000305,131.6661047,81.16026288,26.79456614,62.68362764,0.8009033514,204.3859058,6.455290794,298.0068665,0,143.5692596,47.99135208,5.16355896,89551.32031,14.24112225,4.26886554
75,131.8530421,81.39146062,26.81178276,63.30554647,0.7976002593,199.5774725,6.465020657,297.9595947,0,161.9529419,34.66158295,0.5163559318,89619.30469,14.2566185,4.228351043
75.19999695,132.7619847,81.87092853,26.8423745,63.78324012,0.7956830276,194.2798621,6.476470947,297.9216614,0,176.4516907,18.91725349,0.05163558945,89689.0625,14.27132416,4.195860146
75.40000153,135.4135814,82.32105942,26.89299389,64.11797519,0.7940831347,188.7774394,6.488509178,297.9770508,0,186.3768921,5.675176144,34.14297104,89759.26562,14.27631569,4.183347498
75.59999847,136.9286054,82.90587321,27.06353854,64.42933067,0.7905063784,186.349151,6.501181602,297.9450378,0,191.4904785,22.12989426,3.414296865,89829.98438,14.24912167,4.25900859
75.80000305,143.1816456,82.79952213,27.14344794,64.57545955,0.7848464803,184.2674758,6.514081001,298.0606995,0,191.53479,6.638968468,56.57749176,89899.13281,14.19939709,4.353135757
76,144.9693312,83.04274399,27.41595051,64.82000623,0.7758028964,187.2678214,6.523911476,298.0172119,0,186.420639,44.72574234,5.657749176,89967.5625,14.12868404,4.340415985
76.19999695,149.6730264,82.8109005,27.52793105,64.89161161,0.7653510546,188.3605601,6.530241966,297.9724731,0,177.3851013,31.12773705,0.5657749176,90033.33594,14.04520607,4.296420476
76.40000153,151.1512624,82.94185147,27.60217475,64.82311016,0.7570883322,190.5451322,6.533985615,297.9456482,0,165.8190765,16.66674423,0.05657749251,90097.05469,13.96400166,4.351310773
76.59999847,151.8125338,83.35882712,27.69174068,64.70624061,0.7504681178,192.2575751,6.534594059,297.9936218,0,152.7528076,5.000023365,24.40313911,90158.54688,13.8900032,4.415720159
76.80000305,151.0332497,83.72879866,27.84005386,64.62399363,0.7443753699,194.6690287,6.529845715,297.9745178,0,139.4450684,19.71314049,2.440313816,90218.01562,13.83288002,4.369563549
77,150.0822438,84.20687749,27.88646046,64.44926805,0.7433584658,192.910705,6.521751404,297.9607544,0,128.0442657,12.52639866,0.2440313846,90275.17188,13.8071909,4.391477847
77.19999695,148.1144843,84.55907901,27.85149042,64.24937841,0.7468792223,189.0480915,6.510095119,297.9513245,0,119.8751144,6.965200424,0.02440313809,90330.28906,13.83091927,4.329975466
77.40000153,144.6671569,84.62925243,27.75791445,64.12707965,0.7539605514,182.4369182,6.498543262,297.9491272,0,116.3694382,2.341366053,0.002440313809,90384.07812,13.88218212,4.337924391
77.59999847,141.1361781,84.41815904,27.65311384,64.13000189,0.7610465581,175.0204899,6.490211964,297.979126,0,117.4727478,0.7024098039,10.81059361,90437.375,13.93451595,4.410009594
77.80000305,137.6840074,84.13497097,27.61804782,64.27854107,0.7646801362,169.1075028,6.484123707,297.9770813,0,121.8984222,9.156306267,1.081059337,90490.99219,13.97455215,4.389772113
78,135.681043,83.92431023,27.58323045,64.45690888,0.7663812475,163.7271585,6.479139328,297.968689,0,128.7623444,7.442778587,0.1081059352,90545.13281,14.00908661,4.29176943
78.19999695,133.4995777,83.75266021,27.54203985,64.65120724,0.7672450589,158.9581831,6.476605415,297.9605408,0,137.6235504,3.70361495,0.01081059314,90600.44531,14.03414154,4.24336227
78.40000153,131.8598964,83.68993443,27.52684835,64.86482628,0.7665634396,154.7390861,6.477386951,297.9546204,0,147.4936981,9.999999747e-05,0.001081059338,90657.21875,14.04205322,4.242022459
78.59999847,131.3580381,83.72260221,27.55161512,65.07969805,0.7638371268,151.394641,6.481702328,297.948822,0,157.0483398,9.999999747e-05,0.0001081059308,90715.41406,14.02800083,4.278973643
78.80000305,132.4688488,83.78797304,27.62080077,65.28006801,0.7586345028,149.2358077,6.488088608,297.9673157,0,164.8756866,9.999999747e-05,10.50470448,90774.5625,13.99260044,4.298385391
79,134.5861072,83.80731355,27.74918894,65.48665251,0.7512154792,148.3382028,6.495423317,297.958252,0,170.1530151,4.511793613,1.050470471,90834.1875,13.93643284,4.314357594
79.19999695,139.2733063,83.68376867,27.86001465,65.61114414,0.7430480699,147.9547676,6.503596306,297.9526367,0,172.5000153,0.02161836624,0.1050470471,90893.27344,13.86763191,4.361676224
79.40000153,144.0852774,83.73526016,27.99107481,65.70335019,0.7342257444,148.2499613,6.512775421,297.9529724,0,171.5782013,9.999999747e-05,0.0105047049,90951.45312,13.77909565,4.498019819
79.59999847,149.8809447,83.90847873,28.16920334,65.79048092,0.7233702694,149.5255417,6.520366669,297.9562378,0,166.9840698,9.999999747e-05,0.001050470513,91007.89062,13.67603493,4.555331521
79.80000305,155.5775722,84.2038958,28.35176954,65.84336604,0.7127166753,151.212122,6.52601862,297.9645081,0,159.3618469,9.999999747e-05,0.0001050470455,91062.14062,13.56658173,4.64401376
80,160.8962792,84.70384719,28.53066977,65.85675698,0.7033137992,152.8484481,6.527253151,297.9710693,0,149.4801788,1.18573308,9.999999747e-05,91113.65625,13.47672272,4.594891132
80.19999695,163.8570842,85.40978255,28.65368788,65.8087726,0.6980785905,153.3067831,6.524111271,297.9776306,0,139.1128845,2.056890488,9.999999747e-05,91162.66406,13.41577816,4.569652505
80.40000153,164.4636419,86.0800954,28.70014018,65.71187488,0.6974781034,152.3219858,6.517445564,297.9846497,0,130.0027008,3.18031168,9.999999747e-05,91209.625,13.39240646,4.558995606
80.59999847,163.0058144,86.47261771,28.67024238,65.60560478,0.7009309986,149.8668756,6.508582592,297.991272,0,123.556366,4.723339558,9.999999747e-05,91255.125,13.40758324,4.541975638
80.80000305,160.0102613,86.44453467,28.58019103,65.53403189,0.7070869922,146.2503928,6.500431061,297.9996948,0,120.6510925,6.377245426,9.999999747e-05,91299.96875,13.44594765,4.581851452
81,156.7949346,86.1464037,28.4871846,65.53662352,0.7129788772,142.2251975,6.49252224,298.00354,0,120.9970398,8.902236938,9.999999747e-05,91344.57031,13.49859619,4.522365064
81.19999695,153.1761173,85.62517256,28.38584416,65.59899254,0.7183421663,138.0859743,6.487353802,298.0066223,0,124.5079269,10.15145969,9.999999747e-05,91389.67969,13.5458231,4.527728553
81.40000153,150.3384395,85.17117246,28.32687956,65.71958228,0.7209650883,134.3741548,6.48324728,298.0031128,0,130.0780792,11.32152843,9.999999747e-05,91435.52344,13.58292294,4.431981233
81.59999847,147.9261353,84.68920331,28.27700962,65.86109944,0.7220029211,131.0449684,6.482903481,298.0006714,0,137.2960205,10.33301258,9.999999747e-05,91482.58594,13.5973835,4.453036485
81.80000305,147.1510875,84.43313867,28.29060481,66.02487019,0.7196718865,128.4269341,6.483890057,297.9944153,0,144.6425476,9.634544373,9.999999747e-05,91530.625,13.59052944,4.391351403
82,147.5782237,84.15829865,28.32036107,66.17802532,0.7157780378,126.3714486,6.488537788,297.9921875,0,151.6021118,7.524503708,9.999999747e-05,91579.625,13.55737305,4.458445211
82.19999695,150.3067987,84.08894765,28.41733641,66.32925772,0.7089530093,125.112455,6.495516777,297.9932861,0,156.69487,6.595313072,9.999999747e-05,91628.95312,13.4947958,4.533312993
82.40000153,155.4120239,84.10969653,28.56538607,66.46659389,0.6998390407,124.7136663,6.50185585,297.9923096,0,159.0002441,6.693998814,9.999999747e-05,91677.59375,13.41839027,4.510340572
82.59999847,161.1984491,84.15247517,28.70937412,66.56933912,0.6910705419,124.6366444,6.507403851,297.9917603,0,158.7794647,6.097884178,9.999999747e-05,91725,13.33837891,4.515167245
82.80000305,166.9910177,84.36668783,28.84968116,66.64005776,0.6832885395,124.5913131,6.512024403,297.9935913,0,156.3400879,5.62323761,9.999999747e-05,91770.82031,13.25861263,4.553343291
83,172.4825072,84.79520343,28.98742541,66.68459036,0.6766179049,124.4578432,6.515927792,298.0003357,0,152.0529938,5.956001759,9.999999747e-05,91814.85156,13.17762089,4.648216169
83.19999695,177.8376758,85.42596369,29.12756717,66.70999594,0.6707952757,124.2466439,6.518074512,298.0097961,0,146.2038879,8.025131226,9.999999747e-05,91856.78906,13.10192204,4.718866838
83.40000153,182.2698,86.16711367,29.2452123,66.71061599,0.6666273192,123.785377,6.516508579,298.0155029,0,139.499588,11.25267982,9.999999747e-05,91896.46094,13.04986954,4.674699601
83.59999847,184.0252995,86.82858986,29.28747576,66.67064972,0.6658719602,122.7674481,6.513550282,298.0239563,0,133.4282227,13.51260281,9.999999747e-05,91934.57812,13.01522827,4.740518312
83.80000305,184.6961102,87.31279619,29.29233404,66.62402285,0.6667407259,121.4502947,6.508333683,298.0289917,0,128.5328217,16.97208786,9.999999747e-05,91971.35156,13.00716686,4.712040327
84,183.4952255,87.4545854,29.23950479,66.57843746,0.6697068621,119.756773,6.50305891,298.0342102,0,125.7270813,19.54228592,9.999999747e-05,92007.53125,13.01547909,4.739236921
84.19999695,181.8257291,87.31016409,29.17223708,66.56246875,0.6729209435,117.9105208,6.498936176,298.0400085,0,125.0240555,22.3958149,9.999999747e-05,92043.57812,13.02927876,4.779811265
84.40000153,180.4827975,87.01853303,29.12328465,66.58923312,0.6750133093,116.0539549,6.494456291,298.0379639,0,125.9662323,25.64231491,9.999999747e-05,92079.51562,13.05149841,4.691216911
84.59999847,178.5410091,86.52540288,29.05501827,66.6324094,0.6771668234,114.1246688,6.491108894,298.032196,0,128.7051849,26.38737679,9.999999747e-05,92115.85156,13.07364655,4.642314735
84.80000305,176.8742419,85.98925748,28.9982785,66.69699717,0.6783025774,112.2199605,6.490260124,298.0272217,0,132.778244,25.84257698,9.999999747e-05,92152.86719,13.08289528,4.652183884
85,176.5616448,85.58368646,28.991465,66.78897143,0.677128673,110.4898398,6.490814209,298.02005,0,137.1863251,25.37236786,9.999999747e-05,92190.36719,13.07673454,4.620067231
85.19999695,177.3725572,85.24422513,29.01057373,66.88588442,0.6745335992,108.9694345,6.492622375,298.012085,0,141.3761139,23.95530701,9.999999747e-05,92228.13281,13.05648708,4.598744724
85.40000153,179.2831277,85.01333898,29.05286323,66.97721653,0.6709658306,107.6646036,6.49565649,298.0054932,0,144.842926,22.01650047,9.999999747e-05,92265.91406,13.02301502,4.605221811
85.59999847,182.3595945,84.94560498,29.12291134,67.06036356,0.6665973756,106.5761396,6.500932217,298.0065002,0,147.0962067,20.24978828,9.999999747e-05,92303.45312,12.96752834,4.722023345
85.80000305,187.6213276,85.16318402,29.25332945,67.14500706,0.6605939492,105.8216221,6.504085064,298.00177,0,147.2356873,20.85240746,9.999999747e-05,92339.71094,12.91485977,4.6384121
86,191.8308343,85.43918872,29.34294799,67.19104701,0.6564495323,105.0215327,6.505709171,297.9963074,0,146.1281128,19.45684624,9.999999747e-05,92374.72656,12.86974812,4.606320573
86.19999695,194.9127102,85.80460641,29.39907386,67.20289473,0.6539805258,104.1861963,6.506770134,297.9942627,0,144.3692474,17.68161011,9.999999747e-05,92408.69531,12.82986641,4.637440546
86.40000153,197.5417501,86.24602485,29.44810725,67.20416356,0.6521948473,103.3277298,6.506757736,297.9937439,0,142.1829376,16.87958717,9.999999747e-05,92441.60938,12.79659939,4.648370382
86.59999847,199.4337317,86.64021465,29.47750476,67.19844756,0.651237625,102.4165988,6.505592823,297.9936523,0,140.0031891,16.49694824,9.999999747e-05,92473.57031,12.7721529,4.644915577
86.80000305,200.4514266,86.90546179,29.48064875,67.18791703,0.65115939,101.4547635,6.504920959,297.9977722,0,138.2897797,16.23081398,9.999999747e-05,92504.9375,12.7480793,4.71381401
87,201.8257952,87.12411387,29.49561762,67.19081402,0.6507045434,100.5154296,6.503361702,298.0002136,0,136.839798,17.41659927,9.999999747e-05,92535.55469,12.73143482,4.697626196
87.19999695,202.506397,87.19084919,29.48959779,67.19591877,0.6507991778,99.52368937,6.501558304,298.0018311,0,136.0180206,18.1405735,9.999999747e-05,92565.66406,12.72010994,4.69178602
87.40000153,202.8593569,87.12919935,29.47254099,67.20545989,0.651091484,98.52530036,6.499969482,298.0028992,0,135.9156952,18.69279861,9.999999747e-05,92595.46094,12.71195793,4.689674154
87.59999847,203.191795,86.98247149,29.45626274,67.22484189,0.6512061984,97.51597623,6.498650074,298.0027466,0,136.4473724,19.12254906,9.999999747e-05,92625.04688,12.70530319,4.675059239
87.80000305,203.5733329,86.77161703,29.44203557,67.25243458,0.6510864412,96.49928214,6.497410297,298.0003052,0,137.5065613,19.16583061,9.999999747e-05,92654.45312,12.70055008,4.637979221
88,203.8592637,86.49852966,29.424326,67.28323127,0.6509095801,95.47758719,6.496867657,297.9974976,0,139.0622864,18.43253708,9.999999747e-05,92683.84375,12.69371223,4.623687714
88.19999695,204.525906,86.23865367,29.41870034,67.32010303,0.6502582592,94.47643788,6.497044086,297.9945984,0,140.8331146,17.49264336,9.999999747e-05,92713.17188,12.68262863,4.61257644
88.40000153,205.6991667,86.02746513,29.42793472,67.36109259,0.6491009745,93.50601646,6.497982502,297.9922791,0,142.5331726,16.41573906,9.999999747e-05,92742.36719,12.66532421,4.612950185
88.59999847,207.5058745,85.90735135,29.4546851,67.40301458,0.6474431198,92.58821444,6.499439716,297.9907227,0,143.8577271,15.44095802,9.999999747e-05,92771.25781,12.64195538,4.617226523
88.80000305,209.8406139,85.89467221,29.49506689,67.44166888,0.6454885924,91.73007141,6.500398159,297.987915,0,144.5999603,14.62959576,9.999999747e-05,92799.59375,12.61873245,4.584813784
89,211.8892574,85.92059975,29.52469245,67.46809093,0.6439805747,90.90824184,6.501246929,297.9858093,0,144.9621582,13.3232975,9.999999747e-05,92827.41406,12.59509754,4.579245528
89.19999695,213.880671,86.00377335,29.55254953,67.48656375,0.6426743958,90.13697309,6.501848698,297.984375,0,144.9835663,12.1626997,9.999999747e-05,92854.67969,12.57205105,4.574719623
89.40000153,215.7272482,86.11471002,29.57664931,67.49999393,0.641590063,89.39309057,6.500899792,297.9804382,0,144.7648926,11.15598106,9.999999747e-05,92881.28906,12.55812931,4.506575485
89.59999847,216.3439425,86.08826897,29.563102,67.50132088,0.6415658691,88.64443108,6.50096035,297.9801941,0,144.9299622,9.222808838,9.999999747e-05,92907.69531,12.54137707,4.546638315
89.80000305,217.6558459,86.11330098,29.57254457,67.51133881,0.6409476251,87.94365367,6.501673222,297.9821167,0,145.0626221,8.428096771,9.999999747e-05,92933.76562,12.51990509,4.580250811
90,219.5983286,86.19229734,29.60109949,67.53021778,0.6398159568,87.24223942,6.503058434,297.9863281,0,144.9111633,8.352994919,9.999999747e-05,92959.35156,12.49115276,4.629059921
90.19999695,222.2664496,86.3680488,29.64895674,67.55270672,0.638217734,86.56619207,6.502519608,297.9862976,0,144.2054749,9.11945343,9.999999747e-05,92984.03125,12.47234249,4.554579082
90.40000153,223.4141013,86.42963977,29.65226894,67.55904385,0.6378646143,85.88023152,6.50241518,297.9882202,0,143.723877,8.569651604,9.999999747e-05,93008.29688,12.45203686,4.584214156
90.59999847,224.8468223,86.49906269,29.66257422,67.56551341,0.6373348499,85.25636308,6.502333641,297.9904785,0,143.276474,8.713032722,9.999999747e-05,93032.07812,12.43258858,4.595495288
90.80000305,226.2917967,86.56007395,29.67476225,67.57543314,0.6367631895,84.62604934,6.502065659,297.9924011,0,142.8629456,9.043321609,9.999999747e-05,93055.35938,12.41440964,4.594401639
91,227.5835118,86.58596236,29.68187431,67.58500111,0.6363051422,84.0060367,6.501652718,297.9938049,0,142.5573425,9.324486732,9.999999747e-05,93078.1875,12.39797974,4.590352495
91.19999695,228.7111684,86.57468883,29.68406974,67.59415854,0.6359521688,83.39968358,6.501574516,297.9957275,0,142.416687,9.509046555,9.999999747e-05,93100.66406,12.38031483,4.606438545
91.40000153,230.0765084,86.56885627,29.69302512,67.60627519,0.6354045313,82.80613873,6.501295567,297.9966431,0,142.3058014,9.928812027,9.999999747e-05,93122.69531,12.36453247,4.595321345
91.59999847,231.2368752,86.53760993,29.69657089,67.61755572,0.6349856414,82.21660355,6.499311447,297.9928284,0,142.3081818,10.07077408,9.999999747e-05,93144.22656,12.36114025,4.501248366
91.80000305,230.8651305,86.29678369,29.65511765,67.61808515,0.6356383413,81.64517554,6.49874258,297.9916992,0,143.1092224,8.6276474,9.999999747e-05,93165.875,12.35316181,4.532741556
92,231.4598374,86.07684401,29.64166385,67.62962619,0.6354931526,81.10290685,6.499100208,297.9914856,0,144.1278076,7.992135525,9.999999747e-05,93187.46875,12.34091377,4.547048943
92.19999695,232.7861431,85.92540906,29.65144997,67.65121695,0.6347365695,80.52613373,6.498650074,297.9884338,0,145.004715,7.620674133,9.999999747e-05,93208.72656,12.33292484,4.48375148
92.40000153,233.4388056,85.70847021,29.6407913,67.66594527,0.6344795672,79.95565405,6.497062206,297.9825134,0,146.0672913,6.252788067,9.999999747e-05,93229.78125,12.33313084,4.396715403
92.59999847,233.0425733,85.32603559,29.5975356,67.67169127,0.6349720175,79.42602271,6.495484352,297.9763184,0,147.7661591,3.797859669,9.999999747e-05,93250.97656,12.33769512,4.342396715
92.80000305,232.4526998,84.83455991,29.54880633,67.68003364,0.6355224017,78.91832011,6.494955063,297.9715271,0,150.0925446,1.044897199,9.999999747e-05,93272.51562,12.34019852,4.321737435
93,232.551499,84.3634557,29.52223179,67.69833903,0.6354682291,78.40245473,6.497158527,297.9694824,0,152.6271057,9.999999747e-05,9.999999747e-05,93294.41406,12.32717323,4.381602395
93.19999695,234.910041,84.17857384,29.56423976,67.73519608,0.6337265352,77.82399783,6.499715805,297.9667664,0,154.2747192,9.999999747e-05,9.999999747e-05,93315.98438,12.30473328,4.376303417
93.40000153,237.8576342,84.17853229,29.61871699,67.76421936,0.6318197176,77.25687074,6.500850201,297.9613647,0,154.9069824,9.999999747e-05,9.999999747e-05,93336.86719,12.28517818,4.315107843
93.59999847,239.7623946,84.21515847,29.64270041,67.77459085,0.6308127608,76.72682183,6.50112772,297.9544983,0,155.0914001,9.999999747e-05,9.999999747e-05,93357.24219,12.26883793,4.281030414
93.80000305,240.9753467,84.24739071,29.64800255,67.77631977,0.6303208717,76.21350435,6.503139019,297.9506226,0,155.1630402,9.999999747e-05,9.999999747e-05,93377.375,12.24192619,4.358373472
94,243.6331478,84.52199999,29.69647562,67.78199055,0.6289568572,75.72745424,6.504191399,297.9464417,0,154.4217834,9.999999747e-05,9.999999747e-05,93396.75781,12.21604443,4.349034679
94.19999695,245.6149573,84.8497783,29.72684061,67.77616335,0.6281490257,75.26591513,6.50485611,297.9684448,0,153.2682953,9.999999747e-05,10.99663448,93415.49219,12.18996334,4.367683128
94.40000153,248.142142,85.10129078,29.78555643,67.80826257,0.6269139759,74.85598654,6.506435871,297.9656677,0,151.8469391,5.614588261,1.099663496,93433.50781,12.15168381,4.450516427
94.59999847,251.2961809,85.39668291,29.82694215,67.81041802,0.6257894761,74.25627055,6.508723736,297.967041,0,149.789566,3.311191559,0.1099663451,93450.53125,12.11066723,4.544939749
94.80000305,254.3444876,86.18708874,29.88784375,67.77967518,0.6247508808,73.99009006,6.509401321,297.9703979,0,146.8176727,2.521493673,0.01099663507,93466.49219,12.07553005,4.566032766
95,256.2636748,86.96717473,29.92276368,67.74545309,0.624411313,73.70005323,6.508328915,297.9746704,0,143.5821686,2.432482481,0.001099663437,93481.53906,12.04795074,4.573549893
95.19999695,256.9334611,87.52936901,29.91919308,67.70817383,0.6248439546,73.44073874,6.50627327,297.9798279,0,140.7762604,2.768334866,0.0001099663496,93495.98438,12.02776623,4.592054478
95.40000153,256.8959472,87.80844153,29.89012488,67.67592815,0.6256854513,73.2219299,6.504442215,297.9865112,0,138.7902985,3.562628508,9.999999747e-05,93510.14844,12.01006222,4.640873795
95.59999847,257.0790096,87.8777829,29.86209131,67.65728844,0.626332021,73.00313092,6.50257206,297.9924011,0,137.5329285,5.081431389,9.999999747e-05,93524.02344,11.99899673,4.651769093
95.80000305,257.1077396,87.77737411,29.83121179,67.65125116,0.626921251,72.75657153,6.499370098,297.9931946,0,137.0244293,6.556444168,9.999999747e-05,93537.61719,12.00419998,4.566756574
96,255.7556903,87.37401757,29.76475592,67.64916228,0.6281643549,72.52309544,6.496056557,297.9909363,0,137.8009796,6.495471954,9.999999747e-05,93551.4375,12.01642513,4.502290842
96.19999695,254.038739,86.66772948,29.68380505,67.65558996,0.6294612958,72.29427508,6.495471478,297.9910583,0,139.8990784,5.455287933,9.999999747e-05,93565.91406,12.01759338,4.546671204
96.40000153,254.2875258,86.03405765,29.65893396,67.68382828,0.6292773141,71.95620134,6.496196747,297.9902649,0,142.2218933,5.171394825,9.999999747e-05,93580.60156,12.01430798,4.53434138
96.59999847,255.4284879,85.5702458,29.66546479,67.7196872,0.6284178344,71.53579109,6.496918678,297.986969,0,144.2588806,4.566058159,9.999999747e-05,93595.20312,12.01019382,4.475359941
96.80000305,256.4676496,85.20924596,29.67085322,67.74606729,0.6276842962,71.14359689,6.496062279,297.9795532,0,146.0112915,3.073225021,9.999999747e-05,93609.61719,12.0152216,4.352538081
97,256.0936785,84.7430161,29.6367612,67.75721314,0.6278746575,70.83272733,6.496779919,297.9749756,0,148.111557,0.04508652911,9.999999747e-05,93624.375,12.01027298,4.362772263
97.19999695,256.9504894,84.39463899,29.63396136,67.76824534,0.6273607414,70.56849089,6.498827934,297.9706116,0,149.9144287,9.999999747e-05,9.999999747e-05,93639.21094,11.99669361,4.382110939
97.40000153,259.0549084,84.27584233,29.66950218,67.79073409,0.626083231,70.16454532,6.50180769,297.9672241,0,150.8989105,9.999999747e-05,9.999999747e-05,93653.73438,11.97115517,4.416164452
97.59999847,262.0751452,84.4589928,29.72953991,67.8023406,0.6244948702,69.79101568,6.504741669,297.9648132,0,150.6925354,9.999999747e-05,9.999999747e-05,93667.58594,11.93959999,4.442783921
97.80000305,265.1811085,84.92885836,29.79522866,67.79832236,0.623091045,69.46750766,6.506316662,297.9623413,0,149.3157196,9.999999747e-05,9.999999747e-05,93680.52344,11.91026497,4.436633641
98,267.2611272,85.51801372,29.83704658,67.77868694,0.6224008566,69.1873652,6.5066185,297.9604492,0,147.3132172,9.999999747e-05,9.999999747e-05,93692.70312,11.88326454,4.443424533
98.19999695,268.4411619,86.0674909,29.85290649,67.75057452,0.622288204,68.94245581,6.505661488,297.9589539,0,145.1899414,9.999999747e-05,9.999999747e-05,93704.25781,11.86243534,4.443416655
98.40000153,268.675022,86.45355697,29.840709,67.72024233,0.6227080281,68.73845452,6.505254269,297.9604187,0,143.4493561,9.999999747e-05,9.999999747e-05,93715.54688,11.83735275,4.513784682
98.59999847,269.4984137,86.75319275,29.83753177,67.69589038,0.6228404419,68.55292419,6.504272938,297.9624329,0,141.8658905,9.999999747e-05,9.999999747e-05,93726.375,11.82009506,4.522468919
98.80000305,269.7669013,86.95304311,29.82265618,67.6741876,0.6232228639,68.40379949,6.502377987,297.963562,0,140.6785583,9.999999747e-05,9.999999747e-05,93736.88281,11.81183815,4.496769556
99,269.2601678,86.9230488,29.78517678,67.65712805,0.6239696056,68.28010476,6.500709057,297.9646912,0,140.2505188,9.999999747e-05,9.999999747e-05,93747.38281,11.80540848,4.499581792
99.19999695,268.9194634,86.70529282,29.7476972,67.65067727,0.6245404198,68.13751503,6.500710964,297.967926,0,140.4862671,9.999999747e-05,9.999999747e-05,93758.00781,11.7911005,4.559865942
99.40000153,269.8854013,86.52694904,29.7440202,67.65556321,0.6243006193,67.94232553,6.500270844,297.9692688,0,140.716507,9.999999747e-05,9.999999747e-05,93768.35938,11.78545475,4.518186612
99.59999847,270.2550955,86.36249099,29.7331486,67.65995976,0.6243062785,67.76203216,6.500689983,297.971283,0,141.1295776,9.999999747e-05,9.999999747e-05,93778.69531,11.77192593,4.54211411
99.80000305,271.3819925,86.23388483,29.73825697,67.66654548,0.623906773,67.55434974,6.501731396,297.973877,0,141.3708801,9.999999747e-05,9.999999747e-05,93788.8125,11.75454903,4.564639251
100,272.9578623,86.24804464,29.75850183,67.67072927,0.6232843607,67.35028999,6.502560616,297.9761353,0,141.1961975,9.999999747e-05,9.999999747e-05,93798.54688,11.73767376,4.560215499
100.1999969,274.323961,86.36199807,29.77667818,67.66842339,0.6228255867,67.17415102,6.503359318,297.9789429,0,140.6925507,9.999999747e-05,9.999999747e-05,93807.92969,11.71753979,4.576840481
100.4000015,275.7365073,86.53771758,29.79468469,67.66083944,0.6224189103,67.01940498,6.504796982,297.9842834,0,139.8687592,0.05795044079,9.999999747e-05,93816.96094,11.68874454,4.643908379
100.5999985,277.7989484,86.83468181,29.82673956,67.64904274,0.6217789011,66.88377129,6.505222321,297.9885254,0,138.4677277,1.091408491,9.999999747e-05,93825.32031,11.66794491,4.635526
100.8000031,278.9937718,87.19520377,29.8442729,67.63404933,0.6215928622,66.7513185,6.504559994,297.9916687,0,136.9020386,1.92269516,9.999999747e-05,93833.17188,11.65098381,4.623202138
101,279.3730765,87.43388473,29.83660578,67.61391238,0.6218763127,66.66524102,6.503415108,297.9945068,0,135.6015015,2.550593853,9.999999747e-05,93840.72656,11.63694668,4.626899004
101.1999969,279.4024934,87.51172371,29.81527317,67.59573196,0.6223344904,66.60465587,6.502331734,297.997345,0,134.7570648,3.193514585,9.999999747e-05,93848.13281,11.6248045,4.640945796
101.4000015,279.4720759,87.46317583,29.79262649,67.58437914,0.6227126862,66.53459006,6.501332283,297.9993896,0,134.3443451,3.939472914,9.999999747e-05,93855.42969,11.61614418,4.640317909
101.5999985,279.5230503,87.32717544,29.77060497,67.58027781,0.6230060505,66.43898434,6.50074625,298.0010071,0,134.3311615,4.523952007,9.999999747e-05,93862.67188,11.60701561,4.646570641
101.8000031,279.8293516,87.14489585,29.75491557,67.58135355,0.6230914859,66.31810774,6.500217438,298.0011292,0,134.5514221,5.044047832,9.999999747e-05,93869.8125,11.60127068,4.626263815
102,280.0354047,86.94741023,29.7403022,67.58564541,0.6231456349,66.17742316,6.500634193,298.0021362,0,134.984314,5.111959457,9.999999747e-05,93876.96875,11.58762741,4.6554018
102.1999969,280.9869415,86.7945963,29.74198999,67.59019973,0.6228074382,66.0245642,6.500730515,298.0010986,0,135.2476349,5.500217438,9.999999747e-05,93883.86719,11.58067036,4.619475925
102.4000015,281.4978849,86.71867183,29.74125563,67.59396853,0.6226430967,65.86531219,6.499532223,297.9964905,0,135.476532,5.217908859,9.999999747e-05,93890.53906,11.58333015,4.531008653
102.5999985,280.8437996,86.52461006,29.71170143,67.59255168,0.6230704688,65.75092249,6.498292923,297.9914551,0,136.1878357,3.675234795,9.999999747e-05,93897.35938,11.58482456,4.492218271
102.8000031,280.1462205,86.16205245,29.67340668,67.59118323,0.6235146784,65.66615788,6.498334885,297.9882812,0,137.3909607,1.836611032,9.999999747e-05,93904.48438,11.5797205,4.507983376
103,280.428445,85.82066266,29.65911098,67.59641316,0.6233790611,65.54639051,6.498689651,297.9849243,0,138.5729675,0.4671632051,9.999999747e-05,93911.64062,11.57675457,4.479504878
103.1999969,280.8479829,85.56977076,29.65499856,67.60430476,0.6231171877,65.40342688,6.498969555,297.980011,0,139.6159973,9.999999747e-05,9.999999747e-05,93918.76562,11.57362938,4.440005979
103.4000015,281.2326669,85.35376103,29.65102441,67.61327099,0.6228692027,65.21409602,6.500647068,297.9764709,0,140.5483551,9.999999747e-05,9.999999747e-05,93925.96875,11.55620384,4.48528051
103.5999985,282.8384076,85.30394503,29.6747012,67.62002784,0.6220614884,64.98977228,6.502370358,297.9727783,0,140.8048706,9.999999747e-05,9.999999747e-05,93932.83594,11.5385313,4.487127927
103.8000031,284.3613535,85.49771899,29.70493428,67.61621666,0.621373027,64.81116572,6.503761768,297.9693298,0,140.3763733,9.999999747e-05,9.999999747e-05,93939.30469,11.51773643,4.495287301
104,285.6771485,85.82788729,29.73066168,67.60118625,0.6209144505,64.67682503,6.504608154,297.9664307,0,139.3925323,9.999999747e-05,9.999999747e-05,93945.35156,11.49614334,4.50795223
104.1999969,286.6291221,86.22662436,29.74727934,67.57786128,0.6207326015,64.58403124,6.506436348,297.967865,0,138.0709839,9.999999747e-05,9.999999747e-05,93951.16406,11.45887661,4.62100955
104.4000015,288.5917222,86.74037081,29.78090932,67.54648958,0.6202238397,64.53865046,6.507750034,297.9715576,0,136.0132141,9.999999747e-05,9.999999747e-05,93956.32812,11.42610836,4.675603406
104.5999985,290.07798,87.42753179,29.81163886,67.5067059,0.6200129122,64.56781124,6.507996559,297.9770813,0,133.4347992,0.06429984421,9.999999747e-05,93960.88281,11.3962183,4.714421628
104.8000031,290.8673245,88.07945461,29.82263358,67.46061004,0.6202450891,64.66556721,6.508461952,297.9869995,0,130.7595978,0.8702949286,9.999999747e-05,93965.07812,11.35520267,4.839121399
105,292.2081726,88.62509341,29.83240617,67.41327584,0.6203688675,64.80313213,6.508510113,297.9986877,0,127.8940506,3.389499664,9.999999747e-05,93968.70312,11.32028103,4.924061284
105.1999969,293.3390748,89.16087584,29.84026349,67.37304624,0.6205917178,64.92792839,6.507354736,298.0091248,0,125.0113907,6.864044666,9.999999747e-05,93971.71094,11.29746819,4.945007982
105.4000015,293.5843422,89.57123035,29.82835218,67.338372,0.6212239088,65.06217629,6.506032944,298.0205688,0,122.5933456,10.32385826,9.999999747e-05,93974.42969,11.27040768,5.019786246
105.5999985,293.9282403,89.71632236,29.80371399,67.30644178,0.6218740279,65.240964,6.504462719,298.0307922,0,120.7007523,14.54251575,9.999999747e-05,93976.84375,11.25440979,5.05104523
105.8000031,294.0263097,89.73256034,29.77759463,67.28924735,0.622500865,65.3692294,6.502306938,298.0368652,0,119.4366684,18.75515175,9.999999747e-05,93979,11.25170994,5.020750932
106,293.5031741,89.5884686,29.74164778,67.28465087,0.6232548864,65.43431355,6.499966145,298.0387573,0,119.0359955,21.92254829,9.999999747e-05,93981.14844,11.25497246,4.980525859
106.1999969,292.6536816,89.22789855,29.69679476,67.28991059,0.6239934819,65.43500553,6.498714924,298.0402222,0,119.5703506,23.9122963,9.999999747e-05,93983.55469,11.25088596,4.999788194
106.4000015,292.5273761,88.71841811,29.66412871,67.30478629,0.6241918843,65.35101971,6.497686386,298.0366211,0,120.601059,25.86129379,9.999999747e-05,93985.99219,11.26050186,4.929436556
106.5999985,292.1212373,88.27907408,29.64302359,67.33390895,0.6242146086,65.12081339,6.497208118,298.0302734,0,122.0458527,26.11778641,9.999999747e-05,93988.625,11.26442909,4.883139057
106.8000031,291.9034482,87.81442956,29.62476476,67.35945737,0.6240644543,64.86754254,6.496245861,298.0177612,0,123.680954,25.3200779,9.999999747e-05,93991.3125,11.28137684,4.758603912
107,290.8666817,87.39185615,29.59960398,67.38582082,0.6241634355,64.57413107,6.494853497,298.0012817,0,125.704216,22.1869278,9.999999747e-05,93994.30469,11.30017757,4.63780911
107.1999969,289.2655611,86.82811673,29.55635798,67.40548019,0.624528886,64.3233979,6.495270252,297.9888,0,128.2843018,17.26796722,9.999999747e-05,93997.97656,11.30089378,4.644069675
107.4000015,289.0370359,86.25126055,29.53687962,67.42158981,0.6242080306,64.10420891,6.496813297,297.9781189,0,130.6903229,13.1255064,9.999999747e-05,94001.95312,11.30054569,4.621406733
107.5999985,289.5132404,85.9274382,29.54604439,67.4380909,0.6234941083,63.88185036,6.499982834,297.9723816,0,132.481369,9.117863655,9.999999747e-05,94006.13281,11.28030682,4.674189109
107.8000031,291.3460261,85.91177196,29.58555094,67.43691168,0.6223384376,63.77255243,6.503730774,297.9703369,0,133.0026855,6.400942802,9.999999747e-05,94010.04688,11.2520895,4.721954903
108,293.6856823,86.32673506,29.64552186,67.4172458,0.6211852659,63.77507051,6.50672102,297.9704285,0,132.0283203,4.697382927,9.999999747e-05,94013.38281,11.22156715,4.746273333
108.1999969,295.5675011,87.06128958,29.69972274,67.37714715,0.6205219293,63.88674797,6.508467674,297.9729004,0,129.8620911,3.630635262,9.999999747e-05,94016.10156,11.18816185,4.782876797
108.4000015,296.7521712,87.9049376,29.7332804,67.32043415,0.6204446699,64.09516764,6.508871078,297.9776917,0,126.9988403,3.375689983,9.999999747e-05,94018.25781,11.15573025,4.829608534
108.5999985,297.2260711,88.6909703,29.74297692,67.25734705,0.6208843457,64.36497561,6.508446217,297.9855347,0,123.9745865,3.999851704,9.999999747e-05,94020.03125,11.12180042,4.90921978
108.8000031,297.4542246,89.28873963,29.73418123,67.19484561,0.6215923076,64.68710547,6.506022453,297.9907227,0,121.1188354,5.82750082,9.999999747e-05,94021.3125,11.11470032,4.86681972
109,296.2906634,89.68988946,29.70028008,67.15158394,0.6228640831,64.93822717,6.503238678,297.99646,0,119.2365036,7.017474651,9.999999747e-05,94022.625,11.1025238,4.897945228
109.1999969,295.2064043,89.60588727,29.6438495,67.11670083,0.6241682736,65.22002989,6.501368999,298.0036316,0,118.4623108,8.611683846,9.999999747e-05,94024.14062,11.09090137,4.960333238
109.4000015,294.8731492,89.28712795,29.60101936,67.1047783,0.6248854619,65.38883201,6.499969006,298.008728,0,118.431839,10.90551662,9.999999747e-05,94025.6875,11.09101105,4.951943292
109.5999985,294.6968624,88.92510825,29.57365739,67.11611608,0.6251983208,65.38621102,6.500415802,298.0167847,0,118.9628677,12.75284767,9.999999747e-05,94027.45312,11.06889153,5.051430442
109.8000031,295.9263104,88.49985431,29.56697334,67.12636111,0.6247767951,65.37123564,6.500586033,298.0193481,0,119.3105698,15.82218647,9.999999747e-05,94028.86719,11.0737505,4.974229503
110,296.4511828,88.3888774,29.57807844,67.15215414,0.6243866886,65.1909444,6.501534939,298.0230713,0,119.5970001,17.26768112,9.999999747e-05,94030.26562,11.05251503,5.023268032
110.1999969,297.6282356,88.22196718,29.58404668,67.15428461,0.6239244166,65.15666856,6.502504826,298.025177,0,119.5005264,19.25827026,9.999999747e-05,94031.36719,11.04067802,5.016876922
110.4000015,298.5721292,88.29657816,29.60137492,67.15660002,0.6235051124,65.09492686,6.503860474,298.0295105,0,119.0184402,20.8216362,9.999999747e-05,94032.30469,11.01247883,5.084406081
110.5999985,299.9033097,88.40460067,29.61581039,67.14027823,0.6231300847,65.17020502,6.505176067,298.0351868,0,117.9928741,23.24383545,9.999999747e-05,94032.89844,10.98542404,5.13967107
110.8000031,301.1991462,88.67389961,29.63472763,67.11830741,0.6228533898,65.29357733,6.506649017,298.0457153,0,116.4424667,26.27983856,9.999999747e-05,94033.19531,10.94331646,5.264461062
111,302.8841035,88.92794973,29.64746901,67.08024435,0.6226771847,65.58781171,6.50711441,298.054657,0,114.3022232,31.19291115,9.999999747e-05,94032.85938,10.92252159,5.275762661
111.1999969,303.7610997,89.39154461,29.66149633,67.05043282,0.6228204752,65.81985635,6.506114006,298.0598145,0,111.9795685,35.90623856,9.999999747e-05,94032.00781,10.90947533,5.250338561
111.4000015,303.5959533,89.7685783,29.64928637,67.01536428,0.6235541224,66.08850771,6.504014492,298.061676,0,110.0586853,39.67604446,9.999999747e-05,94030.92969,10.90293884,5.226679933
111.5999985,302.6860414,89.90775516,29.61337361,66.98324561,0.6246558647,66.35756786,6.501600742,298.061676,0,108.9764938,42.52082825,9.999999747e-05,94029.90625,10.90027905,5.219548505
111.8000031,301.6075211,89.75938074,29.56678522,66.96428528,0.6257204956,66.55406977,6.498763084,298.0549622,0,108.8573151,44.82238388,9.999999747e-05,94028.97656,10.91823769,5.128440343
112,299.9798802,89.48079996,29.52169822,66.97416609,0.62664101,66.48112152,6.496635914,298.0463257,0,109.8735809,44.81254578,9.999999747e-05,94028.47656,10.92704678,5.09567264
112.1999969,298.7270637,88.91356992,29.47465124,66.99277022,0.6271648053,66.31095259,6.495393276,298.0342712,0,111.7370605,43.94343567,9.999999747e-05,94028.35938,10.9431715,5.028732677
112.4000015,297.7411368,88.34100068,29.44691918,67.03231565,0.6271323856,65.91518943,6.495985508,298.0248413,0,114.0970917,41.58638,9.999999747e-05,94028.73438,10.9389658,5.047377532
112.5999985,297.9250551,87.75782851,29.43887137,67.06640281,0.6264535735,65.53503873,6.497570038,298.0143433,0,116.2169113,39.70904922,9.999999747e-05,94029.24219,10.93930149,5.010723422
112.8000031,298.4646085,87.4987995,29.45848983,67.10086213,0.6254746339,65.11177775,6.500370979,298.0083313,0,117.7056885,37.08642197,9.999999747e-05,94029.85938,10.91524792,5.066322351
113,299.8728991,87.43293766,29.48814374,67.10376938,0.6244253763,64.94659625,6.5024786,297.9988708,0,118.0731964,35.63395691,9.999999747e-05,94030.10938,10.91061592,4.996053888
113.1999969,300.4344866,87.84255542,29.52707849,67.09876086,0.6238102938,64.798362,6.504055023,297.9916382,0,117.6038361,32.72468185,9.999999747e-05,94030.21875,10.88702011,5.014709922
113.4000015,300.7406695,88.26583433,29.54138333,67.05667755,0.6237847366,64.95161845,6.503715515,297.9801636,0,116.5033875,30.2628727,9.999999747e-05,94030.00781,10.89019585,4.91444222
113.5999985,299.5673773,88.8376602,29.54084787,67.01942099,0.6244289492,65.04408318,6.502913952,297.9726257,0,115.5433197,26.04031944,9.999999747e-05,94030.01562,10.87304688,4.94597338
113.8000031,298.4681491,89.04107084,29.50889668,66.96388246,0.6254050478,65.35381917,6.50216198,297.9684448,0,114.8993607,22.78529358,9.999999747e-05,94030.25,10.86274147,4.976512465
114,297.6340512,89.13865732,29.48332169,66.92579333,0.6261568839,65.59069905,6.501114368,297.9645081,0,114.5544815,20.37262154,9.999999747e-05,94030.61719,10.86247158,4.954263677
114.1999969,296.727114,89.14268328,29.45882229,66.90476083,0.626816886,65.72065835,6.499358654,297.9580078,0,114.6297226,17.85772324,9.999999747e-05,94031.08594,10.875494,4.86944256
114.4000015,295.3479978,89.00336491,29.42611477,66.8994046,0.6275675035,65.73863068,6.49778223,297.9516296,0,115.4086151,14.3194561,9.999999747e-05,94031.90625,10.88435268,4.824363327
114.5999985,294.1631936,88.61833393,29.38680797,66.90076216,0.6281626341,65.73075596,6.496827126,297.9454956,0,116.8153458,10.58869457,9.999999747e-05,94033.10156,10.89538288,4.778959666
114.8000031,293.3440855,88.14744443,29.3576361,66.91586154,0.6283624302,65.62582241,6.497877121,297.9953613,0,118.6025009,3.176608562,21.73016167,94034.77344,10.88433075,4.836636177
115,296.1339769,87.46923298,29.38872931,66.95210274,0.62690122,65.97057281,6.499001026,297.9864807,0,119.9650726,18.37821198,2.17301631,94035.94531,10.88929749,4.746526628
115.1999969,297.5937549,86.75618412,29.39592558,67.03636863,0.6257300239,65.24631638,6.500433445,297.9729309,0,120.8843307,14.77225399,0.217301622,94036.61719,10.8890152,4.687463691
115.4000015,297.4792275,86.90259864,29.41026279,67.0295035,0.6254314004,65.13603908,6.501423359,297.9611816,0,121.2297745,9.654573441,0.0217301622,94037.35938,10.88275051,4.658064355
115.5999985,297.0849084,87.15189064,29.41486457,67.00116422,0.6255151423,65.20403562,6.502072811,297.9525757,0,121.1817245,4.691912174,0.002173016313,94038.23438,10.87355328,4.653340576
115.8000031,296.6435594,87.41110383,29.41329627,66.9650539,0.6257934443,65.36682427,6.501031399,297.9434204,0,120.8735733,0.3529274166,0.0002173016255,94039.08594,10.88447475,4.551015256
116,295.2136375,87.60968167,29.39445498,66.9403081,0.6265598398,65.46899931,6.499062538,297.9597168,0,120.9866028,0.1058782265,12.2579298,94040.22656,10.89486027,4.481367174
116.1999969,295.2123398,87.31207533,29.38260301,66.96714666,0.6266146702,65.42916362,6.498343468,297.9484253,0,121.8847046,3.667915821,1.225793004,94041.49219,10.88648415,4.507314366
116.4000015,294.893835,86.64608365,29.3373538,66.98147729,0.62688261,65.25421143,6.499042034,297.9850464,0,123.0633392,1.100374699,21.44090271,94042.88281,10.88663101,4.514115853
116.5999985,297.1908175,86.2930318,29.37831605,67.02535312,0.625547526,65.3371912,6.500530243,297.9694214,0,123.9619522,11.88911819,2.144090414,94043.9375,10.870224,4.523919442
116.8000031,298.2610542,85.77661432,29.37178713,67.06238913,0.6248912009,64.85912067,6.502764225,297.9543152,0,124.2671814,5.660490036,0.2144090384,94044.63281,10.85857868,4.534588645
117,298.1695895,86.26060745,29.39325281,67.01938439,0.6247897168,65.00635369,6.504007816,297.9426575,0,123.6789169,9.999999747e-05,0.02144090272,94045.35156,10.84660149,4.523253978
117.1999969,297.6735153,86.86275458,29.40435704,66.96436928,0.6251275551,65.25578201,6.504738331,297.9577332,0,122.5989075,9.999999747e-05,11.19434166,94046.19531,10.82670879,4.562407373
117.4000015,298.9003759,87.2580374,29.43486079,66.94695342,0.6247726536,65.41690806,6.505654335,297.9506531,0,121.2250977,3.142579317,1.119434237,94046.74219,10.79245186,4.650292394
117.5999985,299.142478,87.50093324,29.42311549,66.89881258,0.6252193277,65.65030184,6.505393028,297.9427185,0,119.4827042,9.999999747e-05,0.1119434163,94046.96094,10.78728104,4.625246055
117.8000031,298.011101,88.19492111,29.42042147,66.84095142,0.626122559,65.93427998,6.503576279,297.9612122,0,117.8491898,9.999999747e-05,12.07529736,94047.26562,10.78394318,4.595234727
118,297.9846406,88.41494628,29.41593695,66.82734394,0.626595527,66.13961635,6.501615524,297.9521484,0,116.9437561,4.297871113,1.207529783,94047.51562,10.77397251,4.609145646
118.1999969,296.8899015,88.13809557,29.35992178,66.80861662,0.6277285082,66.22661626,6.500780582,297.9451599,0,116.8181458,9.999999747e-05,0.1207529753,94048,10.76831818,4.657230992
118.4000015,295.8593974,88.11156706,29.3295611,66.7767888,0.628518458,66.42704864,6.50123024,297.9651794,0,117.0223618,9.999999747e-05,10.79731655,94048.89844,10.75123978,4.742501621
118.5999985,297.3517194,87.92457901,29.34356851,66.78707048,0.6278772676,66.51812288,6.502158165,297.9604187,0,117.0460281,4.900094986,1.079731703,94049.52344,10.73496532,4.766747987
118.8000031,297.9884611,87.75388513,29.33898465,66.78812399,0.6276907385,66.47275544,6.503744602,297.9572449,0,116.7010727,1.803416491,0.1079731658,94050.00781,10.71447754,4.825501055
119,298.2949952,88.07054346,29.35055981,66.74822323,0.6277024982,66.7209018,6.505500793,297.9581604,0,115.7210083,9.999999747e-05,0.01079731621,94050.49219,10.68338871,4.919030549
119.1999969,298.9099836,88.4949843,29.36427637,66.69569765,0.6277817486,67.08596723,6.506423473,297.9601746,0,114.0399475,9.999999747e-05,0.001079731621,94050.75,10.66261482,4.950600334
119.4000015,299.1356898,89.06562391,29.37769327,66.64622994,0.6281200814,67.41518204,6.506115913,297.962738,0,111.9931641,9.999999747e-05,0.0001079731665,94050.77344,10.64616299,4.961277824
119.5999985,298.7598888,89.56538497,29.37215862,66.59286099,0.6289566907,67.79793966,6.504719257,297.9654236,0,110.070755,9.999999747e-05,9.999999747e-05,94050.69531,10.63690376,4.962277551
119.8000031,297.9424844,89.87583998,29.34962862,66.54701515,0.6300942412,68.16063753,6.502182484,297.966217,0,108.7066803,9.999999747e-05,9.999999747e-05,94050.60156,10.64490223,4.905751584
120,296.6287382,89.95041515,29.31493059,66.52446137,0.6313469641,68.36516383,6.498971939,297.9641724,0,108.3575516,9.999999747e-05,9.999999747e-05,94050.67969,10.66305733,4.825676537
120.1999969,295.1112595,89.66473038,29.26749322,66.52833865,0.6324932806,68.38415917,6.497199535,297.9629517,0,109.2911758,9.999999747e-05,9.999999747e-05,94051.25781,10.66234016,4.863124057
120.4000015,294.6216508,89.0283884,29.22418175,66.54512317,0.6328805498,68.31973253,6.497741222,297.9638672,0,110.926918,9.999999747e-05,9.999999747e-05,94052.23438,10.65055847,4.945410654
120.5999985,295.3505061,88.45272354,29.21410268,66.57109701,0.6322468168,68.15904716,6.499123573,297.9632263,0,112.3430481,9.999999747e-05,9.999999747e-05,94053.15625,10.6518631,4.914254983
120.8000031,296.1850031,88.23007743,29.2334762,66.602613,0.631270749,67.89608573,6.501315117,297.9633789,0,113.2107849,9.999999747e-05,9.999999747e-05,94054.03125,10.6324358,4.949721558
121,297.4071732,88.16193442,29.25509139,66.60557735,0.6304073726,67.85108339,6.504011631,297.9656372,0,113.2020569,9.999999747e-05,9.999999747e-05,94054.72656,10.6037035,5.01946657
121.1999969,298.7650053,88.37939941,29.2841408,66.58284703,0.6297392378,68.01608484,6.505686283,297.9669189,0,112.115509,9.999999747e-05,9.999999747e-05,94054.96094,10.59122372,4.992245148
121.4000015,299.2929147,88.94233758,29.31435159,66.55077936,0.6296056463,68.21402448,6.505728722,297.967041,0,110.3641205,9.999999747e-05,9.999999747e-05,94054.84375,10.58176517,4.951157955
121.5999985,298.9450664,89.48941954,29.31932069,66.50676926,0.6302363781,68.4998368,6.504702568,297.9674683,0,108.5978928,9.999999747e-05,9.999999747e-05,94054.625,10.56959438,4.957250487
121.8000031,298.2147584,89.81841034,29.30039608,66.45940503,0.6313040764,68.85411454,6.502929688,297.9676208,0,107.2403641,9.999999747e-05,9.999999747e-05,94054.40625,10.56747437,4.946945989
122,297.2441855,89.95609546,29.2727158,66.42814248,0.6324222807,69.10993626,6.500472546,297.9656372,0,106.5910873,9.999999747e-05,9.999999747e-05,94054.25,10.57959175,4.885891858
122.1999969,296.0268167,89.87161514,29.23908416,66.421978,0.6334385791,69.1725284,6.498786926,297.9641724,0,106.9243774,9.999999747e-05,9.999999747e-05,94054.42969,10.57767677,4.909509556
122.4000015,295.4429611,89.46256236,29.20167945,66.42506219,0.6340083422,69.19536286,6.497498512,297.9599609,0,107.9272156,9.999999747e-05,9.999999747e-05,94054.76562,10.59538841,4.839727048
122.5999985,294.917919,89.08839205,29.18449176,66.45862905,0.6339935412,68.91872454,6.496864319,297.9534607,0,109.4465714,9.999999747e-05,9.999999747e-05,94055.29688,10.60573196,4.785529868
122.8000031,294.7012305,88.6203451,29.17011923,66.49636873,0.6336769174,68.57576528,6.497188568,297.9453125,0,111.2187881,9.999999747e-05,9.999999747e-05,94056.01562,10.61093426,4.750388438
123,294.8629616,88.21271804,29.1683756,66.53486823,0.633007843,68.18502118,6.499275684,297.9655457,0,112.8602829,9.999999747e-05,11.76084137,94056.94531,10.5915308,4.817384041
123.1999969,297.248767,87.82359213,29.2026947,66.57218446,0.631309791,68.06117913,6.502202988,297.9596558,0,113.6642685,4.985044956,1.176084161,94057.46875,10.56861687,4.849463967
123.4000015,298.7370899,87.66143601,29.22319639,66.58177464,0.6303227236,67.95590414,6.503717899,297.9485779,0,113.3002396,1.516147971,0.1176084206,94057.39062,10.57997513,4.716961179
123.5999985,298.3126584,88.34432092,29.25943388,66.56178069,0.6301982248,67.92598811,6.504028797,297.968689,0,112.337532,0.4548443854,13.65335178,94057.32031,10.56638145,4.70421285
123.8000031,299.3178715,88.63916575,29.28306571,66.54549529,0.6299391292,68.178774,6.50287962,297.9548645,0,111.249855,5.540274143,1.365335107,94056.83594,10.5679512,4.628237466
124,298.2507871,88.71148024,29.25528709,66.53080272,0.6308631339,68.18216717,6.501459122,297.9412842,0,110.6228333,9.999999747e-05,0.1365335137,94056.42969,10.57027817,4.61196308
124.1999969,296.4116164,88.93469243,29.2237191,66.48690997,0.6321633453,68.39753648,6.499392033,297.9535217,0,110.5601044,9.999999747e-05,12.3685751,94056.40625,10.58500671,4.552360416
124.4000015,296.2830719,88.79616211,29.21755284,66.51266701,0.6322157125,68.27100189,6.497509956,297.9370728,0,111.3256073,2.122930765,1.236857414,94056.4375,10.59125423,4.507071672
124.5999985,295.0395473,88.18671331,29.1622794,66.52693265,0.6329931201,68.10970027,6.497249603,297.9703369,0,112.8411331,0.6368792653,22.69432259,94056.86719,10.59793568,4.51544769
124.8000031,296.8933854,87.67008162,29.18670427,66.58735111,0.6315759696,67.95195392,6.497626305,297.9483337,0,114.4561386,9.871829033,2.269432306,94057.03906,10.59797859,4.464759458
125,296.9857187,86.88858211,29.1585549,66.64023779,0.6311385715,67.39798126,6.499368191,298.0050964,0,115.9235458,2.961548805,35.11270523,94057.17188,10.59899235,4.454014558
125.1999969,300.3797316,86.64135835,29.22898595,66.6840901,0.6289787198,67.67437494,6.50134325,297.976593,0,116.6918488,20.77183151,3.511270523,94056.74219,10.58214092,4.437375033
125.4000015,301.3048007,86.07170834,29.21907911,66.73600094,0.6282283115,66.99009462,6.503661633,297.9474792,0,116.6735764,10.70305443,0.3511270583,94055.84375,10.57624912,4.422123283
125.5999985,299.9154479,86.94306188,29.24050338,66.66850983,0.6286584818,67.16755506,6.504107475,297.9730835,0,115.7275467,3.210916519,22.82204247,94055.20312,10.57355118,4.376254914
125.8000031,300.7164145,87.55114408,29.28345684,66.63995027,0.6283479022,67.56071651,6.502855778,297.9445496,0,114.6105423,10.29186916,2.28220439,94054.30469,10.56889343,4.322015363
126,298.9828087,87.57760428,29.23672342,66.6176916,0.6296371266,67.46803539,6.500827789,297.9968262,0,113.993721,3.087560892,36.34042358,94053.53906,10.58462048,4.258050326
126.1999969,300.1542448,87.61100265,29.26174898,66.63011777,0.6292632788,67.89550214,6.49759388,297.9566956,0,114.1853333,19.26104546,3.634042263,94052.52344,10.59897518,4.147885724
126.4000015,298.0231486,86.72950863,29.17358625,66.68120016,0.6304594763,67.16913807,6.49501276,297.9184265,0,115.6718369,4.907820225,0.3634042442,94051.79688,10.63095474,4.058353433
126.5999985,294.1266117,86.60255438,29.10947122,66.65503773,0.6321792601,67.06192442,6.492490292,297.930481,0,118.1848984,1.472346187,22.6738987,94052.21094,10.66556263,3.965924955
126.8000031,294.0345088,85.84515442,29.09965973,66.73948881,0.631425322,66.50204504,6.491896629,297.8953247,0,121.7088013,0.4417038262,2.193016529,94053.03906,10.67313862,3.940027188
127,292.6465241,84.46973522,29.02145803,66.78659295,0.6316394079,65.97098072,6.492420673,297.9302063,0,125.4640427,0.1325111538,34.93578339,94054.33594,10.7122221,3.817301989
127.1999969,295.3011206,83.72936806,29.08886054,66.92311825,0.6287838755,65.2210486,6.493611336,297.8825378,0,129.0121765,0.03975334391,9.999999747e-05,94055.39062,10.71175194,3.740354088
127.4000015,293.925156,82.41252607,29.01151781,66.95286885,0.6290175059,64.72620704,6.496300697,297.9377747,0,132.0854187,0.01192600373,46.55858231,94056.83594,10.73815346,3.669699457
127.5999985,298.6813288,82.24521722,29.14638079,67.07084709,0.6253646566,64.34793446,6.501763344,297.8903809,0,134.0800629,0.003577801166,9.999999747e-05,94057.74219,10.68468285,3.792937979
127.8000031,298.9107411,81.67399923,29.10726552,67.01566872,0.6254340411,64.51079747,6.507709026,297.9562988,0,133.885376,0.001073340303,49.94025803,94058.42969,10.6830225,3.79286068
128,305.5483203,82.96154782,29.32479224,67.04809599,0.6216810598,64.86760482,6.51169157,297.9050293,0,131.3197479,18.9835186,4.994025707,94057.66406,10.61887169,3.854351568
128.1999969,305.4488684,83.63426964,29.31774193,66.98945141,0.6222299484,64.61097507,6.514975071,298.0169983,0,127.1691666,5.695055485,69.83587646,94056.25781,10.58251953,3.953034864
128.3999939,311.6356805,85.27541803,29.48122837,66.89311399,0.6204192106,66.53415942,6.515942574,297.9608765,0,121.7011185,41.1506424,6.983587742,94053.375,10.51449203,4.076501396
128.6000061,310.0691587,86.14890641,29.43388318,66.84097081,0.6221512483,66.01450895,6.515062332,297.9116821,0,115.8514481,21.58403015,0.6983587742,94049.84375,10.48528385,4.162980778
128.8000031,303.7002806,88.81417383,29.39412348,66.58087063,0.626319057,67.35137362,6.510007858,297.965332,0,110.3524475,6.475209236,39.97252655,94047.41406,10.47737503,4.193631127
129,302.1227677,90.07531684,29.37895178,66.45748698,0.6286693183,68.58368081,6.50399828,297.9276733,0,106.8830872,22.03984451,3.997252703,94045.28125,10.45767784,4.286703409
129.1999969,298.2185158,89.68138466,29.22958555,66.39198408,0.6326302118,68.94031579,6.49788475,298.0299683,0,105.8072433,6.611953735,61.21965408,94043.65625,10.50221062,4.211785417
129.3999939,299.3422475,89.19598631,29.22031189,66.41283019,0.6329588672,69.94804508,6.493164062,297.9783325,0,107.1741104,39.48077011,6.121965408,94042.21094,10.51332474,4.19500461
129.6000061,297.8279198,87.11815636,29.08077275,66.53764888,0.6338971576,68.717444,6.491514683,297.9266968,0,110.4244843,22.02531052,0.6121965647,94041.01562,10.55382156,4.125339107
129.8000031,293.9001333,86.7842237,29.03113206,66.5526114,0.6348003674,68.04896827,6.491100311,297.9722595,0,114.3290024,6.607593536,39.26660538,94041.16406,10.58295822,4.054791602
130,295.5212911,85.99543682,29.06479185,66.63444251,0.6327962741,67.86790006,6.492613316,297.9240112,0,118.4048691,19.9556179,3.926660299,94041.59375,10.58608341,4.016908139
130.1999969,295.614449,84.42903952,29.01981332,66.75147626,0.6314664387,66.51958878,6.497181416,298.0164185,0,121.8732834,5.986685276,61.01074982,94042.10156,10.58990288,4.013130585
130.3999939,301.8515135,84.13568902,29.16366621,66.81583685,0.6274014951,67.14538839,6.50301218,297.9627075,0,123.5106277,35.3838768,6.101075172,94041.80469,10.54833603,4.067293134
130.6000061,304.2232904,83.35947183,29.17944682,66.90639612,0.6254730338,65.77547277,6.507966518,297.9080811,0,122.8212051,16.77174377,0.6101074815,94040.35156,10.54625416,3.980872444
130.8000031,301.6089818,85.45155005,29.24255976,66.7660433,0.6262641247,66.27979542,6.51019907,297.9498901,0,120.1569977,5.031522751,38.11003876,94039.51562,10.51484585,4.038173555
131,303.5335747,86.95174525,29.33080172,66.66987543,0.6258132906,67.28052826,6.510509491,297.9109497,0,116.6059265,1.509456873,9.999999747e-05,94038.19531,10.47019291,4.126638054
131.1999969,299.9533642,87.76421522,29.25160615,66.5011932,0.6291082659,68.34994137,6.509209156,297.9682922,0,112.9283142,0.4528370798,41.45153046,94037.28125,10.47280693,4.156460561
131.3999939,301.7806797,88.94938155,29.32925207,66.48117411,0.6286152537,68.74815372,6.506967068,297.9319153,0,109.7698441,17.18361282,4.145153046,94035.82812,10.42506981,4.273228822
131.6000061,299.5458384,88.83462254,29.22529605,66.40437464,0.631449112,69.13603964,6.505377769,298.0256042,0,107.5061798,5.155084133,56.04243469,94034.52344,10.42158604,4.363295759
131.8000031,302.2599489,89.10138989,29.26744112,66.37177326,0.6309943335,70.34945197,6.50404501,297.9879761,0,105.8731003,35.20149994,5.604243279,94032.76562,10.38969707,4.460530187
132,301.7100603,88.35318598,29.18249091,66.38513946,0.632336196,70.09060701,6.503394604,297.9485474,0,104.7744141,22.47823524,0.5604243279,94030.71875,10.39743996,4.472293666
132.1999969,298.1415595,89.31946728,29.16384611,66.2965044,0.6343760008,70.29917198,6.50146246,297.996582,0,103.934494,6.743470192,35.19315338,94029.48438,10.40551472,4.448894702
132.3999939,298.3577842,89.55353029,29.17455105,66.26408643,0.6347030358,70.97647345,6.499225616,297.9610901,0,103.8737259,21.68271637,3.519315481,94028.35938,10.41018009,4.415441889
132.6000061,296.8897098,88.8862052,29.10440845,66.29124529,0.6358511283,70.5882963,6.497350693,297.9234619,0,104.7047119,8.943725586,0.3519315422,94027.39844,10.44292641,4.316247035
132.8000031,293.5135123,89.14660625,29.07366687,66.26882701,0.6372837854,70.33822195,6.495540619,297.9477539,0,106.283493,2.683117867,26.65243912,94027.39844,10.46552944,4.253893652
133,294.0072965,88.78975131,29.084567,66.32490864,0.636369357,70.0217677,6.495471001,297.9128113,0,108.5871048,0.8049353361,9.999999747e-05,94027.66406,10.45911312,4.273373277
133.1999969,292.5565049,87.83463921,29.01383044,66.3303433,0.6370920124,69.86984679,6.497574329,297.956665,0,110.9131622,0.2414806038,34.79289627,94028.46094,10.47379589,4.276627262
133.3999939,296.0962589,87.67240005,29.10815992,66.43155151,0.6336949909,69.2994549,6.499703407,297.9186707,0,112.3964005,12.36780643,3.47928977,94028.63281,10.45740509,4.220199135
133.6000061,296.2785644,87.0474441,29.08544549,66.46738096,0.6332047763,68.74551381,6.502093315,297.9924622,0,113.0347519,3.71034193,51.00780106,94028.5625,10.4672327,4.155786475
133.8000031,300.4556885,87.38090894,29.20114049,66.50633651,0.6303899109,69.09496816,6.503996849,297.9455872,0,112.7163773,26.40646935,5.10078001,94027.72656,10.43493843,4.166991757
134,300.442971,86.95961096,29.1653329,66.52481134,0.6305636095,68.55698553,6.505411148,298.0570984,0,111.6390533,7.921940804,69.7953949,94026.375,10.44260025,4.110046317
134.1999969,304.9734091,87.43904453,29.27433524,66.50257906,0.6286139156,70.0089625,6.505507469,297.9974976,0,109.9960403,44.70452118,6.979538918,94024.13281,10.41882992,4.099094487
134.3999939,304.281254,87.0614054,29.22011424,66.54764879,0.6293078717,69.02615179,6.50488472,297.9369812,0,108.3172836,25.44704819,0.6979539394,94021.35156,10.42920876,4.043136825
134.6000061,298.9224917,88.66250342,29.19879086,66.41116698,0.6321474514,69.31817418,6.502318859,297.9821777,0,106.8856812,7.634114265,41.30711365,94019.76562,10.43447876,4.041673117
134.8000031,298.5788725,89.1876782,29.20752688,66.35489197,0.6329226006,70.10195825,6.50000906,297.9336853,0,106.4845886,21.31806755,4.130711555,94018.51562,10.42315674,4.097818429
135,296.2647582,88.55358198,29.1123628,66.34842635,0.6348424418,69.8635103,6.497664928,298.0206299,0,107.0004196,6.395420074,60.42293167,94017.49219,10.46515846,3.976904356
135.1999969,298.5122348,88.39717268,29.16563976,66.39627747,0.6334262312,70.36498466,6.496132851,297.960022,0,108.4547653,34.26255798,6.042293072,94016.35156,10.45957661,3.961463059
135.3999939,297.4670821,86.9195661,29.07080247,66.490813,0.6337535071,69.15143654,6.495600224,297.8997498,0,110.5192337,13.47542858,0.604229331,94015.125,10.50087261,3.823607725
135.6000061,293.0390487,87.38823109,29.04788623,66.45850722,0.6350827026,68.73025625,6.495087147,297.927002,0,112.795929,4.042628765,36.45343399,94015.22656,10.52068901,3.77507957
135.8000031,294.1306846,87.19800546,29.08741338,66.51666213,0.6335199611,68.3909015,6.49728775,297.8765564,0,115.2810898,1.212788582,9.999999747e-05,94015.64062,10.49076653,3.889595216
136,292.7423827,86.34255763,29.01578194,66.48730783,0.6343106672,68.39853221,6.500717163,297.9339905,0,116.8771362,0.3638365865,47.84960175,94016.42969,10.51137161,3.854144369
136.1999969,297.3938884,86.8373147,29.17047163,66.58286286,0.6302803183,67.94227777,6.504380703,297.8847656,0,117.106041,0.1091509759,9.999999747e-05,94016.42188,10.4571619,3.929893589
136.3999939,296.0518459,86.59805152,29.10630727,66.48670425,0.6317708655,68.5200318,6.507863522,297.9541321,0,115.8726654,0.03274529055,52.28429794,94016.49219,10.46596718,3.926295046
136.6000061,300.969813,87.87014536,29.28156905,66.52542218,0.6284245607,68.57270343,6.50863409,297.9004517,0,113.2475586,20.00833893,5.228429794,94015.3125,10.42114353,3.917346163
136.8000031,299.2869333,88.0934049,29.22236213,66.46575864,0.6302914281,68.58619412,6.50699091,298.0095215,0,110.3226013,6.002501488,73.36371613,94013.78906,10.44630146,3.801847752
137,302.5533987,89.02595233,29.32248189,66.44943485,0.6291058875,69.65934533,6.503099918,297.9355774,0,108.0540466,40.30240631,7.336371899,94011.51562,10.4336195,3.749622912
137.1999969,299.3334005,88.36294583,29.19516084,66.47165406,0.631717217,68.85009454,6.499509811,298.1013794,0,107.3416748,12.09072208,102.643486,94009.35156,10.46755791,3.680552402
137.3999939,303.5745919,87.88165302,29.24081294,66.45285083,0.6308342786,71.18724075,6.498296261,298.013031,0,108.0569839,67.43083191,10.26434803,94006.95312,10.44774055,3.78330559
137.6000061,303.1831255,86.10502527,29.13712508,66.61809782,0.6306265853,68.91746544,6.498717308,297.9263306,0,109.2510071,39.51113129,1.026434898,94003.97656,10.47298336,3.700090665
137.8000031,297.0772317,87.39243284,29.12095148,66.52448679,0.6326850046,68.52302169,6.498454094,297.9920959,0,110.2787552,11.8533392,58.16583252,94002.67188,10.48071575,3.70226184
138,298.393233,87.70909251,29.17379538,66.49225464,0.6318733609,69.39189874,6.498734951,297.9213867,0,111.4192886,32.4248848,5.816583157,94001.625,10.46981335,3.727700483
138.1999969,296.8037829,86.83390398,29.10193632,66.54311117,0.6323809814,68.3664324,6.501029015,298.0524902,0,112.4436111,9.72746563,85.79508209,94000.75,10.47378445,3.756666449
138.3999939,302.7446817,86.8818989,29.22776237,66.54583333,0.6293586525,69.91640123,6.503316879,297.973175,0,112.5453186,52.54496384,8.579507828,93999.02344,10.44763088,3.765246633
138.6000061,302.8950055,86.07517327,29.18933545,66.65214075,0.6287710948,68.16162709,6.506670952,297.9008484,0,111.7383957,26.16650963,0.8579508066,93996.64844,10.43475914,3.805123011
138.8000031,298.1103233,88.09352769,29.20322187,66.47124568,0.6310235459,68.73669841,6.508651733,297.9534607,0,109.5863571,7.849953175,47.87597656,93995.5625,10.40460587,3.950557727
139,299.7906524,89.43451487,29.2829423,66.36962353,0.630645388,69.84637658,6.507293701,297.8936768,0,106.649826,22.82722664,4.787597656,93994,10.39804554,3.876187141
139.1999969,296.5105967,89.93231979,29.22027512,66.30843945,0.6333071735,69.83058787,6.504025459,298.0040283,0,104.2631912,6.848168373,75.18239594,93992.63281,10.42537975,3.787295424
139.3999939,299.0486547,90.45042261,29.28334144,66.29995596,0.632593986,70.83758668,6.499949455,297.9296265,0,103.1794128,41.38421631,7.518239975,93990.83594,10.41819,3.763798688
139.6000061,296.3037641,89.30491413,29.14592204,66.34367244,0.634971455,70.04234919,6.497056007,298.0996094,0,103.7225723,12.41526508,105.375267,93989.19531,10.46074772,3.678568777
139.8000031,300.9912473,88.60931627,29.20415261,66.36176694,0.6332883122,72.07340385,6.49579668,298.0049438,0,105.4166641,68.98162842,10.53752613,93987.21094,10.46010208,3.671743885
140,300.7067028,86.6578286,29.10978454,66.56598507,0.6324355621,69.46103274,6.496720791,297.9132385,0,107.6128845,38.78222656,1.053752661,93984.71094,10.48515511,3.580990916
140.1999969,294.71961,87.74829807,29.09541218,66.48692936,0.6341615976,68.88384913,6.497883797,297.9786377,0,109.4375839,11.6346674,59.98476028,93983.96875,10.48804665,3.617054315
140.3999939,296.7790299,88.07475088,29.17154962,66.47268736,0.6325242423,69.5366692,6.498456001,297.9006958,0,110.8032227,31.63232994,5.998476028,93983.22656,10.48924065,3.546754561
140.6000061,294.9391588,87.31369549,29.11005492,66.53229097,0.6328866151,68.36796589,6.499554634,298.0329285,0,111.9427338,9.48969841,91.223526,93982.57031,10.51393509,3.456351663
140.8000031,300.4286544,87.44865001,29.24174053,66.56077471,0.6297924427,69.63360735,6.501601219,297.9430542,0,112.639061,51.97533417,9.1223526,93981.28906,10.4784708,3.521760513
141,300.212639,86.30290194,29.17710766,66.6679161,0.6294081326,67.80299842,6.504668713,298.1429138,0,112.5153885,15.59260082,123.3875351,93979.32812,10.48566246,3.479827772
141.1999969,308.5639306,86.26207879,29.32754954,66.60340055,0.6264424404,71.25986719,6.506346703,298.0293274,0,111.164299,83.08428192,12.3387537,93975.98438,10.47441864,3.410743248
141.3999939,308.1944647,85.9504678,29.3106742,66.78464353,0.625653005,68.07916933,6.507983208,297.9241028,0,109.1498489,47.75069427,1.233875394,93971.63281,10.45527935,3.431988384
141.6000061,300.077153,88.66455807,29.28638013,66.53179807,0.6295638517,68.66091194,6.507398129,297.99823,0,106.4765244,14.32520866,66.08797455,93969.25,10.43939209,3.554576148
141.8000031,300.4613762,89.99919783,29.33584029,66.38945611,0.6303149066,70.36474415,6.505601883,297.9195557,0,104.0445175,37.83700943,6.60879755,93967.03125,10.41724586,3.63673315
142,296.9365696,90.00711583,29.23572504,66.34269291,0.6332186929,70.08936911,6.503407955,298.0654602,0,102.3277588,11.35110188,96.05736542,93965.10156,10.44100571,3.6074235
142.1999969,300.7121835,90.20412451,29.30510929,66.31295108,0.6321778633,71.93722501,6.502101421,297.97995,0,101.4859238,59.25830841,9.605736732,93962.78125,10.41191292,3.717375351
142.3999939,299.5450547,89.10106681,29.19958643,66.38611071,0.6333036847,70.66850336,6.501410007,297.895752,0,101.1626129,31.12036705,0.9605736732,93960.10156,10.44129562,3.637645598
142.6000061,292.8007408,90.67260924,29.17567124,66.25506713,0.6364646632,70.6258679,6.499263763,297.9520874,0,101.116745,9.336110115,55.85685349,93959.13281,10.46233177,3.608035088
142.8000031,293.100157,91.14689796,29.21581423,66.24245106,0.636114099,71.00982919,6.497799873,297.8817749,0,101.9360046,25.50152206,5.585685253,93958.54688,10.4516716,3.655014961
143,290.7185535,90.16932789,29.11043283,66.25496147,0.6378137209,70.5393353,6.497035503,298.0005798,0,103.3339081,7.650456905,84.33294678,93958.29688,10.50159454,3.512969419
143.1999969,294.8555856,90.17979753,29.22362848,66.34077983,0.6345845658,70.90809646,6.497036457,297.9148254,0,105.0374374,44.73259354,8.433294296,93957.63281,10.48365879,3.50042504
143.3999939,294.0966734,88.56938248,29.12744568,66.45136748,0.6345620585,69.38415402,6.499373913,298.102356,0,106.7404938,13.41977787,117.1914597,93956.76562,10.50540352,3.451107784
143.6000061,301.7972902,88.1992493,29.27330165,66.47260721,0.6306899704,71.63301887,6.50144577,297.9968872,0,107.5031967,75.56009674,11.71914577,93954.77344,10.49863243,3.358757054
143.8000031,302.3829463,87.07338565,29.24542757,66.67904552,0.6290322063,68.65868881,6.503583431,297.8964233,0,107.4455566,41.60580444,1.171914577,93951.71094,10.5089941,3.241438275
144,295.4211989,89.24418275,29.24698868,66.50394148,0.6317791185,68.72276266,6.504617691,297.9690857,0,106.5317612,12.48174191,66.09716034,93950.5,10.49561119,3.351952846
144.1999969,297.1138868,90.3411785,29.32925387,66.41890255,0.6311162922,69.89343518,6.503443241,297.8858337,0,105.2081833,34.42181778,6.609715939,93949.07812,10.4947052,3.280777424
144.3999939,293.8022919,90.22823632,29.24722893,66.40840807,0.6332834396,69.29417754,6.503038406,298.0376892,0,104.3580093,10.32654572,100.4023438,93948.04688,10.50468922,3.313486877
144.6000061,299.0293534,90.44221622,29.35015487,66.39873384,0.631116101,70.97193575,6.501862049,297.9396667,0,103.6603165,59.06399155,10.04023457,93946.13281,10.49696541,3.259420641
144.8000031,297.3497461,89.49539149,29.25966201,66.50009304,0.6319601073,69.26978114,6.502131462,298.1703491,0,103.4379959,17.71919823,138.5075226,93943.92969,10.5090704,3.248354517
145,305.0095073,88.62808792,29.34418641,66.44276478,0.6299061518,73.12049329,6.500854492,298.0410461,0,103.1007462,95.77648163,13.85075283,93940.42188,10.54671669,3.004449598
145.1999969,303.9979945,87.92544771,29.31523581,66.70416343,0.6287852681,69.24564034,6.500103951,297.9231262,0,103.2839279,55.82576752,1.385075331,93936.17188,10.54925919,2.940878035
145.3999939,294.8690971,89.74285953,29.25196125,66.51129454,0.6327707729,69.1369403,6.498417854,298.0082397,0,103.7607803,16.74773026,74.24880981,93934.28125,10.56477547,2.957815023
145.6000061,295.347053,90.15293608,29.29180546,66.4500707,0.6327029985,70.41283849,6.497585297,297.9161682,0,104.916748,44.11764908,7.424880981,93932.95312,10.53200531,3.090170925
145.8000031,293.1769268,88.90017487,29.17089253,66.48805954,0.6339705251,69.34505719,6.496236801,298.0847473,0,106.3999252,13.23529434,109.7966461,93931.625,10.56817818,2.941892746
146,298.3674774,88.29815217,29.25596325,66.51243022,0.6316653232,71.36510474,6.495693684,297.9727478,0,108.4268875,68.94510651,10.97966385,93929.89844,10.54635811,2.981305102
146.1999969,297.7039924,86.28689994,29.14730782,66.70487815,0.6309424529,68.51769889,6.496502399,297.8761292,0,110.666893,32.22407532,1.097966433,93927.64844,10.55433655,2.927564663
146.3999939,291.0668411,87.29178558,29.0968496,66.56798996,0.6336232359,68.49113848,6.497809887,297.9320679,0,112.5815353,9.667222977,57.98462296,93927.45312,10.54246807,3.072751663
146.6000061,293.2764911,87.58553608,29.16789648,66.55557291,0.631955307,69.01887095,6.497816086,297.8625793,0,113.9758606,2.90016675,9.999999747e-05,93927.19531,10.52700901,3.050087961
146.8000031,289.4378809,86.70730423,29.03493318,66.48188968,0.6347552731,69.26197595,6.498855114,297.943573,0,115.3736191,0.8700500727,65.20693207,93927.82812,10.54706955,3.072872148
147,294.1530657,86.90235105,29.1693347,66.58648633,0.6309680713,69.04335125,6.500555515,297.8768311,0,116.3481674,0.2610150278,9.999999747e-05,93927.80469,10.48718548,3.210663813
147.1999969,291.6294096,85.88292493,29.03229244,66.49408242,0.6335175437,69.44383979,6.504523277,297.9584351,0,116.6436615,0.07830450684,65.16498566,93928.32812,10.48488522,3.35385619
147.3999939,297.6421587,86.69379779,29.21270272,66.56021306,0.6292658629,69.52806766,6.506624222,297.8844299,0,115.3468475,24.10779381,6.516498566,93927.61719,10.42212486,3.427427754
147.6000061,296.2983099,86.47208537,29.13933616,66.51918575,0.6307703071,69.16578073,6.508446217,298.0152893,0,113.2230072,7.232338428,89.82589722,93926.6875,10.40774345,3.514016479
147.8000031,302.0866584,87.40554988,29.27842396,66.47124499,0.6284022886,70.91399137,6.508033276,297.9247742,0,110.3653488,48.60842133,8.982589722,93924.64062,10.35719013,3.596807816
148,299.6107029,87.14592584,29.17718438,66.46765775,0.6306374841,69.98846023,6.504964352,298.1234741,0,107.6791916,14.58252716,123.5317764,93922.14844,10.38126087,3.463148244
148.1999969,304.9200348,87.13698135,29.24495168,66.38684008,0.6298582925,73.3065036,6.501656055,298.0060425,0,106.2222519,80.99607849,12.35317802,93919.02344,10.35742283,3.544107221
148.3999939,302.4537641,85.89150756,29.11195604,66.5259794,0.6312531763,70.73229555,6.498771667,297.900116,0,106.0808945,43.61344147,1.235317826,93915.57031,10.37160397,3.508239148
148.6000061,293.4352645,87.3444954,29.02229597,66.34889024,0.6360469083,70.82093167,6.494951248,297.9705811,0,107.0911942,13.08403206,65.99537659,93914.5625,10.39077759,3.562654082
148.8000031,293.5287487,87.3438736,29.02796879,66.3212301,0.6362188584,71.66472499,6.491841793,297.8849182,0,109.6340485,34.44434357,6.599537849,93914.25781,10.39092541,3.592411618
149,290.7093666,85.3650137,28.87726727,66.41404638,0.6375474185,70.27401605,6.490450382,298.0367126,0,113.41539,10.3333025,100.7762222,93914.4375,10.43431187,3.468829694
149.1999969,296.2772918,84.38549708,28.96594849,66.49986432,0.6340198428,71.4786353,6.489793777,297.9311218,0,117.7497787,59.0244751,10.07762146,93914.28906,10.43062401,3.392771312
149.3999939,295.7022567,81.26112782,28.83279226,66.76953505,0.6323887379,68.00518113,6.491201878,298.1679077,0,122.3500366,17.70734215,142.4158325,93913.55469,10.46206474,3.206373617
149.6000061,305.27452,79.86880607,28.96230713,66.7397003,0.6288593394,72.36598254,6.493304729,298.0253601,0,126.382576,97.60525513,14.24158382,93912.14062,10.46278667,3.136380275
149.8000031,305.8996662,76.83196105,28.89590717,67.17992319,0.6250548336,66.04906453,6.498374939,297.9057617,0,129.5782623,52.94644165,1.424158335,93909.21094,10.44658375,3.086530402
150,299.7971893,78.47475768,28.88391533,67.00866762,0.6269029745,66.11402372,6.502762318,297.9863586,0,130.7383728,15.88393211,72.03647614,93908.20312,10.42822552,3.217601471
150.1999969,303.6883243,79.7151868,29.01699705,66.87552254,0.6253690363,68.49243239,6.506071568,297.893158,0,130.1553192,41.05515671,7.203647614,93907.08594,10.38406181,3.350512456
150.3999939,301.684985,79.62579624,28.9637778,66.88281835,0.6262033935,67.2569892,6.506665707,298.0639954,0,128.2499084,12.31654739,110.5299072,93905.54688,10.38684559,3.265080295
150.6000061,308.5800358,80.50363386,29.11374186,66.77542247,0.6241813777,70.59648049,6.505586624,297.946228,0,126.112236,67.94259644,11.05299091,93903.03125,10.34614754,3.343347091
150.8000031,305.2151785,79.69913527,28.99793164,66.90255234,0.6254732028,67.59794509,6.50334549,298.2106628,0,124.4031143,20.38277817,156.7238617,93899.89844,10.35408783,3.264491372
151,313.7487531,79.17039162,29.0741364,66.70094429,0.6247658906,73.96274644,6.499769211,298.0470581,0,123.5887375,110.4729919,15.67238617,93895.91406,10.3604002,3.209407549
151.1999969,309.9206211,77.63417221,28.96042393,67.05931992,0.6244035922,67.68596754,6.496555328,297.9124146,0,124.2055664,59.95087051,1.567238569,93891.14062,10.35942936,3.142191258
151.3999939,298.6725126,79.2678653,28.8217074,66.84234591,0.6296527538,67.71186847,6.494012833,297.9999084,0,126.1025543,17.98526192,76.973526,93889.51562,10.37278461,3.290124282
151.6000061,299.7264282,79.44087883,28.84587888,66.75112116,0.6297936623,69.73917562,6.491556168,297.896637,0,129.015564,45.90462875,7.697352409,93888.70312,10.37714291,3.306827009
151.8000031,296.3770084,77.16061346,28.68827907,66.91853118,0.6304212435,67.00338897,6.489245415,298.0843506,0,132.9129486,13.77138805,119.4391251,93888.07031,10.42120266,3.106599525
152,303.1222875,76.13661674,28.77410284,66.90314682,0.6280868186,70.29536019,6.488542557,297.951355,0,137.7344971,75.42491913,11.94391251,93887.45312,10.42217827,3.103342143
152.1999969,301.6657798,72.24346884,28.61443023,67.3136578,0.6258390926,64.38723888,6.490315437,297.8493652,0,142.8322906,31.29903793,1.194391251,93885.94531,10.4448185,2.931546015
152.3999939,295.5445985,72.5662194,28.53543174,67.19691973,0.6281763026,64.59884113,6.493298531,297.9060364,0,147.2180939,9.38971138,58.7743988,93886.72656,10.46082306,2.993417283
152.6000061,299.2912056,72.56935423,28.63458064,67.18803001,0.6259131432,65.81530592,6.495740891,297.836853,0,150.4146271,2.816913366,9.999999747e-05,93887.60938,10.44581604,3.000649868
152.8000031,296.4992338,71.4242366,28.51638697,67.15915353,0.6275026885,65.54749884,6.498056412,297.9304504,0,152.639801,0.8450740576,70.37548065,93889.10156,10.47256565,2.930568697
153,303.0226113,71.49792959,28.68228747,67.22562275,0.6236755009,66.39994313,6.499053001,297.8644409,0,153.9374084,0.2535222173,9.999999747e-05,93889.67188,10.43769932,2.93714787
153.1999969,299.6272786,70.40374915,28.53619375,67.19264445,0.6258758777,65.90508163,6.502367496,297.959198,0,154.8403625,0.07605666667,70.55659485,93890.77344,10.45220375,2.976966384
153.3999939,306.8476458,70.87468842,28.72619574,67.22675049,0.6220920647,67.11083035,6.504205704,297.8734436,0,154.4057312,28.17840576,7.055659771,93890.67188,10.40603638,3.026170163
153.6000061,304.8167318,70.10870446,28.64134149,67.29972039,0.6227432336,65.03521407,6.50804615,298.0310059,0,153.2480621,8.453521729,102.9050598,93890.17969,10.39309406,3.100951994
153.8000031,314.2045315,71.27703693,28.85715772,67.16620641,0.619751783,68.92255691,6.510497093,297.9163513,0,150.5429688,58.71258163,10.29050541,93888.36719,10.33877373,3.228086054
154,311.2989338,70.97179661,28.79256567,67.30484037,0.6202540912,65.42253992,6.511354923,298.1664734,0,146.8683319,17.61377335,149.2398987,93885.54688,10.3227272,3.208840627
154.1999969,322.3627815,72.02666251,28.97810411,67.02144718,0.6184915816,72.45358701,6.507964134,298.0012817,0,142.8514862,101.6287308,14.92399025,93881.28906,10.29703522,3.201168408
154.3999939,315.7474398,71.37742454,28.85494721,67.35189093,0.6194338034,65.61266833,6.502078056,297.8729553,0,140.1996155,49.01195908,1.492399096,93876.24219,10.29426861,3.100374686
154.6000061,302.2612099,73.86850928,28.67557124,67.04993137,0.6261874157,66.48835741,6.496057987,297.9506531,0,139.8969269,14.70358753,71.63076782,93874.75781,10.31487179,3.255970469
154.8000031,301.900477,74.41756277,28.67117271,66.9465967,0.6273488363,68.37600663,6.488430023,297.8495178,0,141.9946289,37.70823669,7.163076401,93874.25,10.33154678,3.219394758
155,296.018505,71.66770207,28.42606894,67.12613348,0.6296796519,65.26693369,6.480940819,298.0348816,0,147.1483459,11.31247139,117.5777435,93874.52344,10.39675426,2.988688763
155.1999969,301.2590325,70.01088121,28.43870039,67.14292188,0.6283624593,68.166813,6.477304459,297.8974609,0,155.2921295,70.38527679,11.75777435,93875.61719,10.4196806,2.997896725
155.3999939,298.5868805,64.12898911,28.17003119,67.70697198,0.6256618372,60.36865152,6.480304241,298.2073364,0,164.8782196,21.11558342,178.4680176,93876.10156,10.46029568,2.802794206
155.6000061,312.3961491,63.57004538,28.3623191,67.36473455,0.6237287716,70.55618212,6.486391068,298.0142822,0,173.255127,125.2110748,17.84680176,93877.45312,10.47899437,2.872485362
155.8000031,313.0975572,57.75530201,28.25470968,68.25712588,0.6169205308,57.51054274,6.498338699,297.8712158,0,179.2083893,64.06040955,1.784680247,93875.78906,10.46093655,2.708952609
156,309.0411254,59.70861933,28.27442507,67.93024202,0.61880623,60.19225326,6.50760746,297.9730835,0,180.37323,19.21812439,84.48590851,93876.1875,10.45579243,2.787745152
156.1999969,317.1269076,62.17131241,28.52806228,67.5755993,0.6171716401,66.51479562,6.516222,297.8623352,0,177.8581085,50.6087265,8.448590279,93876.41406,10.40067482,3.018636076
156.3999939,315.8049376,62.89408237,28.55244205,67.60380251,0.6171651812,64.53910272,6.522142887,298.0879211,0,171.8907166,15.18261719,136.8317719,93875.40625,10.3616848,3.067970379
156.6000061,330.3271185,65.45474497,28.88510899,67.25951467,0.6139129554,71.83752639,6.523724079,297.9375305,0,163.5616913,88.6818161,13.68317699,93871.89062,10.28236485,3.235830567
156.8000031,323.5555569,66.57482722,28.84300568,67.48578008,0.6151295773,65.83519005,6.522528648,298.2948914,0,154.6058197,26.60454369,202.7036285,93866.9375,10.23518848,3.30179463
157,338.3724464,67.79004341,29.01924153,66.97560888,0.6141613041,77.18401866,6.519933224,298.0831604,0,146.1233673,148.6812134,20.27036285,93859.92188,10.19317913,3.460974019
157.1999969,329.1443285,69.02713266,28.97545178,67.42734073,0.6150966463,67.24429563,6.512401581,297.9102478,0,138.6748199,84.0177536,2.02703619,93851.55469,10.15131855,3.44044474
157.3999939,309.827952,73.78892212,28.76860507,66.98420039,0.6238108042,68.2475831,6.503631592,298.040863,0,134.2506561,25.20532608,100.9213181,93847.76562,10.15249538,3.728737845
157.6000061,308.5492675,75.52621487,28.75518228,66.70688504,0.6269168525,72.27113607,6.494390965,297.9098206,0,133.3226624,68.2069397,10.09213161,93845.38281,10.15976715,3.834682877
157.8000031,300.8753965,73.52105487,28.51017334,66.89841785,0.6301704207,68.29378486,6.48691988,298.1755981,0,136.0884705,20.46208191,158.2193451,93843.78906,10.21128559,3.701077027
158,308.1133765,72.33929182,28.53673042,66.73645976,0.6301054579,74.48421303,6.482954979,298.0054321,0,141.8353882,109.7527161,15.82193375,93842.96094,10.24249458,3.721896982
158.1999969,305.3154531,67.05054028,28.32309686,67.39829908,0.6263237329,64.85632935,6.48148632,297.8710938,0,149.1624298,55.63790131,1.582193375,93840.86719,10.27613258,3.39694968
158.3999939,297.0820188,66.48797146,28.16945037,67.36002265,0.6291194898,63.73933495,6.481709957,297.9639587,0,157.0799713,16.69137001,79.17240143,93841.70312,10.32539463,3.349481312
158.6000061,300.8287056,65.73214127,28.22477703,67.33047653,0.6274631831,66.03857572,6.480762482,297.8551636,0,164.910553,44.8993988,7.91724062,93843.57812,10.35177994,3.230390283
158.8000031,298.2595488,61.75325925,28.02735993,67.6809487,0.6261062115,61.06784906,6.48636961,298.066864,0,173.1294098,13.46982002,129.7221985,93845.65625,10.38443089,3.139592743
159,310.2562799,61.58888883,28.23843878,67.4882238,0.6226548922,67.64862759,6.493249416,297.9236145,0,179.0801239,81.89486694,12.97221947,93847.80469,10.37756157,3.186679845
159.1999969,310.7632657,57.80257179,28.15649205,68.01334984,0.6187620293,59.80160746,6.503666878,298.2632751,0,182.2957764,24.56846046,193.0787354,93847.86719,10.36941528,3.053868734
159.3999939,331.373716,59.42659728,28.51176217,67.34201188,0.6159648755,74.70935798,6.512008667,298.0585938,0,181.3369446,139.9636688,19.30787277,93846.96094,10.34140968,3.182710899
159.6000061,330.3964688,57.11387627,28.54264254,68.08190221,0.6121416288,62.3431959,6.521875858,297.9016724,0,177.0594177,76.67494202,1.930787325,93842.32812,10.28161812,3.170962386
159.8000031,321.6852142,61.93037432,28.57062537,67.58228226,0.6158678235,65.80004894,6.525289059,298.0162659,0,168.8234558,23.00248337,92.24950409,93839.67188,10.23781872,3.376202599
160,326.2765773,65.96889786,28.7867734,67.1709885,0.6158004463,71.5932009,6.524462223,297.8948975,0,159.2481537,60.0296402,9.22495079,93836.375,10.16437626,3.633107572
160.1999969,317.3769896,68.36225839,28.71874667,67.14918564,0.6191957781,68.83526814,6.521255016,298.1376953,0,149.9968719,18.00889206,146.1132965,93833.0625,10.12576866,3.792441533
160.3999939,325.7455468,70.60101098,28.88466399,66.82997532,0.6185166601,75.2384512,6.517303467,297.9854736,0,142.0227661,98.74274445,14.61133003,93828.42188,10.06590557,4.03928883
160.6000061,317.2119046,71.3796804,28.76501928,67.01800613,0.6213764534,69.76756892,6.511973381,297.8643494,0,135.6240997,49.57439423,1.461133003,93823.39844,10.0458622,4.109467724
160.8000031,303.3864233,75.29003646,28.63510828,66.63892725,0.6294439456,71.28496816,6.505417824,297.9536743,0,131.3596649,14.87231827,74.99598694,93821.78906,10.05062199,4.368640918
161,302.625876,77.00579557,28.66088023,66.47466017,0.6313492539,73.41975975,6.49821806,297.8605957,0,129.7169952,41.5090065,7.499598503,93820.98438,10.04261208,4.474432071
161.1999969,296.780675,75.7503722,28.46705307,66.54066747,0.6351267257,71.47827631,6.492930412,298.0545959,0,130.9523926,12.45270157,119.6354294,93820.96094,10.08708382,4.411096302
161.3999939,302.8998944,75.24288932,28.53903165,66.51446397,0.6330837486,74.40153953,6.490138054,297.9346924,0,134.2945404,74.85442352,11.96354294,93820.96875,10.08390236,4.447505697
161.6000061,300.9574686,71.479493,28.35869305,66.88750446,0.6316879891,69.07147114,6.490786076,298.2338867,0,138.7515564,22.45632744,172.3930817,93820.21094,10.11919594,4.237204174
161.8000031,312.8424881,70.51945298,28.49553112,66.67480657,0.6291958793,76.89120874,6.492227554,298.0666809,0,142.9460754,124.1341705,17.2393074,93819.24219,10.13732243,4.163322354
162,312.495255,66.40826687,28.40424356,67.33337402,0.6240381942,67.09045216,6.49741888,297.9252014,0,146.5724792,72.97182465,1.723930717,93816.11719,10.12619305,4.000064418
162.1999969,305.6408756,68.0545582,28.37714982,67.1673025,0.6263595245,67.06863987,6.504113674,298.0378113,0,148.1124115,21.89154816,88.57823944,93815.25781,10.11716843,4.189716869
162.3999939,311.6215054,69.78823433,28.55773198,66.91525363,0.6247763772,71.82723105,6.508022785,297.9291077,0,146.9816132,59.00095367,8.857823372,93814.375,10.08758163,4.253310904
162.6000061,308.980652,69.6437741,28.51987835,67.01105594,0.6250752574,69.18264872,6.510409355,298.1473389,0,144.3010864,17.70028687,133.9404297,93812.83594,10.07781696,4.210105715
162.8000031,318.5664327,70.87469544,28.70372593,66.74959053,0.623106479,75.49130644,6.511142254,298.0127869,0,140.6619415,91.14650726,13.39404202,93810.24219,10.03977489,4.309689898
163,314.6713204,70.52342974,28.63864457,66.97690952,0.6235165811,70.49564896,6.509795666,297.8963623,0,136.7303162,48.61648941,1.339404225,93806.5,10.02660465,4.24373523
163.1999969,304.0776936,73.92125137,28.57015151,66.66741783,0.6295337904,71.66493779,6.507496834,297.9786682,0,133.3387909,14.58494663,70.63145447,93805.4375,10.01773548,4.492995455
163.3999939,304.6653473,75.77345288,28.63381875,66.48280358,0.6305934357,74.20583315,6.505171776,297.8946838,0,130.8633881,39.96654892,7.063145638,93804.85938,9.988228798,4.684770445
163.6000061,300.2565477,75.57088943,28.51849665,66.4852153,0.6335787531,72.95092977,6.50302124,298.065979,0,129.3149261,11.98996449,106.7994766,93804.54688,10.00505543,4.675804263
163.8000031,305.979493,76.08015448,28.62511219,66.39479336,0.6318387087,76.08338918,6.502930164,297.9712219,0,128.6260529,67.76792908,10.67994785,93803.86719,9.96758461,4.858599415
164,304.319236,74.50118514,28.51849235,66.56179232,0.6321551355,73.10738798,6.503206253,297.8831177,0,127.9674759,36.26743317,1.067994833,93802.38281,9.98144722,4.75400448
164.1999969,297.8845788,76.43431607,28.49386977,66.39877237,0.6358131753,73.48495448,6.503774643,297.9616699,0,127.2038116,10.8802309,62.3932724,93802.75781,9.973485947,4.936871669
164.3999939,300.2791276,77.47685037,28.57519217,66.29876437,0.6350887141,75.2836855,6.50353384,297.8930969,0,126.2130356,34.26218414,6.239327431,93803.14062,9.950734138,4.997074036
164.6000061,297.8640293,76.98690232,28.49465198,66.3204573,0.6367929286,74.2931638,6.50247097,298.0469971,0,125.3220367,10.27865505,95.85887909,93803.42188,9.972615242,4.890829598
164.8000031,303.3632448,77.41501606,28.6082209,66.27286691,0.6343989846,76.66651635,6.500331879,297.9573364,0,124.8563843,59.8823204,9.585887909,93803.05469,9.953546524,4.858684051
165,301.1674821,75.79239933,28.48796443,66.43045749,0.6351799496,73.95496171,6.497825623,297.8725891,0,125.2473145,29.55540085,0.958588779,93802.15625,9.985607147,4.667274303
165.1999969,294.6252043,76.94805579,28.42993082,66.32779149,0.6388586327,73.78825351,6.494932175,297.9375916,0,126.6383514,8.866620064,58.05091095,93803.11719,10.00900078,4.674499392
165.3999939,296.1468008,76.9709672,28.4632556,66.33120081,0.637872266,74.40741539,6.492827415,297.8755188,0,129.1870117,2.659986019,9.999999747e-05,93804.41406,10.00885773,4.660320249
165.6000061,292.5005204,75.45819432,28.31439497,66.34368284,0.6405060274,73.78519461,6.493298531,297.9559021,0,132.5737305,0.7979958057,62.4236908,93806.61719,10.05378819,4.596282742
165.8000031,297.5247545,74.85716244,28.42178807,66.48103813,0.6358010316,73.49445077,6.495683193,297.8856201,0,135.7660065,24.32971764,6.242369175,93808.26562,10.02324963,4.612207116
166,297.2566788,72.9862035,28.33493237,66.60062069,0.6351976922,71.70776587,6.498590469,298.0152893,0,138.0064545,7.298914909,88.39811707,93809.45312,10.04873657,4.443002946
166.1999969,304.3491568,73.09229018,28.49055285,66.60246632,0.6310931959,73.6954449,6.500228882,297.9197083,0,139.0883789,48.27547455,8.839812279,93809.76562,10.02321053,4.386911398
166.3999939,302.8589521,71.49712105,28.40314583,66.77189615,0.6307510555,70.73452839,6.505018711,298.1257324,0,139.5207367,14.48264313,125.4311523,93809.48438,10.01878166,4.417082888
166.6000061,313.2430525,72.00718271,28.59481055,66.60394478,0.627239794,75.96951573,6.508801937,298.0088501,0,138.0226898,83.2751236,12.54311562,93807.96875,9.98128891,4.467836528
166.8000031,312.0949899,71.06295786,28.55869649,66.83204017,0.6262247569,71.68382436,6.512624741,297.906311,0,135.0248566,46.11658096,1.254311562,93805,9.956866264,4.468354223
167,304.6886847,74.4723419,28.56261302,66.53004287,0.6306968695,73.2344843,6.512636662,297.9847717,0,130.4945221,13.83497429,66.39038849,93803.80469,9.939534187,4.613812435
167.1999969,305.5567439,76.8405908,28.65711422,66.32035006,0.631583164,75.91591171,6.511541843,297.9108276,0,125.9719925,38.16030121,6.639038563,93802.8125,9.891664505,4.842780448
167.3999939,301.1591166,77.53850994,28.56875724,66.23818084,0.6354288846,75.60287443,6.508229733,298.0678101,0,121.8789368,11.44809055,97.79117584,93801.9375,9.905596733,4.814635326
167.6000061,305.0809587,78.58649,28.66035179,66.12849082,0.6347440937,78.35975276,6.502660751,297.9747314,0,119.1144943,62.8112793,9.779117584,93800.49219,9.889359474,4.792461951
167.8000031,301.0052026,77.57202032,28.51323479,66.22792693,0.6376123463,76.06510232,6.498710632,297.8933716,0,118.5779266,32.06822968,0.9779117107,93799.11719,9.912258148,4.783743735
168,293.9836679,78.80508977,28.43923277,66.1029136,0.6422697164,76.06616173,6.494271755,297.95401,0,119.6088562,9.62046814,54.52895355,93799.70312,9.943924904,4.782802045
168.1999969,294.5813525,78.78236459,28.45234493,66.10975824,0.6418731863,76.49750218,6.491993427,297.8875732,0,122.4220886,27.14816093,5.452895164,93800.91406,9.942404747,4.831555211
168.3999939,292.7988321,76.84680134,28.33020943,66.22578349,0.6424558586,74.84116631,6.490815639,298.0141296,0,126.1379395,8.14444828,84.72315979,93802.29688,9.990893364,4.628522893
168.6000061,298.1541161,76.06630844,28.41842761,66.31062334,0.6384100969,75.69272524,6.491035938,297.9260864,0,130.3283539,48.09141922,8.472315788,93803.40625,9.982632637,4.563401305
168.8000031,297.7460758,73.15099212,28.29977091,66.56354252,0.6366889509,72.30208412,6.492575169,298.120697,0,134.4295654,14.42742538,120.9291382,93803.84375,10.01955509,4.312070137
169,306.4230615,72.51692684,28.43650702,66.52504951,0.6327428076,75.99742061,6.495335102,298.0000916,0,137.9152222,79.4526062,12.09291363,93803.79688,10.00853539,4.28781153
169.1999969,306.4316206,69.5878417,28.35421004,66.8972017,0.6295871514,70.4864226,6.497451782,297.8922424,0,140.2971039,40.91080093,1.209291339,93802.20312,10.02482128,4.007092056
169.3999939,300.2795731,70.92952513,28.32135284,66.77009535,0.6322612842,70.50715889,6.499580383,297.9600525,0,141.8382568,12.27324009,64.6601181,93802.52344,10.03092384,4.083105131
169.6000061,303.343117,71.77660309,28.41961267,66.67680686,0.6309245487,72.5282966,6.501549244,297.8739624,0,142.5258331,32.43351746,6.466012001,93802.99219,10.00906372,4.152820948
169.8000031,300.921254,71.09128704,28.34631153,66.73141883,0.631778234,70.95410153,6.504804134,298.0258484,0,142.4263916,9.730055809,100.4120255,93803.42188,10.01174259,4.164143839
170,308.708478,71.96623158,28.52293475,66.62701018,0.628528048,74.3149553,6.507354736,297.9223022,0,141.0203552,58.04482269,10.04120255,93802.89062,9.967233658,4.249907543
170.1999969,306.4870248,71.1824476,28.45207361,66.75265689,0.6289661961,71.48775815,6.511646271,298.1635437,0,138.6004333,17.41344643,142.6207733,93801.57812,9.950819969,4.317234426
170.3999939,317.570718,72.15056662,28.64953447,66.49832536,0.6261099197,78.0580884,6.512835979,298.0307617,0,134.4559174,98.50834656,14.26207638,93798.69531,9.91398716,4.331311735
170.6000061,314.2643694,71.91615927,28.59937218,66.71782576,0.6264236766,73.29624514,6.511940479,297.9122314,0,129.8513947,57.02002335,1.426207662,93794.5,9.895523071,4.285180513
170.8000031,303.6604717,75.59757529,28.54647481,66.39716752,0.632963144,74.50506264,6.508651733,298.0103455,0,125.601944,17.10600662,76.92712402,93792.86719,9.887350082,4.492535982
171,303.8884695,77.52009785,28.59999783,66.19117586,0.6346576952,77.32106516,6.505190849,297.9255981,0,122.6692505,48.55186844,7.692712307,93791.80469,9.859136581,4.681578582
171.1999969,299.4411665,77.23482816,28.47542785,66.19518299,0.6381828969,76.11972307,6.501736164,298.1126709,0,121.1137161,14.56556034,113.3890762,93791,9.884742737,4.647735814
171.3999939,304.6983768,77.42551814,28.55459969,66.10414044,0.636875365,79.44605014,6.497995377,298.0067139,0,120.9395065,76.95438385,11.3389082,93789.82812,9.87861824,4.629072144
171.6000061,302.2136789,75.45038162,28.41969081,66.32493145,0.6373397407,75.82314858,6.497641563,297.9143066,0,122.2625656,43.21973801,1.133890748,93788.32812,9.890518188,4.628763434
171.8000031,296.1847411,76.61244295,28.37641878,66.21953143,0.6405575049,75.59526791,6.497524738,297.9871826,0,123.7151489,12.9659214,61.58664703,93788.67969,9.904320717,4.683528529
172,298.2407393,77.04137653,28.44015814,66.17386957,0.63935458,76.87190569,6.498194695,297.9148254,0,125.2244873,35.58948135,6.158664703,93789.38281,9.890197754,4.732888041
172.1999969,296.7817176,75.85554644,28.3621465,66.25915104,0.639679343,75.33875254,6.498922348,298.0574036,0,126.4639664,10.6768446,92.55117798,93789.94531,9.916880608,4.592691715
172.3999939,302.6764804,75.93547449,28.48164699,66.2411991,0.6363940885,77.47598358,6.498889923,297.9645996,0,127.4148331,57.20875168,9.25511837,93789.92188,9.900544167,4.536557367
172.6000061,301.2741703,74.1987169,28.38614771,66.42270854,0.636049865,74.51876483,6.501438141,297.884491,0,128.3812408,26.27811813,0.9255117774,93789.4375,9.904618263,4.527525164
172.8000031,296.592787,75.6742879,28.37829617,66.28477862,0.6386984559,74.9364354,6.502393246,297.9329224,0,128.3176117,7.883435726,50.21501541,93790.34375,9.911786079,4.545750586
173,298.3069722,76.62708444,28.45982776,66.23266289,0.6375813986,75.9043038,6.504331589,297.8750916,0,127.8852692,2.365030766,9.999999747e-05,93791.40625,9.873667717,4.700699891
173.1999969,295.1170031,76.71265411,28.37696866,66.1192582,0.6409055064,76.53099236,6.50607872,297.9483032,0,126.6692429,0.7095091939,56.80128098,93793.03906,9.893110275,4.710311767
173.3999939,299.1221115,77.69614827,28.5171671,66.14009465,0.63758307,76.94937995,6.506708145,297.8942566,0,124.7581329,0.2128527611,9.999999747e-05,93793.84375,9.84194088,4.771139887
173.6000061,295.4966355,77.81526609,28.41259863,66.00747401,0.6418584663,77.7366995,6.506625175,297.9674988,0,122.5983124,0.06385582685,55.87169266,93795.125,9.868844032,4.759045864
173.8000031,298.7755854,78.84899706,28.53801056,66.03252047,0.639068312,77.98730488,6.505854607,297.9108276,0,120.4704742,21.76352692,5.58716917,93795.70312,9.816877365,4.846081806
174,296.352388,78.57875632,28.44109003,65.98275542,0.6421446994,77.90702664,6.504177094,298.0229187,0,118.6509857,6.52905798,74.90068817,93796.24219,9.844508171,4.773435889
174.1999969,299.8735376,79.24718689,28.53739716,65.96656959,0.6401376608,79.14354553,6.50143671,297.9509277,0,117.5031052,42.28603745,7.490068436,93796.22656,9.819487572,4.766989697
174.3999939,297.4577801,78.2024039,28.42129531,66.02367984,0.6422757016,77.82091295,6.49988699,297.885498,0,117.4520264,17.46710968,0.7490068674,93796.1875,9.842941284,4.733368871
174.6000061,292.5238037,79.31624481,28.39001219,65.9310832,0.6454796061,77.79635111,6.49902916,297.926239,0,118.0136414,5.240132809,42.00356293,93797.63281,9.847100258,4.828011601
174.8000031,293.7823511,79.594015,28.42857219,65.92629851,0.6444718563,78.12622785,6.498535633,297.8744812,0,118.9197617,1.572039843,9.999999747e-05,93799.17188,9.835576057,4.839765917
175,291.0780278,79.01762958,28.3385725,65.89121606,0.6470467687,78.11277819,6.499099731,297.9420776,0,120.0243607,0.4716119766,52.39122009,93801.32031,9.865142822,4.809834781
175.1999969,294.8952956,79.11448846,28.44138068,65.97868917,0.643025929,77.82598498,6.49955225,297.8902588,0,120.9009628,0.14148359,9.999999747e-05,93802.82812,9.833388329,4.78611441
175.3999939,292.4894009,78.31210437,28.33702851,65.93302423,0.6457391865,77.98255537,6.499995708,297.9602051,0,121.6004486,0.04244507849,54.5261879,93804.6875,9.875365257,4.677565512
175.6000061,296.4292237,78.56062119,28.45543037,66.02912492,0.6415089884,77.62921519,6.500472069,297.901825,0,122.1220627,20.44622803,5.452618599,93805.85938,9.834537506,4.688522127
175.8000031,295.1644313,77.56340644,28.3656276,66.04796248,0.6428970673,77.01600246,6.50252533,298.013855,0,122.4530945,6.133868694,75.08099365,93806.98438,9.849246025,4.685237578
176,300.4249465,77.94279039,28.49092909,66.04901297,0.6393021397,78.31490101,6.504377365,297.9451904,0,121.9578171,41.54135895,7.508099556,93807.32812,9.807955742,4.726214825
176.1999969,299.5269404,77.07509694,28.42146854,66.10012028,0.6400332048,77.17777338,6.506361961,298.1112671,0,120.7274017,12.46240807,101.1173477,93807.10938,9.816329002,4.678481708
176.3999939,305.9179012,77.59640003,28.5521115,66.01319689,0.6372282394,80.25478063,6.506528854,298.0243835,0,118.7021027,68.22373962,10.11173439,93805.875,9.787846565,4.655131515
176.6000061,304.3781009,76.85804347,28.48060539,66.11860575,0.6379970147,78.09029215,6.506055832,297.9390869,0,116.616272,41.17290878,1.011173487,93803.88281,9.793272972,4.59254516
176.8000031,297.881721,79.07474529,28.46354026,65.94921669,0.6423547093,78.39814053,6.50397253,298.0073547,0,114.7159348,12.35187244,57.21588135,93803.49219,9.791034698,4.68831339
177,298.1811938,80.11884678,28.49911747,65.83648362,0.6432925356,80.00219147,6.500508308,297.9397278,0,113.6522369,34.2573204,5.721588135,93803.38281,9.788655281,4.684289362
177.1999969,295.0994321,79.5709202,28.4015508,65.86249324,0.6458596461,79.02703854,6.497392654,298.067627,0,113.9736557,10.27719688,83.66092682,93803.5625,9.820408821,4.610910514
177.3999939,298.6880121,79.41412542,28.45781992,65.86150621,0.644000508,80.48963063,6.496452332,297.9918823,0,115.5357971,52.64813232,8.366092682,93803.69531,9.799586296,4.687629682
177.6000061,297.9946309,77.46652574,28.35107868,66.00921252,0.6438442816,78.39009415,6.49729681,297.9176941,0,117.4679642,28.09306526,0.836609304,93803.41406,9.825643539,4.5873404
177.8000031,294.0440886,78.30502591,28.3472406,65.97166269,0.6452565582,77.76618247,6.49885273,297.9675598,0,119.0634537,8.427919388,47.86849594,93804.42188,9.822501183,4.652534189
178,296.1536278,78.61311114,28.40783479,65.94892373,0.6435990957,78.5102387,6.49915123,297.9048157,0,120.0400314,23.10075188,4.786849499,93805.33594,9.820013046,4.57075481
178.1999969,294.4927472,77.94392333,28.35087831,65.99758679,0.6442728822,77.46728507,6.499680042,298.0098267,0,120.9034729,6.930225849,73.42674255,93806.3125,9.83878231,4.491909185
178.3999939,298.938913,78.1042829,28.44970097,66.00895853,0.6411403076,78.54256123,6.49985981,297.934906,0,121.5506058,40.06204987,7.342674255,93806.75,9.815683365,4.469866705
178.6000061,297.6179694,76.81573608,28.36203215,66.10275832,0.6416629249,76.91897186,6.499077797,298.0941467,0,122.127861,12.01861477,101.8188095,93806.71875,9.851825714,4.271396491
178.8000031,303.3496012,76.84752441,28.47038807,66.07829798,0.638687009,79.27014247,6.49906826,297.9963379,0,123.0198975,65.07616425,10.18188095,93806.21094,9.826385498,4.304260367
179,302.1489884,75.00918421,28.36878293,66.26321869,0.6383130266,76.27209112,6.500632763,297.9075012,0,123.910202,33.66961288,1.018188119,93805.04688,9.838611603,4.234538458
179.1999969,296.8300311,76.51965819,28.35890625,66.14669266,0.6410893975,76.26017776,6.501651287,297.9627686,0,124.1718903,10.10088348,54.37254715,93805.42969,9.837938309,4.311061073
179.3999939,298.5609166,77.37524326,28.43053882,66.07741387,0.6401849943,77.4894647,6.499656677,297.8876038,0,124.0330963,26.36717033,5.437254906,93805.74219,9.83860302,4.205452551
179.6000061,295.3567275,76.80872383,28.34210897,66.11609976,0.6421538306,76.27453021,6.499288082,298.0125122,0,124.7002716,7.910151005,85.2193985,93806.46094,9.852682114,4.219950731
179.8000031,300.3754352,76.9358394,28.43858944,66.10522604,0.6392804542,77.86576283,6.499897003,297.9273071,0,125.4998703,47.35624695,8.521940231,93806.72656,9.822068214,4.27964903
180,299.0230251,75.36625177,28.33963118,66.22699305,0.6395986177,75.81066257,6.502154827,298.1222839,0,126.0579834,14.20687485,118.6819458,93806.52344,9.836237907,4.228750972
180.1999969,307.1517804,75.50735699,28.48381709,66.13848513,0.6360191302,79.56180797,6.505794525,298.0220032,0,125.71064,79.38130951,11.86819458,93805.51562,9.790284157,4.355221782
180.3999939,307.0285088,74.09237663,28.4254371,66.31932842,0.6349620945,76.48410916,6.509856701,297.9270935,0,123.9081421,47.9151268,1.186819434,93803.21094,9.779432297,4.326128825
180.6000061,301.0754863,76.87175768,28.44927986,66.102807,0.6386475301,77.31078653,6.512167931,298.0117798,0,120.4837875,14.37453842,65.90762329,93802.44531,9.747257233,4.529725197
180.8000031,302.7273114,78.79998491,28.53864443,65.89759105,0.6392428055,80.11697763,6.51017046,297.9378052,0,116.1419601,41.57161331,6.590762138,93801.46094,9.729180336,4.510793024
181,298.6527152,79.46191537,28.46896851,65.84804661,0.6430099807,79.60451952,6.505955219,298.0935059,0,112.6077042,12.47148418,97.37836456,93800.57812,9.747142792,4.463245913
181.1999969,301.8693852,80.13403118,28.52941374,65.75185078,0.6427627994,82.15018027,6.501266003,298.0059814,0,110.7530289,64.41150665,9.737835884,93799.40625,9.730358124,4.502394073
181.3999939,299.0298045,78.93266933,28.39470875,65.84182518,0.6453339579,80.33008247,6.498005867,297.9241028,0,110.7684631,36.54853439,0.9737836123,93798.19531,9.759085655,4.469098812
181.6000061,292.9497803,80.07720576,28.34900183,65.75999366,0.649205332,79.88208238,6.494226456,297.9843445,0,112.0817413,10.96456051,54.39961624,93798.67188,9.786927223,4.452476534
181.8000031,293.6018503,80.07480353,28.36604392,65.76389348,0.6486402043,80.28313786,6.491482735,297.915741,0,114.9130936,29.51748848,5.43996191,93799.6875,9.79410553,4.428178953
182,291.8761374,78.28239457,28.25634389,65.88698053,0.6490265027,78.55736196,6.491023064,298.0363159,0,118.8369217,8.855246544,82.01881409,93801,9.834003448,4.313109041
182.1999969,297.0140681,77.49199519,28.33851313,65.97186843,0.6445894512,79.21431364,6.491717339,297.9507141,0,122.9404373,47.80958557,8.201881409,93801.97656,9.826665878,4.234729329
182.3999939,296.8939247,74.90396133,28.24044794,66.20195916,0.6425727326,76.17933533,6.495281696,297.8738403,0,126.7696609,18.73324394,0.8201881647,93802.48438,9.846238136,4.127974542
182.6000061,293.7791713,75.44962189,28.24395598,66.16501606,0.6432367417,75.77103058,6.498320103,297.9095459,0,129.1674957,5.619973183,45.62611008,93804.11719,9.855949402,4.098117386
182.8000031,296.4618598,75.79630494,28.33258078,66.17843861,0.6405288789,76.07838188,6.501820087,297.8459473,0,130.3608246,1.685991883,9.999999747e-05,93805.625,9.824724197,4.150035456
183,294.1522292,75.61513666,28.26959548,66.10599394,0.642703594,76.40273135,6.505091667,297.9206238,0,130.1509857,0.505797565,60.49968338,93807.54688,9.842981339,4.128789326
183.1999969,298.9826554,76.52153357,28.42741246,66.13742116,0.6384627111,76.78386404,6.506536961,297.8586731,0,128.6347351,0.1517392695,9.999999747e-05,93808.4375,9.790844917,4.147290812
183.3999939,295.2796671,76.603003,28.3239615,66.00705908,0.6427415316,77.56310453,6.509389877,297.948822,0,126.5456161,0.04552178085,65.67434692,93809.95312,9.797714233,4.269765925
183.6000061,300.3012713,77.85765348,28.48781706,66.00401581,0.6389094541,78.34441377,6.509028912,297.8900146,0,123.3048401,0.01365653425,9.999999747e-05,93810.1875,9.745713234,4.260891924
183.8000031,295.5784725,78.21861916,28.36936613,65.84709164,0.6444580779,79.29552104,6.50864315,297.9743652,0,120.2236023,0.004096960183,62.17879105,93811.09375,9.766034126,4.329405564
184,299.0494384,79.43016242,28.49744159,65.85251488,0.6417433855,79.7534974,6.506490231,297.9109802,0,117.2864151,25.41312599,6.217878819,93811.11719,9.715053558,4.379562752
184.1999969,295.8792265,79.20755609,28.3841553,65.79532844,0.6458052022,79.70738205,6.505118847,298.039917,0,115.2160797,7.623937607,83.31153107,93811.36719,9.731704712,4.427878792
184.3999939,299.9257568,79.83977707,28.47789193,65.75700379,0.6437606429,81.33006748,6.501914501,297.9610291,0,113.6861954,49.2437439,8.331152916,93810.90625,9.712619781,4.383161726
184.6000061,297.3884596,78.81991777,28.36240522,65.82394985,0.6460790034,79.89743522,6.499198914,297.8879395,0,113.4465561,22.56291771,0.8331153393,93810.35938,9.743185997,4.314610735
184.8000031,291.8321282,79.98386254,28.32572795,65.73775675,0.6498018145,79.66773525,6.496041775,297.9339905,0,114.2856064,6.768875599,47.19555283,93811.36719,9.764341354,4.323352315
185,292.6189428,80.07781469,28.34891505,65.754146,0.6489517887,79.74425287,6.492694855,297.875061,0,116.3906403,2.030662537,9.999999747e-05,93812.625,9.773218155,4.25168332
185.1999969,289.3067067,78.81461902,28.22282062,65.77441972,0.6516961126,79.15893664,6.492677689,297.9447937,0,119.8336563,0.6091988087,56.21261978,93814.88281,9.811328888,4.254768879
185.3999939,293.5989657,78.16094632,28.30684661,65.92055371,0.6465287614,78.36816973,6.495177269,297.8875122,0,123.2720108,0.1827596426,9.999999747e-05,93816.71875,9.774492264,4.291415813
185.6000061,292.2194885,76.67565366,28.20441874,65.92731949,0.6477979054,78.12833145,6.49903059,297.9581604,0,125.7127533,0.05482789129,57.28936005,93818.85938,9.813595772,4.201264879
185.8000031,297.6091176,76.77377264,28.35555846,66.04268326,0.6418616885,77.72893681,6.502006531,297.8925476,0,126.6158981,20.64062881,5.728935719,93819.99219,9.768634796,4.161480243
186,296.6887622,75.96671635,28.29041808,66.05864995,0.6426759054,77.11697062,6.50583601,298.0073242,0,126.3357925,6.19218874,79.48703003,93820.92188,9.775726318,4.153867329
186.1999969,302.5606361,76.77695361,28.4439806,66.02509939,0.6388080624,78.80299976,6.507128716,297.9260559,0,124.5183487,42.26101303,7.948702812,93820.77344,9.735768318,4.126191947
186.3999939,300.3574346,76.40783466,28.37228144,66.04930665,0.6405517401,77.68528584,6.507138729,298.1020813,0,122.1948242,12.67830467,110.1352539,93820.17188,9.749462128,4.05432773
186.6000061,306.4208052,77.18580197,28.49836906,65.94372869,0.6382374336,80.89816947,6.507436275,298.0048523,0,119.8634338,71.24259186,11.01352501,93818.82812,9.698688507,4.188932495
186.8000031,304.2815828,76.35944834,28.40112263,66.0256633,0.6398514973,78.91348645,6.507194042,297.9136047,0,117.40802,40.20667267,1.101352453,93816.78906,9.70881176,4.144684051
187,297.2737257,78.84338601,28.39091752,65.83992722,0.6447195244,79.33739753,6.505883694,297.9862061,0,115.0522156,12.06200123,60.55570221,93816.53125,9.695409775,4.305806306
187.1999969,297.9231522,80.09322584,28.4370965,65.7081113,0.6456411641,81.12828805,6.502448082,297.9147034,0,113.2222977,34.55561829,6.055570126,93816.41406,9.690380096,4.296552605
187.3999939,294.5042936,79.76234047,28.34090447,65.71433156,0.6488196109,80.34237658,6.49941349,298.0571899,0,112.7700882,10.36668491,91.21662903,93816.63281,9.717447281,4.267638999
187.6000061,298.6005367,79.83114681,28.40953512,65.69787149,0.6467278712,81.96724476,6.496610165,297.971283,0,113.5237198,56.86314011,9.121663094,93816.50781,9.705059052,4.252785458
187.8000031,297.0050553,77.92644399,28.28468725,65.8458409,0.6474299829,79.77854265,6.495269299,297.8902588,0,115.3990936,28.3046093,0.9121662378,93816.125,9.74179554,4.138662232
188,292.0786184,78.65549946,28.25757677,65.81297747,0.6497104932,79.00299544,6.495296478,297.9467773,0,117.806839,8.491382599,53.08806992,93817.34375,9.748527527,4.204226341
188.1999969,294.280425,78.6242644,28.30642457,65.82577045,0.6476369655,79.38811705,6.496597767,297.8879089,0,120.2038422,2.54741478,9.999999747e-05,93818.71094,9.733649254,4.228716641
188.3999939,291.8684675,77.67901087,28.21605177,65.81347068,0.6495983865,79.20430668,6.499836922,297.9590759,0,122.0805664,0.7642244697,56.75826263,93820.71875,9.7596035,4.225245777
188.6000061,296.7598676,77.8460868,28.34828317,65.89974667,0.6443700627,79.03679453,6.503667831,297.8989868,0,122.6593781,21.5628376,5.675826073,93821.92188,9.703511238,4.283543571
188.8000031,296.1571405,77.16237793,28.28856511,65.88892823,0.6453718386,78.84675069,6.50764513,298.013916,0,121.7100525,6.468851566,77.59571075,93822.83594,9.71250248,4.262415456
189,301.6783271,78.13508414,28.44347357,65.85136301,0.6415203278,80.44612818,6.509726048,297.9424438,0,119.1712265,42.77987671,7.759571552,93822.70312,9.658165932,4.296698938
189.1999969,299.8622609,77.98146118,28.37624108,65.82933253,0.6437845196,80.02942828,6.51085043,298.1143799,0,115.8066406,12.83396244,104.4577789,93822.10938,9.662436485,4.290271028
189.3999939,305.4324592,78.92401194,28.49892481,65.7107095,0.6416995623,83.1826913,6.510291576,298.030304,0,111.9893646,70.52804565,10.44577789,93820.53125,9.616799355,4.35119481
189.6000061,303.1930238,78.5980402,28.40923991,65.73567418,0.644366285,82.02335015,6.508250713,297.9454346,0,108.3981552,44.5175972,1.044577837,93818.35156,9.630914688,4.307232841
189.8000031,296.1396847,81.10058749,28.39475518,65.5584807,0.6498844936,82.31687214,6.504072666,298.020813,0,105.6228714,13.35527992,59.86922073,93817.79688,9.630926132,4.390893587
190,295.7150447,82.09155998,28.40732099,65.43883547,0.6519124965,83.90568672,6.499177933,297.9549866,0,104.5210648,37.95049667,5.986922264,93817.70312,9.633061409,4.410562642
190.1999969,292.8256947,81.35445857,28.29927068,65.46644415,0.6550112262,83.10497553,6.495904922,297.8954163,0,105.3725052,15.45583725,0.5986922383,93818.08594,9.663635254,4.405925271
190.3999939,288.6022281,81.86606355,28.2598204,65.43107403,0.657825974,82.60161031,6.494476318,297.9302673,0,107.5255737,4.636751175,37.79015732,93819.90625,9.673303604,4.473567669
190.6000061,289.9108077,81.57283732,28.27999801,65.4784171,0.655993827,82.31943026,6.493402958,297.8791809,0,110.2492371,1.391025305,9.999999747e-05,93821.8125,9.682672501,4.388568335
190.8000031,287.9657176,80.50860982,28.20153754,65.51779065,0.6571306919,81.66115256,6.494462967,297.9400024,0,113.407074,0.4173075855,49.59555435,93824.35156,9.713991165,4.345647302
191,291.9668137,80.06701141,28.28952745,65.65219768,0.6517341024,80.78164877,6.496708393,297.8877258,0,116.1350098,0.1251922846,9.999999747e-05,93826.34375,9.680402756,4.325585868
191.1999969,290.6181582,78.9053217,28.20271529,65.64486316,0.6531861607,80.75356931,6.49924469,297.9537354,0,117.9675827,0.03755768389,53.47460938,93828.5625,9.725391388,4.202781865
191.3999939,295.1285219,79.09533299,28.33894972,65.76472351,0.6473957124,80.03543602,6.501734257,297.8956299,0,118.78862,18.98788452,5.347460747,93829.9375,9.672286034,4.209060456
191.6000061,294.2895075,78.23697865,28.26378436,65.75701302,0.6487517657,79.88125453,6.505816936,298.0046082,0,118.6148758,5.696365356,73.78472137,93831.25781,9.677598953,4.246753935
191.8000031,299.6890333,78.94852665,28.40583929,65.74011666,0.6446110703,81.16836497,6.5092206,297.9407043,0,116.802681,39.81368256,7.378472328,93831.60938,9.615386963,4.325406719
192,298.6666267,78.61984813,28.34401104,65.70982649,0.6465105688,81.09751312,6.511834145,298.1028442,0,113.6364212,11.94410419,98.08429718,93831.40625,9.617848396,4.324128997
192.1999969,304.2588778,79.64201563,28.47777449,65.60302543,0.643909535,83.93525562,6.5129776,298.0326233,0,109.4251251,66.13912201,9.808429718,93830.14062,9.554759979,4.426998251
192.3999939,302.6466811,79.45806288,28.39494852,65.5761493,0.6469374501,83.64634385,6.513109684,297.9616089,0,104.7587433,44.55249786,0.980842948,93828.24219,9.551137924,4.474115391
192.6000061,296.6082788,82.1650578,28.40019718,65.36920622,0.6524625322,84.46721136,6.51123476,297.9103699,0,100.0381088,21.80566025,0.09808429331,93827.71094,9.516633987,4.652000199
192.8000031,290.913074,84.19689297,28.35329738,65.127423,0.6598209475,86.05664899,6.505628586,297.9512329,0,96.07076263,6.541697979,37.35971832,93828.28906,9.55566597,4.606200854
193,289.6477861,85.44477435,28.38305205,65.07965584,0.6614562628,86.24928774,6.498198032,297.9075317,0,94.35172272,17.66345787,3.735971689,93829.07812,9.559978485,4.559343091
193.1999969,286.5882546,84.83726974,28.2635217,65.05233786,0.6663023396,86.3390078,6.493356228,297.9994202,0,95.5989151,5.299037457,59.47702789,93830.71094,9.597809792,4.591418327
193.3999939,289.0238433,84.2740968,28.28587342,65.13109842,0.6636947887,86.18412661,6.490255356,297.9500732,0,98.76854706,33.8562851,5.947702885,93832.28906,9.600479126,4.540865392
193.6000061,289.0234608,82.07432729,28.1796279,65.27230294,0.6631075883,84.82308371,6.490205288,297.8963318,0,103.1810684,16.12251663,0.5947703123,93833.88281,9.645303726,4.444661025
193.8000031,287.2029082,81.78378928,28.18255369,65.36331739,0.6615682603,83.1788984,6.492512226,297.9401245,0,107.6091537,4.836754799,40.64934158,93836.38281,9.643588066,4.441982941
194,290.1875389,81.15951739,28.23327919,65.44886342,0.6573210231,82.68627279,6.496221066,297.8921204,0,111.1164474,1.45102644,9.999999747e-05,93838.71094,9.62950325,4.400791449
194.1999969,289.4767032,80.23980601,28.19163269,65.47368222,0.6571404924,82.31240774,6.50202322,297.9549866,0,113.1432419,0.43530792,48.37555695,93841.35938,9.631174088,4.429481242
194.3999939,294.3252898,80.48071479,28.32122423,65.53787432,0.6515227157,82.21547931,6.506670952,297.9077759,0,112.8467026,18.43271828,4.837555408,93842.95312,9.582462311,4.401062721
194.6000061,294.0173097,80.28688037,28.29132364,65.49705599,0.6525633404,82.52257255,6.510297298,298.0084534,0,110.7016907,5.529815674,66.74459839,93844.15625,9.585110664,4.378780021
194.8000031,298.1620106,81.42702652,28.42289524,65.45100731,0.649440118,83.77208161,6.511965752,297.9570007,0,107.1056976,37.15903473,6.674459934,93844.375,9.520367622,4.442676904
195,296.5283482,81.47206134,28.34811282,65.35932137,0.6531921304,84.5231684,6.511722565,297.9034119,0,102.8454514,18.96818924,0.6674460173,93844.21094,9.535518646,4.431969476
195.1999969,291.7796255,83.76994075,28.36748153,65.20152193,0.6577081177,85.09394084,6.509111404,297.9543152,0,98.68265533,5.690456867,41.49669647,93844.98438,9.512003899,4.527152219
195.3999939,291.3483335,84.89478621,28.37790014,65.07843968,0.6602314056,86.42889156,6.504401207,297.9125671,0,95.56594086,20.02733612,4.149669647,93845.73438,9.512127876,4.517234255
195.6000061,288.5923413,84.90427359,28.29663052,65.02691471,0.66471335,86.69666172,6.499844074,298.0121155,0,94.33263397,6.008201122,62.75708008,93846.86719,9.541235924,4.513960676
195.8000031,290.6582754,84.96985664,28.32925982,65.04401268,0.6633885089,87.12084945,6.495138168,297.9622498,0,94.91487885,37.38679886,6.275707722,93847.70312,9.544669151,4.448386577
196,289.7547527,83.38600539,28.21807116,65.12324842,0.6649484042,86.35787474,6.49287653,297.9089355,0,97.38040924,19.89291954,0.6275708079,93848.66406,9.586754799,4.399055345
196.1999969,287.0222211,83.45240352,28.20487439,65.16601328,0.6653170851,85.14924285,6.491364956,297.9542847,0,100.7420883,5.967875957,41.63171768,93850.53906,9.612571716,4.321015305
196.3999939,288.813954,82.92536778,28.2363885,65.25823505,0.6620429058,84.42399956,6.49090004,297.9024658,0,104.7137375,18.59867859,4.163171768,93852.46094,9.620154381,4.222892307
196.6000061,288.4966043,81.30490467,28.17158218,65.38107228,0.6607872952,83.0171577,6.493455887,297.9959106,0,108.8703384,5.579603672,64.99588776,93854.58594,9.639503479,4.177568315
196.8000031,293.4820511,80.70907262,28.26583513,65.4878006,0.6548232489,82.80630469,6.497558594,297.9366455,0,111.9980621,34.54959106,6.499588966,93856.11719,9.603125572,4.167196121
197,294.3294605,79.04741217,28.21110227,65.59001474,0.6532384026,81.68241212,6.503148556,298.0772705,0,113.4894333,10.3648777,88.35250854,93857.07812,9.613183022,4.107253464
197.1999969,300.9852383,79.29054113,28.36099808,65.58392044,0.6478335393,83.36117993,6.508603096,298.0105286,0,112.7447968,56.94314957,8.835250854,93856.99219,9.548428535,4.173774831
197.3999939,301.4407338,78.48100451,28.31409588,65.61158563,0.647987535,82.80821311,6.512149811,297.9367065,0,109.8235855,35.75738907,0.8835250735,93855.78906,9.559127808,4.07975203
197.6000061,296.8495847,81.12470451,28.36893642,65.45489546,0.6510955051,83.19608135,6.511326313,298.0004578,0,105.4894409,10.72721672,53.86797714,93855.33594,9.539842606,4.104938361
197.8000031,296.6260678,82.78687805,28.41399719,65.29579014,0.653093523,85.00130325,6.509045601,297.9454956,0,101.4929428,30.90182877,5.386797905,93855.02344,9.499658585,4.236252604
198,293.3609401,83.06858199,28.32021663,65.18695679,0.6585483781,85.76360179,6.505357742,298.0606384,0,98.39949036,9.27054882,74.22425842,93854.9375,9.533607483,4.215787298
198.1999969,295.3705276,83.77763168,28.38045514,65.15367622,0.6577633116,86.81471507,6.500006199,297.9956055,0,96.7811203,47.35366821,7.422425747,93854.41406,9.524868965,4.166672131
198.3999939,293.2208512,82.75324728,28.25818649,65.18192242,0.6612639984,86.28127027,6.495777607,297.9298706,0,97.30448151,26.33514786,0.7422425747,93854.07031,9.570469856,4.117487441
198.6000061,288.7960639,83.42197704,28.23250507,65.17025186,0.6638722421,85.35417394,6.493959427,297.9786377,0,99.51017761,7.900544167,43.83673859,93855.22656,9.561850548,4.23658334
198.8000031,289.94869,83.03416756,28.23336688,65.17988632,0.662897209,85.60545993,6.494889259,297.9310913,0,102.4387817,22.59116745,4.383674145,93856.83594,9.549037933,4.301254493
199,289.8265465,81.745206,28.17672119,65.25575339,0.6622443425,84.76005555,6.498256683,298.0248413,0,104.994278,6.777350426,62.83294296,93858.54688,9.558913231,4.297491171
199.1999969,294.3168461,81.58615319,28.27382938,65.31019764,0.6571880363,85.05036197,6.502107143,297.973999,0,106.2035675,36.89647675,6.283294678,93859.625,9.518499374,4.298133096
199.3999939,294.913877,80.51109883,28.22826568,65.35677445,0.6566909164,84.56175168,6.506790161,297.9212036,0,105.8789139,19.58586502,0.6283294559,93860.22656,9.515203476,4.308067004
199.6000061,292.537189,81.98539302,28.27199044,65.26235463,0.6580118024,84.80507083,6.508194447,297.9597778,0,103.6797104,5.875759602,38.47486877,93861.19531,9.514764786,4.250773571
199.8000031,293.1693237,83.26586468,28.34295839,65.19386473,0.6576798526,85.48833275,6.507155895,297.9138184,0,100.9323807,16.61997986,3.847486734,93861.92188,9.488460541,4.24905455
200,290.6325127,83.59039777,28.2815678,65.10499167,0.6618337792,86.11353629,6.504702568,297.9953918,0,98.59786987,4.985993862,57.28089523,93862.85938,9.516766548,4.21554285
200.1999969,292.41729,84.32748695,28.34733045,65.10041379,0.6604069995,86.46567092,6.501283646,297.944519,0,97.24163818,30.24549484,5.728089333,93863.42188,9.489521027,4.217734273
200.3999939,290.561537,83.48321803,28.23631419,65.08103634,0.6641561208,86.63381131,6.499168873,298.0683594,0,97.25144958,9.073648453,77.00841522,93864.19531,9.525159836,4.211272606
200.6000061,294.0267592,83.43494069,28.30177916,65.11185758,0.6610962399,87.28762825,6.498753548,298.0152588,0,98.09997559,50.10709,7.700841427,93864.6875,9.481107712,4.285307534
200.8000031,294.1659226,81.70634421,28.19418527,65.16788351,0.6621309212,86.88153938,6.499605179,297.9536438,0,99.11319733,33.41973114,0.7700841427,93864.78906,9.522202492,4.212864225
201,291.4145518,82.68908656,28.23182007,65.17911386,0.6621443448,85.74226129,6.500065804,297.9025269,0,99.7869339,13.13111687,0.07700841129,93865.64844,9.505337715,4.230224523
201.1999969,288.3768158,83.36628153,28.21019079,65.09279522,0.6649879386,86.0044269,6.500180721,297.9301147,0,100.2818375,3.939335108,32.55145264,93867.4375,9.522267342,4.225009816
201.3999939,289.3573213,83.80183999,28.26393852,65.11667681,0.6630545149,85.68227878,6.500552654,297.8865967,0,100.7307358,1.181800485,9.999999747e-05,93869.21094,9.491361618,4.253905182
201.6000061,287.3313667,83.4471117,28.19252054,65.05231996,0.6662209719,86.2637794,6.500163078,297.9397278,0,101.0287933,0.3545401692,43.8230896,93871.33594,9.545163155,4.148222405
201.8000031,289.9475437,83.90258324,28.29478903,65.15620989,0.6615154117,85.18562073,6.499069691,297.8929138,0,101.4860992,0.1063620448,9.999999747e-05,93872.85156,9.506604195,4.109585507
202,287.5421953,83.11241302,28.18491285,65.090225,0.665634971,85.88517408,6.497930527,297.9534912,0,102.3805389,0.0319086127,48.84794998,93874.83594,9.574160576,3.996562329
202.1999969,290.5990463,83.36583962,28.29221542,65.22868393,0.6601419403,84.52605577,6.497214794,297.9025269,0,103.7285309,17.26573372,4.884794712,93876.25,9.523249626,4.000995721
202.3999939,289.5347906,82.0127644,28.17965721,65.22429325,0.6625561472,84.66722155,6.497762203,297.9987488,0,105.3612442,5.179720402,67.18717194,93877.8125,9.573464394,3.922531392
202.6000061,293.7447944,82.09268354,28.29219185,65.32260569,0.6570305,84.2609835,6.498692989,297.9362793,0,106.7723389,35.09881973,6.718717098,93878.71094,9.526903152,3.922071996
202.8000031,293.2344827,80.59675071,28.19448919,65.3658497,0.6580684461,83.78246812,6.500918865,298.0794983,0,107.8137589,10.52964592,90.63387299,93879.38281,9.559044838,3.858462324
203,298.876582,80.74249018,28.32070938,65.38926477,0.653006115,84.91802681,6.504457474,298.0109558,0,107.9619064,58.0234108,9.063386917,93879.32812,9.48750782,3.976731863
203.1999969,299.07407,79.35944034,28.23316699,65.42499285,0.6537583303,84.46381143,6.507619381,297.9364624,0,106.6945038,36.28130722,0.9063386917,93878.46094,9.512828827,3.897864834
203.3999939,295.0635826,81.45667325,28.28959512,65.33328434,0.6556574491,84.20351334,6.509514332,298.0046997,0,104.1677322,10.88439178,54.20870972,93878.53125,9.461320877,4.054139174
203.6000061,295.8942187,82.58704568,28.32360477,65.16541343,0.6572099233,86.41876539,6.509302139,297.9507446,0,100.8858566,32.60525131,5.420870781,93878.52344,9.443637848,4.092464141
203.8000031,293.6428878,82.95585298,28.27577197,65.10493668,0.6606700946,86.68370525,6.507243156,297.897583,0,97.69181824,13.6597271,0.5420870781,93878.46875,9.458257675,4.077225994
204,289.0306355,84.63387293,28.26800218,64.97632466,0.6654934023,87.07350188,6.503356934,297.9338684,0,95.3205719,4.097918034,36.6054306,93879.40625,9.463322639,4.110307832
204.1999969,288.7087996,85.31967988,28.27918628,64.93188498,0.6667404214,87.44941665,6.499104977,297.889801,0,94.50389862,1.229375362,9.999999747e-05,93880.53906,9.457359314,4.125705559
204.3999939,285.5886246,84.89598076,28.17795413,64.87252353,0.6716091737,87.93194632,6.496864319,297.9507141,0,95.38337708,0.3688126206,45.55063248,93882.59375,9.489039421,4.17008751
204.6000061,288.1129618,84.78733257,28.23197181,64.96346902,0.6678656168,87.19262944,6.494852066,297.9060974,0,97.15129852,17.58102989,4.555063248,93884.25,9.477696419,4.106455186
204.8000031,287.4339364,83.42873379,28.14457862,65.01653281,0.668871269,86.7271594,6.494770527,298.0033264,0,99.72986603,5.274308681,64.97888947,93886.08594,9.518957138,4.041415919
205,291.5347084,83.10063987,28.23105618,65.12755953,0.6632094797,86.20244109,6.495196819,297.9455872,0,102.335556,35.6293602,6.497889042,93887.35156,9.496559143,3.9716602
205.1999969,291.6746151,81.32362356,28.1474258,65.22872495,0.6626668152,85.19013228,6.497105598,298.0850525,0,104.7752609,10.68880844,88.14241028,93888.32031,9.535731316,3.858308481
205.3999939,297.2409891,81.10222763,28.26383922,65.29262881,0.6568313599,85.83361764,6.499193668,298.010498,0,106.4481888,57.20034027,8.814241409,93888.52344,9.501376152,3.818234294
205.6000061,297.5910165,79.4073445,28.18827537,65.41016436,0.6559448731,84.38826141,6.50180006,297.9319458,0,107.2900543,33.61815262,0.881424129,93888.01562,9.526804924,3.713145779
205.8000031,293.8691497,80.82875686,28.22627455,65.36568732,0.6570489794,83.68365785,6.504543781,297.9906921,0,107.0881348,10.08544636,52.15403366,93888.57031,9.488190651,3.845823817
206,295.4232152,81.57958673,28.27473579,65.25970053,0.6568326631,85.23060642,6.506325245,297.9321594,0,105.7899704,28.38925934,5.215403557,93889.07812,9.464680672,3.888974604
206.1999969,293.7617418,81.62195848,28.23473544,65.22604236,0.6589437362,85.25353365,6.507890224,298.0448914,0,103.7827225,8.516777992,74.20624542,93889.57031,9.459162712,3.932749645
206.3999939,297.1911581,82.39903429,28.32129002,65.15967362,0.6570130916,86.81333671,6.507956028,297.9848022,0,101.1471939,45.30540848,7.420624256,93889.36719,9.416297913,3.969228441
206.6000061,295.6451652,82.01233767,28.23853069,65.12382055,0.6603437799,87.03280412,6.506668091,297.9212036,0,98.48963928,25.4102459,0.7420623899,93888.83594,9.446181297,3.92102734
206.8000031,290.9673754,83.85509214,28.25308868,65.0234472,0.6641642222,86.9348886,6.503804207,297.9725342,0,96.34680939,7.623073578,45.21537781,93889.32812,9.433285713,3.985551727
207,290.8484532,84.53695699,28.26032466,64.94117508,0.6658262022,87.91599984,6.500490189,297.9230347,0,95.35044098,22.85371399,4.521537781,93890.04688,9.429174423,4.008583326
207.1999969,288.7967059,84.05292939,28.18001192,64.93051759,0.669008477,87.86601758,6.497460842,298.0207214,0,95.67598724,6.856113911,65.93746185,93891.05469,9.472112656,3.950794051
207.3999939,291.5153239,84.06776947,28.23991705,64.98778941,0.6658129827,87.7964577,6.494824886,297.9613953,0,97.21099854,38.04751205,6.593746662,93891.75781,9.457001686,3.911658116
207.6000061,290.8119988,82.38969804,28.13242076,65.06627741,0.6668955144,87.01643862,6.494458675,297.901001,0,99.79990387,17.6184864,0.6593746543,93892.53906,9.498094559,3.857397363
207.8000031,288.085829,82.74935265,28.14181862,65.10239095,0.6668202121,85.76019771,6.494839191,297.9390259,0,102.5291595,5.285545826,40.69800568,93894.25781,9.501186371,3.844270115
208,289.8999931,82.54975081,28.18037072,65.15108073,0.6640008102,85.41498257,6.496407032,297.8868713,0,105.1110306,1.585663795,9.999999747e-05,93896.01562,9.485383987,3.840250275
208.1999969,288.2636208,81.73377346,28.11684237,65.15113239,0.6653331648,85.29469959,6.498606205,297.9449768,0,107.0643768,0.4756991267,49.37145233,93898.19531,9.523655891,3.766929941
208.3999939,292.069203,81.91549325,28.23174373,65.26503336,0.659365474,84.30771303,6.500096321,297.8902893,0,108.1397247,0.1427097321,9.999999747e-05,93899.59375,9.481846809,3.719503303
208.6000061,289.8414756,81.21747283,28.14067854,65.20490026,0.6626111986,84.88659784,6.502353191,297.9550781,0,108.6233139,0.04281292111,53.02112961,93901.46875,9.516872406,3.701466077
208.8000031,293.7239791,81.77279747,28.26752543,65.2873865,0.6572172519,84.2567145,6.502961636,297.8965759,0,108.1994553,18.68821907,5.302113056,93902.39844,9.470044136,3.662957883
209,292.0178503,81.17698362,28.18189286,65.2482599,0.6601654228,84.54802603,6.504375458,298.0024719,0,107.5400467,5.60646534,73.11936188,93903.46094,9.488408089,3.68017245
209.1999969,296.1787798,81.80949705,28.29370965,65.25416815,0.656292723,85.18739077,6.504506588,297.9344482,0,106.307251,38.70197678,7.311935902,93903.69531,9.442401886,3.686928707
209.3999939,294.5072048,81.04165456,28.19784477,65.24135111,0.6592234073,85.15364912,6.504261494,298.09198,0,105.0287933,11.61059284,98.68756866,93903.71875,9.477846146,3.624534503
209.6000061,299.4294489,81.53411794,28.30944245,65.22357653,0.6555967525,86.66029162,6.504366398,298.0134888,0,103.8454514,64.00769806,9.868756294,93903.02344,9.415371895,3.720002249
209.8000031,298.2965136,80.25239646,28.1901154,65.24428983,0.6582371875,86.27825195,6.504374504,297.9320068,0,102.6177063,39.19493103,0.9868756533,93901.875,9.454023361,3.655755277
210,293.3307962,82.13605508,28.22038926,65.17277077,0.6609905728,85.65678068,6.502220154,297.9992981,0,101.3881378,11.75847912,57.61354828,93901.80469,9.448740959,3.671245399
210.1999969,293.7495211,82.87470249,28.2479693,65.0917396,0.6617461215,86.76477649,6.499109745,297.9316101,0,101.027153,33.03522873,5.761354923,93901.96094,9.449912071,3.658870164
210.3999939,291.4466939,82.18266511,28.16278819,65.12087999,0.6642467099,86.10248674,6.495883942,298.055481,0,101.9065323,9.910569191,83.84011078,93902.3125,9.499959946,3.55079192
210.6000061,295.0370629,82.09912892,28.23350657,65.17288644,0.6606897595,86.45521358,6.493186474,297.9718323,0,104.0736618,50.58475494,8.384011269,93902.38281,9.484934807,3.514443874
210.8000031,293.9558635,80.02942804,28.10969443,65.3053455,0.661191667,84.80273523,6.492794037,297.8930969,0,107.3175507,22.87703323,0.8384011388,93902.44531,9.529230118,3.428081777
211,290.1837367,80.43843869,28.1087418,65.33572605,0.661694613,83.40802256,6.492544651,297.9309998,0,110.7125854,6.863109589,46.96845627,93903.71875,9.546482086,3.384609154
211.1999969,292.0248416,80.19512988,28.15202582,65.39985881,0.6586591648,82.89954613,6.493645191,297.8661194,0,114.2143326,2.05893302,9.999999747e-05,93905.16406,9.532444954,3.38178158
211.3999939,289.8481133,79.01424026,28.06442624,65.41840467,0.6601506157,82.50322176,6.495671272,297.9307556,0,117.2719116,0.617679894,57.77987289,93907.20312,9.580108643,3.289794824
211.6000061,294.4108644,78.93700754,28.1875933,65.56061471,0.6535557851,81.37687149,6.499365807,297.8663025,0,119.5203247,0.1853039712,9.999999747e-05,93908.59375,9.513029099,3.358900814
211.8000031,292.2510918,77.92263907,28.07918597,65.48755546,0.6567267138,82.14134977,6.5051651,297.9440613,0,120.2884521,0.05559118837,62.41573334,93910.54688,9.537784576,3.400651994
212,297.8182578,78.7441564,28.2532623,65.5457475,0.6503048095,82.05729134,6.510311604,297.8831177,0,118.735199,0.01667735726,9.999999747e-05,93911.3125,9.447235107,3.495916826
212.1999969,294.5749166,78.93639234,28.15779977,65.34963217,0.655899551,84.05751783,6.513744354,297.960968,0,115.1322556,0.005003206898,61.12375259,93912.4375,9.478735924,3.496800072
212.3999939,298.5369501,80.78719245,28.33678067,65.34693572,0.6515183361,84.23876056,6.515348434,297.9024048,0,110.159729,22.93568802,6.112375259,93912.42188,9.367418289,3.658303237
212.6000061,295.056734,81.23980309,28.21804366,65.13158571,0.6589810502,86.41601648,6.513874054,298.0215454,0,104.5461349,6.88070631,79.47581482,93912.46094,9.413939476,3.624685135
212.8000031,297.9171088,83.0530508,28.3550159,65.09207981,0.6566516388,87.14816296,6.509155273,297.9507446,0,99.526474,44.7590332,7.947581768,93911.52344,9.349348068,3.662986197
213,294.0252871,82.77983557,28.19992472,64.97745802,0.6644041918,88.16408814,6.501579762,297.8780823,0,96.39507294,20.25058746,0.7947582006,93910.70312,9.442849159,3.509049419
213.1999969,287.9348482,84.56318769,28.2028584,64.94481289,0.6686418363,86.99108413,6.494055271,297.9292297,0,96.29283905,6.075176239,48.7337265,93911.42188,9.439371109,3.585186439
213.3999939,287.9227285,84.26790761,28.16066532,64.92969769,0.6702092553,87.36214004,6.48861599,297.8731384,0,99.19111633,1.8225528,9.999999747e-05,93912.78125,9.462388992,3.590177147
213.6000061,285.1738742,82.66268163,28.03680293,64.98941389,0.6727190969,86.64726685,6.48537302,297.9425964,0,104.2584839,0.5467658639,56.80839157,93915.07812,9.54064846,3.466872954
213.8000031,289.1578334,81.58504023,28.1047027,65.22865064,0.6650744251,84.41371403,6.484755516,297.8812561,0,110.6224442,0.1640297472,9.999999747e-05,93917.10156,9.515797615,3.406217759
214,287.8592464,78.94544586,27.96381226,65.32790435,0.6654958603,83.48501125,6.486519814,297.9500732,0,117.2319717,0.0492089279,59.67167664,93919.73438,9.599164963,3.221480262
214.1999969,293.4593223,77.85859682,28.08745934,65.60044629,0.6557652368,81.05238211,6.491164207,297.8789673,0,123.1362381,19.79277802,5.967167377,93921.67969,9.540228844,3.216981986
214.3999939,293.8628591,75.46337435,27.99093819,65.70950555,0.6544073329,79.90003574,6.500178337,297.9943542,0,127.1809769,5.937833786,82.52684021,93923.57031,9.552560806,3.223516207
214.6000061,301.7594628,75.64403047,28.17726737,65.7441267,0.6468872796,80.91254002,6.508702755,297.9107971,0,127.6149139,41.73620224,8.25268364,93924.1875,9.481832504,3.254364305
214.8000031,301.4657661,75.06484956,28.14371425,65.74453207,0.6470842265,80.58006687,6.517720699,298.0917053,0,124.6546707,12.52086067,113.4840927,93924.10156,9.455435753,3.3238997
215,309.8693748,76.6802409,28.34589293,65.54802678,0.6428909066,84.77782121,6.523064137,297.9968567,0,118.0841293,72.22029877,11.3484087,93922.25,9.367076874,3.417843024
215.1999969,306.8464667,77.61129762,28.29324322,65.4526167,0.6470690134,84.91830065,6.523702621,297.9053345,0,109.3897171,41.57773209,1.134840846,93919.48438,9.35656929,3.426080124
215.3999939,297.9435932,81.90220456,28.31046369,65.12459025,0.6560212891,86.6658237,6.518723488,297.986145,0,100.4437408,12.47332001,64.24988556,93918.24219,9.327522278,3.576654265
215.6000061,295.8850002,84.32829475,28.32983553,64.8874852,0.6614749623,89.01925547,6.510511398,297.9206848,0,93.49274445,37.48640823,6.42498827,93917.19531,9.302142143,3.67081496
215.8000031,290.7121529,84.78834101,28.19170222,64.74783074,0.6709271633,90.08892936,6.502392292,298.0755005,0,89.81916046,11.24592209,93.19429779,93916.90625,9.341387749,3.732639613
216,292.9349006,85.06912201,28.21442382,64.7140145,0.6710581567,91.33341068,6.495645046,298.0088196,0,89.3825531,62.18078995,9.319429398,93916.55469,9.317192078,3.787887204
216.1999969,291.733684,83.0534381,28.04805059,64.76455289,0.6750006612,91.12701651,6.492269039,297.9395142,0,91.64067078,40.84243774,0.9319429398,93916.44531,9.375094414,3.78978113
216.3999939,288.3194321,83.40928707,28.04855059,64.8254416,0.6752293756,89.37899707,6.490409374,298.0140686,0,95.24262238,12.25273037,57.06434631,93917.53125,9.384924889,3.772024344
216.6000061,290.1943155,82.90226246,28.07122659,64.87113327,0.6725320694,89.31898987,6.4915452,297.9581604,0,99.5941391,36.23200607,5.706434727,93919.08594,9.373603821,3.790389079
216.8000031,290.6685476,81.03839222,28.00671067,65.00537036,0.6703892006,87.92816204,6.49503088,297.8995972,0,103.4864731,16.91117668,0.5706434846,93920.5625,9.400883675,3.731280207
217,289.1473947,81.31619157,28.04423758,65.0574395,0.6684783128,86.60469521,6.499015331,297.938324,0,105.9862595,5.073352814,40.58829498,93922.67188,9.388567924,3.717659623
217.1999969,291.5799676,81.47478245,28.1116374,65.07365695,0.665095931,86.64504249,6.50387764,297.8889771,0,106.8982315,1.522005916,9.999999747e-05,93924.63281,9.342786789,3.767540528
217.3999939,289.9064617,81.34198859,28.06671847,64.98828074,0.6676597876,87.53697512,6.507831573,297.9486084,0,105.8639526,0.4566017687,48.21823502,93926.84375,9.367523193,3.738621345
217.6000061,293.2913083,82.42304348,28.20233051,65.01908009,0.6628625235,87.2810752,6.510870457,297.9031067,0,103.2538376,0.1369805336,9.999999747e-05,93928.20312,9.27490139,3.816778644
217.8000031,290.1275976,82.60282114,28.09770821,64.80718253,0.6701568654,89.71728773,6.512969971,297.9686279,0,99.42824554,0.04109415784,48.08091736,93930.0625,9.303517342,3.856798298
218,292.6687425,84.13532062,28.22650756,64.80221138,0.6668771492,89.69667121,6.512339592,297.9301453,0,94.76303101,19.35409927,4.80809164,93930.92188,9.222247124,3.87892888
218.1999969,290.032206,84.25498908,28.11548872,64.62390925,0.6745611954,91.82212076,6.510189056,298.0271301,0,90.35594177,5.806230068,61.24969101,93931.91406,9.262182236,3.88400156
218.3999939,291.8610145,85.39880087,28.19902774,64.60388573,0.6730335279,92.20286432,6.503979206,297.9781799,0,86.80540466,36.94113922,6.124969006,93931.95312,9.257070541,3.794326523
218.6000061,289.6510569,84.96075675,28.09337846,64.56704569,0.6784609998,92.61404554,6.497830391,297.9254456,0,85.74726868,20.33826637,0.6124969125,93932.16406,9.309574127,3.770717493
218.8000031,285.8370397,85.70647479,28.07452096,64.55387303,0.6816535179,91.82987451,6.491724491,297.9659424,0,87.13535309,6.101480007,38.82690811,93933.39844,9.342690468,3.728363642
219,286.1760738,85.38358372,28.06918961,64.61050297,0.6807097362,91.23755378,6.488744259,297.9212952,0,90.96600342,17.66942978,3.882690907,93935.21094,9.336800575,3.75240877
219.1999969,285.673126,83.68293238,27.97843387,64.69763562,0.6807884141,90.45228916,6.489233971,298.0011597,0,95.97859192,5.300828934,56.92176056,93937.50781,9.382029533,3.714760855
219.3999939,289.6593143,82.9391911,28.05597906,64.86194327,0.6733426879,89.09428784,6.49202776,297.9486389,0,100.7938461,30.23221207,5.692175865,93939.46094,9.348467827,3.683561235
219.6000061,290.5967264,80.9267719,27.98779681,64.9808917,0.6711020431,88.0264481,6.496039867,298.0618591,0,104.4951782,9.069663048,76.22290039,93941.03906,9.398417473,3.541750729
219.8000031,296.0612142,80.78757677,28.12564382,65.09337307,0.6632127242,87.64692158,6.499583721,297.9907532,0,106.5949173,46.59654617,7.622290134,93941.6875,9.35651207,3.468350792
220,296.2722262,79.34574931,28.06178849,65.17459466,0.6624608046,86.68844535,6.50603199,297.9256592,0,107.2825699,23.53961182,0.7622290254,93942.02344,9.334533691,3.554166042
220.1999969,293.5224462,80.73847808,28.09752911,65.06117273,0.6641877211,87.15634729,6.510640144,297.9616089,0,105.3800278,7.061883926,40.15702057,93943.01562,9.311683655,3.600089696
220.3999939,294.4243717,82.17427295,28.17727814,64.95267367,0.6638779675,88.34251953,6.512514591,297.9116516,0,101.6495438,17.15940857,4.015701771,93943.67969,9.268445969,3.633421441
220.6000061,291.7402271,82.98694476,28.13515263,64.81379813,0.6688829886,89.57849094,6.512739182,297.9960327,0,97.17240143,5.147822857,58.79064941,93944.51562,9.263119698,3.687802724
220.8000031,293.3789366,84.29356946,28.20663201,64.72640715,0.6687091882,90.75836234,6.510725021,297.9500732,0,92.60206604,31.3194828,5.879065037,93944.74219,9.209102631,3.731265505
221,290.8363666,84.27592207,28.10157235,64.60018204,0.675551541,92.23421012,6.506646156,297.9000549,0,88.83937073,14.67848206,0.5879064798,93944.96094,9.264479637,3.697952939
221.1999969,286.7185987,85.95686522,28.12052004,64.5369105,0.6793611748,91.80620256,6.500667095,297.9419861,0,86.7078476,4.403544426,38.1762619,93945.92969,9.265640259,3.689203043
221.3999939,286.3415104,86.25939937,28.10378697,64.49583789,0.6814677979,92.25447359,6.495604992,297.9003906,0,86.96755981,1.321063399,9.999999747e-05,93947.27344,9.268094063,3.706265234
221.6000061,283.7685692,85.49347102,28.00464094,64.47284958,0.685798708,92.52538426,6.492519855,297.9579468,0,89.24305725,0.3963190019,44.20113373,93949.46875,9.324885368,3.689360045
221.8000031,286.4660875,85.17478559,28.06390292,64.61920255,0.6801501496,90.98637869,6.491121292,297.9145508,0,92.74899292,16.8333416,4.420113564,93951.40625,9.298604965,3.660932858
222,286.3186372,83.4195902,27.96901858,64.68566267,0.6805101252,90.57669939,6.492518902,298.0033875,0,96.81526947,5.050002098,61.3416748,93953.61719,9.349032402,3.60969073
222.1999969,290.6979438,83.00435157,28.06966388,64.8384217,0.6726768456,89.33042161,6.495909214,297.9517517,0,100.3186417,32.82514572,6.134167671,93955.33594,9.291748047,3.614885628
222.3999939,291.3583522,81.19274133,27.98833,64.89781108,0.6721137067,89.04015856,6.500775814,297.8952332,0,102.4683151,14.47019196,0.6134167314,93956.79688,9.328116417,3.557226302
222.6000061,289.7816269,82.13564929,28.05776001,64.91971173,0.670312481,87.94520188,6.504754543,297.9331665,0,102.6729507,4.341057777,39.46460724,93958.64844,9.294239044,3.56634214
222.8000031,291.4602897,82.75123507,28.11222345,64.86265956,0.6690360586,88.74432211,6.506970882,297.8830872,0,101.2936401,1.302317262,9.999999747e-05,93960.14062,9.276256561,3.545796202
223,288.8562485,83.16342101,28.07655599,64.77027906,0.6727263818,89.5039004,6.508153439,297.9460754,0,99.03070068,0.3906951845,49.18909454,93961.99219,9.284852982,3.561892996
223.1999969,291.3173954,84.16203439,28.16864531,64.76461184,0.6700028866,89.61319541,6.507940769,297.9004517,0,96.29260254,0.1172085553,9.999999747e-05,93963.13281,9.220614433,3.604453443
223.3999939,287.8497302,84.12108021,28.05595737,64.59553849,0.677636113,91.5829918,6.506531715,297.9663391,0,93.64073944,0.03516256809,49.45365143,93964.78906,9.280249596,3.585073777
223.6000061,290.2414852,85.21914113,28.16963061,64.65752499,0.673454408,90.69651865,6.503865719,297.922699,0,91.55200958,19.37625504,4.945365429,93965.67969,9.208138466,3.608626995
223.8000031,288.0566792,84.46516309,28.03400806,64.54340681,0.680285444,92.31837867,6.501863956,298.0211487,0,90.52987671,5.812876225,64.40263367,93966.96094,9.267054558,3.608098786
224,290.9553655,84.9828467,28.12662404,64.6071676,0.6759064873,91.84042781,6.49970293,297.9723511,0,90.30231476,37.20592499,6.440263271,93967.65625,9.214511871,3.612297782
224.1999969,290.0023284,83.62896009,28.00180209,64.58427746,0.6798648104,92.52532165,6.498320103,297.916748,0,90.94191742,20.4241581,0.6440263391,93968.39844,9.282964706,3.561341529
224.3999939,287.4549899,84.53192629,28.04513881,64.63227388,0.6792467556,90.94229908,6.496778488,297.9616394,0,92.13156891,6.12724781,41.56069183,93969.79688,9.268717766,3.548641568
224.6000061,288.4235889,84.4343145,28.050996,64.62557062,0.6786090525,91.20573431,6.496295452,297.914032,0,93.94082642,18.90991211,4.156069279,93971.39844,9.268660545,3.544294743
224.8000031,287.7124296,83.55606386,28.00064101,64.67667173,0.6788541208,90.62008804,6.496803284,298.0014648,0,95.93934631,5.672973633,61.59835815,93973.125,9.300749779,3.489511403
225,291.2522192,83.51732205,28.08345163,64.75793099,0.6734773749,90.11641914,6.49940443,297.9518433,0,97.73485565,32.96591949,6.159835815,93974.52344,9.230664253,3.55914922
225.1999969,291.1823196,82.03900021,27.98665792,64.75348165,0.6751547638,90.60325673,6.502334118,297.8957214,0,98.4861908,15.2423811,0.6159836054,93975.71094,9.285722733,3.488546826
225.3999939,289.1208649,83.27159859,28.06019497,64.77577594,0.6738419769,89.34585374,6.503558636,297.9359436,0,98.07120514,4.572714329,40.52402496,93977.25,9.25889492,3.471045587
225.6000061,290.1934997,83.79657098,28.0931352,64.72207575,0.6735138838,90.05005197,6.503966808,297.8868103,0,97.17316437,1.371814251,9.999999747e-05,93978.66406,9.242196083,3.47636298
225.8000031,287.5123571,83.84091724,28.03610018,64.64598352,0.6775801595,90.72710503,6.504479408,297.9499512,0,96.10895538,0.4115442932,48.80056381,93980.60156,9.258150101,3.501109379
226,290.148725,84.48320316,28.11912162,64.6739597,0.6741181105,90.48879572,6.504214764,297.9042664,0,94.83676147,0.1234632879,9.999999747e-05,93981.89062,9.204088211,3.520385434
226.1999969,287.2252221,84.09447351,28.01167445,64.55017485,0.6804578312,92.02688553,6.503813744,297.9683533,0,93.6734314,0.03703898564,48.76155472,93983.74219,9.259230614,3.507420066
226.3999939,290.0450894,84.87587474,28.12209305,64.63169396,0.6753631932,91.0061175,6.504563332,297.930603,0,92.66847229,18.90795517,4.876155376,93985.07812,9.146342278,3.613826449
226.6000061,288.516522,83.86160585,27.97886981,64.48448545,0.6822707377,93.31611357,6.505242825,298.0221252,0,91.35933685,5.672386646,60.1432724,93986.61719,9.221741676,3.593506115
226.8000031,291.7513174,84.79649562,28.11451604,64.56518634,0.6761982479,92.42579748,6.505122185,297.9816895,0,89.78242493,34.92789078,6.014327049,93987.32812,9.130025864,3.616191922
227,290.5101252,83.75767759,27.97966511,64.45517197,0.6823329951,94.27193178,6.504462719,297.9324646,0,88.25618744,21.12458038,0.6014327407,93988.03125,9.206220627,3.584968305
227.1999969,288.1004201,85.2567988,28.05030643,64.47777056,0.6819053357,92.86697542,6.503446102,297.9819641,0,86.99282837,6.33737421,39.29463577,93989.23438,9.140971184,3.627185517
227.3999939,288.1334603,85.33794772,28.01367863,64.35659066,0.6852706651,94.63906615,6.502175808,297.9458618,0,86.13571167,21.24908829,3.929463387,93990.66406,9.163342476,3.623915046
227.6000061,287.3999589,85.18371719,27.99341607,64.38267953,0.6860053216,94.22384152,6.501589298,298.0329895,0,85.78633118,6.374726772,55.28528595,93992.125,9.152719498,3.634913596
227.8000031,289.4733826,85.18604963,28.01771124,64.36255394,0.6847494636,94.9762576,6.50134182,297.9991455,0,85.66853333,34.67329025,5.528528214,93993.33594,9.132579803,3.636531627
228,289.5250359,84.25480119,27.95338161,64.37634588,0.6861332686,95.18324693,6.501479626,297.9563293,0,85.6508255,23.58969688,0.552852869,93994.3125,9.163139343,3.631912422
228.1999969,287.6857976,85.04146682,27.98325297,64.3796319,0.6863265368,94.40013474,6.501574039,297.919342,0,85.57782745,9.031618118,0.05528528243,93995.79688,9.135235786,3.639929257
228.3999939,285.3492706,85.4799852,27.95684458,64.29701507,0.6898370709,94.9552983,6.50222683,297.9444275,0,85.46839142,2.709485292,25.55085754,93998.08594,9.133993149,3.648637285
228.6000061,286.0892065,85.83553634,27.98978536,64.29454073,0.6886466254,94.90951207,6.501777649,297.910675,0,85.09580231,0.8128455877,9.999999747e-05,94000.14062,9.132098198,3.625579375
228.8000031,284.4996739,85.81347166,27.95662838,64.2617216,0.6911057298,95.15829137,6.501249313,297.9558716,0,84.90828705,0.2438536882,35.07146454,94002.5,9.153828621,3.616141165
229,286.341383,86.1076701,28.01111417,64.30901934,0.6879286545,94.59943632,6.500327587,297.9248962,0,84.92887878,12.73427582,3.507146358,94004.41406,9.126421928,3.599087542
229.1999969,285.5675872,85.44997525,27.94430599,64.28363098,0.6906142928,95.14321341,6.499835014,297.9963074,0,85.31924438,3.820282936,48.3360672,94006.4375,9.16947937,3.581212433
229.3999939,288.0970404,85.7111095,28.02065443,64.35834219,0.6858715239,94.37507533,6.500023365,297.9638367,0,85.90391541,25.86858368,4.83360672,94008.03906,9.109469414,3.59127258
229.6000061,287.7687293,84.51830442,27.92242042,64.32156572,0.689057732,95.3713559,6.500588894,297.9219055,0,86.41231537,13.99087715,0.483360678,94009.60938,9.175278664,3.562344411
