Time Step,Discharge rate,Sugar feed rate,Soil bean feed rate,Aeration rate,Back pressure,Water injection/dilution,pH,Temperature,Acid flow rate,Base flow rate,Cooling water,Heating water,Vessel Weight,Dissolved oxygen concentration,Yield Per Step
0,127.6368194,44.99681028,27.9599508,57.74134522,0.9287959007,79.29657415,6.434562206,297.67276,0,26.36831284,9.999999747e-05,231.076004,61135.92578,17.49175072,0.05805610422
0.200000003,0,13.45579003,21,39.22312265,0.7722383973,3.991255198,6.450371265,297.8906555,0,52.54340363,9.999999747e-05,65.44654846,61150.71094,16.12314034,-3.055094993e-05
0.400000006,0,25.23537519,23.02336293,40.77941558,0.8133637827,6.416080669,6.478288651,297.8718872,0,72.86312866,9.999999747e-05,9.999999747e-05,61173.70312,16.45450592,-3.063229143e-05
0.6000000238,1.162217694,40.16823843,24.27673924,44.71197256,0.8958640532,62.13642368,6.510720253,298.1612244,0,82.02666473,9.999999747e-05,85.72754669,61212.96875,17.1396122,-3.073767968e-05
0.8000000119,0,32.84613005,23.88355969,45.1828983,0.9519337275,92.09502007,6.542198658,298.0489807,0,78.24144745,95.16500854,8.57275486,61255.77734,17.60337639,-3.077039114e-05
1,0,27.39157493,24.01920355,41.40153936,0.9200436224,33.93803549,6.563292503,297.9606628,0,61.88249207,60.3104248,0.8572754264,61281.875,17.29930878,-3.041833569e-05
1.200000048,6.831825241,31.27566039,24.63995524,41.68839889,0.9070870077,29.82144091,6.561335087,297.9109497,0.5187507272,30.94124603,32.51838303,0.08572754264,61300.69922,17.17127609,-3.012039784e-05
1.399999976,28.84603618,30.08281058,23.51062234,45.38744588,0.8517800149,13.46802674,6.547093391,298.0508118,1.039981365,15.47062302,9.755515099,43.15113449,61308.08984,16.70555115,-2.993539376e-05
1.600000024,7.431046115,21.57985329,23.71610546,41.20477134,0.7819400145,0,6.52127409,297.9967651,0,0,55.04193115,4.315113544,61311.39844,16.06503296,-3.039129301e-05
1.799999952,0,17.6819557,22.32573508,40.17687771,0.737893283,0,6.496676922,297.9562378,0,0,37.2518158,0.4315113425,61314.92969,15.66607666,-3.049465769e-05
2,16.85357796,19.85760196,22.26791771,41.75897974,0.7099571813,0,6.474607468,297.9364014,0,1.847268701,23.55168724,0.04315113649,61315.99219,15.41364193,-3.029897411e-05
2.200000048,0,21.0303728,21.01698611,42.1740019,0.7274882586,0,6.460790157,298.0546875,0,12.51800823,7.065505981,32.08873367,61322.76172,15.531847,-3.070828953e-05
2.400000095,0,11.08484805,22.56157901,37.05306905,0.6682883627,0,6.458677769,298.0281372,0,28.69672966,45.63887787,3.20887351,61330.41406,14.98178005,-3.083150075e-05
2.599999905,0,13.92466038,21.79420743,38.21471921,0.6628149428,0,6.469146252,298.0075378,0,45.70835495,37.63760757,0.320887357,61342.21094,14.9209137,-3.074237567e-05
2.799999952,16.89196657,19.46752968,23.42146758,41.82994416,0.7085344325,0,6.487017632,297.9941101,0,58.52878952,31.7917366,0.03208873421,61354.99219,15.285326,-3.038640992e-05
3,0,21.2627306,23.33942902,42.86277026,0.7809819142,20.27283653,6.506313801,297.9861145,0,64.21663666,27.59516525,0.003208873561,61377.01562,15.86220264,-3.048245846e-05
3.200000048,1.745289864,26.54273498,24.75476791,41.85186598,0.7908752236,7.278617214,6.524867058,297.9875183,0,62.20497131,24.71395111,0.0003208873386,61399.39062,15.91248989,-3.034373598e-05
3.400000095,0,17.01782536,23.92218518,38.14198155,0.7629953727,0,6.536674976,297.9952087,0,52.77908707,24.73409081,9.999999747e-05,61415.9375,15.62346268,-3.028944084e-05
3.599999905,16.99006782,30.71228371,25.54426334,43.92649697,0.835102813,35.08862274,6.536972046,298.0039673,0,38.64970016,26.91628075,9.999999747e-05,61437.38672,16.23447227,-3.003218124e-05
3.799999952,27.54895075,27.59021075,22.99406002,42.54789956,0.7896108667,25.23801648,6.525207043,298.0167236,0,24.41777039,29.69599724,9.999999747e-05,61449.1875,15.81027985,-2.992040265e-05
4,62.36035318,30.07076516,24.38740316,44.59474225,0.7878430135,5.437712194,6.505310535,298.0292358,0,14.89452744,34.18040085,9.999999747e-05,61448.76562,15.75767708,-2.952983588e-05
4.199999809,33.24145659,26.70122517,23.97795696,41.96501474,0.7515130642,0,6.484419346,298.0426941,0,13.31788826,39.03422165,9.999999747e-05,61451.86719,15.39039516,-3.003023978e-05
4.400000095,25.6899942,25.49203195,22.48250144,42.19866656,0.7547742906,0,6.469082355,298.0543213,0,20.07498932,44.67345047,9.999999747e-05,61457.28125,15.37375927,-3.023098567e-05
4.599999905,12.76098997,21.00031353,24.38910287,41.00160328,0.7564963904,0,6.462417603,298.0612488,0,32.94552231,50.18261337,9.999999747e-05,61467.06641,15.32149982,-3.046414539e-05
4.800000191,0,17.46074242,24.19586728,38.44015523,0.7489397522,0,6.467402458,298.0744934,0,48.47121429,54.53007507,9.999999747e-05,61481.66406,15.19754982,-3.064568818e-05
5,0,18.18719961,22.16800771,41.95959921,0.7681923582,0,6.479788303,298.0822144,0,61.99253082,61.34072876,9.999999747e-05,61498.83984,15.34069061,-3.06067837e-05
5.199999809,0,19.32484454,23.71213832,40.19224734,0.7436866912,0,6.497321129,298.0922546,0,70.57245636,66.70294952,9.999999747e-05,61518.38281,15.06940269,-3.053352952e-05
5.400000095,0.9296666679,24.31209707,24.41806462,41.68363784,0.7528583784,0,6.513399124,298.0968933,0,72.14617157,73.1865921,9.999999747e-05,61539.54688,15.10277271,-3.043726836e-05
5.599999905,22.34649681,34.19615817,26.61011155,43.11911553,0.8103894055,0,6.525693417,298.1045227,0,67.30995941,78.17195892,9.999999747e-05,61558.47266,15.54474926,-3.007551274e-05
5.800000191,2.109626857,22.83211582,24.51119423,42.13346114,0.7949794697,17.09705725,6.530555725,298.1169434,0,57.56380844,84.40608215,9.999999747e-05,61579.54688,15.35805702,-3.031243673e-05
6,51.6358829,42.18761257,25.19173025,50.54647746,0.9173234729,95.96820947,6.522926807,298.1101685,0,45.88497925,92.55228424,9.999999747e-05,61609.64453,16.40692902,-2.963913026e-05
6.199999809,0,22.14278794,24.530593,42.78736429,0.8316638152,6.928901127,6.508787632,298.1172485,0,37.27488708,94.50888824,9.999999747e-05,61624.68359,15.54285908,-3.036800009e-05
6.400000095,13.98698222,24.84914914,23.48263861,43.01038899,0.7977084016,30.55677234,6.49196291,298.1234436,0,34.30171204,101.1260681,9.999999747e-05,61641.63672,15.20057297,-3.025121758e-05
6.599999905,0,25.08010275,25.66216208,41.63938727,0.7839827046,0,6.477385521,298.1279297,0,38.04656982,107.6071167,9.999999747e-05,61656.41406,14.98759079,-3.051221552e-05
6.800000191,0,13.88376612,22.91939173,38.90386105,0.700155909,0,6.468930244,298.1321716,0,47.60641479,113.7379303,9.999999747e-05,61669.5625,14.18134403,-3.056339313e-05
7,0,12.87197208,25.33397085,37.54732823,0.6494991676,0,6.468011856,298.1359558,0,60.53541183,119.9658508,9.999999747e-05,61685.51953,13.65385723,-3.057945349e-05
7.199999809,0,20.652449,27.78220944,39.14627963,0.6914113057,0,6.472286224,298.1288757,0,73.82653046,126.1976395,9.999999747e-05,61706.76562,13.94357681,-3.055070963e-05
7.400000095,0.9215486796,28.69558201,28.29869433,44.22136557,0.7449391653,0,6.482113361,298.1303711,0,85.41513824,128.8235016,9.999999747e-05,61732.51172,14.38916397,-3.04797077e-05
7.599999905,12.14600094,34.97247629,27.35281727,44.44190164,0.8072803304,21.46525966,6.494990349,298.1401367,0,93.07116699,134.2298279,9.999999747e-05,61763.5,14.85053825,-3.02661602e-05
7.800000191,0,20.89454343,27.52511206,39.66001658,0.7442538595,0,6.506953239,298.1520081,0,95.58426666,142.4789124,9.999999747e-05,61789.25,14.16004944,-3.037451977e-05
8,0,28.22289317,28.88936434,43.252461,0.7538829231,0,6.515382767,298.1616516,0,93.3249588,151.7498322,9.999999747e-05,61816.79688,14.20686817,-3.033167138e-05
8.199999809,0,23.03572967,28.65092224,39.88803916,0.7275011299,0,6.520327568,298.1844482,0,87.70258331,160.6948547,9.999999747e-05,61841.74609,13.83897781,-3.031789134e-05
8.399999619,33.42369401,38.2614755,27.21229292,47.88685166,0.806360984,41.96767832,6.520051956,298.2092285,0,80.10237885,174.5432892,9.999999747e-05,61870.85938,14.55682182,-2.988907607e-05
8.600000381,29.68001579,39.21256585,26.42579802,50.23731294,0.8832875184,78.38695462,6.512577057,298.2184753,0,72.61823273,189.8444519,9.999999747e-05,61906.75391,15.15524387,-2.997503073e-05
8.800000191,0,24.4857895,27.35051684,43.92712885,0.8233998238,25.20059904,6.501190662,298.2308044,0,68.13098145,200.6892853,9.999999747e-05,61933.00391,14.43251514,-3.042499165e-05
9,18.83968054,26.10347703,27.38923926,44.31824934,0.7402397538,0,6.489770412,298.2511902,0,68.18811798,213.0674591,9.999999747e-05,61950.69531,13.62622452,-3.02439439e-05
9.199999809,0,26.06579854,28.66953653,43.57515682,0.7405515799,0,6.478074551,298.2425537,0,72.80093384,228.6675873,9.999999747e-05,61973.37891,13.49466991,-3.055081083e-05
9.399999619,0,21.27078353,29.43688802,40.98537756,0.6899086405,0,6.473273277,298.2737427,0,82.09288025,234.9478455,9.999999747e-05,61996.82812,12.89461803,-3.060004254e-05
9.600000381,12.96463839,40.70749734,30.27872117,48.59053918,0.774999802,13.99645762,6.470865726,298.2727966,0,93.28187561,254.8674469,9.999999747e-05,62028.28125,13.65233517,-3.045838092e-05
9.800000191,0,26.5112653,30.05789681,42.58867962,0.7315772793,0,6.470909595,298.2610474,0,105.4481888,264.5744934,9.999999747e-05,62057.20703,13.03695488,-3.060835826e-05
10,0,33.31583152,31.05838922,45.22057107,0.7212262939,0,6.47338438,298.2610168,0,117.5964661,270.759552,9.999999747e-05,62090.69141,12.88120651,-3.057262603e-05
10.19999981,0,51.44931339,32.20621239,48.60310008,0.750043199,6.648212968,6.475912094,298.2532349,0,128.7546539,280.6290588,9.999999747e-05,62133.02734,13.07179928,-3.053477443e-05
10.39999962,2.601237749,55.04288671,31.101454,48.67419157,0.8032283188,12.41420491,6.477621078,298.2384644,0,138.9095001,287.7289429,9.999999747e-05,62178.83984,13.40036964,-3.044819532e-05
10.60000038,6.504868432,52.24628511,31.30527284,46.5002067,0.7760003467,0,6.478851795,298.2406006,0,148.3836365,292.1873474,9.999999747e-05,62222.53906,12.98214149,-3.035778742e-05
10.80000019,17.80912974,58.10720987,32.32621357,49.12609385,0.773817942,4.474184203,6.479240894,298.2628784,0,157.3643036,301.9772644,9.999999747e-05,62268.52734,12.88292122,-3.020965043e-05
11,4.17765757,65.04285973,32.67270929,50.38904433,0.7687876298,6.488413492,6.477873802,298.2715149,0,166.1906433,318.6750793,9.999999747e-05,62321.47656,12.73011494,-3.041112617e-05
11.19999981,7.714288158,71.47326916,33.21530509,49.62677453,0.7837771816,2.485560244,6.474673748,298.2445374,0,175.5668335,331.3436279,9.999999747e-05,62376.55859,12.69357967,-3.033836881e-05
11.39999962,16.56957097,90.81307366,29.22480155,55.85627758,0.7844801411,66.60535481,6.470046043,298.223053,0,186.2235107,332.1541138,9.999999747e-05,62449.70703,12.7559433,-3.017059109e-05
11.60000038,26.05946528,81.46739353,32.36654546,53.66724496,0.791704568,31.14874168,6.4650774,298.2290344,0,198.7300568,334.1115417,9.999999747e-05,62514.26172,12.58878994,-3.003260905e-05
11.80000019,5.555569748,98.2346499,32.25768637,56.70949137,0.8068681418,44.08599195,6.45916748,298.2675171,0,213.2206268,344.7023926,9.999999747e-05,62593.35547,12.64779472,-3.036606546e-05
12,31.36079096,92.05499087,30.7176725,57.22556474,0.8131428407,84.15469624,6.452306747,298.2807007,0,225,366.5201416,9.999999747e-05,62675.73047,12.5960331,-3.008957106e-05
12.19999981,12.5555362,98.29216542,30.44169248,60.71519547,0.8161931846,87.65351934,6.44410181,298.249939,0,225,380.8111877,9.999999747e-05,62764.16797,12.57265949,-3.034443224e-05
12.39999962,6.439587601,102.261648,32.1797042,57.13391018,0.7888353556,55.11254926,6.435460091,298.2581787,0,225,380.6256409,9.999999747e-05,62848.67188,12.08815956,-3.043059873e-05
12.60000038,29.973781,108.5809361,29.86639335,59.86420296,0.7610339159,85.55666839,6.426555157,298.2715454,0,225,393.0740051,9.999999747e-05,62935.92188,11.82046127,-3.016768425e-05
12.80000019,0,111.0048997,32.30975686,56.06975863,0.7243880911,5.657176999,6.418302536,298.2823181,0,225,407.3044739,9.999999747e-05,63014.02344,11.24513721,-3.062539531e-05
13,0,132.210616,30.57753172,58.73237295,0.6551285193,42.76660611,6.410702229,298.2878418,0,225,421.0993958,9.999999747e-05,63105.25391,10.67011261,-3.067064055e-05
13.19999981,37.0723839,116.8936696,30.37819035,59.70012951,0.7540558596,71.19351717,6.406348705,298.2913208,0,225,433.5202637,9.999999747e-05,63190.51172,11.58751583,-3.020386598e-05
13.39999962,6.171663772,115.771503,32.1172939,53.94094731,0.7049550715,17.9302344,6.409641743,298.271637,0,225,445.4653625,9.999999747e-05,63271.24219,11.23300838,-3.059098908e-05
13.60000038,13.86099394,129.640067,29.27768438,58.4416996,0.6595136943,71.67884416,6.41561842,298.1955566,0,225,449.5717163,9.999999747e-05,63364.59375,11.00376225,-3.033005676e-05
13.80000019,10.17070557,115.3587448,30.29495264,59.06124083,0.7157899181,45.70667316,6.42416048,298.1595764,0,225,433.6627197,9.999999747e-05,63449.78906,11.62764263,-3.020962063e-05
14,0,108.651578,32.30053952,55.36451047,0.7362162066,22.07170507,6.434477329,298.0796204,0,225,429.1519775,9.999999747e-05,63530.61328,11.76843452,-3.015176797e-05
14.19999981,0,116.028284,31.15476476,59.70906723,0.7396992757,51.0189988,6.441882133,298.0266724,0,225,407.8178101,9.999999747e-05,63619.19141,11.81036472,-2.994359908e-05
14.39999962,17.58712361,112.2334009,31.21384423,58.40554115,0.7500646071,38.4503217,6.448986053,298.0050049,0,225,393.1382751,9.999999747e-05,63700.62891,11.88808441,-2.957894872e-05
14.60000038,16.58910116,110.142754,31.4113827,58.58253976,0.7657404237,38.02579132,6.45623827,297.9529114,0,225,387.0596313,9.999999747e-05,63781.51953,12.06777191,-2.946089103e-05
14.80000019,27.28411521,106.327884,29.6131205,61.50592638,0.779441348,103.9696959,6.464939594,297.885498,0,225,369.4371948,9.999999747e-05,63872.31641,12.43266201,-2.913748559e-05
15,0,106.4927945,31.06633721,59.37435503,0.7878367085,59.80070942,6.472198486,299.4544373,0,225,110.8311539,399.5332947,63959.66797,12.38349152,-3.105055189e-05
15.19999981,17.64716467,109.0626865,30.75273584,63.48575844,0.9665941486,116.9790987,6.476993561,299.1122131,0,225,648.3245239,39.95332718,64055.64844,13.93102551,-3.206908463e-05
15.39999962,50.25539306,77.97938953,32.41565633,60.75651546,0.9676237592,96.83281447,6.492618084,298.7313843,0,225,573.032959,3.995332956,64132.77344,14.41591167,-3.077442747e-05
15.60000038,18.82554117,74.00537017,31.79670225,61.67090921,1.01874858,138.7163072,6.508950233,298.4661865,0,225,485.9194641,0.3995333016,64223.89062,14.98066235,-3.028483803e-05
15.80000019,0,69.53397394,33.77173782,62.07230745,1.051437714,163.9877764,6.52338171,298.263092,0,221.9362488,424.7078247,0.03995332867,64322.59766,15.30020332,-2.942887506e-05
16,36.42853298,72.50761773,31.35824369,58.95512315,0.9973376496,113.7574937,6.536575317,298.0961914,0,213.1083984,374.1147766,0.003995332867,64402.06641,14.80055714,-2.607592755e-05
16.20000076,0,73.61603159,32.38562427,60.21103193,0.9964826995,131.0224181,6.545331001,298.0077515,0,199.0011444,327.9270325,0.0003995332809,64490.22656,14.73873043,-2.814788476e-05
16.39999962,0,70.0928185,31.90846903,60.62430342,0.957614383,122.7915818,6.553548336,297.9648743,0,181.4022827,302.2709961,9.999999747e-05,64572.12891,14.47981739,-1.951218694e-05
16.60000038,0,73.83839844,30.12648035,60.73577298,0.960491981,163.8112796,6.540025234,297.9263,0.5193009973,90.70114136,288.4270935,9.999999747e-05,64644.61328,14.47473335,-1.417094933e-05
16.79999924,0,41.41732599,27.78663756,48.37263081,0.8541855765,39.28354406,6.539206505,299.0296326,0,75.28165436,86.52812958,304.0090942,64678.80859,14.12562943,0.2261091971
17,27.02863565,35.22344253,27.94554933,51.64595798,0.9013156988,78.537969,6.530946732,298.730957,0,60.07851791,464.7047424,30.40090942,64710.5625,14.76921844,0.5416879121
17.20000076,4.58053614,32.90902718,30.40065217,52.00663096,0.9580363959,91.51385167,6.51451683,298.4414978,0,48.24437332,391.993927,3.040091038,64747.05859,15.1854887,0.5137478277
17.39999962,19.76836094,42.9323353,28.03498487,53.93390416,0.9504575129,89.02775138,6.493714809,298.2521362,0,42.9850235,321.7832031,0.3040091097,64781.24219,14.97987556,0.2758785309
17.60000038,0,27.23003987,26.05507908,43.93796039,0.8374142768,20.7844953,6.482644558,298.0747681,0,46.03476334,275.1810303,0.03040090948,64801.50781,14.3553257,1.162096807
17.79999924,0,22.1042341,25.49015644,44.3602138,0.7559758804,6.455431645,6.479321003,297.9240112,0,53.46664429,224.8620605,0.003040090902,64818.87891,13.84308052,1.329467593
18,0,24.15963468,26.91638237,41.68120066,0.7147954834,0,6.478774071,298.7555542,0,62.23362732,67.45861816,240.9449921,64837.41797,13.30073357,1.28192084
18.20000076,16.85923532,32.80046736,29.20033771,49.59055404,0.7958468495,15.16978924,6.480431557,298.5628662,0,71.23513794,352.6242676,24.09449959,64860.16016,13.7521534,0.7866755854
18.39999962,18.87946403,39.7480083,31.26099348,52.9069574,0.8796151443,44.16811262,6.482444286,298.3711548,0,79.57538605,308.2386475,2.409450054,64892.45703,14.2301569,0.2978981137
18.60000038,0,32.14684669,28.47758453,46.49705056,0.8114996954,4.196604081,6.490809441,298.1860962,0,87.11634827,264.6508179,0.2409449965,64919.42188,13.87042999,0.9137933839
18.79999924,0,30.87333084,28.38007671,46.62089557,0.787556955,33.76855254,6.501209259,298.0523376,0,91.29161835,216.1686554,0.02409449965,64952.98438,13.73139,1.047452967
19,32.27541836,48.11552133,26.77955931,52.54379325,0.842329182,65.08254751,6.50606966,297.9985962,0,91.32054901,178.3850861,0.002409450011,64990.76172,13.91124153,0.3388060198
19.20000076,22.86671291,45.54117111,26.89485186,49.30087917,0.8178112977,31.97480233,6.51170826,297.9763794,0,89.4300766,162.8088379,0.0002409449953,65022.66797,13.65317726,0.4013304586
19.39999962,34.93715163,43.52091068,28.07350934,50.05413877,0.7891813051,25.4579475,6.515686512,297.9692993,0,85.26376343,155.4974823,9.999999747e-05,65049.60156,13.39551163,0.4233562207
19.60000038,16.65748807,50.17023255,29.29625109,48.9308548,0.8211373877,34.94297265,6.51367569,297.9972229,0,79.51410675,152.3383789,9.999999747e-05,65083.11719,13.37252903,0.1479336883
19.79999924,28.36247939,35.97800948,26.12427937,46.00524753,0.7415688212,2.453768901,6.515864849,297.9668884,0,74.58306885,160.8686676,9.999999747e-05,65102.11328,13.18284416,1.048320038
20,34.20809722,47.64846694,28.450317,50.53353756,0.791708557,13.84486981,6.509156227,297.9832458,0,68.74342346,150.0906525,9.999999747e-05,65124.63672,13.2172699,0.3165191064
20.20000076,0,31.12385728,26.38468446,44.03832198,0.7212979417,0,6.506603718,297.9373474,0,65.63002014,154.7174835,9.999999747e-05,65145.80469,13.07232285,1.322620976
20.39999962,69.10364913,54.74177968,27.42704697,56.94488378,0.8369445603,77.46555207,6.495152473,298.6902466,0,63.49540329,46.41524506,185.1097717,65174.78906,13.61083412,0.1944258554
20.60000038,0,22.83538586,26.98806161,44.78771268,0.7509560694,1.810777878,6.495603085,298.4880981,0,65.9838562,304.1602783,18.51097679,65194.02344,13.52807426,1.496556485
20.79999924,29.04930591,37.87714118,29.47925019,49.12151843,0.7985625855,2.129478562,6.49045372,298.3327942,0,68.22452545,254.6591034,1.851097703,65212.42578,13.42385292,0.8866779413
21,4.33143205,30.58165249,27.68987712,46.5231113,0.7536991544,0,6.490983009,298.1922302,0,72.5813446,220.9034729,0.1851097643,65234.08594,13.30039787,1.395319359
21.20000076,0,34.69621126,29.41982372,44.32736461,0.7589695831,0,6.491862297,298.1159058,0,76.68997192,186.0472107,0.01851097681,65258.95703,13.05825233,1.122751238
21.39999962,10.21634199,39.96177345,28.57218824,49.28244131,0.7817936105,27.73132355,6.493032455,298.0660095,0,80.46392822,167.9777222,0.001851097681,65289.47656,13.26480198,0.9054684703
21.60000038,0,33.45061226,27.38484617,43.91668104,0.7406329164,0,6.496469021,297.9942017,0,83.76983643,155.6890106,0.0001851097622,65315.0625,13.04392147,1.390733789
21.79999924,0,33.79491048,27.78631149,45.00512692,0.7207042144,0,6.500579834,297.9526978,0,85.6947403,133.7611847,9.999999747e-05,65341.23438,12.85548782,1.392051214
22,15.61661143,44.4519934,27.35615276,50.27743382,0.7484391172,8.561520824,6.502655029,297.9628601,0,85.98040009,119.7599335,9.999999747e-05,65368.87891,12.89208603,0.8538948211
22.20000076,27.64314651,40.31145996,27.93914511,47.01189894,0.7630748454,29.80861519,6.505331993,297.962616,0,85.44467926,121.8103027,9.999999747e-05,65397.33984,13.0384903,1.051339877
22.39999962,8.182460257,33.76926714,26.71747979,44.59045452,0.727451711,1.167779268,6.510247231,297.9447937,0,83.82984161,120.2512283,9.999999747e-05,65421.69922,12.9105196,1.501937583
22.60000038,27.43523256,46.36302566,28.04976512,52.75894077,0.7753904124,32.06446151,6.508885384,298.5179138,0,80.24338531,36.07537079,136.5684967,65451.44141,13.04035473,0.7152171446
22.79999924,48.04264191,42.31000162,28.38906532,52.92540649,0.8313691872,52.83866247,6.505461216,298.4203491,0,77.22940826,231.8583832,13.65684986,65479.55469,13.63296986,0.9527194419
23,0,30.32812287,29.48061065,46.74475006,0.7899831158,7.885158839,6.503904343,298.2798462,0,75.57187653,213.3310089,1.365684986,65505.05078,13.4014473,1.534338246
23.20000076,12.97834808,40.3019349,26.10871892,51.10896155,0.7901309455,30.23330201,6.501718521,298.1981812,0,74.5242691,181.3468323,0.1365685016,65534.56641,13.38493633,1.385846094
23.39999962,23.44624121,36.04330652,28.18900195,48.30322706,0.7847380389,15.64652864,6.499047279,298.1293335,0,74.35907745,164.7169647,0.01365684997,65558.25,13.27226257,1.454559018
23.60000038,2.733802503,34.12613819,28.55972546,45.36321041,0.7772076473,0,6.496386051,298.0696716,0,75.26195526,149.0141449,0.001365685021,65582.80469,13.15755367,1.540606867
23.79999924,0,35.64533708,28.2091004,47.590934,0.7504540738,6.396583989,6.496436119,298.0451965,0,77.22769165,133.7973785,0.0001365685021,65610.125,12.9405241,1.516767663
24,0,33.29307736,28.02453863,44.1189313,0.7253809302,0,6.498954296,298.0234375,0,79.16446686,128.4074402,9.999999747e-05,65635.92969,12.70953846,1.631316611
24.20000076,35.14948775,42.15316845,27.08788528,49.30144244,0.7515491337,13.03110164,6.500962257,298.0378723,0,80.09457397,122.781189,9.999999747e-05,65659.72656,12.81467724,1.294388159
24.39999962,0,41.36399489,27.78826084,46.40472477,0.7462716078,2.76343605,6.501796722,298.0435181,0,80.23120117,128.8021851,9.999999747e-05,65688.53125,12.66758347,1.298610702
24.60000038,7.553436387,36.83059334,28.57773607,45.37541372,0.7120105823,0,6.503341198,298.0352783,0,80.03616333,132.0600891,9.999999747e-05,65714.0625,12.43730164,1.513117106
24.79999924,20.13133132,40.62660736,28.04254298,50.150471,0.7589794731,27.56854524,6.503447056,298.0335999,0,79.21723938,130.8135376,9.999999747e-05,65743.41406,12.86920643,1.387125478
25,38.28292917,37.4803286,28.04273977,47.91937877,0.7637614604,16.25624041,6.504212379,298.0240173,0,78.36294556,131.6129608,9.999999747e-05,65765.65625,12.93108463,1.574684339
25.20000076,14.96586705,42.92577265,28.29914509,47.85508183,0.7529905285,8.829177376,6.50270462,298.0370178,0,77.195755,129.5857086,9.999999747e-05,65792.42969,12.62215137,1.26684826
25.39999962,0,35.52411096,26.40903777,45.36280643,0.7245593288,0,6.504664421,298.0181885,0,76.64128113,135.0382233,9.999999747e-05,65817.9375,12.64134407,1.772078804
25.60000038,19.73508846,41.57778276,26.75713093,50.62334725,0.7602319902,21.73066734,6.504565716,298.0300903,0,75.28424835,129.8333435,9.999999747e-05,65845.32031,12.8509922,1.539909691
25.79999924,0,34.51693835,27.48026847,44.11974978,0.7250679881,0,6.506461143,298.0296021,0,73.98446655,134.7664185,9.999999747e-05,65870.20312,12.53865433,1.79608612
26,9.705712762,39.34579806,28.29701467,46.88715681,0.7256138666,0,6.50613308,298.058075,0,71.91356659,135.640564,9.999999747e-05,65894.19531,12.37544346,1.552607337
26.20000076,15.35942827,49.44255984,28.02710452,50.29815995,0.760476999,6.169274714,6.502267361,298.1090088,0,69.98744965,146.5765839,9.999999747e-05,65920.625,12.41037655,0.8499002708
26.39999962,8.675011371,43.83461502,27.28300007,47.56306603,0.7377223128,1.760038062,6.499341011,298.1183167,0,69.61219025,166.1054993,9.999999747e-05,65945.67188,12.3718853,1.393539116
26.60000038,3.980241539,43.47332427,28.9184365,47.68538188,0.7285667638,0,6.495536804,298.1161499,0,70.39293671,173.0307159,9.999999747e-05,65971.61719,12.2064352,1.324589694
26.79999924,0,38.76734753,28.96897748,48.93872711,0.7202832874,0,6.493798256,298.0885315,0,72.70134735,176.6431427,9.999999747e-05,65997.53906,12.3205719,1.662390879
27,36.31622339,52.82278532,27.00919845,52.35974032,0.7742376332,23.69556061,6.489696026,298.0767517,0,75.69552612,171.4891815,9.999999747e-05,66024.94531,12.54777622,0.9871969179
27.20000076,46.10012096,49.67427319,26.72294739,54.63675382,0.8032040132,70.16304831,6.488967896,298.051178,0,80.34506989,170.9563904,9.999999747e-05,66059.91406,13.00766468,1.267704064
27.39999962,0,29.93130017,27.06495347,44.38229332,0.7115722739,0,6.496818066,297.9746399,0,85.26708984,165.0913086,9.999999747e-05,66085.58594,12.51248455,1.993762153
27.60000038,0,40.406803,27.39069576,46.65218329,0.7300523674,0,6.500106335,297.9490662,0,87.03179932,140.7987823,9.999999747e-05,66114.59375,12.37930393,1.85178754
27.79999924,14.46257057,48.71962306,29.34011679,47.33915348,0.7419189227,0,6.499681473,298.5216675,0,87.52361298,42.23963547,139.5224609,66143.29688,12.09976578,1.206061762
28,0,32.81113328,31.67194987,46.91402456,0.7042056812,0,6.501565933,298.4028625,0,88.18293762,238.0674438,13.95224571,66171.10156,12.14087963,1.888946064
28.20000076,17.38785478,47.38928678,30.63186305,52.1678735,0.7438886192,0,6.498814106,298.2996521,0,88.06892395,212.3443146,1.395224571,66199.125,12.20655441,1.272260256
28.39999962,2.496555984,45.81277826,30.6367264,47.43759094,0.7367815792,0,6.497243881,298.22052,0,89.0783844,192.7413177,0.1395224631,66230.03906,12.053298,1.386416315
28.60000038,0,58.77470562,29.57334853,52.12652888,0.762117052,2.906724856,6.494086742,298.1905823,0,90.69710541,177.4546967,0.01395224594,66265.72656,12.03893185,0.62191551
28.79999924,3.41189723,50.19369056,27.67259767,49.29239566,0.7381894657,7.726719654,6.494380951,298.1272888,0,93.58778381,175.9826202,0.001395224594,66299.57812,12.14579678,1.486580802
29,8.146029411,51.35661661,29.64398456,49.79157604,0.7622795435,2.306202566,6.49484396,298.0918884,0,96.34440613,161.5192566,0.0001395224535,66332.60156,12.18762779,1.256797227
29.20000076,17.20118227,44.51646491,27.98887734,51.43204737,0.7573474416,31.76939668,6.497841358,298.0276184,0,98.92617035,154.551651,9.999999747e-05,66368.16406,12.53700256,1.871641586
29.39999962,0.4080091849,60.5659402,29.1205287,51.25157888,0.7827391819,24.12609309,6.49660635,298.0328064,0,100.3012009,136.0930786,9.999999747e-05,66410.4375,12.16840076,0.7653006662
29.60000038,42.79496475,49.52710972,27.7019149,52.42461416,0.7827289085,74.33822988,6.49787569,297.9837646,0,102.192337,139.3985901,9.999999747e-05,66451.40625,12.6902914,1.718892221
29.79999924,2.516504421,43.25435953,28.58013062,48.23683521,0.7515824008,9.164141875,6.500923634,297.9474487,0,103.5539322,123.6683121,9.999999747e-05,66486.04688,12.3715744,1.985102327
30,14.30365054,56.6718483,29.92576552,48.43107135,0.7750138029,5.302774554,6.500589848,298.5029907,0,103.6985626,37.10049438,132.8143158,66521.33594,12.04925346,1.077809796
30.20000076,5.574578751,53.83689287,30.56840595,55.21159533,0.7963477159,54.39513653,6.49861145,298.3846741,0,103.9934845,227.069809,13.2814312,66567.75781,12.52890205,1.246774262
30.39999962,0,48.2959958,31.06051899,48.78939253,0.7535112776,0,6.498829365,298.2660217,0,105.074379,200.9390564,1.32814312,66603.03125,12.05657196,1.629188033
30.60000038,19.76870018,66.51301834,29.62089984,55.47877643,0.8088707928,52.16702877,6.496889591,298.2196655,0,106.0555191,175.3170624,0.132814303,66649.86719,12.28166199,0.5524725622
30.79999924,0,57.78702184,31.35329473,50.80133984,0.7583226428,3.082994436,6.496470928,298.1713867,0,107.8267136,170.1917267,0.01328143105,66688.96094,11.81548119,0.9386751248
31,6.981074429,64.94999424,30.47939995,54.13941477,0.7701622494,38.83312876,6.493843555,298.1285095,0,109.7534866,162.1249695,0.001328143058,66736.02344,11.90858173,0.6689881813
31.20000076,12.26293811,53.83869392,30.08336175,50.25102281,0.7473340372,12.56467909,6.49251461,298.0542603,0,112.7433853,154.1204224,0.0001328143117,66774.07812,11.95125198,1.611761162
31.39999962,0,59.88032078,29.30380876,50.73645748,0.7523301133,18.10757842,6.490598679,298.0127869,0,116.2535553,133.6489563,9.999999747e-05,66817.96875,11.88668346,1.404062629
31.60000038,0,62.69000016,30.94583344,51.69694358,0.7700907199,20.63674752,6.491416454,298.0162964,0,120.5361328,121.9288559,9.999999747e-05,66864.40625,11.84472752,0.9474258116
31.79999924,0.7143350883,61.5016966,28.65265009,51.43973541,0.7519586092,36.0099924,6.494524002,298.0021973,0,124.4808197,123.926651,9.999999747e-05,66913.92188,11.87205029,1.358019575
32,35.00241134,65.12281923,28.71427102,52.89400391,0.7818359004,47.57949876,6.49750042,297.9988403,0,127.1837158,119.6483994,9.999999747e-05,66960.32031,12.06188107,1.145541037
32.20000076,0.8616379673,63.98542259,29.33081268,50.18672654,0.7488327637,24.82125765,6.501194,298.0046692,0,128.7037964,118.6747894,9.999999747e-05,67009.20312,11.65359879,1.161819695
32.40000153,29.38139994,70.5893036,29.66823728,52.88374652,0.7864495781,43.0738843,6.502850056,298.0202332,0,128.7436371,120.6761246,9.999999747e-05,67057.80469,11.85076332,0.7049412866
32.59999847,26.30251586,71.69964477,29.42205701,53.06173704,0.7663016787,33.22148672,6.503857613,298.0315552,0,128.1299286,126.1724854,9.999999747e-05,67105.11719,11.64277363,0.6862004934
32.79999924,29.04504679,71.45658513,29.39865534,52.92002677,0.7702157074,43.62118514,6.504832268,298.0374756,0,127.1088181,130.7201843,9.999999747e-05,67153.72656,11.67017365,0.7316803091
33,19.147846,68.70300661,29.56302903,54.87150305,0.7733513983,59.0176818,6.504804611,298.0255737,0,125.6959763,133.867157,9.999999747e-05,67206.46875,11.84030628,0.978701035
33.20000076,3.527682554,61.8493185,30.31140804,49.5660355,0.7393765105,0,6.506545544,298.020874,0,124.2972794,131.1156311,9.999999747e-05,67248.375,11.44437504,1.440463665
33.40000153,1.860458198,64.414277,30.54730023,50.4135936,0.7508793677,1.866423588,6.507528782,298.0290527,0,122.1933365,130.5436859,9.999999747e-05,67291.375,11.44330883,1.243478754
33.59999847,0,68.36954844,30.73134262,50.33355328,0.7263518765,2.893190282,6.507057667,298.046875,0,119.7042465,134.181839,9.999999747e-05,67335.58594,11.07620716,0.9305734099
33.79999924,3.744715947,76.52531229,30.21927713,53.14147217,0.7397338577,17.88503844,6.502486706,298.0588074,0,117.4058304,141.3627625,9.999999747e-05,67383.64844,11.10183525,0.5543178296
34,32.55385029,75.56174692,29.35437112,52.2836824,0.7519390823,12.93919703,6.496125221,298.0377197,0,116.9445877,147.1038361,9.999999747e-05,67424.125,11.27951431,0.8295375653
34.20000076,0.192649233,76.42844133,30.04945497,52.4384764,0.7400157919,9.336640899,6.490733624,298.0317078,0,119.0207367,141.9409485,9.999999747e-05,67471.28906,11.09319115,0.746430222
34.40000153,42.97138858,69.73225458,30.71378862,53.16513111,0.7727709027,26.13429776,6.488002777,298.0076294,0,123.2446518,141.443985,9.999999747e-05,67512.32031,11.56335449,1.211058727
34.59999847,0,70.14709418,29.65421467,51.73219475,0.7375383718,22.5834856,6.48812294,297.994812,0,128.555191,134.3635101,9.999999747e-05,67562.49219,11.25383663,1.369455792
34.79999924,0,77.73129114,30.03524203,51.9166281,0.7215415415,11.02845795,6.489591122,298.0165405,0,133.8168793,130.4170227,9.999999747e-05,67613.5625,10.83316231,0.7637200557
35,0,88.83275466,29.40243534,55.77009569,0.7230181766,39.81776338,6.490501881,298.0556946,0,138.4960785,137.8129883,9.999999747e-05,67674.39844,10.71288586,0.2723005678
35.20000076,0,80.02751456,30.84725915,52.8578996,0.7385934007,17.27864344,6.494330406,298.0664978,0,142.8170319,151.771637,9.999999747e-05,67729.35938,10.85644054,0.5502255922
35.40000153,22.51412727,87.60663185,30.37992225,54.11549382,0.7549672783,30.84847354,6.495242596,298.0656738,0,145.5952454,157.3021393,9.999999747e-05,67784.875,10.90387535,0.3530729208
35.59999847,0,96.51591284,30.8756261,55.70551385,0.741496776,31.42222871,6.493097305,298.0805054,0,148.0274506,159.4215698,9.999999747e-05,67848.03125,10.58732224,0.1191255515
35.79999924,0,106.4878449,31.04644445,56.16351585,0.7067491443,24.97265342,6.488194466,298.1062927,0,151.318512,167.0076141,9.999999747e-05,67913.1875,10.04598808,0.006448071492
36,0,111.9600424,30.24773123,58.93936422,0.7113521889,53.17836729,6.481994152,298.0991211,0,156.5698853,178.819931,9.999999747e-05,67986.32812,10.1730566,-0.003043746341
36.20000076,0,110.4429793,31.60821814,56.42640949,0.6995155829,26.26783549,6.478858471,298.1043396,0,164.2969513,180.1298828,9.999999747e-05,68055.40625,9.882369041,-0.004806601389
36.40000153,0,115.0299552,31.10069683,56.43885719,0.6803225366,11.12113673,6.477049828,298.1139221,0,173.2639313,185.7037659,9.999999747e-05,68124.35938,9.600725174,-0.01890971063
36.59999847,0,114.7706599,30.94105392,57.36955371,0.7061087676,12.95515195,6.476113319,298.086792,0,182.9598083,192.8867798,9.999999747e-05,68195.38281,9.916563034,0.00418841432
36.79999924,0,121.0962097,31.49236216,57.75856871,0.7015936063,23.08507947,6.473007202,298.0549927,0,193.0316925,187.7211761,9.999999747e-05,68272.13281,9.800702095,-0.01508736855
37,0,118.3110474,30.11811062,56.86945036,0.6901349332,41.99708059,6.474812031,298.0328674,0,204.3560181,180.2106934,9.999999747e-05,68354.21094,9.797595024,0.01824518091
37.20000076,65.20891249,107.6678637,28.80994942,60.44192808,0.7530501746,74.88359998,6.482772827,297.9934387,0,214.9352875,174.8794403,9.999999747e-05,68428.85156,10.7729826,0.2276518116
37.40000153,16.04099123,100.2050453,29.52191044,62.07553156,0.8323838472,94.63431716,6.492095947,297.9582214,0,222.3258667,162.6775208,9.999999747e-05,68517.35156,11.64225101,0.4625300563
37.59999847,0,108.8208615,30.58037195,60.83434183,0.7870779452,60.15825722,6.498096943,297.9843445,0,225,150.5726318,9.999999747e-05,68605.26562,10.8595171,0.146413129
37.79999924,11.70025058,119.092347,28.79842273,62.40583466,0.7376224978,74.07767728,6.500291348,297.9948425,0,225,158.2899475,9.999999747e-05,68695.91406,10.41187191,0.07194846903
38,0,121.7800009,28.24160385,63.72409584,0.7147336343,82.48119036,6.500526905,297.9784546,0,225,161.1246948,9.999999747e-05,68791.09375,10.30395794,0.1006626788
38.20000076,0,127.8032378,30.36010296,59.4831727,0.6860243565,37.88047548,6.497443676,297.993866,0,225,155.1965485,9.999999747e-05,68879.0625,9.624733925,0.01721191894
38.40000153,23.90732899,127.8654181,27.86862683,63.08818555,0.7059588303,74.44957555,6.496245384,297.9871216,0,225,159.8321228,9.999999747e-05,68969.21875,10.07017803,0.07059696714
38.59999847,5.85916732,115.6292754,28.95872939,60.07354047,0.717086014,73.09592869,6.498960972,297.9769287,0,225,157.1535645,9.999999747e-05,69059.88281,10.22710419,0.2600883985
38.79999924,3.721194958,120.0747385,29.15703629,63.25976664,0.7533827372,70.83732205,6.500033855,297.9845886,0,225,153.2101746,9.999999747e-05,69151.76562,10.490839,0.1759386177
39,27.97706836,116.0419114,28.40774022,61.90554684,0.7367681613,85.45543878,6.502511024,297.9752808,0,225,155.0576477,9.999999747e-05,69240.47656,10.45591164,0.3425117775
39.20000076,6.807310599,115.9406841,28.94392206,64.26565854,0.7524927433,76.00024252,6.504326344,297.9761353,0,224.5108643,151.2171478,9.999999747e-05,69331.58594,10.59832001,0.3517774206
39.40000153,0,121.6153923,30.23591894,60.32378642,0.7198142879,70.8992392,6.5036273,298.0037842,0,223.3023682,150.655838,9.999999747e-05,69424.61719,9.956216812,0.156944158
39.59999847,0,126.0105602,29.53068797,61.68739221,0.6907658032,49.44406193,6.50226593,298.0426025,0,222.3795013,159.2949371,9.999999747e-05,69514.20312,9.598308563,0.09671499244
39.79999924,0,133.2226554,29.41495313,60.99980737,0.6594348438,54.3729525,6.498635292,298.079834,0,221.9953003,172.6176147,9.999999747e-05,69606.65625,9.134641647,0.02720419349
40,0,134.568409,29.80277158,60.19999554,0.6544839688,36.86509433,6.495001793,298.1008911,0,223.0687408,186.7672424,9.999999747e-05,69696.11719,8.977069855,0.02421038765
40.20000076,0,137.6673401,29.58700602,60.77638115,0.6381253118,39.43082121,6.4912467,298.1249695,0,225,196.7538757,9.999999747e-05,69787.38281,8.751464844,0.00573388954
40.40000153,0,135.5503906,27.76437198,61.82023582,0.6487828935,80.40220873,6.489693642,298.1360168,0,225,208.6780853,9.999999747e-05,69886.32031,9.008218765,0.04249736356
40.59999847,0,126.6938169,29.97934369,56.52940347,0.663675747,42.15336505,6.490420818,298.1273193,0,225,216.9989014,9.999999747e-05,69975.38281,8.961920738,0.1405058995
40.79999924,31.89114324,118.2950905,29.04832938,59.12505861,0.7306044784,61.55140215,6.49394083,298.0794067,0,225,219.0128784,9.999999747e-05,70059.38281,9.921984673,0.4946801972
41,10.25901944,129.5479689,29.25177093,62.40764219,0.7037081676,56.86427617,6.493560314,298.0776978,0,225,207.3253326,9.999999747e-05,70149.96875,9.485091209,0.1795239834
41.20000076,0,119.5468042,30.27444861,59.43615416,0.7143602144,50.52339351,6.495671749,298.0924377,0,225,210.068512,9.999999747e-05,70239.125,9.534350395,0.3337882131
41.40000153,7.495958971,134.6223702,28.39667433,62.08753007,0.6627762026,76.25167517,6.493054867,298.1450195,0,225,218.0864105,9.999999747e-05,70335.97656,8.879794121,0.06778202089
41.59999847,0,130.4491479,29.01569049,57.35478311,0.6499951375,56.10720867,6.492282391,298.1409302,0,225,239.5804901,9.999999747e-05,70428.97656,8.692049026,0.1719746621
41.79999924,0,137.3506038,28.78095481,59.92327833,0.6297759755,26.14293387,6.489306927,298.179657,0,225,243.2108002,9.999999747e-05,70517.86719,8.312590599,0.06106883946
42,0,136.838742,29.32766985,59.70732986,0.6561340265,60.85837031,6.486492634,298.1868591,0,225,261.8936462,9.999999747e-05,70613.78906,8.564147949,0.07598443882
42.20000076,8.588494122,126.5209155,29.12827544,58.49285599,0.6843252638,85.55766362,6.487601757,298.1456604,0,225,270.8166199,9.999999747e-05,70710.10938,9.081191063,0.3539943071
42.40000153,39.11078638,113.1593073,29.68736402,58.32342936,0.7295707477,85.40118484,6.491532326,298.0818787,0,225,263.5657959,9.999999747e-05,70796.63281,9.784598351,1.089546192
42.59999847,0,128.7038076,29.21445609,62.68041019,0.700136544,51.6620202,6.491437912,298.0537415,0,225,247.3247833,9.999999747e-05,70888.28906,9.278979301,0.4541226417
42.79999924,0,137.4476872,29.73102257,60.23579951,0.6380928918,32.51893315,6.488352299,298.0751953,0,225,241.1651306,9.999999747e-05,70978.60938,8.327326775,0.1711050752
43,0,137.7202201,28.20841579,61.31717318,0.6386403959,64.29393152,6.485895157,298.1028748,0,225,250.7938538,9.999999747e-05,71075.45312,8.414269447,0.1899876234
43.20000076,12.31775815,134.2055564,29.17464298,60.6836888,0.6690354631,50.97819119,6.484407902,298.1331482,0,225,263.0041199,9.999999747e-05,71166.36719,8.59049511,0.2368975627
43.40000153,0,130.1167591,29.22876354,57.69295452,0.6504151676,41.18093952,6.484262466,298.1490784,0,225,277.0998535,9.999999747e-05,71256.73438,8.364607811,0.3784563875
43.59999847,0,138.9698575,28.7579729,61.13467127,0.6231564482,43.13736108,6.481731892,298.1596069,0,225,287.3585205,9.999999747e-05,71349.75,8.07998085,0.2151757018
43.79999924,20.82679475,114.5463066,28.91530724,59.79863488,0.7486116704,69.86979907,6.48492527,298.1014709,0,225,296.4623413,9.999999747e-05,71437.34375,9.790744781,1.578226779
44,1.457133862,130.0903791,29.64477922,59.86612175,0.6912726752,29.24983431,6.484731197,298.0783386,0,225,282.3143616,9.999999747e-05,71524.86719,8.784830093,0.6457709511
44.20000076,0,140.6292864,28.08512892,61.69824594,0.6201912921,78.00041859,6.481799603,298.0801697,0,225,278.5715332,9.999999747e-05,71625.375,8.123580933,0.3253040217
44.40000153,0,139.0019285,28.34970283,59.97977137,0.621582028,36.49160112,6.479669094,298.1025696,0,225,282.3210144,9.999999747e-05,71717.09375,7.94694519,0.3559167554
44.59999847,17.90599101,138.683382,27.25612253,61.69611708,0.6348559408,73.18058953,6.478159904,298.1142578,0,225,293.0417786,9.999999747e-05,71812.44531,8.220118523,0.4431819125
44.79999924,37.20131824,120.8095706,28.03982289,60.12023722,0.6918110294,87.79048951,6.480107307,298.0973511,0,225,300.7446899,9.999999747e-05,71902.20312,9.076277733,1.478793005
45,0,136.5901633,29.57586675,62.8606117,0.6550811974,55.84265748,6.478099823,298.1062317,0,225,299.1158447,9.999999747e-05,71997.54688,8.303826332,0.5107883773
45.20000076,0,122.7783585,28.4416674,58.82480308,0.6667315899,54.50234614,6.479214191,298.0753479,0,225,305.9514465,9.999999747e-05,72088.64844,8.692853928,1.566835365
45.40000153,0,141.0424079,28.8295976,59.55831399,0.6131354668,58.19603139,6.476413727,298.0795898,0,225,299.2181091,9.999999747e-05,72185.53906,7.747546673,0.50868817
45.59999847,60.22263085,121.6597253,26.73328704,59.54382591,0.6808220292,96.81669832,6.477547169,297.9839783,0,225,303.7393188,9.999999747e-05,72272.13281,9.171862602,2.416409051
45.79999924,0,137.0907741,28.98094466,61.3540105,0.6407763544,26.73440611,6.476048946,297.9733276,0,225,273.6994934,9.999999747e-05,72361.38281,8.165177345,0.9904498531
46,0,139.697696,26.94152169,63.10272931,0.624602276,55.44306765,6.474464417,297.9516907,0,225,270.1502991,9.999999747e-05,72456.8125,8.214678764,1.114520193
46.20000076,0,122.6855347,29.04274974,60.32410659,0.703130806,75.63011397,6.474180698,297.8876343,0,225,261.7621765,9.999999747e-05,72552.08594,9.214617729,2.490341846
46.40000153,0,134.0734791,28.02867457,63.3110961,0.665419609,94.24724811,6.472770691,298.9202576,0,225,78.52865601,298.0477905,72653.95312,8.777981758,1.741228979
46.59999847,0,147.1298789,27.7908724,61.30752361,0.5930807233,38.7612183,6.46995306,298.7758789,0,225,431.0587769,29.80477905,72747.85156,7.606916904,0.8150367505
46.79999924,0,143.5228266,28.38538346,60.03083102,0.5974059528,49.73613949,6.467273235,298.5292053,0,225,408.0061646,2.98047781,72842.89844,7.776027679,1.258466626
47,0,145.9208382,27.75982648,58.11102672,0.5756190371,11.67702232,6.464320183,298.3334961,0,225,353.0804443,0.298047781,72930.5625,7.461874962,1.431766365
47.20000076,0,137.5757265,27.33276296,59.54658128,0.6191036836,84.35610333,6.462460995,298.1819153,0,225,307.2558289,0.02980477922,73030.97656,8.251029968,2.217997819
47.40000153,0,140.5382114,28.71624691,60.77357646,0.633799577,45.96352356,6.459564209,298.0727844,0,225,268.9422607,0.002980477875,73124.4375,8.241697311,2.078761037
47.59999847,0,128.2614813,28.97341339,58.72401224,0.6711208803,57.73857567,6.457715511,297.9636536,0,225,239.248642,0.0002980477875,73217.07031,8.857263565,3.19277275
47.79999924,0,139.4071808,28.53420523,63.99935951,0.630662702,55.2249204,6.454650879,297.9207458,0,225,205.1469727,9.999999747e-05,73312.17188,8.431231499,2.529558718
48,0,136.8990173,28.52005898,62.77989387,0.6479408607,57.88581247,6.451525688,298.6593018,0,225,61.54409027,206.5901184,73406.99219,8.637983322,2.877083709
48.20000076,0,145.1848355,27.79765502,64.09754933,0.6218254834,89.28699783,6.4481287,298.5049744,0,225,313.700592,20.65901184,73510.32031,8.335868835,2.333115971
48.40000153,0,144.173337,28.39646234,61.01808605,0.6046539802,39.18398637,6.444658279,298.3476562,0,225,279.6375122,2.065901279,73603.20312,7.986763,2.506203872
48.59999847,0,135.7451103,28.35905931,57.82037468,0.6176832863,51.8357823,6.442391872,298.2138977,0,225,245.4561462,0.206590116,73696.51562,8.22376442,3.249860788
48.79999924,0,144.9316575,28.22244386,59.8759315,0.5869141191,24.56351353,6.439945221,298.1602783,0,225,213.5266266,0.02065901272,73786.8125,7.700127602,2.600329856
49,0,138.132994,28.33236937,62.00573771,0.6485672659,59.533142,6.437076569,298.0800476,0,225,204.0502014,0.002065901179,73882.375,8.609228134,3.303638013
49.20000076,0,128.7077728,28.20839651,59.23866897,0.6619035884,62.4009571,6.437538624,298.0289917,0,225,182.7837067,0.0002065901208,73976.25,8.794591904,3.782428096
49.40000153,0,138.8324245,27.96837437,62.71383448,0.621825251,48.62360841,6.436162472,298.0188293,0,225,168.7790833,9.999999747e-05,74070.01562,8.302574158,3.322032205
49.59999847,0,139.194192,27.72901455,62.15631898,0.6208429975,54.39305373,6.434024334,297.9975281,0,225,166.7368164,9.999999747e-05,74164.92969,8.333583832,3.463001358
49.79999924,0,132.2647806,28.86669921,63.89642567,0.6906954917,65.52465218,6.433768272,297.9856262,0,225,160.1699066,9.999999747e-05,74260.66406,9.052145004,3.714762671
50,19.37268548,125.4940931,27.78475422,60.82771153,0.6792571574,68.76280105,6.435667038,297.9610596,0,225,156.1321411,9.999999747e-05,74351.14062,9.076745033,4.087577621
50.20000076,0,136.5500311,28.01526822,62.39006,0.6392295785,54.09417297,6.434315681,297.9671631,0,225,147.203125,9.999999747e-05,74445.53906,8.492834091,3.711832635
50.40000153,0,139.5988492,28.57969209,62.3360417,0.6248189388,51.12124602,6.431741714,297.9728699,0,225,148.0354309,9.999999747e-05,74540.15625,8.27901268,3.588946155
50.59999847,29.47159697,134.6548427,26.79882077,62.64058764,0.6522411267,77.56706218,6.431441307,297.9590149,0,225,148.7321472,9.999999747e-05,74632.57812,8.781004906,3.989877568
50.79999924,0,138.9637878,28.46380403,62.63507592,0.6328870878,50.35969964,6.430788994,297.9918823,0,225,142.8933868,9.999999747e-05,74727.11719,8.260575294,3.593351648
51,0,135.4088434,27.72162279,65.17657055,0.6628317839,75.82014771,6.430773258,297.9936523,0,225,152.8003387,9.999999747e-05,74825.75,8.798332214,3.910337511
51.20000076,0,135.0340327,28.23749699,64.4856812,0.6678076576,68.75777736,6.430306911,297.9905396,0,225,152.8584137,9.999999747e-05,74922.85156,8.798764229,3.9712762
51.40000153,37.3361464,128.853781,26.87074514,64.92141739,0.7042538593,70.7048718,6.431337833,297.9561157,0,225,151.5319366,9.999999747e-05,75010.67188,9.399981499,4.30550478
51.59999847,69.08018273,111.2237596,27.76398213,62.04314315,0.7862827163,119.2999424,6.436511517,297.8862305,0,225,139.320755,9.999999747e-05,75097.35938,10.49225044,4.417911284
51.79999924,72.12645838,99.78887543,27.15908139,64.43927262,0.8207487962,105.4422706,6.445696354,298.4251099,0,225,41.7962265,174.4306641,75177.35156,11.11124706,4.305158423
52,0,114.1048921,29.05641465,61.09156281,0.7445410319,91.68670674,6.448264122,298.3166504,0,225,223.9709015,17.44306564,75273.50781,9.85108757,4.467772787
52.20000076,0,142.8975565,28.01515146,63.48018684,0.6100002585,77.49429638,6.443988323,298.2689514,0,225,198.4466705,1.744306684,75374.375,8.079362869,3.75576157
52.40000153,0,141.1666222,27.73286231,61.75174272,0.6126065576,53.32150446,6.441430569,298.2442932,0,225,194.6787872,0.1744306684,75469.96094,7.955676079,3.809037773
52.59999847,0,139.8864782,27.46086808,63.53634456,0.6326056821,97.82914361,6.439609051,298.2166748,0,225,196.6160889,0.01744306646,75574.38281,8.291595459,3.899782087
52.79999924,0,143.6736308,27.90857585,62.27011267,0.6001299916,48.26825616,6.437098503,298.1970825,0,225,196.4303284,0.001744306646,75669.60938,7.766908169,3.763631461
53,33.87365867,126.7087184,27.22805567,61.10809821,0.6916594931,80.20662068,6.438499928,298.1121521,0,225,198.0053864,0.0001744306646,75759.61719,9.097139359,4.518966348
53.20000076,0,140.8949362,29.05289211,63.62104005,0.6219293544,49.58927313,6.435967445,298.1087036,0,225,176.2447052,9.999999747e-05,75854.54688,8.018502235,3.978107808
53.40000153,29.0469773,138.6795302,27.00751112,62.20298669,0.6290652992,75.36287865,6.435316086,298.0982971,0,225,179.8959198,9.999999747e-05,75948,8.198518753,4.223368156
53.59999847,3.48237927,120.9868348,27.96870777,60.01832561,0.6858616906,61.04257332,6.438558578,298.0393982,0,225,180.410965,9.999999747e-05,76039.03906,9.006449699,4.641355303
53.79999924,0,136.3414505,27.29985346,63.86078326,0.640601185,83.82234989,6.437252045,298.0228577,0,225,163.8573761,9.999999747e-05,76139.5,8.478144646,4.434067092
54,0,135.7144544,27.96576226,63.82940313,0.6586181786,94.33953858,6.436382771,298.0273438,0,225,160.0692139,9.999999747e-05,76242.27344,8.556028366,4.40300831
54.20000076,15.13995569,135.7227273,27.43298809,64.02679909,0.6540638373,59.68434382,6.435646534,298.0182495,0,225,162.5993958,9.999999747e-05,76334.60156,8.528597832,4.508017857
54.40000153,0,137.002664,28.18580065,64.56756486,0.6492024255,63.51493586,6.434191227,298.0136108,0,225,160.4480286,9.999999747e-05,76431.29688,8.442570686,4.474529629
54.59999847,0.8028576473,133.6711008,27.11711573,63.9447484,0.6580882457,104.5425061,6.433657646,297.9786377,0,225,159.604187,9.999999747e-05,76535.08594,8.774469376,4.641076908
54.79999924,0,133.5459131,28.08871576,64.15415265,0.667153173,56.76346936,6.432233334,297.956604,0,225,148.0865479,9.999999747e-05,76629.24219,8.743509293,4.652426534
55,11.6679911,112.9412774,29.10526867,61.54206149,0.7652562984,87.85623495,6.43676281,297.9010925,0,225,139.936615,9.999999747e-05,76722.10156,9.964188576,4.703892797
55.20000076,0,131.710082,28.15637721,64.03359938,0.6758596093,72.67997684,6.435103416,298.4797058,0,225,41.98098373,170.8586731,76818.92969,8.901732445,4.712007715
55.40000153,0,141.9710049,27.66905651,65.05706151,0.6296048682,61.73364804,6.429332733,298.3544617,0,225,238.317337,17.08586693,76915.82031,8.401881218,4.612967518
55.59999847,0,143.0177155,26.6318505,64.21835342,0.6009847957,45.06092331,6.42519331,298.2413025,0,225,208.7542725,1.708586693,77009.51562,8.088496208,4.64636282
55.79999924,0,142.5363667,27.44379961,62.10549423,0.6059834354,67.08412387,6.420597076,298.1488342,0,225,183.9413605,0.1708586663,77107.71094,8.090685844,4.663684438
56,0,142.4797554,27.74589437,63.10493641,0.6102785822,54.76413455,6.418566704,298.1178894,0,225,161.9420319,0.017085867,77203.73438,8.001097679,4.652759918
56.20000076,0,141.8508501,27.74968227,63.19893033,0.6137955613,57.19856865,6.417415142,298.0988464,0,225,157.5380707,0.0017085867,77300.17969,8.013625145,4.684265253
56.40000153,0,138.7748068,27.85297824,63.03130338,0.6316100087,65.67615563,6.415691376,298.0542297,0,225,155.6186829,0.0001708586788,77397.35156,8.319666862,4.778574833
56.59999847,0,138.056023,27.71391554,64.58602563,0.6415792833,69.12284193,6.416187763,298.0465698,0,225,144.0834351,9.999999747e-05,77495.30469,8.382496834,4.81197452
56.79999924,0,137.306321,27.94464235,63.7403281,0.6507830561,65.89859268,6.416456699,298.0345154,0,225,143.8087463,9.999999747e-05,77592.38281,8.436601639,4.842875602
57,0,136.4745028,27.40539464,63.86698691,0.6528807473,97.45175603,6.417829514,298.0287781,0,225,141.4505768,9.999999747e-05,77695.78906,8.5207901,4.88915316
57.20000076,87.70203461,108.8638377,27.40311534,64.33287066,0.8088096856,111.4167849,6.428640842,297.9733582,0,225,140.8586273,9.999999747e-05,77776.74219,10.49671459,4.841119987
57.40000153,15.98031669,109.3342234,28.27276633,62.20690617,0.7627253679,89.51450325,6.437405109,297.9505005,0,225,122.8555756,9.999999747e-05,77868.21875,9.907567024,4.883379088
57.59999847,36.33039112,123.1834225,27.95882253,65.60150436,0.7501749844,77.93822999,6.440565586,297.9665222,0,225,114.3913193,9.999999747e-05,77956.80469,9.570053101,5.016381874
57.79999924,3.948878179,129.1100473,27.81947651,63.30577858,0.6909808821,99.09748826,6.441205025,297.9893799,0,225,118.2326279,9.999999747e-05,78058,8.885606766,5.034325002
58,0,130.5203805,28.56675291,64.83745712,0.7041210858,80.07053308,6.441102982,298.0213318,0,225,124.7400665,9.999999747e-05,78156.6875,8.892980576,5.040933001
58.20000076,70.34453936,110.9974177,27.42546347,63.60525251,0.7899758359,104.7374023,6.448479176,297.9822388,0,225,135.1965027,9.999999747e-05,78240.41406,10.20084476,4.943086715
58.40000153,22.74969878,123.963321,27.73481671,65.70793102,0.7437231537,83.35127641,6.449938774,297.9872742,0,225,122.2693634,9.999999747e-05,78333.04688,9.507096291,5.07477615
58.59999847,8.76990139,127.7250545,27.48903829,64.71746556,0.693793728,78.44834357,6.449753761,297.988678,0,225,123.6387253,9.999999747e-05,78428.39062,9.002719879,5.073945577
58.79999924,0,134.9710354,28.5027448,64.00915915,0.6622978723,69.15831222,6.446854115,298.0135193,0,225,123.6035995,9.999999747e-05,78525.8125,8.437624931,5.065533003
59,0,135.4721263,28.03872662,62.92367468,0.6524643045,68.53249638,6.444658279,298.0372009,0,225,131.7433319,9.999999747e-05,78623.27344,8.280058861,5.092879456
59.20000076,0,136.0647954,27.63938462,63.72339308,0.6526313152,94.68828329,6.442691326,298.0445251,0,225,140.2304688,9.999999747e-05,78726.20312,8.383423805,5.116816644
59.40000153,45.30380122,112.2965355,28.55115508,61.06495041,0.7750124271,96.91624425,6.448976517,298.0116272,0,225,143.9734192,9.999999747e-05,78814.14062,9.803128242,5.079945764
59.59999847,0,128.1092353,27.74712718,65.85498201,0.7014860274,107.6224645,6.448997021,298.0138855,0,225,134.2346649,9.999999747e-05,78917.71094,9.049275398,5.198561812
59.79999924,1.899880934,128.5212948,28.53435302,64.63277624,0.7113876737,83.64664009,6.448621273,298.0383301,0,225,135.7024384,9.999999747e-05,79016.39844,8.908114433,5.239029943
60,0,136.3963504,28.02147972,64.969389,0.6546055767,81.63247483,6.446078777,298.0782776,0,225,144.6328735,9.999999747e-05,79117.22656,8.22403717,5.196865772
60.20000076,11.13930954,131.4487411,28.02550272,64.72027442,0.7037129472,92.45315201,6.44537878,298.1015625,0,225,159.6748505,9.999999747e-05,79216.75781,8.733561516,5.288807218
60.40000153,0,132.1627565,27.33347102,65.17281517,0.6691870757,73.96482343,6.444913387,298.1259766,0,225,170.3444672,9.999999747e-05,79314.94531,8.399356842,5.317940023
60.59999847,0,130.5810624,27.72040479,65.34229519,0.6979714722,81.62044119,6.44476223,298.139679,0,225,182.3970795,9.999999747e-05,79414.38281,8.665840149,5.352323152
60.79999924,20.2996963,122.1122341,27.47345655,60.69538713,0.6910509435,105.94592,6.44771719,298.1187134,0,225,191.6633606,9.999999747e-05,79512.25781,8.730332375,5.377347242
61,7.935004049,128.600671,27.46932813,67.01182229,0.7296236346,99.28154246,6.44805336,298.1060791,0,225,189.5665894,9.999999747e-05,79613.02344,9.130251884,5.39128229
61.20000076,0,123.9751952,27.99508447,62.19560805,0.6849939827,80.47152424,6.449698448,298.0938721,0,225,189.8243713,9.999999747e-05,79710.41406,8.597522736,5.406486428
61.40000153,0,136.7293036,27.52762482,64.25638832,0.6426962725,63.69530278,6.447172642,298.1127319,0,225,189.6808472,9.999999747e-05,79807.8125,7.958602905,5.371290985
61.59999847,0,137.009168,27.31573468,64.26761345,0.6422773368,72.2542338,6.44488287,298.1304932,0,225,199.8044128,9.999999747e-05,79907.08594,7.941527367,5.396539061
61.79999924,45.554629,118.5742297,27.32871233,60.92863046,0.7104926701,107.0620548,6.449381828,298.0946655,0,225,210.0149841,9.999999747e-05,79999.11719,8.948103905,5.441919986
62,33.92340198,108.8808521,27.4380259,63.99142075,0.7702983696,125.5059302,6.456615448,298.0551147,0,225,202.414093,9.999999747e-05,80094.76562,9.817735672,5.357662846
62.20000076,47.0205426,128.335894,26.99434163,66.06353089,0.7020429321,115.7001101,6.455426216,298.0736084,0,225,192.589447,9.999999747e-05,80191.10156,8.779921532,5.566107876
62.40000153,0,137.3022763,28.09378819,64.6328223,0.6456860537,79.03036257,6.450592995,298.1306152,0,225,201.3348541,9.999999747e-05,80292.33594,7.798863411,5.451435381
62.59999847,0,135.61055,26.59817751,65.21404161,0.6548202575,82.0368113,6.447888374,298.1565552,0,225,223.617218,9.999999747e-05,80393.38281,8.051522255,5.554232685
62.79999924,0,137.0439849,27.32463061,65.73059102,0.64864997,87.25064861,6.445100784,298.1634216,0,225,237.0388489,9.999999747e-05,80495.91406,7.989515781,5.543397882
63,74.65454848,124.2306315,26.66012919,67.44602271,0.7774884595,119.5659462,6.447957993,298.1175842,0,225,245.0847168,9.999999747e-05,80586.03906,9.615953445,5.598477651
63.20000076,70.49132876,116.2079266,27.56173976,62.18310956,0.7242977655,86.57276922,6.45298624,298.0840454,0,225,235.348053,9.999999747e-05,80668.28125,9.010541916,5.560353186
63.40000153,0,137.3842086,27.95830984,67.11758499,0.6524669634,84.76866482,6.448874474,298.1083984,0,225,228.5287018,9.999999747e-05,80770.60156,7.986036301,5.596944491
63.59999847,0,136.40709,27.49786756,64.84881831,0.6461413632,83.02417739,6.445938587,298.1228943,0,225,240.3356781,9.999999747e-05,80872.23438,7.880102158,5.641984379
63.79999924,11.9916708,132.9292156,27.01172713,64.56332344,0.6692761471,102.1698713,6.445024967,298.1095581,0,225,249.2203674,9.999999747e-05,80974.21875,8.253760338,5.696059291
64,0,139.5271811,27.42676389,63.88270279,0.6258127695,61.4955546,6.442047119,298.1272888,0,225,249.1174164,9.999999747e-05,81072.29688,7.522575855,5.643418529
64.19999695,28.75960237,129.2843892,27.53565716,65.93036272,0.7280169863,106.0631509,6.443265915,298.0768127,0,225,259.4417419,9.999999747e-05,81170.57812,8.925702095,5.699163036
64.40000153,0,138.7755839,28.04213994,65.72081367,0.6386766534,66.95388179,6.441007137,298.0649414,0,225,246.672287,9.999999747e-05,81269.45312,7.788504601,5.686622053
64.59999847,0,138.9795937,27.47090725,64.42567006,0.638015134,75.56400661,6.439297199,298.0491333,0,225,245.8277435,9.999999747e-05,81370.04688,7.777673244,5.711494763
64.80000305,16.12072663,125.1546776,27.37548369,61.59776707,0.6819516875,91.60622275,6.442821026,297.9971924,0,225,242.9063263,9.999999747e-05,81466.76562,8.451188087,5.681197939
65,0,133.5965835,27.43275697,64.76250261,0.6583345898,78.81433257,6.442932606,297.9678955,0,225,226.9401245,9.999999747e-05,81566.42188,8.150996208,5.7343077
65.19999695,41.53629091,128.4810515,27.12936827,65.94936802,0.7201858629,85.28987026,6.445039749,297.9460449,0,225,217.1203766,9.999999747e-05,81657.55469,8.834301949,5.7497409
65.40000153,0,129.8144308,28.16462624,65.99933458,0.7098830279,77.9002249,6.445454121,298.6418457,0,225,65.1361084,227.144165,81756.20312,8.598397255,5.798503885
65.59999847,0,142.9149005,27.51309217,64.76983242,0.6334561988,72.98286058,6.441992283,298.6305542,0,225,303.324585,22.7144165,81857.11719,7.619319439,5.763224826
65.80000305,27.44597458,129.840574,27.64532578,60.57236868,0.6615206619,86.96345294,6.443749428,298.5045776,0,225,318.2835693,2.271441698,81951.5625,8.098521233,5.748466149
66,0,135.4949828,27.952938,60.79799975,0.6423711896,98.0660688,6.442867279,298.4088745,0,225,298.5549316,0.2271441668,82055.60938,7.794280052,5.809499898
66.19999695,31.364467,125.7327895,27.70603001,61.92929535,0.6811333196,111.0535722,6.445846081,298.3044739,0,225,285.3962708,0.02271441557,82153.20312,8.459164619,5.753182209
66.40000153,0,140.5587106,27.11451173,64.09596909,0.6241652369,87.92382267,6.443498611,298.2466431,0,225,265.4356079,0.002271441743,82256.44531,7.668401718,5.845344462
66.59999847,6.337717594,138.0756797,26.25362259,65.94138423,0.6492937952,87.42865768,6.442877769,298.186554,0,225,257.6787109,0.0002271441626,82357.44531,8.062623978,5.856161332
66.80000305,0,138.6702319,27.47801848,64.86830818,0.6314916206,84.14976057,6.441627979,298.1341248,0,225,246.6385498,9.999999747e-05,82459.40625,7.798588276,5.86201523
67,0,135.6579352,26.98086508,66.14046516,0.6538692815,101.2997752,6.441765308,298.0838318,0,225,235.9886017,9.999999747e-05,82564.03125,8.168808937,5.870285717
67.19999695,28.49705697,120.7848969,27.47854075,62.69062987,0.7192025651,131.9379134,6.44710207,298.0108948,0,225,224.0598602,9.999999747e-05,82665.13281,9.001358032,5.699067298
67.40000153,66.37162022,121.7617531,26.87642577,66.95203509,0.7673223713,104.1037204,6.45166254,297.9865723,0,225,202.4232178,9.999999747e-05,82753.14062,9.417388916,5.803989092
67.59999847,0,134.3616875,27.74114892,66.37897465,0.6668755893,82.87537095,6.449830055,298.007782,0,225,194.9889984,9.999999747e-05,82854.09375,8.10165596,5.996243365
67.80000305,44.12930062,131.9951869,26.71424736,65.22111014,0.6765138834,85.23839301,6.449989796,298.0146179,0,225,201.9841309,9.999999747e-05,82945.64062,8.256306648,5.985470926
68,60.89912782,125.0030223,26.69779675,66.63268437,0.7426143992,98.55518758,6.452944279,297.9990234,0,225,204.4779663,9.999999747e-05,83034.51562,9.085184097,5.896581419
68.19999695,0,132.46724,27.51220771,66.26714318,0.6804040575,116.1604189,6.451372147,298.013092,0,225,199.5890503,9.999999747e-05,83141.82812,8.320948601,6.050091766
68.40000153,15.32395741,117.847705,28.17806009,62.75276639,0.7331383911,107.475983,6.455578327,297.9971313,0,225,204.5219879,9.999999747e-05,83240.26562,8.941782951,5.857779514
68.59999847,10.43050446,116.9821425,27.7301056,63.94557829,0.7388049747,106.2275079,6.459738255,297.9842834,0,225,199.4021301,9.999999747e-05,83339.14062,9.067192078,5.843832554
68.80000305,36.90209014,107.1340074,27.49164157,64.6750158,0.777977203,120.2895677,6.467730522,297.9489441,0,225,194.9871674,9.999999747e-05,83432.66406,9.731007576,5.60315828
69,0,130.2232772,27.86180704,67.26796305,0.7043883774,99.79435636,6.464324951,298.5953369,0,225,58.49614716,212.588913,83535.99219,8.510175705,6.103069408
69.19999695,0,130.7296854,27.89890273,61.74627238,0.6809271454,102.1577784,6.461237907,298.6143799,0,225,279.8496399,21.25889206,83639.85156,8.067646027,6.118843802
69.40000153,0,142.7747335,27.5304579,63.55756831,0.6160767119,67.51897031,6.455105305,298.587616,0,225,303.8909607,2.125889301,83739.80469,7.231416702,6.128701016
69.59999847,22.4215659,139.0512816,26.62998772,63.23853032,0.6345425215,77.651409,6.452098846,298.524231,0,225,317.5610352,0.2125889212,83836,7.573174,6.137691479
69.80000305,63.2318566,126.6880841,27.13585805,67.28561545,0.7726500654,134.538203,6.453917027,298.42453,0,225,317.9289246,0.02125889249,83932.21094,9.345993996,6.037677277
70,81.90402604,104.9393262,27.78400046,64.7156895,0.8252478268,158.5390049,6.464304924,298.2770996,0,225,303.666687,0.002125889296,84023.54688,10.30141926,5.513098345
70.19999695,16.35372716,127.3250714,26.46867779,66.99551429,0.7157107606,97.06925196,6.46457243,298.2139587,0,225,269.4667053,0.000212588915,84121.71094,8.790963173,6.009975484
70.40000153,0,137.8010755,27.71620429,65.53516191,0.6474431893,84.98895629,6.460313797,298.1700745,0,225,259.1790771,9.999999747e-05,84223.75781,7.839742184,6.141494759
70.59999847,3.118650708,134.8727345,27.30180537,64.58215054,0.6652584581,107.4369917,6.458180428,298.1096497,0,225,252.5411224,9.999999747e-05,84328.83594,8.136234283,6.090612449
70.80000305,89.12623753,99.45108836,27.67246197,63.60112769,0.8348519066,126.4272145,6.471086025,297.9906006,0,225,238.4019012,9.999999747e-05,84410.5,10.41737747,5.288644543
71,0,125.1789754,28.07801222,69.34311237,0.7408200343,111.9574945,6.47080183,297.9432983,0,225,201.891449,9.999999747e-05,84514.53125,9.180405617,5.927648514
71.19999695,0,127.73183,27.58242691,66.67810107,0.7046227249,101.3981212,6.470252037,298.4923401,0,225,60.56743622,197.6625671,84616.67969,8.77699852,5.881760063
71.40000153,61.451666,107.1954058,27.83522923,63.37964201,0.8092760366,137.868384,6.478321552,298.3781128,0,225,248.2224426,19.76625633,84707.97656,10.11856461,5.362744711
71.59999847,0,131.290065,27.20914389,67.56343476,0.6952431648,91.40544993,6.47579813,298.2868042,0,225,223.1563263,1.976625681,84808.71875,8.684981346,5.88470888
71.80000305,32.1034723,131.4825406,26.64600844,66.93365357,0.6941041464,107.6593954,6.474092007,298.1910706,0,225,206.6930084,0.197662577,84906.07812,8.755883217,5.843905973
72,0,132.139801,27.81432623,65.78859488,0.6850556894,101.2954383,6.471517086,298.1321106,0,225,185.1073151,0.01976625621,85009.24219,8.505641937,5.938598708
72.19999695,47.3141512,119.9977463,27.66825051,65.73024755,0.7637468426,112.1299518,6.474524498,298.0525208,0,225,172.6453094,0.001976625761,85101.53125,9.499207497,5.641106399
72.40000153,57.40614987,106.7534312,27.19759764,66.25658028,0.80448354,121.499996,6.482954979,297.9634399,0,225,150.5780029,0.0001976625645,85189.96875,10.21476841,5.248695137
72.59999847,0,122.5868175,27.32904805,68.70173375,0.745446934,114.0145108,6.48328352,297.9241028,0,225,122.4143753,9.999999747e-05,85292.875,9.450647354,5.638817738
72.80000305,0,121.4234211,27.7604847,66.6410613,0.7463760002,113.0531087,6.483727455,298.2888489,0,225,36.72431183,127.1312103,85395.46094,9.321926117,5.729231455
73,21.85976565,110.881074,27.81597416,65.22758925,0.7889205506,126.7353334,6.488633633,298.2284241,0,225,160.016037,12.71312141,85493.33594,9.929720879,5.407195416
73.19999695,0,123.7652618,27.99481829,69.7232452,0.7761476703,126.8730715,6.487195492,298.1812134,0,225,147.259903,1.271312118,85599.34375,9.661963463,5.795291909
73.40000153,15.37526248,124.5422571,27.63312758,67.78823092,0.7380213228,130.5047138,6.485997677,298.1369629,0,225,139.9947968,0.1271312088,85703.10938,9.287958145,5.810522598
73.59999847,22.68480682,121.2720199,26.9087916,66.35168023,0.7370902814,110.3242277,6.486979485,298.1029358,0,225,131.8787231,0.01271312125,85800.32031,9.253927231,5.742892809
73.80000305,0,126.5300226,27.48626995,67.30069717,0.726847227,117.2015955,6.485113144,298.0843201,0,225,125.6032944,0.001271312125,85905.15625,9.069994926,5.901866829
74,53.02829414,121.1831788,26.27069912,67.18040534,0.7509594567,115.440589,6.487085819,298.042511,0,225,123.3032455,0.0001271312067,85996.95312,9.494447708,5.653916742
74.19999695,41.64262435,122.5423207,26.89703777,67.32568464,0.7540745175,110.913679,6.487793446,298.01828,0,225,112.182106,9.999999747e-05,86090.6875,9.437737465,5.734176078
74.40000153,7.78857976,117.4956135,27.84847417,68.10901009,0.7902960039,125.4043167,6.48948431,297.999115,0,225,105.7291031,9.999999747e-05,86193.28906,9.834869385,5.707858092
74.59999847,27.90962263,114.551199,27.687235,68.27337141,0.8073604278,134.075817,6.492429256,297.9753723,0,225,99.97930145,9.999999747e-05,86292.69531,10.08840084,5.620467206
74.80000305,91.03986723,95.09038458,27.22184571,65.16747752,0.8714991516,130.4802278,6.504267216,297.9300537,0,225,91.89620972,9.999999747e-05,86373.10156,10.94234467,5.07682303
75,53.75066277,109.2057848,26.94118858,68.42367007,0.8171509154,135.7572533,6.508068085,298.2306213,0,223.7836914,27.56886292,113.5324478,86465.58594,10.34148216,5.425951121
75.19999695,30.78310168,104.7983719,27.62308445,68.01993297,0.8359231933,135.8345877,6.512503147,298.1828613,0,221.1019135,128.9807281,11.35324478,86560.98438,10.56381512,5.278513525
75.40000153,33.43302052,104.8414964,27.86122154,67.64515152,0.8359906019,137.0185277,6.515633583,298.1325989,0,216.6182556,118.8911057,1.135324478,86655.35938,10.48493671,5.384099101
75.59999847,26.93617465,112.8971141,27.1516254,66.97890272,0.7930255523,123.9347593,6.514475346,298.1144104,0,210.8886566,108.7639084,0.1135324463,86749.39844,9.859165192,5.67036255
75.80000305,11.09058299,117.1051758,27.64811343,67.33805462,0.7760925388,124.4688886,6.510522842,298.1140747,0,205.6323395,107.844223,0.01135324407,86847.0625,9.563700676,5.86685445
76,71.26318115,112.473464,26.88983935,68.82892856,0.7953439548,131.9337426,6.509970188,298.0979919,0,201.9524384,112.1557846,0.001135324477,86931.75781,9.939312935,5.710837288
76.19999695,0,115.7261135,26.88815895,66.5068526,0.7717841124,116.1033067,6.507446289,298.0912476,0,198.4736176,110.8897934,0.0001135324419,87027.98438,9.532819748,5.775823554
76.40000153,36.26629429,109.5296055,27.12054656,67.57680829,0.8213336185,123.8748355,6.507985592,298.0717163,0,196.0215912,112.351059,9.999999747e-05,87116.22656,10.13249874,5.614763762
76.59999847,0,114.0303827,28.19014236,68.59765311,0.7860371007,136.968167,6.50490427,298.0737,0,193.3375549,109.0870209,9.999999747e-05,87215.64062,9.702912331,5.874744103
76.80000305,10.83778065,112.5747214,27.93813623,68.14557074,0.8156355713,132.4026239,6.50317812,298.0705872,0,191.9077606,112.6072083,9.999999747e-05,87311.17969,9.966579437,5.821874973
77,2.165938907,108.4082284,27.98109002,66.75113903,0.8219336997,128.2231456,6.5035882,298.0592651,0,191.152359,114.2802887,9.999999747e-05,87406.34375,10.05215836,5.691830536
77.19999695,0,112.8989433,27.63116377,67.716509,0.7902968767,124.8907087,6.501629353,298.0764465,0,190.2301331,113.0444641,9.999999747e-05,87502.55469,9.642081261,5.961823887
77.40000153,14.71809531,111.7975786,27.30426789,67.04770111,0.7814281018,135.6141903,6.50095892,298.0765076,0,190.1060333,121.2836151,9.999999747e-05,87597.48438,9.644059181,5.875489891
77.59999847,0,116.9162254,27.36577372,66.98052825,0.7601509649,115.0626378,6.498174667,298.0875549,0,190.2384186,124.040657,9.999999747e-05,87692.67969,9.282057762,6.014945422
77.80000305,0,115.2814949,27.74358371,67.85627377,0.7779798494,126.1375894,6.496661663,298.0775452,0,191.495636,130.7228241,9.999999747e-05,87789.89062,9.565623283,5.907366666
78,34.65056616,100.0767451,27.44673487,65.90551068,0.8277646715,128.2059139,6.503066063,298.0354004,0,193.3470764,130.467926,9.999999747e-05,87876.50781,10.30513477,5.399675028
78.19999695,50.20506829,92.62655296,28.0758944,67.20501695,0.8847357722,152.4702133,6.511569977,297.9700317,0,192.6147156,118.9091949,9.999999747e-05,87962.64844,11.08610439,5.088716381
78.40000153,9.054575574,101.661961,26.74559073,68.16519199,0.843468051,131.3990712,6.51503706,297.9363708,0,188.4993744,98.00147247,9.999999747e-05,88054.24219,10.56411648,5.305004958
78.59999847,58.80152596,104.2313611,26.78080669,67.43541341,0.8300481358,135.3008354,6.516441345,298.2118225,0,183.0204468,29.40044212,104.4827499,88136.01562,10.33700371,5.455791543
78.80000305,59.26278533,107.1922866,26.78917762,68.91423314,0.853264401,123.6711559,6.5155406,298.2017517,0,176.970459,122.2955246,10.44827557,88214.75,10.47070503,5.53131512
79,21.43810675,101.5471789,27.39702225,67.34623827,0.8507671304,135.8226975,6.515726566,298.1517639,0,171.2817383,124.6963043,1.04482758,88301.02344,10.53131485,5.328558605
79.19999695,0.5689760315,105.9308828,27.31588534,69.83566436,0.8337826501,144.5272377,6.512710571,298.1116638,0,165.5076141,115.0948029,0.1044827551,88393.32812,10.39656544,5.454424972
79.40000153,0,106.7145802,27.01529897,69.00400134,0.8029291459,122.54463,6.509521961,298.0924683,0,160.953949,107.3287735,0.01044827513,88480.5625,9.996462822,5.529482733
79.59999847,8.316243461,106.9225602,27.41361112,67.51046918,0.81414006,136.5457951,6.505727291,298.0724487,0,157.6660309,105.1877441,0.001044827513,88568.39844,10.04800034,5.553271912
79.80000305,5.331217273,91.34390908,27.48612977,68.01051071,0.8673853483,144.3857199,6.50936842,298.0268555,0,155.8973541,101.8965225,0.0001044827513,88653.8125,10.87818336,5.037785227
80,0,98.87761491,26.87567487,68.87919013,0.8306653652,130.7178296,6.50851202,297.9992065,0,152.6459045,89.03333282,9.999999747e-05,88738.70312,10.43420982,5.206578201
80.19999695,38.22548019,94.22711679,26.81899014,68.42802276,0.8486582193,133.1327757,6.509168148,297.9640808,0,149.7754822,80.84472656,9.999999747e-05,88814.28906,10.69539738,5.008298558
80.40000153,23.15008691,94.2149604,28.16555356,68.5021272,0.8793939613,147.570028,6.507688046,297.9373779,0,146.6233978,68.90048218,9.999999747e-05,88895.47656,10.92930603,5.06375973
80.59999847,0,98.26429118,26.11292765,67.44755569,0.8353254452,135.4702648,6.5057621,298.1469116,0,144.0751038,20.67014503,80.64694214,88979.15625,10.47203159,5.133618425
80.80000305,10.08745548,97.10420078,27.34110364,66.81779176,0.8462830281,119.1373832,6.503461361,298.1374817,0,142.2919006,90.80463409,8.064694405,89056.90625,10.44817638,5.160861059
81,0,101.3383128,26.80375182,68.72833479,0.8262918541,129.8927169,6.49977684,298.116272,0,141.4287872,91.49549103,0.8064694405,89139.88281,10.29836464,5.306005996
81.19999695,10.2265583,97.89799853,25.62875302,67.68444352,0.824464734,114.2601937,6.49949646,298.0913086,0,142.0428619,89.40090179,0.08064694703,89216.5625,10.32694626,5.149210049
81.40000153,34.02083778,94.12352674,26.71316992,66.40957796,0.8694869849,127.3331073,6.500210762,298.0582581,0,142.7533875,85.3144989,0.008064694703,89290.30469,10.74630642,5.046448586
81.59999847,0,96.5829927,26.61449504,67.12990624,0.8315313775,133.6317316,6.4999156,298.0354614,0,143.1858521,77.52214813,0.0008064694703,89373.11719,10.41403866,5.146930087
81.80000305,10.99517383,90.33730878,27.02651365,67.07636826,0.8719999511,138.7413836,6.502080441,298.0011597,0,143.7427979,72.08979034,9.999999747e-05,89453.14062,10.90653133,4.913602904
82,0,92.27675214,26.13564134,66.78227675,0.8453567051,121.4613839,6.503671646,297.9782715,0,143.4226227,61.74913025,9.999999747e-05,89532.15625,10.62471199,4.920313231
82.19999695,0,97.90928416,26.8032614,68.05383812,0.8279786041,123.5723913,6.502009869,297.9743347,0,142.4756775,54.15758133,9.999999747e-05,89613.13281,10.35705757,5.183056605
82.40000153,17.89394781,99.96559093,26.97825084,67.87122728,0.8524446768,150.685536,6.498758793,297.9631653,0,142.2023773,52.15243912,9.999999747e-05,89696.44531,10.61298656,5.207856287
82.59999847,19.65187823,95.01106676,27.13940137,67.7116517,0.8582566492,130.4492693,6.498751163,297.9546509,0,143.2241516,47.36719894,9.999999747e-05,89774.1875,10.68650055,5.07387584
82.80000305,22.86546242,95.20696347,25.59152344,65.56154032,0.8393432559,124.3340597,6.499834061,297.9432068,0,144.2333832,43.13047791,9.999999747e-05,89849.94531,10.52349758,4.964486353
83,0,95.85704219,26.28901003,66.25974803,0.8309983441,115.8438555,6.500010967,298.0903931,0,144.8162689,12.93914318,55.79069901,89929.02344,10.40897751,5.006093457
83.19999695,20.3424809,98.712975,27.18727827,68.09776071,0.8596466544,142.1079626,6.498697281,298.0845947,0,145.3347778,61.68014145,5.579069614,90010.39062,10.67651272,5.191028329
83.40000153,0,98.43445388,26.66408739,68.11442613,0.8367694501,141.3024869,6.498376369,298.0658569,0,146.380661,61.9637413,0.5579069853,90095.85156,10.51262188,5.168122936
83.59999847,0,101.1817131,26.54520513,68.76488663,0.8399591557,145.2367316,6.496926785,298.0478821,0,147.5470581,58.71310806,0.05579069629,90183.03906,10.54099274,5.221694768
83.80000305,20.96485991,98.07038542,26.7491737,67.07650255,0.862654121,133.4021946,6.497338772,298.0281982,0,149.2999725,55.11899185,0.005579069722,90263.00781,10.71058846,5.10447799
84,0,97.73401745,26.25352324,67.17310732,0.8394250315,124.596971,6.498476028,298.0108032,0,150.87854,50.25586319,0.0005579069839,90345.60156,10.53487873,5.048779986
84.19999695,0,101.9319715,26.96324253,68.94669705,0.8410216445,132.304547,6.496814728,297.9990845,0,152.0056915,45.46387863,9.999999747e-05,90431.19531,10.53799057,5.17506037
84.40000153,0,96.58151648,26.68551084,67.31502904,0.8489438812,129.5025286,6.499209881,297.9863586,0,153.8089294,41.95702362,9.999999747e-05,90515.20312,10.63990879,5.056506098
84.59999847,32.55578006,98.59248889,25.44071369,68.61837677,0.8563767485,134.8732687,6.50195694,297.9759216,0,154.6317596,37.62486267,9.999999747e-05,90594.15625,10.77651882,5.089657742
84.80000305,0,98.49906794,26.61101351,67.01287035,0.8283810393,130.0480147,6.503094196,297.9704895,0,154.3676758,33.60504532,9.999999747e-05,90678.86719,10.43009567,5.109081017
85,1.602139481,99.60226067,26.77815845,68.27626117,0.8471696488,138.1468259,6.503507614,297.9685974,0,153.6551514,30.90856361,9.999999747e-05,90765.125,10.61402988,5.181491865
85.19999695,43.58440481,87.39894885,27.01390562,67.54723028,0.8907740667,132.6335692,6.509686947,297.9512939,0,152.7743073,29.18381882,9.999999747e-05,90838.1875,11.17777729,4.799378817
85.40000153,44.52688717,93.24849169,27.11815676,68.04563816,0.8748236999,126.6894016,6.511116982,297.9475403,0,149.4006042,22.05247879,9.999999747e-05,90910.65625,10.92383289,4.954358537
85.59999847,66.16545575,87.49551533,27.14736679,66.47366925,0.8949824385,153.1360016,6.514281273,298.0093994,0,145.4888763,6.615743637,29.348526,90981.73438,11.22352791,4.783393914
85.80000305,19.60891038,94.35246669,25.93048846,66.81180308,0.8732082239,142.7528614,6.513171673,298.0062561,0,140.2905273,26.01511383,2.9348526,91060.77344,10.91805935,4.944206957
86,17.21045529,94.02371213,26.2758245,69.6621751,0.8599526875,149.5542865,6.511359215,298.0014648,0,135.5557098,24.82702065,0.293485254,91140.78906,10.87613201,5.021171975
86.19999695,0,93.40198231,26.10080378,65.94954368,0.8582010205,106.052194,6.50858593,298.0048828,0,131.5344238,23.42829132,0.02934852615,91214.28906,10.62561798,4.932506785
86.40000153,5.177934364,93.14101153,26.30029481,67.61720927,0.8517901953,133.9139109,6.504368782,297.9972534,0,128.6232758,24.70114899,0.002934852615,91291.71875,10.72673321,4.882220609
86.59999847,43.82434925,91.40565414,25.48835129,68.47370123,0.8655732214,134.1413276,6.502182007,297.9877319,0,127.4007187,22.22131538,0.0002934852673,91360.42969,10.93504715,4.8127053
86.80000305,1.941744029,92.58642765,25.2486769,67.79846717,0.841954531,114.0088254,6.498523235,297.9824219,0,127.0415421,18.89811516,9.999999747e-05,91433.67188,10.66873264,4.747763584
87,7.311304615,91.15376431,25.56535014,66.20168786,0.847760307,116.2455254,6.495687485,297.9750061,0,128.1573181,16.67736816,9.999999747e-05,91506.11719,10.69511795,4.692377987
87.19999695,29.84187946,97.1917477,26.73161413,67.34047443,0.8750889231,158.8546589,6.491508007,297.9760132,0,130.3998871,13.49934006,9.999999747e-05,91585.14062,10.88423729,5.070813234
87.40000153,0,94.06938162,26.01730607,67.30358164,0.8486738359,126.2555664,6.489556789,297.9724426,0,134.3212891,12.96313477,9.999999747e-05,91663.27344,10.71497917,4.812100614
87.59999847,0,94.73789068,26.20914842,66.9202219,0.8401150008,123.5744851,6.489748478,297.9744568,0,139.0115967,10.81955624,9.999999747e-05,91742.11719,10.58920383,4.905969437
87.80000305,44.37091894,94.80246608,26.5298997,68.9296748,0.8701011951,152.9097953,6.491046429,297.9678345,0,143.6253052,10.51136589,9.999999747e-05,91818.89844,11.00495911,4.92863554
88,8.342027153,90.41670042,26.10008062,69.14669452,0.8688988979,138.0554228,6.495222569,297.9568787,0,147.7230835,7.256214619,9.999999747e-05,91899.54688,11.09188461,4.71579597
88.19999695,23.53767442,93.16090861,26.05645154,67.59276167,0.8791700269,125.4754184,6.498551846,297.9556274,0,150.1445618,2.319174767,9.999999747e-05,91975.70312,11.04600239,4.798356131
88.40000153,62.11929568,92.00312674,25.28046162,67.31434649,0.9018756808,129.6009634,6.503283501,297.9503784,0,151.2462769,0.3515154421,9.999999747e-05,92044.57812,11.30318451,4.73239464
88.59999847,0,93.50385577,25.67462647,67.6705075,0.870166941,132.4002229,6.505889416,297.9476013,0,150.4479675,9.999999747e-05,9.999999747e-05,92127.04688,11.01167107,4.78083724
88.80000305,12.58227244,100.003332,26.48260312,68.9528341,0.8668559544,137.0493852,6.504784584,297.9812622,0,148.6188202,9.999999747e-05,10.00778866,92209.49219,10.84977055,5.098931529
89,21.40696717,93.33770247,26.07482016,69.51448168,0.8651061429,130.2703519,6.50581646,297.9727783,0,147.236908,9.672087669,1.000778913,92286.4375,11.01779461,4.76356742
89.19999695,0,99.51437546,26.42219039,68.42687481,0.8572831884,127.3516944,6.503513813,297.9778748,0,145.4234772,5.79067564,0.1000778899,92368.58594,10.75014114,5.016476339
89.40000153,32.64415457,92.6007736,26.52838723,67.15644203,0.8791781912,117.3051324,6.505469799,297.9782104,0,144.5488434,6.593039036,0.01000778936,92440.07031,10.96121788,4.868974481
89.59999847,48.30980821,92.08987504,25.38380262,67.70859799,0.8642271002,130.9774888,6.50750351,297.9697266,0,142.8670502,5.838775635,0.001000778866,92510.40625,10.97275829,4.757245207
89.80000305,8.317480223,92.39896966,26.00762695,66.71188365,0.8823503603,126.2572213,6.505828857,297.9616699,0,140.3852386,2.091272831,0.0001000778939,92587.44531,11.08529568,4.649095468
90,47.24261046,87.84028764,25.25729307,67.66220874,0.866320726,121.6762699,6.506538391,297.9473877,0,138.5856476,9.999999747e-05,9.999999747e-05,92653.79688,11.09391499,4.454051338
90.19999695,0,95.3676454,25.80179301,66.68410612,0.8558866852,130.5056579,6.501607895,297.9709167,0,136.4825897,9.999999747e-05,12.79485512,92733.24219,10.84190655,4.671083974
90.40000153,0,93.96645049,26.36029299,68.29460893,0.8673952736,128.9827954,6.497298241,297.9620972,0,136.3779144,6.252987862,1.279485583,92812.05469,10.98923969,4.656082131
90.59999847,0,97.75011311,26.13679518,68.68461278,0.8614466673,130.1522428,6.49279213,297.9592285,0,137.9770355,1.946825981,0.1279485524,92892.44531,10.89141178,4.79367213
90.80000305,23.95108075,93.19269265,25.65613975,66.90457625,0.8684712044,131.4240545,6.493042946,297.9506531,0,141.3812103,9.999999747e-05,0.01279485505,92967.63281,10.99688911,4.672076008
91,16.104672,93.73101714,26.15587302,68.51868771,0.8814805489,153.1483621,6.493463993,297.9371643,0,144.6687012,9.999999747e-05,0.001279485528,93049.78125,11.20905876,4.710531504
91.19999695,50.3060246,88.10767666,25.45315275,67.75046507,0.88188918,132.4970905,6.497141838,297.9485474,0,147.8025208,9.999999747e-05,14.47199726,93119.57031,11.29911995,4.428488678
91.40000153,78.54038439,89.46960233,25.90841891,67.49461089,0.8944282624,133.4138602,6.501274109,297.9393311,0,149.4550781,9.999999747e-05,3.499845505,93184.60938,11.33592224,4.563988632
91.59999847,73.93856273,90.83068345,26.19323373,69.40115891,0.8872923378,145.1723535,6.503931999,297.9616394,0,149.4636841,9.999999747e-05,17.74397469,93253.36719,11.34427166,4.610896667
91.80000305,0,96.12803142,25.96555427,68.137355,0.8656974498,130.4255233,6.504081726,297.9554749,0,148.415451,5.488854408,1.774397492,93335.47656,10.96748257,4.797414773
92,52.82289857,93.46421829,26.65983465,69.35612447,0.8902114769,145.2377675,6.503725529,297.9394531,0,147.3107605,1.760618329,0.1774397492,93408.86719,11.30533981,4.686169714
92.19999695,53.42619875,87.42133943,26.03888973,67.59905224,0.886202175,154.3307968,6.506123543,297.9502563,0,146.3421326,0.5281854868,17.14649963,93482.03125,11.39047432,4.43759545
92.40000153,26.94539268,97.79960777,26.39001632,68.84670119,0.893483526,148.9600546,6.50201416,297.9394836,0,144.4037628,2.108884096,1.714649916,93561.89062,11.27757645,4.746572867
92.59999847,24.27503348,92.23099693,25.45010379,67.3627197,0.8947534405,140.3609241,6.50144434,297.9641418,0,144.1391602,0.6326652169,20.1516571,93638.82812,11.35999584,4.513654376
92.80000305,10.77108919,97.84543221,25.74564532,70.12965544,0.8818007828,138.7361769,6.498198986,297.9503479,0,144.0701141,6.952182293,2.015165567,93719.72656,11.22236824,4.7097114
93,6.480288521,93.94508562,26.07526992,66.91052169,0.8569795026,131.917985,6.495499134,297.9309082,0,145.3194122,0.6667617559,0.2015165687,93799.25781,10.98335457,4.506990467
93.19999695,0,95.38890533,25.94812281,69.08855603,0.8628670782,132.0347931,6.492947578,297.9502869,0,147.6383057,0.2000285238,16.87786102,93880.95312,11.09969807,4.529018465
93.40000153,43.55922481,85.61171528,26.08490443,66.73338244,0.9046001815,133.2726226,6.507544994,297.9020386,0,150.9790649,4.439543724,1.687785983,93952.04688,13.14717674,2.92274737
93.59999847,9.714014669,93.37776294,25.85442873,67.19981878,0.9115161643,140.7893965,6.550319672,297.9310303,0,148.4249268,1.331863046,43.34060287,94033.10156,13.27911091,-0.6721364242
93.80000305,0,96.94285884,26.08995125,71.40510426,0.892754304,157.1730596,6.490149021,298.0385437,0.5151047707,74.21246338,0.3995589316,9.999999747e-05,94105,11.22417641,3.555831007
94,0,83.63155988,25.58081586,64.21909905,0.870570909,48.28675751,6.482269764,297.9802246,0,79.00706482,34.69720078,9.999999747e-05,94151.6875,12.2853384,2.761919229
94.19999695,0,84.1498408,24.38438214,65.01689805,0.8622380157,107.3334923,6.500861168,297.8979797,0,86.45245361,15.21189117,9.999999747e-05,94211.77344,12.46019173,-0.6831324892
94.40000153,0,80.23095084,24.1017696,66.60128883,0.8514512749,91.42076154,6.470726967,298.0775452,0,86.54177094,4.563567162,45.7009964,94267.19531,10.94647026,1.045105771
94.59999847,10.21636896,84.60757857,25.79156322,67.46188696,0.861284007,131.1672015,6.457877159,297.9999084,0,98.92922211,63.29849243,4.570099831,94332.46094,11.09285164,4.057421679
94.80000305,0,86.86633233,24.60605603,67.70751812,0.8506149355,109.3369606,6.450561523,297.9353027,0,116.244133,38.07242966,0.4570099711,94399.22656,11.03377724,4.006859194
95,0,89.46056642,24.68093997,68.40837635,0.8529279583,114.7822855,6.451911926,298.0161743,0,136.5223541,11.42172909,50.97859955,94472.25,11.05672646,4.238174732
95.19999695,0,95.02188628,25.62423338,68.43419144,0.851681268,134.4996195,6.456282616,297.9690247,0,156.2496796,37.38296509,5.097859859,94555.125,11.02840042,4.476167355
95.40000153,85.00432135,89.86606029,25.72544184,68.50948261,0.8940449315,151.4834889,6.467431068,297.9098511,0,174.2465973,21.11123276,0.5097860098,94626.52344,11.59385395,4.329872613
95.59999847,23.92331237,101.3645178,26.00214109,71.21815194,0.8830342663,141.5481701,6.476653099,297.9820862,0,187.7715607,6.333369732,45.09885788,94714.50781,11.37090397,4.743471565
95.80000305,37.51585608,101.901144,26.40374979,74.30769508,0.882284092,166.7231095,6.487123013,297.9372253,0,197.6358185,28.32217216,4.509885788,94807.34375,11.53287601,4.831936854
96,30.31183723,94.30506136,26.78830684,68.34908026,0.897907237,164.1936433,6.50072813,298.0527344,0,203.3016815,8.496651649,72.40726471,94900.51562,11.61166954,4.612060582
96.19999695,0.7792874677,104.9050718,26.60394032,72.33778465,0.8777831897,172.7008963,6.508655548,298.0005493,0,203.5193787,46.33402252,7.240726948,95004.51562,11.41244411,4.968437593
96.40000153,11.93869003,103.3102042,25.73409452,70.64192088,0.8785382444,139.0171874,6.51627636,297.9498901,0,200.5947266,29.44570351,0.7240726948,95098.22656,11.34924603,4.815653618
96.59999847,15.20303168,100.467225,25.99128046,73.24962521,0.9034463584,158.0038041,6.522545815,298.0005493,0,194.6044922,8.83371067,41.63355255,95193.29688,11.73799038,4.69525586
96.80000305,62.11131642,92.23868471,25.76673836,70.37320468,0.9185801346,169.7926728,6.5309515,297.9407654,0,186.1100311,24.81334114,4.16335535,95277.3125,11.94198418,4.447944923
97,0,104.9741378,26.11908791,74.12286898,0.8933974049,149.0011442,6.529397488,298.0623779,0,174.2418365,7.444002628,67.25376129,95370.83594,11.520051,4.840483707
97.19999695,13.36649146,101.9313505,26.27502982,74.16265556,0.8971076347,154.8421047,6.525483131,298.0037537,0,163.0348969,47.62104797,6.725375652,95459.65625,11.61287689,4.67900833
97.40000153,25.25359446,97.79292179,25.54869281,73.44265454,0.8769362865,151.9981681,6.520037651,297.9395447,0,153.3694611,28.82343674,0.6725375652,95542.14062,11.52811146,4.404160012
97.59999847,0,100.3402082,25.3787642,71.0827118,0.873756069,142.8995851,6.511871338,298.0026855,0,145.8796997,8.64703083,45.5154686,95627.02344,11.34740639,4.460917191
97.80000305,14.99547127,96.07769653,25.83472664,70.76254234,0.8714219489,133.4843509,6.504835129,297.9533691,0,141.6605377,28.64323997,4.55154705,95704.95312,11.32815742,4.355127044
98,0,96.50130763,25.14578376,68.91517135,0.8644843848,136.3482411,6.499381065,297.9135132,0,140.2434082,11.25314236,0.4551546872,95786.29688,11.21844864,4.389687298
98.19999695,18.49861376,93.72371181,25.13308888,66.58990443,0.8695509033,135.3576242,6.515693188,297.9177246,0,141.0063629,3.375942945,28.17680931,95862.9375,12.83560753,1.857908817
98.40000153,69.73633458,88.93547497,25.06808789,70.71462934,0.9360022549,147.2455205,6.512661934,297.9682617,0,135.1780701,1.012782812,8.601545334,95928.67188,10.64855766,-0.1609259118
98.59999847,9.224806382,96.39183564,25.94589274,68.30289777,0.875368716,142.675635,6.501461029,297.9225159,0,130.6954041,15.33587742,0.8601545095,96006.72656,11.28423309,4.306863393
98.80000305,16.42064103,94.80096023,24.67603373,68.368822,0.8728293471,137.8728225,6.493291855,298.0102234,0,130.657959,4.600763321,57.19847488,96081.58594,11.32615852,4.214085266
99,3.543421825,92.14042653,26.05031525,66.47884827,0.8563952549,127.3929398,6.501907349,297.9295044,0,133.8521271,32.30226135,5.719847679,96156.78906,12.61404228,1.820824041
99.19999695,32.91241197,93.38535009,24.23601731,72.16134313,0.9011303305,146.8234702,6.486948967,298.1337891,0,133.5547791,9.690677643,92.55236816,96229.58594,11.8329525,2.180447534
99.40000153,0,98.42023575,25.83314313,69.24486702,0.8766234583,145.6640142,6.47689867,298.0284119,0,139.3718414,78.13511658,9.255236626,96311.58594,11.38828278,4.197043181
99.59999847,0,98.71496139,25.6855295,70.5313981,0.8552936116,120.0756562,6.47010994,297.9453125,0,149.1174164,45.26581192,0.9255236387,96390.39844,11.2098341,4.192670418
99.80000305,15.54560588,97.80004893,25.60175957,70.14601965,0.8911254444,135.5556449,6.466729164,298.0066833,0,161.5834961,13.57974434,54.79673004,96471.47656,11.61420822,4.133057003
100,0,100.6646286,25.27695645,73.18077824,0.887477296,154.5765926,6.466413498,297.9315186,0,175.4011993,33.3261795,5.479672909,96563.25781,11.74513817,4.213425933
100.1999969,23.9939815,98.97671799,25.68660915,70.62436818,0.8815852801,148.6667863,6.470451355,298.0555115,0,189.3459778,9.997854233,84.91479492,96651.47656,11.65265751,4.208288179
100.4000015,20.95063008,102.1847107,26.45317005,72.6962122,0.8965814922,173.834126,6.475054264,297.9609985,0,201.6711578,50.77589417,8.49147892,96749.07031,11.87959766,4.342482328
100.5999985,83.25711169,95.79146721,25.13197974,75.09856935,0.9213226806,172.3445197,6.487019539,297.8746948,0,212.1673126,19.31587601,0.8491479158,96834.0625,12.32385635,4.163602
100.8000031,43.07050869,104.7339489,25.7899764,75.10112322,0.9058743713,147.078816,6.496548176,297.9241333,0,217.855011,5.794762611,46.6379509,96925.95312,11.9505806,4.534175522
101,0,106.2649029,25.81937326,75.90490046,0.8969821014,162.3548708,6.50558567,297.8742065,0,219.7628479,1.738428831,9.999999747e-05,97030.82031,11.91247845,4.63452757
101.1999969,43.69355601,99.63755124,25.96651372,75.73468814,0.913475072,171.7588591,6.516245842,297.9346008,0,218.0493774,0.5215286613,54.23583221,97126.67969,12.17988586,4.435402966
101.4000015,16.12325761,107.0623748,25.77779374,75.25943089,0.8979171013,152.4343521,6.522784233,297.8927612,0,212.0649719,0.1564585865,9.999999747e-05,97225.11719,11.83442497,4.717830929
101.5999985,48.30423724,96.77882983,25.32726258,73.36880339,0.9098033788,159.1837824,6.531328678,297.9435425,0,203.4838562,0.04693757743,49.2530899,97313.80469,12.08445549,4.319641752
101.8000031,46.57702824,98.45152802,26.46698905,74.10747745,0.9012904459,182.586291,6.534828663,297.8869934,0,191.4652405,0.01408127323,9.999999747e-05,97405.86719,12.00324631,4.426770599
102,22.94547138,103.0344903,25.90796163,73.10110751,0.9068028134,151.2492903,6.532997131,297.959198,0,178.0696564,0.004224381875,52.27713013,97494.71875,11.85072041,4.502799821
102.1999969,0,103.625545,26.31676128,72.45286656,0.888865457,172.8926915,6.52619648,297.9026489,0,165.4079437,21.1032238,5.227713108,97590.28906,11.71057606,4.471118361
102.4000015,29.67987333,96.96810455,25.72388599,70.39833271,0.8933319966,160.0760711,6.520584583,298.0105286,0,155.4657135,6.330966949,75.59598541,97673.21875,11.75973988,4.21123168
102.5999985,0,102.3913335,25.46391786,73.13764843,0.8748497994,154.3238721,6.510087967,297.939209,0,147.7485657,40.32490921,7.559598923,97760.75781,11.59718513,4.295840202
102.8000031,0,97.49755022,25.85000755,70.82527006,0.88961937,159.6678642,6.499934673,298.0935059,0,144.2498474,12.09747314,100.8542633,97847.34375,11.73927784,4.101253154
103,0,96.91557046,25.10892151,73.14105161,0.8774539982,146.4088573,6.490458965,297.9894104,0,144.7957001,63.58676529,10.08542633,97930.89844,11.73074055,3.982678746
103.1999969,0,102.7385393,25.12522963,73.09118977,0.8916648938,155.6793807,6.479608059,297.904541,0,149.1307526,30.02345657,1.008542657,98018.6875,11.81924438,4.117536189
103.4000015,9.923288995,98.1093984,25.02594371,70.3086872,0.8812646114,127.9302195,6.472230911,297.9449463,0,157.8127594,9.007037163,48.54811859,98099.17969,11.68697548,3.91536455
103.5999985,0,98.8502006,24.99470197,71.79866505,0.9081237425,141.8972171,6.469642639,297.8842163,0,169.4299316,2.702111006,9.999999747e-05,98187.1875,11.99949646,4.009174688
103.8000031,0,102.1177429,25.02852151,73.13636794,0.9067646699,146.6415445,6.467294693,297.9404602,0,182.0778198,0.8106333017,54.18608856,98279.44531,12.05617809,4.041506654
104,0,102.6002026,26.17260931,72.87014851,0.8971537899,177.0797696,6.467076778,297.8718262,0,195.6793823,0.2431900054,9.999999747e-05,98381,12.05042648,4.123875153
104.1999969,0,104.6238397,25.53027002,75.22951188,0.8936454695,158.3510119,6.468488216,297.9353638,0,209.3618164,0.07295700163,60.53406906,98481.80469,12.08999538,4.103409053
104.4000015,19.22522143,98.75565684,25.48960669,74.50618308,0.9051585005,166.555891,6.473563671,297.8672485,0,222.4812775,0.02188709937,9.999999747e-05,98581.38281,12.33250999,3.894213307
104.5999985,39.60628351,102.0587817,25.52939624,75.89943275,0.9207676293,166.0644797,6.476290703,297.9355774,0,225,0.006566130091,62.8913002,98677.92188,12.47981548,3.945814297
104.8000031,29.36074754,99.93747526,26.05800469,73.70614509,0.9082296227,181.033336,6.47991991,297.867157,0,225,0.001969838981,9.999999747e-05,98779.14844,12.36782074,3.93383439
105,74.07804327,94.2602159,25.54360215,73.47649797,0.9209266114,173.856485,6.485786915,297.9381409,0,225,0.0005909517058,64.17253113,98868.09375,12.55694771,3.740518044
105.1999969,7.525112312,102.2191788,24.9903601,76,0.9267082996,166.0834852,6.485358238,297.8699951,0,225,0.000177285503,9.999999747e-05,98970.85156,12.59991741,3.814048066
105.4000015,7.700679395,104.1015699,25.47280008,76,0.9218140841,168.674255,6.485643387,297.9405212,0,225,9.999999747e-05,64.18586731,99074.70312,12.51183891,3.946004215
105.5999985,0,107.6841393,25.35333635,76,0.9128251219,169.0524526,6.483943939,297.8721619,0,225,9.999999747e-05,9.999999747e-05,99181.0625,12.41064167,4.012553437
105.8000031,11.71981985,105.4157744,25.24275775,76,0.9112318367,166.095708,6.482437134,297.9413757,0,225,9.999999747e-05,63.70375824,99283.75781,12.44023418,3.91245347
106,8.624792989,102.371297,26.30087217,74.83483057,0.9058011449,180.309393,6.479331017,297.8730469,0,225,9.999999747e-05,9.999999747e-05,99389.32812,12.42985249,3.822059325
106.1999969,13.06854736,102.6152817,25.25024782,76,0.925309985,165.186075,6.477364063,297.94104,0,225,9.999999747e-05,63.19698715,99490.75781,12.62364006,3.769598758
106.4000015,0,107.9482033,25.25385747,76,0.9088497288,172.1962185,6.471906185,297.8727417,0,225,9.999999747e-05,9.999999747e-05,99597.60938,12.46378326,3.858153129
106.5999985,50.61267061,99.72031656,25.24237995,76,0.9312251354,175.6822294,6.470049381,297.9398804,0,225,9.999999747e-05,62.94849396,99692.71094,12.77070141,3.649719499
106.8000031,20.59895318,101.8157294,24.79710974,75.27875957,0.9339498293,147.1814591,6.468239784,297.8723145,0,225,9.999999747e-05,9.999999747e-05,99788.60156,12.68589973,3.67452573
107,17.20658649,102.6128938,26.00310948,74.5198823,0.9137352751,174.4100776,6.466412067,297.938385,0,225,9.999999747e-05,62.59460831,99891.25,12.5162859,3.794962159
107.1999969,56.09460813,98.41252106,24.86739827,76,0.9291838581,176.945572,6.46621418,297.8704224,0,225,9.999999747e-05,9.999999747e-05,99985.13281,12.80722618,3.596690164
107.4000015,53.52160911,95.38992034,25.23628353,73.26509685,0.9220506996,164.5673997,6.46480751,297.9372559,0,225,9.999999747e-05,62.83525085,100076.2266,12.68904591,3.471045668
107.5999985,0,106.5438783,25.27240442,76,0.9217349584,170.3990765,6.460842609,297.8691711,0,225,9.999999747e-05,9.999999747e-05,100182.3906,12.62798595,3.796736443
107.8000031,104.5144353,93.06604017,25.75743427,72.07692455,0.9421687388,164.6787059,6.461951733,297.9368896,0,225,9.999999747e-05,63.30452347,100262.6328,13.02561855,3.895758526
108,10.29168499,102.7840944,25.70068164,75.42039666,0.9170314638,184.994712,6.459001541,297.8693848,0,225,9.999999747e-05,9.999999747e-05,100368.8203,12.66073418,3.803809917
108.1999969,24.49684559,104.3924151,24.98437928,76,0.9149612083,164.3476208,6.455646992,297.9364624,0,225,9.999999747e-05,63.29681396,100468.1016,12.6255455,3.692470413
108.4000015,14.74398974,106.7469087,25.20284031,76,0.9186646304,148.3628599,6.454217911,297.8688965,0,225,9.999999747e-05,9.999999747e-05,100566.8672,12.5528841,3.843274185
108.5999985,24.25573859,99.73808899,25.8443922,74.05311061,0.925486645,175.7348107,6.454380989,297.9356384,0,225,9.999999747e-05,63.27326202,100667.6172,12.71238804,3.673654461
108.8000031,38.87479577,98.54356857,25.77453028,74.11412174,0.9238226168,185.4858333,6.454716682,297.8676453,0,225,9.999999747e-05,9.999999747e-05,100767.0234,12.75868797,3.625362266
109,71.92159896,93.60559469,24.98463656,69.60750821,0.9253937088,135.6411146,6.452663422,297.9357605,0,225,9.999999747e-05,63.55039978,100847.9688,12.77215576,5.443643365
109.1999969,34.48878523,103.6001803,24.91439618,76,0.9299066508,177.8190878,6.453558445,297.8779602,0,225,9.999999747e-05,9.999999747e-05,100947.9844,12.80751991,3.853935936
109.4000015,59.08868002,100.2819306,24.75722871,76,0.9351972865,175.505882,6.457932472,297.9346619,0,225,9.999999747e-05,58.77587509,101041.6875,12.88451767,3.71897339
109.5999985,7.720907959,102.6368389,24.59600395,76,0.9277761067,165.6229196,6.459541321,297.8670044,0,225,9.999999747e-05,9.999999747e-05,101144.3906,12.79371643,3.702866239
109.8000031,8.688633082,101.4842133,24.64792928,76,0.9234642013,169.613676,6.461148262,297.9285278,0,225,9.999999747e-05,61.07639313,101247.3984,12.792799,3.659734973
110,50.72280049,92.7052398,25.87015266,71.17520257,0.9183903204,184.270809,6.46417141,297.8609009,0,225,9.999999747e-05,9.999999747e-05,101342.7656,12.90065098,4.410267298
110.1999969,28.06365379,105.4964072,25.40737364,76,0.9223829488,148.1432982,6.464189529,297.9313354,0,225,9.999999747e-05,63.48282623,101438.6016,12.64606857,4.240905567
110.4000015,6.393523879,105.0208924,24.71019238,76,0.9228093736,168.262705,6.464705944,297.8636475,0,225,9.999999747e-05,9.999999747e-05,101542.7266,12.75842094,3.760806959
110.5999985,2.888541144,105.5644634,25.0643603,76,0.925813455,174.114013,6.467143536,297.9331665,0,225,9.999999747e-05,65.18882751,101649.0625,12.76402378,3.869743624
110.8000031,34.9171023,95.1729608,24.60576378,73.68143915,0.9241732361,167.5125421,6.474798203,297.8658142,0,225,9.999999747e-05,9.999999747e-05,101744.7422,12.82297421,3.576920207
111,119.2811521,87.1347071,25.32387415,70.09193288,0.9335045208,145.294543,6.478172779,297.9346619,0,225,9.999999747e-05,64.4125824,101816.4766,12.97770309,5.311554313
111.1999969,13.11246495,96.56972298,25.18662795,73.46182358,0.9337383684,186.9011664,6.477344513,297.8673401,0,225,9.999999747e-05,9.999999747e-05,101921.0391,12.92464733,6.314952339
111.4000015,0,107.4272826,24.86506577,76,0.9221630433,168.553945,6.48093605,297.9337769,0,225,9.999999747e-05,63.93616486,102027.4766,12.7178154,3.969861067
111.5999985,20.2468871,96.51663474,25.23939054,72.55835511,0.9305472812,179.3613754,6.488623142,297.8662415,0,225,9.999999747e-05,9.999999747e-05,102129.2578,13.05388641,3.775778176
111.8000031,0,106.9658047,24.91277421,76,0.9272948855,176.9253217,6.491501331,297.9324341,0,225,9.999999747e-05,63.62464142,102237.2891,12.80407047,4.083645645
112,44.71185484,101.950338,26.19328057,73.18639182,0.9189872121,162.2119002,6.4980793,297.8650513,0,225,9.999999747e-05,9.999999747e-05,102332.1719,12.61949348,3.970905307
112.1999969,26.79542691,99.01672743,25.45198871,73.34296347,0.9178442255,164.0568311,6.505954266,297.9310303,0,225,9.999999747e-05,63.74113464,102430.1875,12.69541645,3.828068377
112.4000015,0,106.8895388,24.7663077,76,0.9183605231,173.1211228,6.510002136,297.8633423,0,223.1335449,9.999999747e-05,9.999999747e-05,102537.0391,12.72382545,4.007514036
112.5999985,0,107.7914802,25.09825276,76,0.921485796,173.4490993,6.512385845,297.9294128,0,219.6645966,9.999999747e-05,64.13121796,102643.5,12.72613811,4.046061608
112.8000031,3.595921383,103.7177685,25.70225095,75.68088941,0.9181279567,184.5867045,6.512561798,297.8616638,0,215.2353821,9.999999747e-05,9.999999747e-05,102749.5,12.77223015,3.863518204
113,40.11999532,94.55149699,24.99400778,70.99230898,0.9232621834,161.7252521,6.511642933,297.9290161,0,210.7376556,9.999999747e-05,64.50357819,102839.8125,12.9246254,5.077301631
113.1999969,0,110.0290808,24.57526052,76,0.9224384888,172.67085,6.505194664,297.8690491,0,206.6040344,9.999999747e-05,9.999999747e-05,102943.5625,12.77415752,4.020247491
113.4000015,0,104.081498,24.60938365,76,0.9237793485,166.6605666,6.499824524,297.9284668,0,205.0643768,9.999999747e-05,61.00865173,103044.1484,12.86050606,3.612061695
113.5999985,17.57877211,100.4095164,24.8353262,75.50935043,0.9165912759,174.897431,6.499130726,297.861145,0,205.651535,9.999999747e-05,9.999999747e-05,103142.1406,12.82972717,3.617159438
113.8000031,17.72094194,95.73767264,25.77953665,69.60463259,0.9100437628,174.6864532,6.494873524,297.9243164,0,206.5042725,9.999999747e-05,62.82977295,103239.1172,12.80457306,5.328224453
114,2.917412966,97.98386966,24.42548879,73.36067368,0.9147593537,165.5801142,6.488512039,297.8574219,0,209.0865936,9.999999747e-05,9.999999747e-05,103338.1172,12.81725311,5.882802374
114.1999969,0,102.4082993,25.51373535,74.56914363,0.9167948287,176.2227292,6.485842228,297.9233398,0,214.2090302,9.999999747e-05,64.36523438,103442.3203,12.84285259,3.588107754
114.4000015,0,109.4020702,24.8247366,76,0.9109486443,171.8825242,6.480769634,297.855896,0,220.3805389,9.999999747e-05,9.999999747e-05,103548.4453,12.80420685,3.687466638
114.5999985,25.58261367,100.170428,25.61479909,73.99271949,0.921260585,168.4001742,6.476280689,297.9242249,0,225,9.999999747e-05,65.53045654,103647.1875,12.95530128,3.374975302
114.8000031,0,102.2242925,25.72429496,75.91408871,0.9242258182,186.3282324,6.474151134,297.856781,0,225,9.999999747e-05,9.999999747e-05,103755.4766,13.03434372,3.513308528
115,43.43095345,97.82133265,25.32956434,73.40428615,0.9173249713,158.5393351,6.475716591,297.9260254,0,225,9.999999747e-05,65.95837402,103847.9609,12.8994112,3.413600903
115.1999969,0,107.9936101,24.72314292,76,0.9206842165,175.4810224,6.474801064,297.8586121,0,225,9.999999747e-05,9.999999747e-05,103955.3047,12.94240475,3.683954082
115.4000015,4.486488357,102.3038793,24.49587792,76,0.926610296,170.0655789,6.479429722,297.9268799,0,225,9.999999747e-05,65.80857086,104059.2188,13.03238678,3.608336033
115.5999985,55.75045783,95.16287679,24.63471038,71.50554716,0.9316826751,142.7232016,6.48206377,297.8605347,0,225,9.999999747e-05,9.999999747e-05,104145.0781,13.10492134,4.8330824
115.8000031,31.5405216,102.2646065,24.59246703,76,0.9385891469,178.8575841,6.482007027,297.9269104,0,225,9.999999747e-05,64.86854553,104245.1406,13.1891222,4.61652222
116,0,108.7373408,24.42390339,76,0.9252659448,181.8382574,6.482439518,297.859436,0,225,9.999999747e-05,9.999999747e-05,104353.9453,13.02284241,3.719445555
116.1999969,0,106.1010254,24.73436831,76,0.9289243346,170.9227754,6.482281208,297.9253845,0,225,9.999999747e-05,64.95900726,104459.8047,13.06417274,3.606198821
116.4000015,0,102.8364674,24.26724893,76,0.9315390037,174.2863944,6.484578133,297.8582764,0,225,9.999999747e-05,9.999999747e-05,104565.4531,13.15259838,3.503610086
116.5999985,0,103.5565335,24.42291124,76,0.9321896374,171.705002,6.487169266,297.9241028,0,225,9.999999747e-05,64.96607971,104670.7812,13.13928223,3.550062258
116.8000031,0,103.8068277,24.16400339,76,0.9359038155,173.0604022,6.490730762,297.8570251,0,225,9.999999747e-05,9.999999747e-05,104776.4297,13.18116283,3.568604409
117,78.25925377,92.12405953,24.74336267,74.65165085,0.9355011054,173.7722102,6.499203205,297.9234009,0,225,9.999999747e-05,65.17194366,104863.2812,13.2710638,3.291900826
117.1999969,0,109.4858409,24.68315807,76,0.9275662786,171.1763372,6.50340271,297.8562012,0,225,9.999999747e-05,9.999999747e-05,104970.2188,13.00064278,3.898780789
117.4000015,65.48895109,92.67966032,25.03407339,69.26469948,0.9287339054,144.0726457,6.509672642,297.923584,0,224.1722412,9.999999747e-05,65.51680756,105053.7109,13.07539177,5.281286041
117.5999985,41.0719198,94.35012401,25.77616206,70.95706594,0.9151852054,181.6858278,6.511770725,297.85672,0,220.81604,9.999999747e-05,9.999999747e-05,105149.8984,13.07246685,6.319395801
117.8000031,125.5894458,91.68607491,25.3702687,71.95489908,0.9322809739,150.1331943,6.51632452,297.9238892,0,216.6408539,9.999999747e-05,65.56630707,105220.8516,13.18368435,6.066163345
118,18.27096707,100.9933825,25.14079507,75.61698432,0.9107728842,167.0940341,6.518209934,297.857666,0,210.6228485,9.999999747e-05,9.999999747e-05,105318.5078,12.93125057,4.439214544
118.1999969,13.75882793,106.0095157,24.91875833,75.8742237,0.9196802477,144.7791021,6.518597126,297.9234314,0,203.8673553,9.999999747e-05,65.13132477,105412.4297,12.89056873,3.772876231
118.4000015,21.7881213,107.3357777,25.16141098,76,0.9176469054,145.9432615,6.513481617,297.8568726,0,196.9533081,9.999999747e-05,9.999999747e-05,105503.75,12.88028526,3.683210443
118.5999985,0,107.6675955,24.59639185,76,0.9164607114,167.2738968,6.506745338,297.9217834,0,192.0986938,9.999999747e-05,65.02397156,105602.8359,12.95307064,3.598255965
118.8000031,0,109.3258382,24.24194373,76,0.9143687337,172.0131587,6.498159409,297.8547363,0,189.9261932,9.999999747e-05,9.999999747e-05,105702.7031,12.96221828,3.553881135
119,0,108.047004,24.87368951,76,0.9165557582,166.5090868,6.489607811,297.9201965,0,191.1891022,9.999999747e-05,65.38247681,105801.3984,12.97657108,3.512378074
119.1999969,15.29662311,103.7973216,24.55251513,74.72012721,0.9275163573,143.73026,6.485193729,297.8539124,0,195.8664856,9.999999747e-05,9.999999747e-05,105892.1016,13.04415321,3.394183391
119.4000015,0,101.609902,25.09409466,74.08716282,0.9219520228,175.7634392,6.481299877,297.9193726,0,202.296051,9.999999747e-05,65.46398163,105993.25,13.11074638,3.311356617
119.5999985,0,96.73538006,24.83817418,72.8945288,0.9364171878,180.086491,6.478059292,297.8526917,0,210.2947083,9.999999747e-05,9.999999747e-05,106095.5938,13.38862801,5.057243708
119.8000031,100.3706856,91.58828341,24.73833241,73.24724451,0.9378219006,151.4290498,6.481042862,297.9194336,0,219.5892181,9.999999747e-05,65.83024597,106172.125,13.40317535,4.998813789
120,13.16840487,94.98768453,24.09611635,74.68603737,0.9320054765,176.567014,6.488171101,297.8529053,0,225,9.999999747e-05,9.999999747e-05,106273.6797,13.37440395,4.138837868
120.1999969,48.12801274,101.8718811,24.80082545,76,0.9434602179,173.5700667,6.496610165,297.9191589,0,225,9.999999747e-05,66.07517242,106369.4297,13.37554359,3.55922229
120.4000015,33.63247396,98.13745701,24.07848466,76,0.9534776879,176.3594074,6.508686066,297.8525391,0,225,9.999999747e-05,9.999999747e-05,106467.6641,13.52862263,3.46560908
120.5999985,0,107.8365989,24.48626596,76,0.9308046509,174.310624,6.513521671,297.918335,0,222.0330048,9.999999747e-05,66.05605316,106574.1875,13.22079086,3.713119816
120.8000031,55.41407793,96.25031602,24.10797151,76,0.9505634298,177.9848814,6.520651817,297.8518066,0,217.1670685,9.999999747e-05,9.999999747e-05,106665.8984,13.55831623,3.267958793
121,6.755524757,99.9731444,25.12233094,73.86361125,0.9363484629,172.6980572,6.521646023,297.9177246,0,209.4184418,9.999999747e-05,66.05945587,106765.9375,13.38873768,3.910389931
121.1999969,0,105.4670306,23.77204529,76,0.9347399212,171.0710373,6.520729542,297.8512268,0,201.2996216,9.999999747e-05,9.999999747e-05,106866.5312,13.28950024,3.746548646
121.4000015,0,107.7101501,24.6331677,76,0.9250599052,150.4585308,6.518384457,297.9173584,0,193.5340118,9.999999747e-05,66.18655396,106962.0469,13.07670307,3.635638958
121.5999985,56.21900664,89.75945848,25.23663808,64.93589249,0.9270924992,146.0550859,6.519651413,297.8516541,0,186.7050018,9.999999747e-05,9.999999747e-05,107039.2578,13.0262022,4.721637543
121.8000031,17.84703152,96.99104972,25.65375854,68.82487022,0.9040778853,167.8059627,6.513308048,297.9170532,0,179.3528442,9.999999747e-05,65.90567017,107129.2656,12.91413784,5.827270699
122,0,108.6506581,24.22598545,76,0.911565723,165.3455856,6.50359869,297.8509827,0,174.5744324,9.999999747e-05,9.999999747e-05,107224.2578,12.98802185,5.349161736
122.1999969,0,103.3711378,24.14935609,74.75783336,0.9173961966,153.885983,6.500404358,297.9163818,0,173.6664429,9.999999747e-05,65.98321533,107315.4531,13.04689789,3.433720956
122.4000015,2.034287657,101.9434433,24.21205184,73.89350334,0.9254653157,144.6442503,6.4973526,297.8504028,0,174.0040131,9.999999747e-05,9.999999747e-05,107404.0781,13.18507767,3.857797465
122.5999985,0,106.1361612,24.85563019,76,0.912212422,163.6035815,6.493400574,297.9158325,0,175.58284,9.999999747e-05,66.06866455,107498.5703,13.02422237,3.638309315
122.8000031,0,107.1646025,24.29377782,75.35244606,0.9167088755,133.2488256,6.489925861,297.8499146,0,178.7458038,9.999999747e-05,9.999999747e-05,107587.6016,12.99934292,3.501028116
123,39.6807513,94.20277499,24.01058779,76,0.9423101326,170.9075312,6.49352932,297.9152832,0,183.2942352,9.999999747e-05,66.14174652,107673.8047,13.50298786,3.110713504
123.1999969,78.09739955,99.61130696,24.37428015,76,0.9415089216,142.693789,6.495036602,297.8494568,0,186.3795776,9.999999747e-05,9.999999747e-05,107748.3516,13.36784935,3.273668591
123.4000015,5.858617514,106.2193526,24.54275072,76,0.9276293962,149.1243607,6.493400097,297.9147644,0,188.891571,9.999999747e-05,66.18669128,107841.1953,13.2090683,3.436830127
123.5999985,30.67228223,100.6680648,24.07365972,76,0.938635588,187.8152913,6.494220257,297.8481445,0,192.0616608,9.999999747e-05,9.999999747e-05,107935.9531,13.50829124,3.206175352
123.8000031,0,103.2990645,24.75487736,74.73885986,0.9287617603,175.9964776,6.493551254,297.9138489,0,194.8855591,9.999999747e-05,66.67639923,108035.8516,13.33258057,3.286208816
124,20.26140744,103.1651722,23.98082743,75.38284294,0.9326516881,145.6920254,6.494410038,297.8479614,0,197.9898987,9.999999747e-05,9.999999747e-05,108125.7812,13.34579182,3.226630507
124.1999969,0,101.7756992,24.90585273,74.43495296,0.925415922,178.0838308,6.494172096,297.9133301,0,200.7409668,9.999999747e-05,66.59864807,108226.7578,13.35979939,3.176962033
124.4000015,0,97.13346792,23.99489094,74.09307444,0.9269344203,171.7734851,6.493882179,297.847229,0,203.5957184,9.999999747e-05,9.999999747e-05,108325.5234,13.50868893,3.603981575
124.5999985,27.56690647,95.73451762,24.59356957,71.80774084,0.9240699391,152.069577,6.492248535,297.9133301,0,206.5631256,9.999999747e-05,66.73246765,108414.875,13.39021301,4.241627091
124.8000031,92.32449334,100.1416968,24.83282767,76,0.9382392707,149.5199982,6.491324902,297.8475647,0,210.1882019,9.999999747e-05,9.999999747e-05,108492.3516,13.51978302,3.979056847
125,2.911044731,99.15276973,24.49382451,74.43396442,0.9242500832,169.2505571,6.492664337,297.9131165,0,214.1760406,9.999999747e-05,66.74957275,108592.6875,13.46719837,2.931051021
125.1999969,0,107.6828501,24.63783898,76,0.9289722858,169.6285221,6.490954876,297.8467712,0,217.6229095,9.999999747e-05,9.999999747e-05,108696.5234,13.47340107,3.170005607
125.4000015,0,106.4597719,24.23960193,76,0.9332146266,172.3387769,6.492358208,297.9121704,0,221.7708282,9.999999747e-05,66.93292999,108801.4297,13.55204582,3.153477697
125.5999985,115.8173486,91.91625435,24.54004987,73.48610279,0.9408049742,150.4250758,6.498101711,297.8467102,0,225,9.999999747e-05,9.999999747e-05,108875.0156,13.6956234,3.269938771
125.8000031,13.56309756,100.4555869,24.98926095,75.29746274,0.9356205443,187.9695222,6.494498253,297.9113464,0,225,9.999999747e-05,66.64682007,108979.2891,13.70546913,3.363405239
126,16.74357829,106.461347,24.29837925,76,0.9420203626,149.8118496,6.491945744,297.8454895,0,225,9.999999747e-05,9.999999747e-05,109076.5078,13.64149857,2.953577747
126.1999969,58.57990307,95.10728465,24.91461798,76,0.9462548692,188.3667611,6.489312649,297.9104004,0,225,9.999999747e-05,66.81052399,109170.1016,13.90633869,2.550729588
126.4000015,0,107.247695,23.88412244,76,0.9394937772,182.1034789,6.48377037,297.8440247,0,225,9.999999747e-05,9.999999747e-05,109277.2734,13.75959206,2.80793084
126.5999985,21.45886582,101.3081322,25.40492943,75.36080835,0.9344509964,173.8390697,6.482030869,297.9098511,0,225,9.999999747e-05,67.34524536,109377.1797,13.68231487,2.803924591
126.8000031,74.05350324,88.55028066,23.83971553,75.01238165,0.9462006446,170.9068592,6.483307362,297.8442688,0,225,9.999999747e-05,9.999999747e-05,109462.0469,13.97263718,2.263746172
127,17.33212246,105.0109973,24.31298069,76,0.9442052822,148.8538034,6.475307465,297.9101562,0,225,9.999999747e-05,67.2786026,109558.0703,13.77499962,2.652704855
127.1999969,39.83439481,100.9695146,24.07974288,76,0.9498398867,183.980749,6.474170208,297.8439636,0,225,9.999999747e-05,9.999999747e-05,109655.7891,13.94030857,2.637182423
127.4000015,23.98588832,96.31296287,24.33062911,74.52963072,0.9339583673,167.1217336,6.472117424,297.9100647,0,225,9.999999747e-05,67.53131866,109752.0469,13.79443169,2.42382574
127.5999985,65.36599167,91.17985176,25.70555646,70.24910193,0.9212628719,183.3515795,6.469371319,297.8442688,0,225,9.999999747e-05,9.999999747e-05,109842.0078,13.65993214,2.483227978
127.8000031,48.781988,100.9356094,24.67859516,74.77116374,0.9394124143,135.3331358,6.464102268,297.9103699,0,225,9.999999747e-05,67.41410065,109927.7734,13.75122356,3.172397731
128,48.87678633,97.31247448,23.98473388,76,0.9523408684,173.916294,6.462054729,297.844574,0,225,9.999999747e-05,9.999999747e-05,110020.4453,14.03598881,2.520346942
128.1999969,16.83697286,95.83583049,24.40322532,73.58668784,0.9486538867,180.4805664,6.458612442,297.909729,0,225,9.999999747e-05,67.35881805,110120.6562,13.9949131,2.404781646
128.3999939,50.26361177,97.63860376,24.4044428,76,0.9290404029,168.1255679,6.453911304,297.8440552,0,225,9.999999747e-05,9.999999747e-05,110211.8672,13.85341072,2.331623579
128.6000061,0,101.0090719,23.59829084,76,0.9480023234,175.6908086,6.450666904,297.9086304,0,225,9.999999747e-05,67.18275452,110315.6953,14.02678394,2.36005672
128.8000031,0,105.3121175,23.68194166,76,0.9426737639,181.0673038,6.447484016,297.8425293,0,225,9.999999747e-05,9.999999747e-05,110421.7734,13.9589777,2.512296945
129,28.70760974,99.09692984,25.31458412,74.99967945,0.9365679408,177.7625189,6.444749832,297.9075012,0,225,9.999999747e-05,67.47164917,110519.9766,13.89916229,2.405980775
129.1999969,66.9454846,93.50071717,25.29365046,76,0.9466802398,192.3438031,6.441431999,297.8415833,0,225,9.999999747e-05,9.999999747e-05,110611.8047,14.1237278,2.164154036
129.3999939,116.3903147,88.95087242,24.20532059,72.78960138,0.9523320414,156.7175969,6.442284107,297.9075317,0,225,9.999999747e-05,67.69078064,110684.875,14.0770607,1.576703209
129.6000061,0,104.9439079,23.46135273,76,0.9482223681,179.8626744,6.436840057,297.8415222,0,225,9.999999747e-05,9.999999747e-05,110790.375,14.08153915,2.589480125
129.8000031,31.61201786,95.09815635,24.00074695,74.67359479,0.9399366932,168.7164479,6.430878639,297.9074097,0,225,9.999999747e-05,67.97886658,110884.5703,14.06343746,1.9543234
130,27.84937688,103.8349852,23.89648986,76,0.9510675619,148.7112948,6.423555851,297.842041,0,225,9.999999747e-05,9.999999747e-05,110977.6016,14.06745625,2.219375702
130.1999969,53.05606994,85.56032755,24.42083313,68.30154006,0.9438895105,180.9180458,6.42061758,297.9072571,0,225,9.999999747e-05,67.67077637,111067.5,14.05669689,0.6545292556
130.3999939,16.03909283,97.36718206,23.69578593,76,0.9417975037,176.071166,6.413272858,297.8416443,0,225,9.999999747e-05,9.999999747e-05,111166.6797,14.17192173,1.402040732
130.6000061,47.5808133,95.19049691,23.49043337,76,0.9621044903,182.864745,6.405495644,297.906311,0,225,9.999999747e-05,67.6566391,111260.1094,14.39437771,1.792728707
130.8000031,57.50157251,99.00236712,23.4729444,76,0.9667475572,146.5137038,6.399066448,297.841217,0,225,9.999999747e-05,9.999999747e-05,111345.0312,14.31010818,1.923535392
131,0,102.0559439,23.45518545,76,0.954578992,177.026824,6.391588688,297.9052429,0,225,9.999999747e-05,67.45815277,111448.7188,14.27738953,1.952494798
131.1999969,59.39284142,101.8920942,24.37217878,76,0.9463260658,141.5681098,6.385854721,297.8401489,0,225,9.999999747e-05,9.999999747e-05,111533.1328,14.09305382,2.053076236
131.3999939,42.17181623,93.35372422,23.91460686,74.73605702,0.9372583981,176.6027231,6.383411407,297.9043274,0,225,9.999999747e-05,67.4968338,111626.0859,14.17540264,1.797472848
131.6000061,0,100.2055491,23.10477945,76,0.9585491943,175.1139746,6.382008076,297.8387146,0,225,9.999999747e-05,9.999999747e-05,111729.0391,14.3413372,1.971310326
131.8000031,34.55001615,90.70321472,23.43230138,74.18786145,0.9508388255,174.4242915,6.382176399,297.9037781,0,225,9.999999747e-05,67.98387146,111822.3594,14.31139183,0.9852181104
132,55.16311126,93.78398362,24.63291363,71.8363635,0.9568097779,157.4731966,6.382016659,297.8386841,0,225,9.999999747e-05,9.999999747e-05,111908.9453,14.21678162,0.9993289015
132.1999969,35.81195211,99.8839468,23.87057949,76,0.9536928998,153.8172826,6.38397789,297.9037476,0,225,9.999999747e-05,68.04555511,112000.2891,14.24747849,1.847363509
132.3999939,75.90445326,85.12586576,25.0380044,69.46005816,0.9420625834,182.2122422,6.390018463,297.838501,0,225,9.999999747e-05,9.999999747e-05,112085.6953,14.17057991,0.5696551401
132.6000061,72.29266038,94.4368732,24.17127256,76,0.9546827859,164.392323,6.39311552,297.9035339,0,225,9.999999747e-05,68.12934875,112170.2969,14.36435413,1.141700223
132.8000031,75.0860798,96.93207192,23.67090421,76,0.9575643625,160.0237281,6.393967152,297.8383789,0,225,9.999999747e-05,9.999999747e-05,112253.8906,14.38013649,1.823961639
133,14.67112629,100.4624455,23.65217794,76,0.9508139372,181.1969923,6.3923769,297.9028015,0,225,9.999999747e-05,68.13576508,112355.0391,14.37138748,1.828960651
133.1999969,81.86182179,96.86275898,23.5060642,76,0.9567129199,158.5649962,6.391370296,297.837677,0,225,9.999999747e-05,9.999999747e-05,112436.8125,14.41847897,1.682926565
133.3999939,61.82008668,96.91217973,24.4818849,76,0.9392270667,167.0582283,6.390675068,297.9022217,0,225,9.999999747e-05,68.09842682,112524.6641,14.27401829,1.737352732
133.6000061,27.38081656,97.84923498,23.30464032,76,0.9610713993,187.9483774,6.389500618,297.8366089,0,225,9.999999747e-05,9.999999747e-05,112623.8672,14.55714703,1.620545087
133.8000031,48.40895627,99.60729082,24.36161254,76,0.9450334888,164.1230443,6.388608932,297.9017029,0,225,9.999999747e-05,68.49661255,112714.5547,14.32774353,1.743526791
134,0.9771806409,101.9371188,23.33014435,76,0.9480753067,184.7201451,6.386379242,297.8360596,0,225,9.999999747e-05,9.999999747e-05,112819.5547,14.44142818,1.651958368
134.1999969,4.944434503,99.34685403,23.53260157,76,0.9545219241,176.8413841,6.381807327,297.9012756,0,225,9.999999747e-05,68.7558136,112921.3828,14.52530098,1.454405778
134.3999939,18.78960179,94.58149116,23.17818271,76,0.9519553038,180.3936838,6.380199432,297.835968,0,225,9.999999747e-05,9.999999747e-05,113019.9141,14.5474577,1.350065221
134.6000061,49.22408369,95.23116066,23.58607872,76,0.9587788711,179.3399354,6.380079746,297.9009399,0,225,9.999999747e-05,68.70574951,113112.3047,14.5570488,1.517280487
134.8000031,27.08838334,101.0427526,24.13441034,76,0.9488238915,162.8648732,6.377266407,297.8357544,0,225,9.999999747e-05,9.999999747e-05,113207.375,14.35984802,1.736019057
135,23.58456116,98.47697097,23.70220911,76,0.946652501,182.4669937,6.374037266,297.9003296,0,225,9.999999747e-05,68.64963531,113306.4375,14.41500282,1.65231648
135.1999969,25.02843303,100.7008712,24.01524763,76,0.9472847841,157.6292103,6.36934042,297.8352966,0,225,9.999999747e-05,9.999999747e-05,113400.6875,14.32249165,1.761605614
135.3999939,45.19417417,93.09622684,23.26502351,76,0.9659006498,180.9594334,6.367827415,297.8997498,0,225,9.999999747e-05,68.59661102,113493.625,14.59439373,1.598244812
135.6000061,34.72778277,99.96633732,23.9632403,76,0.9478090087,163.350881,6.363262653,297.8346863,0,225,9.999999747e-05,9.999999747e-05,113586.8906,14.32023811,1.857218992
135.8000031,64.04861926,84.14327449,24.38224085,68.91031203,0.9491606437,190.2045531,6.364385128,297.899292,0,225,9.999999747e-05,68.71128845,113675.8281,14.3352108,0.3557183686
136,58.28132967,98.16330014,23.72517497,76,0.9510642567,157.1278281,6.360498905,297.8344116,0,225,9.999999747e-05,9.999999747e-05,113762.4375,14.33144665,1.472400178
136.1999969,120.8701357,90.51218438,24.79119929,70.61030978,0.938142356,141.8634157,6.359203815,297.8995972,0,225,9.999999747e-05,68.74897003,113831.3984,14.07414341,1.211131619
136.3999939,5.251185507,99.70265883,23.43487625,76,0.9522911116,177.297611,6.353847504,297.8343201,0,225,9.999999747e-05,9.999999747e-05,113933.2969,14.36482334,1.7895111
136.6000061,35.01131458,91.87981808,24.16756694,73.46479251,0.9530194501,191.287025,6.348562717,297.8989563,0,225,9.999999747e-05,69.014328,114030.0625,14.38604832,1.303457204
136.8000031,53.48839457,95.96758592,23.34078444,75.77688458,0.9623904406,149.7432564,6.340377331,297.8343201,0,225,9.999999747e-05,9.999999747e-05,114115.25,14.4050703,1.587857496
137,95.86004756,92.10104237,23.93944629,75.20175846,0.957056463,165.1551367,6.334053993,297.8986206,0,225,9.999999747e-05,68.68817139,114194.1328,14.37670422,1.870299948
137.1999969,134.1348818,89.63356265,24.38921113,73.25560804,0.9532173337,137.1886349,6.327044964,297.8344116,0,225,9.999999747e-05,9.999999747e-05,114258.8281,14.237463,1.319265073
137.3999939,63.00091148,90.80696326,23.52662093,76,0.961760276,179.4455144,6.31768465,297.8979797,0,225,9.999999747e-05,68.45898438,114346.8125,14.48297882,1.498717859
137.6000061,104.3720299,83.65476264,24.59137707,67.03816975,0.9551983181,161.66908,6.311155319,297.8335571,0,225,9.999999747e-05,9.999999747e-05,114421.1328,14.19007969,0.9496344581
137.8000031,39.4970483,94.58031163,23.77152569,76,0.9455688855,178.4357613,6.304152489,297.8969421,0,225,9.999999747e-05,68.50842285,114514.8438,14.28025436,2.043417502
138,100.1054009,88.87900241,23.82278877,71.85397259,0.9509811813,143.3718119,6.298700809,297.8326721,0,225,9.999999747e-05,9.999999747e-05,114587.5391,14.17901421,1.670660875
138.1999969,53.95246888,90.3578898,23.75191111,73.99334899,0.9493156198,174.7355813,6.295355797,297.8962402,0,225,9.999999747e-05,68.58815765,114676.6484,14.25723743,2.210502251
138.3999939,50.15786061,91.64853351,23.57517902,76,0.9445130324,182.0066928,6.291357994,297.8312683,0,225,9.999999747e-05,9.999999747e-05,114768.3438,14.26877022,2.316747124
138.6000061,35.8824952,94.39768139,23.54131899,76,0.9530037939,177.4507576,6.285831928,297.8955078,0,225,9.999999747e-05,69.13218689,114862.6875,14.31079006,2.271258416
138.8000031,31.57385032,93.97550953,23.32369801,76,0.9543931415,179.4853837,6.282474041,297.8305359,0,225,9.999999747e-05,9.999999747e-05,114958.3438,14.32056618,2.381327989
139,71.52033127,89.48637724,23.64965377,75.47657313,0.9585330977,174.9198722,6.279898167,297.8953857,0,225,9.999999747e-05,69.45059967,115043.8594,14.3487587,2.312180535
139.1999969,87.62672783,88.05118769,25.16249658,71.53264117,0.9426143713,183.2114411,6.277617455,297.8305359,0,225,9.999999747e-05,9.999999747e-05,115127.7891,14.10133648,2.825735566
139.3999939,65.2107634,88.11970738,23.71140406,73.00460893,0.9504714874,174.3325825,6.273714066,297.8955078,0,225,9.999999747e-05,69.5587616,115214.2109,14.2252264,2.583793403
139.6000061,60.10024867,86.51789431,24.25325042,71.53820552,0.9544514235,191.2114854,6.268692493,297.8305969,0,225,9.999999747e-05,9.999999747e-05,115304.8359,14.26166916,2.536614892
139.8000031,149.7863736,84.68915495,25.6561845,66.72014126,0.9388105696,154.8163625,6.262626171,297.895874,0,225,9.999999747e-05,69.58589935,115369.3984,13.89672565,2.688694267
140,143.8615526,85.86348234,25.61904883,67.38078163,0.9400857315,150.1198321,6.255273342,297.8317261,0,225,9.999999747e-05,9.999999747e-05,115434.5,13.90238667,2.789289444
140.1999969,91.11389034,88.57777899,23.970607,74.69664395,0.9478544521,181.1231351,6.246726513,297.8956604,0,225,9.999999747e-05,69.22000122,115517.1328,14.24368191,2.642829397
140.3999939,83.76029855,92.47269712,23.72809822,74.34658246,0.9575712307,151.533339,6.2388134,297.8312988,0,225,9.999999747e-05,9.999999747e-05,115596.2266,14.21182442,3.180370655
140.6000061,118.7079485,88.09198707,23.99027684,72.41237886,0.9546927737,159.2399357,6.232092857,297.8950806,0,225,9.999999747e-05,69.02333069,115668.7734,14.17747402,3.040146464
140.8000031,49.34685976,92.52402773,23.52102777,76,0.9517622102,177.7581519,6.224873066,297.8303223,0,225,9.999999747e-05,9.999999747e-05,115760.3906,14.26773453,2.880850724
141,131.2637682,83.27526049,25.31911142,70.00635688,0.9463100344,175.6458989,6.21922636,297.8943481,0,225,9.999999747e-05,69.31138611,115832.8516,14.07387638,3.00065015
141.1999969,107.4919357,90.24546244,24.24854498,72.83727944,0.9499841909,147.7032962,6.211015701,297.8301697,0,225,9.999999747e-05,9.999999747e-05,115905.9375,14.08725452,3.456950624
141.3999939,78.2149729,89.130763,24.11532855,73.73498698,0.9478458191,173.3166145,6.202924728,297.8937683,0,225,9.999999747e-05,69.21947479,115990,14.15806293,3.438661683
141.6000061,64.23199323,90.40696306,23.59470923,75.37454415,0.9531892189,175.7060715,6.195191383,297.8291626,0,225,9.999999747e-05,9.999999747e-05,116077.6484,14.26337242,2.828160943
141.8000031,78.88631761,88.21636317,23.85539544,73.32888292,0.9531695781,172.4199854,6.19055748,297.8930359,0,225,9.999999747e-05,69.44817352,116161.2891,14.18099499,3.322335835
142,94.71283586,87.64922525,23.77921925,74.38158216,0.9513500262,175.0142035,6.187314034,297.8285217,0,225,9.999999747e-05,9.999999747e-05,116242.1562,14.21158028,3.447373274
142.1999969,137.5440159,87.35965607,24.8056664,70.36312852,0.9476167471,141.3021364,6.183066845,297.8930969,0,225,9.999999747e-05,69.6222229,116307.4219,13.95273781,4.137987014
142.3999939,82.97014935,89.74941416,23.89536382,74.37648232,0.9464817092,175.5256748,6.178094387,297.8285522,0,225,9.999999747e-05,9.999999747e-05,116391.3516,14.10742855,4.390061117
142.6000061,135.4700455,78.60974662,24.814792,67.5152737,0.947348863,183.623135,6.174661636,297.8928833,0,225,9.999999747e-05,69.80800629,116463.5781,14.04320145,3.611678772
142.8000031,163.2504734,81.10674401,25.52868651,65.55074507,0.9443173114,152.4411883,6.171645641,297.8289795,0,225,9.999999747e-05,9.999999747e-05,116524.5469,13.83825397,4.244211183
143,108.3291015,86.11603626,24.27067635,72.59959966,0.9496743035,173.3194435,6.167758465,297.8924866,0,225,9.999999747e-05,69.46212769,116602.125,14.10442829,4.525696734
143.1999969,78.45185245,89.00562015,23.8717381,74.23901273,0.9496484842,173.6971192,6.162433147,297.8280334,0,225,9.999999747e-05,9.999999747e-05,116686.5391,14.10475349,4.653793738
143.3999939,106.8241519,85.78132974,24.1887606,72.59762794,0.9509119321,172.5489293,6.15532732,297.8916931,0,225,9.999999747e-05,69.61237335,116764.0312,14.13210297,4.111059174
143.6000061,126.2352908,87.09052782,24.30440128,71.33473648,0.9503647083,150.3649335,6.150005817,297.8277283,0,225,9.999999747e-05,9.999999747e-05,116833.5156,14.01447105,4.709806582
143.8000031,127.2143362,85.78123106,24.46033472,70.10731609,0.9497097134,153.8707059,6.145515919,297.8914795,0,225,9.999999747e-05,69.57460022,116903.3203,13.98380852,4.839128393
144,91.13069195,87.83405643,24.05400302,73.5444358,0.9473345381,173.6516701,6.142310143,297.8270874,0,225,9.999999747e-05,9.999999747e-05,116985.1875,14.07532692,5.274762254
144.1999969,105.5991531,86.31814996,24.32190607,71.65805859,0.9468676479,170.6179999,6.140095234,297.8908691,0,225,9.999999747e-05,69.84243011,117063.2656,14.0154171,5.427290133
144.3999939,133.8102315,86.68500731,24.35545767,70.5968303,0.9489467726,148.7898607,6.138307095,297.8269348,0,225,9.999999747e-05,9.999999747e-05,117131.2891,13.94411182,5.635409124
144.6000061,111.1851359,85.61822572,24.46764411,71.40193568,0.9450938684,171.652934,6.136435509,297.8904114,0,225,9.999999747e-05,69.73842621,117208.4688,13.98945618,5.640034272
144.8000031,98.52261841,86.50194531,24.17434344,72.78036578,0.9480360699,170.4120855,6.134681225,297.8261414,0,225,9.999999747e-05,9.999999747e-05,117288.25,14.04148579,5.781050864
145,116.0855475,85.48774438,24.50487047,71.1426768,0.94308744,171.6019594,6.132591248,297.8897705,0,225,9.999999747e-05,69.91466522,117364.5234,13.96287346,5.794641952
145.1999969,132.5357397,86.08720214,24.36760553,70.34339483,0.9496715235,149.9390394,6.130616665,297.8258972,0,225,9.999999747e-05,9.999999747e-05,117433.1797,13.94151878,5.927718593
145.3999939,111.0389178,85.59129702,24.38060445,71.26969298,0.9481670937,169.0299296,6.130488396,297.8893738,0,225,9.999999747e-05,69.89446259,117510.2422,13.9861393,6.251965724
145.6000061,99.43782798,86.79809207,24.15787656,72.83526428,0.9481123694,172.4439915,6.129637718,297.8251038,0,225,9.999999747e-05,9.999999747e-05,117590.6797,14.02960968,6.344485238
145.8000031,117.6924839,85.25237631,24.45544099,70.83309363,0.9444007811,171.759699,6.129556179,297.8888245,0,225,9.999999747e-05,70.12572479,117667.0078,13.94718075,6.438960744
146,139.0635048,85.23437661,24.59424655,69.96413463,0.9482400727,150.6219974,6.128079414,297.8250122,0,225,9.999999747e-05,9.999999747e-05,117734.5859,13.90934563,6.349343837
146.1999969,150.4122671,83.18050074,24.72921016,69.07936903,0.9488984477,154.1288043,6.125703812,297.888855,0,225,9.999999747e-05,70.07473755,117800.0234,13.91803169,6.08755226
146.3999939,156.6503241,85.65552597,24.90799657,69.54109568,0.9422914681,145.5417284,6.122887611,297.8251343,0,225,9.999999747e-05,9.999999747e-05,117863.0938,13.82661915,6.408496507
146.6000061,126.6506634,83.85941215,24.57615443,70.95048406,0.9462688366,172.3877025,6.119274616,297.8884888,0,225,9.999999747e-05,70.05309296,117937.2656,13.98677063,6.121509995
146.8000031,108.1286622,85.92887788,24.30873703,72.11798601,0.9468827129,172.7370147,6.116335392,297.8243408,0,225,9.999999747e-05,9.999999747e-05,118015.8438,14.00547218,6.434308754
147,151.3962478,81.337513,25.47335179,67.1978856,0.9402834926,169.68206,6.114701748,297.88797,0,225,9.999999747e-05,70.21851349,118084.0312,13.81429672,6.489608589
147.1999969,149.8936264,83.9961477,24.54518671,69.68165594,0.9502173112,151.5947786,6.113801003,297.8242188,0,225,9.999999747e-05,9.999999747e-05,118149.3828,13.91926479,6.706761073
147.3999939,148.9674402,83.83024067,24.73199381,68.59078784,0.9452436723,156.9576195,6.118401051,297.8877869,0,225,9.999999747e-05,70.18204498,118216,14.68394756,3.449946492
147.6000061,107.0002773,85.54639026,24.02723061,72.48068747,0.9525327524,172.0621833,6.131697655,297.8236694,0,225,9.999999747e-05,9.999999747e-05,118294.4609,14.87589645,-1.198793995
147.8000031,134.0453391,85.22892495,24.82849118,70.40517123,0.9459015747,156.0493982,6.147125244,297.8874512,0,225,9.999999747e-05,70.3824234,118363.8047,14.74242687,-1.182069694
148,117.2940651,81.2096916,24.65081298,68.99202877,0.9545057616,183.8962079,6.165623665,297.8232727,0,225,9.999999747e-05,9.999999747e-05,118440.8828,14.85799885,-1.182921945
148.1999969,103.0395084,85.90110538,24.05387831,71.52331264,0.9503388576,173.9208662,6.184797764,297.8868713,0,225,9.999999747e-05,70.5380249,118519.4141,14.8652935,-1.182287881
148.3999939,119.9768244,86.43783585,24.65736538,71.87841158,0.9457224341,158.9147822,6.206835747,297.8229675,0,225,9.999999747e-05,9.999999747e-05,118591.2266,14.80628395,-1.168326919
148.6000061,77.4354369,87.62922465,23.74400354,73.00755708,0.9582046046,175.0244115,6.227850914,297.8862305,0,225,9.999999747e-05,70.47992706,118674.625,14.96630764,-1.178967603
148.8000031,75.17612367,88.82112804,23.62875329,74.31590636,0.9519988035,177.7378692,6.185301781,297.8804626,0,225,9.999999747e-05,9.999999747e-05,118759.0547,14.22698593,0.1904902699
149,106.7103062,83.09852079,24.63557193,69.02930444,0.9510871417,180.3032803,6.189788342,297.8910217,0,225,9.999999747e-05,41.45898819,118836.2656,14.10399914,5.31057554
149.1999969,111.9777701,84.0932443,24.15913245,71.72573231,0.9485166053,174.0949074,6.194629669,297.8578796,0,225,9.999999747e-05,17.18487549,118911.3594,14.13045883,5.987830304
149.3999939,116.7571226,81.89904583,24.6187229,69.35524501,0.9524863353,183.2143857,6.2004776,297.8676758,0,225,9.999999747e-05,41.00245285,118986.9375,14.12557983,6.065794632
149.6000061,86.27919432,88.09262991,24.00030143,73.06530702,0.9494123689,171.6117385,6.2085042,297.8310547,0,225,9.999999747e-05,15.24534893,119068.0781,14.78468037,5.703339414
149.8000031,162.6551257,82.48513004,25.47503871,66.2864486,0.9456031926,152.5767446,6.233249664,297.8526001,0,225,9.999999747e-05,47.2155838,119128.6719,14.6959486,-1.152083081
150,123.9756151,80.85301488,24.5408662,66.48042983,0.9578357678,164.1822657,6.261908054,297.8139038,0,225,9.999999747e-05,13.8736372,119198.9844,14.84762764,-1.15916284
150.1999969,66.59066076,88.59767107,23.71496891,73.71776362,0.9545445234,178.4151409,6.29138422,297.8474121,0,225,9.999999747e-05,54.20640182,119285.7266,15.02822208,-1.174223264
150.3999939,67.6109586,86.25419887,23.52966674,73.12831625,0.9569839854,180.1179266,6.322313786,297.8027954,0,225,9.999999747e-05,10.79579163,119371.8281,15.03748131,-1.164846132
150.6000061,70.58005914,87.25411558,23.48392758,74.53338904,0.964450668,184.3893,6.297379017,297.8998108,0,225,9.999999747e-05,61.20220184,119458.4453,14.45122051,0.5035915391
150.8000031,90.38473329,89.41151977,23.7753999,72.16364607,0.9579698131,155.3296247,6.309135437,297.835907,0,225,9.999999747e-05,9.999999747e-05,119535.7031,14.21477509,5.320046284
151,69.93402612,90.40367917,23.94175577,73.33217138,0.9468852796,177.4685491,6.319736481,297.9083862,0,225,9.999999747e-05,76.24667358,119622.2031,14.24390221,5.325900627
151.1999969,51.60109105,92.38760616,23.79293905,75.56218474,0.9496776283,182.8072334,6.331371784,297.8439331,0,225,9.999999747e-05,9.999999747e-05,119714.3125,14.32552814,4.031424231
151.3999939,84.63912445,88.09560298,23.93734381,74.25235957,0.9549355861,180.6346839,6.344464302,297.9026489,0,225,9.999999747e-05,68.66540527,119798.3906,14.368186,3.890390572
151.6000061,49.01564468,92.65653623,23.76511599,75.51566661,0.9511801432,181.2875689,6.357944965,297.8382568,0,225,9.999999747e-05,9.999999747e-05,119891.4219,14.33547497,4.181982934
151.8000031,57.44734471,91.86874759,23.93863129,73.92828096,0.9508087238,176.0235007,6.371986866,297.8927002,0,225,9.999999747e-05,66.34467316,119981.7734,14.290061,4.20684492
152,95.28389877,85.15941336,24.50412069,71.71994132,0.951898139,196.2601207,6.385373592,297.8283386,0,225,9.999999747e-05,9.999999747e-05,120067.1328,14.27984238,5.563088269
152.1999969,98.62047281,85.98521757,24.11485336,68.60151825,0.9494590288,152.2639948,6.396077633,297.8848572,0,225,9.999999747e-05,67.24016571,120143.1953,14.08697414,6.640714553
152.3999939,69.49579976,89.30187571,24.14772266,72.52398682,0.9399224924,180.5071396,6.42936945,297.8207092,0,225,9.999999747e-05,9.999999747e-05,120232.3281,14.97981548,0.6075466729
152.6000061,73.44408619,89.44207985,23.72399555,74.48783638,0.9617993262,180.3691812,6.441912651,297.8984375,0,225,9.999999747e-05,69.23485565,120320.6797,14.4411087,0.7528652486
152.8000031,91.44735831,84.65021292,24.34777718,71.58617689,0.9590080757,191.9415439,6.456796169,297.834198,0,225,9.999999747e-05,9.999999747e-05,120406.5078,14.3565731,5.795798212
153,82.3563415,93.77701511,24.90680084,72.88853824,0.9385445737,161.4881058,6.478201866,297.907959,0,225,9.999999747e-05,71.87392426,120490.6016,14.0550909,0.9891165892
153.1999969,82.16636723,93.57856475,24.36885519,72.23268333,0.9438039549,158.687076,6.509967804,297.8439636,0,225,9.999999747e-05,9.999999747e-05,120573.8516,14.98251247,1.358858854
153.3999939,68.86758773,91.30999035,23.93058946,72.16138034,0.958734152,165.7199991,6.555503368,297.9023743,0,221.4971466,9.999999747e-05,68.84609985,120659.7656,15.11821747,-1.142683885
153.6000061,92.18064492,88.04898717,24.24703219,70.07387155,0.9520110588,161.2863908,6.575862885,297.838562,0.5155976415,110.7485733,9.999999747e-05,9.999999747e-05,120716.3047,14.75186253,-1.126214254
153.8000031,15.49187736,94.13387776,23.50205207,68.35875944,0.9504046954,157.8496317,6.578654289,297.8919983,1.035130501,55.37428665,9.999999747e-05,66.04637909,120777.7891,14.587327,-1.155201673
154,9.9157222,92.19764255,23.93844207,63.43991887,0.9332724176,79.67804842,6.572639942,297.8294067,1.555684924,27.68714333,9.999999747e-05,9.999999747e-05,120817.9922,14.05659389,-1.156792943
154.1999969,67.9838949,90.64619774,24.64518589,64.9326576,0.9448526386,129.8602283,6.562325478,297.8837891,2.076513529,13.84357166,9.999999747e-05,66.25815582,120853.2031,14.26405716,-1.132946472
154.3999939,86.79514814,88.65602204,24.51320612,65.05838654,0.9569034518,128.4166795,6.550346375,297.8205566,2.59747386,6.921785831,9.999999747e-05,9.999999747e-05,120882,14.33465672,-1.125905035
154.6000061,22.23899297,84.07808541,23.80659631,61.79784479,0.9167748849,34.80524115,6.538075924,297.8805847,3.11845088,3.460892916,9.999999747e-05,68.4498291,120902.7422,13.68850899,-1.154044814
154.8000031,0,88.52352526,24.24415333,61.13328025,0.905169303,25.7119338,6.526246548,297.8190002,0,0,9.999999747e-05,9.999999747e-05,120925.9219,13.53724384,-1.164728001
155,76.56676849,83.42417172,24.48391436,62.8220446,0.9205374409,89.88219885,6.515124321,297.8803101,0,0,9.999999747e-05,69.67276001,120945.1719,13.84020519,-1.13428541
155.1999969,80.27175852,83.69011375,24.24421801,63.52742196,0.927193545,97.16391732,6.504487514,297.8177795,0,0,9.999999747e-05,9.999999747e-05,120965.1094,13.92447948,-1.13395477
155.3999939,79.65886387,83.60342514,24.39475594,63.07456615,0.9267376331,91.58967327,6.494348526,297.8805847,0,0,9.999999747e-05,70.54248047,120983.9531,13.88089085,-1.135430966
155.6000061,128.4195883,82.07272922,24.61357238,64.40113248,0.9417520461,143.1258887,6.485318184,297.8173523,0,2.779846907,9.999999747e-05,9.999999747e-05,121003.4688,14.15309525,-1.116265263
155.8000031,105.4830981,80.91051984,24.3098996,63.24344367,0.9297474824,101.9381237,6.47838974,297.8812561,0,9.169772148,9.999999747e-05,71.20241547,121020.2266,13.94201756,-1.126527063
156,85.62005451,83.53788819,24.24490502,63.34722341,0.9261953158,102.9837212,6.473853111,297.818634,0,18.32766724,9.999999747e-05,9.999999747e-05,121043.8359,13.94600868,-1.135149113
156.1999969,83.38294628,84.19299307,24.51171818,63.41645769,0.9310745692,98.88538,6.472655773,297.8821411,0,29.29916382,9.999999747e-05,71.03865814,121069.6328,14.01675797,-1.135936794
156.3999939,82.90158522,85.82886845,24.34835015,64.44399379,0.9329504399,111.7643615,6.473383427,297.8193054,0,40.74626923,9.999999747e-05,9.999999747e-05,121100.7578,14.10013008,-1.135472233
156.6000061,56.00384008,86.40593741,23.94336059,63.90861194,0.9332625522,96.73124494,6.475962162,297.8824768,0,51.90674973,9.999999747e-05,70.86698914,121136.5781,14.07086849,-1.145539054
156.8000031,62.38018708,86.55834283,23.96083705,64.57724902,0.9288527812,119.1643327,6.480439186,297.819519,0,62.03576279,9.999999747e-05,9.999999747e-05,121177.7812,14.12500572,-1.141535168
157,72.77916448,85.00187683,24.75597817,64.39156253,0.9209607988,123.5283643,6.487039089,297.8820801,0,70.37358856,9.999999747e-05,70.77411652,121219.2109,14.07844067,-1.135470208
157.1999969,60.36563472,89.03525029,24.20757881,65.30242112,0.9364722402,110.3254413,6.494837284,297.8192139,0,76.07054901,9.999999747e-05,9.999999747e-05,121262.6016,14.22609425,-1.138467721
157.3999939,117.1852108,83.0215482,24.40153845,64.76450126,0.9413369029,112.5119867,6.50596571,297.8817444,0,78.65124512,9.999999747e-05,70.66340637,121293.9688,14.27296352,-1.112629433
157.6000061,96.01108786,89.01578578,24.45940733,66.51968257,0.9411949449,141.598945,6.515449524,297.8183289,0,76.77333832,9.999999747e-05,9.999999747e-05,121336.7734,14.38638878,-1.118614992
157.8000031,71.87930879,85.85531443,24.53360933,64.47212211,0.922782733,121.5286628,6.52310133,297.8811646,0,71.11804199,9.999999747e-05,70.97982025,121378.4062,14.11011314,-1.12618371
158,71.95610334,87.82781873,24.45827392,64.19307646,0.9320855377,122.731576,6.529397011,297.8181152,0,62.40283585,9.999999747e-05,9.999999747e-05,121419.0859,14.18052101,-1.124182537
158.1999969,97.44460378,87.12961807,24.6056165,65.13435496,0.9411971055,135.5068655,6.532989979,297.8806458,0,51.16790771,9.999999747e-05,70.99803925,121454.7344,14.28882217,-1.112162167
158.3999939,81.82039057,87.00562623,24.04462238,65.98388484,0.9499845969,141.8371215,6.532319546,297.8173218,0,38.50028229,9.999999747e-05,9.999999747e-05,121492.1016,14.36619568,-1.117512521
158.6000061,92.68239279,83.3604524,24.97156715,63.22746365,0.9261430447,99.59563089,6.528913975,297.8807678,0,26.10611153,9.999999747e-05,71.16597748,121515.3047,13.95903683,-1.112713323
158.8000031,98.49852097,82.63832753,24.16047819,64.13743945,0.9353148476,103.174344,6.522212982,297.8182068,0,15.06959152,9.999999747e-05,9.999999747e-05,121535.3672,14.03449726,-1.110526956
159,122.587771,82.63382807,24.63953977,64.42676568,0.951202061,135.5851289,6.513428211,297.8807983,0,6.715441704,9.999999747e-05,70.9985199,121555.5234,14.23099995,-1.101368728
159.1999969,92.92823853,82.06741991,24.1140893,63.95642097,0.9408612937,103.6012625,6.503646851,297.8182373,0,1.871466279,9.999999747e-05,9.999999747e-05,121573.8516,14.03146553,-1.114329767
159.3999939,94.80551647,83.37501277,24.63891799,63.31411305,0.9265316565,102.2842936,6.494027138,297.8809204,0,0.9367600679,9.999999747e-05,70.76637268,121591.8125,13.89288712,-1.114625627
159.6000061,123.9651249,80.31288902,25.10064286,63.82824335,0.9275309729,113.5287166,6.485630035,297.8182678,0,3.846139431,9.999999747e-05,9.999999747e-05,121605.9766,13.93629646,-1.103711958
159.8000031,85.34822661,82.05287879,24.65692575,63.23791953,0.9226214924,97.81226869,6.478961468,297.881134,0,10.11095428,9.999999747e-05,70.81841278,121626.5312,13.86816788,-1.120044959
160,71.25090016,84.19426432,24.16950439,63.46911634,0.9329397004,96.68430283,6.474602699,297.818634,0,19.04132462,9.999999747e-05,9.999999747e-05,121652.0469,13.98542976,-1.126097502
160.1999969,77.47316095,82.49915893,24.5699187,63.322332,0.9222548356,101.9156386,6.473153591,297.8812561,0,29.71315193,9.999999747e-05,70.74649048,121679.2266,13.92648029,-1.123438054
160.3999939,88.76925858,82.41974935,23.97475192,63.83269822,0.9402881247,103.7378012,6.474719048,297.8186951,0,40.9625473,9.999999747e-05,9.999999747e-05,121706.6719,14.12717628,-1.118133257
160.6000061,98.67560222,82.95459239,24.20705196,64.44873339,0.9369048784,101.1711611,6.479475498,297.8811951,0,51.58523178,9.999999747e-05,70.69498444,121734.0078,14.14051151,-1.112788215
160.8000031,67.9473183,86.87642448,24.14320071,64.6653574,0.9398370227,103.0423689,6.485026836,297.818512,0,60.3044014,9.999999747e-05,9.999999747e-05,121770.7266,14.1875658,-1.123455627
161,95.6506384,83.04124492,23.92317388,65.23967804,0.9405842695,122.5443727,6.490466595,297.8807068,0,66.81072998,9.999999747e-05,70.7301178,121805.9141,14.24094772,-1.110533384
161.1999969,122.5875523,81.69374182,24.06932566,65.37139413,0.9664165652,144.2296004,6.496477127,297.8175354,0,71.14409637,9.999999747e-05,9.999999747e-05,121840.5781,14.51315975,-1.097841477
161.3999939,91.64794807,86.29636212,24.30107806,65.48185335,0.9494458749,153.0095134,6.501401901,297.8796082,0,73.0708847,9.999999747e-05,70.99167633,121884.9453,14.39802361,-1.108468333
161.6000061,47.69781284,87.78788358,23.80282504,65.17601164,0.9430009872,125.4727124,6.505370617,297.8165894,0,73.03327179,9.999999747e-05,9.999999747e-05,121932.8984,14.27165985,-1.124530908
161.8000031,66.62016229,88.51455238,24.39545356,64.86862455,0.9350668111,109.3637637,6.508407116,297.879425,0,71.4078064,9.999999747e-05,71.0976181,121973.5781,14.144907,-1.115628286
162,120.0561106,83.39936715,24.50017065,65.66767053,0.9369888527,125.6286401,6.510663986,297.8165588,0,68.56767273,9.999999747e-05,9.999999747e-05,122004.7266,14.19456196,-1.093032787
162.1999969,104.4100324,83.34179053,24.1936532,65.69470433,0.94161134,124.2942759,6.512091637,297.8795471,0,64.82447815,9.999999747e-05,71.25498962,122037.9766,14.22446156,-1.098210451
162.3999939,65.67861961,87.59309628,24.28725336,64.73062253,0.9337568081,124.6493711,6.513350964,297.8165894,0,60.51028061,9.999999747e-05,9.999999747e-05,122079.5703,14.14731312,-1.112713696
162.6000061,97.28248408,86.96002613,24.49238269,65.90491319,0.9444055139,149.7425347,6.512868881,297.8791199,0,55.69038773,9.999999747e-05,71.32215118,122118.625,14.30028248,-1.099328797
162.8000031,58.99673943,86.39572456,23.93946615,64.5140294,0.9391155854,116.8308981,6.512317181,297.8163147,0,51.06843948,9.999999747e-05,9.999999747e-05,122157.6875,14.14831161,-1.113941671
163,118.8888071,82.11033538,24.5051346,64.25753695,0.935612257,110.941292,6.512339115,297.8793335,0,46.66184616,9.999999747e-05,71.21559143,122181.4688,14.08974838,-1.089443062
163.1999969,84.45468551,83.68321367,24.72807574,63.99988354,0.9192842273,122.5923992,6.510081768,297.8165283,0,42.24430847,9.999999747e-05,9.999999747e-05,122214.1094,13.94765186,-1.102602864
163.3999939,97.45175959,85.77860854,24.83838768,63.33913424,0.9192202776,108.0994546,6.506943226,297.8796387,0,38.73901367,9.999999747e-05,71.29922485,122240.8906,13.88191891,-1.097217146
163.6000061,78.95832287,85.59719129,24.46237842,63.77627114,0.9283120482,113.0181371,6.503623009,297.816925,0,36.48477554,9.999999747e-05,9.999999747e-05,122271.9453,13.98413372,-1.104429298
163.8000031,81.31036585,83.58968197,24.69474446,63.89810637,0.9255291392,107.0877849,6.500324726,297.8799133,0,35.55636978,9.999999747e-05,71.20790863,122300.6406,13.94216156,-1.103404382
164,99.22073864,81.85814979,24.20270374,64.05758824,0.9447460599,106.4344069,6.497233868,297.8174133,0,35.94665527,9.999999747e-05,9.999999747e-05,122325.0547,14.10232925,-1.096184491
164.1999969,81.00658224,85.62955703,24.40577203,64.09431704,0.9286268836,109.715035,6.493760109,297.8799133,0,37.57269287,9.999999747e-05,71.01589203,122355.125,13.97496223,-1.10327824
164.3999939,76.18052186,85.41023729,24.22782335,64.38937947,0.9396566489,107.5081233,6.490396023,297.8173218,0,40.59005737,9.999999747e-05,9.999999747e-05,122386.1875,14.06702518,-1.105099894
164.6000061,107.8050289,83.06288374,25.0575941,63.27194977,0.9138549987,108.3274339,6.487003803,297.8797913,0,44.95159149,9.999999747e-05,70.94477844,122411.2422,13.80435562,-1.09252144
164.8000031,64.21606787,86.54223839,24.10367692,64.2260626,0.9324669379,104.808823,6.4845438,297.8172302,0,50.67036819,9.999999747e-05,9.999999747e-05,122446.4375,14.0103178,-1.109525698
165,99.59670299,84.8458867,24.93048737,63.0776807,0.9297120227,107.2468961,6.483476162,297.8796387,0,57.37005997,9.999999747e-05,70.94501495,122475.9844,13.97028446,-1.095212295
165.1999969,73.8061069,87.30859172,24.36602715,64.70077398,0.9305407141,107.5474322,6.483323574,297.8169861,0,64.49523163,9.999999747e-05,9.999999747e-05,122512.8672,14.04796314,-1.104741482
165.3999939,77.5250539,86.79600385,24.4534358,64.55837061,0.9312263866,118.3667612,6.485548019,297.8791809,0,71.68279266,9.999999747e-05,70.99143982,122552.6797,14.10667229,-1.102378804
165.6000061,61.06422073,88.20385286,23.95301277,65.88216363,0.9345902458,128.6001346,6.487066746,297.8161926,0,77.97579193,9.999999747e-05,9.999999747e-05,122599.375,14.19813442,-1.107765728
165.8000031,59.98245309,87.39467235,23.91490789,64.78138714,0.9350360108,119.3481786,6.490760803,297.8786621,0,83.67126465,9.999999747e-05,71.20384979,122645.4453,14.17770004,-1.107013726
166,124.2537987,83.95747486,24.18307271,67.80797271,0.957064916,157.5891827,6.496194363,297.8153381,0,87.87963867,9.999999747e-05,9.999999747e-05,122686.25,14.53449631,-1.080279244
166.1999969,63.2792062,88.3352618,24.02283426,66.1076788,0.9395308767,133.221047,6.504200459,297.8780823,0,89.91587067,9.999999747e-05,71.55302429,122736.2344,14.33187199,-1.102141684
166.3999939,68.03621905,87.68102285,24.08317533,64.90660131,0.938737082,133.0209146,6.512199879,297.815033,0,88.74681854,9.999999747e-05,9.999999747e-05,122784.7969,14.29300499,-1.09814927
166.6000061,49.95453512,88.34543464,24.07101898,65.45941586,0.9368285431,131.793585,6.51861763,297.8778076,0,84.38633728,9.999999747e-05,71.60261536,122836.0391,14.27616978,-1.103245737
166.8000031,61.0276763,88.82191739,24.01647261,66.38519493,0.939635221,132.0553936,6.523535252,297.8147583,0,77.46385193,9.999999747e-05,9.999999747e-05,122883.7266,14.30873013,-1.097262001
167,99.76665503,85.61621654,24.5688443,64.79294943,0.9487765367,149.8998083,6.525661469,297.8774109,0,68.57410431,9.999999747e-05,71.66822052,122924.4766,14.34362125,-1.080881005
167.1999969,86.9124399,86.59052264,24.1851372,65.59193625,0.9476022609,150.1619962,6.524751663,297.8141479,0,58.83820343,9.999999747e-05,9.999999747e-05,122965.9766,14.3251915,-1.085028951
167.3999939,77.00185537,86.76279528,24.44064709,64.15006721,0.9306981028,109.625559,6.522916317,297.877594,0,49.46724701,9.999999747e-05,71.81139374,122999.4219,14.03765392,-1.088417812
167.6000061,115.0246658,80.67843654,24.67402622,64.51032607,0.9324228875,116.3412913,6.519333839,297.815033,0,40.82390976,9.999999747e-05,9.999999747e-05,123023.0859,14.03193665,-1.073453099
167.8000031,95.65689686,83.15355242,24.86226424,63.67727994,0.9203801054,114.911738,6.513898373,297.8781738,0,33.61626053,9.999999747e-05,71.62167358,123049.5391,13.88060188,-1.081040771
168,91.65102161,83.22466248,24.77316538,64.32542162,0.9212367819,115.8982227,6.508233547,297.8155518,0,28.58330536,9.999999747e-05,9.999999747e-05,123076.0781,13.90768433,-1.082865106
168.1999969,95.90016622,82.58912365,25.03660803,62.98097811,0.9234543388,100.6316022,6.502211094,297.8785706,0,25.8111248,9.999999747e-05,71.45552063,123097.9062,13.83691502,-1.081560471
168.3999939,102.5819577,82.88580602,25.04503311,63.65013609,0.9214315064,113.2939387,6.495975971,297.81604,0,25.44824028,9.999999747e-05,9.999999747e-05,123120.9219,13.85791492,-1.07937035
168.6000061,137.4126936,81.27671052,25.11943146,64.43776612,0.9334927228,151.2988388,6.489849567,297.8780518,0,27.57898712,9.999999747e-05,71.31808472,123144.5625,14.05880642,-1.066301504
168.8000031,89.58027661,85.16430826,24.37424598,63.81501083,0.9353028409,101.32236,6.484357834,297.8156433,0,32.1592865,9.999999747e-05,9.999999747e-05,123169.5469,13.96234035,-1.085015854
169,89.07343291,84.52502771,24.57755738,63.47803724,0.9288298932,108.5665098,6.479465008,297.8778381,0,38.93449783,9.999999747e-05,71.09957886,123197.3516,13.92164993,-1.085458657
169.1999969,78.69068987,86.02035288,24.35518844,64.35492668,0.9331255925,107.9171163,6.475928307,297.8153076,0,47.66691589,9.999999747e-05,9.999999747e-05,123229.3359,14.00991058,-1.089513472
169.3999939,109.8373624,81.70642841,24.25497845,64.54317736,0.9385296037,117.2505751,6.474064827,297.877655,0,57.81156158,9.999999747e-05,71.24839783,123257.8516,14.09908962,-1.077337881
169.6000061,70.28938289,85.90216117,24.06633413,64.60454552,0.9375697271,117.1177777,6.472606182,297.8150024,0,68.70037079,9.999999747e-05,9.999999747e-05,123297.6562,14.12044811,-1.092097572
169.8000031,65.87114893,87.00961852,24.05739115,65.12294295,0.9314530971,123.8325231,6.475083351,297.8772888,0,80.17676544,9.999999747e-05,71.38848877,123342.6016,14.15757561,-1.093008953
170,75.18633221,87.50223002,23.94436,66.87765534,0.9500931948,150.1113268,6.47718668,297.8140564,0,90.65066528,9.999999747e-05,9.999999747e-05,123393.1406,14.42764378,-1.088301508
170.1999969,67.10609242,87.54630232,24.09308796,65.82828957,0.937703434,137.4444065,6.479272366,297.8766785,0,100.2970047,9.999999747e-05,71.72946167,123444.6484,14.28207684,-1.090299176
170.3999939,124.6283966,81.60138851,24.56732955,66.83175951,0.9446423524,141.9230882,6.484483719,297.8137207,0,109.1079941,9.999999747e-05,9.999999747e-05,123485.75,14.3929615,-1.066946887
170.6000061,104.0807368,81.36728548,24.01005793,65.97144129,0.9534930666,148.5934296,6.49050951,297.8763428,0,115.8240204,9.999999747e-05,71.78442383,123533.6328,14.4824934,-1.073010795
170.8000031,84.56743232,85.94353716,24.71133905,67.52080748,0.9391412148,173.6597085,6.496174335,297.8128052,0,120.1371841,9.999999747e-05,9.999999747e-05,123592.7734,14.47212982,-1.078640127
171,98.78801884,84.01312599,23.86356506,68.2823584,0.9544360108,151.759098,6.503438473,297.875885,0,122.1881256,9.999999747e-05,72.15351868,123644.2969,14.58327961,-1.071358537
171.1999969,132.6097787,85.19428047,24.65107903,68.23672965,0.9505709479,140.3170415,6.513263226,297.8128662,0,121.3269501,9.999999747e-05,9.999999747e-05,123686.9062,14.53743649,-1.05627645
171.3999939,98.89864867,83.73897944,23.79878131,68.12908339,0.9543818647,153.5837879,6.522201538,297.8757324,0,116.532753,9.999999747e-05,72.09063721,123737.6172,14.5922451,-1.06669372
171.6000061,70.9176043,89.18231505,23.98064009,68.51968454,0.9510572351,163.5903375,6.531935215,297.8122253,0,108.174263,9.999999747e-05,9.999999747e-05,123795.9531,14.61015511,-1.074974574
171.8000031,115.4894808,86.72738376,24.7914475,65.01773642,0.9431476172,139.8867339,6.539085865,297.8755188,0,95.91690826,9.999999747e-05,72.31063843,123837.2188,14.36284542,-1.055994908
172,72.52002728,86.3647028,24.5555114,66.26273688,0.9298248975,141.172324,6.541894436,297.8124695,0,80.81027222,9.999999747e-05,9.999999747e-05,123884.2344,14.24403763,-1.07069968
172.1999969,135.316192,81.90981798,24.75363102,64.91355477,0.9358496074,129.4351288,6.540011883,297.875885,0,64.58610535,9.999999747e-05,72.23349762,123911.3281,14.15849018,-1.046234751
172.3999939,83.21636085,86.50611908,24.54718236,64.45715433,0.9337303785,128.0230228,6.535548687,297.8130798,0,49.11644745,9.999999747e-05,9.999999747e-05,123946.7812,14.10403156,-1.06569443
172.6000061,108.1407799,82.9647552,25.1627808,63.52582476,0.9168489417,126.9652898,6.529284,297.8761902,0,35.42562103,9.999999747e-05,72.07714081,123973.3047,13.89054203,-1.056516983
172.8000031,106.3145798,84.18889276,24.77385106,63.74111739,0.9300446173,118.3923332,6.521052837,297.8136292,0,24.23822021,9.999999747e-05,9.999999747e-05,123996.2578,13.94622898,-1.057716803
173,88.87618177,84.31437084,24.48147855,63.70898005,0.9304407097,107.9027581,6.511869907,297.8765564,0,16.34404755,9.999999747e-05,71.82260895,124018.9141,13.89461708,-1.065067315
173.1999969,92.63907464,83.56848314,24.44049014,63.70849345,0.9326622207,109.211545,6.502651691,297.8141479,0,12.11978817,9.999999747e-05,9.999999747e-05,124040.0391,13.90476799,-1.064562962
173.3999939,109.9837269,81.52541003,25.03293596,63.16699752,0.9253211246,103.2089489,6.493908882,297.8768311,0,11.58003426,9.999999747e-05,71.61968994,124055.9062,13.80546093,-1.058935738
173.6000061,120.7716329,81.39466139,25.26757098,63.29995517,0.929465916,113.3469177,6.48567152,297.8144531,0,14.53571606,9.999999747e-05,9.999999747e-05,124072.2578,13.8663063,-1.055681905
173.8000031,116.8191097,81.3978095,24.62864533,63.51270236,0.9349245906,104.1934721,6.47803545,297.8769226,0,20.78622246,9.999999747e-05,71.50474548,124088.6641,13.90418243,-1.057865147
174,86.08033757,84.09789118,24.30849375,63.87895073,0.9354859083,105.8162253,6.470765114,297.8145752,0,30.09073257,9.999999747e-05,9.999999747e-05,124114.1875,13.94225693,-1.070014582
174.1999969,156.3086363,80.65084291,24.82127649,65.1835891,0.9511786231,148.6600633,6.465163708,297.8761902,0,42.30407715,9.999999747e-05,71.4043808,124135.9375,14.23314953,-1.044227364
174.3999939,71.04000512,85.45621295,23.94353871,64.73318717,0.941911632,113.9420911,6.461531162,297.8136597,0,56.75379562,9.999999747e-05,9.999999747e-05,124172.2109,14.13320637,-1.076121874
174.6000061,127.4355585,81.37160602,24.54007408,64.5708521,0.9360143336,132.3304252,6.459802151,297.8754883,0,72.65527344,9.999999747e-05,71.42326355,124203.0469,14.14713764,-1.054885233
174.8000031,99.44470933,84.61739538,24.82451592,65.24439603,0.9282795728,131.8892669,6.45876503,297.8127136,0,89.24850464,9.999999747e-05,9.999999747e-05,124243.75,14.13677692,-1.06479689
175,63.83963774,87.24186294,24.03318504,65.55807794,0.9383096163,129.4010893,6.460057259,297.8749084,0,106.2603378,9.999999747e-05,71.74156952,124295.3125,14.2828474,-1.07730551
175.1999969,104.3973888,83.78499271,24.73016865,65.16125284,0.9412109437,153.3920608,6.463134766,297.8118286,0,122.7499313,9.999999747e-05,9.999999747e-05,124346.0938,14.37927151,-1.061128997
175.3999939,88.37178005,87.02826953,24.46973473,67.23883147,0.9403932482,157.8092893,6.46509409,297.874176,0,138.010025,9.999999747e-05,72.10590363,124404.8203,14.46345711,-1.065878859
175.6000061,135.6908362,83.67210805,25.00291102,69.0045188,0.9397316384,149.8166511,6.467066765,297.8111877,0,152.4958649,9.999999747e-05,9.999999747e-05,124454.3203,14.49575233,-1.047262785
175.8000031,108.7197987,85.4204865,25.12762517,65.15563562,0.9334742224,150.8375826,6.471988678,297.8738403,0,166.1890259,9.999999747e-05,72.24185181,124512.875,14.40354443,-1.055856627
176,56.94816436,89.98533521,23.82247896,70.81794499,0.9494742137,173.3964072,6.419000149,297.8505249,0,177.9037476,9.999999747e-05,9.999999747e-05,124589.8906,11.49011135,-1.075078932
176.1999969,117.1681534,87.50978113,25.38584583,65.40947153,0.9266723724,142.7258243,6.365534782,297.9351807,0,211.0131531,9.999999747e-05,52.55137253,124654.5859,14.42573643,-1.076757705
176.3999939,83.21786251,88.30520103,24.21800388,71.56521769,0.947798909,171.691137,6.287468433,297.9821472,0,225,9.999999747e-05,9.999999747e-05,124735,10.15875912,-1.094574253
176.6000061,159.2562871,82.10138585,25.53970403,66.31456939,0.935603888,162.0029425,6.228732586,298.0247803,0,225,13.13142586,9.999999747e-05,124796.4766,14.57546234,-1.101678017
176.8000031,115.9128402,84.15928741,24.34526099,69.88397565,0.9512115835,166.4047381,6.234406471,297.9265442,0,225,26.81989479,9.999999747e-05,124868.0469,14.80663395,-1.113395026
177,112.1623458,84.39967974,24.34882016,70.10950238,0.9515445847,169.7098745,6.125980854,298.3116455,0,225,8.045968056,81.63509369,124941.125,7.926070213,-1.135670631
177.1999969,191.0822161,79.83173655,25.71394161,65.47312118,0.9402366992,160.2249304,6.101912975,298.2105103,0,225,138.885788,8.163509369,124995.2422,14.58711147,-1.149272897
177.3999939,157.5884699,82.12019197,25.03497659,68.81215268,0.9453309386,156.8272391,6.110598564,298.0116882,0,225,112.7931671,0.8163509369,125056.1562,14.71653461,-1.142918951
177.6000061,147.7744224,79.46853312,24.87321946,66.91960401,0.9487347374,172.1134604,6.119328022,297.8848267,0,225,52.84807968,0.08163509518,125121.5859,14.73450184,-1.129354245
177.8000031,165.7916487,80.65003473,25.23803899,67.76216692,0.9425695257,159.9934904,6.12779808,297.9134827,0,225,15.85442352,64.22844696,125181.1641,14.67475128,-1.115248693
178,179.3855036,79.49704048,25.52834653,65.06884622,0.9440594357,152.2962979,6.133833885,297.8445435,0,225,4.756327152,9.999999747e-05,125235.9688,14.58427048,-1.105576721
178.1999969,163.8492174,81.40606878,25.20910969,67.89208178,0.9433205323,159.3846798,6.140244961,297.889801,0,225,1.426898122,63.69797516,125295.8125,14.67195034,-1.107520341
178.3999939,162.8713335,82.05778087,25.15803455,68.47724247,0.9418489585,160.3250486,6.147345543,297.8262939,0,225,0.4280694425,9.999999747e-05,125356.2031,14.68426418,-1.104272678
178.6000061,150.2534038,81.38116265,24.788062,67.44215291,0.94784233,160.5703882,6.152819633,297.8764343,0,225,0.1284208298,65.53370667,125418.8516,14.70228577,-1.10560727
178.8000031,152.2705833,82.80288344,25.16578856,68.56711808,0.9414137794,160.9806684,6.158950806,297.8134155,0,225,0.03852624819,9.999999747e-05,125481.6172,14.68362808,-1.101833588
179,130.3297367,82.20770684,24.56396217,68.57072249,0.9488539913,168.3871867,6.163939476,297.8690796,0,225,0.0115578752,68.80569458,125550.0781,14.75986099,-1.107030968
179.1999969,149.9972663,82.05549647,24.68958438,67.66653605,0.9485556514,158.217463,6.170609474,297.8061523,0,225,0.003467362374,9.999999747e-05,125612.4844,14.72795296,-1.097174597
179.3999939,139.3443001,80.74309944,24.69145921,67.84597564,0.9450013537,171.9595284,6.176440716,297.8665466,0,225,0.001040208736,71.57337952,125679.5156,14.7279892,-1.098323366
179.6000061,123.3346291,82.74291172,24.49567183,69.64717148,0.9479651669,171.8051574,6.181661606,297.8034058,0,225,0.0003120626207,9.999999747e-05,125750.2266,14.79698753,-1.101602706
179.8000031,131.2248419,82.2368144,24.55979177,68.54048584,0.9475798011,172.1487764,6.188364506,297.8666992,0,225,9.999999747e-05,73.35353851,125819.3359,14.78284931,-1.096342345
180,160.9739976,80.09391884,25.49846736,66.68063213,0.9417973263,166.3536128,6.197657585,297.8037415,0,225,9.999999747e-05,9.999999747e-05,125880.9219,14.68956089,-1.082702946
180.1999969,128.7485646,81.61463822,24.51330637,68.2687332,0.9483058658,170.0841557,6.204324245,297.868042,0,225,9.999999747e-05,73.97550964,125949.9375,14.78309822,-1.091284864
180.3999939,118.8139608,83.50721566,24.42757859,69.81291388,0.9489581423,173.2725588,6.21229744,297.8048706,0,225,9.999999747e-05,9.999999747e-05,126022.1562,14.84626198,-1.092121182
180.6000061,156.8202762,81.84201848,25.2149324,67.51816419,0.9417057546,157.9937754,6.203780651,297.9199219,0,225,9.999999747e-05,74.05483246,126083.1406,14.69170952,-1.083559241
180.8000031,152.6717648,82.55831848,25.04308196,68.50251213,0.9398196523,162.7525218,6.212837696,297.85672,0,225,9.999999747e-05,9.999999747e-05,126146.1484,14.72232723,-1.082569014
181,127.6170272,81.63343438,24.45675944,68.3794843,0.9502239503,170.1266292,6.221534729,297.924469,0,225,9.999999747e-05,76.37950134,126215.4375,14.82510376,-1.088478351
181.1999969,119.1979758,83.56816136,24.43099691,69.8136169,0.9486667175,172.4322118,6.175402641,298.0378418,0,225,9.999999747e-05,9.999999747e-05,126287.2891,6.823840141,-1.093926235
181.3999939,196.1862196,78.49040266,25.76983555,64.61662864,0.9392420395,157.2646181,6.15891695,298.0185547,0,225,35.7669754,9.999999747e-05,126339.1406,14.57974052,-1.093056061
181.6000061,138.6951387,81.68480365,24.65342067,68.21715618,0.9485976517,163.7142432,6.166329861,297.9187317,0,225,29.68594551,9.999999747e-05,126404.7969,14.7802372,-1.103247073
181.8000031,135.6016303,82.08897379,24.56827813,68.44066597,0.9473910122,168.5344794,6.174715996,297.9660645,0,225,8.905783653,71.07084656,126472.2266,14.79761124,-1.099178773
182,130.6567963,82.84464937,24.49194072,69.21489115,0.947950553,168.4925461,6.183363914,297.8872681,0,225,22.93900299,7.107084751,126540.8438,14.82598686,-1.096467422
182.1999969,162.4564696,80.12887169,25.43001084,66.2922626,0.9440195522,162.9109632,6.19280529,297.9542847,0,225,6.881700993,80.95557404,126601.3203,14.71072674,-1.081507295
182.3999939,141.345858,80.0237323,25.0244299,67.19727214,0.9446247146,177.9389196,6.203030586,297.8737488,0,225,26.35818863,8.095557213,126669.1328,14.78086758,-1.084880368
182.6000061,129.5302621,82.00701138,24.59907658,68.81851963,0.9481360915,172.3621148,6.213639736,297.959137,0,225,7.907456875,92.51715851,126738.6562,14.84657001,-1.085625881
182.8000031,143.9094789,83.62511798,24.98674848,69.31856328,0.9441726486,159.5090337,6.220198154,297.8824768,0,225,33.23810196,9.25171566,126803.0625,12.63602734,-1.076979815
183,168.9229699,80.43699579,25.54080755,65.12172853,0.9392413593,158.4589982,6.223407745,298.0078735,0,225,9.971430779,101.0879974,126861.4141,14.65404987,-1.071001911
183.1999969,145.7318184,79.83723581,24.96747559,67.2322048,0.9460580293,177.414609,6.234405041,297.9038086,0,225,49.40428925,10.10879993,126928.1328,14.80481052,-1.075208049
183.3999939,125.7509342,80.69884966,24.60082829,67.57573212,0.9521063689,176.9074826,6.242265224,298.0453796,0,225,14.8212862,131.2190094,126998.8281,14.84934902,-1.080431844
183.6000061,115.729487,83.63847292,24.28472446,70.36153152,0.9512007735,170.1135807,6.179160595,298.1951904,0,225,60.84087753,13.12190056,127070.8438,5.733812809,-1.091402228
183.8000031,197.0068693,78.3884764,25.78301917,64.46896002,0.939091205,156.5810013,6.150867939,298.1512756,0,225,113.1680756,1.312190056,127122.2812,14.58999252,-1.098222277
184,157.1369008,82.03956265,25.12950202,68.3894149,0.9439713576,158.6884492,6.156196117,297.9563599,0,225,104.2091217,0.1312190145,127183.1406,14.72820377,-1.096288382
184.1999969,136.444951,82.00910885,24.61332484,68.55812552,0.9494978626,167.0182494,6.162198067,297.8400574,0,225,42.96389389,0.01312190108,127249.9375,14.80759621,-1.088577105
184.3999939,152.7586758,80.92137525,24.82521716,67.05136102,0.9484130861,158.9227748,6.165838242,297.8648682,0,225,12.88916779,61.10798264,127311.3594,14.72759151,-1.077142026
184.6000061,136.4527413,81.9734627,24.71142032,68.48974298,0.947211502,168.5757135,6.16875124,297.8027649,0,225,3.866750479,3.397974968,127378.3125,14.77273083,-1.079579114
184.8000031,169.4379655,80.77387284,25.34536542,67.23594058,0.9426133678,158.7951515,6.171875954,297.8547668,0,225,1.16002512,68.14250183,127436.3203,14.6824379,-1.06616461
185,133.292227,81.92231877,24.61044876,68.57722151,0.948028696,168.6848338,6.174516678,297.791626,0,225,0.34800753,9.999999747e-05,127503.8984,14.78707218,-1.076557454
185.1999969,149.8222831,79.04887087,24.94042989,66.01723157,0.9457994368,172.6495108,6.178195477,297.8547058,0,225,0.104402259,73.96209717,127568.2891,14.72204685,-1.069222885
185.3999939,147.9447671,78.66405154,24.87885838,66.63200751,0.9490238401,174.1079922,6.179742336,297.7919006,0,225,0.03132067621,9.999999747e-05,127633.1406,14.75388241,-1.068357694
185.6000061,167.6730614,81.36079382,25.35939908,67.05343571,0.9397904565,159.8378797,6.180484772,297.8589478,0,225,0.009396203794,76.26053619,127691.7266,14.65588665,-1.060647311
185.8000031,143.818631,79.82726496,24.98810959,66.74566234,0.9464413896,173.6129248,6.182200909,297.7961121,0,225,0.002818861045,9.999999747e-05,127757.625,14.74448013,-1.06782398
186,142.6422377,79.89972787,24.88982908,66.6603891,0.9481637431,172.2781539,6.184022427,297.8630981,0,225,0.0008456583018,76.38957214,127823.4922,14.7594862,-1.067122015
186.1999969,138.3546771,81.70017866,24.71455773,68.53099219,0.9444973623,171.4373712,6.186571598,297.8002319,0,225,0.0002536974789,9.999999747e-05,127890.5156,14.78345966,-1.06736101
186.3999939,173.5552522,79.74634328,25.60836085,65.68841677,0.9390048196,163.2960342,6.188898087,297.8657837,0,225,9.999999747e-05,75.55234528,127948.3047,14.64686871,-1.054032891
186.6000061,162.7561022,80.08702438,25.43672445,66.34913667,0.9417511353,165.4196622,6.194493294,297.8030396,0,225,9.999999747e-05,9.999999747e-05,128008.9609,14.7183342,-1.055929782
186.8000031,154.8120831,80.80453308,24.87247452,66.82382219,0.9464911703,161.2879037,6.198951721,297.8668823,0,225,9.999999747e-05,74.59928131,128070.4141,14.76000786,-1.056527467
187,134.4268913,81.9592363,24.59461286,68.49744501,0.9470612918,169.7905763,6.199342251,297.8040466,0,225,9.999999747e-05,9.999999747e-05,128137.8125,14.80044937,-1.062038774
187.1999969,136.5992427,81.49162781,24.70187389,67.86992778,0.9479719537,168.7150077,6.202133179,297.8666077,0,225,9.999999747e-05,73.98957062,128204.5625,14.81070328,-1.060106545
187.3999939,160.2858283,81.27883549,25.25906297,67.49532415,0.940784538,161.0018825,6.204451561,297.8039551,0,225,9.999999747e-05,9.999999747e-05,128264.8984,14.72149754,-1.050641476
187.6000061,140.3153415,80.5140229,24.74870492,67.52255367,0.9462810436,169.6128877,6.207326412,297.8658447,0,225,9.999999747e-05,73.64876556,128330.8281,14.79593468,-1.055881819
187.8000031,141.9226889,81.13578221,24.65404153,68.44205401,0.9479421358,172.1852239,6.208990574,297.8030396,0,225,9.999999747e-05,9.999999747e-05,128397.0391,14.8329277,-1.053934903
188,139.0548047,80.7022363,24.66209027,67.47258716,0.9481185259,169.53382,6.210356712,297.8649292,0,225,9.999999747e-05,73.71155548,128463.1562,14.80804253,-1.053700188
188.1999969,136.4690422,81.90684362,24.68131827,68.42160418,0.9461970788,171.4865159,6.210649967,297.8021545,0,225,9.999999747e-05,9.999999747e-05,128530.4531,14.81633186,-1.053544186
188.3999939,138.6901208,81.40218267,24.6737309,67.7116308,0.946869635,169.0060686,6.211409092,297.8642578,0,225,9.999999747e-05,73.88871765,128596.6797,14.80682373,-1.051873585
188.6000061,132.2309495,81.93753665,24.57473144,68.54408695,0.9486889779,169.9388194,6.210748672,297.8014832,0,225,9.999999747e-05,9.999999747e-05,128664.4609,14.83817387,-1.053224035
188.8000031,145.3782458,80.56688235,24.6591143,67.82282307,0.9486671344,171.0704219,6.211719036,297.8637695,0,225,9.999999747e-05,74.05473328,128729.5234,14.83581734,-1.048014925
189,131.7761462,82.05416954,24.58964789,68.63236409,0.9487540754,169.832696,6.213961124,297.8009949,0,225,9.999999747e-05,9.999999747e-05,128797.5391,14.86814308,-1.051341983
189.1999969,152.8497102,80.32949826,24.71236408,67.06094141,0.9512286601,162.3831662,6.215331554,297.8635559,0,225,9.999999747e-05,74.19465637,128859.25,14.83032417,-1.043090703
189.3999939,157.0153423,82.09439664,25.21361077,67.84094619,0.9419431409,159.8475166,6.218615532,297.8009644,0,225,9.999999747e-05,9.999999747e-05,128920.2031,14.78230667,-1.04031985
189.6000061,176.1081981,80.30290305,25.44634858,66.94252102,0.9400747761,160.6457214,6.221154213,297.8634949,0,225,9.999999747e-05,74.22618866,128976.9688,14.74084663,-1.032451975
189.8000031,143.8751176,81.14913977,24.72074901,68.31232194,0.9474436763,171.3836783,6.223609447,297.8007507,0,225,9.999999747e-05,9.999999747e-05,129042.6094,14.86556053,-1.041696131
190,152.883177,78.67720923,24.93348996,66.422524,0.9473238494,173.4636314,6.227431774,297.8631592,0,225,9.999999747e-05,74.30373383,129106.3125,14.83297825,-1.037147849
190.1999969,158.6786657,79.09058726,24.94704739,65.8790249,0.9510305184,163.1239358,6.233820438,297.8005981,0,225,9.999999747e-05,9.999999747e-05,129166.9297,14.8500185,-1.033162682
190.3999939,140.4648703,80.32966927,24.73761837,67.35075723,0.9468662323,170.212469,6.239260674,297.8628235,0,225,9.999999747e-05,74.25249481,129232.9531,14.86571407,-1.0369196
190.6000061,163.0384219,81.28621884,25.35163458,67.15079357,0.9398050838,159.6692967,6.244941711,297.8002625,0,225,9.999999747e-05,9.999999747e-05,129292.5469,14.78240395,-1.027331751
190.8000031,136.8087677,81.453747,24.70572903,67.78384389,0.9474384545,170.8906486,6.251776218,297.8623657,0,225,9.999999747e-05,74.26933289,129359.7891,14.89960098,-1.03364749
191,163.3874093,80.39064645,25.52333333,66.22783606,0.9408065074,163.6642811,6.259305954,297.7997742,0,225,9.999999747e-05,9.999999747e-05,129420,14.7934351,-1.022406112
191.1999969,139.3146728,80.49553713,24.67859553,67.0638235,0.9476002914,167.8259915,6.265081882,297.8619995,0,225,9.999999747e-05,74.34567261,129485.7969,14.87603188,-1.027926716
191.3999939,135.5934615,81.27043863,24.5350695,68.68421699,0.9513770173,171.2445301,6.262321949,297.8241272,0,225,9.999999747e-05,9.999999747e-05,129553.1641,10.78489685,-1.027233443
191.6000061,182.3933684,78.65671457,25.59448869,65.59158333,0.9382925076,161.8410709,6.232598305,298.0030212,0,225,9.999999747e-05,62.09499741,129608.5312,14.74045467,-1.029649657
191.8000031,143.5835304,81.56872199,24.7907727,67.97825158,0.9460988402,168.7412399,6.239584923,297.8833008,0,225,55.40389633,6.209499836,129673.9062,14.89560986,-1.039014174
192,140.9867077,79.83870089,24.90240034,66.84992235,0.9475462156,173.2837262,6.247877121,298.0663147,0,225,16.62116814,159.3714142,129740.3672,14.89981079,-1.039633887
192.1999969,152.5773513,81.69792554,24.74905965,67.53140242,0.9491564837,155.8729879,6.258266926,297.9413452,0,225,76.2802124,15.93714142,129801.3906,14.91189957,-1.034984625
192.3999939,140.5073191,81.27512408,24.55285634,68.45251092,0.9503893684,171.8610346,6.183096409,298.4971313,0,225,22.88406372,171.2493286,129867.9062,4.375745773,-1.051900443
192.6000061,198.6147708,78.06684905,25.79107197,64.31465521,0.9391877819,155.9731808,6.143704891,298.4412842,0,225,213.368042,17.12493324,129918.3984,14.68941307,-1.088599094
192.8000031,162.2414569,81.40135195,25.00096503,67.71569339,0.9476187006,154.613788,6.151959896,298.1333618,0,225,208.5742645,1.7124933,129977.0156,14.86311913,-1.078880482
193,149.2974488,80.98372347,24.73814005,67.82183887,0.947859637,165.8387922,6.158567905,297.9267578,0,225,119.3054276,0.17124933,130040.4531,14.88111877,-1.06006631
193.1999969,168.329543,80.69226067,25.31065257,66.85197568,0.942735175,157.0845654,6.165625095,298.019104,0,225,35.79162979,118.9461823,130098.2266,14.79924202,-1.046827002
193.3999939,163.2583629,80.35658945,24.89077253,66.91121978,0.9494925634,154.8888411,6.172583103,297.8966675,0,225,66.45115662,11.89461803,130156.4219,14.85541153,-1.044576539
193.6000061,160.3460959,80.07974596,25.01417779,66.53068962,0.9462976763,161.4269738,6.177972794,298.0535889,0,225,19.93534851,146.9353638,130216.4141,14.82381344,-1.044390759
193.8000031,143.9417785,81.42332087,24.75922343,68.3123075,0.9474995213,166.2279091,6.183311939,297.9276428,0,225,71.11753845,14.69353676,130281.0156,14.89146137,-1.048606492
194,149.2857429,80.23473213,24.86307046,67.1490385,0.9461748501,168.1879962,6.18909359,298.1081848,0,225,21.3352623,162.6066284,130344.6562,14.86209488,-1.046743804
194.1999969,167.6390907,80.7696501,25.11123136,66.98232793,0.9439342578,158.5902088,6.193714142,297.9701233,0,225,81.85971832,16.26066208,130402.6562,14.81275368,-1.0402852
194.3999939,152.7197446,79.84456696,24.80263792,67.24615607,0.9485391095,165.5192632,6.199906826,297.8653564,0,225,36.92366028,1.626066327,130464.9922,14.8862915,-1.033618981
194.6000061,151.4291291,80.20057894,24.8896431,67.04382203,0.9452289373,167.5464201,6.206675529,297.8905334,0,225,11.07709789,60.75963211,130528.1641,14.86602211,-1.028587597
194.8000031,148.2161421,79.56035567,24.95881071,66.47556578,0.9472674085,170.9012051,6.213769436,297.8239441,0,225,3.323129416,9.999999747e-05,130592.5625,14.88072109,-1.025526198
195,158.4052247,80.34423368,24.90520662,66.34848815,0.9467037894,162.1387799,6.222448349,297.8682251,0,225,0.9969388247,64.80883789,130653.3281,14.87025166,-1.018699505
195.1999969,168.8668275,79.70424635,25.48984814,65.90260157,0.9416486896,162.3695382,6.229339123,297.805542,0,225,0.2990816534,9.999999747e-05,130711.8516,14.80348873,-1.011975739
195.3999939,148.7425117,80.4157753,24.92598858,67.05175636,0.9454484988,168.0546247,6.236084938,297.8579102,0,225,0.08972449601,69.0640564,130775.7344,14.88094807,-1.015549351
195.6000061,141.4681385,81.18739633,24.76313595,67.77878964,0.947582542,168.6775613,6.242788792,297.7953796,0,225,0.02691734768,9.999999747e-05,130841.3984,14.92188454,-1.015096488
195.8000031,148.9356351,79.9801167,24.75160511,67.29715381,0.9493971623,168.9818764,6.249181271,297.8539429,0,225,0.008075204678,72.80072021,130905.2578,14.92545033,-1.010273702
196,144.3378883,80.22226406,24.8057453,67.38799395,0.9461619378,169.1809539,6.256206512,297.7914734,0,225,0.002422561403,9.999999747e-05,130970.2031,14.90858555,-1.009240328
196.1999969,148.479797,80.01006332,24.74407276,67.30512037,0.9494467137,169.2085006,6.261222839,297.8537903,0,225,0.0007267683977,75.09205627,131034.1406,14.92444324,-1.005772631
196.3999939,162.8173391,81.38080259,25.30600183,67.11728158,0.9408825767,159.7895362,6.269125462,297.7914124,0,225,0.0002180305164,9.999999747e-05,131093.7656,14.84966564,-0.9989928775
196.6000061,149.4078493,79.83631655,24.96010986,66.09285585,0.9451737424,170.155815,6.278200626,297.8551025,0,225,9.999999747e-05,75.99810791,131157.875,14.89316177,-1.000562736
196.8000031,143.2405509,81.16818428,24.74733686,67.53724085,0.9468134263,168.7357422,6.289927483,297.7926025,0,225,9.999999747e-05,9.999999747e-05,131223.3594,14.95955086,-0.9994426643
197,168.4795395,81.13627762,25.46141176,66.56211998,0.9406747589,158.6653132,6.30272007,297.8565369,0,225,9.999999747e-05,76.14785004,131281.7344,14.86877155,-0.9880993715
197.1999969,140.9430736,80.26938035,24.89886858,66.78440356,0.9474957791,171.9940135,6.314415455,297.7940369,0,225,9.999999747e-05,9.999999747e-05,131348.125,14.95632744,-0.9933471997
197.3999939,139.691642,81.29309565,24.78403625,67.31541428,0.9475349466,168.2429082,6.322332382,297.8573914,0,225,9.999999747e-05,75.93397522,131414.0781,14.94505596,-0.990934632
197.6000061,138.8834526,81.72887632,24.74907376,67.66372317,0.9458463669,168.1864079,6.32993269,297.7949219,0,225,9.999999747e-05,9.999999747e-05,131480.2656,14.94119358,-0.9888496992
197.8000031,148.3116783,80.01673018,24.90622823,66.56271061,0.9441743613,169.1776646,6.33581543,297.8576355,0,225,9.999999747e-05,75.59720612,131544.25,14.89389706,-0.9837902741
198,135.4011082,81.81860149,24.72643404,67.86895233,0.9474227304,167.8878522,6.343089104,297.795166,0,225,9.999999747e-05,9.999999747e-05,131611.0781,14.96353531,-0.9857321204
198.1999969,146.3424044,81.2169857,24.79924457,66.71028268,0.9486944963,162.8355756,6.350991726,297.8574829,0,225,9.999999747e-05,75.38204956,131674.5,14.94234943,-0.9800596991
198.3999939,140.4891802,81.46528323,24.88136411,67.72637328,0.9456459688,169.222924,6.357532024,297.7950439,0,225,9.999999747e-05,9.999999747e-05,131740.4688,14.94508171,-0.9796894001
198.6000061,157.4645794,79.89290664,24.88096963,66.86974874,0.9497263044,165.0166633,6.363525867,297.8571472,0,225,9.999999747e-05,75.30765533,131801.6562,14.95212841,-0.972449515
198.8000031,140.0988796,80.64134586,24.91097084,66.81337487,0.9473748909,171.9053311,6.371711254,297.7946777,0,225,9.999999747e-05,9.999999747e-05,131868.0938,14.96206474,-0.9756850913
199,176.0051324,80.45114581,25.61811068,65.16354929,0.941631568,154.0978703,6.380640984,297.8568726,0,225,9.999999747e-05,75.33020782,131923.625,14.84072113,-0.9621846659
199.1999969,172.4343885,80.83710705,25.35438711,67.19400129,0.9419888488,162.1083875,6.389428616,297.7945557,0,225,9.999999747e-05,9.999999747e-05,131981.5625,14.91129398,-0.9608301632
199.3999939,145.8552271,81.41033615,24.84743098,66.64654302,0.9476857719,162.6245498,6.394143105,297.8565369,0,225,9.999999747e-05,75.33098602,132044.9531,14.93554306,-0.9669976969
199.6000061,150.7613309,79.66182815,24.93732568,66.93590892,0.9489302429,172.6704294,6.39927721,297.7940979,0,225,9.999999747e-05,9.999999747e-05,132108.9844,14.97436714,-0.9638416051
199.8000031,147.3137369,79.33677883,24.93616372,65.68751298,0.946265165,169.7374749,6.405758381,297.8560486,0,225,9.999999747e-05,75.39544678,132173.0938,14.92759418,-0.9630977915
200,161.0825561,79.32447149,25.01399919,66.04558271,0.9501392128,164.4926821,6.417099476,297.7937317,0,225,9.999999747e-05,9.999999747e-05,132233.4688,14.98269176,-0.9565062979
200.1999969,153.7111464,80.02292071,24.85341159,67.09033607,0.9479958107,170.1967249,6.431596756,297.8555603,0,225,9.999999747e-05,75.421875,132296.7656,15.02063465,-0.955694511
200.3999939,153.5364692,79.40988374,24.95401202,66.68308158,0.9496146452,170.3791257,6.447378159,297.7931824,0,225,9.999999747e-05,9.999999747e-05,132360.0312,15.0319128,-0.9523323774
200.6000061,139.4744563,81.74282349,24.85633923,67.19248511,0.9470054864,167.7768691,6.423396111,297.9606628,0,225,9.999999747e-05,75.53651428,132426.1562,5.33818531,-0.9543964606
200.8000031,198.0602529,77.88422733,25.79446814,64.18760651,0.9387246273,155.6060958,6.388546944,298.0038452,0,225,50.48975754,7.55365181,132476.7969,14.81991959,-0.9624312829
201,147.9022417,80.80825925,24.8960265,66.85961564,0.9464062677,165.1862059,6.399033546,297.8703613,0,225,62.65963745,0.7553651333,132540.25,14.9711113,-0.96819846
201.1999969,147.1534624,80.52269321,25.01211891,66.36197167,0.9452451535,170.9374553,6.409339905,298.0142517,0,225,18.79789162,139.4296265,132604.9688,14.96312809,-0.9661466917
201.3999939,148.0558683,79.82122741,25.02965328,66.39060848,0.9462301827,170.0306666,6.418154716,297.8988037,0,225,64.58379364,13.94296169,132669.0781,14.96457863,-0.9643840984
201.6000061,148.9724182,80.06479312,25.04276023,66.3386732,0.9456492524,169.826291,6.426288128,298.0670776,0,225,19.37513733,155.4416351,132732.9688,14.95903587,-0.9637362863
201.8000031,159.285438,81.7537386,25.33421251,67.61346002,0.9413091301,161.1552192,6.278891563,298.5250549,0,225,74.50527954,15.5441637,132793.3438,3.236831427,-0.9890534626
202,199.7103415,77.5578513,25.80003943,64.06348022,0.9387307355,155.187349,6.223071575,298.4941711,0,225,233.7546234,1.554416418,132843.1562,14.74982929,-1.032873108
202.1999969,169.9384583,80.41933243,25.18871274,67.01587988,0.9459834968,155.9517495,6.23007822,298.1448364,0,225,239.3633118,0.1554416418,132900.0938,14.89882946,-1.021268033
202.3999939,154.7777781,80.27348225,24.82586367,67.39853406,0.9494333157,165.6906586,6.234960556,297.9149475,0,225,137.6063385,0.01554416399,132962.125,14.94662285,-1.002193857
202.6000061,153.3859472,79.78815935,24.89436789,66.69918149,0.9464625079,167.2254463,6.238671303,298.0236511,0,225,41.28190231,136.254425,133024.6094,14.90337944,-0.9964179944
202.8000031,151.2146612,80.77657331,24.89949159,67.54454839,0.946116381,166.6927453,6.241978168,297.8876648,0,225,77.31910706,13.62544155,133087.6406,14.92096806,-0.9944856925
203,153.8556702,80.19336298,24.91642968,66.75703675,0.945489683,167.2665937,6.244198322,298.0690918,0,225,23.19573212,167.7543182,133150.0156,14.89396191,-0.993972506
203.1999969,168.0951934,80.37494641,25.15127337,66.35252235,0.9456276123,156.0916677,6.247524261,297.9314575,0,225,82.58956146,16.77543259,133207.2656,14.87149048,-0.9898577206
203.3999939,160.8220158,79.18345107,24.93336248,66.5945059,0.946777614,167.6109976,6.252764225,298.1358643,0,225,24.77686691,182.936142,133268.0469,14.9250679,-0.9927334462
203.6000061,181.1782456,80.2188623,25.33433075,66.24977408,0.9447098921,149.431332,6.261435509,297.9944153,0,225,93.76173401,18.29361343,133321.3438,14.88629818,-0.9865130176
203.8000031,154.7192978,80.20716472,24.99338144,66.87580156,0.9449175087,165.759768,6.272117615,297.8806152,0,225,48.52418518,1.82936132,133383.4844,14.95320988,-0.9822142019
204,154.5789919,79.40526355,25.03260121,66.04142834,0.9465180865,168.2639287,6.282908916,297.9179077,0,225,14.55725574,71.18043518,133445.9375,14.95331001,-0.9763692037
204.1999969,152.9565187,80.26545191,24.9823983,67.0199049,0.9451295517,167.0060352,6.294099331,297.8505859,0,225,4.367176533,9.999999747e-05,133508.6406,14.96799469,-0.9726263187
204.3999939,182.5954344,80.05905839,25.54422224,65.38381854,0.9406019768,152.9116603,6.30762291,297.8909302,0,225,1.310153008,63.76329422,133562.5156,14.87499523,-0.959442683
204.6000061,159.7852167,80.21783649,24.99823043,66.12484226,0.9468412705,158.9751427,6.322269917,297.8283386,0,225,0.3930459023,9.999999747e-05,133622.2969,14.96858215,-0.9616995232
204.8000031,159.8170331,80.13963091,25.00310003,66.01523037,0.9463631708,162.1709675,6.334892273,297.8696899,0,225,0.1179137677,63.58691025,133682.6094,14.95832634,-0.9573905524
205,153.8560859,79.47429604,25.0930275,65.98733923,0.9454220593,168.9138891,6.345011711,297.8074036,0,225,0.03537413105,9.999999747e-05,133745.2812,14.95017624,-0.955391374
205.1999969,177.6071039,79.52452816,25.58968556,65.15632304,0.9396197475,159.3043468,6.354876518,297.8553772,0,225,0.01061223913,67.57362366,133801.1875,14.86074352,-0.9451591618
205.3999939,155.1695092,79.96289428,25.03589058,66.26687125,0.9432050455,166.2080782,6.365012646,297.7932129,0,225,0.003183671739,9.999999747e-05,133863.1406,14.93936443,-0.9486017245
205.6000061,161.4883191,79.58113715,25.13267088,65.27165404,0.9449335542,163.0096646,6.373058319,297.8483887,0,225,0.0009551015683,72.01151276,133922.9844,14.91461086,-0.9440354006
205.8000031,165.9039754,78.86302827,25.22925014,64.82459855,0.9442578104,161.9080562,6.380658627,297.7863464,0,225,0.0002865304705,9.999999747e-05,133981.5,14.89472389,-0.9402964247
206,150.7732352,80.45662726,24.97253347,66.49133242,0.945921222,166.3056749,6.390966415,297.8464661,0,225,9.999999747e-05,75.13404083,134044.4688,14.9782896,-0.9422980214
206.1999969,160.2246717,79.73982988,25.13420757,65.42455786,0.9459901446,161.4385823,6.3988204,297.7844543,0,225,9.999999747e-05,9.999999747e-05,134104.2656,14.93229389,-0.9370777128
206.3999939,152.3944601,80.37467739,25.0388848,66.48609245,0.9445549699,166.9302225,6.406626225,297.8471069,0,225,9.999999747e-05,76.75337982,134166.9219,14.96109581,-0.9372775997
206.6000061,181.1616842,79.17612665,25.47419331,65.90707688,0.941079137,159.7254817,6.41569519,297.7851257,0,225,9.999999747e-05,9.999999747e-05,134222.0156,14.90765095,-0.9266645896
206.8000031,159.9748529,79.57565925,25.00361739,66.57755953,0.9472251385,166.8514838,6.42399931,297.8485107,0,225,9.999999747e-05,77.24175262,134282.9062,14.99224758,-0.9306591414
207,168.4358518,79.37887531,25.09648397,65.98417902,0.9475218086,159.681324,6.428190231,297.7865295,0,225,9.999999747e-05,9.999999747e-05,134340.4219,14.94936275,-0.9264470983
207.1999969,157.6245743,79.19957238,25.15731752,65.21434045,0.9434333449,164.6739551,6.435693264,297.8497009,0,225,9.999999747e-05,77.13371277,134401.2344,14.92597675,-0.9279393224
207.3999939,168.1751069,79.64043921,25.09424582,66.16589325,0.9474848056,160.8125032,6.445419312,297.7876892,0,225,9.999999747e-05,9.999999747e-05,134459.2656,14.98817444,-0.9227438822
207.6000061,157.9482048,79.57633233,25.13779427,65.80883625,0.9434190324,165.0335127,6.458856583,297.8502808,0,225,9.999999747e-05,76.85744476,134520.3594,14.97445679,-0.9230987527
207.8000031,170.5534752,80.91487222,25.52324424,65.96104925,0.9393486912,156.9164888,6.470584393,297.788269,0,225,9.999999747e-05,9.999999747e-05,134577.5469,14.92275238,-0.9166954278
208,165.3360984,79.46017442,25.0905149,66.34799038,0.9460479692,166.6711441,6.482750416,297.8503113,0,225,9.999999747e-05,76.58614349,134637.375,15.01168823,-0.9155968666
208.1999969,165.1511032,79.57126764,25.21430393,65.48027985,0.943413419,160.2870957,6.495445728,297.7883301,0,225,9.999999747e-05,9.999999747e-05,134696,14.96167469,-0.9129991273
208.3999939,161.3143322,80.1229236,25.23279307,65.40704775,0.9442005229,161.5870393,6.508378983,297.8500977,0,225,9.999999747e-05,76.44387817,134755.8125,14.97423935,-0.9114451776
208.6000061,156.6318426,80.80204732,25.18488407,66.34259903,0.9435815479,163.8771795,6.519252777,297.7880249,0,222.1665497,9.999999747e-05,9.999999747e-05,134816.5781,14.98724079,-0.9103121754
208.8000031,185.0517584,79.2765201,25.57059078,65.62256705,0.9415129944,158.1487761,6.530511856,297.849823,0,214.9911346,9.999999747e-05,76.45670319,134868.5781,14.92950535,-0.8998114578
209,184.3304001,79.11640783,25.64362815,65.29637289,0.940987256,157.4082148,6.542048931,297.7879028,0,203.3043365,9.999999747e-05,9.999999747e-05,134918.2031,14.90183926,-0.89766381
209.1999969,162.4810601,79.82081759,25.27925016,64.96191722,0.940711693,159.4204558,6.549574375,297.8495483,0,187.003006,9.999999747e-05,76.44580078,134969.4219,14.86140347,-0.9018913323
209.3999939,166.5575217,81.13845392,25.49080718,65.54876519,0.9389569187,156.1615387,6.553529263,297.7876282,0,167.7055054,9.999999747e-05,9.999999747e-05,135015.5,14.81309032,-0.8992354767
209.6000061,167.9128239,80.93503988,25.63075719,65.04518238,0.9355366641,153.6332558,6.547352791,297.8493652,0.5197936296,83.85275269,9.999999747e-05,76.47428894,135043.5469,14.58945084,-0.8983040058
209.8000031,136.6274375,81.99129748,24.94714868,64.55707208,0.9407803402,145.3721773,6.540851593,297.7875671,0,65.46458435,9.999999747e-05,9.999999747e-05,135072.6875,14.5892334,-0.9074762216
210,156.8948394,80.37681972,25.1918824,64.13699225,0.9391464414,144.4537061,6.533205986,297.8493652,0,49.64556885,9.999999747e-05,76.46118927,135093.8594,14.5282383,-0.9020402841
210.1999969,156.5296348,80.21183548,25.14538656,64.12657118,0.9405015492,142.815093,6.524570465,297.7876587,0,36.88753891,9.999999747e-05,9.999999747e-05,135112.1094,14.51023483,-0.9026493151
210.3999939,176.2001499,78.63776528,25.37557525,63.79509805,0.938940516,140.2523305,6.515705109,297.8495178,0,27.58324814,9.999999747e-05,76.4371109,135123.5781,14.46557713,-0.8976473423
210.6000061,162.1876097,79.73392844,25.21397908,63.9156988,0.9392704689,141.858551,6.506718159,297.7878113,0,21.82259941,9.999999747e-05,9.999999747e-05,135137.375,14.47591305,-0.9022864304
210.8000031,167.1140782,78.76865462,25.22459269,63.9147738,0.9405768594,140.2839465,6.498016357,297.8496094,0,19.65644646,9.999999747e-05,76.41149139,135149.2344,14.48400021,-0.901547401
211,176.5462194,78.81671163,25.22586566,64.45839393,0.9465105381,150.6948706,6.489904404,297.7877808,0,20.96969986,9.999999747e-05,9.999999747e-05,135161.6406,14.57807827,-0.899463444
211.1999969,166.042194,78.86423136,25.19110896,63.95400355,0.9420684044,139.0948881,6.482654095,297.8496094,0,25.52662659,9.999999747e-05,76.43274689,135174.8125,14.51787186,-0.9029560664
211.3999939,165.0147185,78.82001549,25.37582346,64.05115246,0.9375700914,142.3851818,6.476374149,297.7879333,0,32.9827652,9.999999747e-05,9.999999747e-05,135190.4219,14.50144196,-0.9036315338
211.6000061,184.6754047,78.5654188,25.38742567,64.21642828,0.9436871875,150.3189021,6.471565723,297.8495178,0,42.95044708,9.999999747e-05,76.37794495,135205.6562,14.59505463,-0.8982519658
211.8000031,166.2529244,79.83803415,25.279012,64.01031685,0.9399565017,146.3044441,6.46791172,297.7877197,0,54.8398056,9.999999747e-05,9.999999747e-05,135226.5938,14.57522869,-0.9034466222
212,166.2391252,80.06242189,25.33130847,63.79365422,0.9379820378,139.344963,6.466756344,297.8493958,0,68.19174194,9.999999747e-05,76.37776947,135249.0312,14.58040524,-0.9031590045
212.1999969,171.6725374,78.88650484,25.08643338,64.68569275,0.9482890169,155.6897433,6.46735096,297.7875061,0,82.00138855,9.999999747e-05,9.999999747e-05,135276.2188,14.75035858,-0.9009864656
212.3999939,174.9963863,80.37142707,25.469628,64.39583908,0.9418792804,151.8110406,6.469006062,297.8491211,0,95.57530975,9.999999747e-05,76.48193359,135305.125,14.70465469,-0.8991839834
212.6000061,161.7524868,79.75627409,25.35845407,64.81407202,0.9376101329,154.280609,6.47213459,297.787262,0,108.4894104,9.999999747e-05,9.999999747e-05,135339.7344,14.71183777,-0.9018501981
212.8000031,147.4578865,80.85378605,24.97755822,64.85874147,0.9431492364,151.8155674,6.47636652,297.848877,0,120.1505966,9.999999747e-05,76.52108002,135379.3438,14.78236103,-0.9046280504
213,147.6886276,80.74365903,24.98064802,64.93902533,0.9445568527,154.770133,6.481636047,297.7869568,0,130.1200256,9.999999747e-05,9.999999747e-05,135421.5312,14.82244492,-0.9031546741
213.1999969,157.4336806,80.05816032,25.21813896,65.32348819,0.9409324891,163.7334368,6.487092972,297.8485107,0,137.9818268,9.999999747e-05,76.58648682,135464.9844,14.82907104,-0.898925837
213.3999939,175.704566,79.79990525,25.70785047,64.21155313,0.9352835704,151.5576948,6.300830364,298.5384827,0,143.663559,9.999999747e-05,9.999999747e-05,135503.2344,2.755923748,-0.93504808
213.6000061,199.8747082,77.49421444,25.80108157,64.03344251,0.938693325,155.0858962,6.299115181,298.312439,0,224.4797974,231.9067841,9.999999747e-05,135553.375,14.88807392,-0.965401736
213.8000031,166.1064773,79.96447697,25.09144953,66.42567444,0.9467708815,159.6160022,6.295710087,298.1523132,0,225,168.9381714,9.999999747e-05,135612.125,5.046403408,-0.952485619
214,199.0706385,77.73680887,25.79621373,64.15131879,0.9388272314,155.5086956,6.257918835,298.2367554,0,225,127.1012344,9.999999747e-05,135662.9062,14.87659359,-0.9589705606
214.1999969,171.2376098,79.27358226,25.27798053,65.85516313,0.9435580201,162.0688804,6.275431633,298.0118408,0,225,163.1473694,9.999999747e-05,135721.3281,14.99648762,-0.9529324619
214.3999939,162.0946696,79.63631411,25.0658054,66.18554731,0.9452337213,163.3994237,6.292180538,297.8555908,0,225,93.80054474,9.999999747e-05,135782,15.01782799,-0.9378383399
214.6000061,178.5617024,79.58978126,25.5097313,65.65786431,0.9407996622,158.1064841,6.308115959,297.9465332,0,225,28.14016342,113.3324814,135838.2031,14.94976234,-0.9268753759
214.8000031,164.1696762,79.59029909,25.24294014,66.25258431,0.942094438,164.7263726,6.324147701,297.8755493,0,225,8.442049026,9.999999747e-05,135898.5938,14.99027348,-0.9275759984
215,170.8728675,78.44323895,25.24658396,64.82610512,0.9448082355,161.1111472,6.341545105,297.9347839,0,225,2.532614708,77.36532593,135956.5469,14.97783947,-0.9212777756
215.1999969,164.3543223,79.40596186,25.14549846,65.88128305,0.9434366442,163.3117609,6.358460426,297.8717651,0,225,0.7597844005,9.999999747e-05,136016.3906,14.99539566,-0.9189193129
215.3999939,187.9612635,78.49925718,25.64264466,65.03257076,0.9408511276,158.8907797,6.374681473,297.9058228,0,225,0.2279353291,60.12054825,136070.2188,14.93592834,-0.9075665963
215.6000061,164.3438516,79.11385097,25.2353946,65.51413638,0.9446771877,164.2837164,6.391834259,297.8436279,0,225,0.0683806017,9.999999747e-05,136130.0156,14.99945164,-0.9093826314
215.8000031,169.6404891,79.00957202,25.17555781,65.81635191,0.9445833937,163.5895743,6.410290241,297.8753052,0,225,0.02051417902,58.51636124,136188.5,15.01140785,-0.9030325817
216,178.3476772,79.8474626,25.56480976,65.47059699,0.9398097832,156.9166725,6.427782536,297.8133545,0,225,0.006154254079,9.999999747e-05,136243.9688,14.94464588,-0.8958135097
216.1999969,180.0284866,79.90243066,25.64598223,65.25770632,0.9386694825,156.4992177,6.44643116,297.8537903,0,225,0.001846276107,63.8411026,136299,14.93500805,-0.8909099805
216.3999939,164.6668166,79.50884765,25.27474523,65.52596036,0.9429130937,164.7886508,6.464086533,297.7943726,0,225,0.0005538828555,1.632645011,136358.6719,14.99183369,-0.8908686378
216.6000061,165.6137231,79.23200702,25.31901044,65.30003328,0.9423205777,163.785157,6.484742641,297.8430786,0,225,0.0001661648566,69.05014038,136417.9688,14.99434185,-0.8865703689
216.8000031,168.8653642,79.89148592,25.27280775,65.47778906,0.9432650656,159.6945902,6.505155563,297.7842712,0,225,9.999999747e-05,1.920120358,136475.9062,15.00013256,-0.8815484531
217,188.5352846,78.80469309,25.6753082,65.2934343,0.9398228855,157.4875293,6.525818348,297.839325,0,223.4570007,9.999999747e-05,72.97234344,136528.8281,14.95823383,-0.8723528668
217.1999969,164.0850612,80.07824466,25.27712344,65.8078408,0.9426419207,162.1332848,6.5438447,297.7788391,0,213.6472626,9.999999747e-05,0.905772686,136585.9219,14.98622322,-0.8754472817
217.3999939,190.6492728,78.89027737,25.64149599,65.04053914,0.9413769461,154.835056,6.559721947,297.8389893,0,196.6363678,9.999999747e-05,76.14994049,136632.3438,14.90815067,-0.8651946279
217.6000061,175.6424206,80.18149104,25.56596609,65.19525853,0.9388965335,157.0730542,6.562321186,297.7771912,0.51876086,98.3181839,9.999999747e-05,9.999999747e-05,136662.6406,14.72371483,-0.8672910691
217.8000031,159.4889362,80.07810368,25.36642622,64.5893147,0.9390039594,159.2347399,6.556975842,297.8403625,1.039137006,49.15909195,9.999999747e-05,78.13359833,136686.7188,14.63048172,-0.8712647294
218,150.0186975,80.90481775,25.13800232,63.84593635,0.9379779113,138.9578342,6.547185898,297.7788391,1.559888959,24.57954597,9.999999747e-05,9.999999747e-05,136703.7188,14.50837421,-0.8742575406
218.1999969,158.5030432,79.15056514,25.16217282,63.67037309,0.9373310985,131.7280775,6.535405159,297.8429565,0,6.240287304,9.999999747e-05,78.49289703,136713.0625,14.45284081,-0.8728597446
218.3999939,180.7757654,78.49813443,25.49017381,63.92192083,0.9394854273,145.1742352,6.523178577,297.7813721,0,0,9.999999747e-05,9.999999747e-05,136719.25,14.49485302,-0.8678939232
218.6000061,183.9207437,78.54521302,25.4832886,64.06670018,0.9417528835,151.7786412,6.511466026,297.8447876,0,0,9.999999747e-05,78.24111176,136726.25,14.54726028,-0.8681347607
218.8000031,171.1413677,78.97576437,25.3499159,63.8658986,0.9403821492,141.9557608,6.500226498,297.7832031,0,0,9.999999747e-05,9.999999747e-05,136733.9844,14.51759052,-0.8726474295
219,183.4133121,78.38031003,25.56529282,63.77604584,0.9385240199,143.1638695,6.489604473,297.8458557,0,0.428748101,9.999999747e-05,77.69280243,136739.4688,14.50716591,-0.8703041488
219.1999969,174.2594957,78.2799829,25.50502493,63.85392409,0.9377391176,143.3695922,6.480228901,297.7842712,0,5.105752945,9.999999747e-05,9.999999747e-05,136747.8281,14.51681423,-0.8736432713
219.3999939,173.5827481,78.49826592,25.34260014,63.88547064,0.9404394494,141.6589308,6.472719193,297.8463135,0,13.53101444,9.999999747e-05,77.29355621,136757.7031,14.55130291,-0.8744663723
219.6000061,170.6850408,79.05676592,25.30466917,63.85855067,0.9403496997,142.8888354,6.467446327,297.7846985,0,24.95802879,9.999999747e-05,9.999999747e-05,136770.9219,14.57493877,-0.8755814559
219.8000031,175.7176808,78.99977478,25.32782018,64.18255476,0.9440159374,150.3072611,6.464312553,297.8462219,0,38.49271393,9.999999747e-05,77.05588531,136787.3594,14.64555264,-0.8742177166
220,163.3388369,79.55932611,25.18358878,64.14683288,0.9419922364,144.2412874,6.463262558,297.7845764,0,53.28100967,9.999999747e-05,9.999999747e-05,136808.1875,14.64023685,-0.8772148887
220.1999969,162.3168473,79.66623712,25.18759248,64.09883697,0.9413618908,144.3723787,6.465037823,297.8459778,0,68.48946381,9.999999747e-05,76.95481873,136832.4688,14.67079735,-0.8767802644
220.3999939,161.4038903,79.85869103,25.12542509,64.27848422,0.9428649639,146.5382011,6.470077038,297.7843018,0,82.98519135,9.999999747e-05,9.999999747e-05,136860.5,14.73335075,-0.8758352603
220.6000061,178.6900644,78.61448873,25.25170777,64.76035307,0.9460909993,158.28189,6.476950645,297.8455811,0,95.46359253,9.999999747e-05,76.99662018,136889.6406,14.8140955,-0.8696103167
220.8000031,173.2487332,78.81132495,25.09664596,64.75308889,0.9478339441,155.4622422,6.485296249,297.783783,0,105.1968307,9.999999747e-05,9.999999747e-05,136921.3438,14.84348679,-0.8692304136
221,161.3579638,79.44801399,25.29613588,64.64396426,0.9391093688,153.9650905,6.493058681,297.8452148,0,111.5928955,9.999999747e-05,77.09082794,136956.5938,14.76542187,-0.8705494149
221.1999969,172.6770054,78.26398719,25.30058603,64.98480894,0.9416217659,157.0762408,6.366484642,298.3004761,0,114.8906708,9.999999747e-05,9.999999747e-05,136990.375,2.600644827,-0.8841597752
221.3999939,199.940648,77.46024484,25.80171101,64.0157847,0.9386547723,155.0259716,6.236241341,298.8744812,0,169.2568817,150.8010864,9.999999747e-05,137029.1719,2.471756458,-0.9450499396
221.6000061,199.9023271,77.47731506,25.80131481,64.02569278,0.9386887817,155.0647863,6.14455843,299.2505493,0,225,356.679718,9.999999747e-05,137079.4688,2.40827179,-1.003133512
221.8000031,199.9778974,77.44389895,25.80194487,64.00874501,0.9386522328,155.0103418,6.156120777,298.7348328,0,225,514.9191284,9.999999747e-05,137130.125,14.84123898,-1.00897858
222,182.8458022,78.2963314,25.21779317,65.12543195,0.9476411977,153.3845884,6.173092842,298.3087158,0,225,381.0681458,9.999999747e-05,137184.4219,14.94268513,-0.97292237
222.1999969,177.5872567,78.5409546,25.27938104,65.67062351,0.9442002035,159.3409386,6.191726208,298.0042114,0,225,265.4796753,9.999999747e-05,137241.4062,14.95086002,-0.9436063456
222.3999939,184.7003295,78.83786696,25.52168689,65.32138849,0.9414537759,156.5742985,6.211456299,297.786438,0,225,175.1960144,9.999999747e-05,137296.6562,14.91860867,-0.9185980095
222.6000061,181.5050761,77.89337373,25.34968026,64.72040092,0.9446679926,159.5821402,6.234856129,298.0093384,0,225,52.55880356,207.1110535,137352.9844,14.95978737,-0.9140495534
222.8000031,173.6000929,79.03768559,25.2592755,66.05609432,0.9429965221,162.9049543,6.258012772,297.874115,0,225,123.0815125,20.71110535,137411.7188,14.98065472,-0.9132443043
223,186.4913198,78.26793751,25.61334814,64.9959333,0.9411152659,159.2996756,6.281667709,298.1661377,0,225,36.92445374,244.5522308,137466.7344,14.92684078,-0.909400915
223.1999969,181.4291444,79.11074902,25.34450998,65.37894807,0.9433984052,155.2267685,6.306186199,298.0245361,0,225,133.9747925,24.45522308,137521.9219,14.95079517,-0.9100198247
223.3999939,168.9255577,79.26531009,25.20574632,65.83092934,0.9447133516,161.3867987,6.331418991,297.8882751,0,225,89.15579987,2.445522308,137580.8594,14.98575878,-0.8984272464
223.6000061,173.1659048,78.13535591,25.37003793,65.03914293,0.9423553471,164.9895263,6.356009483,297.9873047,0,225,26.74674034,116.9779663,137639.1719,14.94258976,-0.8906283199
223.8000031,168.9787854,79.48218722,25.26868915,65.83195734,0.9426363742,161.7664596,6.378077984,297.8893433,0,225,57.74773026,11.69779682,137697.7188,14.94330025,-0.8867709015
224,167.8746504,79.2679774,25.23187871,65.62045868,0.9439416363,161.8798911,6.405772686,298.0237732,0,225,17.32431984,134.0344849,137756.4531,14.97697163,-0.883164461
224.1999969,177.8302508,78.5511473,25.43483273,64.93298691,0.9427863475,159.7767234,6.430896759,297.9270325,0,225,60.29500961,13.4034481,137812.2656,14.92641544,-0.8765595791
224.3999939,168.9021383,79.33027999,25.31220502,65.63197838,0.9423264377,161.9914902,6.456157684,298.0648499,0,225,18.08850288,137.5250397,137870.5156,14.94635201,-0.8754301679
224.6000061,179.9498838,78.82663297,25.46877473,64.67419604,0.9424228297,156.7728695,6.48240757,297.9651184,0,225,63.62139893,13.7525034,137925.3125,14.91540718,-0.8690162345
224.8000031,170.1918043,79.41370975,25.35563761,65.59312694,0.9421381741,161.6848669,6.513980865,297.8784485,0,225,30.61200905,1.37525034,137983.4688,14.97185135,-0.8606485846
225,188.9211802,78.75403935,25.64320213,65.15373086,0.9409901732,156.4827469,6.543336391,297.8968811,0,219.9081421,9.183603287,55.98847961,138035.4844,14.92074394,-0.8486179356
225.1999969,172.0721532,79.41085323,25.37828577,65.29069528,0.9421356348,160.1886749,6.571120739,297.8366089,0,203.0983429,2.755080938,2.619191647,138088.4531,14.91908455,-0.8472289697
225.3999939,180.8571768,78.39491495,25.42587241,65.24436368,0.942482569,161.2169293,6.578930378,297.8660278,0.5177647471,101.5491714,0.8265242577,58.11330414,138118.875,14.7301836,-0.8410109574
225.6000061,160.0210193,80.46455205,25.29465184,64.37168162,0.940550684,151.0103126,6.575396061,297.8100586,1.038037777,50.77458572,0.2479572743,3.729931593,138141.7344,14.58445454,-0.8447021473
225.8000031,157.755493,80.40484642,25.31792531,63.80578847,0.936858731,140.9159919,6.565771103,297.84729,1.558791161,25.38729286,0.07438718528,62.38890457,138157.7812,14.45808125,-0.844914271
226,160.8609427,80.1224489,25.3748925,63.55825518,0.9347467,136.7637417,6.55384779,297.7944641,2.079781532,12.69364643,0.02231615596,5.451583385,138169.7812,14.4007082,-0.8443691222
226.1999969,157.8224682,80.08958303,25.42668389,63.34117003,0.9321513996,129.2214937,6.541117191,297.8381348,2.600781441,6.346823215,0.006694846321,66.28966522,138179.7031,14.35010052,-0.8458603371
226.3999939,171.841971,78.77465054,25.47773396,63.51654098,0.9346347284,132.4519807,6.528346539,297.7864075,0,0,0.002008453943,6.071519852,138185.3438,14.37592793,-0.8430271829
226.6000061,177.7426161,78.58322497,25.48722459,63.82072595,0.9383108772,143.9826566,6.516117096,297.8344727,0,0,0.0006025361945,69.15837097,138192.0938,14.43792915,-0.8424509693
226.8000031,189.051098,78.09944987,25.54313187,64.07207904,0.9432047776,151.0693408,6.50445509,297.7820129,0,0,0.0001807608496,5.748321533,138197.8594,14.49870777,-0.8403886425
227,176.3852075,78.59619424,25.45624401,63.82402975,0.9390021122,143.7500043,6.493240833,297.8336182,0,0,9.999999747e-05,71.35848999,138204.7812,14.43642902,-0.8446198713
227.1999969,179.3700679,78.1310484,25.56224682,63.86890615,0.9375176155,145.3169649,6.483143806,297.779541,0,3.223118305,9.999999747e-05,4.681529999,138212.0312,14.44319153,-0.8446581148
227.3999939,187.7889438,78.02289027,25.65061153,64.07051213,0.9398773411,151.8113094,6.47473526,297.8339844,0,10.4828558,9.999999747e-05,73.2154007,138220.2812,14.48151779,-0.8432046829
227.6000061,181.8677395,78.14652601,25.61537141,63.82657429,0.9361091907,146.0262835,6.4685359,297.7778015,0,21.10396194,9.999999747e-05,3.348419189,138230.75,14.45372391,-0.8451083809
227.8000031,172.9303073,78.86419211,25.38859584,63.91496722,0.9396381957,143.8462539,6.465146065,297.835022,0,34.20297241,9.999999747e-05,74.91305542,138245.5,14.51981735,-0.8475276319
228,178.0505383,78.48987899,25.34003639,64.04670769,0.9410909638,146.8134765,6.465454578,297.7762756,0,48.65576935,9.999999747e-05,1.78100884,138262.7969,14.5880003,-0.8457459711
228.1999969,175.7204269,78.4860031,25.31555747,64.1533625,0.9417336351,146.8514177,6.468496799,297.8362427,0,62.98213196,9.999999747e-05,76.67137146,138283.4844,14.62214279,-0.8454929312
228.3999939,172.2196158,78.5726854,25.4535927,64.20494978,0.9384939034,150.3284087,6.473649025,297.7746887,0,76.09436798,9.999999747e-05,0.08377912641,138308.2969,14.62279129,-0.8450894736
228.6000061,175.7504554,79.374859,25.48010723,63.91550769,0.9390522597,145.4530644,6.48086071,297.8375244,0,87.1475296,9.999999747e-05,78.50791168,138333.8438,14.63279533,-0.84266899
228.8000031,167.4319464,79.60951505,25.24580225,64.34262884,0.9420007144,149.9403993,6.490104675,297.7759705,0,95.31611633,9.999999747e-05,9.999999747e-05,138363.75,14.7019558,-0.8430019946
229,178.1450013,77.83643693,25.41733814,64.44914151,0.9405571778,154.8602115,6.50093317,297.8394165,0,99.78703308,9.999999747e-05,78.99143982,138393,14.71408558,-0.838235549
229.1999969,176.9065274,79.80700426,25.52317077,64.38811912,0.9390000409,150.6243771,6.511257648,297.777832,0,99.92788696,9.999999747e-05,9.999999747e-05,138422.1562,14.69124985,-0.8364698361
229.3999939,178.0483087,78.2787812,25.28641652,64.37422081,0.94279662,153.1596518,6.520192146,297.8409119,0,95.94568634,9.999999747e-05,78.78042603,138450.3125,14.7153759,-0.8342510874
229.6000061,172.0766001,79.59431389,25.32104666,64.48610324,0.943353475,154.8250488,6.527007103,297.7792664,0,88.39255524,9.999999747e-05,9.999999747e-05,138478.8281,14.71181679,-0.8341079318
229.8000031,177.6256673,79.49656769,25.53061534,63.97594935,0.9382203717,147.3724581,0,297.8417969,0,78.1158905,9.999999747e-05,78.41657257,138502.625,14.62744999,-100
