Time Step,Discharge rate,Sugar feed rate,Soil bean feed rate,Aeration rate,Back pressure,Water injection/dilution,pH,Temperature,Acid flow rate,Base flow rate,Cooling water,Heating water,Vessel Weight,Dissolved oxygen concentration,Yield Per Step
0,180.0526812,69.668755,28.38298996,57.59156488,0.844747951,139.4579344,6.434360027,297.6690674,0,26.36831284,9.999999747e-05,231.076004,61144.27344,16.79067802,0.05807421469
0.200000003,180.0526812,69.668755,28.38298996,57.59156488,0.844747951,139.4579344,6.450076103,297.8808289,0,52.62429428,9.999999747e-05,66.18837738,61166.52734,16.77799225,-2.808756053e-05
0.400000006,180.0526812,69.668755,27.19238035,57.59156488,0.844747951,139.4579344,6.478055,297.8540649,0,73.06230927,9.999999747e-05,9.999999747e-05,61192.74609,16.76795006,-2.814046333e-05
0.6000000238,180.0526812,69.668755,28.38298996,57.59156488,0.9250206548,139.4579344,6.511082649,298.154541,0,82.31879425,9.999999747e-05,90.15512085,61220.00781,17.42574501,-2.824902215e-05
0.8000000119,180.0526812,69.668755,28.38298996,57.59156488,0.957864537,169.4189625,6.543078899,298.0342712,0,78.38687897,98.39452362,9.015511513,61252.64062,17.69758034,-2.825371873e-05
1,180.0526812,69.668755,28.38298996,57.59156488,0.9498543012,139.4579344,6.564230442,297.9391479,0,61.67596817,60.4446106,0.901551187,61275.72266,17.61212158,-2.786825716e-05
1.200000048,180.0526812,69.668755,28.38298996,57.59156488,0.9252010691,139.4579344,6.562316418,298.1558228,0.5187679529,30.83798409,18.1333828,71.08398438,61292.60938,17.39292145,-2.792267581e-05
1.399999976,180.0526812,69.668755,27.83371424,57.59156488,0.844747951,139.4579344,6.547823429,298.0592957,1.039994478,15.41899204,91.31359863,7.108398438,61306.42188,16.71236992,-2.805381148e-05
1.600000024,180.0526812,69.668755,28.38298996,57.59156488,0.844747951,139.4579344,6.521796227,297.9741516,0,0,62.22730255,0.710839808,61316.90625,16.68241882,-2.792126833e-05
1.799999952,180.0526812,69.668755,27.06013558,57.59156488,0.844747951,139.4579344,6.497045517,297.9252319,0,0,35.80151367,0.07108398527,61327.19531,16.66755104,-2.786751791e-05
2,180.0526812,69.668755,27.72754662,57.59156488,0.844747951,139.4579344,6.474637508,298.0701294,0,1.699679852,10.74045467,44.14322281,61337.99219,16.65404129,-2.805451933e-05
2.200000048,180.0526812,69.668755,27.75977279,57.59156488,0.844747951,139.4579344,6.460618496,298.0168457,0,12.35888767,58.28837204,4.414322376,61350.94141,16.63169289,-2.821320109e-05
2.400000095,180.0526812,69.668755,27.53199104,57.59156488,0.844747951,139.4579344,6.458304405,297.9754944,0,28.60573006,41.44841385,0.4414322078,61367.24219,16.61848831,-2.812366556e-05
2.599999905,180.0526812,69.668755,28.29988355,57.59156488,0.844747951,139.4579344,6.468677044,297.9549561,0,45.76664352,28.21320343,0.04414322227,61387.30469,16.60997963,-2.800642819e-05
2.799999952,180.0526812,69.668755,28.38298996,57.59156488,0.844747951,139.4579344,6.486502647,297.9451904,0,58.77432632,20.52689743,0.00441432232,61410,16.5839119,-2.787192658e-05
3,180.0526812,69.668755,28.38298996,57.59156488,0.8599737871,139.4579344,6.506150723,298.0595093,0,64.66793823,6.158069134,29.29994011,61433.8125,16.68337059,-2.785900154e-05
3.200000048,180.0526812,69.668755,28.38298996,57.59156488,0.8724229805,139.4579344,6.525068283,298.0404663,0,62.72018433,43.61970139,2.929994106,61459.33594,16.77601814,-2.783597853e-05
3.400000095,180.0526812,69.668755,28.38298996,57.59156488,0.8702314923,139.4579344,6.537100792,298.0235901,0,53.21369553,38.42868423,0.2929994166,61482.95703,16.74047661,-2.769415663e-05
3.599999905,180.0526812,69.668755,28.38298996,57.59156488,0.844747951,139.4579344,6.537774086,298.0169067,0,38.91453934,34.25731277,0.02929994091,61503.70312,16.5079174,-2.760862203e-05
3.799999952,180.0526812,69.668755,28.38298996,57.59156488,0.844747951,139.4579344,6.525918961,298.0179443,0,24.36125374,32.96224976,0.002929994138,61520.28125,16.48661613,-2.759632546e-05
4,180.0526812,69.668755,28.38173392,57.59156488,0.844747951,139.4579344,6.505351543,298.0215454,0,14.5546217,34.0121994,0.000292999408,61534.8125,16.45503807,-2.764525818e-05
4.199999809,180.0526812,69.668755,27.65007984,57.59156488,0.844747951,139.4579344,6.483995438,298.0285034,0,12.9635334,35.91213608,9.999999747e-05,61548.89453,16.42890167,-2.772569147e-05
4.400000095,180.0526812,69.668755,27.87105951,57.59156488,0.844747951,139.4579344,6.468404293,298.0361328,0,19.88950729,39.09649658,9.999999747e-05,61564.40625,16.39789009,-2.780153073e-05
4.599999905,180.0526812,69.668755,28.38298996,57.59156488,0.844747951,139.4579344,6.461754322,298.0411682,0,33.03068542,42.74480438,9.999999747e-05,61582.61719,16.36052704,-2.784048918e-05
4.800000191,180.0526812,69.668755,28.38298996,57.59156488,0.844747951,139.4579344,6.466981888,298.0527039,0,48.820858,45.77911758,9.999999747e-05,61604.17188,16.34368134,-2.783096354e-05
5,180.0526812,69.668755,28.38298996,57.59156488,0.844747951,139.4579344,6.479687691,298.0605469,0,62.50967407,51.26688004,9.999999747e-05,61628.47266,16.30923462,-2.777513669e-05
5.199999809,180.0526812,69.668755,28.38298996,57.59156488,0.8626344555,139.4579344,6.497570038,298.0710144,0,71.12960815,55.86766815,9.999999747e-05,61654.57422,16.43489838,-2.768728886e-05
5.400000095,180.0526812,69.668755,28.38298996,57.59156488,0.8765380367,139.4579344,6.513970852,298.0775452,0,72.60351562,61.69023514,9.999999747e-05,61680.92578,16.51586342,-2.759078328e-05
5.599999905,180.0526812,69.668755,28.38298996,57.59156488,0.8731985648,139.4579344,6.526396751,298.0873413,0,67.53856659,66.5267334,9.999999747e-05,61706.28125,16.459795,-2.750841889e-05
5.800000191,180.0526812,69.668755,28.38298996,57.59156488,0.844747951,139.4579344,6.531395912,298.1010437,0,57.51150131,72.76727295,9.999999747e-05,61729.63281,16.19172096,-2.746098614e-05
6,180.0526812,69.668755,28.38298996,57.59156488,0.8554838607,139.4579344,6.524027348,298.102478,0,45.49654007,80.68980408,9.999999747e-05,61750.38672,16.2314167,-2.745046463e-05
6.199999809,180.0526812,69.668755,28.38298996,57.59156488,0.844747951,139.4579344,6.509377956,298.1087036,0,36.44586182,84.87110901,9.999999747e-05,61769.3125,16.10491562,-2.747788039e-05
6.400000095,180.0526812,69.668755,28.38298996,57.59156488,0.844747951,139.4579344,6.491993904,298.1159973,0,33.23921585,90.8585968,9.999999747e-05,61787.58594,16.06485367,-2.753640463e-05
6.599999905,180.0526812,69.668755,28.38298996,57.59156488,0.844747951,139.4579344,6.476832867,298.1200562,0,36.97179031,97.39492035,9.999999747e-05,61806.58594,16.02061081,-2.759610217e-05
6.800000191,180.0526812,69.668755,28.38298996,57.59156488,0.844747951,139.4579344,6.467925072,298.1234131,0,46.75275421,103.0975876,9.999999747e-05,61827.57422,15.97787094,-2.763260324e-05
7,180.0526812,69.668755,28.38298996,57.59156488,0.844747951,139.4579344,6.466870785,298.1268005,0,60.08347702,108.7280655,9.999999747e-05,61851.28125,15.93546963,-2.763373185e-05
7.199999809,180.0526812,69.668755,28.38298996,57.59156488,0.844747951,139.4579344,6.471378326,298.1211853,0,73.83008575,114.4948654,9.999999747e-05,61877.72266,15.8856802,-2.759168799e-05
7.400000095,180.0526812,69.668755,28.38298996,57.59156488,0.9318943868,145.9411328,6.481650829,298.1236267,0,85.78065491,117.2888336,9.999999747e-05,61907.97266,16.57889938,-2.752075938e-05
7.599999905,180.0526812,69.668755,28.38298996,57.59156488,0.8802598206,139.4579344,6.495205402,298.135437,0,93.62101746,122.7182312,9.999999747e-05,61938.56641,16.1053257,-2.744533851e-05
7.800000191,180.0526812,69.668755,28.38298996,57.59156488,0.9594230093,139.4579344,6.507631779,298.1461182,0,96.04723358,131.4066162,9.999999747e-05,61969.65234,16.72380066,-2.737466964e-05
8,180.0526812,69.668755,28.38298996,57.59156488,0.9390006166,170.4485865,6.516244411,298.1539612,0,93.51708984,140.087677,9.999999747e-05,62006.57031,16.51053429,-2.731461513e-05
8.199999809,180.0526812,69.668755,28.38298996,57.59156488,0.9117831512,156.7537941,6.521276951,298.1749268,0,87.55088043,148.1895752,9.999999747e-05,62039.53906,16.23739624,-2.7280372e-05
8.399999619,180.0526812,69.668755,28.38298996,57.59156488,0.9483421602,139.4579344,6.521165371,298.2026672,0,79.57119751,161.1400452,9.999999747e-05,62067.38281,16.49205017,-2.728656831e-05
8.600000381,180.0526812,69.668755,28.38298996,57.59156488,0.9465204991,166.97815,6.513641834,298.2151794,0,71.64142609,177.1158447,9.999999747e-05,62099.19141,16.42190933,-2.731561743e-05
8.800000191,180.0526812,69.668755,28.38298996,57.59156488,0.9274583729,139.4579344,6.501846313,298.2268677,0,66.72908783,188.8204803,9.999999747e-05,62124.33984,16.1962986,-2.735235564e-05
9,180.0526812,69.668755,28.38298996,57.59156488,0.8634864656,139.4579344,6.489589214,298.2449646,0,66.52519989,200.8251343,9.999999747e-05,62149.48047,15.59806728,-2.740861759e-05
9.199999809,180.0526812,69.668755,28.38298996,57.59156488,0.844747951,139.4579344,6.477355957,298.2362366,0,71.21205139,215.4932098,9.999999747e-05,62175.46484,15.36870956,-2.744599044e-05
9.399999619,180.0526812,69.668755,28.38298996,57.59156488,0.844747951,139.4579344,6.472256184,298.2650452,0,80.79064178,221.5319519,9.999999747e-05,62203.56641,15.3125782,-2.747799456e-05
9.600000381,180.0526812,69.668755,28.38298996,57.59156488,0.844747951,139.4579344,6.469994545,298.2666016,0,92.38578796,240.3917389,9.999999747e-05,62233.94531,15.24044991,-2.749609163e-05
9.800000191,180.0526812,69.668755,28.38298996,57.59156488,0.9357571829,139.4579344,6.47028017,298.2551575,0,104.8991165,250.657486,9.999999747e-05,62266.01172,15.93243504,-2.745876206e-05
10,180.0526812,69.668755,28.38298996,57.59156488,0.844747951,139.4579344,6.473145008,298.2557983,0,117.2989502,256.688324,9.999999747e-05,62300.64453,15.09884739,-2.740798241e-05
10.19999981,180.0526812,69.668755,28.38298996,57.59156488,0.945436249,139.4579344,6.476211071,298.2511597,0,128.5523987,266.5620422,9.999999747e-05,62337.55078,15.87018204,-2.73574234e-05
10.39999962,180.0526812,73.00362251,28.38298996,59.8408829,1.032469718,170.4485865,6.478173733,298.2373657,0,138.5870056,274.5582581,9.999999747e-05,62383.73828,16.5615654,-2.729646668e-05
10.60000038,180.0526812,75.44116321,28.38298996,58.363406,1.032469718,153.3007548,6.479532242,298.2397156,0,147.8409119,279.2455444,9.999999747e-05,62429.00781,16.46858215,-2.72443493e-05
10.80000019,180.0526812,78.80746645,28.38298996,57.59156488,0.9567600427,170.4485865,6.479821682,298.2609558,0,156.5498505,289.0604858,9.999999747e-05,62480.57031,15.75607681,-2.723462673e-05
11,180.0526812,76.62728697,28.38298996,57.59156488,1.032469718,170.4485865,6.478423595,298.270752,0,165.1445465,305.3650208,9.999999747e-05,62533.24609,16.31314087,-2.723791521e-05
11.19999981,180.0526812,80.50553929,28.38298996,58.3365654,1.011473587,139.4579344,6.47522068,298.2485962,0,174.3006897,318.3663025,9.999999747e-05,62582.38281,16.04998589,-2.720344367e-05
11.39999962,180.0526812,70.86551776,28.38298996,57.59156488,1.032469718,139.4579344,6.470930576,298.2383118,0,184.7384338,320.8004456,9.999999747e-05,62631.00781,16.12422752,-2.715676255e-05
11.60000038,180.0526812,70.23861491,28.38298996,60.75667615,1.023611857,139.4579344,6.465741634,298.247467,0,196.8900757,326.7460938,9.999999747e-05,62681.98047,16.00315666,-2.714793023e-05
11.80000019,180.0526812,73.05174702,28.38298996,59.86029544,1.003491189,139.4579344,6.459709167,298.2902222,0,211.1166229,338.9137573,9.999999747e-05,62736.73438,15.73106956,-2.719852195e-05
12,180.0526812,71.3987145,28.38298996,58.25365708,1.015647984,139.4579344,6.452561855,298.3094788,0,225,362.8739014,9.999999747e-05,62793.82422,15.70897293,-2.726414239e-05
12.19999981,180.0526812,69.668755,28.38298996,61.10180571,1.003807156,139.4579344,6.443797588,298.2848511,0,225,380.0864563,9.999999747e-05,62850.30859,15.54520321,-2.726675064e-05
12.39999962,180.0526812,69.668755,28.38298996,58.98819013,1.007744288,139.4579344,6.433891296,298.2961426,0,225,383.049469,9.999999747e-05,62906.84766,15.43711758,-2.726936003e-05
12.60000038,180.0526812,69.668755,28.38298996,60.10823899,0.9828773041,139.4579344,6.422993183,298.3177795,0,225,397.8156433,9.999999747e-05,62963.39844,15.13393974,-2.732563228e-05
12.80000019,180.0526812,69.668755,28.38298996,57.59156488,0.931686989,139.4579344,6.411237717,298.3323364,0,225,416.2957764,9.999999747e-05,63019.92188,14.54298496,-2.739086933e-05
13,180.0526812,69.668755,28.38298996,57.59156488,0.8589245927,139.4579344,6.398815632,298.3547974,0,225,433.0746765,9.999999747e-05,63076.45312,13.80965233,-2.746223197e-05
13.19999981,180.0526812,69.668755,28.38298996,57.59156488,0.8583484679,139.4579344,6.385865211,298.3886719,0,225,453.1807556,9.999999747e-05,63133.00391,13.67662239,-2.755811765e-05
13.39999962,180.0526812,69.668755,28.38298996,57.59156488,0.8557344658,139.4579344,6.372479916,298.4291992,0,225,478.0021057,9.999999747e-05,63189.57031,13.52165508,-2.767684888e-05
13.60000038,180.0526812,72.37660052,28.38298996,57.59156488,0.8481787997,139.4579344,6.358589649,298.4283447,0,225,506.3042908,9.999999747e-05,63246.79688,13.32450104,-2.776321763e-05
13.80000019,180.0526812,85.15070056,28.38298996,57.59156488,0.8882094977,139.4579344,6.344470024,298.471283,0,225,521.7944946,9.999999747e-05,63307.62109,13.5201931,-2.785731172e-05
14,180.0526812,69.668755,28.38298996,57.59156488,0.8450288319,139.4579344,6.329984665,298.4616699,0,225,552.680603,9.999999747e-05,63364.07812,13.0106287,-2.794296794e-05
14.19999981,180.0526812,82.11621648,28.38298996,57.59156488,0.844747951,139.4579344,6.315207481,298.4578247,0,225,566.7214966,9.999999747e-05,63423.94141,12.86281204,-2.798520633e-05
14.39999962,180.0526812,85.15070056,28.38298996,57.91432576,0.9159876763,139.4579344,6.300384045,298.4838867,0,225,582.7741699,9.999999747e-05,63484.68359,13.31183529,-2.806746436e-05
14.60000038,180.0526812,69.668755,28.38298996,57.59156488,0.8458311873,139.4579344,6.285123825,298.4631653,0,225,608.9597778,9.999999747e-05,63541.07422,12.55693531,-2.813319341e-05
14.80000019,180.0526812,85.15070056,28.38298996,60.93363526,0.8802344633,139.4579344,6.269444466,298.4355774,0,225,619.7675171,9.999999747e-05,63601.66406,12.77582359,-2.814886585e-05
15,180.0526812,77.86678708,28.38298996,57.59156488,0.844747951,139.4579344,6.253423691,298.4085388,0,225,627.7680054,9.999999747e-05,63660.22656,12.23192024,-2.816102602e-05
15.19999981,180.0526812,81.68692566,28.38298996,57.59156488,0.844747951,139.4579344,6.237843037,298.4280396,0,225,634.9858398,9.999999747e-05,63719.88281,12.06840897,-2.822592531e-05
15.39999962,180.0526812,85.15070056,28.38298996,57.59156488,0.844747951,139.4579344,6.222950459,298.4708557,0,225,657.2355347,9.999999747e-05,63780.52734,11.91936111,-2.836353144e-05
15.60000038,180.0526812,85.15070056,28.38298996,57.59156488,0.844747951,139.4579344,6.210760117,298.5350037,0,225,687.9138184,9.999999747e-05,63841.23438,11.90211773,-2.854490102e-05
15.80000019,180.0526812,85.15070056,28.38298996,57.59156488,0.844747951,139.4579344,6.234466076,298.2403259,0,225,727.3775024,9.999999747e-05,63901.93359,14.50671291,0.004393856073
16,180.0526812,69.668755,28.38298996,58.60969397,0.9512332234,139.4579344,6.280604362,297.7505493,0,225,645.2960205,9.999999747e-05,63958.42188,15.68828487,0.1449038393
16.20000076,180.0526812,75.57529597,28.38298996,63.45541624,1.020405898,139.4579344,6.322961807,300.3274231,0,225,193.5888062,768.4499512,64016.25,16.22406387,0.07065780154
16.39999962,180.0526812,72.00690211,28.38298996,66.31795919,1.032469718,170.4485865,6.362984657,299.5075073,0,225,1076.929443,76.84499359,64079.26172,16.4230442,0.09088876589
16.60000038,180.0526812,69.668755,28.38298996,62.56565119,1.00254402,139.4579344,6.400178909,298.7528076,0,225,862.0091553,7.684499264,64135.47266,16.15885353,0.1570959363
16.79999924,180.0526812,70.5527824,28.38298996,68.59478961,1.032469718,158.7577136,6.433249474,298.2734375,0,225,664.3192139,0.7684499025,64196.10156,16.47084236,0.1542124198
17,180.0526812,69.668755,28.38298996,62.61928054,0.9607719709,139.4579344,6.463069439,297.9273682,0,225,532.822998,0.07684499025,64252.59766,15.81356907,0.19320063
17.20000076,180.0526812,69.668755,28.38298996,63.60893594,1.032469718,139.4579344,6.489441872,299.7384644,0,225,159.8468933,531.3201904,64308.85156,16.42623711,0.1941431406
17.39999962,180.0526812,69.668755,28.38298996,67.40924049,1.032469718,170.4485865,6.512289047,299.1730347,0,225,784.5446167,53.13201904,64371.26953,16.48692131,0.1891847168
17.60000038,180.0526812,74.55035746,28.38298996,65.68160777,1.032469718,170.4485865,6.529714108,298.7026367,0,220.6139221,641.0872192,5.313201904,64434.32812,16.38586426,0.114861011
17.79999924,180.0526812,69.668755,28.38298996,63.90609559,1.027642746,170.4485865,6.546193123,298.3348999,0,209.264267,527.0250854,0.5313202143,64493.80469,16.41012955,0.2235579782
18,180.0526812,78.64544655,28.38298996,66.64339147,1.032469718,170.4485865,6.555393696,298.0846252,0,191.3087158,430.0276794,0.05313201994,64552.0625,16.3428421,0.09804353556
18.20000076,180.0526812,73.78813271,28.38298996,62.46010088,1.032469718,170.4485865,6.546091557,297.9355164,0.5195569992,95.65435791,359.0008545,0.005313201807,64589.62891,16.31960106,0.1718056269
18.39999962,180.0526812,69.668755,28.38298996,57.59156488,1.030161702,170.4485865,6.530274868,299.214325,0,77.7976532,107.7002563,354.0551758,64622.12891,16.30741119,0.3008373507
18.60000038,180.0526812,69.668755,28.38298996,57.59156488,1.032469718,170.4485865,6.508930206,298.8518982,0,66.2297821,547.5825195,35.40551758,64652.18359,16.32766342,0.3317851832
18.79999924,180.0526812,69.668755,28.38298996,57.59156488,1.017377319,139.4579344,6.487891674,298.5212097,0,63.19710541,458.4925842,3.540551662,64675.48828,16.17931557,0.3673362507
19,180.0526812,70.41731885,28.38298996,59.9739558,1.032469718,139.4579344,6.470663071,298.2726746,0,68.56105804,379.0701294,0.3540551662,64700.25,16.33011627,0.3929642127
19.20000076,180.0526812,69.668755,28.38298996,57.59156488,0.9411704294,139.4579344,6.462631226,298.1296387,0,80.80510712,315.3504639,0.03540551662,64727.57422,15.54058647,0.4212505797
19.39999962,180.0526812,69.668755,28.38298996,57.59156488,0.9575284108,139.4579344,6.463412762,298.0422668,0,96.24385071,278.0925293,0.003540551756,64758.24219,15.6783247,0.4328731672
19.60000038,180.0526812,69.668755,28.38298996,57.59156488,0.9167169541,139.4579344,6.471161842,297.9921265,0,111.3705597,253.8895111,0.0003540551697,64792.16406,15.33634281,0.4407590286
19.79999924,180.0526812,69.668755,28.38298996,57.59156488,0.8832385911,162.1414975,6.482841492,297.9667358,0,123.4029007,238.822052,9.999999747e-05,64833.33594,15.07048416,0.4422575942
20,180.0526812,69.668755,28.38298996,57.59156488,0.9540220074,139.4579344,6.494736195,297.9354553,0,130.7727356,230.1482849,9.999999747e-05,64871.35547,15.66208935,0.4896647011
20.20000076,180.0526812,69.668755,28.38298996,60.98125441,1.010297754,170.4485865,6.506093025,298.8923645,0,133.3965302,69.044487,246.0912933,64916.17969,16.19733047,0.4939420894
20.39999962,180.0526812,72.95439245,28.38298996,61.27679251,1.032469718,170.4485865,6.514347553,298.724823,0,131.4801788,396.9851379,24.60912895,64961.37109,16.33705711,0.3878949766
20.60000038,180.0526812,72.94249089,28.38298996,59.6046061,1.032469718,170.4485865,6.520044327,298.5235596,0,126.2705078,365.4751587,2.460912943,65005.52734,16.3190403,0.4153644835
20.79999924,180.0526812,75.97675832,28.38298996,58.75547093,1.032469718,170.4485865,6.520922184,298.3553772,0,118.7805557,324.4714661,0.2460912913,65048.92969,16.26673889,0.362492763
21,180.0526812,70.6943333,28.38298996,57.59156488,1.032469718,170.4485865,6.521116734,298.2303162,0,110.9471207,287.5971375,0.02460912988,65089.33594,16.33467674,0.5833508487
21.20000076,180.0526812,72.18500627,28.38298996,57.59156488,1.010410208,170.4485865,6.517803192,298.1469727,0,103.0225372,259.0362549,0.002460912801,65128.52734,16.12293243,0.5536924489
21.39999962,180.0526812,69.668755,28.38298996,57.59156488,0.9905820074,170.4485865,6.512160301,298.0727539,0,96.43266296,239.8557892,0.0002460912801,65165.64453,16.00349236,0.7202553704
21.60000038,180.0526812,69.668755,28.38298996,57.59156488,0.9769475384,170.4485865,6.503510952,298.0024719,0,92.09637451,220.3843842,9.999999747e-05,65201.78906,15.9012022,0.8078301001
21.79999924,180.0526812,69.668755,28.38298996,57.59156488,0.9500219638,139.4579344,6.495407104,297.9645996,0,91.22223663,199.4237213,9.999999747e-05,65231.40625,15.65241146,0.8442921763
22,180.0526812,69.668755,28.38298996,57.59156488,0.8963211061,170.4485865,6.489314079,297.9431152,0,93.57837677,186.9747467,9.999999747e-05,65267.89453,15.22260475,0.8645263498
22.20000076,180.0526812,69.668755,28.38298996,57.59156488,0.8461624472,139.4579344,6.486567497,298.7275085,0,98.36672974,56.0924263,195.3183289,65298.91797,14.77829456,0.8757151126
22.39999962,180.0526812,69.668755,28.38298996,57.59156488,0.8620646582,170.4485865,6.487030983,298.6000366,0,104.2492294,324.7382202,19.53183365,65337.44141,14.93266964,0.8763100438
22.60000038,180.0526812,69.668755,28.38298996,57.59156488,1.006345986,143.4759193,6.489659786,298.4468689,0,109.9464493,302.1593323,1.953183293,65371.64453,16.12877464,0.9194474536
22.79999924,180.0526812,69.76354349,28.38298996,57.59156488,1.032469718,170.4485865,6.492557526,298.3060303,0,114.5954361,272.7647705,0.1953183264,65412.35547,16.37731934,0.9859573516
23,180.0526812,69.668755,28.38298996,59.5671466,1.032469718,170.4485865,6.496263504,298.2028198,0,118.0913162,242.0893707,0.01953183301,65453.80078,16.41158104,1.033621199
23.20000076,180.0526812,72.01873502,28.38298996,57.59156488,0.9962171072,170.4485865,6.500733376,298.1534119,0,120.1030045,219.0164337,0.00195318344,65496.42188,16.03887939,0.8857646642
23.39999962,180.0526812,71.99430101,28.38298996,57.59156488,1.013061808,170.4485865,6.504016399,298.1038513,0,120.3269272,210.346405,0.0001953183382,65539.05469,16.19119263,0.9440512784
23.60000038,180.0526812,72.96558467,28.38298996,60.28072227,1.028413191,140.9089496,6.505639553,298.0634155,0,119.2438965,199.3750916,9.999999747e-05,65575.64844,16.32325172,0.9578367083
23.79999924,180.0526812,69.668755,28.38298996,57.59156488,1.011269548,139.4579344,6.508785725,298.0467224,0,117.5132141,189.6862488,9.999999747e-05,65610.8125,16.18277931,1.130998574
24,180.0526812,76.39555639,28.38298996,57.59156488,0.9577555217,170.4485865,6.509077072,298.0562439,0,114.5138779,186.610199,9.999999747e-05,65653.60938,15.63695526,0.7444587309
24.20000076,180.0526812,69.668755,28.38298996,57.59156488,0.9577637133,139.4579344,6.510886192,298.058136,0,111.412178,191.7731628,9.999999747e-05,65687.625,15.71873856,1.137520395
24.39999962,180.0526812,71.69127721,28.38298996,57.80703374,0.9665757519,170.4485865,6.509794235,298.0491333,0,107.572731,194.4617157,9.999999747e-05,65727.74219,15.78729916,1.085189916
24.60000038,180.0526812,71.55105708,28.38298996,57.59156488,1.019305058,170.4485865,6.50740242,298.0408325,0,104.1844482,193.5237427,9.999999747e-05,65767.13281,16.23144913,1.131249859
24.79999924,180.0526812,69.668755,28.38298996,57.59156488,1.004898874,170.4485865,6.504612446,298.0276184,0,101.747879,192.5636597,9.999999747e-05,65805.52344,16.14584923,1.296764537
25,180.0526812,69.668755,28.38298996,57.59156488,0.9814399375,170.4485865,6.501581192,298.0189819,0,100.424469,189.6058807,9.999999747e-05,65843.66406,15.95145798,1.33712097
25.20000076,180.0526812,69.668755,28.38298996,57.59156488,0.9633735315,151.8914276,6.498898029,298.0160522,0,100.3129654,187.754776,9.999999747e-05,65878.00781,15.78660488,1.37441031
25.39999962,180.0526812,69.668755,28.38298996,57.59156488,0.9907632452,139.4579344,6.497487545,298.023407,0,101.2729187,187.5261078,9.999999747e-05,65910.0625,16.00066948,1.388667065
25.60000038,180.0526812,69.668755,28.38298996,57.59156488,0.979499444,170.4485865,6.497421741,298.0346375,0,102.7939301,190.687561,9.999999747e-05,65948.85156,15.92502499,1.388382079
25.79999924,180.0526812,69.668755,28.38298996,57.59156488,0.9900262386,139.4579344,6.498783112,298.0570984,0,104.341011,195.3831635,9.999999747e-05,65981.67188,15.98391628,1.39251031
26,180.0526812,69.668755,28.38298996,60.72091265,1.016070272,153.9400549,6.501051903,298.0839539,0,105.3431625,204.351181,9.999999747e-05,66017.73438,16.24668121,1.384309845
26.20000076,180.0526812,69.668755,28.38298996,57.59156488,1.02286963,170.4485865,6.502834797,298.0964966,0,105.4393463,215.5813904,9.999999747e-05,66057.19531,16.27873421,1.426133775
26.39999962,180.0526812,70.95920564,28.38298996,57.59156488,0.9843774109,170.4485865,6.503605843,298.1026917,0,104.826889,222.8609009,9.999999747e-05,66096.88281,15.93767738,1.384132221
26.60000038,180.0526812,69.668755,28.38298996,57.59156488,1.008607019,170.4485865,6.503299236,298.0832825,0,103.9076309,228.5227509,9.999999747e-05,66135.94531,16.17610741,1.561862694
26.79999924,180.0526812,69.668755,28.38298996,57.59156488,1.032469718,170.4485865,6.502134323,298.0574951,0,103.1113281,225.6313934,9.999999747e-05,66174.82812,16.38478661,1.632345352
27,180.0526812,69.668755,28.38298996,57.59156488,1.011782245,170.4485865,6.499249458,298.0108337,0,102.7805328,220.0025177,9.999999747e-05,66213.55469,16.22781944,1.741829068
27.20000076,180.0526812,69.668755,28.38298996,58.02183337,1.018098129,170.4485865,6.497169971,297.9825439,0,103.6064529,206.2489319,9.999999747e-05,66252.49219,17.27928543,1.77390263
27.39999962,180.0526812,69.668755,28.38298996,59.37510989,1.015639549,170.4485865,6.495180607,297.9533386,0,105.2561035,197.2445526,9.999999747e-05,66291.75,17.27005577,1.837638118
27.60000038,180.0526812,69.668755,28.38298996,57.59156488,1.032469718,162.7425746,6.493703365,297.9277649,0,107.7037811,186.7339325,9.999999747e-05,66329.92188,17.39594078,1.897062669
27.79999924,180.0526812,69.668755,28.38298996,60.42624578,1.016234278,170.4485865,6.492721558,298.6870117,0,110.7408218,56.02017593,201.5562897,66370.14844,17.28531837,1.949210176
28,180.0526812,69.668755,28.38298996,57.61352874,1.026653249,170.4485865,6.492288113,298.5328674,0,114.1706543,315.4415283,20.1556282,66410.96094,17.35356712,1.998888923
28.20000076,180.0526812,71.96424948,28.38298996,59.73077897,1.032469718,170.4485865,6.491420746,298.3523865,0,117.7736359,282.3270569,2.015562773,66453.13281,17.39900589,1.947573503
28.39999962,180.0526812,71.02933141,28.38298996,63.07753639,1.032469718,170.4485865,6.492592812,298.2244568,0,121.7267914,241.2019653,0.2015562952,66495.96094,17.43386459,2.019051424
28.60000038,180.0526812,71.30100478,28.38298996,61.06897192,1.032469718,170.4485865,6.494382858,298.1306763,0,125.2030411,211.6348877,0.02015562914,66539.60156,17.41947746,2.048105492
28.79999924,180.0526812,73.74444256,28.38298996,59.88228607,1.01895155,170.4485865,6.49615097,298.0726624,0,127.9678268,188.66008,0.002015562961,66584.50781,17.2769928,1.948527819
29,180.0526812,82.3786114,28.38298996,61.34721848,1.032469718,170.4485865,6.496222496,298.0549927,0,130.0273743,174.2433167,0.0002015562932,66632.17969,17.32282829,1.412720786
29.20000076,180.0526812,70.92243781,28.38298996,65.0789536,1.032469718,170.4485865,6.498823166,298.001709,0,132.063736,171.3121185,9.999999747e-05,66677.10156,17.45464897,2.168952116
29.39999962,180.0526812,79.06631136,28.38298996,62.14567435,1.032469718,170.4485865,6.4987607,297.9825439,0,133.0462036,155.1212311,9.999999747e-05,66724.39062,17.36342621,1.796280261
29.60000038,180.0526812,73.69896285,28.38298996,60.29140444,1.032469718,170.4485865,6.499686241,297.9511108,0,134.0704498,148.9736023,9.999999747e-05,66770.41406,17.3991909,2.1454398
29.79999924,180.0526812,78.14710934,28.38298996,62.65743684,1.032469718,170.4485865,6.499304771,297.9431458,0,134.7126923,137.615036,9.999999747e-05,66817.75781,17.37818718,1.958079605
30,180.0526812,74.60147643,28.38298996,62.80013425,1.032469718,170.4485865,6.500055313,298.5097046,0,135.5150146,41.28451157,143.5084381,66864.21875,17.41093254,2.171536273
30.20000076,180.0526812,72.69459647,28.38298996,62.56707967,1.032469718,170.4485865,6.500257492,298.3785706,0,136.0091858,234.6682739,14.35084438,66910.14062,17.42622375,2.313441569
30.39999962,180.0526812,81.66924926,28.38298996,60.93581806,1.032469718,170.4485865,6.498802662,298.2812195,0,136.4279175,204.2978363,1.435084343,66958.64844,17.33810806,1.863388034
30.60000038,180.0526812,77.86626012,28.38298996,60.15820713,1.032469718,170.4485865,6.498829842,298.2001343,0,137.4321899,185.8939667,0.1435084343,67006.38281,17.36691666,2.10519323
30.79999924,180.0526812,76.90301628,28.38298996,67.1506777,1.032469718,170.4485865,6.498982906,298.134491,0,138.4154205,169.1865387,0.01435084362,67054.07031,17.42517662,2.210390505
31,180.0526812,73.8049134,28.38298996,62.8779975,1.032469718,170.4485865,6.498797894,298.0652161,0,139.3418121,154.660553,0.001435084385,67101.05469,17.42327118,2.408602844
31.20000076,180.0526812,76.41389199,28.38298996,62.28412115,1.032469718,170.4485865,6.496569157,298.0143738,0,140.3437958,136.2978973,0.0001435084414,67148.88281,17.39911461,2.372989645
31.39999962,180.0526812,73.63000331,28.38298996,66.65200295,1.032469718,170.4485865,6.494944096,297.9699097,0,142.2428131,121.7148209,9.999999747e-05,67196.35156,17.45107651,2.501181437
31.60000038,180.0526812,79.32902291,28.38298996,61.24375803,1.032469718,170.4485865,6.49417448,297.972168,0,144.7833557,107.2969055,9.999999747e-05,67245.97656,17.37187767,2.293687059
31.79999924,180.0526812,82.35320258,28.38298996,61.12917585,1.022912416,170.4485865,6.49384737,297.9853516,0,147.6309662,107.2873001,9.999999747e-05,67297.03906,17.26781273,2.150369799
32,180.0526812,80.57793401,28.38298996,66.02533294,1.032469718,170.4485865,6.494342804,297.9853516,0,150.6106873,110.7684479,9.999999747e-05,67348.20312,17.39930534,2.284017933
32.20000076,180.0526812,80.86372496,28.38298996,62.96796656,1.032469718,170.4485865,6.495866299,297.9900818,0,153.3908844,110.1235962,9.999999747e-05,67400.05469,17.37802505,2.289070126
32.40000153,180.0526812,78.53180012,28.38298996,65.26130221,1.032469718,170.4485865,6.497853756,297.9822998,0,155.5608826,111.2058716,9.999999747e-05,67451.69531,17.41479683,2.437688031
32.59999847,180.0526812,78.29705527,28.38298996,66.85767762,1.032469718,170.4485865,6.499948502,297.9769287,0,156.9377594,108.1158218,9.999999747e-05,67503.5625,17.42875671,2.478633732
32.79999924,180.0526812,83.69782791,28.38298996,64.78998491,1.032469718,170.4485865,6.500916958,297.9924622,0,157.4777985,105.6511993,9.999999747e-05,67557.02344,17.37256241,2.239007555
33,180.0526812,84.68662673,28.38298996,65.77652568,1.032469718,170.4485865,6.501085758,298.0005188,0,157.6344757,110.1872406,9.999999747e-05,67610.73438,17.3727169,2.228061654
33.20000076,180.0526812,84.82965142,28.38298996,63.93207503,1.032469718,170.4485865,6.502069473,298.0141602,0,157.722641,112.571228,9.999999747e-05,67664.57031,17.3587532,2.212199353
33.40000153,180.0526812,80.14300145,28.38298996,64.3800354,1.032469718,170.4485865,6.504315376,298.0126648,0,157.4121094,117.232605,9.999999747e-05,67717.09375,17.40126801,2.475825854
33.59999847,180.0526812,82.08532503,28.38298996,65.36049031,1.032469718,170.4485865,6.505691051,298.0180969,0,156.201767,117.1458054,9.999999747e-05,67769.92188,17.39245987,2.411727501
33.79999924,180.0526812,84.73677267,28.38298996,64.40773291,1.032469718,170.4485865,6.504653454,298.0150757,0,154.447937,119.5042648,9.999999747e-05,67822.99219,17.36510468,2.352539852
34,180.0526812,79.72719471,28.38298996,66.46384724,1.032469718,170.4485865,6.502738476,297.9816589,0,153.1143036,119.1051559,9.999999747e-05,67874.32031,17.41935158,2.65039311
34.20000076,180.0526812,77.59155071,28.38298996,65.31802924,1.032469718,170.4485865,6.501819134,297.9597778,0,152.5419006,108.1658325,9.999999747e-05,67924.99219,17.42861748,2.738563319
34.40000153,180.0526812,82.37193561,28.38298996,62.17143663,1.032469718,170.4485865,6.49941349,297.9603577,0,152.3311615,100.1799622,9.999999747e-05,67976.92188,17.37135315,2.615748087
34.59999847,180.0526812,83.40550827,28.38298996,61.92809231,1.032469718,170.4485865,6.497851849,297.9704285,0,153.0906982,99.0276947,9.999999747e-05,68029.35156,17.36250305,2.581589978
34.79999924,180.0526812,82.56484939,28.38298996,60.76650897,1.0159019,170.4485865,6.497587204,297.9798584,0,154.4673615,101.0177231,9.999999747e-05,68081.88281,17.22326088,2.627562361
35,180.0526812,83.54732089,28.38298996,61.24758752,1.032469718,170.4485865,6.498144627,297.9950562,0,155.948288,103.0804138,9.999999747e-05,68135.05469,17.35889244,2.592600103
35.20000076,180.0526812,82.83966842,28.38298996,63.71267665,1.032469718,170.4485865,6.499160767,298.0029602,0,157.2077484,107.4980392,9.999999747e-05,68188.30469,17.38419533,2.647860153
35.40000153,180.0526812,81.82780017,28.38298996,64.90148312,1.032469718,170.4485865,6.499144554,297.9910583,0,158.0619507,109.9317093,9.999999747e-05,68241.35156,17.40219879,2.749157991
35.59999847,180.0526812,82.81017367,28.38298996,61.97969952,1.032469718,170.4485865,6.498716831,297.9837341,0,158.9274597,105.872261,9.999999747e-05,68294.83594,17.37553406,2.750125797
35.79999924,180.0526812,80.95229599,28.38298996,63.99583137,1.032469718,170.4485865,6.498968601,297.9738159,0,159.9621429,103.1061554,9.999999747e-05,68348.03125,17.40556717,2.833836403
36,180.0526812,84.31964925,28.38298996,63.3448094,1.032469718,170.4485865,6.496801376,297.9648132,0,160.8925781,99.12651825,9.999999747e-05,68402.21875,17.37758827,2.783636308
36.20000076,180.0526812,76.41625367,28.38298996,64.24935931,1.032469718,170.4485865,6.498509407,297.9466553,0,162.7000427,95.11628723,9.999999747e-05,68454.72656,17.4434967,2.972552097
36.40000153,180.0526812,78.96038053,28.38298996,65.35697539,1.032469718,170.4485865,6.499740601,298.3709412,0,163.8037567,28.53488731,108.993782,68508.10156,17.43420601,2.948933327
36.59999847,180.0526812,82.58222532,28.38298996,64.52080938,1.032469718,170.4485865,6.497872353,298.2656555,0,164.4290009,173.0558777,10.89937878,68562.40625,17.40345955,2.902923779
36.79999924,180.0526812,79.2041849,28.38298996,60.12372911,1.032469718,170.4485865,6.495322227,298.1433716,0,165.8101654,147.4615326,1.089937806,68616,17.39768982,2.985260727
37,180.0526812,80.93784548,28.38298996,64.28933271,1.032469718,168.7306906,6.494394779,298.0812988,0,168.2036591,116.0191422,0.1089937836,68670.30469,17.41664886,2.979879084
37.20000076,180.0526812,81.87200885,28.38298996,65.82794213,1.032469718,170.4485865,6.494781494,298.0502625,0,170.9605408,100.8982391,0.01089937799,68725.85156,17.42405701,2.977762579
37.40000153,180.0526812,73.91121982,28.38298996,64.58835226,1.032469718,170.4485865,6.498963356,298.0140991,0,173.5636749,93.70879364,0.001089937869,68779.85156,17.47370911,3.081528522
37.59999847,180.0526812,83.12029156,28.38298996,64.88222375,1.032469718,170.4485865,6.500885963,298.0234375,0,174.4858398,83.34998322,0.0001089937869,68836.59375,17.4133606,2.97443371
37.79999924,180.0526812,78.70696477,28.38298996,64.28445688,1.032469718,170.4485865,6.502710819,298.0061035,0,174.6585541,87.37043762,9.999999747e-05,68892.08594,17.44131279,3.07284416
38,180.0526812,79.04748639,28.38298996,61.94203329,1.032469718,170.4485865,6.501851559,297.9825439,0,174.0943909,82.20237732,9.999999747e-05,68947.42969,17.42248344,3.079793063
38.20000076,180.0526812,83.89085492,28.38298996,64.87610084,1.032469718,170.4485865,6.498729229,297.978241,0,173.8824463,74.43067169,9.999999747e-05,69003.96875,17.41090012,3.040115197
38.40000153,180.0526812,76.23467622,28.38298996,64.92657123,1.032469718,170.4485865,6.499049664,297.9605408,0,174.9181671,72.46970367,9.999999747e-05,69058.71094,17.46345901,3.117275669
38.59999847,180.0526812,75.19245105,26.81338958,65.97560971,1.032469718,146.2962161,6.502634048,297.9550781,0,175.8072205,65.57478333,9.999999747e-05,69108.19531,17.4909687,3.141868651
38.79999924,180.0526812,78.15708843,28.38298996,65.97403118,1.032469718,170.4485865,6.503590584,297.9638672,0,175.2627716,62.34122086,9.999999747e-05,69163.60156,17.46141815,3.145059164
39,180.0526812,83.71069913,28.38298996,63.28630824,1.032469718,170.4485865,6.502290249,297.9833679,0,174.3548889,63.73829651,9.999999747e-05,69220.29688,17.40655518,3.099813474
39.20000076,180.0526812,80.41957453,28.38298996,65.26315403,1.032469718,170.4485865,6.502290249,297.987854,0,173.9661407,69.0379715,9.999999747e-05,69276.03906,17.4434166,3.155304012
39.40000153,180.0526812,81.86411826,28.38298996,65.75682327,1.032469718,170.4485865,6.50244379,297.9982605,0,173.5658569,69.81389618,9.999999747e-05,69332.14062,17.4383049,3.156730537
39.59999847,180.0526812,81.29754005,28.21109537,65.36164557,1.032469718,161.3259994,6.503895283,298.0109558,0,173.1077423,72.91983032,9.999999747e-05,69386.16406,17.43901443,3.183637055
39.79999924,180.0526812,81.29033367,28.38298996,66.73483027,1.032469718,170.4485865,6.505093098,298.0185547,0,172.0652771,77.15462494,9.999999747e-05,69441.90625,17.45109558,3.1958451
40,180.0526812,78.90746892,28.38298996,65.29302858,1.032469718,170.4485865,6.50647974,298.0144348,0,170.5486755,80.08924866,9.999999747e-05,69496.67969,17.45811081,3.234694768
40.20000076,180.0526812,79.09695527,28.38298996,59.61520926,0.9715297588,139.4579344,6.508200169,298.0243835,0,168.4761353,79.30871582,9.999999747e-05,69544.79688,16.89051056,3.252312875
40.40000153,180.0526812,83.16150274,28.38298996,63.86661086,1.032469718,170.4485865,6.508602619,298.0433655,0,165.7149353,83.31174469,9.999999747e-05,69599.90625,17.41908264,3.209026942
40.59999847,180.0526812,83.30816034,28.38298996,62.15366297,1.011646606,170.4485865,6.50798893,298.0503845,0,162.7979889,90.70339966,9.999999747e-05,69654.42188,17.23060989,3.225601835
40.79999924,180.0526812,80.93104896,28.38298996,62.42054425,1.032469718,170.4485865,6.507228374,298.0415955,0,160.1258087,94.60539246,9.999999747e-05,69707.70312,17.42350006,3.280694759
41,180.0526812,83.28306986,28.38298996,63.80403747,1.032469718,170.4485865,6.505455494,298.0422974,0,157.7550354,93.40977478,9.999999747e-05,69761.16406,17.41654205,3.264869288
41.20000076,180.0526812,83.75354352,28.38298996,64.55165285,1.032469718,170.4485865,6.505115509,298.0610657,0,156.0962677,95.28204346,9.999999747e-05,69814.60156,17.41934013,3.261108051
41.40000153,180.0526812,83.39410673,28.38298996,63.30477534,1.032469718,170.4485865,6.505592346,298.0842285,0,154.5654907,103.3324738,9.999999747e-05,69867.75781,17.41355324,3.274140839
41.59999847,180.0526812,82.10548228,28.38298996,63.77829367,1.032469718,170.4485865,6.505036831,298.0764771,0,152.8459015,113.4769897,9.999999747e-05,69920.07031,17.42619133,3.333114773
41.79999924,180.0526812,79.34822719,28.38298996,62.78934809,1.032469718,170.4485865,6.506246567,298.0756836,0,151.3545685,113.7868271,9.999999747e-05,69971.45312,17.44091606,3.394665432
42,180.0526812,84.20993138,28.38298996,61.50100627,1.032469718,170.4485865,6.504950523,298.0818481,0,149.3702087,116.4407578,9.999999747e-05,70023.73438,17.39360237,3.322327941
42.20000076,180.0526812,77.83740087,28.38298996,62.63894953,1.032469718,170.4485865,6.505548954,298.0619202,0,147.9181366,121.4078751,9.999999747e-05,70073.95312,17.45023537,3.438946393
42.40000153,180.0526812,82.17413948,28.38298996,63.0844253,1.032469718,170.4485865,6.504034042,298.0567322,0,146.2123871,117.5629501,9.999999747e-05,70125.00781,17.42117882,3.405292962
42.59999847,180.0526812,83.47129557,28.38298996,65.08110054,1.032469718,170.4485865,6.500861168,298.0405579,0,145.1256409,118.2404175,9.999999747e-05,70176.07812,17.42568207,3.402692007
42.79999924,180.0526812,82.33543759,28.38298996,64.10282634,1.032469718,170.4485865,6.499226093,298.0336304,0,145.3068085,114.8305206,9.999999747e-05,70226.96094,17.42845917,3.437379677
43,180.0526812,78.47872908,28.38298996,62.40625986,1.032469718,170.4485865,6.500555038,298.0323792,0,146.1316528,114.0755157,9.999999747e-05,70277.09375,17.44737816,3.503469585
43.20000076,180.0526812,81.33672622,28.38298996,64.15467236,1.032469718,170.4485865,6.501179218,298.0456238,0,146.4201202,114.9623489,9.999999747e-05,70328.14062,17.44061089,3.489030397
43.40000153,180.0526812,83.32063525,28.38298996,64.50216089,1.032469718,170.4485865,6.50115633,298.0618591,0,146.4706879,120.7549438,9.999999747e-05,70379.77344,17.4290657,3.468323489
43.59999847,180.0526812,78.30191623,28.38298996,61.86905041,1.00816625,170.4485865,6.502762318,298.0514832,0,146.5301819,127.9678116,9.999999747e-05,70430,17.24408722,3.555576676
43.79999924,180.0526812,82.07772021,28.38298996,64.46266189,1.032469718,170.4485865,6.502726078,298.0547485,0,145.9399109,126.5808487,9.999999747e-05,70481.16406,17.43972015,3.530375184
44,180.0526812,82.71326021,28.38298996,63.52450697,1.032469718,170.4485865,6.501455307,298.0409851,0,145.3747864,129.7230377,9.999999747e-05,70532.26562,17.42746544,3.535506507
44.20000076,180.0526812,81.13464587,28.38298996,61.82872053,1.032469718,170.4485865,6.501300335,298.0319214,0,145.3167877,127.0010605,9.999999747e-05,70582.98438,17.42776108,3.573288808
44.40000153,180.0526812,77.08574794,27.92000606,61.10492933,0.9809997465,139.4579344,6.503823757,298.0275879,0,145.3130798,125.5104752,9.999999747e-05,70626.22656,17.01174164,3.62515206
44.59999847,180.0526812,82.82821293,28.38298996,63.78157469,1.032469718,170.4485865,6.503276825,298.0395508,0,144.2948456,125.2781754,9.999999747e-05,70677.32812,17.43193436,3.588365634
44.79999924,180.0526812,81.06854463,27.91977136,66.56000514,1.032469718,170.4485865,6.504047394,298.0523682,0,143.5139008,130.4714203,9.999999747e-05,70727.80469,17.47444916,3.643420501
45,180.0526812,80.72772478,28.38298996,65.83734838,1.032469718,170.4485865,6.503776073,298.0463867,0,142.4107513,136.2931213,9.999999747e-05,70777.92969,17.46358871,3.648050283
45.20000076,180.0526812,80.51248362,28.38298996,65.28825574,1.032469718,170.4485865,6.50355196,298.0429993,0,141.423645,136.0930634,9.999999747e-05,70827.82812,17.46187019,3.667842056
45.40000153,180.0526812,77.71649983,28.38298996,64.45082067,1.032469718,160.4175261,6.503991127,298.0254517,0,140.5226746,136.7125244,9.999999747e-05,70874.64844,17.47020721,3.687840714
45.59999847,180.0526812,83.35076186,28.38298996,64.87707857,1.032469718,170.4485865,6.500955105,298.0101318,0,139.4440308,132.2944641,9.999999747e-05,70924.75,17.43622208,3.656878593
45.79999924,180.0526812,79.9916156,28.38298996,66.35248804,1.032469718,170.4485865,6.499260902,297.9851074,0,139.593338,128.1008606,9.999999747e-05,70973.92969,17.47121048,3.682724276
46,180.0526812,80.91713474,28.38298996,63.07767887,1.032469718,170.4485865,6.497364998,297.9671021,0,140.4047699,119.9551697,9.999999747e-05,71023.5,17.44179916,3.688677219
46.20000076,180.0526812,83.95748735,28.38298996,64.66896496,1.032469718,170.4485865,6.494401455,297.9572144,0,141.9796448,113.3800964,9.999999747e-05,71074.17188,17.4331398,3.682343353
46.40000153,180.0526812,81.70668223,28.38298996,61.95426448,1.032469718,170.4485865,6.493116379,297.9431763,0,144.7426605,108.8625107,9.999999747e-05,71124.77344,17.43089294,3.698310904
46.59999847,180.0526812,77.24754079,28.38298996,64.14763638,1.032469718,170.4485865,6.49479723,298.3703003,0,148.01091,32.65875244,121.9580765,71174.78125,17.48093224,3.69739708
46.79999924,180.0526812,78.10084268,28.38298996,64.30895363,1.032469718,170.4485865,6.495005131,298.2747498,0,150.6023865,177.9883881,12.19580746,71225.33594,17.47554207,3.669858494
47,180.0526812,80.33037121,28.38298996,66.57407238,1.032469718,170.4485865,6.49374342,298.1667175,0,153.1251221,155.708725,1.21958077,71276.9375,17.47719765,3.668212379
47.20000076,180.0526812,79.23105687,28.38298996,65.91312139,1.032469718,170.4485865,6.494724751,298.0965271,0,156.1525879,129.4549866,0.121958077,71328.96094,17.48403549,3.690553808
47.40000153,180.0526812,79.51364743,28.38298996,67.16276755,1.032469718,170.4485865,6.494633675,298.0346985,0,158.7754822,112.3043747,0.01219580788,71381.49219,17.49073219,3.66782667
47.59999847,180.0526812,83.03374411,28.38298996,65.01053217,1.032469718,170.4485865,6.493262768,297.9987183,0,161.4453583,95.11426544,0.001219580765,71435.48438,17.45565796,3.688348347
47.79999924,180.0526812,77.32219647,28.38298996,66.22206066,1.032469718,170.4485865,6.494870663,297.9623413,0,164.6644897,84.46988678,0.0001219580809,71488.59375,17.50239754,3.644669597
48,180.0526812,79.41908847,28.38298996,68.12826329,1.032469718,170.4485865,6.495315075,297.9414673,0,167.2266235,72.14325714,9.999999747e-05,71542.73438,17.50335503,3.655835329
48.20000076,180.0526812,76.64716797,28.38298996,66.2297043,1.032469718,170.4485865,6.49770546,298.2264404,0,169.6242676,21.64297676,81.01893616,71596.59375,17.51081467,3.636292684
48.40000153,180.0526812,82.7005779,28.38298996,63.93719207,1.032469718,170.4485865,6.497003555,298.1651611,0,171.0556488,117.9207306,8.101893425,71652.25781,17.45892143,3.68715482
48.59999847,180.0526812,83.17698954,28.38298996,65.08265656,1.032469718,170.4485865,6.496665478,298.1048279,0,172.7841187,103.1297989,0.8101893663,71708.42969,17.46634674,3.701958696
48.79999924,180.0526812,77.97791292,28.38298996,64.67316912,1.032469718,170.4485865,6.499437809,298.0548401,0,174.6368103,88.96801758,0.08101893216,71763.64844,17.49863052,3.671451845
49,180.0526812,82.99069617,28.38298996,67.05210369,1.032469718,170.4485865,6.498876572,298.0251465,0,175.37146,76.10429382,0.008101893589,71820.28125,17.48415947,3.702537943
49.20000076,180.0526812,79.92739652,28.38298996,67.16948843,1.032469718,170.4485865,6.501484871,298.0102234,0,176.3514709,68.29142761,0.0008101893472,71876.4375,17.50785446,3.720767061
49.40000153,180.0526812,81.46906168,28.38298996,68.72291333,1.032469718,170.4485865,6.502979755,298.0022583,0,176.2672272,64.31092072,9.999999747e-05,71932.97656,17.50949478,3.7383034
49.59999847,180.0526812,82.82208253,28.38298996,64.02412887,1.032469718,170.4485865,6.502745628,297.9945068,0,175.5988007,62.06391525,9.999999747e-05,71989.67188,17.4691925,3.736710745
49.79999924,180.0526812,80.15308529,27.34682466,64.57868129,1.032469718,170.4485865,6.505417824,297.9869385,0,175.0260468,59.52429581,9.999999747e-05,72045.4375,17.50665092,3.724323001
50,180.0526812,79.79843034,28.38298996,64.65080316,1.032469718,170.4485865,6.507122517,297.9880676,0,173.3694611,56.76486969,9.999999747e-05,72100.99219,17.49562645,3.75558419
50.20000076,180.0526812,81.62372162,28.38298996,68.52393077,1.032469718,170.4485865,6.506687164,297.9887695,0,171.0434113,56.72533798,9.999999747e-05,72156.49219,17.50912666,3.763022968
50.40000153,180.0526812,81.47324115,28.38298996,66.8924422,1.032469718,170.4485865,6.50515461,297.9852905,0,168.8955078,56.51255035,9.999999747e-05,72211.46094,17.49816704,3.749542311
50.59999847,180.0526812,82.27479378,28.38298996,67.70587642,1.032469718,170.4485865,6.503765106,297.9889221,0,167.3572235,54.88703537,9.999999747e-05,72266.38281,17.50001144,3.779648577
50.79999924,180.0526812,83.57324326,28.38298996,66.06743544,1.032469718,170.4485865,6.503084183,298.0019531,0,166.3708344,55.61529922,9.999999747e-05,72321.54688,17.4835453,3.832016242
51,180.0526812,84.45934436,28.38298996,66.47113052,1.032469718,170.4485865,6.501936913,298.0111389,0,165.6548767,59.66244888,9.999999747e-05,72376.8125,17.48156548,3.846030501
51.20000076,180.0526812,82.26089814,28.38298996,68.10974174,1.032469718,170.4485865,6.501307011,298.0080261,0,165.4016724,62.81285095,9.999999747e-05,72431.39062,17.50647736,3.820772961
51.40000153,180.0526812,79.30484193,28.38298996,69.23584413,1.032469718,170.4485865,6.500982285,297.9931641,0,165.3972778,62.08190536,9.999999747e-05,72485.10938,17.53087997,3.763022089
51.59999847,180.0526812,82.30562484,28.38298996,67.67832762,1.032469718,170.4485865,6.498769283,297.9866638,0,165.523407,57.28644562,9.999999747e-05,72539.60156,17.50322914,3.788769305
51.79999924,180.0526812,85.15070056,28.38298996,68.49219112,1.032469718,170.4485865,6.495937347,297.9888916,0,166.5418243,54.89561462,9.999999747e-05,72595.0625,17.49371529,3.827443823
52,180.0526812,79.46561588,28.38298996,67.71103787,1.032469718,170.4485865,6.497635365,297.9855042,0,168.6891785,55.21316528,9.999999747e-05,72649.53906,17.5268898,3.800613292
52.20000076,180.0526812,81.50231434,28.38298996,70.04604605,1.032469718,170.4485865,6.499243259,297.9910583,0,170.1404572,53.61503601,9.999999747e-05,72704.89844,17.53305626,3.849991994
52.40000153,180.0526812,84.67445283,28.38298996,64.84074378,1.032469718,170.4485865,6.500629902,298.0090332,0,170.9632416,55.00667953,9.999999747e-05,72761.38281,17.48218727,3.925959064
52.59999847,180.0526812,79.52928944,28.38298996,66.33252167,1.032469718,170.4485865,6.50474596,298.0145569,0,171.2319183,60.8355484,9.999999747e-05,72816.60938,17.52827644,3.905825472
52.79999924,180.0526812,77.53119851,28.38298996,64.64121967,1.032469718,170.4485865,6.508394718,298.0072021,0,169.8444214,62.94605255,9.999999747e-05,72870.94531,17.52761459,3.855433082
53,180.0526812,80.08261689,28.38298996,69.55205073,1.032469718,170.4485865,6.509120941,298.0015564,0,167.0077057,60.91370773,9.999999747e-05,72925.28906,17.54227638,3.867317212
53.20000076,180.0526812,83.62123114,28.38298996,67.95646464,1.032469718,170.4485865,6.508090973,298.0094299,0,163.8886108,59.29071426,9.999999747e-05,72980,17.51077271,3.935067121
53.40000153,180.0526812,84.68869284,28.38298996,68.21910996,1.032469718,170.4485865,6.507064819,298.0240479,0,161.1779175,62.10850525,9.999999747e-05,73034.53906,17.5073719,3.984699422
53.59999847,180.0526812,84.05697411,28.38298996,63.95784235,1.032469718,170.4485865,6.505029678,298.0234375,0,158.8719788,67.4414978,9.999999747e-05,73088.33594,17.47938538,3.955319633
53.79999924,180.0526812,78.83557974,28.38298996,69.78149319,1.032469718,170.4485865,6.505123615,298.0105591,0,157.3834381,68.02713013,9.999999747e-05,73140.42969,17.55148315,3.890168812
54,180.0526812,83.69274081,28.38298996,66.73349392,1.032469718,170.4485865,6.503886223,298.0205383,0,155.8470764,64.46846771,9.999999747e-05,73193.625,17.50391769,3.997840783
54.20000076,180.0526812,77.78410228,25.78162487,65.87510215,1.032469718,170.4485865,6.506138325,297.9953613,0,154.816925,68.40588379,9.999999747e-05,73244.4375,17.56838226,3.807236506
54.40000153,180.0526812,82.30556898,28.38298996,67.97476284,1.032469718,170.4485865,6.503538609,297.9981384,0,152.8701935,60.4064827,9.999999747e-05,73296.52344,17.51920891,3.952622472
54.59999847,180.0526812,83.58139971,28.38298996,63.8499576,1.032469718,170.4485865,6.499700069,297.9978943,0,151.9904633,61.38544083,9.999999747e-05,73348.71094,17.48181534,3.954802562
54.79999924,180.0526812,79.08373961,28.38298996,67.01165035,1.032469718,170.4485865,6.496922016,297.9804382,0,152.6346741,61.20781326,9.999999747e-05,73399.71875,17.52992058,3.851047104
55,180.0526812,83.45535566,28.38298996,65.71962015,1.032469718,170.4485865,6.493180752,297.9792175,0,154.3827667,55.10503387,9.999999747e-05,73452.25781,17.49773216,3.924976989
55.20000076,180.0526812,80.20684061,27.23255307,64.46751863,1.032469718,170.4485865,6.492301464,297.9645691,0,157.6338196,54.08041,9.999999747e-05,73504.33594,17.52595139,3.82803921
55.40000153,180.0526812,82.68706999,28.38298996,64.56655823,1.012587691,170.4485865,6.488064766,297.9555969,0,161.2240753,48.26319504,9.999999747e-05,73557.86719,17.33053398,3.844795336
55.59999847,180.0526812,81.84400429,27.22048916,66.16373453,1.032469718,170.4485865,6.487697124,297.9483643,0,166.5292969,43.94290161,9.999999747e-05,73612.08594,17.53364182,3.819929668
55.79999924,180.0526812,84.37111404,28.29218199,66.99643485,1.032469718,170.4485865,6.486231804,298.1462708,0,171.9580383,13.18286991,54.19106674,73668.19531,17.51429939,3.879286083
56,180.0526812,82.96135267,28.38298996,67.47976243,1.032469718,170.4485865,6.489345551,298.1177673,0,177.9890137,79.57496643,5.419106483,73725.32031,17.53294945,3.932003116
56.20000076,180.0526812,80.62442153,28.38298996,64.52823289,1.032469718,170.4485865,6.494714737,298.0813599,0,182.7559052,73.74839783,0.5419106483,73782.85156,17.53199577,3.921299006
56.40000153,180.0526812,77.98989388,28.38298996,63.2925174,1.032469718,170.4485865,6.499601841,298.0383606,0,185.38237,65.81539917,0.05419106409,73840.10938,17.53846741,3.824522203
56.59999847,180.0526812,82.57426845,28.38298996,68.58089136,1.032469718,170.4485865,6.504042149,298.0313416,0,186.0627441,54.30163956,0.005419106688,73898.89062,17.55397415,3.980365472
56.79999924,180.0526812,75.82790387,25.41047688,67.07377033,1.032469718,163.7749997,6.512862206,298,0,184.9668732,53.64120102,0.0005419106456,73953.70312,17.61882782,3.741214771
57,180.0526812,80.74405973,28.38298996,65.40202896,1.032469718,170.4485865,6.516209602,298.0076294,0,180.3272705,44.05453873,9.999999747e-05,74010.89062,17.54471588,3.99230568
57.20000076,180.0526812,81.58100239,27.01748138,67.65272145,1.032469718,170.4485865,6.519227028,298.0135498,0,174.3806152,46.92671204,9.999999747e-05,74066.89062,17.57282829,4.000862402
57.40000153,180.0526812,82.85124838,28.38298996,66.94283822,1.032469718,170.4485865,6.519141197,298.0278015,0,167.2107086,49.20217133,9.999999747e-05,74122.04688,17.53958511,4.07607567
57.59999847,180.0526812,84.40760836,28.38298996,67.70237369,1.032469718,170.4485865,6.516964436,298.0404663,0,160.0840759,54.57448959,9.999999747e-05,74176.17969,17.53232193,4.105674711
57.79999924,180.0526812,82.72888226,28.38298996,68.16375112,1.032469718,170.4485865,6.514818192,298.0475769,0,153.8251495,59.88291168,9.999999747e-05,74228.63281,17.54410172,4.102637425
58,180.0526812,84.49706579,28.38298996,68.8565469,1.032469718,170.4485865,6.511302471,298.0583191,0,148.4179382,63.75969696,9.999999747e-05,74280.52344,17.53692818,4.150774945
58.20000076,180.0526812,82.73174036,28.38298996,67.14834956,1.032469718,170.4485865,6.507347107,298.0544434,0,144.4216614,69.20021057,9.999999747e-05,74331.0625,17.53303719,4.103226366
58.40000153,180.0526812,83.75655719,28.38298996,63.44288861,1.032469718,170.4485865,6.502650261,298.0509949,0,142.0045166,69.96176147,9.999999747e-05,74381.39062,17.49921417,4.118714735
58.59999847,180.0526812,83.60081768,28.38298996,62.96094498,1.032469718,170.4485865,6.497516155,298.0398865,0,141.4671936,70.84605408,9.999999747e-05,74431.5,17.49569511,4.089911854
58.79999924,180.0526812,83.14635001,28.38298996,65.53938595,1.032469718,170.4485865,6.493910789,298.0314331,0,142.9825287,68.94811249,9.999999747e-05,74481.84375,17.52003098,4.096962257
59,180.0526812,85.15070056,28.38298996,65.94972451,1.032469718,170.4485865,6.491437912,298.0328979,0,145.9335632,67.61138916,9.999999747e-05,74533.39844,17.51516914,4.159767154
59.20000076,180.0526812,82.95104168,28.38298996,63.38157975,1.032469718,170.4485865,6.491291523,298.0270691,0,149.874939,69.3598175,9.999999747e-05,74585.17969,17.5135231,4.13251492
59.40000153,180.0526812,84.86321139,28.38298996,68.00101834,1.032469718,170.4485865,6.492008209,298.0302124,0,153.8708801,68.57593536,9.999999747e-05,74638.36719,17.54027176,4.194873242
59.59999847,180.0526812,75.44388429,28.12799921,67.35186507,1.032469718,170.4485865,6.497945309,298.009613,0,157.5847015,70.7186203,9.999999747e-05,74689.71094,17.60042381,4.017202035
59.79999924,180.0526812,77.89262882,28.38298996,66.79234359,1.032469718,170.4485865,6.502996445,298.0083313,0,158.9093781,64.71947479,9.999999747e-05,74742.11719,17.58350563,4.125599112
60,180.0526812,79.30660628,28.38298996,67.56597466,1.032469718,170.4485865,6.507021904,298.0149536,0,158.2333069,64.78990936,9.999999747e-05,74794.82031,17.58281708,4.188134142
60.20000076,180.0526812,85.06200346,28.38298996,64.17965086,1.032469718,170.4485865,6.507766247,298.0374451,0,155.9475098,67.39586639,9.999999747e-05,74848.69531,17.52263451,4.316985155
60.40000153,180.0526812,78.39964173,27.46057955,64.18514766,1.032469718,150.8729007,6.512133598,298.0435791,0,153.3714905,75.66999054,9.999999747e-05,74896.07031,17.5674305,4.206918514
60.59999847,180.0526812,81.63604332,28.38298996,69.34926272,1.032469718,170.4485865,6.512846947,298.0551453,0,149.0260468,79.02435303,9.999999747e-05,74947.64844,17.58219147,4.307856146
60.79999924,180.0526812,83.9309767,27.8064927,68.09872933,1.032469718,170.4485865,6.511825562,298.0648804,0,144.4188232,84.60166168,9.999999747e-05,74998.79688,17.56433296,4.333978872
61,180.0526812,82.83293688,28.38298996,66.92597168,1.032469718,170.4485865,6.509826183,298.0656433,0,140.2141724,89.94380951,9.999999747e-05,75048.83594,17.55240822,4.3159583
61.20000076,180.0526812,83.40101282,28.38298996,66.03451681,1.032469718,170.4485865,6.507147789,298.0677795,0,136.8069763,92.55891418,9.999999747e-05,75098.36719,17.54162407,4.339102102
61.40000153,180.0526812,77.85899121,28.38298996,66.36287466,1.032469718,170.4485865,6.506963253,298.0562134,0,134.4702301,95.75144958,9.999999747e-05,75145.91406,17.57987785,4.246820488
61.59999847,180.0526812,79.61806871,28.38298996,65.8899844,1.032469718,170.4485865,6.505772591,298.0552368,0,132.197052,94.28929138,9.999999747e-05,75193.53906,17.56627083,4.30992132
61.79999924,180.0526812,83.76135637,28.38298996,61.98556575,1.032469718,170.4485865,6.502400875,298.0639954,0,130.4113312,96.14849854,9.999999747e-05,75241.96094,17.50884628,4.39574393
62,180.0526812,83.79707043,28.38298996,65.21889943,1.032469718,170.4485865,6.499866962,298.0778198,0,129.9781952,101.2499313,9.999999747e-05,75290.41406,17.53687859,4.439539513
62.20000076,180.0526812,81.13107489,28.38298996,65.26213426,1.032469718,170.4485865,6.4993577,298.0846863,0,130.5490265,108.3475037,9.999999747e-05,75338.29688,17.55792236,4.42197035
62.40000153,180.0526812,79.93568366,28.38298996,64.6792124,1.000826094,170.4485865,6.500015259,298.091095,0,131.3194275,113.5388184,9.999999747e-05,75386.07812,17.29829407,4.431324378
62.59999847,180.0526812,81.27740833,28.38298996,65.48468935,1.032469718,170.4485865,6.499976635,298.0936279,0,131.8295593,118.8704147,9.999999747e-05,75434.3125,17.56238556,4.450100939
62.79999924,180.0526812,75.99695805,28.38298996,63.34225316,1.032469718,170.4485865,6.502389908,298.0733032,0,132.3611298,123.1091614,9.999999747e-05,75481.125,17.58115005,4.318830971
63,180.0526812,84.43411178,28.38298996,65.95868441,1.032469718,170.4485865,6.500104904,298.0698853,0,131.9172058,119.5959702,9.999999747e-05,75530.14844,17.54380035,4.468074351
63.20000076,180.0526812,82.52519539,28.38298996,67.08782873,1.032469718,170.4485865,6.499413967,298.0670166,0,132.4103699,121.3192139,9.999999747e-05,75578.80469,17.56777,4.467008235
63.40000153,180.0526812,80.50928632,28.38298996,64.42098361,1.032469718,170.4485865,6.500134945,298.0609436,0,133.1596527,122.9718552,9.999999747e-05,75627.08594,17.56347847,4.446407788
63.59999847,180.0526812,75.86422199,28.24709824,64.38578572,1.032469718,170.4485865,6.50338316,298.0443726,0,133.6211243,123.406601,9.999999747e-05,75674.14844,17.59820175,4.35110669
63.79999924,180.0526812,82.75171689,28.38298996,61.78397772,1.032469718,170.4485865,6.502381802,298.04245,0,132.7795563,120.0243073,9.999999747e-05,75722.9375,17.52826118,4.487285098
64,180.0526812,84.11267956,28.38298996,65.58688319,1.032469718,170.4485865,6.500840187,298.0453796,0,132.360611,121.1479034,9.999999747e-05,75772.04688,17.55037117,4.52720067
64.19999695,180.0526812,83.32719702,28.38298996,65.69287192,1.032469718,170.4485865,6.499281883,298.0293579,0,132.5463104,123.7649536,9.999999747e-05,75820.83594,17.55410385,4.462225099
64.40000153,180.0526812,79.81846203,27.25845536,64.81274898,1.032469718,170.4485865,6.500629425,298.0024109,0,133.3536835,119.9228134,9.999999747e-05,75868.60156,17.58669472,4.349651495
64.59999847,180.0526812,84.98104771,28.38298996,66.79854602,1.032469718,170.4485865,6.498569489,297.9966736,0,133.6124268,111.8422852,9.999999747e-05,75918.04688,17.55377769,4.491980329
64.80000305,180.0526812,79.4526595,27.28603859,67.22819139,1.032469718,170.4485865,6.500394344,297.9733887,0,134.715744,110.1580353,9.999999747e-05,75965.96875,17.6082859,4.336762624
65,180.0526812,84.83677701,28.38298996,62.50405557,1.032469718,170.4485865,6.49836874,297.9662476,0,135.0653839,102.0380249,9.999999747e-05,76015.58594,17.52254868,4.463120828
65.19999695,180.0526812,80.78930138,28.38298996,62.09267253,1.032469718,170.4485865,6.499274731,297.9598083,0,136.2503357,98.75370789,9.999999747e-05,76064.39062,17.54952621,4.420253901
65.40000153,180.0526812,83.62876773,28.38298996,65.68754076,1.032469718,170.4485865,6.49925375,297.9673767,0,137.0510712,95.31695557,9.999999747e-05,76114.21094,17.56203842,4.50982119
65.59999847,180.0526812,83.81874817,28.38298996,62.40582972,1.032469718,170.4485865,6.499051094,297.9682007,0,137.8725128,96.46772003,9.999999747e-05,76164.1875,17.5351696,4.491601028
65.80000305,180.0526812,85.15070056,28.38298996,64.5718103,1.032469718,170.4485865,6.49797821,297.9635315,0,138.7727509,95.47760773,9.999999747e-05,76214.625,17.54303551,4.480676322
66,180.0526812,81.73956673,28.19830543,66.46997632,1.032469718,170.4485865,6.499354839,297.9556885,0,140.1042938,92.66875458,9.999999747e-05,76264.39844,17.58445358,4.423170646
66.19999695,180.0526812,81.76942462,28.28886888,64.30861665,1.026579481,170.4485865,6.500787735,297.9522095,0,140.8743591,88.63267517,9.999999747e-05,76314.36719,17.51929474,4.436552345
66.40000153,180.0526812,85.15070056,28.25451969,66.76681741,1.032469718,170.4485865,6.500388622,297.9555359,0,141.0790558,85.82962799,9.999999747e-05,76365.27344,17.56677246,4.49942346
66.59999847,180.0526812,82.40715544,28.38298996,63.49792562,1.032469718,170.4485865,6.501318455,297.9530029,0,141.4494171,85.21027374,9.999999747e-05,76415.51562,17.55890274,4.447199623
66.80000305,180.0526812,80.80772462,28.38298996,67.74504236,1.032469718,170.4485865,6.50269413,297.9451599,0,141.4376373,82.64304352,9.999999747e-05,76465.27344,17.60052872,4.393077743
67,180.0526812,85.15070056,28.38298996,67.77860957,1.032469718,170.4485865,6.501903057,298.2605286,0,140.8785248,24.79291344,95.32365417,76516.07812,17.57519913,4.501460172
67.19999695,180.0526812,85.15070056,28.38298996,68.38958748,1.032469718,170.4485865,6.50128603,298.2469482,0,140.6442719,131.5934143,9.532365799,76566.79688,17.58107376,4.511851496
67.40000153,180.0526812,84.93564235,28.38298996,67.71123749,1.032469718,170.4485865,6.501581192,298.2243958,0,140.6493835,134.3081207,0.9532365203,76617.63281,17.58268356,4.581835842
67.59999847,180.0526812,85.15070056,28.38298996,68.27558301,1.032469718,170.4485865,6.501860619,298.2031555,0,140.5339355,135.8910828,0.09532365203,76668.55469,17.58747101,4.608176714
67.80000305,180.0526812,85.15070056,28.38298996,67.41658025,1.032469718,170.4485865,6.502078533,298.1810608,0,140.3097229,137.1489563,0.009532365017,76719.44531,17.58210373,4.613175554
68,180.0526812,84.16458834,28.38298996,67.09413163,1.032469718,170.4485865,6.502662659,298.1552429,0,139.9984131,137.3038483,0.0009532365366,76770,17.58668709,4.591401023
68.19999695,180.0526812,84.8602357,28.38298996,66.05522191,1.032469718,170.4485865,6.503004074,298.1419983,0,139.4521179,135.3519897,9.999999747e-05,76820.73438,17.57721138,4.647851912
68.40000153,180.0526812,80.34463553,27.91373721,65.62246816,1.032469718,170.4485865,6.505775928,298.1156311,0,138.7712402,136.7962036,9.999999747e-05,76870,17.61056519,4.532202441
68.59999847,180.0526812,82.52678457,28.38298996,67.58518757,1.032469718,170.4485865,6.506450176,298.1010742,0,136.9728546,133.1234741,9.999999747e-05,76919.60938,17.6052227,4.614002251
68.80000305,180.0526812,84.40311978,28.38298996,63.1176678,1.032469718,170.4485865,6.50564146,298.0911865,0,134.9193726,132.6416473,9.999999747e-05,76969.32031,17.55770302,4.658988931
69,180.0526812,76.92565502,27.4415505,67.74437051,1.032469718,170.4485865,6.509296417,298.0671082,0,133.1875305,133.1216888,9.999999747e-05,77016.47656,17.65688705,4.468981991
69.19999695,180.0526812,82.9735453,28.38298996,68.31508613,1.032469718,170.4485865,6.507962704,298.0648804,0,129.9744873,128.312439,9.999999747e-05,77064.84375,17.60809326,4.665196909
69.40000153,180.0526812,81.72926443,28.38298996,68.4138827,1.032469718,170.4485865,6.506504536,298.0513916,0,127.3254929,130.2452545,9.999999747e-05,77112.24219,17.6140213,4.607829025
69.59999847,180.0526812,81.1742111,28.24134339,68.09884158,1.032469718,170.4485865,6.504896641,298.0331421,0,125.2441635,128.0324249,9.999999747e-05,77158.99219,17.61533928,4.57052559
69.80000305,180.0526812,81.88739933,28.38298996,65.26603114,1.032469718,170.4485865,6.502675533,298.0207214,0,123.8061905,123.7655792,9.999999747e-05,77205.67969,17.58772278,4.599073093
70,180.0526812,82.37322734,28.1441771,66.34684747,1.032469718,170.4485865,6.500210762,298.0044556,0,123.2580795,120.8671875,9.999999747e-05,77252.28906,17.594841,4.577208622
70.19999695,180.0526812,81.22263276,28.38298996,64.71276228,1.032469718,170.4485865,6.498678684,297.9910889,0,123.6947174,116.1184158,9.999999747e-05,77298.71875,17.58829308,4.567066967
70.40000153,180.0526812,79.0029366,28.24767059,64.51010333,1.032469718,170.4485865,6.49831295,297.966156,0,124.7403793,111.7953644,9.999999747e-05,77344.64062,17.6015377,4.460564159
70.59999847,180.0526812,81.69270039,26.4113097,65.1816353,1.032469718,170.4485865,6.498145103,297.941864,0,125.9315186,102.9584732,9.999999747e-05,77391.15625,17.6140728,4.433853483
70.80000305,180.0526812,80.93417528,28.38298996,64.22119817,1.032469718,170.4485865,6.497386932,298.2944031,0,127.1929245,30.88754272,115.6301346,77438.01562,17.58784103,4.500055417
71,180.0526812,76.28199593,27.95725095,67.4717805,1.032469718,170.4485865,6.499415874,298.2471619,0,128.7601318,150.5137177,11.56301308,77483.70312,17.64649773,4.320877726
71.19999695,180.0526812,84.81063085,28.38298996,64.62213354,1.032469718,170.4485865,6.495933533,298.1815186,0,129.5046234,142.6151428,1.15630126,77531.84375,17.56472206,4.498950657
71.40000153,180.0526812,82.31422657,28.38298996,65.13842003,1.032469718,170.4485865,6.494366646,298.1161194,0,131.6691589,129.5856781,0.1156301349,77579.71875,17.5853653,4.423516515
71.59999847,180.0526812,82.10519788,25.86310559,65.63484448,1.032469718,170.4485865,6.495331287,298.0488892,0,134.436554,114.3256302,0.01156301331,77627.59375,17.62420273,4.278751119
71.80000305,180.0526812,85.15070056,28.38298996,66.79180396,1.032469718,170.4485865,6.492980003,298.0077209,0,136.8158569,95.96878052,0.001156301354,77677.1875,17.58309555,4.435468943
72,180.0526812,82.52475075,27.49548879,66.0522714,1.032469718,170.4485865,6.494334698,297.9745483,0,140.1547546,84.11241913,0.0001156301296,77726.65625,17.60990524,4.368840212
72.19999695,180.0526812,82.08615278,28.38298996,67.534798,1.032469718,170.4485865,6.495438099,297.9491577,0,142.9289703,73.25757599,9.999999747e-05,77776.69531,17.61334038,4.371057972
72.40000153,180.0526812,82.35564278,27.93286309,66.3982571,1.032469718,170.4485865,6.497173309,298.1947632,0,145.2744293,21.97727203,82.73487091,77827.14062,17.61172295,4.349313936
72.59999847,180.0526812,81.22016838,27.24078607,69.19635606,1.032469718,170.4485865,6.499783039,298.1451721,0,146.9228821,104.9875412,8.273487091,77877.39062,17.64729309,4.257366647
72.80000305,180.0526812,85.15070056,28.38298996,67.55966329,1.032469718,170.4485865,6.500689507,298.1104431,0,147.5267181,93.34150696,0.8273487091,77929.1875,17.60473442,4.487360838
73,180.0526812,84.91631707,26.91744993,66.87653492,1.032469718,170.4485865,6.502295494,298.0683899,0,147.7763672,87.17961121,0.08273487538,77980.65625,17.61956215,4.389989729
73.19999695,180.0526812,84.39877178,27.74216135,67.79463251,1.032469718,170.4485865,6.503695965,298.0423279,0,147.3757324,77.07673645,0.008273486979,78032.125,17.62134743,4.443938024
73.40000153,180.0526812,83.21931929,28.38298996,69.25638717,1.032469718,170.4485865,6.504793644,298.0220337,0,146.4178467,70.9620285,0.0008273487329,78083.20312,17.63108826,4.443318504
73.59999847,180.0526812,85.15070056,28.38298996,68.86945679,1.032469718,170.4485865,6.504896641,298.0142212,0,145.0212402,65.74226379,9.999999747e-05,78134.59375,17.61916542,4.524674042
73.80000305,180.0526812,82.21950711,27.6360774,65.64058486,1.019950281,170.4485865,6.506708145,298.0001831,0,143.5856781,64.02331543,9.999999747e-05,78184.78125,17.51792717,4.421417737
74,180.0526812,82.47078879,28.38298996,64.7619424,1.032469718,170.4485865,6.506266594,297.9859009,0,141.4168549,59.77500153,9.999999747e-05,78234.61719,17.60183334,4.404010512
74.19999695,180.0526812,81.87917518,28.38298996,64.41387104,1.032469718,170.4485865,6.505851746,297.9767456,0,139.4373932,54.95868301,9.999999747e-05,78283.92969,17.6033268,4.402396782
74.40000153,180.0526812,80.29912264,25.47652219,66.81175922,1.032469718,170.4485865,6.508847713,297.9634705,0,137.6166534,51.37366867,9.999999747e-05,78331.99219,17.67078972,4.27511298
74.59999847,180.0526812,84.11658524,28.38298996,64.31680157,1.032469718,170.4485865,6.506484509,297.9725037,0,134.5864716,45.99806213,9.999999747e-05,78380.99219,17.59116364,4.512713078
74.80000305,180.0526812,84.36694526,28.17454004,68.47167414,1.032469718,170.4485865,6.504501343,297.9854431,0,132.5300598,47.8427887,9.999999747e-05,78429.69531,17.62596512,4.562362063
75,180.0526812,78.49700116,26.56130024,66.47110548,1.032469718,170.4485865,6.505774498,297.9720154,0,131.2485352,51.20238113,9.999999747e-05,78476.13281,17.66355515,4.266238657
75.19999695,180.0526812,83.23402882,28.38298996,67.55834427,1.032469718,170.4485865,6.502130032,297.9750977,0,129.4483032,45.93073273,9.999999747e-05,78523.76562,17.61849022,4.453184672
75.40000153,180.0526812,82.26151105,28.2764704,68.08713054,1.032469718,170.4485865,6.50040102,297.9830017,0,129.1322479,46.04495239,9.999999747e-05,78571.15625,17.63439369,4.49122094
75.59999847,180.0526812,83.2584312,28.38298996,62.54889867,1.017915636,170.4485865,6.499176502,297.9972229,0,129.4858093,47.81112671,9.999999747e-05,78619.02344,17.46682167,4.577963933
75.80000305,180.0526812,84.75836226,28.25854524,63.35008169,1.032469718,170.4485865,6.498175621,298.0144958,0,130.3336792,52.02239609,9.999999747e-05,78667.52344,17.5919075,4.652608768
76,180.0526812,81.07896814,27.12362985,61.53883873,1.032469718,158.6560752,6.500421524,298.018158,0,131.5827332,57.77019501,9.999999747e-05,78712.63281,17.60861778,4.498236449
76.19999695,180.0526812,79.95098124,27.08237836,67.81765337,1.032469718,170.4485865,6.502949238,298.0130005,0,131.9235229,59.44937515,9.999999747e-05,78759.89844,17.67302704,4.450004532
76.40000153,180.0526812,80.67362179,25.86844116,65.22994922,1.032469718,170.4485865,6.505671024,298.0060425,0,131.2628021,58.3230896,9.999999747e-05,78807,17.66620255,4.41914065
76.59999847,180.0526812,85.15070056,28.38298996,63.76988411,1.032469718,170.4485865,6.504016876,298.0256958,0,129.5135193,56.4523201,9.999999747e-05,78855.53906,17.59806252,4.723134439
76.80000305,180.0526812,80.26855895,26.03896759,68.34397073,1.032469718,170.4485865,6.506534576,298.0217896,0,128.4409943,63.50431061,9.999999747e-05,78902.07812,17.69340515,4.476832081
77,180.0526812,79.1648889,27.92271544,64.11269021,1.032469718,170.4485865,6.507300377,298.0223694,0,126.3336334,62.97557831,9.999999747e-05,78948.21094,17.64410973,4.528338133
77.19999695,180.0526812,79.29253818,26.06535106,65.26766816,1.032469718,170.4485865,6.509706974,298.0297852,0,123.9389954,64.02674103,9.999999747e-05,78993.72656,17.68314171,4.555843468
77.40000153,180.0526812,80.63713657,28.30730285,67.13602338,1.032469718,170.4485865,6.508132935,298.0421448,0,120.5707932,67.41819,9.999999747e-05,79039.28125,17.65637016,4.669369929
77.59999847,180.0526812,83.40178545,28.15718413,66.30551389,1.032469718,170.4485865,6.504481792,298.0551147,0,117.8505402,72.74435425,9.999999747e-05,79085,17.63293457,4.733522796
77.80000305,180.0526812,77.96002157,27.24642046,66.03487364,1.032469718,170.4485865,6.503725052,298.0417175,0,116.5847549,78.70330048,9.999999747e-05,79128.67969,17.67285347,4.469258753
78,180.0526812,78.25564221,28.24231251,66.07004617,1.032469718,170.4485865,6.50170517,298.0326538,0,115.6056061,76.05284882,9.999999747e-05,79172.39844,17.65819931,4.51436243
78.19999695,180.0526812,79.8435276,26.19342189,64.36286696,1.032469718,170.4485865,6.499626637,298.0107422,0,115.4476624,74.58930969,9.999999747e-05,79216.02344,17.65774536,4.392710279
78.40000153,180.0526812,80.39177437,28.38298996,62.26650999,1.032469718,170.4485865,6.495910645,298.0007629,0,116.1174469,68.31806183,9.999999747e-05,79260.32031,17.61060715,4.505725732
78.59999847,180.0526812,79.15332704,28.38298996,64.77896197,1.032469718,170.4485865,6.494545937,297.9946594,0,118.2787781,65.44462585,9.999999747e-05,79304.77344,17.6431694,4.508115669
78.80000305,180.0526812,81.02681205,27.01181668,67.6350428,1.032469718,170.4485865,6.494170666,297.9859924,0,120.9729462,63.43968201,9.999999747e-05,79350.00781,17.67263412,4.48468094
79,180.0526812,84.59543809,27.95058834,65.89339669,1.032469718,170.4485865,6.491913319,297.9852905,0,123.8215103,60.29637909,9.999999747e-05,79396.92969,17.62776756,4.605684852
79.19999695,180.0526812,80.00526254,27.75863454,69.03684116,1.032469718,170.4485865,6.493387222,297.9734497,0,127.5823822,59.59415436,9.999999747e-05,79443.3125,17.68366432,4.452733543
79.40000153,180.0526812,77.37615449,24.54034311,67.76365157,1.032469718,170.4485865,6.500170708,297.9529724,0,130.7353821,54.96886063,9.999999747e-05,79489.09375,17.73734665,4.252152561
79.59999847,180.0526812,82.31737963,28.34597163,68.81258477,1.032469718,170.4485865,6.500902176,297.9603271,0,131.1694794,46.99142075,9.999999747e-05,79537,17.66895485,4.594442159
79.80000305,180.0526812,85.15070056,28.04492108,66.87854014,1.032469718,170.4485865,6.500513077,297.97229,0,131.3478546,47.92111206,9.999999747e-05,79585.67969,17.64357376,4.678119437
80,180.0526812,82.63748114,28.38298996,64.8884326,1.032469718,170.4485865,6.500749111,297.9732666,0,131.6663055,50.50556564,9.999999747e-05,79633.72656,17.6379776,4.575704696
80.19999695,180.0526812,85.15070056,27.81713345,65.81034833,1.032469718,170.4485865,6.499788761,297.973114,0,131.8846893,49.71121979,9.999999747e-05,79682.33594,17.63663101,4.585614483
80.40000153,180.0526812,85.15070056,28.38298996,63.85276894,1.032469718,170.4485865,6.498564243,297.9741211,0,132.493042,48.65562439,9.999999747e-05,79731.17188,17.61541176,4.601482942
80.59999847,180.0526812,83.47278981,27.04761257,66.10111482,1.032469718,170.4485865,6.500180721,297.9713135,0,133.5882874,47.98902893,9.999999747e-05,79779.59375,17.66386032,4.529028652
80.80000305,180.0526812,82.29765318,27.48482746,67.20317832,1.032469718,170.4485865,6.502043247,297.968811,0,134.0267029,46.04889297,9.999999747e-05,79827.86719,17.67506409,4.514608429
81,180.0526812,82.54424281,27.30338125,68.71329047,1.032469718,170.4485865,6.503946304,297.9697266,0,133.7283936,44.13196182,9.999999747e-05,79876.15625,17.68942451,4.538231194
81.19999695,180.0526812,83.88960331,27.23468031,66.95070917,1.032469718,170.4485865,6.504934788,297.9751587,0,132.669632,43.28884125,9.999999747e-05,79924.60938,17.67116547,4.594732499
81.40000153,180.0526812,81.35016748,26.33676402,67.69926535,1.032469718,170.4485865,6.507092953,297.9692078,0,131.2185364,44.0244751,9.999999747e-05,79971.85156,17.70125389,4.442898668
81.59999847,180.0526812,84.19427024,26.90252151,67.39743609,1.032469718,170.4485865,6.50675869,297.9752502,0,128.8973541,41.00336456,9.999999747e-05,80019.53125,17.67637253,4.582453719
81.80000305,180.0526812,85.02566566,27.82515907,65.81093022,1.032469718,170.4485865,6.504285336,297.9822693,0,126.7218781,41.96892929,9.999999747e-05,80067.10156,17.64577103,4.619773298
82,180.0526812,85.15070056,27.23560912,67.99415872,1.032469718,170.4485865,6.502028465,297.9854736,0,125.5348358,43.41725159,9.999999747e-05,80114.34375,17.66871643,4.587618409
82.19999695,180.0526812,84.34201301,28.38298996,64.23678188,1.032469718,170.4485865,6.499761581,297.9925842,0,125.2429123,43.80698013,9.999999747e-05,80161.55469,17.63274956,4.639121445
82.40000153,180.0526812,80.88985332,27.34765685,65.74318655,1.032469718,170.4485865,6.499788284,297.9827271,0,125.8585129,45.6889534,9.999999747e-05,80207.66406,17.67625809,4.431430596
82.59999847,180.0526812,81.67473453,26.37278518,67.31590132,1.032469718,170.4485865,6.500755787,297.9755859,0,126.4559021,41.96534348,9.999999747e-05,80253.96094,17.69864845,4.428325681
82.80000305,180.0526812,79.12364992,26.62273501,70.34200173,1.032469718,170.4485865,6.502448082,297.9642334,0,126.6704102,38.9237175,9.999999747e-05,80299.59375,17.73097992,4.333151565
83,180.0526812,81.57327632,25.8441584,65.94881381,1.032469718,170.4485865,6.503123283,297.9576721,0,126.2087097,34.147789,9.999999747e-05,80345.61719,17.69593239,4.363774
83.19999695,180.0526812,78.39025222,26.3815508,69.27365524,1.032469718,170.4485865,6.505067348,297.9518127,0,125.4826889,30.62131119,9.999999747e-05,80390.75,17.73361206,4.313320413
83.40000153,180.0526812,85.15070056,26.64093579,66.42166543,1.032469718,170.4485865,6.502972126,297.9635925,0,123.9716034,27.06777954,9.999999747e-05,80437.47656,17.67237091,4.561684796
83.59999847,180.0526812,81.8780619,27.72912658,63.69854236,1.032469718,170.4485865,6.501262665,297.9687195,0,123.3158722,29.37071419,9.999999747e-05,80483.3125,17.65586662,4.485481925
83.80000305,180.0526812,85.15070056,28.38298996,63.33865168,1.028886862,170.4485865,6.497353554,297.9797058,0,123.329628,29.68616104,9.999999747e-05,80530.125,17.59574127,4.597394611
84,180.0526812,81.27420977,26.19809073,68.11691678,1.032469718,170.4485865,6.497828484,297.9724731,0,124.9156265,32.25660706,9.999999747e-05,80575.79688,17.7130909,4.355571092
84.19999695,180.0526812,85.15070056,27.01537815,66.91868931,1.032469718,170.4485865,6.495553493,297.9733582,0,126.2901611,28.92211151,9.999999747e-05,80622.875,17.67218208,4.473340579
84.40000153,180.0526812,82.53865431,27.50619044,67.50190664,1.032469718,170.4485865,6.496129513,297.9759827,0,128.5978088,28.25229263,9.999999747e-05,80669.90625,17.69187927,4.480785916
84.59999847,180.0526812,83.40906869,26.8361648,68.44158261,1.032469718,170.4485865,6.497676849,297.9785767,0,130.6568604,28.14834213,9.999999747e-05,80717.50781,17.70600128,4.493271089
84.80000305,180.0526812,85.15070056,27.39065315,63.3946376,1.032469718,170.4485865,6.497893333,297.9833374,0,132.102829,28.12697983,9.999999747e-05,80765.94531,17.65203857,4.549117728
85,180.0526812,79.84540501,27.29450707,66.33749122,1.032469718,170.4485865,6.501446247,297.9780884,0,133.4696808,28.94665909,9.999999747e-05,80813.21875,17.7094841,4.392045238
85.19999695,180.0526812,84.24423912,25.98341368,66.75681178,1.032469718,170.4485865,6.503786087,297.9797974,0,133.4002533,26.47794914,9.999999747e-05,80861.48438,17.70654488,4.490036828
85.40000153,180.0526812,85.15070056,28.32104028,65.27116774,1.032469718,170.4485865,6.502719879,297.9872742,0,132.4095917,26.28470802,9.999999747e-05,80910.14062,17.65903282,4.588117732
85.59999847,180.0526812,84.23274253,26.20893815,66.86167223,1.032469718,170.4485865,6.503995895,297.9859619,0,131.8526306,28.08691216,9.999999747e-05,80958.08594,17.70460892,4.474756727
85.80000305,180.0526812,85.15070056,27.14708221,67.65945139,1.032469718,170.4485865,6.5036726,297.9900513,0,130.7667084,27.10269737,9.999999747e-05,81006.23438,17.69430542,4.550684021
86,180.0526812,85.15070056,27.41273464,66.94283769,1.032469718,170.4485865,6.503614902,297.9987488,0,129.8227539,27.99992943,9.999999747e-05,81054.32812,17.68980026,4.622007581
86.19999695,180.0526812,78.77123995,25.25550534,65.06754719,1.032469718,170.4485865,6.507675648,297.9828186,0,128.8958893,30.59032249,9.999999747e-05,81100.02344,17.73700333,4.253117922
86.40000153,180.0526812,85.15070056,27.23506658,67.47665966,1.032469718,170.4485865,6.505242825,297.9865417,0,126.3320923,24.98858643,9.999999747e-05,81147.21875,17.6911602,4.524550128
86.59999847,180.0526812,83.4685408,27.79706787,66.69550813,1.032469718,170.4485865,6.503279209,297.990509,0,124.7759857,25.74850655,9.999999747e-05,81193.77344,17.68958855,4.525741163
86.80000305,180.0526812,85.15070056,27.5659721,63.63390459,1.032469718,170.4485865,6.499625206,297.9906616,0,123.9829712,26.58344841,9.999999747e-05,81240.46875,17.65639496,4.498477594
87,180.0526812,81.06634829,25.77076039,65.70226402,1.032469718,170.4485865,6.499627113,297.9757996,0,124.6585541,26.24817657,9.999999747e-05,81285.82031,17.71748924,4.248876679
87.19999695,180.0526812,80.54209906,25.58478112,67.40327955,1.032469718,170.4485865,6.501555443,297.9689636,0,125.3159256,20.77316475,9.999999747e-05,81331.23438,17.74196434,4.296478799
87.40000153,180.0526812,84.70343828,26.43497062,66.70094121,1.032469718,170.4485865,6.499300957,297.9691467,0,125.2074814,17.61956024,9.999999747e-05,81377.77344,17.69963455,4.397432146
87.59999847,180.0526812,83.62674184,26.90001895,66.95885683,1.032469718,170.4485865,6.498522758,297.9728088,0,126.0207596,16.56481552,9.999999747e-05,81424.33594,17.7067585,4.439180533
87.80000305,180.0526812,83.15172065,27.35435151,67.28814078,1.032469718,170.4485865,6.497959137,297.9758301,0,127.1269608,16.6771431,9.999999747e-05,81471.05469,17.7078476,4.437882324
88,180.0526812,85.15070056,27.9035971,64.98956418,1.032469718,170.4485865,6.496244907,297.9822388,0,128.4626007,16.66848373,9.999999747e-05,81518.65625,17.67420578,4.511363897
88.19999695,180.0526812,84.11791975,26.34440964,66.29265043,1.032469718,170.4485865,6.496856689,297.9787598,0,130.4884644,17.94885254,9.999999747e-05,81566.08594,17.71087456,4.382168375
88.40000153,180.0526812,83.7419767,28.19075953,67.50581903,1.032469718,170.4485865,6.4968853,297.9819641,0,132.258316,16.03911209,9.999999747e-05,81614.11719,17.70242119,4.472121875
88.59999847,180.0526812,85.10323473,26.59608091,63.5382513,1.032361234,170.4485865,6.497936726,297.9806824,0,134.0259552,16.3694725,9.999999747e-05,81662.57812,17.68608093,4.424676396
88.80000305,180.0526812,85.15070056,27.89877911,64.27406458,1.032469718,170.4485865,6.498775959,297.986084,0,135.3678436,15.22435188,9.999999747e-05,81711.60938,17.68060684,4.52565096
89,180.0526812,85.15070056,24.34277033,66.06164997,1.032469718,170.4485865,6.501619816,297.9738159,0,136.3779907,16.37799835,9.999999747e-05,81760.10156,17.73610497,4.269106054
89.19999695,180.0526812,84.75159294,25.99035452,68.34616294,1.032469718,170.4485865,6.503449917,297.9714661,0,136.2434692,11.58309078,9.999999747e-05,81808.77344,17.73717117,4.364477164
89.40000153,180.0526812,83.07526377,27.42987009,66.52735075,1.032469718,170.4485865,6.505521774,297.9763184,0,135.3866425,9.878177643,9.999999747e-05,81857.17969,17.72074509,4.455050731
89.59999847,180.0526812,85.15070056,26.03843974,68.6065276,1.032469718,170.4485865,6.506627083,297.9782715,0,133.6970062,10.50697613,9.999999747e-05,81905.50781,17.74003983,4.424180743
89.80000305,180.0526812,84.75588563,27.9931825,64.57325673,1.020491353,170.4485865,6.503743649,297.9790344,0,131.5692596,10.2545433,9.999999747e-05,81953.45312,17.58102417,4.391469389
90,180.0526812,83.10174556,26.87499883,66.85646337,1.032469718,170.4485865,6.502440453,297.9735413,0,130.6048126,9.684616089,9.999999747e-05,82000.53906,17.72130203,4.272701469
90.19999695,180.0526812,85.15070056,26.485219,64.23465285,1.022458773,170.4485865,6.499563217,297.969635,0,130.1437378,6.99711132,9.999999747e-05,82047.92188,17.61021805,4.265746711
90.40000153,180.0526812,82.89536684,27.68476011,65.47051325,1.032469718,170.4485865,6.497336864,297.9677734,0,130.843811,4.705647469,9.999999747e-05,82095.04688,17.70261574,4.257735712
90.59999847,180.0526812,84.14190065,26.76764659,68.38314399,1.032469718,170.4485865,6.496343136,297.9669189,0,132.4271698,2.946019173,9.999999747e-05,82142.6875,17.73196793,4.265699023
90.80000305,180.0526812,84.85810083,26.56973751,62.60538894,1.029070968,170.4485865,6.496804714,297.9697266,0,134.4059601,1.458597779,9.999999747e-05,82190.96094,17.66519356,4.326567645
91,180.0526812,85.15070056,25.03326349,66.20025219,1.032469718,170.4485865,6.498786926,297.9672241,0,136.1993408,1.193443894,9.999999747e-05,82239.375,17.7405777,4.247021196
91.19999695,180.0526812,85.15070056,27.20521551,65.02974664,1.020642124,170.4485865,6.498418331,297.9698486,0,137.1995697,9.999999747e-05,9.999999747e-05,82288.3125,17.60591125,4.315706902
91.40000153,180.0526812,81.90993855,26.89470342,69.74929352,1.032469718,170.4485865,6.50109148,297.967804,0,138.3597412,9.999999747e-05,9.999999747e-05,82336.61719,17.76460838,4.240754775
91.59999847,180.0526812,85.15070056,26.63986657,69.039016,1.032469718,170.4485865,6.502013683,297.9692993,0,138.4331207,9.999999747e-05,9.999999747e-05,82385.73438,17.74687958,4.31879611
91.80000305,180.0526812,85.15070056,27.24047913,69.48404983,1.032469718,170.4485865,6.502835274,297.973999,0,138.153183,9.999999747e-05,9.999999747e-05,82434.95312,17.74612045,4.382810553
92,180.0526812,84.84989494,25.87124646,67.50873367,1.032469718,170.4485865,6.503545284,297.9700317,0,137.5394135,0.4603699446,9.999999747e-05,82483.60938,17.74741745,4.232784253
92.19999695,180.0526812,81.92746534,25.50941704,70.1569491,1.032469718,170.4485865,6.505617142,297.9602051,0,136.6416779,9.999999747e-05,9.999999747e-05,82531.21094,17.7854557,4.112343658
92.40000153,180.0526812,78.49428212,25.39658668,64.27404318,1.032469718,151.3588733,6.507868767,297.9472961,0,134.9103394,9.999999747e-05,9.999999747e-05,82573.51562,17.74579811,3.937960941
92.59999847,180.0526812,85.15070056,27.47064338,64.81538803,1.032469718,170.4485865,6.50447607,297.9782104,0,132.2819977,9.999999747e-05,11.96737957,82621.35938,17.70557213,4.285782545
92.80000305,180.0526812,84.75507985,25.30975709,67.56360061,1.032469718,170.4485865,6.502713203,297.9648743,0,131.0298767,8.787674904,1.196738005,82668.42969,17.75359344,4.14761693
93,180.0526812,79.84922021,25.24290685,68.55764384,1.032469718,170.4485865,6.501741409,297.9423218,0,130.4594574,3.136103153,0.119673796,82713.92969,17.78150177,3.904000664
93.19999695,180.0526812,85.15070056,27.15928428,64.71944052,1.032469718,170.4485865,6.496693134,297.9819336,0,130.2804718,0.940830946,18.0963974,82761.125,17.70655632,4.170835142
93.40000153,180.0526812,85.15070056,27.06992225,67.66502113,1.032469718,170.4485865,6.49253273,297.9657898,0,132.1366425,12.60879803,1.809639812,82808.65625,17.7312851,4.156202626
93.59999847,180.0526812,82.23919763,26.48907484,66.91902163,1.032469718,170.4485865,6.492512226,297.9469299,0,135.641037,6.063114643,0.1809639782,82856.09375,17.75380516,4.068920722
93.80000305,180.0526812,84.42700725,26.5846496,67.10651122,1.032469718,170.4485865,6.492921829,297.9822388,0,139.1429749,1.818934441,18.29750252,82904.85938,17.74844742,4.15935009
94,180.0526812,84.74637425,26.41543268,69.05696275,1.032469718,170.4485865,6.493790627,297.9620667,0,142.4927521,12.14978313,1.82975018,82954.32031,17.76486206,4.132566978
94.19999695,180.0526812,82.39526315,25.35963604,65.25184283,1.020207165,170.4485865,6.4964118,297.9354553,0,145.4948883,4.262650967,0.182975024,83003.51562,17.66053391,3.949588216
94.40000153,180.0526812,84.77784972,24.202355,69.31784451,1.032469718,170.4485865,6.499735832,297.9632568,0,147.4443665,1.278795242,20.11842346,83053.53906,17.79779243,3.979950588
94.59999847,180.0526812,84.69577409,26.53312659,69.54677034,1.032469718,170.4485865,6.500436783,297.9417725,0,148.0676117,8.646995544,2.011842489,83104.03125,17.77241898,4.071845669
94.80000305,180.0526812,85.15070056,25.06715397,69.88081009,1.032469718,170.4485865,6.500955105,298.0005798,0,148.4211884,2.594098806,33.67756653,83154.35156,17.78829384,3.949383863
95,180.0526812,84.08116005,25.227493,70.3896904,1.032469718,170.4485865,6.504750729,297.9683228,0,148.5597534,20.85245514,3.367756605,83204.625,17.8050499,4.054853968
95.19999695,180.0526812,82.37211327,23.74425902,68.90378411,1.032469718,170.4485865,6.509694099,297.9325867,0,147.1687469,9.312984467,0.3367756605,83253.88281,17.82115936,3.907585434
95.40000153,180.0526812,85.15070056,24.98063471,69.52434649,1.032469718,170.4485865,6.510884762,297.9760132,0,143.8070374,2.793895245,25.4697361,83303.39062,17.79640007,4.063370617
95.59999847,180.0526812,82.86605664,25.06211347,66.49206561,1.029292623,170.4485865,6.512249947,297.9465942,0,139.9851379,15.52304077,2.546973705,83351.54688,17.75945854,4.012709802
95.80000305,180.0526812,85.15070056,27.1010422,66.15513916,1.032469718,170.4485865,6.51009655,298.0503235,0,135.6045532,4.656912327,45.89174652,83399.82812,17.74897575,4.234451104
96,180.0526812,85.15070056,25.37145247,64.63673917,1.032469718,170.4485865,6.508738995,298.0119934,0,132.0973663,38.6630249,4.589174271,83447.10156,17.75866318,4.154579022
96.19999695,180.0526812,83.94259759,26.76348642,68.18676584,1.032469718,170.4485865,6.506151199,297.9784546,0,129.1192932,26.5459156,0.458917439,83493.73438,17.77360725,4.199115242
96.40000153,180.0526812,84.78042559,27.42186704,64.85039446,1.032291025,170.4485865,6.501400948,297.9555969,0,127.1828613,15.71434307,0.04589174315,83540.27344,17.733778,4.219335948
96.59999847,180.0526812,85.15070056,27.4387003,64.04912549,1.032469718,170.4485865,6.496269226,297.9399719,0,127.1497269,7.268496513,0.004589174408,83586.89844,17.72714424,4.200197566
96.80000305,180.0526812,82.45362388,26.47789115,67.8998376,1.032469718,170.4485865,6.494832039,297.9690247,0,129.1637421,2.180548906,18.24334717,83633.08594,17.78445053,4.082295248
97,180.0526812,85.15070056,27.14615342,64.0625913,0.9995612548,170.4485865,6.491950989,297.9517822,0,131.7392731,10.0669775,1.824334741,83680.60156,17.46128273,4.170936578
97.19999695,180.0526812,85.15070056,25.59846289,64.1736066,1.032469718,170.4485865,6.490497112,297.9290161,0,135.4837952,2.746627331,0.1824334711,83728.53125,17.75751114,4.024198833
97.40000153,180.0526812,84.49299639,25.9260821,68.92579746,1.032469718,170.4485865,6.488788128,297.9522095,0,139.8004913,0.8239881396,19.46990013,83777.10156,17.79002571,3.938008066
97.59999847,180.0526812,85.15070056,26.29926572,69.7371762,1.032469718,170.4485865,6.488139629,297.9251709,0,144.8062592,6.328574181,1.946990132,83826.91406,17.79335022,3.975534305
97.80000305,180.0526812,81.08897075,25.93146679,66.29093584,1.032469718,170.4485865,6.491304874,297.9786072,0,150.0670013,1.898572206,35.19524002,83876.64844,17.79895782,3.825390858
98,180.0526812,85.15070056,26.98136544,65.77585843,1.022254534,170.4485865,6.494274139,297.9455872,0,154.0525055,17.73199463,3.519523859,83928.52344,17.68722916,4.076275213
98.19999695,180.0526812,83.11307903,26.34342374,69.34747815,1.032469718,170.4485865,6.498432636,298.0399475,0,156.8632355,5.319598198,51.8756752,83980.23438,17.81575394,3.937920315
98.40000153,180.0526812,85.15070056,26.23959595,70.3896904,1.032469718,170.4485865,6.500207901,297.9794922,0,158.006073,36.08174133,5.187567711,84032.5625,17.81279564,3.926733343
98.59999847,180.0526812,85.15070056,25.7345567,70.24811902,1.032469718,170.4485865,6.502621174,297.9294739,0,158.4503174,16.01232338,0.5187567472,84084.89844,17.82041359,3.908346605
98.80000305,180.0526812,85.03311381,25.17844382,69.41559415,1.032469718,170.4485865,6.505948067,297.9661865,0,157.9195557,4.803697109,30.00733185,84137.01562,17.82532501,3.901483348
99,180.0526812,85.15070056,25.37785559,70.3896904,1.032469718,170.4485865,6.504450321,297.9155273,0,156.0571594,15.19732666,3.000733137,84188.57031,17.81960106,3.761241396
99.19999695,180.0526812,85.15070056,27.13353729,66.14208329,1.032469718,170.4485865,6.500608921,298.0162354,0,154.812561,4.559197903,56.46999741,84240.10156,17.77092743,3.830485145
99.40000153,180.0526812,80.4005259,26.28980602,69.87723166,1.032469718,170.4485865,6.500673294,297.9415588,0,155.0968781,36.51686478,5.646999359,84290.3125,17.82954407,3.659712099
99.59999847,180.0526812,85.15070056,25.61359234,70.3896904,1.032469718,170.4485865,6.499211311,298.1275635,0,155.3349915,10.95506001,95.77657318,84341.63281,17.82194138,3.758388294
99.80000305,180.0526812,85.15070056,24.40020687,70.3896904,1.032469718,170.4485865,6.498354435,298.0126343,0,156.1755524,73.48701477,9.577656746,84392.84375,17.83651924,3.659399009
100,180.0526812,84.72621171,26.67480015,70.3896904,1.032469718,170.4485865,6.496743202,297.9299011,0,157.3518219,37.2314682,0.9577656984,84444.63281,17.81651306,3.795954201
100.1999969,180.0526812,85.15070056,25.08183664,69.60290514,1.032469718,170.4485865,6.497237206,297.9919128,0,159.1771393,11.16944027,47.35260773,84496.64062,17.83193588,3.731067319
100.4000015,180.0526812,83.9728733,24.2155506,68.74725736,1.032469718,170.4485865,6.499100685,297.9177246,0,160.7953949,30.55480385,4.735260487,84548.49219,17.84386444,3.631367161
100.5999985,180.0526812,85.15070056,25.12044374,70.3896904,1.032469718,170.4485865,6.501768112,298.0769958,0,161.6706085,9.166440964,84.76676178,84601.07031,17.84614563,3.78623305
100.8000031,180.0526812,83.6581981,26.66061539,70.3896904,1.032469718,170.4485865,6.504801273,297.9892883,0,161.4805756,61.58571243,8.476675987,84653.55469,17.84014511,3.871479195
101,180.0526812,85.15070056,25.49082996,70.3896904,1.032469718,170.4485865,6.508617401,297.9181824,0,160.0786743,33.02450943,0.8476676345,84706.04688,17.85084343,3.90236046
101.1999969,180.0526812,83.17225759,24.71770886,69.90762473,1.032469718,170.4485865,6.512857437,297.9878845,0,157.148819,9.907352448,48.79647446,84757.27344,17.86516762,3.788591635
101.4000015,180.0526812,85.15070056,25.25760081,67.03899634,1.032469718,170.4485865,6.515194416,297.9321289,0,152.5240784,31.41502762,4.879647255,84808.25781,17.83288956,3.929147416
101.5999985,180.0526812,84.87009051,26.33643759,66.06716681,1.026657788,170.4485865,6.514441013,298.0872192,0,146.9722443,9.424508095,79.13954926,84858.1875,17.76275253,3.952698957
101.8000031,180.0526812,85.15070056,25.7211617,70.3896904,1.032469718,170.4485865,6.512322903,298.0062256,0,141.7256927,60.80613327,7.913954735,84906.99219,17.84352303,3.910297244
102,180.0526812,82.05058984,25.00541991,69.02103312,1.032469718,170.4485865,6.510291576,297.9290771,0,137.3210754,34.97317886,0.7913954854,84953.95312,17.85310364,3.734416528
102.1999969,180.0526812,85.15070056,25.43613107,69.19540631,1.032469718,170.4485865,6.504401207,298.0107727,0,133.7243958,10.49195385,52.06193924,85001,17.83177376,3.806158244
102.4000015,180.0526812,85.15070056,25.23933668,69.0190439,1.032469718,170.4485865,6.4985466,297.9441833,0,132.4967957,36.60130692,5.206193924,85047.75,17.83336639,3.783852056
102.5999985,180.0526812,85.15070056,25.79029922,68.51165166,1.032469718,170.4485865,6.49185276,298.1116333,0,133.598526,10.98039246,88.17376709,85094.74219,17.82341766,3.759642581
102.8000031,180.0526812,85.15070056,25.54981001,69.57822841,1.032469718,170.4485865,6.485823154,298.0073242,0,137.380661,67.15700531,8.817376137,85142.38281,17.83476257,3.694477906
103,180.0526812,85.15070056,24.77278021,70.3896904,1.032469718,170.4485865,6.481422901,297.918457,0,143.5697479,34.0982399,0.8817376494,85191.10938,17.85216904,3.606022191
103.1999969,180.0526812,85.15070056,26.63108276,66.65735159,1.032469718,170.4485865,6.47699976,297.9858704,0,151.5158081,10.22947121,50.98719406,85241.73438,17.81259537,3.672620109
103.4000015,180.0526812,85.15070056,26.39042983,67.90148571,1.032469718,170.4485865,6.47418499,297.9058533,0,161.2364044,31.09236717,5.09871912,85294.22656,17.82974815,3.60983171
103.5999985,180.0526812,84.98844324,25.95426916,69.6800292,1.032469718,170.4485865,6.476890564,298.0657654,0,172.0775757,9.327710152,90.78111267,85348.875,17.86102867,3.644001772
103.8000031,180.0526812,85.15070056,25.33957353,70.3896904,1.032469718,170.4485865,6.480389118,297.9464722,0,181.8235626,61.56996918,9.078111649,85405.32031,17.87686539,3.550531463
104,180.0526812,85.15070056,25.67371205,70.3896904,1.032469718,170.4485865,6.485539913,298.2252197,0,190.1851044,18.47099113,148.0434265,85463.48438,17.88167763,3.565936706
104.1999969,180.0526812,83.3316855,25.28522133,70.3896904,1.032469718,170.4485865,6.491669178,298.0383301,0,196.483429,113.5286331,14.80434322,85522.27344,17.8973999,3.44725707
104.4000015,180.0526812,83.98720886,25.96772206,70.3896904,1.032469718,170.4485865,6.496597767,297.8990173,0,200.332077,55.40122604,1.480434299,85582.14062,17.89069366,3.487624375
104.5999985,180.0526812,83.63316233,24.71621497,70.3896904,1.032469718,170.4485865,6.501080036,297.9794617,0,202.2164612,16.62036896,70.66192627,85641.96875,17.9062767,3.356144647
104.8000031,180.0526812,84.65774379,25.70584104,69.25977379,1.032469718,170.4485865,6.505043507,297.8707581,0,202.3055267,41.62660217,7.066192627,85702.25781,17.88876534,3.46717557
105,180.0526812,85.15070056,25.50467996,70.3896904,1.032469718,170.4485865,6.508289814,298.0806274,0,200.809433,12.48798084,120.1871033,85762.27344,17.89699745,3.462489704
105.1999969,180.0526812,83.48505715,27.67061426,70.05065817,1.032469718,170.4485865,6.506374359,297.9246521,0,198.0154724,80.85572815,12.01871014,85821.52344,17.87230873,3.449772797
105.4000015,180.0526812,85.15070056,26.11319594,70.3896904,1.032469718,170.4485865,6.506387234,298.2989502,0,196.0023651,24.25671959,195.1730652,85880.5,17.88879204,3.439125918
105.5999985,180.0526812,85.15070056,25.38052741,70.3896904,1.032469718,170.4485865,6.505717278,298.0543518,0,193.9613495,151.7284088,19.51730537,85938.85156,17.89604759,3.36563908
105.8000031,180.0526812,82.54174195,26.18596502,70.3182617,1.032469718,170.4485865,6.504237652,297.8783875,0,192.1966248,75.75074005,1.951730609,85996.35938,17.89613724,3.320639685
106,180.0526812,81.94657628,24.884055,69.70372617,1.032469718,170.4485865,6.501933575,297.9994812,0,191.0241852,22.72522163,91.71517944,86053.17188,17.90693092,3.174458561
106.1999969,180.0526812,85.15070056,26.51282414,69.57843406,1.032469718,170.4485865,6.497546673,297.861084,0,190.7734985,61.25455093,9.171518326,86111.05469,17.8798027,3.368683568
106.4000015,180.0526812,85.15070056,25.61685323,70.3896904,1.032469718,170.4485865,6.49256897,298.1559753,0,192.2817841,18.37636566,160.8216705,86168.98438,17.89487267,3.261864579
106.5999985,180.0526812,84.3231862,25.75574299,70.3896904,1.032469718,170.4485865,6.489308834,297.9490662,0,195.7763977,115.9422226,16.08216667,86227.44531,17.90201187,3.250675234
106.8000031,180.0526812,85.15070056,25.43862042,70.3896904,1.032469718,170.4485865,6.487471104,298.4610901,0,200.5676117,34.78266907,261.9167175,86286.98438,17.90911674,3.250928893
107,180.0526812,85.15070056,23.74704726,70.3896904,1.032469718,170.4485865,6.489214897,298.1352234,0,206.0948334,211.0723572,26.19167137,86347.35156,17.93525696,3.166252748
107.1999969,180.0526812,84.31059478,25.7431084,70.3896904,1.032469718,170.4485865,6.48991251,297.9033203,0,210.9172516,112.0964661,2.619167089,86408.92969,17.92181587,3.255942021
107.4000015,180.0526812,78.63973302,25.70455311,70.13406131,1.032469718,170.4485865,6.491370201,298.0733337,0,215.4756317,33.62894058,119.5344162,86469.92188,17.94308281,3.03910053
107.5999985,180.0526812,84.1405852,26.39609772,70.3896904,1.032469718,170.4485865,6.492218018,297.895752,0,219.4450684,90.39308167,11.95344162,86533.28906,17.92533493,3.261759144
107.8000031,180.0526812,83.38695683,25.95039325,70.3896904,1.032469718,170.4485865,6.495567799,298.2871094,0,223.0797882,27.11792374,207.010437,86597.10938,17.9400177,3.232889916
108,180.0526812,84.40049909,25.7154631,70.3896904,1.032469718,170.4485865,6.49820137,298.025177,0,225,159.5560608,20.70104218,86661.48438,17.94175529,3.225040571
108.1999969,180.0526812,85.15070056,26.32523437,70.3896904,1.032469718,170.4485865,6.498642921,297.8433838,0,225,77.02635956,2.070104361,86726.20312,17.93352318,3.263686062
108.4000015,180.0526812,83.87746342,25.09334718,70.3896904,1.032469718,170.4485865,6.503326416,297.9767456,0,225,23.10790825,97.41368103,86790.46094,17.95801735,3.212173352
108.5999985,180.0526812,83.45557748,25.69412489,70.21411843,1.032469718,170.4485865,6.507280827,297.8357849,0,224.175415,64.61258698,9.741368294,86854.54688,17.95417976,3.231473328
108.8000031,180.0526812,83.35025564,24.50183851,70.3896904,1.032469718,170.4485865,6.511260986,298.1567688,0,221.7851105,19.38377762,173.0896149,86917.83594,17.96875381,3.140269259
109,180.0526812,84.83475483,26.17747744,70.3896904,1.032469718,170.4485865,6.511682987,297.9416199,0,217.8003998,125.0171967,17.30896187,86980.94531,17.94457245,3.263164289
109.1999969,180.0526812,84.57262002,24.78180516,68.69082903,1.029956029,170.4485865,6.514999866,298.4930115,0,213.6585693,37.50516129,281.4754333,87042.89844,17.93335533,3.21737855
109.4000015,180.0526812,82.24016709,25.72279115,70.3896904,1.032469718,170.4485865,6.519381046,298.1641846,0,208.1690521,227.1597137,28.14754295,87103.32031,17.96499634,3.247912031
109.5999985,180.0526812,85.15070056,26.50367906,70.3896904,1.032469718,170.4485865,6.518408298,297.9158936,0,200.9328003,128.0667725,2.814754248,87163.20312,17.9406414,3.351601741
109.8000031,180.0526812,85.15070056,25.10981369,70.3896904,1.032469718,170.4485865,6.516914368,298.1213684,0,194.10672,38.4200325,137.1700287,87221.44531,17.95267105,3.255906188
110,180.0526812,85.15070056,25.65439164,70.3896904,1.032469718,170.4485865,6.514847755,297.9302673,0,187.862793,108.0130844,13.71700287,87278.55469,17.94694519,3.312147995
110.1999969,180.0526812,85.15070056,24.53217579,70.3896904,1.032469718,170.4485865,6.512584209,298.3671875,0,182.4456024,32.40392685,230.6536865,87334.29688,17.95751381,3.22980183
110.4000015,180.0526812,85.15070056,27.60475921,70.3896904,1.032469718,170.4485865,6.506379128,298.088501,0,177.9326477,181.9640198,23.06536865,87389.63281,17.9231472,3.389343515
110.5999985,180.0526812,85.15070056,23.79094253,70.3896904,1.032469718,170.4485865,6.50516367,297.889801,0,175.9141541,96.30939484,2.306536913,87444.04688,17.96835136,3.224042603
110.8000031,180.0526812,85.15070056,23.8303812,70.3896904,1.02459636,170.4485865,6.505083561,298.0414734,0,174.3528137,28.89281845,108.2941971,87498.22656,17.90657043,3.263448523
111,180.0526812,85.15070056,24.0394775,70.3896904,1.032469718,170.4485865,6.5022192,297.8869324,0,172.8356934,78.58396149,10.82942009,87552.04688,17.96671867,3.20350727
111.1999969,180.0526812,85.15070056,25.73391669,67.94083512,1.032469718,170.4485865,6.499719143,298.2293701,0,172.4772186,23.57518959,185.4907227,87606.125,17.93966293,3.344330187
111.4000015,180.0526812,85.15070056,25.68755707,70.3896904,1.032469718,170.4485865,6.498948574,298.0155029,0,173.1086731,138.6337585,18.54907227,87660.35938,17.96061707,3.377088306
111.5999985,180.0526812,85.15070056,24.68536119,70.3896904,1.032469718,170.4485865,6.500004768,297.8559875,0,174.0437317,70.8843689,1.854907274,87714.71875,17.97596359,3.345486048
111.8000031,180.0526812,85.15070056,24.75010759,70.3896904,1.032469718,170.4485865,6.500512123,297.9841003,0,174.5559235,21.26531029,94.06692505,87769.17969,17.97691154,3.326678966
112,180.0526812,85.15070056,26.56939527,70.3896904,1.032469718,170.4485865,6.501777172,297.8620605,0,174.8726959,61.25567245,9.406692505,87824.125,17.96510315,3.50275577
112.1999969,180.0526812,85.15070056,24.18942797,70.26188339,1.032469718,170.4485865,6.505025387,298.145752,0,174.679245,18.37670135,157.4821777,87878.58594,17.99227715,3.353683724
112.4000015,180.0526812,85.15070056,23.87209884,70.3896904,1.032469718,170.4485865,6.507536888,297.9669495,0,173.1825104,111.9977036,15.74821758,87932.625,17.99656105,3.308799491
112.5999985,180.0526812,85.15070056,25.57880809,70.3896904,1.032469718,170.4485865,6.507776737,297.8321838,0,170.6900024,53.64320374,1.57482183,87986.51562,17.97897911,3.414089678
112.8000031,180.0526812,85.15070056,24.82895423,70.3896904,1.032469718,170.4485865,6.505844593,297.9400635,0,168.1065216,16.09296227,82.93517303,88039.64844,17.9827404,3.294261504
113,180.0526812,85.15070056,23.7803456,70.3896904,1.032469718,170.4485865,6.503708363,297.8636475,0,166.2957458,4.827888489,9.999999747e-05,88092.15625,17.99317741,3.197422705
113.1999969,180.0526812,85.15070056,25.19506131,70.3896904,1.032469718,170.4485865,6.498020172,297.9882507,0,165.3331909,1.448366523,81.99343872,88144.60156,17.97510338,3.203555171
113.4000015,180.0526812,85.15070056,24.63764976,69.71530368,1.019496241,170.4485865,6.491964817,297.8804932,0,166.6568756,39.8887825,8.199343681,88197.125,17.8691864,3.118824074
113.5999985,180.0526812,85.15070056,23.22244633,70.3896904,1.032469718,170.4485865,6.49113369,298.0978088,0,170.3926086,11.96663475,127.2518082,88250.23438,18.00726128,3.109526608
113.8000031,180.0526812,85.15070056,23.63424521,70.3896904,1.032469718,170.4485865,6.490278244,297.9414978,0,174.4424744,83.26707458,12.72518063,88304.17969,18.00670624,3.106921307
114,180.0526812,85.15070056,23.61333502,70.3896904,1.032469718,170.4485865,6.489387989,298.3014832,0,178.8512573,24.98012161,196.2003937,88358.90625,18.01042366,3.062181507
114.1999969,180.0526812,85.15070056,23.74269531,70.3896904,1.032469718,170.4485865,6.488318443,298.0618591,0,183.616333,148.1568756,19.62003899,88414.53125,18.01252937,3.028211713
114.4000015,180.0526812,85.15070056,24.48007614,68.90263496,1.032469718,170.4485865,6.485826969,297.8873291,0,188.8096161,74.09098053,1.962003946,88471.33594,17.99897957,3.027547875
114.5999985,180.0526812,85.15070056,25.54270957,70.10150333,1.032469718,170.4485865,6.480955601,297.9961548,0,195.0035858,22.22729492,89.08171844,88529.48438,17.99689865,3.015877145
114.8000031,180.0526812,85.15070056,24.16646532,70.3896904,1.032469718,170.4485865,6.481963634,297.8641968,0,203.1494293,56.85496902,8.908171654,88589.14062,18.02625847,3.000594561
115,180.0526812,85.15070056,25.17336577,70.3896904,1.032469718,170.4485865,6.485397816,298.1280823,0,210.8650665,17.05648994,150.8029938,88650.55469,18.02720833,3.096426715
115.1999969,180.0526812,85.15070056,23.364227,70.3896904,1.032469718,170.4485865,6.491959095,297.9445496,0,217.2178345,103.9979935,15.08029938,88712.9375,18.05399323,2.991842464
115.4000015,180.0526812,85.15070056,24.60625174,70.3896904,1.032469718,170.4485865,6.501974583,298.3886719,0,220.9436188,31.19939804,236.1226349,88776.36719,18.05405617,3.158014701
115.5999985,180.0526812,85.15070056,25.71234987,70.3896904,1.032469718,170.4485865,6.509158611,298.1145325,0,220.6619568,183.7137909,23.61226273,88839.84375,18.04273033,3.182493312
115.8000031,180.0526812,85.15070056,24.41003659,69.31813109,1.03031886,170.4485865,6.515666485,297.9093018,0,217.5270538,100.3782196,2.36122632,88902.51562,18.0314846,3.090132215
116,180.0526812,85.15070056,24.02292375,70.3896904,1.032469718,170.4485865,6.521125317,298.0616455,0,211.7821198,30.11346436,111.5443954,88963.94531,18.05853653,3.062942766
116.1999969,180.0526812,85.15070056,24.13128794,68.07378937,1.022048049,170.4485865,6.523281097,297.9033813,0,203.8549652,80.80548096,11.15443993,89023.71875,17.95228767,3.028661964
116.4000015,180.0526812,85.15070056,24.12638074,70.3896904,1.032469718,170.4485865,6.524738789,298.2374268,0,195.072937,24.24164391,185.687912,89081.70312,18.0514679,3.04860077
116.5999985,180.0526812,85.15070056,23.44021377,70.3896904,1.032469718,170.4485865,6.525346279,298.0192566,0,185.6995087,137.0469818,18.56879044,89137.64844,18.05594635,3.013568438
116.8000031,180.0526812,85.15070056,24.02686515,70.3896904,1.032469718,170.4485865,6.524241447,297.8609009,0,176.0837097,68.18327332,1.856879115,89191.85156,18.04806137,3.083536874
117,180.0526812,85.15070056,24.63781227,70.13777788,1.032469718,170.4485865,6.521624565,297.9744873,0,166.9126129,20.45498276,88.98256683,89244.35156,18.03915787,3.150549137
117.1999969,180.0526812,85.15070056,24.00599091,70.3896904,1.032469718,170.4485865,6.519753456,297.8539429,0,158.7878418,55.62024689,8.898256302,89295.1875,18.04893875,3.172900882
117.4000015,180.0526812,85.15070056,25.03164805,70.3896904,1.032469718,170.4485865,6.515825272,298.1150818,0,151.4042664,16.68607521,149.4048309,89344.71875,18.03743362,3.246244718
117.5999985,180.0526812,85.15070056,23.76869834,70.3896904,1.032469718,170.4485865,6.512080193,297.9493103,0,145.6009979,102.2137604,14.94048405,89392.86719,18.0499649,3.171198911
117.8000031,180.0526812,85.15070056,23.22244633,70.3896904,1.032469718,170.4485865,6.508708,298.3729248,0,141.288559,30.66412926,227.3816071,89440.03906,18.05760193,3.151957014
118,180.0526812,85.15070056,26.32705535,68.25149285,1.032469718,170.4485865,6.501300335,298.1258545,0,138.3244934,176.1612701,22.73816109,89487.10156,18.01056671,3.298624199
118.1999969,180.0526812,85.15070056,25.92150675,68.45399621,1.032469718,170.4485865,6.494117737,297.928772,0,138.3379059,101.7279968,2.273816109,89534.17969,18.01707077,3.2582459
118.4000015,180.0526812,85.15070056,25.06460378,65.86757304,1.02530104,170.4485865,6.485725403,298.0834351,0,141.2107391,30.51840019,113.3291321,89581.5625,17.94665718,3.076165384
118.5999985,180.0526812,83.38017922,25.78778495,66.21213112,1.032469718,170.4485865,6.478511333,297.9248657,0,147.4450378,82.68205261,11.3329134,89629.85938,18.01194954,3.0238668
118.8000031,180.0526812,85.15070056,24.16916875,70.3896904,1.032469718,170.4485865,6.472757816,298.2501831,0,156.5572968,24.80461693,183.9457855,89680.07031,18.05241013,2.911220667
119,180.0526812,85.15070056,23.523347,70.3896904,1.032469718,170.4485865,6.46933794,298.0260315,0,167.9700317,135.4087219,18.39457893,89732.42188,18.06746101,2.832386971
119.1999969,180.0526812,85.15070056,24.03369905,70.3896904,1.032469718,170.4485865,6.469374657,297.8685303,0,180.747757,65.01856232,1.83945787,89787.57812,18.07623672,2.901499754
119.4000015,180.0526812,85.15070056,24.24905872,70.3896904,1.032469718,170.4485865,6.470844269,297.96521,0,193.5068817,19.50556946,82.52827454,89845.3125,18.08382034,2.883390903
119.5999985,180.0526812,85.15070056,23.5067461,70.3896904,1.032469718,170.4485865,6.47669363,297.8461914,0,205.684494,49.11105347,8.252827644,89905.42188,18.1052494,2.867955636
119.8000031,180.0526812,85.15070056,24.22734028,70.3896904,1.032469718,170.4485865,6.48611784,298.0840454,0,215.512558,14.73331642,139.7453461,89967.67969,18.11235809,2.965814785
120,180.0526812,85.15070056,25.32002239,70.3896904,1.032469718,170.4485865,6.49836874,297.9252319,0,221.5732269,91.91687012,13.97453499,90031.42188,18.114254,3.107547478
120.1999969,180.0526812,85.15070056,24.99599886,70.3896904,1.032469718,170.4485865,6.512472153,298.3179016,0,222.7357025,27.5750618,213.9781647,90095.32812,18.12565613,3.131993195
120.4000015,180.0526812,85.15070056,24.14121398,70.3896904,1.032469718,170.4485865,6.528010845,298.0950623,0,218.2597809,161.4315948,21.3978157,90158.20312,18.13974571,3.144231881
120.5999985,180.0526812,85.15070056,24.51623898,70.3896904,1.032469718,170.4485865,6.537908077,297.9100037,0,207.5696259,93.52803802,2.139781713,90218.92188,18.12615395,3.09709576
120.8000031,180.0526812,85.15070056,24.78530066,70.3896904,1.009975262,170.4485865,6.54280138,298.0636292,0,192.9436646,28.05841255,111.3253784,90276.625,17.92624474,3.072659262
121,180.0526812,85.15070056,23.34116737,70.3896904,1.032469718,170.4485865,6.543833733,297.914978,0,176.3587952,79.07057953,11.13253784,90330.61719,18.11738205,2.933770989
121.1999969,180.0526812,85.15070056,24.18318777,70.3896904,1.030643311,170.4485865,6.540605068,298.2301636,0,159.357666,23.72117424,179.0743561,90381.26562,18.08642387,2.991460212
121.4000015,180.0526812,85.15070056,25.0880736,68.86151605,1.032469718,170.4485865,6.533386707,298.0298157,0,143.6494293,130.3880005,17.90743637,90428.85938,18.07714272,3.057262281
121.5999985,180.0526812,84.73928538,24.76504031,70.3896904,1.032469718,170.4485865,6.525476933,297.8796387,0,130.8281097,67.53247833,1.790743589,90473.85938,18.09000015,3.098862589
121.8000031,180.0526812,85.15070056,24.0019375,68.0963781,1.032469718,170.4485865,6.51530695,297.9864502,0,121.1602554,20.25974464,86.57249451,90516.85156,18.0770359,3.027307607
122,180.0526812,85.15070056,23.93673504,69.63827075,1.032469718,170.4485865,6.50349474,297.8676453,0,115.5654602,53.72160721,8.657249451,90558.65625,18.08241653,2.969689293
122.1999969,180.0526812,85.15070056,23.37105759,69.543851,1.032469718,170.4485865,6.492805958,298.1087646,0,114.6938095,16.11648178,142.530304,90600.19531,18.09017181,2.924264097
122.4000015,180.0526812,79.88497458,24.6334228,66.46355987,1.032469718,170.4485865,6.484893322,297.9491577,0,118.0887604,95.22582245,14.25302982,90641.30469,18.08293915,2.821625808
122.5999985,180.0526812,85.15070056,24.39139864,65.29380912,0.9971361542,157.3753155,6.477452755,298.3360901,0,124.6431885,28.56774712,213.5559082,90682.36719,17.76317787,2.970217217
122.8000031,180.0526812,85.15070056,23.22244633,70.3896904,1.015467703,170.4485865,6.472698689,298.1000977,0,134.1811218,161.3528442,21.35559082,90727.78125,17.97338676,2.839960895
123,180.0526812,85.15070056,23.53791232,66.84928288,1.004495751,156.1705053,6.472232342,297.9208374,0,145.6134033,89.63225555,2.135559082,90772.82812,17.86303902,2.920387849
123.1999969,180.0526812,85.15070056,24.32175451,70.2686095,1.032469718,170.4485865,6.472928047,298.0488892,0,157.2267456,26.88967705,100.2337494,90823.28906,18.12641525,2.925717936
123.4000015,180.0526812,85.15070056,23.22244633,70.3896904,1.032469718,170.4485865,6.476195335,297.9107971,0,168.5717468,69.43873596,10.02337551,90875.82031,18.14612961,2.811336617
123.5999985,180.0526812,85.15070056,23.22244633,70.3896904,1.032469718,170.4485865,6.481426716,298.1851501,0,178.6050415,20.83162117,160.7142792,90930.34375,18.15546608,2.788077145
123.8000031,180.0526812,83.93481347,24.09504169,70.07445781,1.032469718,170.4485865,6.48734951,297.9996033,0,186.5476685,113.176651,16.0714283,90986.25,18.15597153,2.770602443
124,180.0526812,85.15070056,23.22244633,70.3896904,1.032469718,170.4485865,6.494443893,297.8616943,0,192.1251221,54.04664612,1.607142806,91043.48438,18.16896629,2.752430016
124.1999969,180.0526812,85.15070056,23.66088914,70.3896904,1.032469718,170.4485865,6.500310898,297.9484558,0,194.863266,16.21399498,76.69098663,91101.28125,18.16709328,2.736618152
124.4000015,180.0526812,85.15070056,23.22244633,70.3896904,1.032469718,170.4485865,6.505039692,297.8726196,0,195.2623901,4.864198208,9.999999747e-05,91158.96875,18.17181778,2.656766883
124.5999985,180.0526812,85.15070056,23.78454101,70.3896904,1.032469718,170.4485865,6.508093834,297.9746399,0,193.7698669,1.45925951,74.7805481,91216.375,18.16701698,2.659711248
124.8000031,180.0526812,85.15070056,24.96080577,70.3896904,1.032469718,170.4485865,6.509762287,297.8774719,0,191.0574341,32.44299316,7.478055,91273.39844,18.15753174,2.732952995
125,180.0526812,85.15070056,25.61149626,68.70352008,1.027042999,170.4485865,6.50984621,298.0522461,0,187.6768646,9.732897758,111.5972672,91329.78906,18.09729195,2.753416691
125.1999969,180.0526812,85.15070056,24.38345544,70.3896904,1.029886526,170.4485865,6.509273052,297.9144287,0,184.2634583,66.16624451,11.15972614,91385.17969,18.14056015,2.628090597
125.4000015,180.0526812,85.15070056,23.22244633,70.3896904,1.032469718,170.4485865,6.510772705,298.2042236,0,181.0763092,19.84987259,168.322464,91439.71094,18.17809677,2.580779171
125.5999985,180.0526812,85.15070056,23.22244633,70.3896904,1.032469718,170.4485865,6.511237144,298.0076294,0,177.2805328,117.6515121,16.83224678,91493.41406,18.17811203,2.557634457
125.8000031,180.0526812,85.15070056,23.22244633,70.3896904,1.032469718,170.4485865,6.50608778,297.8604126,0,173.3088989,55.3100853,1.683224678,91546.17188,18.16784477,2.411435789
126,180.0526812,85.15070056,23.5242507,70.16469737,1.025148272,170.4485865,6.501256943,297.9476318,0,171.4121399,16.59302521,78.24001312,91598.60938,18.10620689,2.436023924
126.1999969,180.0526812,85.15070056,23.91057528,70.3896904,1.032469718,170.4485865,6.493628979,297.8711243,0,171.4286804,4.977907658,9.999999747e-05,91650.99219,18.16174316,2.365047384
126.4000015,180.0526812,85.15070056,23.22244633,70.3896904,1.032469718,170.4485865,6.487462044,297.9738464,0,174.5066681,1.493372321,75.50807953,91703.85938,18.17370605,2.303652596
126.5999985,180.0526812,85.15070056,24.77252321,68.8035753,1.023944356,170.4485865,6.483863831,297.8739319,0,180.0376282,32.66866684,7.550807953,91758.22656,18.0923214,2.464584434
126.8000031,180.0526812,85.15070056,23.22244633,70.3896904,1.024922899,170.4485865,6.480872154,298.0508728,0,187.0042419,9.800601006,113.5288315,91813.64844,18.12751007,2.290667947
127,180.0526812,85.15070056,24.18778565,70.3896904,1.020341146,170.4485865,6.474667072,297.9022827,0,195.1737061,66.86122894,11.35288334,91870.75781,18.08153915,2.233418128
127.1999969,180.0526812,85.15070056,23.22244633,70.3896904,1.032469718,170.4485865,6.476408482,298.2037354,0,205.8376923,20.05836868,175.2027893,91930.00781,18.21258354,2.283022862
127.4000015,180.0526812,85.15070056,24.37023286,70.3896904,1.032469718,170.4485865,6.476577282,297.9873657,0,215.7687073,121.508316,17.52027893,91991.39844,18.20798683,2.286726391
127.5999985,180.0526812,85.15070056,24.54057403,70.3896904,1.032469718,170.4485865,6.47655344,297.8417969,0,225,52.23374939,1.752027988,92054.72656,18.21393013,2.260431739
127.8000031,180.0526812,85.15070056,23.31185277,70.3896904,1.014913666,170.4485865,6.477532387,297.9176331,0,225,15.67012501,73.44503021,92117.82031,18.0832119,2.163824425
128,180.0526812,84.13001643,25.23726259,70.3896904,1.032469718,170.4485865,6.478664875,297.8418579,0,225,4.701037407,9.999999747e-05,92181.02344,18.22046661,2.271291447
128.1999969,180.0526812,85.15070056,23.22244633,70.3896904,1.002811277,170.4485865,6.479063988,297.9498291,0,225,1.410311222,78.03063965,92244.03906,17.99012566,2.107038111
128.3999939,180.0526812,85.15070056,23.59875591,70.3896904,1.032469718,170.4485865,6.477585793,297.8804932,0,225,0.4230933785,9.999999747e-05,92307.03906,18.23451996,2.074365736
128.6000061,180.0526812,85.15070056,23.33286481,70.3896904,1.032469718,170.4485865,6.478760242,297.9765015,0,225,0.1269280165,72.12882996,92370.02344,18.24505615,2.088994438
128.8000031,180.0526812,85.15070056,23.99967615,70.3896904,1.032469718,170.4485865,6.480827808,297.8794556,0,225,29.29310799,7.212882996,92433.14844,18.24543381,2.146716885
129,180.0526812,85.15070056,23.55374523,70.3896904,1.032469718,170.4485865,6.482505798,298.0400391,0,225,8.787932396,106.5244598,92496.14062,18.25243187,2.07974551
129.1999969,180.0526812,85.15070056,24.01858367,70.3896904,1.032469718,170.4485865,6.48108387,297.9002075,0,225,60.39796448,10.65244579,92559.10938,18.24752235,2.028253479
129.3999939,180.0526812,85.15070056,24.01697007,70.3896904,1.032469718,170.4485865,6.481340408,298.1720276,0,225,18.11938858,162.4530792,92622.07812,18.25454903,2.037440211
129.6000061,180.0526812,85.15070056,23.36153047,70.3896904,1.032469718,170.4485865,6.481233597,297.9677429,0,225,109.2084808,16.24530792,92684.86719,18.26298714,1.949945652
129.8000031,180.0526812,83.92603592,24.63305541,69.39210857,1.032469718,170.4485865,6.475911617,297.8327942,0,225,43.1411972,1.624530792,92747.5,18.24610138,1.884962912
130,180.0526812,85.15070056,23.22244633,70.3896904,1.032469718,170.4485865,6.472071648,297.894043,0,225,12.94235897,66.00401306,92810.19531,18.26564789,1.817925235
130.1999969,180.0526812,85.15070056,23.22244633,70.3896904,1.032469718,170.4485865,6.46659708,297.8193359,0,225,3.882707834,9.999999747e-05,92872.8125,18.2667675,1.754692265
130.3999939,180.0526812,85.04292709,24.01096799,70.3896904,1.032469718,170.4485865,6.459312439,297.9260864,0,225,1.164812326,77.74242401,92935.46875,18.26174927,1.74449251
130.6000061,180.0526812,83.06553846,25.44331058,70.06582781,1.032469718,170.4485865,6.451294899,297.8572083,0,225,0.3494437039,9.999999747e-05,92997.84375,18.25560379,1.743239649
130.8000031,180.0526812,85.15070056,23.22244633,70.3896904,1.009699306,170.4485865,6.446540356,297.9618225,0,225,0.1048331112,76.25685883,93060.35938,18.09048462,1.671794709
131,180.0526812,85.15070056,23.22244633,70.3896904,1.032469718,170.4485865,6.441772461,297.8588867,0,225,31.35690689,7.625685692,93122.83594,18.2836132,1.639697951
131.1999969,180.0526812,85.15070056,23.74801611,70.3896904,1.032469718,170.4485865,6.438688755,298.0391235,0,225,9.407072067,116.6119003,93185.42188,18.28693771,1.686182404
131.3999939,180.0526812,83.336554,23.48464104,69.55549139,1.032469718,155.1688209,6.43834877,297.8896484,0,225,67.0705719,11.66119003,93244.39844,18.28764534,1.629527608
131.6000061,180.0526812,85.15070056,23.22244633,70.3896904,1.031320121,170.4485865,6.440567493,298.1931152,0,225,20.12117195,179.0418396,93306.94531,18.29990196,1.700121712
131.8000031,180.0526812,85.15070056,23.22244633,70.3896904,1.032469718,170.4485865,6.440828323,297.9695435,0,225,121.8003769,17.90418434,93369.41406,18.31033325,1.62459209
132,180.0526812,85.15070056,23.47566639,70.3896904,1.032469718,170.4485865,6.441412449,297.8266602,0,225,49.63349152,1.790418386,93432,18.31371117,1.634332696
132.1999969,180.0526812,84.62596166,23.95859924,68.75371264,1.032469718,170.4485865,6.447185993,297.8974304,0,225,14.89004707,71.2677002,93494.71094,18.31829643,1.748777581
132.3999939,180.0526812,85.15070056,23.3178528,70.3896904,1.032469718,170.4485865,6.453111649,297.8224182,0,225,4.467014313,9.999999747e-05,93557.4375,18.33485794,1.689928215
132.6000061,180.0526812,82.83567141,24.31078338,69.29279511,1.002817478,170.4485865,6.458045483,297.9334412,0,225,1.340104222,80.1663208,93619.71094,18.08351326,1.628310497
132.8000031,180.0526812,85.15070056,23.92101045,70.3896904,1.032429405,170.4485865,6.461229801,297.864502,0,225,0.4020312726,9.999999747e-05,93682.45312,18.33557892,1.648965577
133,180.0526812,85.15070056,23.29516499,70.3896904,1.032469718,170.4485865,6.46307373,297.9672241,0,225,0.1206093803,75.93331146,93745.02344,18.33853531,1.547137422
133.1999969,180.0526812,85.15070056,23.22244633,70.3896904,1.032469718,170.4485865,6.463421345,297.8669434,0,225,30.99492455,7.593331337,93807.53906,18.33453941,1.554446455
133.3999939,180.0526812,85.15070056,24.25567452,70.3896904,1.030683426,170.4485865,6.463802338,298.0388794,0,225,9.298477173,113.3663025,93870.25,18.31104279,1.693792965
133.6000061,180.0526812,85.15070056,23.80736202,70.3896904,1.032469718,170.4485865,6.463530064,297.894165,0,225,64.37606812,11.33663082,93932.85156,18.32585335,1.65119054
133.8000031,180.0526812,85.15070056,23.22244633,70.3896904,1.032469718,170.4485865,6.464358807,298.1803589,0,225,19.31281853,171.9452972,93995.34375,18.3309269,1.671710969
134,180.0526812,85.15070056,23.22244633,70.3896904,1.032469718,170.4485865,6.463337421,297.9666748,0,225,115.1756287,17.19453049,94057.78125,18.32609558,1.677053248
134.1999969,180.0526812,85.15070056,23.45011472,70.3896904,1.032469718,170.4485865,6.457702637,297.8269958,0,225,46.06368637,1.719452977,94120.21875,18.31449699,1.650143608
134.3999939,180.0526812,85.15070056,23.52335462,70.3896904,1.032469718,170.4485865,6.454150677,297.8923035,0,225,13.81910515,69.13581848,94182.75,18.31671715,1.752508638
134.6000061,180.0526812,85.15070056,23.22244633,70.3896904,0.9927607587,170.4485865,6.453124523,297.817749,0,225,4.145731449,9.999999747e-05,94245.3125,17.99259567,1.835124963
134.8000031,180.0526812,85.15070056,23.33402454,70.3896904,1.009574266,170.4485865,6.450519085,297.9257507,0,225,1.243719459,79.29168701,94307.86719,18.12783813,1.853467539
135,180.0526812,85.15070056,23.22244633,70.3896904,1.032469718,170.4485865,6.446720123,297.8570557,0,225,0.3731158376,9.999999747e-05,94370.36719,18.31568336,1.857643764
135.1999969,180.0526812,85.15070056,23.78585193,70.3896904,1.032469718,170.4485865,6.441306114,297.9602661,0,225,0.1119347513,76.57369995,94432.95312,18.30788422,1.911003167
135.3999939,180.0526812,85.15070056,23.22244633,70.3896904,1.032469718,170.4485865,6.438208103,297.8602295,0,225,30.87126923,7.657369614,94495.5,18.31565094,1.960154839
135.6000061,180.0526812,85.15070056,23.22244633,70.3896904,1.032469718,170.4485865,6.433368683,298.0331116,0,225,9.261381149,114.6353836,94558.00781,18.31156349,1.95552483
135.8000031,180.0526812,85.15070056,23.55161333,70.3896904,1.032469718,170.4485865,6.429841518,297.8881836,0,225,64.41899872,11.46353912,94620.63281,18.31154251,2.060913216
136,180.0526812,85.15070056,23.22244633,70.3896904,1.017043879,170.4485865,6.42457056,298.1744995,0,225,19.32569885,173.4884796,94683.125,18.18157196,2.020103042
136.1999969,180.0526812,85.15070056,23.22244633,70.3896904,1.032469718,170.4485865,6.420646667,297.9606934,0,225,114.9985504,17.34884834,94745.66406,18.31209183,2.092070889
136.3999939,180.0526812,85.15070056,23.70159885,70.3896904,1.032469718,139.4579344,6.414748669,297.8236694,0,225,45.62929153,1.734884858,94801.96875,18.28441048,2.131446904
136.6000061,180.0526812,85.15070056,23.8655332,70.3896904,1.032469718,170.4485865,6.406583309,297.8865356,0,225,13.68878841,68.55298615,94864.64062,18.29784966,2.127578895
136.8000031,180.0526812,85.15070056,23.30330555,70.3896904,1.032469718,170.4485865,6.395691395,297.8117676,0,225,4.106636524,9.999999747e-05,94927.11719,18.29467201,2.028917479
137,180.0526812,85.15070056,23.22244633,70.3896904,1.028939558,170.4485865,6.387217522,297.9200439,0,225,1.231990933,79.89661407,94989.64062,18.27062416,2.115320295
137.1999969,180.0526812,85.15070056,24.16686996,70.3896904,1.032469718,170.4485865,6.375876427,297.851532,0,225,0.369597286,9.999999747e-05,95052.25781,18.28658485,2.152245272
137.3999939,180.0526812,85.15070056,23.8781976,70.3896904,0.9930015359,170.4485865,6.362824917,297.9562378,0,225,0.1108791828,77.68741608,95114.74219,17.95611572,2.096223997
137.6000061,180.0526812,85.15070056,23.35575525,70.30717906,1.032469718,164.9779357,6.351808548,297.8527222,0,225,31.18174744,7.768741131,95176.04688,18.28682518,2.127488512
137.8000031,180.0526812,85.15070056,23.22244633,70.3896904,1.032469718,170.4485865,6.344034672,298.0307007,0,225,9.354523659,117.8722763,95238.53125,18.29923439,2.24046605
138,180.0526812,85.15070056,23.22244633,70.3896904,1.032469718,170.4485865,6.336176395,297.8796082,0,225,66.01194,11.78722763,95301.00781,18.298769,2.267029378
138.1999969,180.0526812,82.86703015,23.33388537,70.3896904,1.032469718,170.4485865,6.332879543,298.1774597,0,225,19.80358124,179.9130554,95363.03906,18.31346893,2.353972838
138.3999939,180.0526812,83.55209071,23.22244633,70.3896904,1.032469718,139.4579344,6.329200745,297.9589539,0,225,119.1778793,17.9913044,95418.84375,18.29265594,2.386511612
138.6000061,180.0526812,85.15070056,23.22244633,70.3896904,1.032469718,167.6695313,6.32333374,297.8173828,0,225,48.22024918,1.79913044,95480.86719,18.30278587,2.431333406
138.8000031,180.0526812,85.15070056,23.22244633,70.3896904,1.032469718,160.6567968,6.320191383,297.8882751,0,225,14.46607494,72.60149384,95541.57812,18.30631256,2.55630338
139,180.0526812,84.49486891,23.22244633,70.3896904,1.032469718,139.4579344,6.317304611,297.8143616,0,225,4.339822292,9.999999747e-05,95597.79688,18.29504395,2.564475414
139.1999969,180.0526812,85.15070056,23.9208936,70.3896904,1.031648504,170.4485865,6.315150738,297.9247437,0,225,1.301946759,81.35791779,95660.73438,18.30552483,2.725037666
139.3999939,180.0526812,85.15070056,23.52090765,70.3896904,1.009965069,170.4485865,6.310539722,297.8563232,0,225,0.3905840218,9.999999747e-05,95723.50781,18.12163544,2.624964195
139.6000061,180.0526812,85.15070056,23.62747187,70.3896904,1.032469718,166.1465249,6.304558277,297.9590149,0,225,0.1171752065,77.25370789,95785.375,18.30205154,2.608306816
139.8000031,180.0526812,85.15070056,23.22244633,70.3896904,1.032469718,160.6108695,6.297317982,297.8583069,0,225,30.67719078,7.725370884,95845.99219,18.29776955,2.543026206
140,180.0526812,85.15070056,23.22244633,70.3896904,1.032469718,170.4485865,6.288848877,298.0282593,0,225,9.203157425,114.9028473,95908.5625,18.30074883,2.516785705
140.1999969,180.0526812,81.73711319,23.90727254,68.3262595,1.032469718,139.4579344,6.27951622,297.8799133,0,225,63.27967834,11.49028492,95963.99219,18.26832771,2.423939528
140.3999939,180.0526812,85.15070056,23.22244633,70.3896904,1.004428259,170.4485865,6.271573544,298.1629639,0,225,18.98390388,174.2995911,96026.53125,18.069767,2.567558926
140.6000061,180.0526812,85.15070056,23.22244633,70.3896904,1.032469718,139.4579344,6.264391422,297.9470825,0,225,113.2475967,17.42995834,96082.71875,18.2856617,2.611585066
140.8000031,180.0526812,85.15070056,23.22244633,70.3896904,1.032469718,139.4579344,6.257277012,298.3891602,0,225,33.9742775,259.3512573,96138.85938,18.28648949,2.625564902
141,180.0526812,84.51468323,23.22244633,70.3896904,1.032469718,139.4579344,6.251224995,298.0722656,0,225,186.1190033,25.93512726,96194.85156,18.29087067,2.655480676
141.1999969,180.0526812,83.73187304,23.22244633,70.3896904,1.032469718,139.4579344,6.243335724,297.8643799,0,225,88.06755066,2.593512535,96250.67969,18.28617096,2.585639442
141.3999939,180.0526812,84.63048864,23.22244633,70.3896904,1.032469718,157.6975834,6.23540163,297.9690857,0,225,26.4202652,98.33566284,96310.49219,18.29683876,2.644331301
141.6000061,180.0526812,85.15070056,24.03218307,69.64654587,1.027353108,170.4485865,6.226744175,297.8249817,0,225,59.02382278,9.833566666,96373.1875,18.25133133,2.739618869
141.8000031,180.0526812,82.91499622,23.63463232,70.26384185,1.032469718,139.4579344,6.222752571,298.0877991,0,225,17.7071476,163.436142,96429.03906,18.29945564,2.807633178
142,180.0526812,85.15070056,23.22244633,69.29304133,1.02954516,170.4485865,6.220187664,297.8961487,0,225,102.887825,16.34361458,96491.80469,18.2954998,2.951600395
142.1999969,180.0526812,83.11316656,23.22244633,69.74851131,1.032469718,139.4579344,6.217533588,298.317749,0,225,30.86634827,246.8408051,96547.63281,18.30626869,2.861322576
142.3999939,180.0526812,84.96554747,23.22244633,70.3896904,1.032469718,139.4579344,6.214484215,298.0302124,0,225,173.8627167,24.68408012,96603.89844,18.30662537,2.941822263
142.6000061,180.0526812,84.12832228,23.22244633,70.3896904,1.032469718,139.4579344,6.211154461,297.8381042,0,225,83.40760803,2.468407869,96660.0625,18.30777359,2.927868046
142.8000031,180.0526812,80.07261613,23.6833728,69.12748251,1.032469718,139.4579344,6.209793568,297.9551697,0,225,25.02228165,101.5292892,96715.39062,18.31219482,2.895629673
143,180.0526812,82.06735268,23.22244633,70.08715268,1.032469718,139.4579344,6.208128452,297.8175964,0,225,60.78103256,10.15292835,96771.14844,18.31724167,2.945822094
143.1999969,180.0526812,84.07988992,23.22244633,70.3896904,1.032469718,139.4579344,6.204893112,298.0881653,0,225,18.23431015,167.8076935,96827.32812,18.3118782,2.982251795
143.3999939,180.0526812,85.15070056,23.72754088,69.98413633,1.02712065,170.4485865,6.197831154,297.8842468,0,225,105.7750244,16.78076935,96890.0625,18.26727295,2.925052251
143.6000061,180.0526812,79.90046061,24.29497643,69.20155362,1.032469718,139.4579344,6.194423199,298.3258362,0,225,31.73250771,257.7399597,96945.3125,18.30635643,2.912807981
143.8000031,180.0526812,83.85831827,23.22244633,70.3896904,1.032469718,139.4579344,6.191840649,298.031311,0,225,181.2662659,25.77399445,97001.375,18.31800652,3.029066076
144,180.0526812,82.26903008,23.22244633,70.3896904,1.032469718,139.4579344,6.19189167,297.8381042,0,225,88.56056976,2.577399492,97057.27344,18.33160782,3.112751809
144.1999969,180.0526812,84.09353695,23.23945674,68.83469892,1.032469718,139.4579344,6.192844391,297.9618225,0,225,26.56817055,105.2615967,97113.72656,18.32664299,3.263345191
144.3999939,180.0526812,85.15070056,23.22244633,70.3896904,1.032469718,139.4579344,6.194220543,297.8246765,0,225,64.62680054,10.52616024,97170.5,18.33657265,3.349735799
144.6000061,180.0526812,84.5408382,23.22244633,70.3896904,1.032469718,139.4579344,6.195705891,298.1026001,0,225,19.38804054,171.7688599,97227.10156,18.339571,3.333179175
144.8000031,180.0526812,83.03446682,23.22244633,70.3896904,1.032469718,139.4579344,6.197845459,297.914917,0,225,109.7323685,17.1768856,97283.34375,18.34542465,3.2982284
145,180.0526812,83.99677193,23.76644763,68.68949911,1.027637264,139.4579344,6.199115753,298.3445435,0,225,32.91971207,252.5422211,97339.85938,18.29075813,3.364616686
145.1999969,180.0526812,84.9250999,23.22244633,70.3896904,1.032469718,139.4579344,6.200605392,298.0701599,0,225,179.3577118,25.25422287,97396.50781,18.34389877,3.36915217
145.3999939,180.0526812,83.6613742,23.22244633,70.3896904,1.032469718,139.4579344,6.205168247,297.8786621,0,225,94.39639282,2.525422096,97453.09375,18.35916901,3.477578373
145.6000061,180.0526812,78.11639647,23.72905794,68.97512556,1.032469718,139.4579344,6.209895134,298.0056152,0,225,28.31891823,107.5176468,97508.35938,18.35835838,3.272891871
145.8000031,180.0526812,85.15070056,24.55206889,69.39743208,0.9868212044,170.4485865,6.213869572,297.8671875,0,225,68.99724579,10.7517643,97571.96875,17.98455429,3.690859276
146,180.0526812,84.74069539,23.22244633,70.28913667,1.032469718,139.4579344,6.216448307,298.135498,0,225,20.69917297,168.8235626,97628.76562,18.35517311,3.47094626
146.1999969,180.0526812,85.15070056,23.22244633,70.3896904,1.032469718,139.4579344,6.217213154,297.9462585,0,225,109.3265915,16.88235664,97685.57812,18.34977531,3.409383272
146.3999939,180.0526812,85.15070056,23.22244633,70.3896904,1.032469718,139.4579344,6.218001842,298.3548889,0,225,32.79797745,243.9260559,97742.33594,18.35176468,3.409567061
146.6000061,180.0526812,84.85855565,23.22244633,70.3896904,1.032469718,139.4579344,6.217395782,298.0817871,0,225,173.1845245,24.39260483,97798.91406,18.34819984,3.335084634
146.8000031,180.0526812,81.4123064,23.51484697,70.12655587,1.032469718,139.4579344,6.218735218,297.891571,0,225,89.20830536,2.439260483,97854.83594,18.35823631,3.311334065
147,180.0526812,84.01490975,23.83594925,70.3896904,1.032469718,139.4579344,6.220899105,298.0020752,0,225,26.76249123,99.68869781,97911.54688,18.35971832,3.520387938
147.1999969,180.0526812,85.15070056,23.22244633,70.3896904,1.032469718,139.4579344,6.22432518,297.8708496,0,225,62.24270248,9.968870163,97968.5,18.36828232,3.580043501
147.3999939,180.0526812,85.15070056,23.22244633,70.3896904,1.019076037,170.4485865,6.227401257,298.1109314,0,225,18.67281151,155.0663147,98031.76562,18.27633286,3.571560295
147.6000061,180.0526812,83.60876087,23.22244633,70.3896904,1.032469718,139.4579344,6.231062889,297.9421082,0,225,97.64984131,15.50663185,98088.26562,18.37466812,3.518335528
147.8000031,180.0526812,85.15070056,23.22244633,70.3896904,1.032469718,139.4579344,6.236009121,298.3056335,0,225,29.29495239,219.9073639,98145.1875,18.37965012,3.649146989
148,180.0526812,82.04945964,23.22244633,70.34737434,1.032469718,139.4579344,6.244538784,298.0851135,0,225,153.8091583,21.99073601,98201.40625,18.39823341,3.645942787
148.1999969,180.0526812,85.15070056,23.22244633,70.3896904,1.032469718,139.4579344,6.252337933,297.9113464,0,225,86.4681778,2.199073553,98258.51562,18.39352036,3.791451801
148.3999939,180.0526812,85.15070056,23.22244633,70.3896904,1.032469718,139.4579344,6.262291431,298.0293274,0,225,25.94045448,101.2066498,98315.75,18.40329552,3.887690218
148.6000061,180.0526812,82.84007613,23.22244633,70.3896904,1.032469718,139.4579344,6.270895481,297.9014893,0,225,64.62453461,10.12066555,98372.3125,18.40278053,3.712382216
148.8000031,180.0526812,82.73011267,23.87697362,69.34421121,1.032469718,139.4579344,6.278902054,298.1352539,0,225,19.38736153,152.170578,98428.9375,18.39365768,3.745344708
149,180.0526812,85.15070056,23.22244633,70.3896904,1.032469718,145.4532503,6.287126541,297.975769,0,225,97.29933167,15.21705818,98487.3125,18.40570641,3.811201682
149.1999969,180.0526812,85.15070056,23.22244633,70.3896904,1.032469718,170.4485865,6.296722412,297.8548889,0,225,45.59955215,1.521705747,98550.94531,18.42767906,3.882773889
149.3999939,180.0526812,85.15070056,23.48015196,70.3896904,1.026613815,170.4485865,6.307549953,297.9233398,0,225,13.67986584,71.02171326,98614.70312,18.38371468,3.959907574
149.6000061,180.0526812,85.15070056,23.22244633,70.3896904,1.032469718,170.4485865,6.320227146,297.8510742,0,225,4.10395956,9.999999747e-05,98678.49219,18.44226646,4.004537435
149.8000031,180.0526812,85.15070056,23.35459522,70.3896904,0.9893180161,170.4485865,6.333543301,297.9379883,0,225,1.23118794,72.67613983,98742.34375,18.08497047,4.03969467
150,180.0526812,85.15070056,23.22244633,70.3896904,1.032469718,170.4485865,6.349448681,297.8701782,0,225,0.369356364,9.999999747e-05,98806.27344,18.45721817,4.121836284
150.1999969,180.0526812,85.15070056,23.22244633,70.3896904,1.032469718,170.4485865,6.364655495,297.9490051,0,225,0.1108069122,68.40965271,98870.17969,18.45695305,4.093396892
150.3999939,180.0526812,83.61665282,23.84217108,69.28253679,1.032469718,139.4579344,6.379801273,297.8821411,0,225,0.03324207291,9.999999747e-05,98927.4375,18.43277359,4.064955354
150.6000061,180.0526812,85.15070056,23.22244633,70.3896904,1.032469718,170.4485865,6.395511627,297.9500122,0,225,0.009972621687,63.3757782,98991.39062,18.46304893,4.112663967
150.8000031,180.0526812,85.15070056,23.22244633,70.3896904,1.032469718,170.4485865,6.411940098,297.8744812,0,225,19.50871468,6.33757782,99055.38281,18.46810913,4.145352232
151,180.0526812,85.15070056,23.22244633,70.3896904,1.017503673,170.4485865,6.427667141,297.9801025,0,225,5.852614403,84.24588013,99119.35156,18.3435173,4.125744837
151.1999969,180.0526812,85.15070056,23.22244633,70.3896904,1.026995824,170.4485865,6.442545414,297.8876343,0,225,38.15578461,8.42458725,99183.29688,18.42314148,4.103298477
151.3999939,180.0526812,85.15070056,23.91257059,68.8142839,0.990622314,170.4485865,6.457071304,298.0513306,0,225,11.44673538,114.7767029,99247.36719,18.10967827,4.172936017
151.6000061,180.0526812,85.15070056,23.22244633,70.3896904,1.023133248,170.4485865,6.473339558,297.9381409,0,225,64.40196228,11.47766972,99311.375,18.40299797,4.183881648
151.8000031,180.0526812,85.15070056,23.42797869,70.3896904,0.9939984894,170.4485865,6.489313126,298.1706543,0,225,19.32058716,151.6601562,99375.40625,18.16171074,4.214114234
152,180.0526812,85.15070056,23.22244633,70.3896904,1.032469718,170.4485865,6.504844666,298.0290222,0,225,98.07283783,15.16601562,99439.39062,18.48791122,4.19961946
152.1999969,180.0526812,85.15070056,23.22244633,70.3896904,1.023797957,170.4485865,6.518475056,297.906189,0,223.5823059,53.85946274,1.516601562,99503.09375,18.41340637,4.172019952
152.3999939,180.0526812,85.15070056,23.22244633,70.3896904,0.9838317759,170.4485865,6.531617641,297.9789429,0,216.7171936,16.15783882,74.05054474,99565.48438,18.08377266,4.248022211
152.6000061,180.0526812,85.15070056,23.22244633,70.3896904,1.020387134,170.4485865,6.542685986,297.8880615,0,204.5905609,38.66118622,7.405054569,99625.46094,18.39063263,4.308221849
152.8000031,180.0526812,85.15070056,23.22244633,70.3896904,1.004396088,170.4485865,6.549412727,298.0343018,0,188.0419159,11.59835625,106.5031433,99682.03125,18.24893951,4.300693951
153,180.0526812,85.15070056,23.22244633,70.3896904,1.019659079,170.4485865,6.551018715,297.929718,0,168.8101501,58.53803253,10.65031433,99734.64844,18.36705589,4.288511434
153.1999969,180.0526812,85.15070056,23.22244633,70.3896904,1.02551645,170.4485865,6.527095318,298.1483154,0.5200622678,84.40507507,17.5614109,140.5414886,99770.02344,18.3659687,4.242468183
153.3999939,180.0526812,85.15070056,23.22244633,69.81171032,1.032469718,139.4579344,6.502651215,298.033905,0,74.17063141,91.13406372,14.05414963,99796.89062,18.40094376,4.257503619
153.6000061,180.0526812,81.42245121,23.22244633,66.02364648,0.9995249566,139.4579344,6.481677055,297.9290466,0,73.63374329,55.58541107,1.405414939,99822.78906,18.1156044,4.120915285
153.8000031,180.0526812,85.02876585,23.22244633,65.3673178,0.99164588,139.4579344,6.463560104,298.0151062,0,81.47342682,16.67562294,72.63091278,99851.32812,18.04546738,4.295261259
154,180.0526812,85.15070056,23.22244633,65.4781109,1.026087629,149.7725786,6.450754642,297.9294739,0,96.56159973,44.4846611,7.263091087,99885.11719,18.34849548,4.261885065
154.1999969,180.0526812,85.15070056,23.22244633,65.99741171,0.9955406594,155.2586612,6.444163322,298.0768433,0,116.7637024,13.34539795,105.7803345,99924.15625,18.11051941,4.226751675
154.3999939,180.0526812,85.15070056,23.22244633,70.3896904,0.9492451225,145.4850305,6.443347931,297.9691162,0,139.598999,62.18671036,10.57803345,99965.82812,17.75183868,4.165559814
154.6000061,180.0526812,85.15070056,23.22244633,70.3896904,0.9746609868,170.4485865,6.451087952,297.8781738,0,162.7614441,26.79477692,1.057803273,100017.5781,18.00683212,4.300149071
154.8000031,180.0526812,85.15070056,23.22244633,70.3896904,0.9909914822,140.7893416,6.464426994,297.9128113,0,182.8183441,8.038433075,51.50401688,100067.3828,18.14233398,4.323693462
155,180.0526812,85.15070056,23.22244633,70.3896904,0.9901406564,170.4485865,6.479104996,297.8433228,0,197.5486145,2.411530018,9.999999747e-05,100126.2109,18.1563797,4.249725788
155.1999969,180.0526812,84.9691262,23.93900198,69.32410413,0.9962962311,170.4485865,6.493477345,297.9091492,0,206.4210815,0.7234589458,63.23677444,100186.8359,18.19970703,4.236009261
155.3999939,180.0526812,85.15070056,23.22244633,70.3896904,1.01013348,170.4485865,6.50664711,297.84198,0,209.5498962,0.2170376927,9.999999747e-05,100247.8984,18.32266998,4.11066438
155.6000061,180.0526812,85.15070056,23.22244633,70.3896904,0.9901238828,170.4485865,6.516747952,297.9192505,0,207.4137573,0.06511130929,68.43578339,100308.3672,18.14793968,4.020030403
155.8000031,180.0526812,85.15070056,23.22244633,70.3896904,1.002991114,170.4485865,6.525636673,297.8521423,0,201.243515,0.01953339204,9.999999747e-05,100367.5469,18.25622177,4.044082221
156,180.0526812,85.15070056,23.22244633,70.3896904,0.9720957841,170.4485865,6.532081604,297.9304504,0,191.512085,0.005860017613,69.03515625,100424.6797,17.99443626,4.050726861
156.1999969,180.0526812,85.15070056,23.22244633,70.3896904,0.9658449923,170.4485865,6.537232876,297.8633118,0,179.2067871,0.001758005354,9.999999747e-05,100479.3516,17.94468117,4.138309861
156.3999939,180.0526812,85.15070056,23.22244633,70.3896904,0.9735844803,170.4485865,6.53552103,297.9372253,0,164.8372803,0.0005274015712,67.05316162,100530.8672,17.98997498,3.989293579
156.6000061,180.0526812,85.15070056,23.22244633,70.3896904,0.9669543341,170.4485865,6.528880596,297.8701172,0,151.17099,0.0001582204713,9.999999747e-05,100579.4531,17.92094231,3.90077293
156.8000031,180.0526812,85.15070056,23.22244633,70.3896904,0.9638501397,170.4485865,6.51950407,297.9387207,0,140.1549683,9.999999747e-05,64.58921814,100625.7344,17.88810158,3.871226096
157,180.0526812,85.15070056,23.22244633,70.3896904,0.9690426426,170.4485865,6.509305477,297.8716125,0,132.8828278,9.999999747e-05,9.999999747e-05,100670.5234,17.9305706,3.886611172
157.1999969,180.0526812,85.15070056,23.22244633,70.3896904,0.9452782489,170.4485865,6.498880386,297.936676,0,129.6841583,9.999999747e-05,62.95679474,100714.6484,17.7311306,3.877782221
157.3999939,180.0526812,85.15070056,23.22244633,70.3896904,0.9611770052,170.4485865,6.492147923,297.8695679,0,130.6534729,9.999999747e-05,9.999999747e-05,100759.1562,17.88076591,4.037686602
157.6000061,180.0526812,85.15070056,23.22244633,69.42942728,0.9780390155,166.1444381,6.485881329,297.9336243,0,134.3031311,9.999999747e-05,62.47896957,100803.4844,18.01345444,3.981014218
157.8000031,180.0526812,85.15070056,23.22244633,70.3896904,0.9911945342,170.4485865,6.481086731,297.8665771,0,140.4696045,9.999999747e-05,9.999999747e-05,100849.9453,18.13422585,3.950559767
158,180.0526812,85.15070056,23.22244633,70.3896904,0.9742355496,170.4485865,6.480167389,297.9311523,0,148.5505676,9.999999747e-05,62.8125,100898.1719,18.00608635,4.027810291
158.1999969,180.0526812,85.15070056,23.22244633,70.3896904,0.9796291653,170.4485865,6.482264519,297.8641052,0,156.9912567,9.999999747e-05,9.999999747e-05,100948.1953,18.06145477,4.063495087
158.3999939,180.0526812,85.15070056,23.22244633,70.3896904,0.9576455147,170.4485865,6.48517561,297.9298706,0,164.5956726,9.999999747e-05,63.43294144,100999.7422,17.87893867,4.008513751
158.6000061,180.0526812,85.15070056,23.22244633,70.3896904,0.9775621796,170.4485865,6.49080801,297.862854,0,171.0426331,9.999999747e-05,9.999999747e-05,101052.6875,18.05648041,4.061204221
158.8000031,180.0526812,85.15070056,23.22244633,70.3896904,0.9888714902,170.4485865,6.495603561,297.929657,0,175.2302551,9.999999747e-05,63.97302246,101106.4219,18.14868927,3.982887548
159,180.0526812,85.15070056,23.22244633,70.3896904,1.001049759,170.4485865,6.50113821,297.8626709,0,177.5110626,9.999999747e-05,9.999999747e-05,101160.6562,18.25535202,3.99579657
159.1999969,180.0526812,85.15070056,23.22244633,70.3896904,0.9637755048,170.4485865,6.504111767,297.9299316,0,177.5730591,9.999999747e-05,64.25537109,101214.7812,17.93577576,3.889322324
159.3999939,180.0526812,85.15070056,23.22244633,70.3896904,0.9782810339,170.4485865,6.507613182,297.8630066,0,176.4562836,9.999999747e-05,9.999999747e-05,101268.7188,18.06181717,3.924960383
159.6000061,180.0526812,85.15070056,23.22244633,70.3896904,0.9867272045,170.4485865,6.510228634,297.9302368,0,173.9291229,9.999999747e-05,64.30172729,101322.125,18.1323719,3.916902938
159.8000031,180.0526812,85.15070056,23.22244633,70.3896904,0.9627761434,170.4485865,6.512646198,297.8633118,0,170.360321,9.999999747e-05,9.999999747e-05,101374.8281,17.93458748,3.948661815
160,180.0526812,85.15070056,23.22244633,70.3896904,0.9792995663,170.4485865,6.513728619,297.9302368,0,165.8222504,9.999999747e-05,64.22803497,101426.5938,18.07164192,3.939979161
160.1999969,180.0526812,85.15070056,23.22244633,70.3896904,0.986008863,170.4485865,6.514179707,297.8633423,0,160.8549194,9.999999747e-05,9.999999747e-05,101477.3594,18.12939644,3.966204314
160.3999939,180.0526812,85.15070056,23.22244633,70.3896904,0.9585540833,170.4485865,6.513604641,297.9299927,0,155.7049713,9.999999747e-05,64.14560699,101527.0859,17.89945984,3.976079938
160.6000061,180.0526812,85.15070056,23.22244633,70.3896904,0.9469777638,170.4485865,6.51275444,297.8630981,0,150.786499,9.999999747e-05,9.999999747e-05,101575.8516,17.80559921,4.019371759
160.8000031,180.0526812,85.15070056,23.22244633,70.3896904,0.9835742161,170.4485865,6.508587837,297.9295654,0,146.205658,9.999999747e-05,64.11766815,101623.5469,18.10106277,3.901600817
161,180.0526812,85.15070056,23.22244633,70.3896904,1.012947741,170.4485865,6.501116276,297.8627319,0,143.3014679,9.999999747e-05,9.999999747e-05,101670.4766,18.33333778,3.748034113
161.1999969,180.0526812,85.15070056,23.22244633,70.3896904,0.9925859302,170.4485865,6.493516445,297.9291687,0,143.3861389,9.999999747e-05,64.12944794,101717.375,18.16194916,3.711623759
161.3999939,180.0526812,85.15070056,23.22244633,70.3896904,0.96415312,170.4485865,6.485304832,297.8623657,0,146.5005646,9.999999747e-05,9.999999747e-05,101764.7969,17.91973877,3.620612699
161.6000061,180.0526812,85.15070056,23.73333636,67.09555206,0.9835134734,154.0906366,6.477428436,297.9291382,0,152.9012909,9.999999747e-05,64.17671967,101810.1875,18.05104446,3.600691562
161.8000031,180.0526812,85.15070056,23.22244633,69.94095169,0.9664254007,139.7771162,6.470876217,297.8629456,0,162.4494019,9.999999747e-05,9.999999747e-05,101854.4219,17.92020798,3.494671473
162,180.0526812,85.15070056,23.22244633,70.3896904,0.9921805737,147.7118316,6.465851307,297.9292908,0,174.6152954,9.999999747e-05,63.95861435,101902.7109,18.1469574,3.451983505
162.1999969,180.0526812,85.15070056,23.22244633,70.3896904,1.001306517,170.4485865,6.463351727,297.8625488,0,188.7903748,9.999999747e-05,9.999999747e-05,101958.5312,18.24564552,3.450531885
162.3999939,180.0526812,85.15070056,23.22244633,70.3896904,1.000549146,170.4485865,6.465987206,297.9286194,0,203.961792,9.999999747e-05,64.09856415,102017.5234,18.25735283,3.537175795
162.6000061,180.0526812,85.15070056,23.22244633,70.3896904,0.9685571013,170.4485865,6.468666077,297.861908,0,218.0702362,9.999999747e-05,9.999999747e-05,102079.2734,17.99286652,3.459358392
162.8000031,180.0526812,78.65949503,25.28417811,67.66639863,0.99931186,148.7939819,6.475944042,297.9285889,0,225,9.999999747e-05,64.15274048,102136.7656,18.23538971,3.448813066
163,180.0526812,85.15070056,23.22244633,70.3896904,0.9845878648,170.4485865,6.485276699,297.8618469,0,225,9.999999747e-05,9.999999747e-05,102200.0781,18.15110588,3.654823895
163.1999969,180.0526812,85.15070056,23.22244633,70.3896904,0.9738958191,170.4485865,6.4904809,297.9281006,0,225,9.999999747e-05,64.31466675,102263.2188,18.05249214,3.533958252
163.3999939,180.0526812,85.15070056,23.22244633,70.3896904,1.000974826,170.4485865,6.493547916,297.8614502,0,225,9.999999747e-05,9.999999747e-05,102326.2656,18.27484131,3.471113106
163.6000061,180.0526812,85.15070056,23.22244633,70.3896904,0.9971086791,170.4485865,6.497928619,297.9274597,0,225,9.999999747e-05,64.27565765,102389.3359,18.2485733,3.517463285
163.8000031,180.0526812,85.15070056,23.22244633,70.3896904,0.9601766746,170.4485865,6.502306938,297.8608093,0,225,9.999999747e-05,9.999999747e-05,102452.3984,17.94246101,3.525385378
164,180.0526812,85.15070056,23.22244633,70.3896904,0.958076511,170.4485865,6.505968571,297.9268494,0,224.5969391,9.999999747e-05,64.33840942,102515.3438,17.92534828,3.511811892
164.1999969,180.0526812,85.15070056,23.59030774,69.94954567,0.9730396975,167.8202911,6.506149769,297.8602905,0,222.7314453,9.999999747e-05,9.999999747e-05,102577.3281,18.03724289,3.455774636
164.3999939,180.0526812,85.15070056,23.6626011,67.88242723,0.9555518283,170.4485865,6.503822327,297.9263611,0,220.8027344,9.999999747e-05,64.41552734,102639.3906,17.87710381,3.396154065
164.6000061,180.0526812,85.15070056,23.22244633,70.3896904,0.9753718727,170.4485865,6.497527599,297.8598022,0,219.8019257,9.999999747e-05,9.999999747e-05,102701.0312,18.04794121,3.230901735
164.8000031,180.0526812,85.15070056,23.22244633,70.3896904,0.9848090752,170.4485865,6.493215084,297.9259949,0,221.3240814,9.999999747e-05,64.52159882,102763.0156,18.13314438,3.273519179
165,180.0526812,85.15070056,23.22244633,70.3896904,1.009154704,170.4485865,6.490173817,297.859436,0,224.5519714,9.999999747e-05,9.999999747e-05,102825.6719,18.34137154,3.294212059
165.1999969,180.0526812,85.15070056,23.80985601,69.24077754,0.9873679783,156.0928601,6.48725605,297.9259338,0,225,9.999999747e-05,64.61383057,102885.5938,18.14472389,3.351298429
165.3999939,180.0526812,85.15070056,23.22244633,70.3896904,0.9715889098,170.4485865,6.488438606,297.8594055,0,225,9.999999747e-05,9.999999747e-05,102948.4766,18.0426693,3.416749347
165.6000061,180.0526812,85.15070056,23.22244633,70.3896904,0.9864984752,170.4485865,6.485920906,297.9256592,0,225,9.999999747e-05,64.69997406,103011.2422,18.1591568,3.30682657
165.8000031,180.0526812,85.15070056,23.22244633,70.3896904,0.9695154283,170.4485865,6.486507416,297.8591614,0,225,9.999999747e-05,9.999999747e-05,103074.1094,18.02742386,3.396905956
166,180.0526812,85.15070056,23.22244633,70.3896904,0.9782142654,170.4485865,6.48896265,297.9252319,0,225,9.999999747e-05,64.6831665,103137.0469,18.10730934,3.457572947
166.1999969,180.0526812,85.15070056,23.22244633,70.3896904,1.000248357,170.4485865,6.496270657,297.8587036,0,225,9.999999747e-05,9.999999747e-05,103200.1797,18.30785942,3.617123608
166.3999939,180.0526812,85.15070056,23.28111523,70.3896904,1.008644452,170.4485865,6.503691196,297.9247131,0,225,9.999999747e-05,64.72544098,103263.3516,18.3811779,3.637968628
166.6000061,180.0526812,85.15070056,23.22244633,70.3896904,0.9983496043,170.4485865,6.509736538,297.8582153,0,224.0426483,9.999999747e-05,9.999999747e-05,103326.3047,18.29409409,3.601042644
166.8000031,180.0526812,85.15070056,23.71378731,69.87114478,0.9621965938,170.4485865,6.514385223,297.9242249,0,220.6719971,9.999999747e-05,64.7960968,103388.6641,17.98575401,3.631989714
167,180.0526812,85.15070056,23.22244633,70.3896904,0.9664468381,170.4485865,6.515714169,297.8577881,0,215.4419098,9.999999747e-05,9.999999747e-05,103449.7891,18.01868439,3.509165425
167.1999969,180.0526812,85.15070056,23.22244633,69.44939204,0.9607325624,170.4485865,6.513151169,297.9238281,0,209.6867065,9.999999747e-05,64.87567902,103509.6406,17.95680618,3.413158944
167.3999939,180.0526812,85.15070056,23.22244633,70.3896904,0.9775590961,170.4485865,6.51142931,297.8574219,0,204.9588165,9.999999747e-05,9.999999747e-05,103568.5859,18.10560608,3.460319041
167.6000061,180.0526812,85.15070056,23.39413055,68.45178936,0.9591266707,170.4485865,6.507129192,297.9235229,0,200.904541,9.999999747e-05,64.95095825,103626.6641,17.93496323,3.411347319
167.8000031,180.0526812,85.15070056,23.22244633,70.3896904,0.9481040469,170.4485865,6.500087738,297.8571472,0,198.5813904,9.999999747e-05,9.999999747e-05,103684.1328,17.846241,3.303609348
168,180.0526812,85.15070056,23.22244633,68.66721141,0.9345100027,170.4485865,6.495783806,297.9232178,0,199.0757141,9.999999747e-05,65.0001297,103741.7812,17.73311234,3.377810985
168.1999969,180.0526812,85.15070056,23.22244633,70.3896904,0.9577386938,170.4485865,6.490711689,297.8568726,0,201.2737427,9.999999747e-05,9.999999747e-05,103799.8281,17.93455124,3.332279585
168.3999939,180.0526812,85.15070056,23.22244633,70.3896904,0.9519903165,170.4485865,6.484569073,297.9229126,0,205.5119629,9.999999747e-05,65.04577637,103858.6484,17.88505173,3.264759595
168.6000061,180.0526812,85.15070056,23.22244633,70.3896904,0.9731061924,170.4485865,6.477268696,297.8565979,0,212.2082672,9.999999747e-05,9.999999747e-05,103918.7422,18.05973434,3.185891982
168.8000031,180.0526812,84.30564046,24.20606366,67.40665602,0.974585407,143.6644919,6.470639229,297.9231262,0,221.825058,9.999999747e-05,65.08010864,103975.2344,18.04216957,3.211146836
169,180.0526812,85.15070056,23.22244633,70.3896904,0.9692409754,170.4485865,6.463217735,297.856842,0,225,9.999999747e-05,9.999999747e-05,104037.8125,18.03168297,3.111653707
169.1999969,180.0526812,85.15070056,23.22244633,70.3896904,0.9894054652,170.4485865,6.457407951,297.9228516,0,225,9.999999747e-05,65.14054871,104100.4062,18.20494843,3.148568532
169.3999939,180.0526812,85.15070056,23.22244633,70.3896904,0.9914630642,170.4485865,6.452547073,297.8565979,0,225,9.999999747e-05,9.999999747e-05,104162.9844,18.22581863,3.171155197
169.6000061,180.0526812,85.15070056,23.22244633,70.3896904,0.979033808,170.4485865,6.445977688,297.9222717,0,225,9.999999747e-05,65.05646515,104225.4688,18.11894417,3.113638054
169.8000031,180.0526812,85.15070056,23.22244633,70.3896904,0.9935342345,170.4485865,6.446093559,297.8560181,0,225,9.999999747e-05,9.999999747e-05,104288.1484,18.259655,3.311121605
170,180.0526812,85.15070056,23.22244633,70.3896904,1.001702332,170.4485865,6.442564487,297.9216309,0,225,9.999999747e-05,65.09273529,104350.6797,18.31933212,3.200811933
170.1999969,180.0526812,83.60578792,24.29394029,69.5212829,1.000993923,147.0930345,6.436768532,297.8559265,0,225,9.999999747e-05,9.999999747e-05,104408.125,18.28684425,3.156769266
170.3999939,180.0526812,83.63205348,24.04687251,69.1169323,0.9931786902,139.4579344,6.434388161,297.9216919,0,225,9.999999747e-05,64.9369278,104464.0625,18.22742271,3.228266312
170.6000061,180.0526812,85.15070056,23.22244633,70.3896904,0.9732343873,170.4485865,6.432212353,297.8554993,0,225,9.999999747e-05,9.999999747e-05,104526.5938,18.08996964,3.226042906
170.8000031,180.0526812,85.15070056,23.22244633,70.3896904,0.9875354623,170.4485865,6.429291725,297.9210815,0,225,9.999999747e-05,65.20245361,104589.0859,18.20881844,3.19907859
171,180.0526812,85.15070056,23.22244633,70.3896904,0.9943008442,170.4485865,6.428104877,297.8549194,0,225,9.999999747e-05,9.999999747e-05,104651.6406,18.27185249,3.248965202
171.1999969,180.0526812,85.15070056,23.22244633,70.3896904,0.9809342969,170.4485865,6.430444241,297.9204712,0,225,9.999999747e-05,65.26176453,104714.3203,18.17269325,3.358774093
171.3999939,180.0526812,85.15070056,23.22244633,70.3896904,0.9993245235,170.4485865,6.433116913,297.8543091,0,225,9.999999747e-05,9.999999747e-05,104777.0234,18.32931709,3.370776897
171.6000061,180.0526812,85.15070056,23.22244633,70.3896904,0.9844945797,163.2712583,6.439745903,297.9200439,0,225,9.999999747e-05,65.37391663,104838.4219,18.21566963,3.495019995
171.8000031,180.0526812,85.15070056,23.22244633,70.3896904,0.9716834615,170.4485865,6.445100307,297.8539124,0,225,9.999999747e-05,9.999999747e-05,104901.2656,18.11133575,3.459261236
172,180.0526812,85.15070056,23.22244633,70.3896904,0.9828501262,170.4485865,6.448329926,297.9196777,0,225,9.999999747e-05,65.50176239,104964.0547,18.20070076,3.392090572
172.1999969,180.0526812,85.15070056,23.22244633,70.3896904,0.9976994364,170.4485865,6.445682049,297.8535767,0,225,9.999999747e-05,9.999999747e-05,105026.6562,18.30963135,3.20843256
172.3999939,180.0526812,85.15070056,23.22244633,70.3896904,0.9927687383,170.4485865,6.443392754,297.9193115,0,225,9.999999747e-05,65.55230713,105089.2734,18.27124023,3.211016796
172.6000061,180.0526812,85.15070056,23.22244633,70.3896904,0.9974841754,170.4485865,6.440583229,297.8532715,0,225,9.999999747e-05,9.999999747e-05,105151.8672,18.31069946,3.190740723
172.8000031,180.0526812,85.15070056,23.22244633,70.3896904,0.9750181329,162.5349546,6.433557034,297.9191589,0,225,9.999999747e-05,65.60574341,105212.6875,18.10863113,3.054065771
173,180.0526812,85.15070056,23.22244633,70.3896904,0.9934771676,170.4485865,6.423707008,297.8531494,0,225,9.999999747e-05,9.999999747e-05,105275.0156,18.2597599,2.955733133
173.1999969,180.0526812,85.15070056,23.66615679,70.16036432,0.9828198496,170.4485865,6.414104939,297.9188538,0,225,9.999999747e-05,65.64808655,105337.4062,18.16920853,2.992058583
173.3999939,180.0526812,85.15070056,23.52569804,69.99425043,0.9860639174,153.019503,6.405303478,297.8531799,0,225,9.999999747e-05,9.999999747e-05,105396.1797,18.18912697,2.988122193
173.6000061,180.0526812,85.15070056,23.22244633,70.3896904,0.9941860404,170.4485865,6.39582634,297.918457,0,225,9.999999747e-05,65.49362183,105458.4141,18.26882553,2.92738037
173.8000031,180.0526812,85.15070056,23.22244633,70.3896904,0.9754010406,170.4485865,6.384475708,297.8525085,0,225,9.999999747e-05,9.999999747e-05,105520.5391,18.10752487,2.851999107
174,180.0526812,85.15070056,23.22244633,70.3896904,0.9857346509,170.4485865,6.371597767,297.9179077,0,225,9.999999747e-05,65.60268402,105582.5625,18.18917465,2.783753447
174.1999969,180.0526812,85.15070056,23.22244633,70.3896904,0.9932078459,144.6260746,6.361405373,297.8524475,0,225,9.999999747e-05,9.999999747e-05,105639.3281,18.24507332,2.852395688
174.3999939,180.0526812,85.15070056,23.22244633,70.3896904,0.9981861431,170.4485865,6.3548069,297.91745,0,225,9.999999747e-05,65.49697113,105701.4922,18.31336784,2.970660221
174.6000061,180.0526812,85.15070056,23.22244633,70.3896904,0.9829995672,170.4485865,6.348618984,297.851532,0,225,9.999999747e-05,9.999999747e-05,105763.6484,18.18946075,2.979457121
174.8000031,180.0526812,85.15070056,23.22244633,70.3896904,0.9902863231,170.4485865,6.341317177,297.9169006,0,225,9.999999747e-05,65.72408295,105825.7266,18.24775505,2.93228764
175,180.0526812,85.15070056,23.22244633,70.3896904,1.010044346,170.4485865,6.335953236,297.8510132,0,225,9.999999747e-05,9.999999747e-05,105887.8594,18.4198246,2.992157374
175.1999969,180.0526812,85.15070056,23.22244633,70.3896904,1.003163292,170.4485865,6.330878735,297.9165955,0,225,9.999999747e-05,65.90898132,105949.9922,18.3650322,2.997057858
175.3999939,180.0526812,85.15070056,23.22244633,70.3896904,0.9895166383,170.4485865,6.32309866,297.8507385,0,225,9.999999747e-05,9.999999747e-05,106012,18.24348068,2.891274557
175.6000061,180.0526812,84.59881931,23.74638869,69.53707812,0.9877645696,139.4579344,6.314018726,297.9169922,0,225,9.999999747e-05,66.01027679,106067.5391,18.20175934,2.853725559
175.8000031,180.0526812,85.15070056,23.65346006,70.17805857,0.9855945989,157.135622,6.307174206,297.8513794,0,225,9.999999747e-05,9.999999747e-05,106126.9141,18.20531845,2.942802813
176,180.0526812,85.15070056,23.22244633,70.3896904,0.977563143,170.4485865,6.299872398,297.9168396,0,225,9.999999747e-05,65.97121429,106188.9062,18.14875221,2.878631967
176.1999969,180.0526812,85.15070056,23.22244633,70.3896904,0.9812406494,170.4485865,6.291321278,297.8510437,0,225,9.999999747e-05,9.999999747e-05,106250.8359,18.1758728,2.819211716
176.3999939,180.0526812,85.15070056,23.22244633,70.3896904,1.009335252,170.4485865,6.28313446,297.9162292,0,225,9.999999747e-05,65.90409851,106312.7656,18.41187668,2.82186039
176.6000061,180.0526812,85.15070056,23.22244633,70.3896904,0.9815384924,170.4485865,6.275575161,297.8504639,0,225,9.999999747e-05,9.999999747e-05,106374.7109,18.18401909,2.837185439
176.8000031,180.0526812,85.15070056,23.22244633,70.3896904,0.9953513225,170.4485865,6.267321587,297.9156189,0,225,9.999999747e-05,65.9496994,106436.6172,18.29740524,2.799645724
177,180.0526812,85.15070056,23.22244633,70.3896904,1.002198978,166.0135101,6.261611938,297.8499451,0,225,9.999999747e-05,9.999999747e-05,106497.7188,18.36281395,2.893685814
177.1999969,180.0526812,85.15070056,23.44027047,70.3896904,1.012760204,170.4485865,6.25772047,297.9151001,0,225,9.999999747e-05,66.01599884,106559.8594,18.46095467,2.985575369
177.3999939,180.0526812,85.15070056,23.22244633,70.3896904,1.01612614,169.7300902,6.25485611,297.8493347,0,225,9.999999747e-05,9.999999747e-05,106621.8594,18.49542999,3.003405062
177.6000061,180.0526812,85.15070056,23.22244633,70.3896904,1.00540245,170.4485865,6.252040386,297.9146423,0,225,9.999999747e-05,66.14765167,106684.0078,18.40855408,3.000375811
177.8000031,180.0526812,82.41952717,23.5498021,69.7847024,1.011217048,139.4579344,6.249138355,297.8495178,0,225,9.999999747e-05,9.999999747e-05,106739.1641,18.4388752,2.902292666
178,180.0526812,85.15070056,23.22244633,70.3896904,1.003529285,170.4485865,6.242632866,297.9143066,0,225,9.999999747e-05,65.94550323,106801.1484,18.38099098,2.831223334
178.1999969,180.0526812,85.15070056,23.37224904,70.3896904,1.01059743,154.1817853,6.236764908,297.8489075,0,225,9.999999747e-05,9.999999747e-05,106859.8516,18.43381119,2.861415109
178.3999939,180.0526812,85.15070056,23.22244633,70.3896904,1.009429615,169.171381,6.231761932,297.9137573,0,225,9.999999747e-05,66.03833771,106921.6328,18.43824959,2.880489787
178.6000061,180.0526812,85.15070056,23.22244633,69.73923679,0.9661599132,170.4485865,6.224963665,297.848114,0,225,9.999999747e-05,9.999999747e-05,106983.5781,18.06972694,2.794325163
178.8000031,180.0526812,85.15070056,23.22244633,69.35655729,0.9451336805,170.4485865,6.219013691,297.9133301,0,225,9.999999747e-05,66.29682922,107045.5547,17.89779091,2.822137744
179,180.0526812,85.15070056,23.22244633,69.94394917,0.9673051917,143.6909481,6.212096214,297.848175,0,225,9.999999747e-05,9.999999747e-05,107101.9688,18.06723404,2.766282582
179.1999969,180.0526812,85.15070056,23.22244633,68.27420658,0.9851578473,139.4579344,6.206991673,297.9136963,0,225,9.999999747e-05,66.22480774,107157.5938,18.21430397,2.839697208
179.3999939,180.0526812,85.15070056,23.22244633,70.19816825,0.9898044081,161.2816087,6.201058865,297.8482361,0,225,9.999999747e-05,9.999999747e-05,107217.6484,18.27200317,2.799173313
179.6000061,180.0526812,85.15070056,23.22244633,70.3896904,1.000086569,157.8862809,6.194669247,297.9136047,0,225,9.999999747e-05,66.3766861,107276.9609,18.35578346,2.768177399
179.8000031,180.0526812,85.15070056,23.22244633,70.3896904,1.009761358,159.5208285,6.189804077,297.848175,0,225,9.999999747e-05,9.999999747e-05,107336.6719,18.44536018,2.832651976
180,180.0526812,81.15006708,23.99443711,69.13687983,1.004235604,139.4579344,6.187704563,297.9137573,0,225,9.999999747e-05,66.33597565,107391.5234,18.39657021,2.862591295
180.1999969,180.0526812,85.15070056,23.22244633,70.3896904,0.9916225204,165.7380847,6.182778358,297.8482666,0,225,9.999999747e-05,9.999999747e-05,107452.4922,18.30055428,2.820956478
180.3999939,180.0526812,85.15070056,23.22244633,69.07612498,0.9810779635,163.2549023,6.179136753,297.9133301,0,225,9.999999747e-05,66.4023056,107513,18.21276093,2.875789442
180.6000061,180.0526812,85.15070056,23.22244633,70.3896904,1.006315666,149.5828783,6.175381184,297.848114,0,225,9.999999747e-05,9.999999747e-05,107570.6953,18.42248917,2.862969438
180.8000031,180.0526812,83.42051873,23.6054045,69.36472256,1.001919933,139.4579344,6.172887325,297.913147,0,225,9.999999747e-05,66.20711517,107626,18.38277054,2.881449724
181,180.0526812,85.15070056,23.22244633,70.3896904,1.001622035,143.2598271,6.169978619,297.848053,0,225,9.999999747e-05,9.999999747e-05,107682.4297,18.38711739,2.892075035
181.1999969,180.0526812,85.15070056,23.22244633,70.3896904,1.002476217,141.6919038,6.165441036,297.9128418,0,225,9.999999747e-05,66.17105865,107738.4453,18.38700294,2.804952582
181.3999939,180.0526812,85.15070056,23.22244633,70.3896904,1.007983839,139.4579344,6.161031723,297.8478394,0,225,9.999999747e-05,9.999999747e-05,107794.0078,18.43349266,2.802466579
181.6000061,180.0526812,85.15070056,23.22244633,70.3896904,1.001526678,145.2661378,6.157680988,297.912323,0,225,9.999999747e-05,66.11826324,107850.8203,18.38975525,2.85062766
181.8000031,180.0526812,85.15070056,23.22244633,70.3896904,1.01225606,139.4579344,6.155260086,297.8473511,0,225,9.999999747e-05,9.999999747e-05,107906.4844,18.48207283,2.892020076
182,180.0526812,83.79117979,23.67631856,70.3896904,1.000354553,144.5047387,6.153059483,297.9118042,0,225,9.999999747e-05,66.14373779,107962.9453,18.38761902,2.885568287
182.1999969,180.0526812,85.15070056,23.22244633,70.3896904,1.003200265,141.8777727,6.151340485,297.8468018,0,225,9.999999747e-05,9.999999747e-05,108019.1562,18.41486549,2.917451286
182.3999939,180.0526812,85.15070056,23.22244633,69.1766491,0.9893187643,144.0471291,6.150310516,297.9113464,0,225,9.999999747e-05,66.25611877,108075.8594,18.29988289,2.947846366
182.6000061,180.0526812,85.15070056,23.24894003,70.3896904,0.975327869,163.4376155,6.149437428,297.8459778,0,225,9.999999747e-05,9.999999747e-05,108136.5547,18.20218468,2.956163665
182.8000031,180.0526812,84.0143078,23.73560742,70.3896904,1.001317955,144.7549742,6.14852047,297.9109802,0,225,9.999999747e-05,66.5507431,108193.2109,18.40887451,2.943031475
183,180.0526812,85.15070056,23.22244633,69.24841344,0.9923013613,151.2525986,6.148003101,297.8458252,0,225,9.999999747e-05,9.999999747e-05,108251.4297,18.33699608,2.958042183
183.1999969,180.0526812,82.83358588,23.88955924,68.63067777,0.9900087986,139.4579344,6.147371292,297.9110107,0,225,9.999999747e-05,66.62574768,108306.7422,18.30856514,2.910715633
183.3999939,180.0526812,85.15070056,23.22244633,69.89348255,0.999416952,139.4579344,6.144078732,297.8460999,0,225,9.999999747e-05,9.999999747e-05,108362.3672,18.38196754,2.801224093
183.6000061,180.0526812,83.15601192,23.99980221,68.73396821,0.9909714354,146.3332744,6.141314983,297.9108582,0,225,9.999999747e-05,66.53553009,108419.0625,18.31220627,2.813169609
183.8000031,180.0526812,83.94340993,23.61739366,67.63370687,0.9914115416,139.4579344,6.138154507,297.8460388,0,225,9.999999747e-05,9.999999747e-05,108474.4453,18.30717659,2.78255891
184,180.0526812,85.15070056,23.30845325,70.3896904,0.9736493802,160.4623493,6.13326931,297.9101868,0,225,9.999999747e-05,66.43125916,108534.2578,18.17716789,2.707254632
184.1999969,180.0526812,85.15070056,23.22244633,70.3896904,0.996628942,139.4579344,6.129239559,297.8453369,0,225,9.999999747e-05,9.999999747e-05,108589.7812,18.36307335,2.733604851
184.3999939,180.0526812,80.7870685,24.26572717,67.18704982,0.9827198776,139.4579344,6.123270512,297.9098816,0,225,9.999999747e-05,66.42030334,108644.25,18.22146416,2.549631562
184.6000061,180.0526812,84.11326308,23.37077356,69.15529933,1.003317595,139.4579344,6.116724014,297.8450928,0,225,9.999999747e-05,9.999999747e-05,108699.3203,18.40151596,2.551795051
184.8000031,180.0526812,84.65349068,23.48521189,68.82431086,0.9870074907,139.4579344,6.110269547,297.9096375,0,225,9.999999747e-05,66.54279327,108754.5312,18.264925,2.580849836
185,180.0526812,83.64427723,23.39945375,69.15463808,0.9983716968,139.4579344,6.103785515,297.8449097,0,225,9.999999747e-05,9.999999747e-05,108809.4219,18.36284447,2.524547497
185.1999969,180.0526812,79.70683645,24.52553054,68.22504245,0.9942059832,139.4579344,6.098372459,297.9095459,0,225,9.999999747e-05,66.57468414,108863.5781,18.32870102,2.529618263
185.3999939,180.0526812,79.88769129,24.0953938,68.24700161,1.003444427,139.4579344,6.091406345,297.8449402,0,225,9.999999747e-05,9.999999747e-05,108917.5703,18.39922333,2.402886367
185.6000061,180.0526812,84.50821582,23.5489763,69.70653282,0.9922954415,139.4579344,6.083535671,297.9093018,0,225,9.999999747e-05,66.54945374,108972.5234,18.3080349,2.462142095
185.8000031,180.0526812,84.63384426,23.34593501,69.73969606,0.996024559,139.4579344,6.076714039,297.844574,0,225,9.999999747e-05,9.999999747e-05,109027.5078,18.34690857,2.503302824
186,180.0526812,81.5105803,24.07484944,67.47787653,0.9807720052,139.4579344,6.070234299,297.9089661,0,225,9.999999747e-05,66.59025574,109081.8359,18.21127319,2.465876763
186.1999969,180.0526812,84.10397602,23.53989311,69.55742005,0.9997608938,139.4579344,6.064310074,297.8442993,0,225,9.999999747e-05,9.999999747e-05,109136.7422,18.38385773,2.539675851
186.3999939,180.0526812,82.47317115,24.01405326,68.26757722,0.9819887269,139.4579344,6.058253765,297.9086609,0,225,9.999999747e-05,66.65270233,109191.2969,18.22931099,2.507344191
186.6000061,180.0526812,78.45506636,24.93865944,66.00600562,0.9823422616,139.4579344,6.054886341,297.8441467,0,225,9.999999747e-05,9.999999747e-05,109245.1875,18.23797798,2.594324937
186.8000031,180.0526812,83.8350429,23.63915461,68.98022444,0.9872205494,139.4579344,6.050505638,297.9083252,0,225,9.999999747e-05,66.62373352,109300.1172,18.28998375,2.617548738
187,180.0526812,83.11174159,23.96790462,68.51218212,0.9905720267,139.4579344,6.043411732,297.843689,0,225,9.999999747e-05,9.999999747e-05,109354.7344,18.29818726,2.439305602
187.1999969,180.0526812,78.90037886,24.76086979,67.26240932,0.9867788043,139.4579344,6.038309574,297.90802,0,225,9.999999747e-05,66.68569946,109408.5703,18.27411461,2.469150711
187.3999939,180.0526812,83.10491514,23.8414689,68.29388333,0.9908159247,139.4579344,6.032710552,297.8434143,0,225,9.999999747e-05,9.999999747e-05,109463.2578,18.31147766,2.505219808
187.6000061,180.0526812,83.15082134,23.93913498,68.55279504,0.987130195,139.4579344,6.027607918,297.9077148,0,225,9.999999747e-05,66.78043365,109518.0078,18.28617096,2.542301296
187.8000031,180.0526812,83.0607905,24.04001032,67.25424673,0.9788875152,139.4579344,6.021784782,297.8431396,0,225,9.999999747e-05,9.999999747e-05,109572.7031,18.20712471,2.492520457
188,180.0526812,81.44775536,24.31234061,67.40671533,0.981605011,139.4579344,6.015951633,297.9074402,0,225,9.999999747e-05,66.82008362,109627.0391,18.23142242,2.447015863
188.1999969,180.0526812,80.909314,24.9120047,67.13050495,0.9625511212,155.2496984,6.009439945,297.8426819,0,225,9.999999747e-05,9.999999747e-05,109684.5391,18.07419205,2.429409495
188.3999939,180.0526812,82.61789035,24.15408338,67.99114364,0.9788837438,139.4579344,6.003371716,297.907135,0,225,9.999999747e-05,66.97419739,109739.1016,18.21183777,2.440849085
188.6000061,180.0526812,82.15734846,23.9937775,68.1047148,0.9885488744,139.4579344,5.996623516,297.8426208,0,225,9.999999747e-05,9.999999747e-05,109793.4531,18.2896595,2.351444988
188.8000031,180.0526812,80.6545181,24.35528464,66.96074178,0.9772386666,139.4579344,5.991001606,297.9069824,0,225,9.999999747e-05,66.94271088,109847.5781,18.19871521,2.399222559
189,180.0526812,81.2224874,24.43699733,66.82059078,0.9727000316,139.4579344,5.986195087,297.8424988,0,225,9.999999747e-05,9.999999747e-05,109901.9219,18.16649437,2.480063054
189.1999969,180.0526812,82.58347787,24.40146665,67.6192054,0.958273901,144.1288677,5.980769157,297.9065857,0,225,9.999999747e-05,66.93118286,109957.5,18.04886246,2.477265034
189.3999939,180.0526812,81.86937904,24.01296054,67.82576364,0.98667124,139.4579344,5.976662159,297.8421021,0,225,9.999999747e-05,9.999999747e-05,110011.9609,18.29679108,2.503276237
189.6000061,180.0526812,81.29410704,24.26803251,67.58335936,0.9818831449,139.4579344,5.972136974,297.9062195,0,225,9.999999747e-05,66.94596863,110066.2812,18.25320435,2.46746015
189.8000031,180.0526812,80.57498425,24.70089513,65.62003524,0.9681942885,139.4579344,5.967692852,297.8417969,0,225,9.999999747e-05,9.999999747e-05,110120.5156,18.12989616,2.478370537
190,180.0526812,81.56476376,24.36054801,67.38324253,0.9748609502,139.4579344,5.964031696,297.9058838,0,225,9.999999747e-05,66.99716949,110174.9844,18.20243645,2.536086035
190.1999969,180.0526812,80.86152852,24.35193347,66.78305563,0.9750470271,139.4579344,5.961825371,297.8414612,0,225,9.999999747e-05,9.999999747e-05,110229.3984,18.21450806,2.611646208
190.3999939,180.0526812,80.32050438,24.61174584,66.08785113,0.9697981195,139.4579344,5.959158421,297.9055786,0,225,9.999999747e-05,67.06381226,110283.6875,18.16456413,2.575331274
190.6000061,180.0526812,80.69287339,24.28509743,67.11190117,0.9834578748,139.4579344,5.956599712,297.8411865,0,225,9.999999747e-05,9.999999747e-05,110338.0156,18.28687096,2.561085847
190.8000031,180.0526812,78.83688808,24.84968131,66.55999052,0.9788423253,139.4579344,5.95476675,297.905365,0,225,9.999999747e-05,67.12160492,110392.0391,18.25212097,2.588205391
191,180.0526812,81.12513146,24.64845731,66.333268,0.9548306037,149.0758986,5.953047752,297.8407898,0,225,9.999999747e-05,9.999999747e-05,110448.6016,18.05773735,2.662072044
191.1999969,180.0526812,81.90974353,24.66985912,66.83598544,0.9568090458,146.6427898,5.950439453,297.9049072,0,225,9.999999747e-05,67.26264191,110504.7812,18.06927681,2.621039554
191.3999939,180.0526812,81.26118741,25.01067503,65.50691076,0.9490677558,141.4734473,5.94727993,297.8404846,0,225,9.999999747e-05,9.999999747e-05,110559.7578,17.99128723,2.575659825
191.6000061,180.0526812,81.99787371,24.68780765,66.76604971,0.9560088375,147.2710673,5.944861412,297.90448,0,225,9.999999747e-05,67.25870514,110616.1094,18.06705093,2.623523538
191.8000031,180.0526812,81.09914343,24.35309712,67.18461163,0.9796835636,139.4579344,5.943161488,297.8401184,0,225,9.999999747e-05,9.999999747e-05,110670.625,18.27179146,2.608002039
192,180.0526812,80.64476197,24.68257627,66.72670151,0.9725791634,139.4579344,5.942099094,297.9042358,0,225,9.999999747e-05,67.28757477,110725.1484,18.21621895,2.660567169
192.1999969,180.0526812,80.83477038,24.37840343,66.46870806,0.9747990039,139.4579344,5.942025185,297.8398743,0,225,9.999999747e-05,9.999999747e-05,110779.7422,18.24455643,2.710237658
192.3999939,180.0526812,80.91833533,24.52630515,66.97736186,0.9720888363,139.4579344,5.941628456,297.9039917,0,225,9.999999747e-05,67.3634491,110834.3672,18.22286987,2.695555823
192.6000061,180.0526812,79.61299277,24.72310408,65.84222169,0.9692596279,139.4579344,5.940401554,297.8396912,0,225,9.999999747e-05,9.999999747e-05,110888.6172,18.18843651,2.593157699
192.8000031,180.0526812,78.5810277,25.34943509,65.56831228,0.9500386894,152.8170454,5.939976692,297.903595,0,225,9.999999747e-05,67.38179779,110945.5312,18.04052734,2.66114821
193,180.0526812,82.08536073,24.54646799,66.90682426,0.9570982737,142.8771508,5.938448906,297.8391724,0,225,9.999999747e-05,9.999999747e-05,111001.0469,18.09384727,2.634505046
193.1999969,180.0526812,80.97260635,24.59309773,66.79353626,0.9690689653,139.4579344,5.937200069,297.9032898,0,225,9.999999747e-05,67.45967102,111055.6016,18.19594383,2.610311326
193.3999939,180.0526812,80.32826045,24.60847493,66.60969304,0.9726283779,139.4579344,5.93591547,297.8390198,0,225,9.999999747e-05,9.999999747e-05,111109.9766,18.22637177,2.577242498
193.6000061,180.0526812,80.8476884,24.79347138,65.93497967,0.9539359713,142.4386886,5.933645248,297.9030762,0,225,9.999999747e-05,67.50811005,111165.0391,18.06095695,2.529975996
193.8000031,180.0526812,77.75681849,25.04074491,65.58252701,0.970657571,139.4579344,5.931578636,297.8388977,0,225,9.999999747e-05,9.999999747e-05,111218.75,18.20133972,2.444329596
194,180.0526812,78.96583772,24.90664058,66.54753178,0.9739243619,139.4579344,5.929688454,297.9028931,0,225,9.999999747e-05,67.48844147,111272.7422,18.23605156,2.484350924
194.1999969,180.0526812,79.39975624,24.8174714,65.63543568,0.9668850561,139.4579344,5.927083969,297.8387146,0,225,9.999999747e-05,9.999999747e-05,111326.7422,18.16815186,2.432916941
194.3999939,180.0526812,81.17499891,24.83947961,66.39714037,0.9529625155,146.6374792,5.925249577,297.9024963,0,225,9.999999747e-05,67.52405548,111382.7344,18.06657219,2.555741024
194.6000061,180.0526812,80.98541383,24.44069684,66.9927106,0.9756136814,139.4579344,5.923808575,297.8382568,0,225,9.999999747e-05,9.999999747e-05,111437.1406,18.26129341,2.541021547
194.8000031,180.0526812,78.59212686,25.00723898,66.16169947,0.9720540842,139.4579344,5.922613621,297.9022217,0,225,9.999999747e-05,67.57151794,111491.0625,18.23072624,2.512818666
195,180.0526812,80.5191759,24.62665832,66.5775517,0.9715988629,139.4579344,5.92209959,297.8379822,0,225,9.999999747e-05,9.999999747e-05,111545.4531,18.23662376,2.598852888
195.1999969,180.0526812,80.03391388,24.99413287,66.23435199,0.9640855739,139.4579344,5.9205966,297.9019775,0,225,9.999999747e-05,67.66181183,111599.6953,18.16405869,2.530521023
195.3999939,180.0526812,79.28287266,24.9716077,65.49992841,0.9605021277,139.4579344,5.919117451,297.8378296,0,225,9.999999747e-05,9.999999747e-05,111653.7266,18.13290977,2.494732827
195.6000061,180.0526812,80.63722362,24.92558063,66.35955473,0.9527152941,143.4527481,5.917530537,297.9016418,0,225,9.999999747e-05,67.68190002,111708.9062,18.07429886,2.526035947
195.8000031,180.0526812,79.89462753,24.69603807,65.50296621,0.9606460574,139.4579344,5.915864944,297.8374939,0,225,9.999999747e-05,9.999999747e-05,111763.0156,18.13639832,2.466802148
196,180.0526812,80.64616191,24.67970691,66.66945046,0.9688351722,139.4579344,5.914454937,297.9013367,0,225,9.999999747e-05,67.7068634,111817.3281,18.21379852,2.506162564
196.1999969,180.0526812,79.84749846,24.7736046,66.06914471,0.9689997216,139.4579344,5.912140369,297.8372192,0,225,9.999999747e-05,9.999999747e-05,111871.3594,18.20576477,2.407133677
196.3999939,180.0526812,80.14250986,24.83313333,65.82155959,0.9613753171,139.4579344,5.91108036,297.901062,0,225,9.999999747e-05,67.75811005,111925.5938,18.15337753,2.516047085
196.6000061,180.0526812,80.31999987,24.66016038,66.535719,0.9691917662,139.4579344,5.910569668,297.8369141,0,225,9.999999747e-05,9.999999747e-05,111979.8906,18.2293129,2.548348005
196.8000031,180.0526812,78.81693474,25.15635972,65.45264638,0.9618753381,139.4579344,5.911218643,297.9007874,0,225,9.999999747e-05,67.82403564,112034.0156,18.1741848,2.618259136
197,180.0526812,80.06476811,24.71885922,66.29593905,0.9713138321,139.4579344,5.91215992,297.8366699,0,225,9.999999747e-05,9.999999747e-05,112088.4062,18.26235199,2.645322885
197.1999969,180.0526812,78.17956984,25.25403755,65.45539361,0.9612582342,143.1025781,5.912677288,297.9005127,0,225,9.999999747e-05,67.88150024,112143.1328,18.17337036,2.58021265
197.3999939,180.0526812,78.73071529,24.95443688,66.35600823,0.9709172687,139.4579344,5.911608219,297.8364563,0,225,9.999999747e-05,9.999999747e-05,112197.0391,18.24447632,2.443605295
197.6000061,180.0526812,80.08239537,24.89517769,65.63544863,0.9586862473,139.4579344,5.910327435,297.900238,0,225,9.999999747e-05,67.88922882,112251.2578,18.13776016,2.462929817
197.8000031,180.0526812,78.81693661,25.08672981,66.22862098,0.9701962131,139.4579344,5.908405304,297.8362122,0,225,9.999999747e-05,9.999999747e-05,112305.125,18.23241615,2.376760291
198,180.0526812,80.36117283,24.99714462,66.03516949,0.9535184768,139.8673451,5.906970024,297.8999329,0,225,9.999999747e-05,67.9154129,112359.4922,18.09790993,2.457222066
198.1999969,180.0526812,80.99414598,24.93309219,65.70050438,0.9487549813,145.46066,5.905697346,297.8357239,0,225,9.999999747e-05,9.999999747e-05,112415.1641,18.06228065,2.484771348
198.3999939,180.0526812,79.3081791,25.08543842,64.9341541,0.9530694469,141.7985513,5.904037476,297.8995972,0,225,9.999999747e-05,68.04003906,112469.6406,18.09129143,2.399057672
198.6000061,180.0526812,79.9015593,24.93205161,65.97745218,0.9628554076,139.4579344,5.902136803,297.8355408,0,225,9.999999747e-05,9.999999747e-05,112523.7266,18.17618942,2.379685724
198.8000031,180.0526812,79.82537785,24.88748293,65.7213622,0.9613040587,139.4579344,5.901098251,297.899353,0,225,9.999999747e-05,68.06123352,112577.8516,18.17186165,2.437558149
199,180.0526812,80.25605461,24.68474434,66.443892,0.9670108174,139.4579344,5.900219917,297.8353271,0,225,9.999999747e-05,9.999999747e-05,112632.0547,18.22661209,2.444961362
199.1999969,180.0526812,79.65072191,24.95203137,65.913644,0.9625072768,139.4579344,5.899307728,297.8990784,0,225,9.999999747e-05,68.09792328,112686.1484,18.18708038,2.436755919
199.3999939,180.0526812,80.16657999,24.66248008,66.44833398,0.9667045521,139.4579344,5.897069931,297.835083,0,225,9.999999747e-05,9.999999747e-05,112740.1641,18.21461487,2.316159387
199.6000061,180.0526812,79.33818501,24.99352163,65.14563461,0.9534750716,140.8120648,5.895010948,297.8988037,0,225,9.999999747e-05,68.12521362,112794.3203,18.10099411,2.321622349
199.8000031,180.0526812,78.72229314,25.0167731,66.13855985,0.9672180052,139.4579344,5.893458843,297.8348694,0,225,9.999999747e-05,9.999999747e-05,112848.0781,18.22629547,2.338312399
200,180.0526812,78.00423883,25.27147204,65.42365146,0.9590909618,140.275815,5.893480301,297.8985291,0,225,9.999999747e-05,68.14271545,112902.0156,18.17154312,2.456414577
200.1999969,180.0526812,77.8885716,25.19396338,65.46168697,0.9635049157,139.4579344,5.894539833,297.8345947,0,225,9.999999747e-05,9.999999747e-05,112955.8438,18.22006607,2.524190118
200.3999939,180.0526812,79.95726656,24.85310568,66.26299508,0.9635327339,139.4579344,5.895864964,297.8981628,0,225,9.999999747e-05,68.1806488,113010.1562,18.22830772,2.587039205
200.6000061,180.0526812,80.66116216,24.95969661,65.95178214,0.9495988536,148.1491085,5.89651823,297.8340149,0,225,9.999999747e-05,9.999999747e-05,113066.3984,18.10918427,2.562929367
200.8000031,180.0526812,79.58060471,25.15441374,65.32396507,0.9475541752,145.9640165,5.8968606,297.8977051,0,225,9.999999747e-05,68.33310699,113121.9141,18.08675957,2.506817984
201,180.0526812,80.18433606,24.74637212,66.33987444,0.9666671385,139.4579344,5.896635056,297.8337402,0,225,9.999999747e-05,9.999999747e-05,113176.1172,18.24535179,2.44106381
201.1999969,180.0526812,78.90425051,25.17650378,65.36256242,0.9558889298,139.4579344,5.896368027,297.8974915,0,225,9.999999747e-05,68.35564423,113230.0703,18.15102577,2.418858113
201.3999939,180.0526812,80.21698029,24.69497907,66.39643548,0.9668889816,139.4579344,5.895582199,297.8335571,0,225,9.999999747e-05,9.999999747e-05,113284.2109,18.24554825,2.3785828
201.6000061,180.0526812,79.05552975,25.14639836,65.45331398,0.95637183,140.5679461,5.894586086,297.8972778,0,225,9.999999747e-05,68.40440369,113338.3438,18.1523571,2.350815272
201.8000031,180.0526812,80.64066617,24.89957533,66.15241564,0.9531162874,143.9422593,5.893873215,297.8332825,0,225,9.999999747e-05,9.999999747e-05,113393.5469,18.13443184,2.404485673
202,180.0526812,79.38559178,25.07197646,65.44691164,0.954689936,144.8135824,5.89289856,297.8969421,0,225,9.999999747e-05,68.47588348,113448.6094,18.14400864,2.348370352
202.1999969,180.0526812,79.4330913,24.98355844,65.2113498,0.9560509686,139.4579344,5.891877651,297.8330688,0,225,9.999999747e-05,9.999999747e-05,113502.5547,18.15270233,2.33130248
202.3999939,180.0526812,78.54052648,25.21189527,65.30068241,0.9586822263,139.4579344,5.889942169,297.896759,0,225,9.999999747e-05,68.46318817,113556.2109,18.16759682,2.237903256
202.6000061,180.0526812,80.04437228,24.8715951,66.159677,0.9641827666,139.4579344,5.887447357,297.8328857,0,225,9.999999747e-05,9.999999747e-05,113610.1172,18.21389008,2.2087747
202.8000031,180.0526812,78.12179383,25.4189917,65.43902079,0.9579763012,139.4579344,5.884835243,297.8965454,0,225,9.999999747e-05,68.4956665,113663.6094,18.15799141,2.172357352
203,180.0526812,79.26682024,24.99614429,65.58143953,0.9576604034,139.4579344,5.881748676,297.8327332,0,225,9.999999747e-05,9.999999747e-05,113717.2344,18.15367508,2.130838843
203.1999969,180.0526812,79.63101796,25.07638579,65.31802467,0.9547142803,140.6115469,5.8791008,297.8962402,0,225,9.999999747e-05,68.50832367,113771.2344,18.13343048,2.18282849
203.3999939,180.0526812,78.52688254,25.17342983,65.82667251,0.965174124,139.4579344,5.877386093,297.8324585,0,225,9.999999747e-05,9.999999747e-05,113824.8125,18.2334671,2.228317939
203.6000061,180.0526812,79.63614326,24.98070191,65.49780506,0.9558248683,139.4579344,5.87703228,297.895874,0,225,9.999999747e-05,68.5225296,113878.7656,18.16906738,2.361767875
203.8000031,180.0526812,79.43024313,25.00468962,65.77890284,0.9615343179,139.4579344,5.877574444,297.8320618,0,225,9.999999747e-05,9.999999747e-05,113932.7656,18.2286644,2.426864214
204,180.0526812,79.51376212,25.15706251,65.13040377,0.9470330854,143.6243367,5.878072739,297.8954468,0,225,9.999999747e-05,68.59281158,113987.6641,18.10713005,2.433034061
204.1999969,180.0526812,78.36459694,25.22739098,65.70382061,0.9625656124,139.4579344,5.878749371,297.831665,0,225,9.999999747e-05,9.999999747e-05,114041.4453,18.24150467,2.405025184
204.3999939,180.0526812,79.00492136,25.11233715,65.44199253,0.9551549966,139.6441854,5.880188465,297.8951111,0,225,9.999999747e-05,68.64657593,114095.4922,18.18766975,2.470852913
204.6000061,180.0526812,80.09865283,24.98847202,65.87175064,0.9511670894,145.0020673,5.881956577,297.8311768,0,225,9.999999747e-05,9.999999747e-05,114150.9375,18.16371155,2.519083266
204.8000031,180.0526812,79.48178997,24.98416009,65.87692871,0.958755327,139.4579344,5.882919312,297.8948059,0,225,9.999999747e-05,68.80037689,114205.0078,18.21859932,2.426754399
205,180.0526812,79.69438626,24.87468635,66.05964235,0.9626687136,139.4579344,5.882930279,297.8310242,0,225,9.999999747e-05,9.999999747e-05,114259.0234,18.2445488,2.340024086
205.1999969,180.0526812,78.47172771,25.22069195,65.72129272,0.9612294773,139.4579344,5.882794857,297.8946533,0,225,9.999999747e-05,68.83174896,114312.7734,18.23056221,2.304580972
205.3999939,180.0526812,79.78134677,24.86000958,66.06072488,0.9617196534,139.4579344,5.882752895,297.8309021,0,225,9.999999747e-05,9.999999747e-05,114366.8047,18.23922539,2.32305265
205.6000061,180.0526812,78.96098915,25.106783,65.44470624,0.9558150418,141.1850416,5.881961823,297.8944397,0,225,9.999999747e-05,68.85478973,114420.9531,18.18170547,2.248258451
205.8000031,180.0526812,80.08500871,25.07088827,65.81666244,0.9487131609,146.1814522,5.880936146,297.8305664,0,225,9.999999747e-05,9.999999747e-05,114476.3672,18.12529564,2.258843482
206,180.0526812,79.41743081,25.16722966,65.3775575,0.945954581,149.140204,5.880874157,297.8939819,0,225,9.999999747e-05,68.92407227,114532.3359,18.11299133,2.317342706
206.1999969,180.0526812,79.65689578,25.12971944,64.9270381,0.9418312282,150.6173428,5.879951954,297.8300781,0,225,9.999999747e-05,9.999999747e-05,114588.5703,18.07014656,2.248411855
206.3999939,180.0526812,79.75394631,25.10140848,65.27507154,0.952947748,142.5223831,5.879057407,297.8936462,0,225,9.999999747e-05,69.00478363,114643.1484,18.16226959,2.243535313
206.6000061,180.0526812,79.90470935,24.85211233,66.08677569,0.9610288457,139.4579344,5.878530979,297.8299255,0,225,9.999999747e-05,9.999999747e-05,114697.1094,18.2382431,2.253471105
206.8000031,180.0526812,78.71066531,25.17155558,65.26475855,0.9544967788,139.4579344,5.877845764,297.8934937,0,225,9.999999747e-05,69.01720428,114750.8047,18.17930603,2.219321486
207,180.0526812,79.64587928,24.96394556,65.92720469,0.9596322664,139.4579344,5.875861168,297.8298035,0,225,9.999999747e-05,9.999999747e-05,114804.5391,18.21386337,2.120760044
207.1999969,180.0526812,77.99244366,25.38979905,65.20006866,0.9547712316,144.3722595,5.874958992,297.893219,0,225,9.999999747e-05,69.02694702,114859.0469,18.18419456,2.182590884
207.3999939,180.0526812,78.41246861,25.30883429,65.50951933,0.9592899428,140.8034139,5.874691486,297.8295593,0,225,9.999999747e-05,9.999999747e-05,114912.9609,18.22942734,2.23897966
207.6000061,180.0526812,79.3961235,25.12686743,65.26885193,0.9524447727,139.8797121,5.875501156,297.8929138,0,225,9.999999747e-05,69.03760529,114967.0156,18.18317413,2.340881355
207.8000031,180.0526812,79.78372718,25.05732504,65.59680972,0.9505015316,142.1868602,5.875741005,297.8291931,0,225,9.999999747e-05,9.999999747e-05,115021.5547,18.16558838,2.299625884
208,180.0526812,79.02100612,25.12128709,65.42216623,0.9532593092,140.8685282,5.876168251,297.8925781,0,225,9.999999747e-05,69.10929871,115075.6562,18.1909771,2.285801435
208.1999969,180.0526812,79.26849194,25.01886223,65.50837447,0.9557176512,139.4579344,5.876729965,297.828949,0,225,9.999999747e-05,9.999999747e-05,115129.5234,18.21426582,2.290338217
208.3999939,180.0526812,79.52908552,25.15636718,65.56777899,0.9490441979,142.9841508,5.877326012,297.8922424,0,225,9.999999747e-05,69.14706421,115184.2031,18.16187859,2.306444078
208.6000061,180.0526812,79.98109479,25.08816048,65.27563922,0.9477729906,147.4847003,5.877439976,297.8284607,0,225,9.999999747e-05,9.999999747e-05,115239.8594,18.14871788,2.2728698
208.8000031,180.0526812,77.58036732,25.4982625,64.48053353,0.9509793238,142.0657814,5.877903461,297.8919373,0,225,9.999999747e-05,69.26094055,115293.8984,18.17412567,2.242437682
209,180.0526812,79.57018904,24.97702284,65.79989799,0.9602408846,139.4579344,5.878766537,297.8283386,0,225,9.999999747e-05,9.999999747e-05,115347.8516,18.2627964,2.294897037
209.1999969,180.0526812,79.37444765,25.09707495,65.69572855,0.9571569247,139.4579344,5.879060268,297.8917542,0,225,9.999999747e-05,69.28905487,115401.7188,18.23213005,2.247568108
209.3999939,180.0526812,79.94077819,25.03418773,65.78017602,0.9503026163,144.4462627,5.878848553,297.828064,0,225,9.999999747e-05,9.999999747e-05,115456.6875,18.17412376,2.215125644
209.6000061,180.0526812,79.73394942,25.19064623,65.54834978,0.9478010116,148.5812712,5.877589703,297.8913574,0,225,9.999999747e-05,69.34660339,115512.3594,18.14486885,2.129560354
209.8000031,180.0526812,77.7399272,25.37433752,65.21037645,0.9579659791,142.6338897,5.877343655,297.8277893,0,225,9.999999747e-05,9.999999747e-05,115566.4375,18.23738861,2.150671664
210,180.0526812,77.66269397,25.50927937,64.57416509,0.9491599558,145.2606933,5.877064705,297.8910522,0,225,9.999999747e-05,69.33628082,115621.0547,18.16284752,2.151862499
210.1999969,180.0526812,79.79914336,24.97412906,65.88913234,0.9586117497,139.4579344,5.876638412,297.8274841,0,225,9.999999747e-05,9.999999747e-05,115674.8906,18.24577713,2.165662213
210.3999939,180.0526812,79.54523242,25.08718753,65.80862066,0.9565319412,140.2642305,5.876476288,297.8907776,0,225,9.999999747e-05,69.38794708,115728.8828,18.23248863,2.182525505
210.6000061,180.0526812,78.09663386,25.50425261,65.00186063,0.9466451349,151.5781542,5.876885891,297.8270569,0,225,9.999999747e-05,9.999999747e-05,115784.9531,18.15850449,2.207082459
210.8000031,180.0526812,79.44306079,25.09357752,65.81331081,0.9567614567,139.4579344,5.877660751,297.8905029,0,225,9.999999747e-05,69.52004242,115838.8359,18.2467804,2.242973972
211,180.0526812,78.17179108,25.29563017,65.10592444,0.9564354255,139.4579344,5.878901482,297.8269958,0,225,9.999999747e-05,9.999999747e-05,115892.4688,18.2469902,2.245976916
211.1999969,180.0526812,78.8241176,25.26855291,65.18719989,0.9498965025,145.2230822,5.880253792,297.8902283,0,225,9.999999747e-05,69.50876617,115947.4688,18.19805145,2.26804076
211.3999939,180.0526812,78.38002333,25.50385714,65.12802169,0.9476548156,147.9042989,5.881454945,297.8265991,0,225,9.999999747e-05,9.999999747e-05,116002.9297,18.17973518,2.253059034
211.6000061,185.4785203,78.7886085,25.35741671,64.59167551,0.9449813319,146.9936725,5.882829666,297.8898315,0,225,9.999999747e-05,69.57661438,116057.1797,18.15778923,2.263518084
211.8000031,180.0526812,79.58118694,25.07974442,65.22296315,0.9528436984,140.2006329,5.883972645,297.8262939,0,225,9.999999747e-05,9.999999747e-05,116111.2812,18.22291946,2.242630287
212,180.0526812,79.72110056,25.14837021,65.17944442,0.9459216277,147.6454363,5.885971069,297.8894348,0,225,9.999999747e-05,69.602005,116167.0469,18.17845726,2.308869008
212.1999969,180.0526812,78.30177463,25.27263381,65.09065439,0.9561751692,140.6660792,5.888163567,297.8259277,0,225,9.999999747e-05,9.999999747e-05,116221.0469,18.26433372,2.278584592
212.3999939,181.6174859,77.88362247,25.45207415,64.6169627,0.9508083783,146.9691686,5.889944077,297.8890991,0,225,9.999999747e-05,69.63935852,116275.9141,18.21736526,2.24020699
212.6000061,180.0526812,79.54487619,25.00538194,65.37492353,0.9540041788,139.4579344,5.891760826,297.8256226,0,225,9.999999747e-05,9.999999747e-05,116329.8984,18.24627304,2.256202018
212.8000031,180.0526812,79.85936148,25.2452014,65.57611582,0.9453509096,150.3862163,5.893437386,297.8887024,0,225,9.999999747e-05,69.71143341,116386.2422,18.17948151,2.267531596
213,180.0526812,78.21681601,25.43830159,64.70125546,0.9438914226,152.5525321,5.895167828,297.8250427,0,225,9.999999747e-05,9.999999747e-05,116442.6484,18.16673088,2.225230729
213.1999969,180.0526812,78.34233488,25.32061359,65.10550829,0.9533088702,141.8703576,5.896615505,297.8884583,0,225,9.999999747e-05,69.8506012,116496.8281,18.24121666,2.190973697
213.3999939,180.0526812,79.92527979,25.02422171,65.80632752,0.9553117772,140.91456,5.898783207,297.8249817,0,225,9.999999747e-05,9.999999747e-05,116551.2344,18.26923752,2.265679056
213.6000061,180.0526812,78.0323576,25.41724866,64.87143521,0.9518531253,139.4579344,5.901393414,297.8884277,0,225,9.999999747e-05,69.90408325,116604.9688,18.24085808,2.257047816
213.8000031,180.0526812,79.93456498,24.881634,66.07552836,0.9584620671,139.4579344,5.903316498,297.8249817,0,225,9.999999747e-05,9.999999747e-05,116659.0156,18.29741478,2.22520719
214,180.0526812,79.55788735,25.1077386,65.73944496,0.9537228139,142.946891,5.906212807,297.8882141,0,225,9.999999747e-05,69.8990097,116713.8203,18.26819611,2.288496327
214.1999969,180.0526812,80.01316135,24.87457204,66.13401194,0.9585114598,139.4579344,5.910143852,297.8247681,0,225,9.999999747e-05,9.999999747e-05,116768.0859,18.32029533,2.348611732
214.3999939,180.0526812,78.0530437,25.39091667,64.7846071,0.9498386363,145.6204701,5.913633347,297.8878784,0,225,9.999999747e-05,69.89253998,116823.1562,18.24095726,2.284252326
214.6000061,180.0526812,78.03850232,25.31249192,65.60350982,0.9592680045,139.4579344,5.916600704,297.8245239,0,225,9.999999747e-05,9.999999747e-05,116876.875,17.61673164,2.232680472
214.8000031,180.0526812,80.03337027,25.1425136,65.4262655,0.9432311291,152.2593992,5.91937542,297.8873596,0,225,9.999999747e-05,69.88824463,116933.6953,17.48713875,2.264398775
215,180.0526812,80.36031932,24.93399459,65.60718628,0.9478157447,146.5812845,5.922567844,297.823822,0,225,9.999999747e-05,9.999999747e-05,116989.4219,17.52425575,2.280632671
215.1999969,180.0526812,78.1790977,25.45303603,65.44593123,0.9548513366,139.7515544,5.925533295,297.8870544,0,225,9.999999747e-05,70.01016235,117043.25,17.57255173,2.222600557
215.3999939,180.0526812,78.40288885,25.30218206,65.51686679,0.9550806402,145.805668,5.928046703,297.8236084,0,225,9.999999747e-05,9.999999747e-05,117098.3047,17.57649612,2.181519323
215.6000061,180.0526812,80.05549761,24.93916444,65.79823552,0.9507359198,143.6344581,5.930809498,297.8868103,0,225,9.999999747e-05,70.11977386,117153.2812,17.53980064,2.217881726
215.8000031,180.0526812,80.55798586,24.92120477,66.0946265,0.9529478877,141.1360384,5.933900833,297.8233948,0,225,9.999999747e-05,9.999999747e-05,117207.8906,17.55703163,2.246896118
216,180.0526812,80.79717719,24.76660697,66.39024597,0.956052664,140.0999966,5.936508656,297.8865967,0,225,9.999999747e-05,70.15058899,117262.2734,17.58036804,2.205992709
216.1999969,180.0526812,79.07327856,25.2192585,65.89806142,0.9563444301,145.6834391,5.93947649,297.8231812,0,225,9.999999747e-05,9.999999747e-05,117317.4609,17.58355331,2.197107141
216.3999939,180.0526812,78.39299121,25.43254389,64.69076673,0.942203674,152.9143494,5.9420681,297.8862305,0,225,9.999999747e-05,70.19904327,117373.9531,17.45833588,2.159441674
216.6000061,180.0526812,80.9164916,24.66442489,66.32728851,0.956593331,139.4579344,5.945559978,297.8228455,0,225,9.999999747e-05,9.999999747e-05,117428.2578,17.58455658,2.234653282
216.8000031,180.0526812,81.01163524,24.87979157,66.31831608,0.9521390086,143.618948,5.948822975,297.8858948,0,225,9.999999747e-05,70.20796204,117483.4609,17.54547501,2.231943995
217,180.0526812,78.78272911,25.34404376,65.26864473,0.9511666041,146.105212,5.952212811,297.8224792,0,225,9.999999747e-05,9.999999747e-05,117538.6875,17.53054047,2.193077391
217.1999969,180.0526812,80.59868326,24.9262435,66.14288746,0.9493970309,139.4579344,5.955164433,297.8856506,0,225,9.999999747e-05,70.28559875,117592.8906,17.51227951,2.186048628
217.3999939,180.0526812,79.20358232,25.08450712,66.24787059,0.9595260328,140.4763489,5.958174229,297.8223267,0,225,9.999999747e-05,9.999999747e-05,117646.9609,17.59839249,2.149463837
217.6000061,180.0526812,80.37275188,24.91006587,66.01886514,0.9500650641,142.7231108,5.962056637,297.8854065,0,225,9.999999747e-05,70.31547546,117701.8438,17.52069473,2.218703821
217.8000031,180.0526812,78.84989748,25.16876994,66.2157729,0.9622172685,139.6959217,5.966664314,297.822113,0,225,9.999999747e-05,9.999999747e-05,117755.8125,17.62403107,2.223539618
218,180.0526812,80.49011397,24.81261096,66.16866635,0.9523121314,144.8653933,5.970271111,297.8850708,0,225,9.999999747e-05,70.32749176,117811.1016,17.53751755,2.185713543
218.1999969,180.0526812,81.50332149,24.59297801,66.81245293,0.9572666141,139.4579344,5.974711418,297.8217468,0,225,9.999999747e-05,9.999999747e-05,117865.5781,17.58091545,2.240964874
218.3999939,180.0526812,80.88879198,24.82277636,65.81716754,0.9530093355,141.3081325,5.979708672,297.8847351,0,225,9.999999747e-05,70.39358521,117920.3672,17.53818893,2.260000708
218.6000061,180.0526812,81.80926658,24.61042165,66.60040075,0.9552786062,145.0913786,5.985985279,297.8212891,0,225,9.999999747e-05,9.999999747e-05,117976.2422,17.57139397,2.331721418
218.8000031,180.0526812,79.2126028,25.20130921,66.3650551,0.9601378999,142.2853405,5.992788792,297.8844604,0,225,9.999999747e-05,70.52443695,118031.0078,17.60953331,2.307861322
219,180.0526812,78.89664646,25.13484083,65.32174374,0.9512138987,146.3897054,6.000255585,297.8210754,0,225,9.999999747e-05,9.999999747e-05,118086.5625,17.53187561,2.314910741
219.1999969,180.0526812,78.88928652,25.30979072,65.09096157,0.9473116823,144.6783671,6.008143902,297.8842163,0,225,9.999999747e-05,70.58320618,118141.8359,17.49395752,2.331966301
219.3999939,180.0526812,82.41098379,24.38780231,67.35808196,0.9610034383,139.4579344,6.015656471,297.8208618,0,225,9.999999747e-05,9.999999747e-05,118196.7578,17.61859703,2.348786933
219.6000061,180.0526812,79.50453182,24.99803827,66.87049025,0.9620067433,140.6885126,6.023298264,297.8840027,0,225,9.999999747e-05,70.6112442,118251.2812,17.62416077,2.295410945
219.8000031,180.0526812,82.44153443,24.32534479,67.26296863,0.9593164324,141.5390888,6.030012131,297.8206482,0,225,9.999999747e-05,9.999999747e-05,118306.5547,17.59722328,2.284152453
220,180.0526812,81.90159089,24.68201986,66.71561388,0.9496584655,141.9590155,6.03611517,297.8836975,0,225,9.999999747e-05,70.65952301,118361.7812,17.5051136,2.249936937
220.1999969,180.0526812,82.86021594,24.25587369,66.65651985,0.9529479669,139.4579344,6.042826176,297.8203735,0,225,9.999999747e-05,9.999999747e-05,118416.7031,17.53120232,2.27007064
220.3999939,180.0526812,83.19305889,24.41797853,67.5857338,0.9531534732,150.0803089,6.050559521,297.8831787,0,225,9.999999747e-05,70.68071747,118474,17.55115318,2.324303309
220.6000061,180.0526812,82.89392189,24.4960209,65.97408153,0.9446081293,154.450943,6.058042526,297.8196106,0,225,9.999999747e-05,9.999999747e-05,118532.1016,17.46745872,2.299757127
220.8000031,180.0526812,82.97948145,24.27959829,67.78784598,0.9581086042,141.131415,6.065550804,297.8827515,0,225,9.999999747e-05,70.83879089,118587.4297,17.58488464,2.277733826
221,180.0526812,80.24178539,24.98047977,66.89445954,0.9515154109,156.4257039,6.07192564,297.8192749,0,225,9.999999747e-05,9.999999747e-05,118645.2109,17.53115082,2.179431605
221.1999969,180.0526812,83.56698166,24.2519788,66.84051972,0.9490305387,147.849869,6.07720232,297.8824463,0,225,9.999999747e-05,70.96895599,118701.875,17.49487495,2.172875115
221.3999939,180.0526812,84.43798595,24.10242567,67.95692784,0.9546498718,151.5473759,6.084881306,297.8189392,0,225,9.999999747e-05,9.999999747e-05,118759.6562,17.56206131,2.284738458
221.6000061,180.0526812,83.2784591,24.32286763,67.82944597,0.9591362799,151.3641572,6.093224525,297.8820801,0,225,9.999999747e-05,71.05662537,118817.1641,17.60127831,2.283903819
221.8000031,180.0526812,81.08487516,24.77328545,67.671905,0.9619752669,157.0441188,6.101415634,297.818573,0,225,9.999999747e-05,9.999999747e-05,118875.3125,17.62969208,2.230134856
222,180.0526812,80.41618114,24.86146204,66.41247786,0.9550403359,146.4515179,6.109196186,297.881897,0,225,9.999999747e-05,71.11370087,118931.0781,17.54909325,2.185829997
222.1999969,180.0526812,84.90873638,24.01746734,68.49483781,0.955157939,152.3501518,6.117756367,297.8183899,0,225,9.999999747e-05,9.999999747e-05,118989.1172,17.57085609,2.285906157
222.3999939,180.0526812,83.825263,24.18479529,66.69667633,0.9433378013,156.5729057,6.126862049,297.8814697,0,225,9.999999747e-05,71.20205688,119047.7812,17.46294785,2.278845061
222.6000061,180.0526812,85.04356387,23.92068302,67.13213947,0.9401621328,160.7559173,6.13839674,297.8178406,0,225,9.999999747e-05,9.999999747e-05,119107.7266,17.45105553,2.368704099
222.8000031,180.0526812,82.43486408,24.58855068,68.53040051,0.9609455344,158.4917019,6.149364471,297.8809814,0,225,9.999999747e-05,71.3013382,119166.5859,17.63524055,2.305058071
223,180.0526812,85.15070056,23.73356793,69.13256433,0.9665225432,151.6175187,6.160014153,297.8175049,0,225,9.999999747e-05,9.999999747e-05,119224.5469,17.67935181,2.306499354
223.1999969,180.0526812,81.22037291,24.58858431,68.45239963,0.9682112534,151.9836407,6.171052456,297.8807678,0,225,9.999999747e-05,71.3310318,119281.7031,17.69156075,2.245884556
223.3999939,180.0526812,82.04561449,24.48420254,68.95380038,0.9699875418,153.9604205,6.18207407,297.8173523,0,225,9.999999747e-05,9.999999747e-05,119339.4531,17.71003914,2.249550931
223.6000061,180.0526812,85.15070056,23.84329565,67.51466071,0.9446042528,164.6134199,6.191809177,297.880249,0,225,9.999999747e-05,71.36412048,119400,17.48830032,2.249159788
223.8000031,180.0526812,85.15070056,23.45663067,69.67266384,0.9531197653,166.268188,6.199408531,297.8166199,0,225,9.999999747e-05,9.999999747e-05,119460.6719,17.57909393,2.146398338
224,180.0526812,85.15070056,23.55508327,70.01310335,0.9602280786,163.064949,6.210448742,297.8796692,0,225,9.999999747e-05,71.49974823,119520.8906,17.64849663,2.255322433
224.1999969,180.0526812,85.15070056,23.36168996,69.8848221,0.9522296606,166.792132,6.219243526,297.8160095,0,225,9.999999747e-05,9.999999747e-05,119581.6875,17.58066559,2.165881462
224.3999939,180.0526812,85.15070056,23.47387877,70.16437843,0.9652336013,168.4366698,6.227760792,297.8791809,0,225,9.999999747e-05,71.65546417,119642.8125,17.69313622,2.153619547
224.6000061,180.0526812,83.86130461,24.04286524,69.83695785,0.9667797412,164.7237812,6.236533642,297.8156128,0,225,9.999999747e-05,9.999999747e-05,119702.9453,17.69981575,2.150155606
224.8000031,180.0526812,85.15070056,23.49332385,70.3896904,0.9635740661,162.3896955,6.248446941,297.8788757,0,225,9.999999747e-05,71.73465729,119762.9844,17.68683052,2.244009828
225,180.0526812,85.15070056,23.4058965,68.82250075,0.9443712316,170.4485865,6.259055614,297.8151855,0,225,9.999999747e-05,9.999999747e-05,119824.5781,17.5187664,2.195068656
225.1999969,180.0526812,85.15070056,23.93988055,68.44509555,0.9490280857,146.5662071,6.270482063,297.8788757,0,225,9.999999747e-05,71.8806839,119881.4062,17.5288105,2.235130751
225.3999939,180.0526812,85.15070056,23.23600172,69.14252774,0.9412204667,170.4485865,6.282535553,297.8152161,0,225,9.999999747e-05,9.999999747e-05,119943.0234,17.50082397,2.210766486
225.6000061,180.0526812,85.15070056,23.95684511,70.3896904,0.959723105,170.4485865,6.295059204,297.8785706,0,225,9.999999747e-05,71.97904968,120004.7891,17.66225243,2.252105301
225.8000031,180.0526812,85.15070056,23.22244633,70.3896904,0.9568461519,170.4485865,6.305991173,297.8149109,0,225,9.999999747e-05,9.999999747e-05,120066.3203,17.64375877,2.163009989
226,180.0526812,85.15070056,23.85375244,67.08803746,0.9420527829,143.0829362,6.316840649,297.87854,0,225,9.999999747e-05,71.94965363,120122.3516,17.45862961,2.183944401
226.1999969,180.0526812,85.15070056,23.22244633,70.3896904,0.9587281781,170.4485865,6.328404427,297.8149109,0,225,9.999999747e-05,9.999999747e-05,120183.8984,17.66097069,2.166217391
226.3999939,180.0526812,85.15070056,23.22244633,70.3896904,0.9536071934,170.4485865,6.342354298,297.8781128,0,225,9.999999747e-05,72.01604462,120245.5469,17.62564278,2.221371396
226.6000061,180.0526812,85.15070056,23.22244633,70.3896904,0.9565381414,170.4485865,6.356499195,297.8144836,0,225,9.999999747e-05,9.999999747e-05,120307.1953,17.65247917,2.221252303
226.8000031,180.0526812,85.15070056,23.22529692,70.3896904,0.9606165521,170.4485865,6.370724201,297.877533,0,225,9.999999747e-05,71.98921967,120368.8438,17.6889534,2.217496457
227,180.0526812,85.15070056,23.90232123,69.30566874,0.9507892508,170.4485865,6.383359909,297.8139343,0,225,9.999999747e-05,9.999999747e-05,120430.5469,17.58890152,2.210612432
227.1999969,180.0526812,85.15070056,23.82717764,70.3896904,0.9620590049,170.4485865,6.39769268,297.8769836,0,225,9.999999747e-05,72.05381775,120492.3125,17.69934654,2.241654925
227.3999939,180.0526812,85.15070056,23.22244633,70.3896904,0.9544425289,170.4485865,6.409923077,297.8134155,0,225,9.999999747e-05,9.999999747e-05,120553.8516,17.63950157,2.15781589
227.6000061,180.0526812,85.15070056,23.26707859,69.77183121,0.9503602848,170.4485865,6.422048092,297.8765259,0,225,9.999999747e-05,72.15467834,120615.3984,17.60175514,2.153427783
227.8000031,180.0526812,85.15070056,23.5354321,70.3896904,0.9639013012,170.4485865,6.435634136,297.8129578,0,225,9.999999747e-05,9.999999747e-05,120677.0547,17.72283936,2.200646109
228,180.0526812,85.15070056,23.62192066,69.31507646,0.9531780213,170.4485865,6.452246189,297.8761597,0,225,9.999999747e-05,72.25936127,120738.8594,17.63171577,2.271385393
228.1999969,180.0526812,85.15070056,23.22244633,70.3896904,0.9522593839,170.4485865,6.468327045,297.8125916,0,225,9.999999747e-05,9.999999747e-05,120800.5703,17.63873482,2.242362296
228.3999939,180.0526812,85.15070056,23.85718867,68.39352711,0.9458748547,167.3990451,6.482821941,297.875885,0,225,9.999999747e-05,72.34664917,120861.7188,17.55791664,2.240756995
228.6000061,180.0526812,84.93124121,24.24950374,66.52283958,0.9364162185,159.1310794,6.496674061,297.8125305,0,225,9.999999747e-05,9.999999747e-05,120921.1719,17.45096397,2.24259089
228.8000031,180.0526812,84.53055282,24.06109074,68.11736955,0.9474371993,139.4579344,6.511510372,297.8761292,0,225,9.999999747e-05,72.32231903,120976.4922,17.54438591,2.24377052
229,180.0526812,85.15070056,23.58107663,68.6188796,0.9407662947,156.3099631,6.526175499,297.8128052,0,220.9114838,9.999999747e-05,9.999999747e-05,121034.5625,17.50900459,2.256836898
229.1999969,180.0526812,85.15070056,23.22244633,70.3896904,0.9488554658,170.4485865,6.537677288,297.8757935,0,210.9606018,9.999999747e-05,72.33041382,121093.3828,17.60043526,2.220720238
229.3999939,180.0526812,85.15070056,23.22244633,70.3896904,0.9534070942,170.4485865,6.545072556,297.8122864,0,196.418808,9.999999747e-05,9.999999747e-05,121149.1953,17.62663269,2.197333698
229.6000061,180.0526812,82.64214895,24.31298285,68.71741732,0.9574680293,148.0430791,6.548269272,297.8756409,0,178.9224091,9.999999747e-05,72.3438797,121196.3359,17.6064682,2.167711845
229.8000031,180.0526812,85.15070056,23.22244633,70.3896904,0.9414639534,170.4485865,0,297.8121338,0,160.1479034,9.999999747e-05,9.999999747e-05,121244.7422,17.49739456,-100
