Time Step,Discharge rate,Sugar feed rate,Soil bean feed rate,Aeration rate,Back pressure,Water injection/dilution,pH,Temperature,Acid flow rate,Base flow rate,Cooling water,Heating water,Vessel Weight,Dissolved oxygen concentration,Yield Per Step
0,160.4674199,73.22329352,26.70814444,57.01023668,0.8838874225,135.2320982,6.434481144,297.604187,0,26.01379776,9.999999747e-05,307.9693909,62934.9375,17.02679253,0.05688072723
0.200000003,161.2778959,79.08508759,25.81060187,61.41766945,0.9675323565,145.728705,6.45014286,297.8726501,0,52.22136307,9.999999747e-05,79.16259003,62964.48047,17.72603798,-2.764122282e-05
0.400000006,175.2111312,76.80718115,25.76991181,59.28487358,0.9625392801,148.1879151,6.478285313,297.8492737,0,72.63275909,9.999999747e-05,9.999999747e-05,62995.21094,17.66574097,-2.756716638e-05
0.6000000238,171.4789724,77.95826238,25.80688791,59.30558364,0.9808784147,150.9262681,6.511588097,298.2114868,0,81.7964859,9.999999747e-05,104.2692032,63028.39062,17.80303192,-2.779251706e-05
0.8000000119,177.2731206,75.77875168,26.35291003,57.67337166,1.019466088,165.2836756,6.540255547,298.0572815,0,77.66200256,119.4883499,10.42691994,63061.85938,18.26303291,-2.775357397e-05
1,181.5690125,76.53806963,26.28850372,57.91403427,1.033239108,162.6524888,6.556828976,297.9364624,0,62.0923996,71.49604034,1.042691946,63090.83984,18.35404778,-2.727384645e-05
1.200000048,180.6444112,78.20166389,25.96612052,58.7554678,1.022128544,161.4064056,6.551368713,298.1913147,0.5192060471,31.0461998,21.44881248,81.89917755,63113.85156,18.24869728,-2.737037267e-05
1.399999976,176.9390478,84.42065917,25.18349586,60.36307732,0.9770750174,143.9197327,6.53413868,298.0393066,1.04067874,15.5230999,107.8994293,8.189917564,63132.39844,17.85250092,-2.754451957e-05
1.600000024,163.243016,84.01663967,24.70063558,57.76240206,0.951299621,147.7007996,6.509305477,297.9371033,0,2.426589489,60.72341537,0.8189917803,63151.39062,17.61167717,-2.753009402e-05
1.799999952,167.3779268,79.95115164,24.46003427,57.67211006,0.8868198524,143.7281434,6.484228134,298.147583,0,0,18.21702385,65.96874237,63167.0625,17.05735779,-2.767629171e-05
2,164.342702,73.22329352,24.4115758,57.01023668,0.8838874225,135.2320982,6.464302063,298.0301819,0,6.831511497,89.2463913,6.596874237,63181.24609,17.0242424,-2.789374702e-05
2.200000048,160.4674199,75.18851264,24.9529163,57.63656705,0.8838874225,135.8279225,6.453152657,297.9542542,0,21.61579132,52.69657898,0.6596874595,63200.02344,16.78248405,-2.779301171e-05
2.400000095,160.4674199,73.22329352,24.661207,57.01023668,0.8838874225,135.2320982,6.452291489,297.9194641,0,40.84757233,28.50751877,0.06596874446,63222.04297,16.75606537,-2.767954581e-05
2.599999905,164.4103711,73.22329352,24.83827417,57.26406379,0.8838874225,135.7543275,6.461871624,298.0531311,0,60.41804504,8.55225563,36.06406784,63247.42188,16.73753929,-2.767953954e-05
2.799999952,160.4674199,73.22329352,25.96184581,59.03628044,0.8908525683,139.3829928,6.479393005,298.0023193,0,76.15531158,51.91001129,3.606406927,63277.79297,16.77980232,-2.772135611e-05
3,170.3229468,77.97329997,25.15306734,59.75557519,0.9349315844,146.7930329,6.50158453,297.9705811,0,84.89120483,35.37391281,0.3606406748,63310.62891,17.13421059,-2.737756507e-05
3.200000048,175.0062059,77.11483141,25.32993768,58.82168024,0.9385597681,150.5993492,6.52410078,297.9595337,0,84.76067352,24.88360596,0.03606406972,63345.17188,17.14448357,-2.71358865e-05
3.400000095,173.3097561,76.01360149,25.60304199,59.37897687,0.9353070273,151.130355,6.541127205,297.9604797,0,75.63752747,20.21459007,0.003606406972,63378.08203,17.0968895,-2.702774341e-05
3.599999905,173.5905946,76.36390922,25.18378695,59.46179183,0.9213255693,146.9135989,6.547855377,297.9682617,0,59.7228775,19.10515785,0.0003606406972,63406.84375,16.95545578,-2.69496881e-05
3.799999952,172.4543298,75.50047963,25.32393996,58.81400521,0.9006784862,144.7059533,6.540957928,297.9790344,0,41.13307571,20.30149651,9.999999747e-05,63430.12109,16.74736404,-2.69531299e-05
4,176.7930964,73.81100653,24.64169638,58.80359247,0.8838874225,143.7096214,6.521372318,297.9871826,0,25.31407738,22.76704025,9.999999747e-05,63448.30469,16.55791855,-2.694284077e-05
4.199999809,164.7337338,73.22329352,25.08901419,57.5803418,0.8838874225,136.9671965,6.497273445,297.9981384,0,17.32722282,24.71556091,9.999999747e-05,63465.87109,16.51908875,-2.719221119e-05
4.400000095,160.4674199,73.22329352,25.23696917,57.01023668,0.8838874225,135.2320982,6.475126266,298.0108032,0,18.95422935,27.95482635,9.999999747e-05,63484.36328,16.48677826,-2.73536501e-05
4.599999905,163.2396371,73.22329352,24.95825278,58.32411993,0.8838874225,137.0462586,6.45911932,298.0203552,0,29.4192524,32.17238235,9.999999747e-05,63504.69531,16.45459938,-2.740464655e-05
4.800000191,160.4674199,73.22329352,25.46840901,57.62713589,0.8838874225,135.2320982,6.453391075,298.032959,0,46.27315521,35.77501678,9.999999747e-05,63528.86328,16.42510796,-2.749014424e-05
5,160.4674199,73.22329352,25.54522643,57.01023668,0.8838874225,135.2320982,6.456561565,298.0411682,0,65.40425873,40.81285477,9.999999747e-05,63556.91016,16.3827095,-2.748967466e-05
5.199999809,160.4674199,73.22329352,25.9595449,57.59275694,0.8838874225,135.2320982,6.469117165,298.0511475,0,83.27083588,44.78399277,9.999999747e-05,63588.75,16.35553169,-2.744023452e-05
5.400000095,160.4674199,73.22329352,26.15638241,59.77054827,0.9014433243,139.4266782,6.486782074,298.0593262,0,96.11297607,49.71619034,9.999999747e-05,63624.11719,16.47966576,-2.735554825e-05
5.599999905,160.4674199,73.22329352,26.06654798,59.87462626,0.9057358614,140.4093177,6.506013393,298.0674133,0,101.9024048,54.37972641,9.999999747e-05,63660.875,16.48202133,-2.725439447e-05
5.800000191,166.3433824,77.64515383,26.16243287,61.64512441,0.9584656766,144.1869781,6.521740913,298.0717773,0,100.0104446,59.33127594,9.999999747e-05,63697.98438,16.89311981,-2.707905277e-05
6,173.2345383,78.28577247,25.52934313,60.82477644,0.9639656397,151.7165435,6.532457829,298.0782166,0,91.84403992,63.30158615,9.999999747e-05,63733.63281,16.90013504,-2.69096336e-05
6.199999809,171.0398809,77.74554551,25.90592009,61.14692485,0.95932725,144.071073,6.536170006,298.0884399,0,79.39612579,68.18157959,9.999999747e-05,63765.59375,16.82367134,-2.689237458e-05
6.400000095,173.5486642,77.29106398,25.09120539,59.57827637,0.9228528866,148.1467873,6.530992031,298.0992126,0,65.47015381,74.59546661,9.999999747e-05,63794.78125,16.46743584,-2.6853666e-05
6.599999905,160.4674199,73.22329352,25.19484206,58.93421486,0.8838874225,142.1440127,6.517932892,298.1117554,0,53.62229538,81.55275726,9.999999747e-05,63821.94531,16.08880997,-2.705953811e-05
6.800000191,160.4674199,73.22329352,25.80008955,57.36366759,0.8838874225,136.2451944,6.499526501,298.1186523,0,46.99534607,89.52180481,9.999999747e-05,63846.60938,16.01963806,-2.712152269e-05
7,160.4674199,73.22329352,25.92841137,57.01023668,0.8838874225,136.5127654,6.481713295,298.1272583,0,47.72338104,95.996315,9.999999747e-05,63871.52734,15.96440983,-2.719318827e-05
7.199999809,160.4674199,73.22329352,25.44846568,57.01023668,0.8838874225,137.7241392,6.469558239,298.1420898,0,55.55766678,103.3671265,9.999999747e-05,63898.28516,15.91689205,-2.726038768e-05
7.400000095,160.4674199,73.22329352,27.00235695,59.04345769,0.8838874225,135.3448617,6.464168549,298.1525879,0,68.23717499,113.1909103,9.999999747e-05,63927.4375,15.87360477,-2.730025776e-05
7.599999905,160.4674199,73.22329352,26.42740487,57.63493535,0.8838874225,135.2320982,6.466241837,298.1630249,0,83.06851959,122.026825,9.999999747e-05,63959.51953,15.80840492,-2.730079133e-05
7.800000191,160.4674199,73.22329352,26.5091753,59.98168869,0.902551964,143.4351795,6.47486639,298.1783142,0,97.06767273,131.2705994,9.999999747e-05,63996.23047,15.93425369,-2.727187927e-05
8,160.4674199,73.22329352,26.25741845,60.4596726,0.9096335473,142.2999058,6.486066818,298.1911621,0,107.619545,142.5836945,9.999999747e-05,64034.83984,15.94115639,-2.722273115e-05
8.199999809,160.4674199,73.22329352,26.06783594,60.3315142,0.9225087438,144.2006176,6.497136116,298.2029724,0,113.7037277,153.5842285,9.999999747e-05,64075.0625,15.98956203,-2.716497199e-05
8.399999619,160.4674199,74.07993587,26.53231115,60.91717879,0.9259499641,142.6533405,6.505167484,298.2044983,0,115.3688431,164.7289734,9.999999747e-05,64115.58203,15.95558643,-2.710388064e-05
8.600000381,163.6994792,75.22894289,26.63083242,60.87290523,0.9443343939,143.1710496,6.51011467,298.2085571,0,113.8308716,172.7840271,9.999999747e-05,64155.57031,16.04299927,-2.700755632e-05
8.800000191,160.4674199,73.22329352,26.55752776,60.73364539,0.9303198192,142.8846919,6.511812687,298.2189026,0,110.3145752,181.8418274,9.999999747e-05,64194.91016,15.85529423,-2.701905175e-05
9,160.4674199,73.22329352,26.68343436,60.18394049,0.9213808618,141.676536,6.509931564,298.2304382,0,106.1197815,193.2002563,9.999999747e-05,64233.17578,15.70016003,-2.701183401e-05
9.199999809,160.4674199,73.22329352,26.70723241,59.27753616,0.8950533852,143.452477,6.505004406,298.2435913,0,102.6786804,205.3144073,9.999999747e-05,64271.12109,15.39233303,-2.702283825e-05
9.399999619,160.4674199,73.22329352,27.37229087,58.13924216,0.8850536759,139.3440921,6.498508453,298.2643738,0,101.207016,218.4072266,9.999999747e-05,64308.08594,15.21146679,-2.705369425e-05
9.600000381,160.4674199,73.22329352,27.72922074,57.01023668,0.8838874225,135.2320982,6.491986752,298.2971802,0,102.3291931,234.6087952,9.999999747e-05,64344.57422,15.10122204,-2.710851888e-05
9.800000191,160.4674199,73.22329352,27.86695546,57.63591836,0.8933045759,146.6184833,6.485777378,298.3320923,0,106.0550461,255.6896667,9.999999747e-05,64383.41016,15.10300159,-2.717801237e-05
10,160.4674199,73.22329352,27.86695546,57.01023668,0.8838874225,139.5050701,6.480278969,298.3648071,0,112.2635345,278.6252136,9.999999747e-05,64422.07031,14.92193317,-2.724455987e-05
10.19999981,160.4674199,73.22329352,27.86695546,57.44058749,0.8899166548,137.6551932,6.474749565,298.3726501,0,120.6701431,302.1040649,9.999999747e-05,64462.01562,14.88017464,-2.72823765e-05
10.39999962,160.4674199,73.22329352,27.86695546,57.01023668,0.8838874225,137.5824736,6.470415592,298.3954773,0,131.2909546,318.2522583,9.999999747e-05,64504.17188,14.72524071,-2.730776268e-05
10.60000038,160.4674199,73.22329352,27.86695546,57.01023668,0.8838874225,145.6333436,6.465317249,298.37146,0,143.6411896,340.0337524,9.999999747e-05,64550.375,14.62391949,-2.729991823e-05
10.80000019,160.4674199,73.22329352,27.86695546,57.01023668,0.8838874225,140.2330922,6.460323334,298.3485413,0,158.0372162,346.412384,9.999999747e-05,64598.39453,14.51771641,-2.724691253e-05
11,160.4674199,73.22329352,27.57964314,57.01023668,0.8900149212,142.9007926,6.45536375,298.3458862,0,174.4280396,352.6113281,9.999999747e-05,64650.30469,14.46469975,-2.721624579e-05
11.19999981,160.4674199,73.22329352,27.86695546,58.65475826,0.8928803185,135.2320982,6.450022221,298.3618469,0,192.8027954,364.936676,9.999999747e-05,64704.49609,14.40131378,-2.722586778e-05
11.39999962,160.4674199,73.22329352,27.86695546,57.01023668,0.8838874225,135.2320982,6.443823338,298.364502,0,213.3154602,383.4335022,9.999999747e-05,64762.85547,14.18159199,-2.724459004e-05
11.60000038,160.4674199,73.22329352,27.86695546,57.8933591,0.8838874225,135.2320982,6.436246395,298.326355,0,225,397.8042297,9.999999747e-05,64823.48828,14.0759201,-2.721352843e-05
11.80000019,160.4674199,73.65134437,27.86695546,58.21971249,0.8885957659,135.2320982,6.427206993,298.3288269,0,225,398.2858582,9.999999747e-05,64884.29297,13.99150085,-2.719007064e-05
12,160.4674199,73.22329352,27.86695546,58.52388795,0.8913147795,135.2320982,6.416929722,298.3479309,0,225,411.6653442,9.999999747e-05,64945.00391,13.88485909,-2.723225644e-05
12.19999981,160.4674199,73.22329352,27.86695546,58.9051617,0.9075307509,135.2320982,6.405622482,298.3747559,0,225,430.5733643,9.999999747e-05,65005.72266,13.88810444,-2.730592723e-05
12.39999962,160.4674199,73.77711779,27.86695546,59.86804632,0.9154532854,135.2320982,6.393434525,298.3865356,0,225,452.7262268,9.999999747e-05,65066.55859,13.83020782,-2.737803708e-05
12.60000038,160.4674199,73.22329352,27.86695546,59.39724136,0.9049673795,135.2320982,6.380494595,298.3808594,0,225,470.6504211,9.999999747e-05,65127.18359,13.58406639,-2.742230191e-05
12.80000019,160.4674199,73.22329352,27.86695546,58.31480184,0.8838874225,135.2320982,6.3670578,298.4075928,0,225,483.0890808,9.999999747e-05,65187.85547,13.22589302,-2.748706319e-05
13,160.4674199,73.22329352,27.86695546,59.5022196,0.9028536893,135.2320982,6.353206158,298.4513245,0,225,506.6396484,9.999999747e-05,65248.55469,13.24882507,-2.760654094e-05
13.19999981,160.4674199,73.22329352,27.86695546,59.39285474,0.8962124472,135.2320982,6.338898659,298.4588928,0,225,536.8109741,9.999999747e-05,65309.1875,13.02687645,-2.770986203e-05
13.39999962,160.4674199,73.22329352,27.86695546,59.80928331,0.8945000552,135.2320982,6.324294567,298.4738464,0,225,556.0248413,9.999999747e-05,65369.81641,12.85062027,-2.778773631e-05
13.60000038,160.4674199,73.22329352,27.86695546,60.204548,0.9039878837,135.2320982,6.309436798,298.4887085,0,225,578.3325195,9.999999747e-05,65430.4375,12.76350403,-2.787638685e-05
13.80000019,160.4674199,73.22329352,27.86695546,60.23607792,0.9041504001,135.2320982,6.294243813,298.4802551,0,225,601.112854,9.999999747e-05,65491,12.58766365,-2.794397096e-05
14,166.5273709,73.22329352,27.86695546,61.40347807,0.9334465087,135.2320982,6.279313087,298.5508423,0,225,616.4146729,9.999999747e-05,65550.4375,12.66955757,-2.799412246e-05
14.19999981,167.2020334,73.22329352,27.86695546,61.48764771,0.9186221021,135.2320982,6.263982773,298.5444031,0,225,658.8376465,9.999999747e-05,65609.625,12.36877251,-2.811643466e-05
14.39999962,168.3364972,73.22329352,27.86695546,61.86807828,0.9398412554,139.3583669,6.248960018,298.5796204,0,225,676.7492676,9.999999747e-05,65669.46875,12.3718338,-2.819985529e-05
14.60000038,162.6624342,73.22329352,27.86695546,61.36799314,0.9235386143,135.2320982,6.234174728,298.5716553,0,225,709.355835,9.999999747e-05,65729.57031,12.06369209,-2.836977767e-05
14.80000019,169.5424663,73.22329352,27.86695546,61.77471638,0.9266069153,135.2320982,6.223891735,298.5927734,0,225,728.0839844,9.999999747e-05,65788.32031,12.32061863,-2.83627765e-05
15,168.3288927,73.22329352,27.86695546,61.55240967,0.9244581666,135.2320982,6.262168884,298.1586609,0,225,756.8656616,9.999999747e-05,65847.36719,15.06635189,0.02319994231
15.19999981,160.4674199,73.22329352,27.86695546,57.78507316,0.8838874225,135.2320982,6.306374073,297.7397766,0,225,629.1635132,9.999999747e-05,65908.07812,14.68377113,0.04775652157
15.39999962,160.4674199,73.22329352,27.86695546,59.76164366,0.8838874225,135.2320982,6.347354412,300.1462097,0,225,188.749054,698.3341064,65968.49219,14.71025658,0.04666844756
15.60000038,160.4674199,79.20652974,27.86695546,58.06457902,0.8843105926,140.9471162,6.382506847,299.288208,0,225,1012.350098,69.83341217,66031.36719,14.5929203,0.02171980124
15.80000019,171.2624678,73.22329352,27.86695546,60.03651295,0.8838874225,135.2320982,6.416212082,298.5424194,0,225,778.7713623,6.983341217,66089.39844,14.73664379,0.07016143159
16,162.0718683,73.22329352,27.86695546,59.78448827,0.8849561618,135.2320982,6.446389675,298.054657,0,225,576.2180176,0.6983340979,66149.45312,14.74702168,0.08602862011
16.20000076,160.4674199,73.22329352,27.86695546,57.96940934,0.8838874225,135.2320982,6.473135471,297.7884521,0,225,433.8713074,0.06983341277,66210.00781,14.69830322,0.08618201473
16.39999962,160.4674199,73.22329352,27.86695546,58.20623186,0.8838874225,135.2320982,6.496448517,299.3672791,0,225,130.1613922,434.1000671,66270.47656,14.68036747,0.07561782738
16.60000038,160.4674199,75.99240666,27.86695546,57.79913113,0.8889248663,138.2225974,6.515274048,298.9783325,0,225,668.927002,43.41000748,66332.17188,14.65307903,0.04835809616
16.79999924,160.4674199,73.22329352,27.86695546,58.61979244,0.8838874225,135.2320982,6.532353401,298.6058655,0,219.4233246,574.1635742,4.341000557,66391.5,14.6624279,0.07461340973
17,160.4674199,73.22329352,27.86695546,58.78159601,0.8927372921,135.2320982,6.54639101,298.3469849,0,207.0061188,485.2661133,0.4341000915,66448.40625,14.72439671,0.08055388832
17.20000076,160.4674199,73.22329352,27.86695546,58.42918326,0.8851060439,135.2320982,6.55742979,298.1533813,0,188.978241,421.4700928,0.04341000691,66501.64844,14.6461401,0.09133034152
17.39999962,160.4674199,73.22329352,27.86695546,59.66564346,0.9158207809,135.2320982,6.549026489,298.0236511,0.5191933513,94.48912048,369.6260376,0.004341000691,66535.64844,14.86464596,0.1028621238
17.60000038,160.4674199,73.22329352,27.37075145,59.49198442,0.9144992132,135.2320982,6.531944275,297.9143372,0,75.46131134,332.0741272,0.0004341000749,66565.51562,14.86287308,0.1368906824
17.79999924,160.4674199,73.22329352,27.86695546,57.01023668,0.8838874225,135.2320982,6.509571075,299.245575,0,63.23271179,99.62223816,349.5613708,66592.83594,14.52593517,0.1271285463
18,160.4674199,73.22329352,27.86695546,57.01023668,0.8838874225,135.2320982,6.486209869,298.9197388,0,59.94297409,556.500061,34.95613861,66619.25781,14.53342152,0.150676235
18.20000076,160.4674199,73.22329352,27.86695546,57.35392271,0.8980980425,135.2320982,6.468371391,298.5931396,0,65.9841156,480.811615,3.495613813,66647.0625,14.65838051,0.174840971
18.39999962,160.4674199,73.22329352,27.86695546,57.01023668,0.8886953753,135.2320982,6.457559109,298.312439,0,79.13935089,405.0714417,0.3495613933,66677.625,14.59920216,0.2218610986
18.60000038,160.4674199,73.22329352,27.86695546,57.01023668,0.8838874225,135.2320982,6.455780029,298.1227417,0,96.61414337,332.9232178,0.03495613858,66711.9375,14.56934071,0.2479762416
18.79999924,160.4674199,73.22329352,27.86695546,57.92118765,0.885489115,137.9637835,6.463609695,298.0334473,0,114.7932739,281.3006287,0.003495613812,66750.80469,14.58575249,0.2366104732
19,160.4674199,73.22329352,27.86695546,57.28722763,0.8838874225,135.2320982,6.474852085,297.9559021,0,129.8379517,256.5137024,0.0003495613928,66792.28125,14.57814312,0.2678522677
19.20000076,160.4674199,73.22329352,27.86695546,58.30468847,0.9111914352,142.506937,6.487381458,297.898407,0,140.4051971,231.6921844,9.999999747e-05,66837.49219,14.83870316,0.2940549755
19.39999962,160.4674199,73.22329352,27.86695546,58.2563126,0.8951716371,140.9703594,6.499800682,298.8806458,0,145.9674683,69.50765228,249.876236,66883.47656,14.70502377,0.3073670077
19.60000038,160.4674199,73.22329352,27.86695546,57.01023668,0.8838874225,141.5682888,6.510098457,298.6172485,0,146.5665894,404.9933167,24.98762321,66929.57812,14.60408115,0.3428148527
19.79999924,160.4674199,73.22329352,27.86695546,57.16044922,0.8838874225,135.2320982,6.518452168,298.379364,0,143.0531311,339.784729,2.498762369,66973.78906,14.59582138,0.3665498192
20,160.4674199,73.22329352,27.86695546,59.24695866,0.9121995444,140.8374743,6.524238586,298.2202759,0,136.1978455,282.8341675,0.2498762459,67017.84375,14.85930061,0.384966459
20.20000076,160.4674199,73.22329352,27.86695546,58.04711098,0.8976315861,142.7246721,6.526921272,298.1186523,0,127.0300674,243.9612427,0.0249876231,67060.46094,14.70958328,0.4039833869
20.39999962,160.4674199,73.22329352,27.86695546,57.58778349,0.8857744042,136.7781259,6.52529335,298.0426331,0,116.7912903,218.3555298,0.002498762449,67099.73438,14.59684086,0.4463013216
20.60000038,160.4674199,73.22329352,27.86695546,57.02028797,0.8857084723,147.1113338,6.52034235,297.9979858,0,107.2078476,197.3405609,0.0002498762333,67139.17188,14.58309174,0.4677332745
20.79999924,160.4674199,73.22329352,27.27719682,57.68854474,0.8873325379,157.7760302,6.514014721,297.9810181,0,99.60192108,184.1025543,9.999999747e-05,67179.17969,14.61925697,0.5040982376
21,160.4674199,73.22329352,27.86695546,59.40808795,0.9065203199,140.7105337,6.504035473,297.9570618,0,94.52101135,178.5091248,9.999999747e-05,67214.63281,14.7833271,0.5372684336
21.20000076,160.4674199,73.22329352,27.86695546,58.23239521,0.9018022709,140.4503493,6.495865822,297.9615479,0,93.43932343,169.6639709,9.999999747e-05,67249.875,14.70435619,0.5300972678
21.39999962,160.4674199,73.22329352,27.3597533,57.21647817,0.8899008585,135.2320982,6.491600513,297.9863586,0,95.6078949,169.7818604,9.999999747e-05,67284.49219,14.57720375,0.5392079958
21.60000038,160.4674199,73.22329352,27.71613216,57.01023668,0.8838874225,141.8699707,6.489715099,298.009491,0,99.47549438,176.863678,9.999999747e-05,67321.32812,14.50661755,0.5269906723
21.79999924,160.4674199,73.22329352,27.86695546,57.01023668,0.8838874225,143.5142373,6.490341663,298.0307922,0,104.1019669,184.1426392,9.999999747e-05,67359.48438,14.49508762,0.5271622889
22,160.4674199,73.22329352,27.77869417,57.01023668,0.8838874225,135.6227004,6.492774487,298.0446167,0,108.4771118,191.6734619,9.999999747e-05,67396.89062,14.48904324,0.5557556143
22.20000076,160.4674199,73.22329352,27.76040243,57.01023668,0.8838874225,135.2320982,6.496576309,298.057373,0,111.8813095,197.4411621,9.999999747e-05,67434.92969,14.4807272,0.5705922154
22.39999962,160.4674199,73.22329352,27.86695546,58.71361467,0.8997142756,140.453484,6.499348164,298.0431213,0,113.7660675,203.4161987,9.999999747e-05,67474.35156,14.65532684,0.630866406
22.60000038,160.4674199,73.22329352,27.78752318,57.01023668,0.8838874225,145.7391826,6.50254631,298.0383911,0,114.5499573,200.5453796,9.999999747e-05,67515.04688,14.49286079,0.6495837221
22.79999924,160.4674199,73.22329352,27.86695546,57.01023668,0.8838874225,140.5601407,6.504874229,298.0295715,0,114.049881,200.6459656,9.999999747e-05,67554.57812,14.48589039,0.6836156479
23,160.4674199,73.22329352,27.77877126,57.01023668,0.8838874225,135.2320982,6.506582737,298.0245056,0,112.6227341,199.0780334,9.999999747e-05,67592.74219,14.47726536,0.717230448
23.20000076,160.4674199,73.22329352,27.86695546,57.01023668,0.8838874225,138.310312,6.506110668,298.0028687,0,110.5114899,198.5049133,9.999999747e-05,67631.05469,14.48548889,0.7829751345
23.39999962,160.4674199,73.22329352,27.86695546,58.64560224,0.898303987,141.3717494,6.506637096,298.0149536,0,108.5941391,191.9958801,9.999999747e-05,67669.75781,14.60645485,0.7515305213
23.60000038,160.4674199,73.22329352,27.86695546,57.01023668,0.8842668762,135.2320982,6.506851673,298.0328369,0,106.4560699,196.4306946,9.999999747e-05,67706.82812,14.44071102,0.7578899279
23.79999924,160.4674199,73.22329352,27.86695546,57.01023668,0.8838874225,150.2742468,6.50642252,298.0481262,0,104.2364578,203.0698853,9.999999747e-05,67746.57812,14.43980026,0.7735618025
24,160.4674199,73.22329352,27.86695546,57.01023668,0.8838874225,135.2320982,6.505216599,298.0583801,0,102.1896133,209.4406281,9.999999747e-05,67782.82812,14.42112541,0.8092391287
24.20000076,160.4674199,73.22329352,27.86695546,57.01023668,0.8838874225,135.2320982,6.503883839,298.0713806,0,100.6255875,214.6714935,9.999999747e-05,67818.80469,14.40721989,0.8252654059
24.39999962,160.4674199,73.22329352,27.86695546,58.58449195,0.9016471809,142.3263497,6.502187252,298.0774536,0,99.59252167,221.267334,9.999999747e-05,67856.03906,14.58346653,0.8583816186
24.60000038,160.4674199,73.22329352,27.66375789,59.99425836,0.9230961398,144.8500647,6.500702858,298.0809326,0,99.23890686,225.9439087,9.999999747e-05,67893.70312,14.79046917,0.9046651294
24.79999924,160.4674199,73.22329352,27.86695546,58.68820827,0.9014181408,145.0553497,6.500164986,298.0987244,0,99.47717285,230.0034485,9.999999747e-05,67931.57812,14.56249332,0.8835351757
25,160.4674199,73.22329352,27.86695546,57.01023668,0.8838874225,135.2320982,6.499295235,298.0982666,0,99.92817688,239.1514435,9.999999747e-05,67967.49219,14.38155842,0.9445872623
25.20000076,160.4674199,73.22329352,27.41428923,57.01023668,0.8838874225,135.2320982,6.498960495,298.0923157,0,100.7311478,242.562973,9.999999747e-05,68003.49219,14.39428902,1.025187151
25.39999962,160.4674199,73.22329352,27.82643975,57.9388353,0.887491323,135.2320982,6.497490406,298.0610657,0,101.6651688,244.1981659,9.999999747e-05,68039.66406,14.4395237,1.086368332
25.60000038,160.4674199,73.22329352,27.86695546,59.01473764,0.8985899245,141.1636569,6.495483875,298.0157471,0,103.1926956,236.9260406,9.999999747e-05,68077.3125,14.56801605,1.17234252
25.79999924,160.4674199,73.22329352,27.86695546,57.76613615,0.8889999896,135.2320982,6.494785786,297.9892578,0,105.5210419,223.8138733,9.999999747e-05,68114.26562,14.45543003,1.203951403
26,160.4674199,73.22329352,27.86695546,57.84246984,0.8923541098,135.9409748,6.494720459,297.9653625,0,108.1225052,215.60849,9.999999747e-05,68151.89844,14.48771763,1.256460366
26.20000076,160.4674199,73.22329352,27.86695546,57.54293849,0.8883445935,141.4260987,6.494299889,297.9300232,0,110.7522202,207.1555176,9.999999747e-05,68191.125,14.4694109,1.344227393
26.39999962,160.4674199,73.22329352,27.86695546,58.14502295,0.9032859926,139.6166043,6.495138645,298.7998047,0,113.5534821,62.14665604,225.7764282,68230.46094,14.59797192,1.365010737
26.60000038,160.4674199,73.22329352,27.86695546,57.20310907,0.8879040787,151.0069387,6.495530128,298.6143799,0,116.0138626,359.8681946,22.57764244,68272.46875,14.47904396,1.432261103
26.79999924,160.4674199,73.22329352,27.86695546,57.35353839,0.8860461533,135.2320982,6.496970177,298.4273682,0,118.3233032,319.3605347,2.257764339,68311.82031,14.44596958,1.464724748
27,160.4674199,73.22329352,27.84036985,57.78247205,0.8905312721,136.7531063,6.498535633,298.2817688,0,120.0518417,279.2710876,0.225776419,68351.88281,14.49352455,1.513960201
27.20000076,160.4674199,73.22329352,27.86695546,57.9990082,0.8966300697,139.3716736,6.500293255,298.1796265,0,121.1571426,246.4642792,0.02257764153,68392.78125,14.54558563,1.544733172
27.39999962,160.4674199,73.22329352,27.79619656,58.36183263,0.8958562001,143.0194802,6.501653194,298.1014709,0,121.5590286,222.8881683,0.002257764339,68434.51562,14.55263615,1.596576161
27.60000038,160.4674199,73.22329352,27.86695546,58.13120982,0.9089305376,135.2320982,6.503443718,298.0602112,0,121.4188766,203.4224396,0.0002257764281,68474.72656,14.63417053,1.599253235
27.79999924,160.4674199,73.22329352,27.83624763,60.2309319,0.9256785985,136.4906219,6.50593853,298.0524597,0,120.5599289,193.5828094,9.999999747e-05,68515.14062,14.78688335,1.579432489
28,160.4674199,73.22329352,27.53462176,58.85005495,0.9118219804,143.4159865,6.508184433,298.0541687,0,118.7020721,193.4712677,9.999999747e-05,68556.60156,14.65062428,1.609978097
28.20000076,160.4674199,73.22329352,27.86695546,58.42141829,0.8990714818,143.572798,6.508672237,298.0465088,0,115.9489899,196.0874481,9.999999747e-05,68597.55469,14.52577019,1.63704382
28.39999962,160.4674199,73.22329352,27.73952381,57.16248255,0.8838874225,135.2320982,6.508075714,298.0386963,0,113.0056686,195.4623566,9.999999747e-05,68636.16406,14.36778927,1.689786775
28.60000038,160.4674199,73.22329352,27.86695546,58.34378171,0.8974063372,135.285285,6.506502628,298.0329285,0,110.298912,194.5684967,9.999999747e-05,68674.26562,14.48905087,1.714756668
28.79999924,160.4674199,73.22329352,27.86695546,57.01023668,0.8838874225,135.2320982,6.503882408,298.0212097,0,108.2211456,194.0935669,9.999999747e-05,68711.89844,14.35128403,1.766822771
29,160.4674199,73.22329352,27.86695546,57.01023668,0.8949892223,135.3076461,6.501448631,298.0181885,0,107.1918335,191.331665,9.999999747e-05,68749.36719,14.43314075,1.789881613
29.20000076,160.4674199,73.22329352,27.86695546,57.01023668,0.8838874225,140.1290019,6.498534203,298.0045471,0,107.1319962,191.1689148,9.999999747e-05,68787.77344,14.34965897,1.847451117
29.39999962,160.4674199,73.22329352,27.86695546,57.86818272,0.8996879932,135.2320982,6.497403622,298.0131836,0,108.240036,187.1625977,9.999999747e-05,68825.50781,14.47242737,1.842871414
29.60000038,160.4674199,73.22329352,27.86695546,57.01023668,0.8838874225,149.7099943,6.495508194,297.9945374,0,109.7930298,190.4194336,9.999999747e-05,68866.42969,14.35796833,1.922231008
29.79999924,160.4674199,73.22329352,27.63531932,57.92245947,0.8949863615,135.2320982,6.493957996,297.9704895,0,112.1123199,184.4105682,9.999999747e-05,68904.76562,14.47101974,1.999767742
30,160.4674199,73.22329352,27.82207598,59.05415939,0.9036601702,142.1982003,6.49382019,297.9604187,0,115.0481567,176.056778,9.999999747e-05,68945.21875,14.55717564,2.006886656
30.20000076,160.4674199,73.22329352,27.08504913,59.8297515,0.916542354,142.4572017,6.49587965,297.9649353,0,118.0356064,171.6513519,9.999999747e-05,68986.28906,14.69299221,2.061330778
30.39999962,160.4674199,73.22329352,27.78310282,59.29582076,0.9104532258,146.498922,6.498207569,297.9760437,0,120.1964645,171.8064423,9.999999747e-05,69028.80469,14.60588264,2.030111935
30.60000038,160.4674199,73.22329352,27.02556327,59.21278723,0.9145384895,143.4194552,6.501318455,297.988678,0,121.4324188,174.2828369,9.999999747e-05,69070.85938,14.65583897,2.099103251
30.79999924,160.4674199,73.22329352,27.86695546,59.41831998,0.9115325352,151.1147212,6.503062725,297.990448,0,121.4221954,177.6595306,9.999999747e-05,69114.59375,14.61778736,2.087157455
31,160.4674199,73.22329352,27.65679092,58.10205026,0.9084334407,140.7577357,6.5042696,297.9883118,0,120.7213669,177.7548218,9.999999747e-05,69156.00781,14.5669136,2.139934404
31.20000076,160.4674199,73.22329352,27.86695546,58.95341734,0.9069334089,148.0141672,6.504918575,297.9894714,0,119.5351028,176.6404877,9.999999747e-05,69198.72656,14.56294441,2.150424779
31.39999962,160.4674199,73.22329352,27.67806175,59.599886,0.9260086061,137.9132612,6.50551796,297.9986267,0,118.0894775,176.6215057,9.999999747e-05,69239.09375,14.71896744,2.180045391
31.60000038,160.4674199,73.22329352,27.74233473,58.79132627,0.9074039925,142.0503211,6.506437778,298.026886,0,116.4024582,179.3824463,9.999999747e-05,69280.09375,14.52508068,2.163946111
31.79999924,160.4674199,73.22329352,27.86695546,59.24330264,0.9099532467,146.6607924,6.506545067,298.0480042,0,114.3462143,189.0101776,9.999999747e-05,69321.64062,14.54852486,2.181368873
32,160.4674199,73.22329352,27.74692956,58.00537998,0.9003585576,142.0558094,6.505057812,298.0404663,0,112.2507401,197.088089,9.999999747e-05,69361.6875,14.45911789,2.257111447
32.20000076,160.4674199,73.22329352,27.86695546,58.78412194,0.9029215518,140.9204508,6.504105568,298.0554504,0,110.7528381,196.1292267,9.999999747e-05,69401.32031,14.46561623,2.247400905
32.40000153,160.4674199,73.22329352,27.86695546,57.98430647,0.9056545434,135.2320982,6.502622128,298.059967,0,109.6289368,202.8733673,9.999999747e-05,69439.53125,14.46678734,2.285955976
32.59999847,160.4674199,73.22329352,27.86695546,57.544278,0.8917548478,141.5060929,6.501701355,298.0757751,0,109.1018143,206.3993835,9.999999747e-05,69479,14.33118439,2.292778611
32.79999924,160.4674199,73.22329352,27.86695546,61.08016612,0.9345403595,144.5594872,6.50023222,298.0715942,0,108.9396286,214.0688171,9.999999747e-05,69519,14.76353073,2.34136469
33,160.4674199,73.22329352,27.32055393,58.82489322,0.9035231287,136.3340699,6.499798298,298.0758057,0,109.3685913,215.3438416,9.999999747e-05,69557.35938,14.4629221,2.392490184
33.20000076,160.4674199,73.22329352,27.86695546,58.5179003,0.9065500559,144.5259828,6.499196529,298.0768433,0,109.9660568,219.5221252,9.999999747e-05,69597.625,14.46902275,2.387646042
33.40000153,160.4674199,73.22329352,27.86695546,60.3383665,0.9232094614,146.1922027,6.498796463,298.072937,0,110.8079758,222.686203,9.999999747e-05,69638.40625,14.64289474,2.41841471
33.59999847,160.4674199,73.22329352,27.0757515,59.41423883,0.9249899661,142.4305664,6.498434544,298.0452576,0,111.8087769,224.215332,9.999999747e-05,69678.39844,14.67955971,2.510975454
33.79999924,160.4674199,73.22329352,27.86695546,60.20117323,0.9242075824,154.1894568,6.497930527,298.0247192,0,112.954834,217.4243469,9.999999747e-05,69721.19531,14.67084503,2.496622369
34,160.4674199,73.22329352,27.28082543,59.92147538,0.9244451582,137.5579558,6.498131752,298.0053101,0,114.3031311,212.2505951,9.999999747e-05,69760.75,14.67211723,2.555222867
34.20000076,160.4674199,73.22329352,27.64762937,59.1796903,0.9274587023,146.75832,6.498352051,297.9894104,0,115.5681,206.6276855,9.999999747e-05,69802.53125,14.68105125,2.563310166
34.40000153,160.4674199,73.22329352,27.86695546,59.83776133,0.9195959656,141.9702647,6.498288155,297.96875,0,116.7472458,201.4937439,9.999999747e-05,69843.57031,14.62021828,2.585535672
34.59999847,160.4674199,74.66988802,27.32621494,61.42586207,0.9413653352,152.2616486,6.498235226,297.9533691,0,117.9528122,194.0805359,9.999999747e-05,69887.28125,14.83455563,2.591770369
34.79999924,160.4674199,73.22329352,27.86695546,59.66054435,0.9232818422,151.3764383,6.498719692,297.9416809,0,119.1787643,187.7633362,9.999999747e-05,69930.77344,14.66053772,2.632980628
35,160.4674199,73.22329352,27.62770021,59.55929159,0.9263583883,142.2303181,6.500137329,298.6914978,0,120.2091064,56.32900238,199.0954285,69972.50781,14.67046642,2.653416633
35.20000076,160.4674199,73.22329352,27.86695546,58.63991165,0.9122256238,150.8598046,6.500806808,298.6052246,0,120.6710358,312.9168091,19.90954399,70015.98438,14.54582691,2.667599205
35.40000153,160.4674199,73.22329352,27.86695546,59.1746604,0.9150864646,145.6692784,6.49985218,298.4276428,0,120.8706741,303.4650879,1.99095428,70058.3125,14.59909821,2.705455275
35.59999847,160.4674199,73.22329352,27.86695546,60.11633893,0.9332240587,148.0417759,6.498844147,298.2820129,0,121.4551544,265.5412903,0.199095428,70101.27344,14.7737608,2.728623777
35.79999924,160.4674199,73.22329352,27.86695546,59.91811423,0.9292866287,156.3003163,6.497674942,298.1631775,0,122.4378357,232.6595764,0.01990954392,70146.13281,14.75523376,2.7493005
36,160.4674199,73.22329352,27.86695546,60.21157529,0.9301157904,146.3578762,6.497555733,298.0886536,0,123.8884583,203.3286438,0.001990954392,70189.32031,14.75001049,2.767570375
36.20000076,160.4674199,73.22329352,27.86695546,59.16944869,0.9146242157,150.5487127,6.498170853,298.0402832,0,125.3828735,184.6325378,0.0001990954333,70233.72656,14.60286427,2.7852593
36.40000153,160.4674199,73.22329352,27.86695546,59.55390301,0.9181133296,143.4921988,6.498982906,298.0050049,0,126.6321869,171.8286438,9.999999747e-05,70276.95312,14.631423,2.803081849
36.59999847,160.4674199,74.97930752,27.46149084,61.29764282,0.9482616873,153.3218969,6.498190403,297.9610291,0,127.5583038,161.5317535,9.999999747e-05,70322.67188,14.92709923,2.802967858
36.79999924,160.4674199,75.99175032,27.57619205,60.01135688,0.9329817671,152.4803921,6.497366428,297.9369202,0,128.8074036,146.8068085,9.999999747e-05,70368.78906,14.75615406,2.801602105
37,160.4674199,73.22329352,27.66226993,60.26128776,0.940406639,147.6074005,6.497359753,298.5115967,0,130.3810272,44.04204178,155.6537933,70413.33594,14.87212181,2.846289441
37.20000076,160.4674199,75.86505972,27.36494356,60.50083401,0.9364340701,155.8855203,6.497855186,298.4179688,0,131.9545441,240.1242371,15.56537914,70460.57812,14.80696678,2.837451815
37.40000153,160.4674199,74.13364473,27.86695546,60.16225641,0.9310535674,147.1332276,6.498643875,298.2937622,0,133.3307648,222.6957397,1.556537867,70505.92188,14.76456261,2.86485477
37.59999847,160.4674199,73.22329352,26.87042322,60.3084391,0.9331695736,141.0030661,6.500508785,298.1885681,0,134.3921509,196.2188873,0.1556537896,70549.8125,14.82928658,2.90098175
37.79999924,160.4674199,74.6146821,27.68643024,60.11238268,0.933097048,152.2192933,6.501300335,298.122406,0,134.7050323,171.8759003,0.01556537859,70596.64844,14.78277016,2.894985894
38,160.4674199,74.96471546,27.5614749,60.80930007,0.9375585349,153.9024006,6.502006054,298.0760803,0,134.708252,156.9098816,0.001556537929,70643.92969,14.83067894,2.908902983
38.20000076,160.4674199,73.22329352,27.76439166,59.79694476,0.9243065279,150.0259918,6.503283501,298.0418091,0,134.4260254,146.0176849,0.00015565379,70689.95312,14.71786594,2.937861473
38.40000153,160.4674199,74.12566373,27.07214724,60.2451039,0.9312656532,151.2302556,6.504221916,298.0152588,0,133.6306458,137.3935699,9.999999747e-05,70736.17969,14.79336739,2.952866957
38.59999847,160.4674199,73.60892597,27.57870674,60.0585008,0.9306106499,150.9722861,6.504971027,298.00354,0,132.4628296,130.0534973,9.999999747e-05,70782.10938,14.76818848,2.968226116
38.79999924,160.4674199,73.22329352,27.28507498,60.28966891,0.9337066369,150.0797645,6.504453659,297.9779358,0,130.994873,126.7855911,9.999999747e-05,70827.29688,14.82678604,2.972551031
39,160.4674199,73.88387422,27.84474867,59.93715286,0.9289451936,155.3557907,6.502800941,297.9640198,0,129.737442,118.1681442,9.999999747e-05,70873.59375,14.75742435,2.976376974
39.20000076,160.4674199,75.66851588,26.94137862,61.14533361,0.9474447137,140.2257764,6.500362396,297.9521179,0,129.1408844,112.7350388,9.999999747e-05,70916.91406,14.92131519,2.97949645
39.40000153,160.4674199,76.17296871,27.38662428,60.1599879,0.9318032039,154.6092197,6.498253345,297.9520569,0,129.5187225,107.387413,9.999999747e-05,70963.53906,14.76140022,2.990856951
39.59999847,160.4674199,74.86242651,27.7344436,60.59920112,0.9400250616,154.3588259,6.497510433,297.956665,0,130.7364197,105.6539764,9.999999747e-05,71010.10938,14.84291458,3.01301056
39.79999924,160.4674199,73.39282497,27.36002192,60.18303194,0.930205848,155.5233331,6.498187542,297.9552612,0,132.2479095,105.4535675,9.999999747e-05,71056.75781,14.79438591,3.033794694
40,160.4674199,75.32459485,27.64156379,60.20684372,0.9326960077,156.0690486,6.498186588,297.9621887,0,133.4883118,103.3054276,9.999999747e-05,71104.35938,14.77594948,3.03750171
40.20000076,160.4674199,73.41935292,27.86695546,59.83730082,0.9275683602,155.1245107,6.499687672,297.9702148,0,134.7358856,104.0306244,9.999999747e-05,71151.59375,14.74440289,3.063849804
40.40000153,160.4674199,75.7566909,27.45102797,60.153958,0.9346273221,154.9523848,6.499843597,297.9724121,0,135.375946,105.3287735,9.999999747e-05,71199.42188,14.79420948,3.060017552
40.59999847,160.4674199,74.92169302,27.30209229,60.90842917,0.9409352539,147.7110166,6.500109673,297.9673767,0,135.9627533,104.9060287,9.999999747e-05,71245.58594,14.87620163,3.067455501
40.79999924,160.4674199,76.56807181,27.44102972,60.53862021,0.9401421642,163.4750177,6.49888134,297.9590454,0,136.4384613,102.120903,9.999999747e-05,71295.48438,14.86274529,3.064623393
41,160.4674199,77.22329995,27.16242154,61.14109091,0.9487094719,156.561876,6.497181416,297.9493103,0,137.4108124,98.06394958,9.999999747e-05,71344.22656,14.94674492,3.064588005
41.20000076,160.4674199,75.82161053,27.02526601,60.46427315,0.933817063,154.3726492,6.496785164,298.363678,0,139.0598907,29.41918564,109.0378189,71392.39062,14.83783054,3.072954935
41.40000153,160.4674199,74.94927585,27.38875919,60.39206952,0.9388880845,151.3088411,6.49634552,298.274292,0,140.8616791,170.5446167,10.90378189,71440.00781,14.88611126,3.069423643
41.59999847,160.4674199,76.76017949,27.74166984,61.0440421,0.9485311905,153.4460821,6.495870113,298.1916504,0,142.8435516,150.231781,1.090378165,71489.07812,14.93922234,3.08752604
41.79999924,160.4674199,76.40437498,27.86695546,60.91222047,0.9427780908,156.3458158,6.494491577,298.1130676,0,145.015625,132.6795197,0.1090378165,71539.03125,14.91285896,3.076330821
42,160.4674199,78.02172786,27.86124921,61.20005306,0.9464961831,156.1184516,6.494658947,298.076355,0,147.7420044,113.372612,0.01090378221,71590.03906,14.91521072,3.104723073
42.20000076,160.4674199,77.74396428,26.56107132,61.80202603,0.9577280696,156.6547955,6.496520996,298.0431213,0,150.3934631,105.5364609,0.001090378151,71641.39844,15.07122707,3.115012119
42.40000153,160.4674199,77.79392917,27.718353,61.18361413,0.9491979472,157.6687979,6.49803257,298.0273438,0,152.2994232,97.2128067,0.0001090378209,71693.60156,14.95303726,3.130420993
42.59999847,160.4674199,77.95291094,27.14455972,61.35006161,0.9518360994,148.1096734,6.500607967,298.0212402,0,153.6073303,93.63251495,9.999999747e-05,71744.11719,14.97651005,3.150741984
42.79999924,160.4674199,76.49606683,26.70153048,61.61682259,0.9524821579,152.9505144,6.503319263,298.0037231,0,153.8806,92.66897583,9.999999747e-05,71795.15625,15.03696442,3.144765886
43,160.4674199,78.08479223,26.7487174,61.57712752,0.9551652584,155.812407,6.505759239,298.0059814,0,153.0722504,87.47644043,9.999999747e-05,71847.14844,15.02339077,3.17930232
43.20000076,160.4674199,79.39920228,27.764842,61.29657515,0.9527330946,158.6512523,6.506019592,298.0119629,0,151.2893219,88.52262878,9.999999747e-05,71899.88281,14.94965935,3.183768242
43.40000153,160.4674199,77.73238895,26.77792431,61.56263771,0.9523128815,153.4882139,6.507093906,298.006073,0,149.4085083,90.79277039,9.999999747e-05,71950.52344,15.0032568,3.191018009
43.59999847,168.271235,81.46500387,26.73248109,62.24885237,0.9665209574,152.1298611,6.506048679,298.0114746,0,147.0883484,89.16834259,9.999999747e-05,71999.82031,15.07225895,3.203192989
43.79999924,160.4674199,78.92701915,27.60577289,61.36644586,0.9556768099,156.4177876,6.504306316,298.0042419,0,145.1957397,91.29991913,9.999999747e-05,72050.61719,14.99015045,3.20177669
44,160.4674199,79.16663032,27.33917849,61.30055004,0.9550175317,161.980223,6.499773979,297.9768677,0,143.9956818,89.19928741,9.999999747e-05,72102.13281,15.0236969,3.166024931
44.20000076,160.4674199,78.75288389,27.52724652,61.16337419,0.9542974874,158.7640008,6.497215748,297.9705811,0,144.615448,79.96786499,9.999999747e-05,72153.125,15.00265026,3.193692768
44.40000153,160.4674199,78.48935345,27.50338923,61.20089044,0.952125934,156.7694743,6.496155262,297.9714661,0,146.2430267,77.13668823,9.999999747e-05,72204.00781,14.98439598,3.212082955
44.59999847,160.4674199,79.15555792,27.5611116,61.19747508,0.9523450787,158.2961024,6.494126797,297.9650269,0,148.2961426,76.38637543,9.999999747e-05,72255.72656,14.99309158,3.201061788
44.79999924,160.4674199,78.25863909,27.51498645,61.30238783,0.9523227009,155.2854357,6.492273808,297.9532471,0,151.1687012,73.08876801,9.999999747e-05,72307.07812,15.02034855,3.182937979
45,161.10704,80.40942857,27.06730026,61.80473706,0.9592171647,148.5343289,6.491836071,297.9563904,0,154.7787781,67.7582016,9.999999747e-05,72358.19531,15.05903721,3.210660924
45.20000076,160.4674199,79.92094811,27.45310304,61.45429973,0.9564658583,160.1421328,6.492440701,297.9582214,0,158.5597992,67.17681122,9.999999747e-05,72412.54688,15.04458427,3.223169767
45.40000153,167.7384741,80.78757307,27.02900527,62.29823727,0.9679247627,153.0983576,6.494045734,297.9630127,0,162.1001587,66.15438843,9.999999747e-05,72464.85156,15.14967918,3.235481878
45.59999847,160.4674199,79.24736115,26.30319019,61.80126232,0.9582177338,155.4958206,6.497205257,297.959137,0,164.9985657,66.22447205,9.999999747e-05,72519.17969,15.11440563,3.223934131
45.79999924,161.1078222,79.12758096,26.40563264,61.76578681,0.9589346392,154.5937265,6.500804424,297.9614258,0,166.6313324,63.46413422,9.999999747e-05,72573.53906,15.11581421,3.241315744
46,160.4674199,81.88717697,27.8528046,61.44111264,0.960556335,161.454241,6.501364708,297.9719543,0,166.8278046,62.74746323,9.999999747e-05,72630.4375,15.05416203,3.268194409
46.20000076,161.5399491,81.47901464,27.10921365,62.23126815,0.9678469713,156.4498726,6.503391743,297.9823303,0,166.8115082,64.91831207,9.999999747e-05,72685.91406,15.14303207,3.28837505
46.40000153,160.4674199,79.45859605,26.4614554,61.82137397,0.9592847593,152.330423,6.507196903,297.9900513,0,165.9700165,67.36385345,9.999999747e-05,72740.01562,15.09807968,3.301732981
46.59999847,160.4674199,80.90031777,27.63008353,61.79521631,0.9658227973,158.821424,6.508940697,298.0060425,0,163.6053009,69.28968048,9.999999747e-05,72795.60938,15.09458256,3.337543147
46.79999924,160.4674199,79.35492008,26.42350989,62.0314266,0.9616673617,156.4936159,6.511521339,298.008606,0,160.5554047,74.37236023,9.999999747e-05,72849.47656,15.11872196,3.331598861
47,160.4674199,81.80791347,27.60530265,61.60901783,0.9626694858,160.756634,6.511467457,298.0254517,0,156.464035,75.36341858,9.999999747e-05,72904.3125,15.04002476,3.372921366
47.20000076,160.4674199,78.84131038,26.61042227,61.79800195,0.9600674899,151.8670367,6.512650013,298.0261841,0,152.405426,81.47774506,9.999999747e-05,72955.51562,15.08188629,3.361992861
47.40000153,160.4674199,80.20664325,27.4774094,61.70128335,0.9601850087,153.2000548,6.510227203,298.0207214,0,147.8614349,82.56349945,9.999999747e-05,73006.46875,15.0450983,3.353779319
47.59999847,160.4674199,80.46600114,27.53704765,61.75595883,0.9640855929,159.772489,6.507769108,298.0230408,0,144.3022308,81.65740967,9.999999747e-05,73058.19531,15.06925011,3.382677773
47.79999924,161.9551552,78.34692885,26.52844369,61.88715562,0.9590395677,152.6618923,6.507249832,298.0212097,0,141.7149811,83.27561188,9.999999747e-05,73106.92969,15.07382107,3.380332099
48,160.4674199,80.98634255,27.08340738,61.70890933,0.9601403436,160.3706627,6.505930424,298.0411072,0,139.3288269,83.49146271,9.999999747e-05,73158.03125,15.01104736,3.450635624
48.20000076,163.8975859,80.46752781,26.97753818,61.99644137,0.9637379767,151.0237112,6.504751682,298.0541382,0,137.4792938,91.16460419,9.999999747e-05,73205.98438,15.04158783,3.459784219
48.40000153,160.4674199,79.73068877,27.44138133,61.54251631,0.9588976765,161.9029158,6.503362179,298.0594177,0,136.0983429,97.04940033,9.999999747e-05,73256.48438,15.00292778,3.470863359
48.59999847,160.4674199,79.45022096,27.35324666,61.4144491,0.9544883803,159.6084502,6.502905369,298.0710449,0,135.2743225,100.8021317,9.999999747e-05,73306.35938,14.95560074,3.503532796
48.79999924,160.4674199,79.37931102,26.96756824,61.92015797,0.964205828,152.2514733,6.502643108,298.0749512,0,134.6292419,107.0013809,9.999999747e-05,73354.49219,15.05006409,3.506736505
49,160.4674199,78.81861456,27.42087714,61.7525955,0.9613005603,160.3614412,6.501769543,298.0671997,0,134.0914307,110.9299545,9.999999747e-05,73404.05469,15.03531551,3.50186525
49.20000076,160.4674199,80.87538481,26.99166591,61.83952409,0.960644355,159.1833002,6.500705719,298.0678406,0,133.9055328,111.0320511,9.999999747e-05,73453.875,15.00696278,3.529527217
49.40000153,160.4674199,79.27152851,27.50072185,61.40194053,0.9550220906,159.194829,6.500255585,298.0646057,0,134.1439514,113.8320312,9.999999747e-05,73503.41406,14.96186447,3.537003158
49.59999847,160.4674199,79.03646093,27.18470853,61.9005406,0.9622593617,156.7684484,6.500718594,298.0649414,0,134.5597839,115.2589874,9.999999747e-05,73552.46875,15.03614998,3.556868742
49.79999924,160.4674199,80.3051557,27.12784109,61.79483307,0.9644116477,159.3365894,6.501085281,298.0743713,0,134.7893372,117.8170242,9.999999747e-05,73602.52344,15.02919579,3.59237444
50,160.4674199,80.95470526,27.399974,61.87908539,0.9642391941,158.0517016,6.500043869,298.0629272,0,134.8755493,123.5067139,9.999999747e-05,73652.40625,15.02894783,3.568047231
50.20000076,160.4674199,79.55294042,27.48742888,61.78895203,0.9628671951,157.080826,6.500546455,298.0630188,0,135.3825836,122.2770844,9.999999747e-05,73701.94531,15.02163315,3.599808271
50.40000153,160.4674199,80.28245052,27.39418123,61.84040463,0.9659642673,160.0776574,6.500437737,298.053772,0,135.6789398,124.7485809,9.999999747e-05,73752.28125,15.05345821,3.595924247
50.59999847,160.4674199,79.86235636,27.16105398,61.91014279,0.963910907,155.8079587,6.499837875,298.026825,0,136.0257111,123.9283905,9.999999747e-05,73801.51562,15.06418228,3.558465011
50.79999924,160.4674199,79.82425009,27.50782063,61.56376175,0.9587289449,158.1248281,6.498159409,297.9937439,0,136.6122131,116.7121735,9.999999747e-05,73851.28125,15.02441883,3.533116075
51,160.4674199,79.64550363,27.4471776,61.84681512,0.9634092161,159.3896068,6.496917725,297.9680176,0,137.8720398,106.5111847,9.999999747e-05,73901.48438,15.08088684,3.529526141
51.20000076,160.4674199,80.16912282,27.57712158,61.68763805,0.9617993617,157.7205931,6.496376514,297.9579468,0,139.6237488,97.65276337,9.999999747e-05,73951.90625,15.04970455,3.555872194
51.40000153,160.4674199,81.12965377,27.36859099,61.63618066,0.9589376791,159.5418948,6.496078014,297.952301,0,141.5909882,93.1672287,9.999999747e-05,74003.32031,15.02493191,3.566619187
51.59999847,160.4674199,78.799539,26.39000299,62.26722988,0.9620437434,152.6024151,6.498081684,297.9406738,0,143.6790619,89.71390533,9.999999747e-05,74052.89844,15.12119389,3.526144224
51.79999924,160.4674199,81.21297736,27.66853301,61.74506265,0.9641766805,161.5304746,6.49745369,298.3131104,0,144.9589081,26.91417313,103.6498108,74105.32812,15.07998466,3.55621398
52,160.4674199,80.40246226,27.23892277,61.86258916,0.9633380355,157.2969789,6.498244762,298.2548218,0,146.5059357,153.2626495,10.3649807,74156.86719,15.09476089,3.553883116
52.20000076,162.2065543,80.11295928,27.64808743,62.14349256,0.9678553357,154.846933,6.498862743,298.1798706,0,147.7234955,142.1027985,1.03649807,74207.78125,15.13104248,3.55596144
52.40000153,160.9522226,81.53067395,27.42547992,61.90990238,0.9644263515,153.212453,6.497386932,298.1032104,0,148.6989288,126.2397079,0.10364981,74259.01562,15.10510826,3.516492784
52.59999847,160.5167286,78.63628203,26.63991668,61.94502731,0.9608890071,151.7304119,6.499221802,298.04953,0,150.2710724,107.1032486,0.01036498137,74309.51562,15.13226604,3.492516131
52.79999924,165.4524638,82.36826112,27.18428125,62.58126014,0.97451735,156.2556895,6.498150349,298.0144348,0,151.0915833,93.02976227,0.001036498114,74361.14062,15.20579243,3.531669611
53,166.7588027,79.73749796,25.94301474,62.64275487,0.9709217863,152.5103283,6.500988483,297.9930115,0,152.3608093,83.17371368,0.000103649807,74411.17188,15.23391342,3.520001217
53.20000076,160.4674199,82.90427537,27.86156561,61.67423764,0.9644490301,161.5903499,6.501199722,297.9978638,0,152.472641,76.58892822,9.999999747e-05,74465.65625,15.06658173,3.626651912
53.40000153,162.2936262,82.29328043,27.20151563,62.19825127,0.9705221327,158.6147951,6.501934528,297.994751,0,152.5210571,78.16555786,9.999999747e-05,74518.85938,15.1567049,3.607242559
53.59999847,160.4674199,82.64004239,27.68867292,61.91316223,0.9677952072,162.5006026,6.50060606,297.981781,0,152.2654724,76.97658539,9.999999747e-05,74573.22656,15.13413811,3.576787628
53.79999924,165.498551,82.75661083,27.42557099,62.15926957,0.9710405134,157.6267143,6.500306129,297.9790955,0,152.5497284,72.32828522,9.999999747e-05,74625.65625,15.16081238,3.597834661
54,160.4674199,82.2019964,27.76695247,61.805191,0.9666995867,161.78008,6.500760078,297.9829102,0,152.9439392,70.81573486,9.999999747e-05,74680.04688,15.11616516,3.628021459
54.20000076,160.4674199,82.1281945,27.66178319,62.02538969,0.969543994,160.4724228,6.499884605,297.973053,0,153.157486,71.37036133,9.999999747e-05,74734.03125,15.16590881,3.579190898
54.40000153,160.4674199,82.55463529,27.86325073,61.75441402,0.9659500017,162.1346528,6.499319077,297.9718323,0,153.7279358,67.2928009,9.999999747e-05,74788.66406,15.12114429,3.606326188
54.59999847,163.7356056,79.05498892,26.296637,62.44377794,0.9673420404,151.7989968,6.502123833,297.9622803,0,154.5193024,65.94284821,9.999999747e-05,74839.46094,15.22396755,3.531946656
54.79999924,162.574667,83.84487673,27.80407966,62.05381729,0.9715884714,163.3959656,6.500725746,297.9674072,0,154.1787415,61.6002121,9.999999747e-05,74894.32031,15.16602516,3.622969435
55,165.0498674,80.11489138,26.11605998,62.30768013,0.9659119792,152.0138249,6.502783298,297.9612122,0,154.4220886,62.02313614,9.999999747e-05,74945.09375,15.20719719,3.542640026
55.20000076,160.4674199,83.39624848,27.86695546,61.84797079,0.9696504205,162.7475022,6.50222683,297.974884,0,153.8175049,58.62924576,9.999999747e-05,75000.14062,15.1428442,3.65847074
55.40000153,165.2542737,79.82996295,26.11845963,62.47438913,0.9697357255,154.2340821,6.50531292,297.9772034,0,153.4551392,61.93458557,9.999999747e-05,75051.17188,15.23677063,3.599683733
55.59999847,160.4674199,83.46050402,27.78369873,62.04458345,0.9710144398,162.3587743,6.504831791,297.9935303,0,151.83815,61.69067764,9.999999747e-05,75105.8125,15.14925671,3.699967787
55.79999924,160.4674199,83.01086413,27.57672144,62.20197355,0.971386877,161.2174057,6.504158974,298.0002136,0,150.4368896,66.45149231,9.999999747e-05,75159.74219,15.17055893,3.684555596
56,160.4674199,82.67926451,27.60688689,62.12699474,0.9713662321,161.5726379,6.501553535,297.9889832,0,149.2939911,68.38928223,9.999999747e-05,75213.24219,15.19500923,3.617675823
56.20000076,167.1532601,83.14756955,27.52977015,62.29717438,0.9738358829,157.5643307,6.499101639,297.98349,0,149.1989594,64.47687531,9.999999747e-05,75264.63281,15.21120358,3.624960711
56.40000153,160.4674199,82.68601136,27.75093577,62.04881985,0.9702859654,161.7084032,6.49671793,297.9765015,0,150.0779877,62.24550629,9.999999747e-05,75318.3125,15.19024944,3.614312124
56.59999847,160.4674199,83.56496653,27.55631871,62.08778855,0.9716873928,163.7904362,6.493759632,297.9668884,0,151.9108582,59.26416016,9.999999747e-05,75372.90625,15.21485901,3.59422341
56.79999924,160.5492427,83.44842903,27.78080753,61.98541963,0.9702034967,161.924275,6.491452694,297.9608459,0,154.9290466,55.11742401,9.999999747e-05,75427.70312,15.20309448,3.591457525
57,169.5470065,80.42200343,26.02859127,62.53646346,0.9703172775,153.1950573,6.494280815,297.9525757,0,158.8660889,51.86634827,9.999999747e-05,75478.60938,15.28903294,3.52815206
57.20000076,160.4674199,84.43992959,27.86695546,61.92107145,0.9709003795,164.9593744,6.494314194,297.9614563,0,161.657135,47.58647919,9.999999747e-05,75535.76562,15.20082664,3.648939672
57.40000153,160.4674199,84.32971214,27.86323649,61.88176016,0.9701996766,165.2836756,6.494544506,297.9645691,0,164.460495,48.93198395,9.999999747e-05,75593.49219,15.20867443,3.636932914
57.59999847,160.4674199,84.69502782,27.86695546,61.94767608,0.9714552533,164.1940939,6.494143009,297.9623108,0,167.1619568,48.49079895,9.999999747e-05,75651.54688,15.2310915,3.612383717
57.79999924,160.4674199,84.92002351,27.86695546,61.83086852,0.9715009078,163.9687185,6.493765831,297.9593811,0,170.026886,46.36640167,9.999999747e-05,75710.15625,15.23910236,3.601532062
58,169.383321,80.06008887,25.98930733,62.76929712,0.9729019989,150.9143008,6.497280121,297.9428406,0,173.0405579,43.95240784,9.999999747e-05,75763.20312,15.37043762,3.448749032
58.20000076,171.2147521,81.10691525,25.77363968,62.77281593,0.9741958616,153.3484269,6.498860359,298.1388855,0,174.6358337,13.18572235,59.60633469,75816.78125,15.39216518,3.413162355
58.40000153,160.4674199,85.28343228,27.86695546,62.07926944,0.9750119284,164.933139,6.497181892,298.0932922,0,175.6176758,78.79880524,5.960633278,75876.58594,15.29795456,3.557894239
58.59999847,160.4674199,85.67166514,27.86695546,61.77735555,0.972398768,165.2836756,6.496944427,298.0551758,0,177.2754974,66.80784607,0.5960633159,75936.97656,15.26578236,3.597648261
58.79999924,160.4674199,84.98440236,27.86695546,62.00702233,0.9743880293,164.6999543,6.498065948,298.030365,0,179.0130463,57.4973526,0.05960633233,75997.47656,15.29491997,3.609741718
59,174.5396525,80.70098608,25.7547844,62.83465555,0.9743125542,148.3405165,6.501878738,297.9960022,0,180.3023224,51.29483795,0.005960633513,76050.41406,15.4072504,3.436338304
59.20000076,160.4674199,86.85166824,27.86695546,61.86164771,0.9760668787,165.2836756,6.499804974,297.9876404,0,180.0619507,40.76202011,0.000596063328,76111.59375,15.3071661,3.584002061
59.40000153,172.2299325,80.84738014,25.83061387,62.70952594,0.9734722736,150.4749319,6.503538609,297.9721375,0,180.6789246,37.99058914,9.999999747e-05,76165.57031,15.40154552,3.450164883
59.59999847,175.7588462,80.91442254,25.65512723,62.91911086,0.9767403554,149.0537748,6.507778645,297.9675903,0,179.7646332,32.23913956,9.999999747e-05,76218.375,15.42742443,3.47379534
59.79999924,160.4674199,87.26088604,27.86695546,61.86995457,0.9767564824,165.2836756,6.504693508,297.9769592,0,177.1711121,29.74065208,9.999999747e-05,76279.07812,15.30656242,3.610595115
60,160.4674199,86.31916234,27.86695546,61.82806946,0.9742883184,165.2836756,6.502339363,297.9828186,0,175.8374023,31.79096413,9.999999747e-05,76339.28125,15.29636288,3.608754218
60.20000076,160.4674199,85.97940043,27.86695546,61.82126488,0.9734835412,165.2836756,6.499563217,297.98349,0,175.4194489,32.87653351,9.999999747e-05,76399.26562,15.30212593,3.58624373
60.40000153,171.9484025,80.78864869,25.8478087,62.70140662,0.9727802033,151.2043976,6.499792099,297.9663391,0,176.1158295,32.42109299,9.999999747e-05,76452.35156,15.41719913,3.390772786
60.59999847,160.6145245,87.30396349,27.86695546,61.94731561,0.9777327449,165.2836756,6.498361588,297.9823914,0,176.7093811,25.88292885,9.999999747e-05,76513,15.32226753,3.64402606
60.79999924,160.4674199,86.14057518,27.86695546,61.97037288,0.9751696557,165.2836756,6.498645306,297.9927368,0,177.890213,30.28233528,9.999999747e-05,76573.67188,15.31452656,3.65498719
61,162.1718063,86.286833,27.86695546,62.02121988,0.9767087959,165.2836756,6.499174118,297.999054,0,178.946579,33.07799911,9.999999747e-05,76634.26562,15.3316021,3.662597445
61.20000076,160.4674199,86.76851429,27.86695546,61.85482429,0.9754598332,165.2836756,6.498114586,297.9970093,0,179.7960663,34.90089798,9.999999747e-05,76695.40625,15.32965279,3.628551882
61.40000153,160.4674199,86.70608905,27.86695546,61.79399548,0.9741631255,165.2836756,6.495456219,297.9883728,0,181.0753326,34.11566162,9.999999747e-05,76756.6875,15.3376627,3.577465152
61.59999847,161.1809379,86.90621956,27.86695546,61.99810099,0.9777325451,165.2836756,6.494290829,297.9860229,0,183.4182281,31.04118919,9.999999747e-05,76818.39062,15.37144756,3.601065468
61.79999924,160.4674199,87.47827261,27.86695546,61.88468161,0.9770340774,165.2836756,6.493085384,297.9836426,0,186.2172699,29.85662842,9.999999747e-05,76880.9375,15.3690424,3.599150586
62,161.3343579,87.48387192,27.86695546,62.13919886,0.9803605825,165.2836756,6.493442535,297.9841919,0,189.5033569,28.52454758,9.999999747e-05,76944.01562,15.40529537,3.61951492
62.20000076,160.4674199,87.90947908,27.86695546,61.89646652,0.9780110682,165.2836756,6.495322704,297.9886169,0,192.6413422,28.12789726,9.999999747e-05,77008.09375,15.37842655,3.659100657
62.40000153,160.4674199,87.78484037,27.86695546,61.76651426,0.9758669919,165.2836756,6.497794151,297.9914246,0,195.0271759,29.05048561,9.999999747e-05,77072.64062,15.36574173,3.667951544
62.59999847,174.0021979,80.80085458,25.70184528,63.02020965,0.9767683976,149.6923648,6.507484436,297.9864807,0,196.4273834,29.56552696,9.999999747e-05,77129.44531,15.496068,3.558793824
62.79999924,160.4674199,89.19361207,27.86695546,61.82786489,0.9809739876,165.2836756,6.509603977,298.0013123,0,193.9297028,27.51424408,9.999999747e-05,77194.26562,15.37977123,3.7615962
63,175.1636869,81.27425424,25.6745191,62.96688688,0.9765105163,150.8996009,6.517407417,297.9975586,0,190.6321411,32.15634155,9.999999747e-05,77250.05469,15.48079872,3.604530879
63.20000076,160.4674199,89.12639193,27.86695546,61.54866425,0.9769416834,165.2836756,6.517035961,298.0114136,0,184.1702881,30.79855347,9.999999747e-05,77312.89062,15.32935238,3.785146357
63.40000153,160.4674199,87.46185893,27.86695546,61.85461508,0.9771080124,165.2836756,6.51644659,298.0184326,0,177.9021912,35.52416229,9.999999747e-05,77374.00781,15.34879971,3.77181426
63.59999847,161.0552399,87.1044281,27.86695546,62.15790928,0.9801131611,165.2836756,6.51489687,298.0221252,0,171.844223,38.2673645,9.999999747e-05,77433.67969,15.37872124,3.768289665
63.79999924,160.4674199,87.0870335,27.86695546,61.95844332,0.9776771308,165.2836756,6.511219025,298.0186157,0,166.4086151,40.18291855,9.999999747e-05,77492.25781,15.36143398,3.729895711
64,160.4674199,86.60812768,27.86695546,62.03626987,0.9771037651,165.2836756,6.507437706,298.0162048,0,162.4481354,39.77429581,9.999999747e-05,77549.92188,15.36040783,3.730028333
64.19999695,160.4674199,86.14600654,27.86695546,62.14859602,0.9776763554,165.2836756,6.503801346,298.0137634,0,159.9936676,39.65976334,9.999999747e-05,77606.96875,15.37205315,3.727640559
64.40000153,162.7888747,85.96546446,27.86695546,62.31665683,0.9797620199,165.2836756,6.499670029,298.0081482,0,158.9929047,39.44837189,9.999999747e-05,77663.24219,15.40188026,3.703773459
64.59999847,162.979615,86.20588867,27.86695546,62.15880697,0.9780960058,165.2836756,6.495619774,298.0026855,0,159.6468048,38.04405975,9.999999747e-05,77719.64062,15.39042568,3.697084915
64.80000305,175.7951961,81.08084023,25.54191843,63.07527159,0.9783592797,150.086288,6.497123718,297.9855347,0,161.9188995,36.50805283,9.999999747e-05,77768.99219,15.50972462,3.521267752
65,174.872417,80.84802303,25.60359287,63.08316862,0.9784177512,150.4692556,6.497354031,297.9697876,0,163.5715027,30.73408699,9.999999747e-05,77818.78906,15.52278328,3.469821174
65.19999695,160.4674199,87.27148071,27.86695546,62.04572211,0.9796422962,165.2836756,6.493414879,297.9778442,0,165.1538696,24.88160706,9.999999747e-05,77876.99219,15.40936279,3.68651744
65.40000153,160.4674199,86.68545422,27.86695546,62.00513081,0.9773260663,165.2836756,6.490305901,297.9797058,0,168.3215332,26.64616394,9.999999747e-05,77935.64062,15.40788937,3.663577335
65.59999847,160.4674199,86.84039439,27.86695546,61.99237636,0.9774253678,165.2836756,6.49008894,297.9855347,0,172.7167358,26.40323257,9.999999747e-05,77995.32031,15.40784359,3.711242578
65.80000305,174.8498907,81.04459942,25.54675297,63.13043664,0.9788720881,150.9219979,6.49422884,297.9693604,0,177.1920166,27.63687134,9.999999747e-05,78047.98438,15.55894756,3.474877055
66,175.3746696,81.20055115,25.5798622,63.02100745,0.9781752199,150.4181457,6.498227596,297.9599915,0,180.0063019,21.46550179,9.999999747e-05,78101.01562,15.55464745,3.467204167
66.19999695,160.4674199,88.70626436,27.86695546,61.9052376,0.9809736356,165.2836756,6.496930599,297.9735107,0,181.2354126,17.20468903,9.999999747e-05,78162.78125,15.4432497,3.7037221
66.40000153,175.2808723,81.06093585,25.56624584,63.12198764,0.9789211602,150.0104609,6.502141953,297.9661255,0,183.0002594,20.44167137,9.999999747e-05,78216.33594,15.56883907,3.489881781
66.59999847,160.4674199,89.18720711,27.86695546,61.71721196,0.9791176078,165.2836756,6.502944469,297.9874878,0,182.6422424,16.80229187,9.999999747e-05,78278.65625,15.40935707,3.793611636
66.80000305,160.4674199,87.96817069,27.86695546,61.90034612,0.9788644078,165.2836756,6.503466606,297.9963379,0,181.9985504,22.95881462,9.999999747e-05,78340.48438,15.43186378,3.756250121
67,176.6577355,81.09558584,25.54452517,63.09788576,0.978959354,149.3923778,6.509634018,297.987854,0,181.132782,25.38493919,9.999999747e-05,78393.36719,15.56326866,3.559078773
67.19999695,160.4674199,89.24541614,27.86695546,61.72063612,0.9789985649,165.2836756,6.507163048,297.9965515,0,177.7806396,22.24659348,9.999999747e-05,78454.60938,15.42135048,3.751930147
67.40000153,176.4020182,81.36728616,25.49745461,63.13000697,0.979409947,151.2905996,6.509645939,297.9823303,0,175.4631805,24.8594017,9.999999747e-05,78506.71094,15.57675552,3.496978164
67.59999847,177.4096846,81.19652916,25.49748024,63.13749959,0.9797236239,149.2982916,6.512587547,297.9794006,0,172.1087036,19.75763512,9.999999747e-05,78557.53906,15.56727695,3.533666795
67.80000305,176.1207684,81.15216005,25.53247915,63.10545904,0.9792333831,150.3634731,6.51249361,297.9743958,0,167.5919342,18.18731499,9.999999747e-05,78607.8125,15.56625366,3.483662805
68,160.4674199,88.36099957,27.86695546,61.90506371,0.9790822879,165.2836756,6.505550861,297.9892883,0,163.1242981,15.71783257,9.999999747e-05,78665.71875,15.42675495,3.709701078
68.19999695,176.7275691,81.23893357,25.49454869,63.15637966,0.9792033268,149.6698289,6.503924847,297.9814758,0,161.4464874,19.93143082,9.999999747e-05,78714.44531,15.56400204,3.470472458
68.40000153,160.4674199,87.61605443,27.86695546,62.05392005,0.979710269,165.2836756,6.496654987,297.9914551,0,160.3796387,16.72023582,9.999999747e-05,78771.54688,15.44731808,3.674702757
68.59999847,175.3899162,81.22449947,25.53504553,63.12060588,0.9790772431,151.5545595,6.495950699,297.9827576,0,162.2563629,19.52814102,9.999999747e-05,78821.08594,15.57008648,3.469949672
68.80000305,160.4674199,87.47903888,27.86695546,62.00516031,0.9792596238,165.2836756,6.494152069,298.0012207,0,164.3751373,16.13026619,9.999999747e-05,78879.17969,15.4343214,3.777546603
69,162.4764308,86.8064718,27.86695546,62.18626604,0.9792512549,165.2836756,6.495491982,298.0170898,0,167.2380066,21.92206573,9.999999747e-05,78937.42188,15.43905926,3.839047324
69.19999695,160.7900255,86.83368928,27.86695546,62.15419838,0.9790406186,165.2836756,6.497171879,298.0251465,0,169.5509796,27.30686569,9.999999747e-05,78996.5,15.44459152,3.83909026
69.40000153,175.7189828,81.28699741,25.52260761,63.1251728,0.9783713233,150.9768225,6.503847599,298.0146484,0,171.200943,30.60366631,9.999999747e-05,79048.05469,15.56160927,3.644530748
69.59999847,175.8301476,81.27056907,25.50737498,63.12285735,0.9792232898,150.2533535,6.511275291,298.0152893,0,170.1654358,27.86628342,9.999999747e-05,79099.36719,15.55449009,3.723923463
69.80000305,177.7677692,81.2511184,25.45329872,63.16625977,0.9801944789,149.6516689,6.516759396,298.0132751,0,166.1723633,28.71901131,9.999999747e-05,79149.28906,15.56218338,3.702499129
70,176.6782661,81.31148053,25.4614593,63.19225044,0.9797273896,150.8807429,6.520955563,298.0162048,0,159.9944153,28.59076881,9.999999747e-05,79198.50781,15.54503918,3.744633171
70.19999695,176.1323413,81.12756806,25.51324053,63.16355525,0.9797904701,150.4278715,6.523021221,298.0193787,0,152.1360321,30.10747147,9.999999747e-05,79246.09375,15.53358269,3.749062822
70.40000153,176.3404893,81.14138084,25.49059354,63.13614739,0.9794266205,150.4112298,6.521860123,298.0183411,0,143.4541779,31.78946304,9.999999747e-05,79291.78125,15.52434731,3.711365303
70.59999847,163.9125372,86.25508185,27.86695546,62.33983603,0.9805707033,165.2836756,6.513837814,298.0325317,0,135.2406158,32.13462448,9.999999747e-05,79343.17969,15.41048908,3.914074558
70.80000305,164.7736358,84.99251642,27.51503962,62.45909731,0.9782633271,162.8121685,6.506598473,298.0413513,0,130.2481537,37.72591782,9.999999747e-05,79392.53906,15.40526199,3.9029582
71,175.2236018,80.966341,25.50523025,63.19981614,0.9792713194,150.5934703,6.502322197,298.0306091,0,128.1268768,41.88061905,9.999999747e-05,79435.3125,15.51151276,3.703737469
71.19999695,167.5147828,84.81810867,27.40135223,62.57067885,0.9803985775,161.6133925,6.496027946,298.0380859,0,127.7088165,39.66118622,9.999999747e-05,79483.30469,15.42511272,3.907777018
71.40000153,166.3679227,84.40978653,27.20493591,62.57174717,0.9780977511,161.1055203,6.492428303,298.0448303,0,129.8245697,43.47214508,9.999999747e-05,79531.82031,15.41304779,3.938594321
71.59999847,166.7559865,84.24867118,27.27081243,62.57638747,0.9788853462,161.1779065,6.490653515,298.0479736,0,133.3649292,47.164608,9.999999747e-05,79581,15.42553329,3.951260243
71.80000305,175.2808067,80.99641956,25.5442895,63.12662622,0.9780678931,150.9074159,6.493532658,298.0382996,0,137.6177979,49.88710403,9.999999747e-05,79626.02344,15.50363922,3.818891766
72,165.0018013,85.3708884,27.61239723,62.45031656,0.9789525923,163.5040021,6.492414951,298.0361328,0,140.7097015,48.32003403,9.999999747e-05,79677.85156,15.42472839,3.956583572
72.19999695,166.2024351,85.08728,27.56804295,62.52054629,0.980021991,162.6158544,6.492022038,298.0282288,0,144.2766266,49.08092499,9.999999747e-05,79729.84375,15.45124245,3.925379755
72.40000153,175.251478,81.22389659,25.44540673,63.1635599,0.9792368558,151.0344631,6.496577263,298.0104675,0,147.9855347,47.73106003,9.999999747e-05,79776.96875,15.54408264,3.766963954
72.59999847,162.5015922,86.39359822,27.86695546,62.28712947,0.9787530243,165.2836756,6.495438576,298.004364,0,149.8585052,42.7175293,9.999999747e-05,79831.71094,15.43837738,3.918008443
72.80000305,164.7992679,85.975128,27.8602269,62.39525946,0.980212218,164.7786167,6.493539333,297.9907837,0,152.2213745,41.13476944,9.999999747e-05,79886.10938,15.47591877,3.844087107
73,163.5088684,86.20371567,27.86695546,62.2907806,0.979518296,165.2836756,6.49435854,297.9896851,0,155.3281403,36.65737915,9.999999747e-05,79941.71875,15.4624157,3.921076092
73.19999695,176.1265787,81.21432317,25.43813863,63.24792258,0.9800251712,151.1499576,6.500614643,297.976593,0,158.0960083,36.03711319,9.999999747e-05,79990.64844,15.58431053,3.732781865
73.40000153,160.6822274,87.45610008,27.86695546,62.13527414,0.979993036,165.2836756,6.502109528,297.9888,0,158.3522034,31.14553261,9.999999747e-05,80047.89062,15.44743824,4.010441702
73.59999847,162.7675903,86.6526852,27.86695546,62.29597122,0.9800901713,165.2836756,6.504786491,298.0033264,0,158.0435944,34.57115173,9.999999747e-05,80104.55469,15.4515667,4.066661639
73.80000305,162.8957168,86.69209851,27.86695546,62.28648086,0.979548919,165.2836756,6.507018566,298.014801,0,156.644989,39.07257462,9.999999747e-05,80160.9375,15.44632912,4.082030577
74,163.1916449,86.53402259,27.86695546,62.31770281,0.9801113753,165.2836756,6.50895071,298.0256653,0,154.3588867,43.04794693,9.999999747e-05,80216.82031,15.44919968,4.109255602
74.19999695,162.6843673,86.24067529,27.86695546,62.34711061,0.9804094285,165.2836756,6.510357857,298.0344849,0,151.2994995,47.26478958,9.999999747e-05,80272.14062,15.45238972,4.122308455
74.40000153,163.6909601,86.14168784,27.86695546,62.3834333,0.9798004856,165.2836756,6.511421204,298.0465393,0,147.678009,51.19259644,9.999999747e-05,80326.60156,15.43902493,4.17269014
74.59999847,176.4599622,81.21827914,25.45831322,63.27993118,0.9805303321,150.71772,6.515990257,298.039856,0,143.6305542,56.57923889,9.999999747e-05,80372.84375,15.55896473,3.964651549
74.80000305,163.8818359,86.19727209,27.86695546,62.35760844,0.9798662435,165.2836756,6.513652325,298.0447998,0,137.7428589,55.92714691,9.999999747e-05,80425.17969,15.43423748,4.142828282
75,177.4362113,81.1961553,25.41121715,63.26049681,0.9796010889,150.1852964,6.514793873,298.0326233,0,132.8241882,59.1726532,9.999999747e-05,80468.82031,15.54519939,3.925281235
75.19999695,164.9861078,85.32552132,27.59751067,62.5009462,0.9796615218,163.2403507,6.509321213,298.0284424,0,127.4153976,56.62198257,9.999999747e-05,80517.98438,15.44834328,4.05425889
75.40000153,166.5767516,84.50650001,27.27060711,62.58636799,0.978658775,161.1538934,6.503647327,298.02005,0,124.2285538,56.49155426,9.999999747e-05,80565.42969,15.45827579,4.0029703
75.59999847,168.3297226,84.37462799,27.06940562,62.65991564,0.9792111135,159.8906387,6.499595642,298.0198059,0,123.2906876,54.68921661,9.999999747e-05,80612.08594,15.46121502,4.048449178
75.80000305,168.511067,84.35016773,27.08316518,62.68342107,0.9798327637,160.3279538,6.496469021,298.0200806,0,123.9676056,55.42501068,9.999999747e-05,80658.96094,15.46851921,4.06307185
76,167.6728613,84.21379745,27.08147059,62.65132407,0.9780590036,160.2407952,6.494821072,298.0216675,0,125.8972168,56.26305008,9.999999747e-05,80706.39062,15.45601463,4.084686478
76.19999695,169.0643974,84.40141685,27.06622209,62.70543585,0.980705042,159.7148665,6.494258881,298.022583,0,128.4842072,57.56438828,9.999999747e-05,80754.02344,15.4812746,4.097505483
76.40000153,168.9059137,84.49349708,27.14944487,62.65893599,0.9796289551,160.1274326,6.493917942,298.0168457,0,131.2972412,58.67281723,9.999999747e-05,80802.30469,15.4811039,4.066208843
76.59999847,176.4533101,81.11930254,25.43225212,63.22406885,0.9788926571,150.0900714,6.498131275,298.0054016,0,134.2494659,57.54174423,9.999999747e-05,80846.41406,15.55490398,3.944155162
76.80000305,177.5248629,81.20782614,25.3784693,63.23057622,0.9792041663,149.5141799,6.503031254,298.002533,0,135.5020905,54.26379776,9.999999747e-05,80890.53906,15.5514307,3.996870223
77,165.336175,85.4473208,27.56213192,62.48542775,0.9787968972,163.1904974,6.503508568,298.0153198,0,134.8069458,53.55897903,9.999999747e-05,80941.41406,15.44385719,4.215005739
77.19999695,167.15539,84.85910105,27.33214478,62.59767677,0.9796541549,161.743527,6.503654003,298.0172119,0,133.9376373,58.08884811,9.999999747e-05,80991.15625,15.47278595,4.152338952
77.40000153,167.1546374,84.96167456,27.34086625,62.64480937,0.9797095263,161.3868647,6.503160954,298.0149536,0,132.9970551,59.22015381,9.999999747e-05,81040.60938,15.47742081,4.130529487
77.59999847,167.0730802,84.93828522,27.32697528,62.57826163,0.9790761962,161.3766563,6.502279282,298.0100708,0,132.2547913,59.077034,9.999999747e-05,81089.88281,15.47636509,4.111021182
77.80000305,167.3444219,84.85417581,27.28859216,62.59978802,0.978797574,161.027042,6.502309799,298.013092,0,131.8643188,57.96321869,9.999999747e-05,81139.03125,15.46922779,4.166169856
78,166.3505845,84.88836712,27.24957831,62.61664014,0.9785570061,161.5052565,6.50282526,298.0205688,0,131.4575348,59.42030716,9.999999747e-05,81188.5,15.46386528,4.213589033
78.19999695,167.3285917,84.78068562,27.26415155,62.64817688,0.9799101537,161.2317942,6.503687382,298.0317383,0,130.8458862,62.47093964,9.999999747e-05,81237.65625,15.47098827,4.260326634
78.40000153,168.3319946,84.70931919,27.18392149,62.65871956,0.9794048767,160.7665569,6.504253387,298.0380554,0,129.8896637,67.03479767,9.999999747e-05,81286.26562,15.4716835,4.249520567
78.59999847,168.6830321,84.65496915,27.1906912,62.67717622,0.980566365,160.3946925,6.503921986,298.0346985,0,128.7093048,70.32781982,9.999999747e-05,81334.38281,15.49015522,4.198700906
78.80000305,166.8231858,84.56606511,27.2142503,62.60461005,0.9783533986,160.7830876,6.502922058,298.026001,0,127.6633835,70.54981232,9.999999747e-05,81382.67188,15.47763157,4.163058088
79,168.1045816,84.45632875,27.11154844,62.6982496,0.9788696944,160.2816934,6.501728058,298.0152893,0,127.0167007,68.87779999,9.999999747e-05,81430.375,15.49130821,4.136677069
79.19999695,167.7015929,84.5550757,27.07560737,62.64626412,0.9781144604,160.4594329,6.500277519,298.0034485,0,126.8461227,66.21440125,9.999999747e-05,81478.13281,15.48968124,4.115462676
79.40000153,167.667105,84.47283327,27.12031785,62.64588038,0.9780668513,160.0843939,6.498677254,297.9904175,0,127.2561188,62.78899765,9.999999747e-05,81525.83594,15.49577904,4.086136846
79.59999847,167.1169025,84.49245348,27.15072526,62.61853085,0.9782593832,160.4992048,6.497189522,297.9778137,0,128.3058167,58.51352692,9.999999747e-05,81573.91406,15.50380993,4.065501866
79.80000305,168.0572788,84.76688939,27.15903157,62.70826942,0.9802962218,160.8834604,6.496017456,297.9673462,0,129.9497528,53.90481567,9.999999747e-05,81622.25,15.52663422,4.058726255
80,166.4900473,84.86171307,27.20057817,62.5999388,0.9778605173,161.065307,6.495251656,297.9582214,0,132.0617981,49.55037308,9.999999747e-05,81671.36719,15.51091671,4.044984565
80.19999695,166.735528,84.88142975,27.24543208,62.60141028,0.9783156428,161.3282869,6.494990349,297.9504089,0,134.4799805,45.25663376,9.999999747e-05,81720.95312,15.52253437,4.03077706
80.40000153,167.6736171,85.16729319,27.32805643,62.64464011,0.9799943464,161.5370192,6.493998051,297.9390259,0,137.0022125,41.06824875,9.999999747e-05,81770.85156,15.54870605,3.971511694
80.59999847,165.4934797,85.25124502,27.44591514,62.57468256,0.9790352547,162.4899784,6.49531889,298.1088867,0,139.925354,12.32047462,54.72701645,81822.125,15.53386688,4.052390059
80.80000305,168.0224124,84.81197555,27.17405483,62.65512742,0.9790708344,160.496647,6.49810791,298.0934448,0,142.3103333,68.71669006,5.47270155,81872.8125,15.54695129,4.057294525
81,166.218195,85.30124261,27.39382793,62.5623144,0.9797756379,162.2627201,6.500510216,298.0672913,0,143.5823364,66.20470428,0.5472701788,81924.64844,15.54812908,4.077877033
81.19999695,166.4161953,85.39713705,27.51472023,62.52059972,0.9788034183,162.2832716,6.503236294,298.0507202,0,143.899353,60.79548645,0.05472701788,81976.64844,15.53271198,4.131849991
81.40000153,176.1987269,81.30503011,25.33565221,63.27134833,0.9798310964,150.388533,6.509728909,298.0285339,0,143.1236267,57.80413818,0.005472701974,82022.58594,15.63480663,3.960256077
81.59999847,164.6269488,85.91872116,27.72591752,62.47348002,0.9791411364,163.928281,6.510872841,298.0303955,0,139.7395477,52.16721344,0.0005472701741,82074.76562,15.51208305,4.235704625
81.80000305,166.2379089,85.34949272,27.40797912,62.61608409,0.9800790858,162.4954291,6.511367321,298.0287781,0,135.9274139,54.05301285,9.999999747e-05,82125.32812,15.53418446,4.203384682
82,176.9202997,81.27076658,25.32644811,63.21929142,0.9794474674,150.0992054,6.514205456,298.0119629,0,131.9026031,54.61943817,9.999999747e-05,82168.77344,15.62037659,3.969439777
82.19999695,176.1209341,81.30470288,25.33528431,63.24321553,0.9785266394,149.8772954,6.515412331,298.0014954,0,126.7327576,49.91048431,9.999999747e-05,82211.3125,15.60266685,3.982711883
82.40000153,176.2213539,81.34827687,25.28335231,63.23652298,0.9786539927,150.0632946,6.515094757,297.9972534,0,121.0929489,46.87236786,9.999999747e-05,82252.76562,15.59308815,4.008721571
82.59999847,175.7637812,81.27325143,25.31475436,63.22397304,0.9779362873,150.1099802,6.512648106,297.9929199,0,115.58004,45.5384903,9.999999747e-05,82293.13281,15.58087063,3.987800805
82.80000305,175.4597208,81.19297472,25.32805757,63.20927701,0.9776758876,149.971867,6.508939743,297.9913635,0,111.0478668,43.97624969,9.999999747e-05,82332.60156,15.57079506,3.993359286
83,169.8769432,83.64545308,26.6273153,62.74057664,0.9768737805,157.7141494,6.501859188,297.996582,0,107.9963074,43.21103287,9.999999747e-05,82375.0625,15.50403214,4.107240618
83.19999695,177.3881283,81.36067826,25.33755688,63.27400176,0.9802044496,150.0803878,6.497411251,297.9922791,0,107.783905,44.69598007,9.999999747e-05,82413.48438,15.59025478,3.97191698
83.40000153,171.7933901,83.75364401,26.48314361,62.93656758,0.9804255676,156.5469053,6.49148035,297.9927979,0,109.3313217,43.04851913,9.999999747e-05,82455.53125,15.54517746,4.06535991
83.59999847,169.3771203,83.29932465,26.47863206,62.83989178,0.9775771938,156.8884228,6.488724709,297.9964294,0,113.2644424,42.96996689,9.999999747e-05,82498.91406,15.5264492,4.103735186
83.80000305,169.7107937,83.47954305,26.50788017,62.78444023,0.9769392564,157.4757122,6.486501694,297.9889526,0,118.284668,43.94761276,9.999999747e-05,82543.28125,15.53815365,4.021865853
84,171.3519841,83.97469017,26.64850981,62.87966318,0.9800862368,157.3924028,6.486166,297.982666,0,124.2024231,41.1996727,9.999999747e-05,82588.65625,15.5681057,4.034476132
84.19999695,169.8186288,84.28224405,26.80681065,62.81176726,0.9803853296,158.4886548,6.488171577,297.9807129,0,130.249939,38.68251801,9.999999747e-05,82635.98438,15.57060623,4.082374492
84.40000153,167.3130642,84.50534061,26.99349344,62.72878118,0.9783935058,159.8006473,6.491555691,297.9802246,0,135.4936066,37.40423584,9.999999747e-05,82685.28906,15.55569267,4.111322899
84.59999847,167.1876704,84.78174437,27.10564697,62.68278278,0.9778659466,160.5428845,6.495568752,297.9802551,0,139.3865814,36.52587891,9.999999747e-05,82735.67188,15.55355549,4.129788923
84.80000305,167.0727137,84.91557787,27.19332938,62.63601475,0.9787440431,160.9725737,6.499687672,297.9805298,0,141.6767273,35.80044174,9.999999747e-05,82786.69531,15.56319427,4.14025499
85,166.7362576,85.12753562,27.30108394,62.61371322,0.9785112193,161.9238216,6.503079414,297.979126,0,142.3210297,35.15466309,9.999999747e-05,82838.14062,15.56429386,4.128736437
85.19999695,166.5463021,85.15473894,27.35168244,62.61039216,0.9790299899,162.0591064,6.506299019,297.9818115,0,141.6112976,33.9386673,9.999999747e-05,82889.59375,15.56522846,4.166106447
85.40000153,166.1109995,85.29593058,27.29743631,62.60001924,0.9787032825,161.9333512,6.508413315,297.9827881,0,139.611908,34.09383392,9.999999747e-05,82940.6875,15.56469917,4.148880061
85.59999847,166.6906229,85.15839076,27.27595719,62.61822826,0.9784817899,161.4324998,6.509852409,297.9856567,0,136.7700195,33.72834778,9.999999747e-05,82990.96094,15.56141472,4.160703396
85.80000305,166.9245116,84.81727087,27.18123714,62.64985709,0.9785851815,161.1373898,6.509682178,297.9826355,0,133.351181,34.06241226,9.999999747e-05,83040.21094,15.57363987,4.090239802
86,166.40751,84.8460287,27.07195049,62.67453516,0.9780075625,160.3950572,6.508181095,297.9788208,0,130.0034485,32.46370697,9.999999747e-05,83088.66406,15.57180309,4.056856232
86.19999695,175.9831007,81.35836661,25.29612983,63.25008721,0.9775096445,149.906557,6.508755684,297.965332,0,127.2554474,30.51437569,9.999999747e-05,83131.10938,15.64344215,3.847442204
86.40000153,167.627491,84.43718842,26.98134648,62.67973667,0.9780345538,159.9329525,6.506170273,297.9694214,0,124.2664413,25.09317017,9.999999747e-05,83177.91406,15.56970787,4.059030268
86.59999847,168.687387,84.0695407,26.75233067,62.72186234,0.9777336967,158.7330277,6.502907753,297.9694214,0,122.3286743,25.30353546,9.999999747e-05,83223.64844,15.57964611,4.001846336
86.80000305,170.2389117,84.1880942,26.7299371,62.88009408,0.9806614535,158.1286695,6.500887871,297.9758911,0,121.6879959,24.12686157,9.999999747e-05,83268.9375,15.5983057,4.070586365
87,175.3071901,81.36037046,25.26579344,63.22131514,0.976535423,149.9324433,6.502346516,297.9760742,0,121.8489456,25.22037506,9.999999747e-05,83310.54688,15.62191677,3.955223072
87.19999695,167.8435002,84.05078948,26.67135638,62.78021315,0.9776732053,158.5811543,6.501126289,297.9844666,0,121.4190979,24.32207298,9.999999747e-05,83356.375,15.57172298,4.104597775
87.40000153,168.9335031,83.82739736,26.60452318,62.78828046,0.9762930084,157.6031439,6.500089645,297.9897461,0,121.4972,26.3204937,9.999999747e-05,83401.69531,15.56618881,4.086015881
87.59999847,175.3649225,81.23908297,25.28747987,63.22937384,0.9777687671,150.2998964,6.501764774,297.9863586,0,121.9807587,27.49384117,9.999999747e-05,83443.34375,15.63786983,3.947838754
87.80000305,167.7526155,84.0354518,26.65536952,62.78558464,0.9774118638,158.2378901,6.500989914,297.992981,0,121.7859573,25.90958595,9.999999747e-05,83489.1875,15.57290554,4.111694825
88,174.6092598,81.38658607,25.24686054,63.24344419,0.9763017985,149.8981322,6.50260067,297.9890747,0,121.9179535,27.70315742,9.999999747e-05,83530.92188,15.62597179,3.950877099
88.19999695,170.5249383,84.193044,26.67065637,62.86689142,0.9805008221,158.0386308,6.500621319,297.9902039,0,121.3899841,26.04718971,9.999999747e-05,83576.00781,15.60603333,4.053908699
88.40000153,168.2050665,83.91661784,26.58549927,62.80903555,0.9763922516,157.7019776,6.498331547,297.9865112,0,121.6731567,26.05213737,9.999999747e-05,83621.38281,15.58296967,3.994751217
88.59999847,177.7722555,81.492178,25.29883178,63.33465797,0.9811144832,149.9792903,6.500324249,297.9831848,0,122.8617172,24.40768433,9.999999747e-05,83662.6875,15.67187023,3.940750088
88.80000305,167.896363,84.0618998,26.64812902,62.78264859,0.9772988503,157.9498035,6.498694897,297.9821777,0,123.2381668,22.78141403,9.999999747e-05,83708.54688,15.59068966,4.006993939
89,177.1597838,81.48416982,25.32087361,63.36249325,0.9799486383,149.7262231,6.500068665,297.9750366,0,124.2919769,21.82927513,9.999999747e-05,83750.10156,15.67221165,3.873426831
89.19999695,167.8691618,84.17193672,26.65239275,62.74725732,0.9761899332,158.0401293,6.499697208,297.9797363,0,124.774704,18.70188904,9.999999747e-05,83796.39844,15.57908916,4.051242837
89.40000153,175.4746086,81.33295879,25.22861009,63.25038896,0.9774600346,150.127161,6.503062725,297.9797363,0,125.4215164,19.44108391,9.999999747e-05,83838.69531,15.64840317,3.956555309
89.59999847,169.2166779,84.38140311,26.70124447,62.8998017,0.9803582262,158.3801883,6.503906727,297.9924011,0,124.7041016,18.64428902,9.999999747e-05,83885.02344,15.60280418,4.173588915
89.80000305,169.3252367,84.22561136,26.66572952,62.93884045,0.9804302312,157.9045411,6.503740788,297.9980469,0,123.6694717,22.25735283,9.999999747e-05,83930.88281,15.61241245,4.115542729
90,169.8039235,84.10363348,26.63680085,62.92456103,0.9803302094,157.9151678,6.50389719,298.0047607,0,122.6963348,23.82452774,9.999999747e-05,83976.47656,15.61005783,4.146223636
90.19999695,170.0926218,84.08523499,26.54559936,62.94351297,0.9795866309,156.8590897,6.503292084,298.0066528,0,121.6563416,26.0229187,9.999999747e-05,84021.5,15.60935307,4.1033095
90.40000153,169.9518873,83.53728844,26.55319253,62.77742474,0.9764379197,157.2985705,6.503081799,298.0083008,0,120.861908,26.80159378,9.999999747e-05,84066.375,15.58526993,4.107568055
90.59999847,168.026442,83.73773005,26.42665999,62.8672447,0.9758270797,157.1603422,6.502623558,298.0088806,0,120.147995,27.6132679,9.999999747e-05,84111.5,15.58336353,4.103256847
90.80000305,168.3137478,83.56016328,26.46526067,62.87767384,0.9782553855,156.9755997,6.502533913,298.0110474,0,119.6193771,28.10905647,9.999999747e-05,84156.4375,15.60254097,4.128658767
91,167.7896055,83.6844331,26.40104984,62.87617684,0.9760850924,156.8029248,6.502110481,298.0111084,0,119.1246872,29.18475723,9.999999747e-05,84201.34375,15.58663654,4.114876976
91.19999695,170.539987,83.4537243,26.381032,62.78905222,0.9756391237,156.3310042,6.502377987,298.0136414,0,118.8016434,29.60114861,9.999999747e-05,84245.53125,15.58045483,4.149602727
91.40000153,169.5077181,83.51243927,26.37273289,62.88176663,0.9760002699,156.4354146,6.503355026,298.0211487,0,118.3682175,30.89784241,9.999999747e-05,84290,15.57781982,4.224038252
91.59999847,169.3172309,83.45291606,26.32225178,62.88424733,0.9750827476,156.0866348,6.50357008,298.0227356,0,117.543808,33.97692108,9.999999747e-05,84334.17969,15.57614613,4.177964415
91.80000305,170.2666087,83.59575659,26.41336391,63.03200098,0.9800952527,156.3438251,6.50372982,298.0265503,0,116.6381683,35.26374054,9.999999747e-05,84378.14062,15.61392879,4.218342659
92,170.3814172,83.64890602,26.3695562,63.03087969,0.9792828516,156.0519937,6.503671169,298.0296021,0,115.6664734,37.42105484,9.999999747e-05,84421.83594,15.60616875,4.225852103
92.19999695,174.0104298,81.32357788,25.17208598,63.20157009,0.9743705054,149.894211,6.50551033,298.0244446,0,114.7186432,39.43867874,9.999999747e-05,84462.46875,15.61390018,4.092154563
92.40000153,173.6768165,81.14516272,25.1926575,63.20252431,0.9747304266,149.9613669,6.507829666,298.0288696,0,113.0282593,38.74716568,9.999999747e-05,84502.95312,15.60561657,4.192067315
92.59999847,167.6156959,83.21854129,26.2536012,62.89154028,0.9766886543,156.2658057,6.506253719,298.0315857,0,110.4146347,41.22343826,9.999999747e-05,84546.09375,15.57930565,4.239463127
92.80000305,168.5698809,82.98855408,26.06974053,62.89009628,0.9729994995,155.4316653,6.504724026,298.0352173,0,108.4457092,43.2149086,9.999999747e-05,84588.40625,15.5494442,4.252640544
93,171.2154231,83.22272767,26.08959139,63.12450595,0.9797754918,154.5545011,6.503352642,298.0436401,0,107.0760345,45.62613678,9.999999747e-05,84629.89062,15.5986414,4.318686827
93.19999695,168.7714996,82.95735993,26.0256891,62.88194423,0.9727832306,154.8075023,6.501572609,298.0447693,0,106.2545471,49.82844543,9.999999747e-05,84671.60156,15.54472733,4.263883075
93.40000153,169.8249214,82.74012076,25.96108974,62.9233673,0.9722682237,154.1922975,6.500094414,298.0435181,0,106.1470032,51.78977966,9.999999747e-05,84712.86719,15.54534817,4.248081722
93.59999847,168.8025774,82.80892564,25.93594247,62.93765922,0.9718976054,154.2449616,6.498488903,298.0369873,0,106.6283417,53.02876282,9.999999747e-05,84754.39844,15.5478735,4.20664289
93.80000305,168.8722446,82.69423557,25.92054179,62.90649894,0.9711329843,154.1059184,6.497085094,298.0259094,0,107.7532578,52.41492844,9.999999747e-05,84796.01562,15.5488739,4.160177994
94,177.5077356,81.50602091,25.24903964,63.35348967,0.9806410434,149.572183,6.498405457,298.0178223,0,109.4386215,50.02906418,9.999999747e-05,84834.90625,15.65675545,4.144533601
94.19999695,168.7908172,83.02439781,26.07136971,62.89851514,0.9731622595,154.971354,6.498650074,298.0150146,0,110.5876999,48.29577637,9.999999747e-05,84877.51562,15.557827,4.240341521
94.40000153,174.8442013,81.76516979,25.25678927,63.45842411,0.9792340087,149.6854054,6.50031805,298.0054321,0,111.6510468,48.05809021,9.999999747e-05,84917.46094,15.64915657,4.13138139
94.59999847,167.8152326,83.10060456,26.10456613,62.87489975,0.9754839296,155.7348538,6.500602722,298.0008545,0,112.0390778,45.33714294,9.999999747e-05,84960.67969,15.58199215,4.216145119
94.80000305,167.1380565,83.05167901,26.14154132,62.90947301,0.9749027659,155.5050431,6.501769066,298.0036926,0,112.3223267,44.02737808,9.999999747e-05,85004.17188,15.57118511,4.29163797
95,167.7182573,83.07948779,26.06843194,62.95035121,0.9732627579,155.0722262,6.502377033,298.0014038,0,112.1317673,45.07318115,9.999999747e-05,85047.33594,15.56406498,4.244019352
95.19999695,167.4732509,82.97676576,25.98464793,62.93764879,0.973589894,155.1326774,6.502598286,297.9960327,0,111.7026138,44.40862274,9.999999747e-05,85090.375,15.57337093,4.205417341
95.40000153,171.8931096,81.31140443,25.16135417,63.16812946,0.9723377579,149.8723602,6.504816055,297.9920349,0,111.1844254,42.62155914,9.999999747e-05,85130.79688,15.59251022,4.163591237
95.59999847,167.961365,82.9541072,26.02462264,62.87300307,0.9742329039,154.9209578,6.505292416,297.9985657,0,109.7714691,41.13124466,9.999999747e-05,85173.47656,15.56330109,4.318554045
95.80000305,167.4714377,82.77716934,25.97927566,62.89433332,0.9715454961,154.7798837,6.505346298,298.0043335,0,108.1800079,43.11671448,9.999999747e-05,85215.85938,15.54194641,4.317359257
96,168.4976601,82.7066628,25.98383774,62.99030599,0.9733915126,154.6551354,6.504624367,298.0067444,0,106.5629044,45.00674057,9.999999747e-05,85257.61719,15.56052971,4.288986814
96.19999695,168.8535143,82.5181792,25.92222427,62.94483474,0.9729751164,154.4643288,6.503955364,298.0109863,0,105.2356033,45.96059036,9.999999747e-05,85298.97656,15.55564976,4.309378149
96.40000153,171.8597345,81.25252092,25.07014251,63.13334613,0.9702364353,149.7647807,6.50404501,298.0073242,0,104.1733246,47.65307617,9.999999747e-05,85337.98438,15.56593418,4.190549755
96.59999847,167.0453433,82.40739434,25.88515051,62.94053515,0.9716693666,154.4800729,6.502188206,298.0055847,0,103.0729294,46.77141571,9.999999747e-05,85379.15625,15.54888248,4.24677258
96.80000305,170.4541594,82.91264038,25.91042604,63.2549732,0.9807652768,153.7930925,6.500445366,298.0077515,0,102.7241135,46.4785347,9.999999747e-05,85419.60938,15.62035084,4.294806477
97,168.5706404,82.41179907,25.87419257,62.91506908,0.9706414055,153.6056469,6.499805927,298.0123596,0,103.0656891,47.44086075,9.999999747e-05,85460.41406,15.53263664,4.321949671
97.19999695,167.1976255,82.5431357,25.73063802,62.96032834,0.969817498,153.3661216,6.49944067,298.0144043,0,103.6598816,49.30786896,9.999999747e-05,85501.57031,15.53045368,4.307185468
97.40000153,171.0717542,81.21202298,25.15307561,63.1683026,0.9705894877,150.414955,6.500588894,298.0111084,0,104.4028549,50.4467659,9.999999747e-05,85540.98438,15.56786346,4.225178143
97.59999847,176.8757449,81.67353258,25.24031526,63.39979516,0.9781540021,149.139827,6.501495361,298.0089722,0,104.6823044,49.8322525,9.999999747e-05,85579.14844,15.62559509,4.243959666
97.80000305,167.9610277,82.42576518,25.78220825,62.85244472,0.9684233767,153.8223865,6.501529694,298.0097961,0,104.604805,49.53154373,9.999999747e-05,85620.40625,15.51824379,4.307632735
98,170.868743,82.93330755,25.81818957,63.21786947,0.9787074003,153.2500697,6.501238346,298.0108643,0,104.5157547,50.17342377,9.999999747e-05,85661.07812,15.60385799,4.322946026
98.19999695,170.0473185,81.33541735,25.07993293,63.12873418,0.9699368281,150.1010084,6.502340317,298.0053406,0,104.5414124,50.89795303,9.999999747e-05,85700.66406,15.56214809,4.215012576
98.40000153,165.6466312,82.58561392,25.81970355,63.01038416,0.971369127,153.9391749,6.501963615,298.0044556,0,104.1206589,49.39923096,9.999999747e-05,85742.34375,15.54417229,4.298266822
98.59999847,166.3383073,82.55076883,25.71230909,62.94289793,0.969253675,153.4187396,6.501248837,297.9992676,0,103.8600311,49.33447266,9.999999747e-05,85783.625,15.53141022,4.250397653
98.80000305,171.2812955,82.93241394,25.82797681,63.25024054,0.9775622359,153.2420836,6.50060606,297.9975891,0,103.8816071,47.71817398,9.999999747e-05,85824.01562,15.59743595,4.290366897
99,169.535948,81.16224332,25.06474681,63.13199464,0.9684044566,149.9968078,6.501971722,297.9931946,0,104.1589279,47.15217209,9.999999747e-05,85863.5625,15.55131149,4.213189006
99.19999695,168.1080224,82.42263553,25.7429304,62.88216123,0.9719457536,153.6341729,6.501573563,297.9897766,0,103.8838043,45.55199432,9.999999747e-05,85904.5,15.55368996,4.256690909
99.40000153,168.3903218,81.17779506,25.10918539,63.20095911,0.9690659305,150.3136176,6.502059937,297.9806213,0,103.7800598,44.14975739,9.999999747e-05,85944.16406,15.5623827,4.149152703
99.59999847,169.1634208,81.22728429,25.04313455,63.14523276,0.9699369102,149.773474,6.502187729,297.9710083,0,103.4731293,40.63651276,9.999999747e-05,85983.44531,15.57014942,4.121520968
99.80000305,166.4511685,82.42596729,25.70070378,62.88782575,0.968926368,153.6096235,6.501026154,297.9667664,0,103.1192551,36.66291428,9.999999747e-05,86024.44531,15.53276348,4.197551843
100,166.9902442,82.37789785,25.65916732,62.97279152,0.9690053301,153.6507342,6.500236511,297.9642334,0,103.2329254,34.18590546,9.999999747e-05,86065.35938,15.53629589,4.204857178
100.1999969,168.2589718,82.24063242,25.66558706,62.86537218,0.9689038501,153.2501549,6.50022459,297.9651794,0,103.6572342,32.09293747,9.999999747e-05,86106.03906,15.53223896,4.238529907
100.4000015,167.391941,82.34734956,25.68504333,62.92645016,0.9698984174,153.316127,6.500324726,297.9662476,0,104.0848389,31.10422516,9.999999747e-05,86147.02344,15.54144764,4.239594114
100.5999985,170.1480784,82.81644983,25.74839594,63.30964604,0.9772342903,152.8678167,6.500429153,297.9691772,0,104.4745712,30.15134239,9.999999747e-05,86187.58594,15.6020689,4.268256972
100.8000031,164.9908667,82.62943453,25.66448593,63.01673521,0.9700285297,153.5479251,6.501000404,297.9722595,0,104.8228149,29.88829803,9.999999747e-05,86229.375,15.54148293,4.272339605
101,168.7435038,82.30281121,25.67028303,62.88827997,0.9691138554,153.267087,6.501065254,297.9690857,0,104.9411087,29.77780533,9.999999747e-05,86270.16406,15.5421381,4.188674263
101.1999969,166.9760761,82.38366325,25.74537065,62.93527769,0.9718554356,153.3417177,6.50107336,297.9668579,0,105.0366516,27.61818314,9.999999747e-05,86311.38281,15.56433868,4.191004718
101.4000015,168.3722725,82.19791757,25.70114284,63.00152102,0.9710216183,153.2349202,6.500957489,297.9626465,0,105.1274643,25.71550941,9.999999747e-05,86352.19531,15.56499386,4.150638253
101.5999985,164.811346,82.55847901,25.59433375,63.01129609,0.9688054423,153.3679559,6.500420094,297.9574585,0,105.2647934,23.03726006,9.999999747e-05,86393.82031,15.54910755,4.120314722
101.8000031,165.8642204,82.53775837,25.61738511,63.02444182,0.9686198504,153.1240203,6.499902725,297.9526672,0,105.618103,19.88207817,9.999999747e-05,86435.21875,15.54982281,4.101797779
102,170.3612605,82.31546418,25.7171085,62.89564254,0.9706095256,153.0083582,6.500638008,297.9539185,0,106.1770248,16.6632576,9.999999747e-05,86475.85156,15.55928135,4.174963524
102.1999969,169.5444362,82.39452813,25.67258953,62.95953663,0.9704337639,152.632914,6.501391888,297.9553223,0,106.4377441,15.36274719,9.999999747e-05,86516.63281,15.55972004,4.170163096
102.4000015,168.3076647,81.51550799,25.03200505,63.24529649,0.9686675245,149.8577591,6.503017426,297.9538269,0,106.4009476,14.10831165,9.999999747e-05,86556.71094,15.57139683,4.098107241
102.5999985,169.037374,81.36383455,25.05500171,63.14667396,0.971661906,150.0936042,6.503308296,297.9480591,0,105.7110138,11.90870476,9.999999747e-05,86596.36719,15.60241604,4.005500492
102.8000031,164.4687152,82.62968397,25.61965791,63.07698873,0.9700767908,153.269085,6.502029419,298.0096436,0,104.9120331,3.572611332,23.66370392,86637.85938,15.56499386,4.065514099
103,163.6276346,82.50325365,25.54630622,63.13841248,0.969234068,152.6321006,6.500255585,298.0011292,0,104.6254196,22.9142704,2.36637044,86679.1875,15.56552887,4.004767121
103.1999969,165.61245,82.46378366,25.55573159,62.96977525,0.9699036899,152.8996522,6.497843266,297.9838257,0,105.0448761,19.87565804,0.236637041,86720.11719,15.5765934,3.929358485
103.4000015,163.7690165,82.46762521,25.56001369,63.09485911,0.9685098679,152.7350855,6.496457577,297.9708862,0,106.429718,14.02051926,0.02366370335,86761.69531,15.56797123,3.943342112
103.5999985,165.8941378,82.43013391,25.54256132,63.0070082,0.9714272194,153.1458803,6.495789528,297.9594421,0,108.3635559,9.072197914,0.002366370289,86803.25781,15.59791279,3.922556131
103.8000031,165.1805874,82.17801112,25.590331,63.04556797,0.9692344036,152.9983438,6.495933056,297.949646,0,110.5655136,4.133221626,0.0002366370318,86845.29688,15.58712769,3.898181055
104,168.6923597,81.56302127,24.99462823,63.23066904,0.9688727303,149.167911,6.498458385,297.9775085,0,112.7096252,1.239966512,14.28277111,86886.04688,15.60156155,3.891630924
104.1999969,164.9619456,82.72207476,25.54275237,63.09571266,0.9693296639,152.337179,6.498822689,297.9643555,0,113.838356,9.037167549,1.428277135,86928.69531,15.59258842,3.863549452
104.4000015,163.6420176,82.74756776,25.591304,63.14116264,0.9709417383,153.1694305,6.498919964,297.9497375,0,114.8362198,3.443168163,0.1428277194,86971.92969,15.61244297,3.828160805
104.5999985,167.5742245,83.19500956,25.76516906,63.36548089,0.9801754312,153.5115104,6.498960972,297.9739075,0,115.7891159,1.032950401,14.59450245,87014.75781,15.68848228,3.843831799
104.8000031,165.9583469,81.7293014,25.00420249,63.36220274,0.9727400888,149.8586814,6.501449108,297.9576111,0,116.7248917,7.598088741,1.459450245,87056.875,15.65192413,3.797799894
105,167.6536293,81.71508173,25.06505805,63.21871876,0.9723947091,149.8094062,6.503571033,297.9425354,0,116.6572189,0.8153017163,0.1459450275,87098.60938,15.64618492,3.78980103
105.1999969,165.3036155,82.75868277,25.59834516,63.04557106,0.9705728726,153.0626673,6.50427866,297.9623718,0,115.7498856,0.2445905209,12.74793339,87141.67969,15.60874462,3.853565085
105.4000015,170.3381531,82.25858211,25.17283569,63.54747783,0.980607159,149.6543919,6.505356312,297.9488525,0,114.562851,5.037801743,1.274793386,87182.57812,15.70846844,3.827590411
105.5999985,161.9017427,82.86745553,25.65703587,63.12089465,0.971766486,153.4758177,6.503824234,297.9937744,0,112.9391403,1.511340499,24.27676773,87225.78906,15.62015343,3.793314379
105.8000031,168.4340337,83.19156013,25.68192443,63.30497049,0.9795576363,153.0763224,6.501390457,297.9709473,0,111.9379349,15.19079876,2.427676678,87267.40625,15.6861496,3.772064157
106,166.1322576,82.51203104,25.60786234,63.10176362,0.9717776743,152.9821993,6.500124454,297.9500122,0,111.9048157,6.754477501,0.2427676767,87309.32812,15.62437439,3.778529345
106.1999969,166.5791172,83.27946879,25.69130585,63.43132443,0.9785364902,152.935395,6.497945309,297.9332275,0,112.3714752,9.999999747e-05,0.02427676693,87351.40625,15.682127,3.759899542
106.4000015,165.4009694,81.58405302,25.04306482,63.26051522,0.9701491053,149.9209117,6.497027397,297.9429016,0,113.7164612,9.999999747e-05,13.15425301,87392.73438,15.64308929,3.621918135
106.5999985,168.3757675,81.30657176,25.02671077,63.10595102,0.9699121656,149.8247347,6.498015881,297.9315491,0,115.4214554,9.999999747e-05,4.319597244,87433.77344,15.64048958,3.663834889
106.8000031,162.9781662,82.93645985,25.55624023,63.15974766,0.9699878257,153.2569558,6.497195721,297.9582214,0,116.7288513,9.999999747e-05,19.51958466,87477.33594,15.62612438,3.685468857
107,164.1911193,82.71240012,25.57426761,63.08966906,0.9697684061,152.8771485,6.496816635,297.9327698,0,118.3764114,6.717578888,1.951958418,87520.8125,15.62986374,3.657658735
107.1999969,167.0424058,82.55159625,25.62966242,63.10044014,0.9709214863,152.7727078,6.498203278,297.9946594,0,120.1682892,2.015273809,34.45740509,87564.08594,15.63953686,3.707336148
107.4000015,163.2713104,82.95288008,25.59587587,63.17065502,0.9700598316,153.4061515,6.500636101,297.9649963,0,121.4012299,21.03046036,3.445740461,87608.67969,15.63043976,3.765658663
107.5999985,166.0530945,81.73969778,24.97916087,63.30418077,0.9703851247,149.2930355,6.504395962,297.9344177,0,121.6632538,10.13292313,0.344574064,87651.50781,15.65550327,3.708644943
107.8000031,168.1732896,82.69108689,25.62968512,63.0700211,0.9698027557,151.9478123,6.506825924,297.9752197,0,120.4202576,3.039876938,24.99772644,87694.59375,15.62294674,3.796890942
108,164.7503899,83.46618443,25.65309502,63.44120896,0.9776375227,152.9042215,6.508679867,297.9546814,0,118.2139511,14.88255692,2.499772549,87738.42969,15.68083477,3.877856016
108.1999969,170.5268934,81.39948113,25.0283694,63.23435741,0.9697306808,148.5480184,6.510674,297.9302368,0,115.263649,6.56013298,0.2499772608,87778.89062,15.63763046,3.757122088
108.4000015,164.4328495,81.76442945,25.06916944,63.21942849,0.9721554478,150.3130513,6.510920048,297.9665527,0,111.5133972,1.96803987,22.70714188,87820.3125,15.64998055,3.771035711
108.5999985,167.6377836,81.49402867,25.03382225,63.32996295,0.9688857474,149.04952,6.510161877,297.9456787,0,107.6709824,12.06657696,2.270714283,87859.98438,15.61838055,3.779499739
108.8000031,163.331877,81.54085538,25.02163535,63.23010501,0.9694458046,150.4666941,6.507335186,298.0187683,0,104.1295547,3.619972944,38.27736664,87900.03906,15.62180233,3.730858723
109,161.2524558,81.7589574,24.84309352,63.32321069,0.9660076198,149.5674449,6.50431776,297.9903259,0,101.7223511,26.95192719,3.827736855,87939.91406,15.58865643,3.759779905
109.1999969,165.4260104,81.89699106,25.34100675,63.1392464,0.9669195905,151.466119,6.499494553,297.9575195,0,100.5160141,17.29826736,0.3827736676,87979.10938,15.58732414,3.719317849
109.4000015,170.6597388,82.70173065,25.49307219,63.51179704,0.9777350114,150.9040687,6.495361805,297.9362488,0,101.2444077,5.82739687,0.03827736899,88017.57031,15.67063713,3.785577742
109.5999985,162.7211716,81.67337353,24.94920044,63.23204905,0.9673931951,150.5702234,6.494166374,297.9578552,0,103.6178513,1.748219013,16.75337791,88057.77344,15.60326195,3.762026656
109.8000031,162.7309898,82.1653975,25.28425448,63.01518013,0.9685185673,152.0929451,6.49417448,297.9395752,0,106.4620056,6.976380825,1.675337672,88099.10156,15.60185814,3.821389542
110,163.8462517,82.10363585,25.39122003,62.99668998,0.9685153492,152.3895363,6.495762825,297.9954224,0,109.3082733,2.092914104,29.96034622,88140.89062,15.603549,3.852005341
110.1999969,161.2000475,82.37460267,25.21615572,63.15207717,0.9658249881,151.3671485,6.498311996,297.9720764,0,111.5179443,19.23196411,2.996034622,88183.51562,15.58663368,3.860132564
110.4000015,165.5254637,81.37481097,25.0242467,63.15045505,0.9684373393,149.8780435,6.502392769,297.9475098,0,112.7098923,10.58860302,0.2996034622,88224.95312,15.620965,3.854101017
110.5999985,160.4674199,82.67930632,25.37333157,63.26188249,0.9673835248,152.1825999,6.504188538,297.9827271,0,112.2676239,3.176580906,22.61440086,88268.13281,15.60041142,3.852650149
110.8000031,160.4674199,81.89783537,24.91725548,63.42063453,0.9676867963,149.6980651,6.504599571,297.9521179,0,111.1193008,13.54118156,2.261440039,88310.10156,15.62751961,3.688681977
111,160.4674199,82.78727185,25.38641123,63.18063775,0.9706687365,152.8182376,6.504325867,297.9293213,0,109.8038559,2.069016457,0.2261440158,88352.83594,15.62912846,3.786359088
111.1999969,169.5999376,82.9540884,25.46811564,63.30051241,0.9794616328,151.9584365,6.503163338,297.9451294,0,108.5957336,0.6207048893,15.38818645,88393.28906,15.70086002,3.773057097
111.4000015,171.8926906,81.99993084,25.12201116,63.59883776,0.9778546781,148.86598,6.503203392,297.9257812,0,107.8533401,0.1862114668,1.152670979,88432.21094,15.70136261,3.757851385
111.5999985,164.9439204,82.29911549,25.4711678,63.13341841,0.9711886758,151.9114142,6.502974033,297.9670105,0,107.0881195,0.05586344376,24.78393555,88473.20312,15.62845516,3.815856113
111.8000031,165.6109554,81.82052054,25.39444012,63.18863504,0.9664532655,151.6596134,6.503605843,297.9463501,0,106.4193192,11.63749313,2.478393555,88513.80469,15.59172821,3.847652683
112,160.4674199,82.51417339,25.18351558,63.22782983,0.9646212125,151.6217244,6.502979755,298.019165,0,105.4941559,3.491248131,38.86750793,88555.33594,15.57770061,3.80712167
112.1999969,162.7458047,81.63877491,24.986949,63.17303295,0.9673230608,151.1373657,6.502245903,297.9842834,0,104.8262787,26.75168991,3.886750937,88595.8125,15.61515522,3.723901997
112.4000015,162.6020837,83.21840871,25.26473894,63.64958895,0.9756730416,150.9858542,6.50074482,297.9538574,0,104.4482422,14.89822865,0.3886750937,88636.73438,15.66820812,3.814873093
112.5999985,160.4674199,81.90876526,25.1486951,63.02141892,0.9619857177,151.4980125,6.500803471,297.9296875,0,104.6728058,4.072916031,0.03886751086,88677.9375,15.5584631,3.80240638
112.8000031,160.4674199,81.92913939,24.79623973,63.37721936,0.9635621919,149.5389897,6.500752926,297.9488831,0,104.8664856,1.221874833,17.77641296,88718.65625,15.58605957,3.743707633
113,160.4674199,82.29621439,25.1940455,63.06517426,0.9667441138,151.0538122,6.499046326,297.9219666,0,105.0857315,0.3665624559,9.999999747e-05,88759.77344,15.60452271,3.688411171
113.1999969,160.4674199,82.40671387,25.02182294,63.23234606,0.9626286951,150.5222089,6.498304367,297.9664307,0,105.9926987,0.1099687368,28.84440041,88800.99219,15.57540703,3.70087628
113.4000015,160.4674199,82.19442416,25.14119476,63.30704777,0.964427461,152.0661096,6.497836113,297.934906,0,107.1879883,12.73106956,2.884440184,88842.6875,15.59817982,3.676151299
113.5999985,165.7742569,82.80003137,25.44603386,63.41652538,0.9785250037,151.8353089,6.497766495,298.0190735,0,108.5727768,3.819320679,46.32700729,88883.75781,15.70676231,3.728364631
113.8000031,170.2862134,82.330052,25.022069,63.46845775,0.9791315916,149.4557563,6.500085354,297.9828796,0,109.9849472,30.64773178,4.63270092,88923.60156,15.72087288,3.764863352
114,161.232866,83.35516755,25.35963355,63.65319659,0.977177232,151.2493717,6.501791,297.9476929,0,110.4630585,18.2461071,0.4632700682,88966.14062,15.69235325,3.830192001
114.1999969,160.4674199,82.68011348,25.29024021,63.15399682,0.9696272921,152.4627269,6.504106045,297.9941406,0,110.2685699,5.47383213,30.22047234,89008.89062,15.63047695,3.828375991
114.4000015,160.4674199,82.20191536,25.33227877,63.12884013,0.9686371293,152.5360701,6.506000996,297.9629517,0,109.144043,19.80667305,3.022047281,89051.28906,15.62581444,3.806002625
114.5999985,160.4674199,82.34672191,25.07299302,63.12815478,0.9633187729,150.747862,6.507085323,297.9324951,0,107.2647858,8.478662491,0.3022047281,89092.9375,15.58121967,3.788405138
114.8000031,160.4674199,82.66548308,25.06955886,63.33076771,0.9634783102,151.4569543,6.507087231,297.9635925,0,104.9530792,2.543598652,23.31847382,89134.35156,15.5807333,3.802143334
115,170.6048135,82.61421378,25.26879381,63.67185092,0.9754028267,148.8225071,6.505753517,297.937439,0,102.6415558,10.96379375,2.331847429,89172.66406,15.67662144,3.785079625
115.1999969,160.4674199,82.22238607,25.1101205,63.01800736,0.9663291242,151.8034819,6.502899647,298.0012207,0,100.8644409,3.289138317,39.09274292,89213.03125,15.60666275,3.671224026
115.4000015,160.4674199,81.9233124,24.69829493,63.36183138,0.961336012,149.7930843,6.49984169,297.9594421,0,100.2297516,23.14524651,3.909274101,89252.61719,15.58278275,3.58599642
115.5999985,160.4674199,81.64486046,24.9333176,63.13595354,0.9668548473,150.6023339,6.498001099,297.9229126,0,100.8139343,8.304057121,0.3909274042,89292.54688,15.6221962,3.63897817
115.8000031,165.3846428,82.98439539,25.14298396,63.55698702,0.9731333907,150.2947041,6.495290756,297.9491272,0,102.1297684,2.491217136,24.24478912,89331.98438,15.66951752,3.642991734
116,160.4674199,82.3719207,25.03792444,63.25072393,0.9633385424,152.2536197,6.493472576,297.9127808,0,104.536438,0.7473651767,9.999999747e-05,89373.0625,15.60257053,3.56712629
116.1999969,160.4674199,82.36955487,24.93892175,63.32714137,0.9609481506,149.9247212,6.492746353,297.9621277,0,107.6647339,0.224209547,35.64105988,89414.23438,15.5902853,3.529368183
116.4000015,160.4674199,82.31541142,25.14412744,63.43596868,0.9646764226,152.4155808,6.494055748,297.921814,0,111.0827789,14.25207424,3.564105988,89456.67969,15.62697029,3.579790211
116.5999985,160.4674199,82.37490903,25.16975997,63.31098141,0.9634646462,152.5138024,6.496536732,298.0128784,0,113.9738388,4.275622368,54.32637024,89499.74219,15.61964035,3.586926139
116.8000031,160.4674199,82.27802407,24.82872022,63.47339788,0.9654062534,150.7303842,6.500212193,297.9605713,0,115.8751678,33.06347656,5.432636738,89542.74219,15.64783859,3.575624013
117,166.8488531,83.09251615,25.39683061,63.75018148,0.9766466726,149.9745664,6.5030303,297.9135437,0,116.3060989,14.81431198,0.5432636738,89584.70312,15.7255764,3.63881575
117.1999969,160.4674199,81.95900172,24.89293597,63.43954188,0.9652229886,151.3344178,6.506076813,297.9501343,0,115.6164169,4.444293499,33.12680435,89627.67188,15.65161228,3.548104417
117.4000015,161.821875,81.92698297,25.26220071,63.39072193,0.9662985232,151.4321294,6.508938313,297.9103699,0,113.7046585,14.17538357,3.312680483,89670.13281,15.64557362,3.628462504
117.5999985,160.4674199,81.90795407,24.8144543,63.46263582,0.963586807,151.0128688,6.511153221,297.9998169,0,110.649704,4.252614975,53.18241501,89712.08594,15.62885761,3.621043308
117.8000031,167.7153199,82.70725477,25.24093155,63.73669837,0.9771073622,149.4996677,6.510800838,297.9544067,0,106.7103348,32.05524063,5.318241596,89751.71094,15.72152138,3.659840704
118,163.3638828,80.99185368,24.90580843,63.21433132,0.9605306935,149.2662975,6.510805607,297.909729,0,102.9182816,15.70415688,0.5318241715,89790.96875,15.58981037,3.62942523
118.1999969,160.4674199,83.2207181,25.19746939,63.79724089,0.9774204079,151.3651945,6.508538723,297.9655762,0,99.11494446,4.711246967,35.80220795,89831.22656,15.70612526,3.779398459
118.4000015,161.3977014,81.29907648,25.03368268,63.11251326,0.9601040814,150.4707945,6.506495953,297.9299622,0,96.22688293,20.93040466,3.580220699,89869.99219,15.56733322,3.707868727
118.5999985,164.8782523,81.42979527,24.94941797,63.05681507,0.9566200821,148.7067911,6.503080845,298.0380554,0,94.14797974,6.279121399,59.58163071,89907.19531,15.53575516,3.649498495
118.8000031,160.4674199,81.95241313,24.49123869,63.42656964,0.9560219893,148.3234656,6.499771118,297.9908447,0,93.44022369,41.20434952,5.958162785,89945.14062,15.54070568,3.638596769
119,160.4674199,81.51347811,24.7884886,63.0381181,0.9543898652,151.1929756,6.496339798,297.9377441,0,94.05166626,25.53827477,0.5958163142,89983.70312,15.52835655,3.590290036
119.1999969,160.4674199,81.41193976,24.91610367,63.29220066,0.9551323038,149.5430283,6.494084835,297.9985046,0,96.03649902,7.661482334,42.11978912,90022.32812,15.53810692,3.59218102
119.4000015,160.4674199,82.36658181,24.96105835,63.29378213,0.9661117525,151.6826383,6.49221468,297.9507446,0,98.91905975,26.68144989,4.211978912,90062.19531,15.63210392,3.585138969
119.5999985,160.4674199,81.93875008,24.99110695,63.2992688,0.9605696873,151.8108453,6.491819859,297.9034424,0,102.5521317,9.692288399,0.4211978614,90102.6875,15.59896469,3.540898291
119.8000031,160.4674199,83.07252803,25.03072458,63.85355161,0.9737713157,149.5140154,6.491847515,297.9356689,0,106.3394089,2.907686472,31.25494957,90143.73438,15.7130537,3.536433757
120,160.4674199,82.1694638,24.71000885,63.48176764,0.9636962416,150.5690414,6.491886616,297.8844299,0,110.1190186,0.8723059297,9.999999747e-05,90185.26562,15.65726566,3.347605222
120.1999969,160.4674199,82.04307005,25.09575513,63.38427666,0.9668669747,150.5706838,6.49494791,297.952301,0,113.8843384,0.2616917789,47.41083145,90227.72656,15.6754446,3.46193471
120.4000015,160.4674199,83.12065633,24.82000666,63.97001563,0.9752223536,148.8414087,6.498924255,297.901947,0,116.4153366,19.7285881,4.741083145,90270.59375,15.75156212,3.504985074
120.5999985,160.4674199,82.21196814,24.83909438,63.26654587,0.9700112452,150.8783053,6.503636837,298.0219116,0,117.3623962,5.918576241,71.41291046,90313.82031,15.71111679,3.47798019
120.8000031,160.4674199,82.61597994,24.86508543,63.47393203,0.9727970671,151.0357517,6.506780148,297.9525146,0,116.4248734,44.00561523,7.141290665,90356.89062,15.73668957,3.441621152
121,160.4674199,81.78802984,25.24452112,63.27049354,0.9647882812,151.2732931,6.509337902,297.8891296,0,114.2375183,19.98670006,0.7141290903,90399.44531,15.66260529,3.453118248
121.1999969,160.4674199,82.99025123,25.21315056,63.33883458,0.9701875507,152.7706154,6.51049614,297.9449158,0,111.0240631,5.996010303,43.82759094,90442.00781,15.69498348,3.526683497
121.4000015,160.4674199,82.99573103,24.83013194,63.53307559,0.9641180608,151.106756,6.51013422,297.8970337,0,107.3499374,1.798803091,9.999999747e-05,90483.35938,15.65042973,3.477315053
121.5999985,164.0764196,81.48778393,24.99525835,63.23271944,0.9598429898,148.9514727,6.508833408,297.9713745,0,103.821228,0.5396409035,50.70428085,90522.39844,15.6134491,3.411863098
121.8000031,160.4674199,83.55760361,25.09491121,63.77035951,0.980146677,151.0697114,6.505068779,297.9191895,0,100.810997,22.69068336,5.070427895,90562.53125,15.77123642,3.469833603
122,160.4674199,81.91274183,24.90641714,63.18846817,0.9597257837,148.8115889,6.500710011,298.0383301,0,99.31169891,6.807204723,73.09972382,90601.28906,15.61118221,3.311702131
122.1999969,160.4674199,82.17135086,24.7439873,63.417095,0.9578794226,151.0291154,6.49774456,297.9674683,0,99.55003357,45.27275848,7.309972763,90640.66406,15.60238552,3.365651465
122.4000015,160.4674199,82.03929886,24.52995085,63.38575838,0.9552938485,149.2892873,6.494855881,297.8970642,0,100.9679489,21.37062454,0.7309972644,90679.83594,15.59124279,3.285607023
122.5999985,160.4674199,82.44451143,24.75190799,63.34648932,0.956616096,151.031437,6.493335724,297.9486694,0,103.5456238,6.411187172,45.35959625,90720.08594,15.59986401,3.337589236
122.8000031,167.5721969,81.70302862,25.03667644,63.00738779,0.9636160232,149.0183164,6.493784904,297.8948059,0,106.7270889,1.923356175,9.999999747e-05,90758.99219,15.65547371,3.348754466
123,160.4674199,83.51389152,24.79226156,63.90140674,0.9718666974,148.5934188,6.493467331,297.9650879,0,109.7267227,0.5770068765,52.01366043,90800.21875,15.73814011,3.313840388
123.1999969,160.4674199,83.76188763,24.96171738,63.96007276,0.9756565748,150.1730473,6.493282795,297.9001465,0,112.8623123,21.28565598,5.201365948,90842.42188,15.77758217,3.276465088
123.4000015,160.4674199,82.49550835,24.92846125,63.43461082,0.9618779745,152.0402684,6.494428158,298.0200806,0,116.0688095,6.385696888,78.31411743,90885.25781,15.6790781,3.194247542
123.5999985,160.4674199,82.86621191,24.85059549,63.58348933,0.9651368715,151.2648697,6.495526791,297.9295044,0,118.8131561,44.50216293,7.831411839,90928.5,15.71576405,3.146533412
123.8000031,160.4674199,82.93720738,24.67306733,63.67598213,0.9638183646,149.8278103,6.497361183,298.1269226,0,121.1225128,13.35064888,115.7493668,90971.84375,15.71390152,3.119132826
124,160.4674199,83.43837317,24.95194048,63.69357315,0.9801139897,149.2428114,6.500964165,298.0162964,0,122.6956253,79.49160767,11.57493687,91015.66406,15.83743763,3.234077905
124.1999969,160.4674199,83.46016974,25.26073569,63.91685876,0.9782770509,152.6405181,6.503608227,297.912262,0,122.8240967,44.60274506,1.157493711,91060.25781,15.82851982,3.226465547
124.4000015,160.4674199,84.11058962,25.3640375,63.83768017,0.9865576599,152.4918236,6.50499773,297.9931946,0,121.9037247,13.38082314,65.69602203,91104.78125,15.89100552,3.226598793
124.5999985,167.4419474,82.40935522,25.12349805,63.21103308,0.968265075,149.1667214,6.506473064,297.9039917,0,120.4286118,38.78822327,6.569602013,91146.35938,15.74409866,3.128463884
124.8000031,160.4674199,82.81979361,25.08578534,63.56374306,0.9660396482,150.2758305,6.506176472,298.0753479,0,118.3590164,11.63646793,104.9732666,91189.17969,15.73162937,3.085967623
125,160.4674199,82.94617266,24.7459633,63.45372939,0.96535678,150.1437119,6.505644798,297.9624939,0,116.4141464,67.81634521,10.49732685,91231.53125,15.7290144,3.070005205
125.1999969,164.9961796,81.70104229,24.95027089,63.05520576,0.9594666619,148.3197934,6.503855705,297.8634338,0,114.6769333,30.42877197,1.049732685,91271.875,15.67917061,2.982493306
125.4000015,160.4674199,82.64403459,24.93019488,63.18715929,0.9673567093,150.1635984,6.501677513,297.9266052,0,113.6589127,9.128631592,59.25284195,91313.57812,15.74236012,3.018698781
125.5999985,160.4674199,82.32169283,24.73359645,63.57141784,0.9635108374,152.1824677,6.498880386,297.8544006,0,113.5092545,2.738589525,9.999999747e-05,91355.46094,15.73239231,2.937835701
125.8000031,160.4674199,82.63898111,24.97639218,63.45940523,0.9670347078,152.5343952,6.495731831,297.9501648,0,114.4792786,0.8215768337,69.31415558,91397.67188,15.75888252,2.926432763
126,160.4674199,82.56486565,24.81001516,63.74851589,0.9638459835,152.4617441,6.494478226,297.8661804,0,116.7080154,28.93753052,6.931416035,91440.32031,15.74517345,2.944161184
126.1999969,167.072943,82.56909762,25.07270558,63.78776835,0.9780029396,148.6433668,6.49444437,298.0377502,0,119.4308167,8.681259155,104.8292923,91481.42188,15.85775375,2.968419212
126.4000015,160.4674199,83.05492315,24.8633316,63.96193235,0.9758720108,151.1000641,6.494132042,297.9225769,0,122.1692123,63.48694611,10.48292923,91524.9375,15.85783005,2.906511237
126.5999985,160.4674199,82.8554882,25.09304318,63.41998995,0.9675923949,150.2530381,6.494419098,298.203064,0,125.0373077,19.04608345,156.4253387,91568.78125,15.78422928,2.885448546
126.8000031,160.4674199,84.20512489,25.07110816,63.95606233,0.9829565287,151.7521929,6.496097088,298.0446167,0,127.7876434,113.7740707,15.64253426,91613.88281,15.91709042,2.966375878
127,160.4674199,84.2128413,24.93247216,64.18887266,0.9821563209,149.374175,6.498601913,297.9084778,0,129.8643036,64.62723541,1.564253449,91658.96094,15.91864586,2.965994007
127.1999969,160.4674199,84.07670528,25.0405968,63.75295788,0.9731141295,152.5245217,6.501781464,298.0185547,0,130.9406891,19.38817024,84.16439819,91704.92188,15.84446621,2.982440845
127.4000015,161.7011776,83.88947689,25.18937043,64.08505018,0.9801935877,149.1738681,6.504671574,297.9100037,0,130.7457581,54.94602203,8.41644001,91749.86719,15.90397072,2.97317819
127.5999985,160.4674199,83.42717502,25.32401231,63.51342964,0.9760251716,151.7264452,6.506847858,298.1381226,0,129.3977814,16.48380661,133.0185394,91795.16406,15.86770535,2.941019027
127.8000031,160.4674199,82.66045694,24.57781698,63.76081033,0.9659909915,149.1033705,6.510320663,298.0021362,0,127.1807404,92.62393188,13.30185413,91839.1875,15.80222416,2.91106561
128,160.4674199,82.2319437,25.09175123,63.45700294,0.9704698029,154.1428497,6.512175083,297.8843994,0,123.5681229,49.17424774,1.330185413,91883.53125,15.83324146,2.927733358
128.1999969,160.4674199,83.86738777,24.92219894,63.65029472,0.96939245,152.3697473,6.51282835,297.9751282,0,119.2231064,14.75227451,73.60857391,91927.10156,15.80751514,3.016835249
128.3999939,160.4674199,84.28766245,24.88142343,64.15126466,0.9784886059,150.1733861,6.513866425,297.8844299,0,114.6156082,42.59736633,7.36085701,91969.55469,15.87287426,3.146548018
128.6000061,160.4674199,83.32049699,24.72617184,63.5124862,0.9643373929,151.0120819,6.513320923,298.0769958,0,109.5877609,12.77920914,115.6011963,92010.82812,15.75396156,3.073701389
128.8000031,160.4674199,83.54515168,24.5135484,63.73853876,0.9623716657,150.7048444,6.511463165,297.9644775,0,104.7844391,75.56452179,11.56011963,92051.10938,15.73696423,3.079172802
129,168.4322632,82.79337022,25.28978278,63.79754709,0.9785819123,149.8459979,6.50756216,297.8630676,0,100.7234879,38.18817139,1.156011939,92088.71094,15.85877514,3.075909668
129.1999969,160.4674199,82.51137378,24.6420217,63.12156446,0.9601428018,150.6964647,6.503011227,297.9440308,0,98.22549438,11.45645142,67.86174011,92127.38281,15.713274,2.977644446
129.3999939,160.4674199,82.56981373,24.74228365,63.52451899,0.9587537183,152.8649797,6.498642921,297.871582,0,97.54347229,3.436935186,9.999999747e-05,92166.41406,15.71016216,2.991212208
129.6000061,160.4674199,82.87098314,24.50606906,63.537482,0.9559539418,150.1824944,6.496094704,297.9700317,0,98.60608673,1.031080604,71.10199738,92205.25,15.68611908,3.046245276
129.8000031,160.4674199,81.81269165,24.6770403,63.40792293,0.9556996051,148.4261526,6.495316982,297.8903198,0,100.6825638,30.72539711,7.110199451,92243.92969,15.68930435,3.032577256
130,165.2143626,82.79216895,24.81566562,63.92225405,0.9719823834,145.8368713,6.493544579,298.0514832,0,103.0702515,9.217618942,101.1933365,92281.72656,15.82907963,2.969500735
130.1999969,162.4930675,82.99449817,24.88273606,63.98285335,0.9765349144,147.2043091,6.491922379,297.9443054,0,106.1757507,61.30596542,10.11933327,92320.96875,15.87793541,2.907346097
130.3999939,160.4674199,82.8155961,24.48930066,63.28301677,0.956958763,148.6425336,6.490380764,298.196106,0,109.9265442,18.39178848,144.8957825,92361.38281,15.73113823,2.759756986
130.6000061,160.4674199,82.47788594,24.70711111,63.76009899,0.962020329,147.0639693,6.488582134,298.040863,0,114.2941589,103.9792938,14.48957825,92402.14062,15.79093361,2.650494828
130.8000031,160.4674199,81.8854533,24.50579331,63.26536582,0.9536342234,149.7620595,6.487176895,297.9082642,0,119.3821869,55.893013,1.44895792,92444.21094,15.74315929,2.535451563
131,160.4674199,81.72129011,24.81329891,63.40734939,0.9580516962,148.0521218,6.487427235,297.9967651,0,125.0302353,16.76790428,75.21656799,92487.05469,15.78618908,2.538584093
131.1999969,160.4674199,83.88206691,24.57949075,64.01177576,0.9660281304,150.8049546,6.488289833,297.8913574,0,130.5739441,44.85755539,7.521656513,92532.0625,15.86820221,2.571382274
131.3999939,160.4674199,82.68125636,25.24971525,63.78334869,0.9670912199,152.3663343,6.49052763,298.0892334,0,135.7759094,13.45726585,120.3348007,92578.1875,15.88417816,2.554562614
131.6000061,160.4674199,85.10597591,24.91132383,64.22007148,0.9845902143,151.1342387,6.492493153,297.9512329,0,140.0802155,78.44403076,12.03348064,92625.41406,16.03607941,2.571023668
131.8000031,160.4674199,84.15940347,24.82871457,63.91656327,0.9767852202,150.469084,6.498149872,297.8469849,0,143.6037292,32.69458008,1.203348041,92673.09375,15.97902966,2.624028973
132,160.4674199,85.32293522,24.98626131,64.13853354,0.9791822161,152.3897926,6.503923893,297.9085999,0,144.851593,9.808373451,60.06917953,92721.77344,15.99828148,2.688578064
132.1999969,160.4674199,85.52128353,24.87803377,64.20605283,0.979903248,151.6728674,6.506836414,297.8361816,0,143.8011627,2.942512035,9.999999747e-05,92769.96094,16.0131073,2.58007378
132.3999939,160.4674199,85.61311687,25.0191048,64.13496816,0.9837790119,151.9649542,6.50826931,297.9379272,0,141.5954895,0.8827536106,72.83879089,92817.74219,16.04372215,2.551508705
132.6000061,160.4674199,83.92961951,25.0350492,64.13659036,0.9750436927,154.0735146,6.511805534,297.8687134,0,138.8123474,0.2648260891,9.999999747e-05,92865.04688,15.98222065,2.573030952
132.8000031,160.4674199,85.08720099,24.73349222,64.12564366,0.9809093097,150.5807642,6.513016224,297.9707642,0,134.6031647,0.07944782823,72.72800446,92910.96875,16.02222061,2.547393605
133,160.4674199,84.70332765,24.47761102,63.90577823,0.9729807743,147.2060843,6.512482166,297.8812866,0,129.9239807,30.88201332,7.272800446,92955.03125,15.95342445,2.470836616
133.1999969,160.4674199,84.3226061,24.97193295,63.74296801,0.9744475694,152.6779179,6.511030674,298.052002,0,125.4568176,9.264604568,106.9781342,92999.3125,15.96088886,2.497504992
133.3999939,160.4674199,83.14561389,24.6344402,63.75993251,0.9688828273,144.7554543,6.508489609,297.9285583,0,121.5675659,64.37677002,10.69781303,93040.73438,15.91646576,2.380773985
133.6000061,160.4674199,83.08483581,24.33388369,63.51134151,0.9635898232,146.7499915,6.506984711,298.2062683,0,118.695488,19.31303215,158.3690948,93081.96875,15.87480545,2.406145002
133.8000031,160.4674199,84.16334099,24.33999489,63.80132603,0.9687244352,148.2622982,6.504388809,298.0370789,0,116.4183426,113.3707199,15.83691025,93123.30469,15.91639328,2.422729885
134,160.4674199,81.92384383,24.92452818,63.66720826,0.9628710621,151.2191611,6.503331184,297.9019165,0,115.1866074,60.6545639,1.583691001,93164.67188,15.87421894,2.443448611
134.1999969,161.665208,83.23836843,25.10705426,63.91824905,0.9803977127,149.3488292,6.501393318,297.9959717,0,114.3692856,18.19636917,78.53222656,93205.64062,16.01038933,2.485957488
134.3999939,160.4674199,83.02458752,24.58874213,63.70500826,0.9618461025,152.0557001,6.499027729,297.8884583,0,114.3350067,47.98431396,7.85322237,93247.1875,15.87719345,2.377889882
134.6000061,160.4674199,83.36687772,24.86465326,63.84770929,0.96262199,154.3506514,6.495079517,298.0960388,0,115.2454605,14.39529419,126.0645065,93289.39844,15.89257717,2.303757949
134.8000031,160.4674199,84.36564935,24.39740742,64.02358862,0.9661864314,149.7544687,6.491154671,297.9505615,0,117.738945,82.63238525,12.60645103,93331.27344,15.93096828,2.243954909
135,160.4674199,82.58551108,24.82179635,63.72008866,0.9687605872,148.1615245,6.490160942,297.8422546,0,121.7973404,34.49005127,1.260645032,93373.38281,15.9576025,2.258923599
135.1999969,160.4674199,84.08361818,24.59194147,63.55004621,0.9689641072,148.5407967,6.491261482,297.9069214,0,126.243721,10.34701538,62.16451263,93416.89844,15.96104336,2.332777073
135.3999939,160.4674199,85.49384673,24.73175513,64.5042882,0.9824762887,150.2161751,6.490252495,297.8343201,0,130.252243,3.104104757,9.999999747e-05,93461.80469,16.09440041,2.259538863
135.6000061,160.4674199,84.52382291,24.42835308,63.85900514,0.9713150841,146.7952555,6.493482113,297.9382324,0,134.6780853,0.9312314391,74.18393707,93506.71094,16.00722885,2.286036182
135.8000031,160.4674199,84.60075667,24.42029228,63.97016956,0.9718656411,147.1043559,6.498217106,297.8692932,0,137.7913818,0.2793694139,9.999999747e-05,93552.35156,16.02200508,2.299635472
136,160.4674199,84.84183932,24.47067991,63.94641212,0.9735173072,147.2094761,6.503691673,297.9711609,0,139.0193787,0.08381082863,73.08841705,93598.35156,16.03859711,2.319678707
136.1999969,165.9855031,82.25278225,24.97184338,63.55508995,0.9716912534,148.9127151,6.509705067,297.8831482,0,138.0598297,30.84996414,7.308841705,93642.76562,16.03240585,2.254877251
136.3999939,160.4674199,85.95917388,24.89297187,64.35626564,0.9806428221,152.5420124,6.511974335,298.0500488,0,134.6956177,9.25498867,106.0955276,93689.22656,16.10176086,2.309981307
136.6000061,160.4674199,85.76013849,24.50966845,64.40268336,0.9780647658,149.4680661,6.513007164,297.9282837,0,130.4377136,63.11182785,10.60955238,93734.01562,16.08460617,2.239076565
136.8000031,160.4674199,85.51786828,24.64029803,64.2545341,0.9759153139,150.4038,6.51282835,298.1970215,0,125.7586517,18.93354797,155.7034454,93777.94531,16.06331253,2.216874534
137,160.4674199,83.99625041,24.64265926,64.19521007,0.9747419382,145.9887458,6.511854649,298.0272827,0,121.1512756,109.8662186,15.57034397,93819.57812,16.05376816,2.129187799
137.1999969,160.4674199,83.86259635,24.33374866,63.56509932,0.9633660535,146.95535,6.508947372,297.8902893,0,116.9321136,56.67787552,1.557034373,93860.42969,15.9593153,2.039654794
137.3999939,160.4674199,85.61088815,24.8474001,64.44071361,0.9829652831,151.5310401,6.504131317,297.9796753,0,113.8795624,17.00336266,77.28161621,93902.11719,16.12109566,2.104605083
137.6000061,160.4674199,84.03288272,24.16838911,63.79688374,0.9660937413,146.6529385,6.501564503,297.8736572,0,112.7535248,44.75214767,7.728161812,93942.10156,15.98926926,2.04034898
137.8000031,160.4674199,84.52537857,24.42150705,63.99074005,0.9638704005,150.3834276,6.499920845,298.0769043,0,112.6407623,13.42564487,124.1638412,93983.04688,15.97425938,2.108232637
138,160.4674199,84.33652709,24.22874734,63.87212601,0.9697910049,147.8422735,6.499898434,297.9433289,0,113.1895447,79.5999527,12.41638374,94023.54688,16.02726936,2.12024397
138.1999969,160.4674199,85.58230423,24.66694298,64.66550332,0.9838872918,150.208,6.50037384,298.2666931,0,113.7449417,23.87998581,181.8116302,94065.08594,16.14705276,2.225009772
138.3999939,160.4674199,83.08427518,24.68906729,64.39990918,0.9798068818,144.9728132,6.499689579,298.0737,0,114.1137772,134.3198853,18.18116379,94104.77344,16.12919807,1.979097301
138.6000061,172.4668877,82.12980291,25.06603437,63.67129329,0.9781541998,146.3341671,6.498732567,297.9153442,0,114.7617569,75.30874634,1.818116307,94142.25,16.11430168,1.924179222
138.8000031,160.4674199,83.58508061,24.89979532,63.60585025,0.968326334,150.0222672,6.497830868,298.0305786,0,115.7897034,22.59262466,91.50064087,94183.50781,16.03887558,1.943390193
139,160.4674199,84.16721171,24.60846862,63.82619248,0.9699453849,150.7551635,6.499661446,297.9122009,0,117.17733,60.36017227,9.150064468,94225.42969,16.06321335,2.031744125
139.1999969,160.4674199,85.20104829,24.68279966,64.23955416,0.9842736889,150.3326946,6.502449512,298.1512146,0,117.8239288,18.1080513,142.2310944,94267.72656,16.18496704,2.108327763
139.3999939,160.4674199,84.56603211,24.63515634,63.94835673,0.9747853353,150.4599882,6.504889011,298.0007935,0,117.3608932,98.16262817,14.2231102,94309.72656,16.11488914,2.022879785
139.6000061,160.4674199,82.33548386,24.79088258,63.45918784,0.9637752325,153.1629623,6.507934093,297.8779602,0,115.9263,50.14231873,1.422310948,94351.48438,16.03229523,1.951032182
139.8000031,160.4674199,85.0363663,24.37765399,64.31548572,0.9708391829,150.3610362,6.509209156,297.9631653,0,113.2704239,15.04269505,73.79495239,94392.78125,16.07406998,2.069623359
140,160.4674199,83.77500436,24.3438988,64.19922125,0.9649259723,150.593072,6.510819435,297.867157,0,110.1122742,40.78766251,7.379495144,94433.22656,16.0169735,2.134345804
140.1999969,160.4674199,84.20653046,24.42165057,63.9755921,0.9683027319,149.8789748,6.511806011,298.0571289,0,106.3032379,12.23629856,117.459877,94472.96875,16.01922607,2.279691592
140.3999939,160.4674199,84.86280176,24.01945496,64.27452943,0.9643417375,147.8381487,6.511990547,297.9414368,0,102.1028137,73.50672913,11.74598789,94511.61719,15.97298717,2.389724196
140.6000061,160.4674199,84.06900145,24.60603544,63.48207471,0.9628832659,153.1980037,6.509344578,298.2342529,0,97.82923889,22.05201721,167.4070435,94550.3125,15.94065571,2.375534448
140.8000031,164.2654025,83.28963138,25.02088092,64.17140028,0.9826524228,147.2814936,6.505598545,298.0761108,0,94.62067413,121.7425308,16.74070358,94586.23438,16.09018707,2.420396509
141,160.4674199,84.14195265,24.64845144,64.30409415,0.9805958062,148.5413551,6.501618862,297.9370728,0,92.90515137,73.77496338,1.674070358,94623.16406,16.06681824,2.530539961
141.1999969,160.4674199,83.37886224,24.1242344,63.52446775,0.953859258,149.1205131,6.497842312,298.0497437,0,92.77871704,22.13248825,88.54608917,94659.89844,15.84288979,2.467472273
141.3999939,160.4674199,84.36488655,23.83785007,64.16060392,0.9542550356,148.1184471,6.495321274,297.9433594,0,94.16149902,59.69406891,8.854608536,94697.05469,15.84562492,2.609917749
141.6000061,160.4674199,82.11708084,24.31909226,63.2887723,0.9548996551,144.1084536,6.493579388,298.157959,0,96.54925537,17.90822029,131.1143188,94733.32031,15.83650684,2.534473439
141.8000031,160.4674199,84.54631787,23.91828832,64.16191584,0.9589322091,149.1006075,6.490739346,298.0229492,0,99.63508606,90.62332916,13.11143208,94771.71875,15.88320827,2.547242483
142,160.4674199,84.68582551,24.59132136,64.32548466,0.9770754482,149.4889777,6.489835739,297.908783,0,103.863121,48.35316849,1.31114316,94811.39844,16.02241898,2.737453553
142.1999969,160.4674199,83.48151453,24.52080674,63.52841454,0.9622132433,151.3953171,6.491543293,297.9805603,0,108.4426804,14.50595093,67.09328461,94852.16406,15.90101051,2.762304921
142.3999939,160.4674199,84.99085522,24.08678942,64.39091529,0.9629340594,148.9089984,6.494745731,297.8927307,0,112.3368454,36.7065506,6.709328175,94893.625,15.91319275,2.883018783
142.6000061,160.4674199,83.10110513,24.63173554,63.93321047,0.9636047168,153.3927233,6.49845171,298.0489807,0,114.9534378,11.01196575,102.4514389,94936.10156,15.92336178,2.840726341
142.8000031,160.6008243,82.40090552,24.71577528,63.89224912,0.9635956012,148.0489578,6.501986027,297.9433594,0,116.0908279,61.55211639,10.24514389,94977.48438,15.91420937,2.815620022
143,160.4674199,84.04129465,24.47712995,63.81216732,0.9662773364,151.9878387,6.504589558,298.1852112,0,115.8166962,18.4656353,143.6321411,95020.01562,15.93026161,2.906465728
143.1999969,160.4674199,85.38100574,24.11400527,64.2983194,0.9669650051,148.8870687,6.507061005,298.0533752,0,114.503685,100.5728149,14.36321449,95062,15.92713451,3.037011354
143.3999939,160.4674199,83.14856091,24.54169187,63.81069002,0.9620199741,152.3776069,6.508560658,297.9302368,0,112.19944,60.22065735,1.436321497,95103.72656,15.88446999,2.978020609
143.6000061,160.4674199,84.42390794,24.12148694,63.99673528,0.9603427177,149.6555688,6.50891304,298.0238647,0,109.298233,18.06619644,78.15182495,95144.61719,15.85811424,3.065086673
143.8000031,160.4674199,84.84786169,24.10120544,64.52614137,0.9599446398,151.3248625,6.507107735,297.9262085,0,106.2566452,48.67770767,7.815182209,95185.28906,15.85473633,3.0661166
144,160.4674199,83.15810592,24.51857977,63.90393269,0.9609089944,146.8833589,6.504883289,298.109314,0,103.9405441,14.60331154,116.1447678,95224.17969,15.84137344,3.050292006
144.1999969,160.4674199,84.55172695,24.21060923,64.6574965,0.9728216922,149.513379,6.502587318,297.9968872,0,102.508667,75.73999786,11.6144762,95263.71094,15.94519424,3.190032143
144.3999939,160.4674199,85.96667895,24.64592664,64.53722088,0.9831324618,150.7618221,6.499738693,297.895752,0,101.9942017,39.68105698,1.161447644,95303.98438,16.00776482,3.388754908
144.6000061,160.4674199,84.23055065,24.17453805,63.73642978,0.9582802892,148.8928822,6.498692513,297.960907,0,102.6207123,11.9043169,62.76166534,95343.51562,15.80283737,3.329056137
144.8000031,160.4674199,85.74528666,24.23532476,65.17945741,0.9727645724,150.5109333,6.497364521,297.8800659,0,103.6579971,31.22844887,6.276166439,95384.04688,15.93509483,3.444893643
145,164.4115186,82.92367287,24.505347,64.0498894,0.9729746614,143.0638751,6.496644974,298.0224609,0,105.2332306,9.368535042,95.74720001,95421.75,15.92196751,3.266177866
145.1999969,160.4674199,84.57520169,24.46805072,64.07810519,0.9663183302,152.9702355,6.495546818,297.9259033,0,107.0934143,54.59431076,9.574719429,95463.10938,15.87268829,3.347004504
145.3999939,160.4674199,83.13451732,24.2296409,63.9485785,0.9582186417,143.4671502,6.497310638,298.1486511,0,109.3960114,16.37829399,133.9737854,95502.64062,15.80025101,3.370394976
145.6000061,160.4674199,86.51865092,24.03955564,65.12343307,0.9733063296,149.23822,6.498299599,298.0320129,0,110.9824371,91.17662048,13.39737797,95544.57031,15.93289471,3.562800692
145.8000031,160.4674199,84.08590547,24.30982405,63.95402401,0.9628575909,150.7752709,6.500462532,297.9199829,0,112.1849213,54.83649445,1.339737773,95586.53125,15.84148884,3.499835367
146,160.4674199,85.18773859,24.54213199,64.42414192,0.9822737214,150.2490797,6.501515388,298.0091553,0,112.5158997,16.45094872,75.28824615,95628.77344,15.99679947,3.568037375
146.1999969,160.4674199,85.93863733,24.01931007,64.69168213,0.9673549441,149.1772465,6.502538204,297.919342,0,112.4332962,45.05463409,7.528824329,95670.90625,15.87577534,3.592719989
146.3999939,160.4674199,83.83552633,24.79182729,63.90603062,0.9698676632,149.7104739,6.503862858,298.0908508,0,111.9379807,13.5163908,110.4167404,95712.64062,15.88230991,3.590748156
146.6000061,160.4674199,85.86361173,24.09465207,64.61523825,0.9682728992,151.4015155,6.504705906,297.9892578,0,110.9118118,70.32942963,11.04167366,95754.97656,15.87719154,3.692113807
146.8000031,160.4674199,84.33047345,24.03897438,64.26715376,0.9583745522,149.6010863,6.506197929,297.8937378,0,109.5509186,37.40664291,1.104167342,95796.34375,15.79248905,3.686309512
147,160.4674199,83.98264162,24.55167604,64.35395826,0.9624600435,148.2036252,6.506884575,297.9579773,0,107.5896149,11.22199249,61.91739655,95837.07031,15.81229496,3.761361668
147.1999969,160.4674199,85.14741356,23.84171757,64.31536846,0.9607442647,148.5272243,6.506594658,297.8807068,0,105.3583298,30.11586952,6.191740036,95877.61719,15.79684925,3.785286809
147.3999939,160.4674199,84.75508415,24.34878277,64.51873586,0.9721225668,150.8622372,6.50534296,298.0176392,0,103.2437057,9.034760475,93.21408081,95918.21875,15.88719368,3.836550636
147.6000061,160.4674199,84.8639886,24.24198629,64.39773377,0.9766184405,150.1795346,6.50391531,297.9317932,0,101.6296005,52.37836838,9.321408272,95958.40625,15.91807365,3.88912789
147.8000031,160.4674199,83.9906453,24.13134693,63.95261915,0.9551365454,149.7848926,6.50260067,298.1373596,0,100.5842514,15.71350956,126.0000153,95998.03125,15.73518467,3.846326389
148,160.4674199,85.37791765,24.18509639,64.03122979,0.966541996,153.3436324,6.500057697,298.0328979,0,100.0638046,84.72249603,12.60000134,96038.61719,15.82522011,3.900699482
148.1999969,160.4674199,83.5999805,24.31211058,64.27826431,0.9572984231,145.8729508,6.497909069,297.9264832,0,100.5648804,52.28778458,1.26000011,96077.30469,15.74828243,3.780552609
148.3999939,160.4674199,84.65431828,24.0360885,64.41859972,0.9560148096,152.3333131,6.495756149,298.0108032,0,101.9202271,15.68633556,72.78866577,96117.80469,15.74951363,3.797137575
148.6000061,160.4674199,85.79699254,23.78543172,64.79726907,0.9558216146,150.1528952,6.494079113,297.9246521,0,104.1380234,42.81377029,7.278866291,96158.57031,15.74884987,3.834685415
148.8000031,160.4674199,84.66466256,24.81485276,64.71973277,0.9764802979,148.4762458,6.493327618,298.083313,0,107.0249405,12.84413147,104.800499,96199.4375,15.90963364,3.871503266
149,160.4674199,86.79252356,24.02540922,65.17983246,0.9745071304,149.5892757,6.492525101,297.983429,0,110.2110672,65.40380859,10.48005009,96241.52344,15.90666008,3.84732398
149.1999969,160.4674199,85.04326888,24.54348198,64.59248693,0.9790559578,152.1183135,6.494101524,297.8909607,0,113.7212219,32.87398911,1.048004985,96284.57031,15.94611359,3.879983833
149.3999939,160.4674199,85.30284211,24.24381302,64.74437695,0.9646137483,152.0224734,6.495574951,297.9446716,0,116.5928802,9.862196922,57.44454575,96328.10156,15.8357563,3.791297624
149.6000061,160.4674199,86.31677184,24.14479862,64.79083453,0.9650654882,152.0495859,6.49810791,297.8738708,0,118.8831787,2.958658934,9.999999747e-05,96372.42188,15.83701229,3.904049301
149.8000031,160.4674199,86.80748895,24.64011752,64.70549975,0.9836329937,155.2982352,6.49942255,297.9472656,0,120.1563339,0.8875976801,62.84596634,96417.80469,15.98684216,3.912097985
150,160.4674199,85.77887702,24.22326936,64.92789585,0.9678589781,152.1853439,6.502780437,297.8787231,0,120.9111938,0.26627931,9.999999747e-05,96462.4375,15.86693192,3.92566325
150.1999969,160.4674199,85.58107135,24.62512077,65.08235188,0.9768307717,147.9040976,6.505727768,297.9541321,0,120.3121948,0.07988379151,63.42358398,96506.10938,15.92843342,3.977340644
150.3999939,160.4674199,85.45098136,24.37986551,64.61654307,0.9780724083,151.7862153,6.508078575,297.882782,0,118.5421829,22.05834007,6.342358589,96550.13281,15.93965626,3.965755475
150.6000061,160.4674199,86.66666329,24.19026518,64.86480467,0.969625525,152.052781,6.50945282,298.0032043,0,115.832428,6.617501736,85.7495575,96594,15.86244106,4.072163706
150.8000031,160.4674199,87.11411806,23.87834249,65.15778124,0.9661079197,150.6883856,6.508235455,297.9179382,0,112.5742645,44.30167389,8.57495594,96636.85938,15.83287621,3.965859495
151,160.4674199,84.01455721,24.56314258,64.21222856,0.9657800695,146.6014436,6.505884647,298.1004333,0,109.8084259,13.29050255,116.4021225,96677.47656,15.81132317,3.784019511
151.1999969,160.4674199,86.1159282,24.28166813,64.60884667,0.9676284927,155.2316023,6.502202034,297.9938965,0,107.9782867,73.81017303,11.64021206,96719.99219,15.83502579,3.870352197
151.3999939,160.4674199,84.61508174,24.22265857,64.28286343,0.9734250053,147.8364184,6.500060081,297.8956909,0,107.6220093,39.46051407,1.164021134,96760.60938,15.87434578,3.873083019
151.6000061,160.4674199,86.18073261,24.07585528,64.70993222,0.9616716194,151.6109194,6.497472286,297.9601746,0,108.1131592,11.83815384,63.1668396,96802.50781,15.78099155,3.938772035
151.8000031,160.4674199,85.55717855,24.24984477,64.65172243,0.9627428727,154.4509845,6.495670319,297.8805847,0,109.6457977,30.91627121,6.316683769,96845.16406,15.7970047,3.927970061
152,160.4674199,86.49191198,24.39623475,64.59788953,0.973312117,154.3728908,6.494342804,298.018158,0,111.8952866,9.274881363,94.7985611,96888.53906,15.87933445,3.995536398
152.1999969,160.4674199,87.55134417,23.93812686,65.52730098,0.9748374376,149.275267,6.493655682,297.9267578,0,114.6767273,52.85634232,9.479856491,96931.60938,15.90337467,3.987174623
152.3999939,160.4674199,84.655615,24.43182537,64.00511537,0.9706616383,152.7993861,6.495780468,298.1357117,0,117.7324295,15.85690308,129.3266144,96975.375,15.865201,3.9484475
152.6000061,160.4674199,87.46259978,23.93053295,65.33921906,0.9692597322,151.0851228,6.497319698,298.0246582,0,119.9311142,85.88708496,12.93266201,97019.85938,15.86494637,4.017277956
152.8000031,160.4674199,86.58470489,24.50629933,64.94641912,0.9724196246,155.2976545,6.499680519,297.9180603,0,121.5250092,51.09939575,1.293266177,97065.5,15.88986015,4.072172982
153,160.4674199,86.21756965,24.92434549,64.99374683,0.9846218594,150.1569319,6.502075195,297.9986877,0,122.1700134,15.32981873,71.70993805,97110.20312,15.97957706,4.100125584
153.1999969,160.4674199,86.82808555,23.88748645,64.71868433,0.972625112,147.5373715,6.504839897,297.9142456,0,121.8595963,40.87765121,7.170993805,97154.3125,15.88358307,4.062978972
153.3999939,160.4674199,85.32592924,24.38672117,64.83326307,0.9738544294,143.6261489,6.506933212,298.0683289,0,120.4421844,12.26329613,103.5264053,97196.96094,15.88611126,4.004853325
153.6000061,160.4674199,86.02566207,23.81569311,64.86683082,0.9636816192,150.2185782,6.507823467,297.9714966,0,118.1908264,62.84090042,10.35264015,97240.54688,15.81381607,3.970384563
153.8000031,160.4674199,86.68302778,24.07810076,65.25425669,0.9640412814,153.5784211,6.506189823,297.8792419,0,115.5852127,30.84041786,1.035264015,97284.46875,15.81521988,3.958724511
154,160.4674199,83.36932204,25.1223951,64.06352638,0.9890311217,149.5098324,6.505026817,297.9348755,0,113.6375046,9.25212574,58.45751572,97326.49219,15.99729633,3.918968152
154.1999969,162.208908,82.43337053,24.55261903,64.22817423,0.9745267261,143.5644859,6.504243374,297.8648071,0,112.1452942,2.775637627,9.999999747e-05,97366.25781,15.88030148,3.832153869
154.3999939,160.4674199,83.96970696,24.29436775,64.33643811,0.9627089526,153.6157094,6.501712799,297.9414368,0,110.9667206,0.8326913118,64.74977112,97408.5,15.79244804,3.830952282
154.6000061,160.4674199,87.02185493,24.18850974,64.71880987,0.971503137,154.3052834,6.498195648,297.8731079,0,110.8073807,0.2498073876,9.999999747e-05,97451.65625,15.85456562,3.991901762
154.8000031,160.4674199,86.93808666,24.12096793,65.01998636,0.9657546026,153.3177504,6.494290829,297.9512939,0,112.0526428,0.07494221628,65.28266144,97494.72656,15.81423759,3.899036283
155,160.4674199,87.64072568,24.11181783,65.06861934,0.9715903411,152.6246976,6.491655827,297.8776245,0,114.8578491,22.80224991,6.528265953,97538.4375,15.86237526,3.960149945
155.1999969,160.4674199,87.98585054,24.16768602,65.42978197,0.9812481023,151.0635082,6.489805222,298.0021973,0,118.7116699,6.840675354,88.92223358,97582.66406,15.94965744,3.942407156
155.3999939,160.4674199,87.64186854,24.06635604,65.35333258,0.9741388163,151.9962694,6.490942001,297.9142456,0,123.3072128,45.78430939,8.892223358,97627.98438,15.90098953,4.000510379
155.6000061,160.4674199,87.02065417,24.36259378,65.25499768,0.973954838,154.5478382,6.494353294,298.1030273,0,127.4407272,13.73529243,120.4614487,97674.61719,15.90767193,4.059067598
155.8000031,160.4674199,86.55760363,23.80784191,65.08136972,0.963651689,149.8793616,6.500112057,298.0003967,0,130.2117615,76.30023193,12.04614544,97720.69531,15.82742786,4.0661259
156,160.4674199,88.36944906,24.5205888,65.31166923,0.9841942131,155.8945504,6.504228115,297.9003601,0,130.678894,43.34136581,1.20461452,97768.76562,15.9894886,4.213929375
156.1999969,160.4674199,87.93573776,24.20530757,65.32064984,0.975108578,152.5478748,6.508263111,297.9729004,0,129.512619,13.00240993,67.62278748,97815.76562,15.91483784,4.184055728
156.3999939,160.4674199,88.60931239,23.96841436,65.66171807,0.9731484367,152.0749145,6.511689663,297.8938904,0,126.7272644,35.04677963,6.762279034,97862.32031,15.89753914,4.257790943
156.6000061,160.4674199,87.60096921,24.2847256,65.66566403,0.9750381091,154.8012647,6.514132977,298.0377808,0,122.5731125,10.51403427,98.11109161,97908.42188,15.91262531,4.273442978
156.8000031,160.4674199,83.16008449,24.96296554,64.07819927,0.9752347805,149.230084,6.5164814,297.9520264,0,117.4428024,56.76841354,9.811109543,97951.25781,15.88832378,4.13453307
157,160.4674199,85.37670695,24.40619949,64.4035866,0.9713593763,153.5322783,6.516174316,297.8709717,0,111.3703156,27.5242424,0.9811109304,97994.34375,15.85279751,4.24633818
157.1999969,160.4674199,85.47792576,24.36687784,64.94495476,0.9681854987,148.0807314,6.513768196,297.9298706,0,105.4290771,8.25727272,56.21850204,98035.15625,15.81496906,4.270055444
157.3999939,160.4674199,87.56547856,23.64466556,65.40831363,0.9608983207,151.460709,6.50898838,297.8681335,0,100.4486542,2.477181911,9.999999747e-05,98076.10156,15.75730801,4.310445353
157.6000061,160.4674199,87.4254745,24.27410252,65.20246007,0.974347215,153.9106396,6.502470493,297.946167,0,97.38126373,0.7431545258,62.09574509,98116.96094,15.85620403,4.309206678
157.8000031,168.6682344,82.93322923,24.5719884,64.23171525,0.9729724542,144.1529934,6.498129845,297.8851624,0,96.91916656,0.2229463607,9.999999747e-05,98152.88281,15.8358593,4.108698731
158,160.4674199,84.97000084,23.76060535,64.58969462,0.9602354921,148.6607961,6.495180607,297.9607849,0,98.18054199,0.06688390672,61.01155472,98192.1875,15.74406242,4.23282667
158.1999969,160.4674199,86.91498028,23.39837365,65.28966728,0.9561551789,146.9632864,6.492709637,297.9004517,0,100.6241837,22.31182098,6.101155758,98232.10156,15.71437645,4.287221369
158.3999939,160.4674199,84.97733063,24.20292384,64.22024475,0.9680445732,152.0982077,6.492794037,298.0118103,0,104.0590515,6.693546295,79.23369598,98273.46875,15.80985928,4.314504203
158.6000061,160.4674199,84.84353081,24.21533768,65.18970294,0.962222878,145.580413,6.493813515,297.9412842,0,107.4532089,41.82873535,7.923369408,98314.07812,15.77110291,4.250879327
158.8000031,160.4674199,88.02794781,23.65087381,65.65585595,0.9607490028,150.4028113,6.495253086,298.0999146,0,110.4446487,12.54862022,102.5681152,98357.08594,15.76705265,4.386788273
159,160.4674199,87.34985935,23.98477095,64.98116005,0.9714213812,154.8854368,6.498277187,298.0220947,0,112.861969,65.60992432,10.2568121,98401.44531,15.85618591,4.436809677
159.1999969,160.4674199,82.03035486,24.95044229,63.85435679,0.9676884536,150.6916305,6.502707481,297.9337463,0,114.0657425,41.31173706,1.025681138,98443.85156,15.82171535,4.189191551
159.3999939,160.4674199,88.34073026,23.76959025,65.68183502,0.9654128789,151.440143,6.502627373,297.996582,0,113.497818,12.39352036,61.59540558,98487.58594,15.81115723,4.224517414
159.6000061,160.4674199,83.42522286,24.6775219,64.22475525,0.9753802263,146.4954669,6.502916336,297.9177856,0,112.9813614,32.24757385,6.159540653,98528.92188,15.87818909,3.974261937
159.8000031,160.4674199,87.56290085,24.18719403,65.02342368,0.9722058189,153.2797604,6.50039053,298.036377,0,112.3336945,9.674271584,88.04336548,98572.40625,15.85679531,4.042508281
160,160.4674199,85.57683368,24.46356525,65.39367705,0.9712125995,148.5244091,6.499158382,297.9493408,0,112.7065964,48.10418701,8.804336548,98614.5,15.85359001,3.995142029
160.1999969,160.4674199,85.41408173,24.50920989,64.2929698,0.9771136142,153.9910474,6.49813652,298.120697,0,113.5592499,14.43125534,113.998642,98657.78906,15.89682674,3.971392556
160.3999939,160.4674199,85.9135479,24.0137454,64.5924626,0.9756315483,150.7558917,6.499162197,298.0232544,0,114.8239594,72.29657745,11.3998642,98700.80469,15.89015198,4.062007467
160.6000061,160.4674199,87.73971664,23.589555,65.34403839,0.9635050452,147.789371,6.499703884,297.9275818,0,115.6724319,41.92301941,1.139986396,98743.79688,15.7913084,4.105548585
160.8000031,160.4674199,86.42133175,24.4612262,65.36137986,0.9680534788,149.0624262,6.499594688,297.9842834,0,116.3123627,12.57690525,60.75304794,98786.90625,15.8255434,4.047190611
161,160.4674199,89.22179792,23.92129949,66.02432572,0.9746444221,151.770977,6.498006344,297.9047546,0,116.9966354,30.14080429,6.075304985,98831.27344,15.8890152,4.063954737
161.1999969,160.4674199,89.02154975,24.04966721,65.79454183,0.9810779126,151.6941403,6.495623589,298.0210876,0,118.3188858,9.042241096,87.22407532,98875.72656,15.94167519,3.957587729
161.3999939,160.4674199,88.5567897,23.74074331,65.66167358,0.9688767134,150.8615537,6.49391222,297.9303894,0,120.5921631,46.19772339,8.722407341,98920.21875,15.84853077,3.859721798
161.6000061,160.4674199,87.92524454,23.94962031,65.14417771,0.9722884425,149.5654595,6.493672371,298.1057739,0,123.5453186,13.85931683,116.4105606,98964.89844,15.8713522,3.860495562
161.8000031,160.4674199,88.81336844,24.32979802,65.70061334,0.9819321361,154.9272642,6.491685867,297.9924316,0,126.5916901,72.43844604,11.64105606,99011.41406,15.96412659,3.785602735
162,160.4674199,84.03992378,24.93235713,64.42356388,0.9773873432,149.7599728,6.492351532,297.8922729,0,130.443161,35.99202347,1.164105535,99056.51562,15.92116928,3.618372022
162.1999969,160.4674199,86.79516316,24.607276,65.74263902,0.9735672505,150.8701206,6.492054939,297.9442749,0,134.0140839,10.79760742,59.26242828,99103.15625,15.90682697,3.650689378
162.3999939,160.4674199,89.49513652,23.91758911,66.13102923,0.9729312066,153.0498501,6.49244833,297.8732605,0,137.7153015,3.239282131,9.999999747e-05,99151.59375,15.91351032,3.732144382
162.6000061,160.4674199,89.49513652,24.06515864,66.06118116,0.9764517902,153.2017731,6.493361473,297.9430237,0,141.2537994,0.9717846513,62.90261459,99200.77344,15.94585323,3.724425395
162.8000031,160.4674199,88.52286719,23.81866849,65.42516705,0.97171059,149.3697183,6.495608807,297.8751526,0,144.4274597,0.2915354073,9.999999747e-05,99249.48438,15.90499401,3.658325481
163,160.4674199,84.43432952,25.13523236,64.49135527,0.9827547342,151.594888,6.499788284,297.9462585,0,146.6994934,0.08746062219,63.06876373,99298.30469,15.99018002,3.624359945
163.1999969,160.4674199,89.03197247,24.21400671,66.1690858,0.9763404494,155.1454127,6.501269817,297.8784485,0,147.2975922,0.02623818628,9.999999747e-05,99348.92188,15.95974827,3.678070601
163.3999939,160.4674199,85.17967499,24.84763282,64.57982268,0.9843386507,156.6245042,6.505625248,297.947937,0,147.3180847,0.007871455513,62.46128082,99399.04688,16.01594162,3.669175632
163.6000061,160.4674199,89.49513652,24.26753908,66.03244986,0.98163381,155.0514442,6.508420467,297.8800964,0,145.5784302,0.00236143684,9.999999747e-05,99449.5625,15.99466133,3.84993844
163.8000031,160.4674199,85.73313637,24.26700125,64.44227059,0.9786842996,148.5414498,6.512853622,297.9479675,0,142.7350616,0.0007084310055,61.71026611,99497.24219,15.9515295,3.751441083
164,160.4674199,89.16264829,24.11946281,66.17700416,0.9747119595,155.4208014,6.515636444,297.880127,0,138.1080933,0.0002125293104,9.999999747e-05,99546.39062,15.93011284,3.987915412
164.1999969,160.4674199,89.06323796,23.75372039,65.69519078,0.97211065,148.8625268,6.516988754,297.9468079,0,132.3785858,9.999999747e-05,61.2911644,99592.97656,15.88725376,3.974452658
164.3999939,160.4674199,87.81755478,24.36250237,65.88398392,0.9750654171,148.8254385,6.516924858,297.8791809,0,126.1074829,9.999999747e-05,9.999999747e-05,99638.11719,15.90017223,4.008478237
164.6000061,160.4674199,84.73221003,24.24214003,64.47544043,0.9709994587,151.668465,6.515501499,297.9454956,0,119.8620911,9.999999747e-05,61.12835312,99681.67969,15.86063099,3.810239036
164.8000031,160.4674199,88.94865458,23.94102262,65.69862408,0.9716213723,154.2005038,6.511982441,297.8786621,0,114.1858749,9.999999747e-05,9.999999747e-05,99725.84375,15.85796738,4.085171834
165,160.4674199,88.3440199,23.51435886,65.61764675,0.9651142125,148.9935877,6.50767374,297.9459839,0,109.9199448,9.999999747e-05,60.91052628,99767.85156,15.79802513,4.021367133
165.1999969,160.4674199,88.70768934,23.84366857,65.38297511,0.9744887554,153.9740962,6.500734329,297.8782654,0,107.3733673,9.999999747e-05,9.999999747e-05,99810.39062,15.87043476,3.928882815
165.3999939,160.4674199,88.8773543,23.86409514,65.99038004,0.9733148653,151.2901955,6.494065762,297.9450684,0,107.6086807,9.999999747e-05,61.49794769,99852.48438,15.86505795,3.916951809
165.6000061,160.4674199,88.70996317,23.97266293,65.56922598,0.9743360171,152.3831285,6.488778114,297.8774109,0,110.5019989,9.999999747e-05,9.999999747e-05,99895.39062,15.87290764,3.910585016
165.8000031,160.4674199,83.95268332,24.50412102,64.77535221,0.9739769957,146.0901519,6.487109661,297.944458,0,115.5068054,9.999999747e-05,61.51692581,99936.85156,15.87435055,3.731378395
166,160.4674199,89.44406656,23.98797959,65.84963073,0.9711581656,153.8705208,6.487102509,297.8767395,0,121.1715317,9.999999747e-05,9.999999747e-05,99982.58594,15.86442375,4.045845122
166.1999969,160.4674199,85.77278229,24.30342239,64.59150102,0.9775506682,152.2570568,6.491106987,297.9439087,0,126.8452301,9.999999747e-05,61.7275238,100028.2891,15.92275906,3.959671166
166.3999939,160.4674199,87.48020303,23.97547317,65.68691879,0.9680681201,144.19733,6.495877266,297.8764954,0,130.9092865,9.999999747e-05,9.999999747e-05,100073.5625,15.84741211,4.009713685
166.6000061,160.4674199,89.49513652,23.98549214,66.03506715,0.9749134496,153.956372,6.499261379,297.9433899,0,133.0755615,9.999999747e-05,61.73018265,100121.75,15.91862011,4.032994394
166.8000031,160.4674199,89.4280754,23.88493295,65.59673894,0.9748491666,151.2997193,6.502634525,297.8757935,0,133.8952484,9.999999747e-05,9.999999747e-05,100169.4922,15.91050529,4.005082254
167,160.4674199,89.49513652,24.10437114,66.18207962,0.9775452507,153.6778653,6.504813194,297.9428711,0,133.3612213,9.999999747e-05,61.85681152,100217.6016,15.942029,3.97605417
167.1999969,160.4674199,89.49513652,23.93794439,66.23675349,0.9788320591,153.861502,6.507900238,297.8752441,0,131.9596863,9.999999747e-05,9.999999747e-05,100265.5234,15.95394135,4.056001279
167.3999939,160.4674199,89.49513652,24.12223317,65.95645608,0.9783717962,154.3809909,6.509711742,297.9425659,0,129.3164825,9.999999747e-05,62.02480698,100313.0312,15.93950081,4.059907482
167.6000061,160.4674199,89.49513652,23.62444473,65.79967714,0.974380896,148.885912,6.511150837,297.8750305,0,125.9556503,9.999999747e-05,9.999999747e-05,100358.6562,15.89690113,4.053340759
167.8000031,160.4674199,85.30955808,24.3614256,64.83946047,0.9751807214,153.6988264,6.511629105,297.9425354,0,122.0164108,9.999999747e-05,62.08831024,100403.3828,15.90429688,3.85821633
168,160.4674199,86.00189543,24.15007371,64.85776313,0.9770519487,151.6436717,6.511364937,297.8751221,0,117.8878632,9.999999747e-05,9.999999747e-05,100447.0469,15.90834332,3.931615625
168.1999969,160.4674199,88.97666526,23.94504845,65.62735514,0.9782078622,153.1158968,6.508844852,297.9445496,0,113.8643417,9.999999747e-05,62.09310913,100490.9766,15.91042614,4.074593061
168.3999939,160.4674199,86.14300318,24.08259973,64.75007331,0.9782469579,151.1556839,6.505725384,297.8771667,0,110.8537903,9.999999747e-05,9.999999747e-05,100533.0703,15.90456676,3.891161478
168.6000061,160.4674199,89.30631895,23.90576045,65.72151321,0.9741682763,153.1757747,6.501310825,297.9470825,0,109.0858459,9.999999747e-05,62.13648987,100576.0625,15.86912823,4.04228046
168.8000031,160.4674199,87.61928487,24.28899047,65.64086242,0.9746982039,147.475984,6.496891499,297.8815918,0,109.0860672,9.999999747e-05,9.999999747e-05,100617.4297,15.86630726,3.930499987
169,160.4674199,89.07792144,23.74581609,65.8873479,0.9693714443,150.1354755,6.492732525,297.9463196,0,110.8499146,9.999999747e-05,60.81099319,100659.9531,15.83405018,3.914428471
169.1999969,160.4674199,83.77605625,24.53684755,64.43332601,0.9761414927,145.6966411,6.491315365,297.8791504,0,114.2764053,9.999999747e-05,9.999999747e-05,100700.9453,15.88391781,3.70417397
169.3999939,160.4674199,89.24113704,23.37502674,66.05016961,0.9639405282,147.7326157,6.489933968,297.9428101,0,118.2616196,9.999999747e-05,60.50587463,100744.4297,15.80374241,3.85604747
169.6000061,160.4674199,87.9374878,24.32694923,65.67489523,0.9755492147,149.7655366,6.490836143,297.8753967,0,122.8080826,9.999999747e-05,9.999999747e-05,100789.1484,15.8957653,3.92564542
169.8000031,160.4674199,88.0211945,24.4261755,65.94114322,0.98255723,148.0877752,6.494094849,297.9401855,0,126.9863205,9.999999747e-05,61.05105972,100834.5078,15.95955372,4.008520319
170,160.4674199,89.49513652,23.4969694,66.14765964,0.9682086046,148.7232116,6.498195171,297.8727722,0,129.8605499,9.999999747e-05,9.999999747e-05,100880.8281,15.85557842,4.003639954
170.1999969,160.4674199,89.49513652,23.76562979,66.44275191,0.9701334307,153.7507537,6.502218246,297.9390564,0,131.0995178,9.999999747e-05,61.86138535,100928.4688,15.882761,4.014572
170.3999939,160.4674199,89.49513652,23.77046471,66.36458135,0.9737909643,153.9319345,6.507609367,297.8719482,0,130.7321777,9.999999747e-05,9.999999747e-05,100976.2422,15.91083622,4.139791815
170.6000061,160.4674199,83.9582326,24.77457923,64.64907113,0.9789795687,147.8069079,6.51417017,297.9395447,0,128.2036285,9.999999747e-05,62.31584167,101020.9688,15.93043137,4.005265555
170.8000031,160.4674199,89.46365153,23.82752315,65.68143431,0.9692147911,151.3403579,6.516380787,297.8750916,0,123.0513306,9.999999747e-05,9.999999747e-05,101066.6641,15.84264088,4.148197016
171,160.4674199,89.28173533,23.80399822,66.30067846,0.9691647452,153.7802041,6.516776562,297.9440918,0,117.0326843,9.999999747e-05,61.20724106,101111.6328,15.84821701,4.169028095
171.1999969,160.4674199,87.47443084,23.92978334,65.8502738,0.9680343869,144.2771692,6.515184879,297.8824768,0,110.8478394,9.999999747e-05,9.999999747e-05,101152.8672,15.81403542,4.052189009
171.3999939,160.4674199,89.27689842,23.32761654,66.04050154,0.962210053,149.6063673,6.511284828,297.9490662,0,105.3004074,9.999999747e-05,59.23786926,101194.4609,15.766675,4.08999989
171.6000061,160.4674199,87.40517323,24.09657249,65.89843019,0.9731489232,147.1504719,6.506962299,297.8903198,0,101.3141403,9.999999747e-05,9.999999747e-05,101234.4453,15.84234428,4.107332239
171.8000031,160.4674199,85.06024892,23.82429127,64.49358096,0.9660340498,148.7185484,6.503103733,297.9498901,0,99.05093384,9.999999747e-05,56.20793915,101273.5859,15.77942467,3.960345662
172,160.4674199,89.49513652,23.22226263,66.3493652,0.9613995897,149.6973738,6.496824741,297.8891907,0,98.32830048,9.999999747e-05,9.999999747e-05,101313.7891,15.75263214,4.026844149
172.1999969,160.4674199,86.42193165,23.87399891,65.87596555,0.9615597185,144.8773908,6.493684769,297.9489136,0,100.1266022,9.999999747e-05,55.2618103,101352.7812,15.74776173,4.032043174
172.3999939,160.4674199,89.49513652,23.41117663,66.13730868,0.9677147279,150.2456404,6.49092865,297.8894653,0,103.1628952,9.999999747e-05,9.999999747e-05,101394.2578,15.80518055,4.126587353
172.6000061,160.4674199,87.33759688,24.03431918,65.97030037,0.9662848232,145.7961866,6.489271164,297.9451294,0,107.3104858,9.999999747e-05,54.87477875,101435.0625,15.79346466,3.962949163
172.8000031,160.4674199,89.49513652,23.79058258,66.06066969,0.9709790384,152.0035039,6.489652157,297.8830261,0,112.1186752,9.999999747e-05,9.999999747e-05,101478.75,15.84206676,4.102398285
173,160.4674199,88.38115416,23.9146747,66.23408743,0.9668059068,146.4556452,6.492835045,297.9418335,0,116.7712402,9.999999747e-05,55.93372345,101522.0391,15.81239223,4.108473646
173.1999969,160.4674199,85.8520373,24.16756528,64.76714447,0.9743860155,152.9168583,6.498480797,297.8771667,0,120.1480103,9.999999747e-05,9.999999747e-05,101566.7422,15.88166714,4.046454403
173.3999939,160.4674199,84.30173736,24.51593607,64.33306656,0.9744071731,154.4021624,6.504922867,297.9375305,0,121.2673416,9.999999747e-05,58.66040421,101611.6172,15.88394642,4.015460117
173.6000061,160.4674199,88.57671453,24.32876241,66.00815221,0.97335336,149.6801586,6.507596493,297.8747559,0,119.8152008,9.999999747e-05,9.999999747e-05,101656.2422,15.86575508,4.095286735
173.8000031,160.4674199,89.49513652,23.79989467,66.31782556,0.977095763,153.1759668,6.509352207,297.938446,0,117.3085327,9.999999747e-05,58.96887207,101701.2266,15.90773773,4.111733639
174,160.4674199,89.49513652,23.92196929,66.17525918,0.9772494867,153.968518,6.509250641,297.8754578,0,114.0904083,9.999999747e-05,9.999999747e-05,101745.6797,15.90114021,4.072833191
174.1999969,160.4674199,89.49513652,23.77421755,65.91936094,0.9743072597,150.4695188,6.50767374,297.9408875,0,110.9160843,9.999999747e-05,59.73065567,101788.6797,15.86411095,4.017840473
174.3999939,160.4674199,85.31499325,23.82934282,64.50950781,0.9711301353,148.8939328,6.506727219,297.8751831,0,108.3714371,9.999999747e-05,9.999999747e-05,101829.6562,15.83444595,3.801821413
174.6000061,160.4674199,88.13454595,23.90947501,66.14552826,0.9682863819,145.907228,6.503859043,297.9440002,0,106.1985855,9.999999747e-05,61.03000259,101870.3438,15.80636311,3.934433408
174.8000031,160.4674199,89.49513652,23.29242965,66.57534724,0.964392569,150.1810522,6.500223637,297.8807373,0,105.1814346,9.999999747e-05,9.999999747e-05,101911.9141,15.78847599,3.915460272
175,160.4674199,89.49513652,24.01436808,65.93092791,0.9731282658,153.6922636,6.496268749,297.9458313,0,105.6148071,9.999999747e-05,60.03743362,101954.3906,15.8450346,3.942644734
175.1999969,166.1235032,83.67293318,24.81894179,64.44043012,0.9714414585,148.504184,6.495807171,297.8807068,0,107.6285706,9.999999747e-05,9.999999747e-05,101993.6562,15.82410526,3.780473147
175.3999939,160.4674199,85.11521482,24.02670145,64.80057834,0.9715714376,149.8758513,6.494998932,297.9412231,0,109.8146286,9.999999747e-05,59.67090988,102034.9375,15.84263515,3.691080919
175.6000061,160.4674199,89.47855659,23.74769842,65.99790715,0.9698871908,152.7865892,6.493874073,297.8756409,0,112.3362274,9.999999747e-05,9.999999747e-05,102078.4844,15.83250713,3.888632642
175.8000031,163.3803841,83.5973913,24.69208732,64.42827797,0.9769299932,147.835914,6.495689869,297.9362183,0,115.3077164,9.999999747e-05,59.66575241,102119.5859,15.88380051,3.692404823
176,160.4674199,89.49513652,23.52380095,66.71123862,0.9702067675,151.5723946,6.497154236,297.8703918,0,117.5422134,9.999999747e-05,9.999999747e-05,102163.9453,15.85578251,3.910789643
176.1999969,160.4674199,89.49513652,23.74157817,66.30682713,0.9708349074,153.8582888,6.498896599,297.9337769,0,119.2014542,9.999999747e-05,60.80413055,102209.1484,15.85774803,3.920043967
176.3999939,160.4674199,89.49513652,23.33466049,66.55313456,0.9651450971,149.3164172,6.500712395,297.8666992,0,120.1618118,9.999999747e-05,9.999999747e-05,102253.4844,15.81554985,3.84853628
176.6000061,160.4674199,85.41926437,24.01209744,64.48001936,0.9735084518,149.0807021,6.504078865,297.9333191,0,120.396431,9.999999747e-05,62.62244415,102296.8594,15.86608505,3.733991498
176.8000031,160.4674199,89.49513652,23.29254848,66.57618206,0.9662383783,148.4249216,6.505698681,297.8670959,0,119.2797012,9.999999747e-05,9.999999747e-05,102340.8438,15.82108307,3.863099058
177,160.4674199,89.49513652,23.60615117,66.58329935,0.9694056384,151.3670539,6.506268501,297.9354248,0,117.5257797,9.999999747e-05,63.10079575,102385.125,15.84402752,3.877038732
177.1999969,160.4674199,89.49513652,23.80511822,66.18351026,0.9730369883,153.3670797,6.505601883,297.8690186,0,115.5416946,9.999999747e-05,9.999999747e-05,102429.4141,15.86483765,3.85941665
177.3999939,160.4674199,89.49513652,23.84698547,66.27796078,0.976424047,152.4104531,6.503938675,297.9371033,0,113.8249283,9.999999747e-05,63.19555664,102473.125,15.89015293,3.825235813
177.6000061,160.4674199,89.49513652,23.48297874,66.6110784,0.9693546718,151.117288,6.502245426,297.8705139,0,112.7728424,9.999999747e-05,9.999999747e-05,102516.2891,15.83881378,3.792194802
177.8000031,160.4674199,89.20996119,23.85285017,65.96440783,0.9710350503,153.7459643,6.500520229,297.9377441,0,112.3948212,9.999999747e-05,62.8992157,102559.9219,15.8414259,3.812168184
178,160.4674199,83.32068474,24.58627862,64.64226304,0.9761458594,146.0675132,6.500183105,297.8710327,0,112.7070236,9.999999747e-05,9.999999747e-05,102600.5,15.87498283,3.539802689
178.1999969,160.4674199,84.59199401,23.96657001,64.49687692,0.9692275229,148.209635,6.500017166,297.9372559,0,113.1494522,9.999999747e-05,62.61933517,102641.8359,15.8212204,3.552141363
178.3999939,160.4674199,89.49513652,23.75098135,66.21535027,0.9761747208,153.6559095,6.498959541,297.8707886,0,113.6619949,9.999999747e-05,9.999999747e-05,102685.75,15.88802528,3.81566324
178.6000061,160.4674199,88.50061354,24.10401565,66.13103718,0.9740813141,147.9055873,6.49920845,297.9388428,0,114.6011963,9.999999747e-05,62.34909058,102728.5469,15.8595171,3.851885482
178.8000031,160.4674199,88.55979937,23.78022674,66.25571307,0.9659922849,145.0027571,6.499421597,297.8735962,0,115.4336319,9.999999747e-05,9.999999747e-05,102770.8203,15.79514313,3.783768401
179,160.4674199,88.57257403,24.04282683,66.23442583,0.9701240206,148.9910783,6.498233318,297.9378967,0,116.185051,9.999999747e-05,61.87831879,102813.9766,15.83371449,3.688295213
179.1999969,160.4674199,89.49513652,23.67856735,66.4024659,0.972851572,152.0213711,6.497190475,297.8708801,0,117.4162369,9.999999747e-05,9.999999747e-05,102858.1719,15.8674078,3.68125523
179.3999939,160.4674199,89.49513652,23.85727394,66.31127506,0.9794806967,153.3215995,6.49578476,297.9352722,0,119.0596542,9.999999747e-05,62.0046196,102902.9141,15.9243803,3.629227621
179.6000061,160.4674199,89.49513652,24.03503806,65.98760338,0.9765714447,154.25387,6.495077133,297.8682556,0,121.2669601,9.999999747e-05,9.999999747e-05,102948.3203,15.89682102,3.638477981
179.8000031,160.4674199,89.49513652,23.9398328,65.99443887,0.9733639746,150.9069352,6.495206833,297.9337463,0,123.7538681,9.999999747e-05,62.5529213,102993.5078,15.87031174,3.620843078
180,160.4674199,89.49513652,23.63673961,66.79296192,0.9708908591,151.6432006,6.494808674,297.8668518,0,126.1884842,9.999999747e-05,9.999999747e-05,103039.1562,15.87472534,3.495810029
180.1999969,160.4674199,85.28929654,24.30756763,64.74031408,0.9755649183,152.6154727,6.497200489,297.9335022,0,128.7867432,9.999999747e-05,63.08795929,103084.5625,15.9002943,3.410988277
180.3999939,160.4674199,85.346872,24.53128491,64.41784599,0.9784746516,153.1320434,6.501330853,297.8666992,0,130.4173431,9.999999747e-05,9.999999747e-05,103130.5547,15.91685677,3.525000178
180.6000061,160.4674199,89.49513652,23.7480772,66.18070913,0.9728836716,150.426336,6.502895832,297.9337769,0,130.3990173,9.999999747e-05,63.36914444,103176.8516,15.88249111,3.569301358
180.8000031,160.4674199,89.19384132,24.37128319,66.21887731,0.9730530008,149.4741051,6.504093647,297.8669128,0,129.7687683,9.999999747e-05,9.999999747e-05,103222.8516,15.87090874,3.615782592
181,160.4674199,89.49513652,23.72069536,66.58279414,0.9696393358,153.1752912,6.506263733,297.9339294,0,128.6523132,9.999999747e-05,63.43352509,103269.4375,15.86202335,3.653129259
181.1999969,163.949109,83.95870369,24.83117711,64.38043407,0.9848766711,148.8698172,6.509588242,297.8673096,0,126.6634521,9.999999747e-05,9.999999747e-05,103312.7422,15.95722008,3.519873556
181.3999939,160.4674199,89.31172814,24.0935206,66.00124659,0.9744903063,154.3485964,6.509988308,297.9338989,0,123.3442383,9.999999747e-05,63.28816605,103358.5234,15.8792038,3.700265764
181.6000061,160.4674199,89.49513652,24.06497154,66.40594806,0.974378964,148.8662869,6.509182453,297.8670654,0,119.8782272,9.999999747e-05,9.999999747e-05,103402.5234,15.86805725,3.708002986
181.8000031,160.4674199,89.30357272,23.95750836,66.46509137,0.9710144145,147.8624063,6.506991863,297.9336548,0,116.7292328,9.999999747e-05,63.28367615,103445.5547,15.83706188,3.650967511
182,160.4674199,89.49513652,23.65136713,66.56508367,0.9748686307,151.1072645,6.504734516,297.8668213,0,114.4571457,9.999999747e-05,9.999999747e-05,103488.8438,15.87637424,3.66698101
182.1999969,160.4674199,89.49513652,23.7210856,66.16412967,0.9698478656,150.8109649,6.501563549,297.9334106,0,113.0838318,9.999999747e-05,63.34495163,103531.7656,15.82417774,3.628280101
182.3999939,160.4674199,85.65146138,24.28154907,64.65479941,0.9729203871,151.0965728,6.500655651,297.8666992,0,112.9816742,9.999999747e-05,9.999999747e-05,103573.8828,15.8387413,3.568290478
182.6000061,160.4674199,89.49513652,23.28852562,66.71898421,0.9675857415,148.0155134,6.498193264,297.9331665,0,113.2321701,9.999999747e-05,63.31499863,103616.2109,15.8167944,3.595020508
182.8000031,160.4674199,89.49513652,23.32056084,66.98402473,0.9670137756,150.0709384,6.496638775,297.866394,0,114.480011,9.999999747e-05,9.999999747e-05,103659.2656,15.82036209,3.621835441
183,160.4674199,89.49513652,23.38622621,66.48672106,0.9691866582,148.85632,6.496037006,297.9328918,0,116.3416367,9.999999747e-05,63.3807869,103702.4922,15.82975674,3.640474591
183.1999969,160.4674199,89.49513652,23.41050338,67.04919438,0.9683785676,150.8440651,6.49841404,297.8675232,0,118.4438095,9.999999747e-05,9.999999747e-05,103746.7812,15.83575916,3.802010771
183.3999939,160.4674199,89.49513652,23.53987817,66.85906822,0.968214509,151.9137056,6.500196457,297.9324646,0,119.5883942,9.999999747e-05,62.7301712,103791.4844,15.83389187,3.748409725
183.6000061,160.4674199,89.49513652,23.36554777,66.81108013,0.9667967573,149.4750194,6.503241062,297.8673706,0,120.0315094,9.999999747e-05,9.999999747e-05,103835.8516,15.81939411,3.808177666
183.8000031,160.4674199,89.49513652,23.36940743,66.48739315,0.9647079066,149.301943,6.505070686,297.9319153,0,119.2508545,9.999999747e-05,62.29076767,103879.9609,15.7956562,3.744765693
184,160.4674199,89.49513652,23.37745503,66.56575662,0.9666866699,150.9669258,6.506359577,297.8657837,0,117.746376,9.999999747e-05,9.999999747e-05,103924.1094,15.81324959,3.74634681
184.1999969,160.4674199,89.49513652,23.5035867,66.66346858,0.9679611322,151.3527292,6.507070541,297.9324341,0,115.724205,9.999999747e-05,62.81901169,103967.9844,15.82001972,3.772169955
184.3999939,160.4674199,89.49513652,23.78083205,66.54293667,0.9709929982,153.5613479,6.505118847,297.8656616,0,113.4177322,9.999999747e-05,9.999999747e-05,104011.7266,15.84011745,3.664140937
184.6000061,160.4674199,89.49513652,23.54312519,66.31939577,0.96860856,148.9994787,6.502848148,297.9322815,0,111.8988037,9.999999747e-05,63.56623077,104054.1641,15.81018448,3.633070937
184.8000031,160.4674199,89.49513652,23.78047707,66.55652383,0.9666146836,146.7531829,6.498426437,297.8656921,0,111.280777,9.999999747e-05,9.999999747e-05,104095.8594,15.78913021,3.499685574
185,160.4674199,89.49513652,23.8967292,66.47530927,0.9724903151,147.6108073,6.495259762,297.9320068,0,112.4373779,9.999999747e-05,63.51151657,104138.0391,15.83657169,3.552195889
185.1999969,160.4674199,89.49513652,24.10604449,66.29420934,0.9726988669,146.7838571,6.492003918,297.8654175,0,114.8496628,9.999999747e-05,9.999999747e-05,104180.4844,15.8340168,3.494862942
185.3999939,160.4674199,89.49513652,23.85367678,66.61153729,0.9675901479,148.1461959,6.491136551,297.9315796,0,118.5687332,9.999999747e-05,63.47961807,104223.9766,15.80824947,3.528893463
185.6000061,160.4674199,85.85100763,24.18226767,64.71597789,0.9774597743,150.5200541,6.493327618,297.8650208,0,122.6264877,9.999999747e-05,9.999999747e-05,104267.875,15.88741493,3.427283226
185.8000031,160.4674199,89.49513652,23.67085266,66.57807692,0.9726309593,151.3067849,6.49618721,297.9310608,0,125.8055344,9.999999747e-05,63.49368286,104313.5312,15.8688755,3.594816224
186,160.4674199,89.49513652,23.83620382,66.61413287,0.9795140777,151.9589267,6.500349998,297.8643494,0,127.8482437,9.999999747e-05,9.999999747e-05,104359.8281,15.92735195,3.665949492
186.1999969,160.4674199,85.97668049,24.26023653,64.8961264,0.9776138113,150.458565,6.506561279,297.9306946,0,128.2236633,9.999999747e-05,63.64025879,104405.0781,15.89579391,3.611082673
186.3999939,160.4674199,89.49513652,23.94787494,66.7342847,0.9759471021,152.0097013,6.510317802,297.8640137,0,126.1121979,9.999999747e-05,9.999999747e-05,104451.1016,15.8928175,3.722308605
186.6000061,160.4674199,89.49513652,23.6885003,66.82596013,0.9735580703,151.8032406,6.512334824,297.9304504,0,122.5126572,9.999999747e-05,63.78647995,104496.2422,15.87332344,3.669330762
186.8000031,160.4674199,89.49513652,23.48612433,66.61438702,0.970715947,148.3687679,6.51266098,297.8638611,0,118.1041718,9.999999747e-05,9.999999747e-05,104539.7188,15.83574009,3.634707498
187,160.4674199,85.57802248,24.10541211,64.72850741,0.9728046367,150.1435575,6.512467384,297.9303894,0,113.5651016,9.999999747e-05,63.804142,104581.6641,15.8316021,3.500915732
187.1999969,160.4674199,85.86298894,24.07087469,64.79510649,0.976061462,149.9696211,6.511009216,297.8639221,0,109.0998001,9.999999747e-05,9.999999747e-05,104622.7734,15.84932804,3.538357142
187.3999939,160.4674199,89.49513652,23.90220295,66.48422939,0.9721145189,152.231098,6.506657124,297.9330444,0,105.220192,9.999999747e-05,63.79127502,104664.5,15.82017803,3.666059916
187.6000061,160.4674199,89.49513652,23.30672065,66.67140956,0.966028463,149.4991747,6.502149105,297.8693542,0,103.0869827,9.999999747e-05,9.999999747e-05,104705.125,15.77470398,3.618606653
187.8000031,160.4674199,89.49513652,23.29736188,66.8421858,0.9662335509,149.2654421,6.497709751,297.9356079,0,102.7482681,9.999999747e-05,62.52398682,104745.625,15.77825546,3.6021962
188,160.4674199,89.49513652,23.5867548,66.42246648,0.9676892243,144.8165146,6.494936943,297.8747864,0,104.1844406,9.999999747e-05,9.999999747e-05,104785.6875,15.76981926,3.69790433
188.1999969,160.4674199,89.49513652,23.7105946,66.6317322,0.9672816089,150.9610797,6.494168282,297.9383545,0,106.7245407,9.999999747e-05,59.84617615,104827.6719,15.78127193,3.779092939
188.3999939,160.4674199,86.02275138,23.89127138,64.98324151,0.970478772,148.9287259,6.497466564,297.877533,0,109.570816,9.999999747e-05,9.999999747e-05,104869.0859,15.8007412,3.764927982
188.6000061,160.4674199,89.49513652,23.447009,66.61177117,0.9686746954,150.9956569,6.500381947,297.9404602,0,111.0909958,9.999999747e-05,58.64211655,104912.1719,15.80223942,3.901493574
188.8000031,160.4674199,89.49513652,23.37860052,66.98368905,0.9688166252,150.1947016,6.503242493,297.8813782,0,111.4591904,9.999999747e-05,9.999999747e-05,104955.1641,15.81019974,3.882599022
189,160.4674199,85.32202082,23.99962306,64.71283083,0.9713403293,149.4266015,6.506507874,297.9376526,0,110.6821823,9.999999747e-05,57.18941879,104996.75,15.80934811,3.695606813
189.1999969,160.4674199,89.49513652,23.41328047,66.69102478,0.9688445783,150.9098332,6.508181095,297.8793335,0,108.5975571,9.999999747e-05,9.999999747e-05,105039.3516,15.80015659,3.888088664
189.3999939,160.4674199,89.49513652,23.39896704,66.41120893,0.9656766554,149.3341286,6.508865356,297.9378357,0,105.8500824,9.999999747e-05,55.69903564,105081.1016,15.76107216,3.897767748
189.6000061,160.4674199,89.49513652,23.35224716,66.58547135,0.9694530168,150.4354046,6.507918358,297.880249,0,102.8271179,9.999999747e-05,9.999999747e-05,105122.4141,15.79375076,3.84886432
189.8000031,160.4674199,89.49513652,23.51747001,66.43947445,0.9709094628,151.0209062,6.506202221,297.9396667,0,100.1850204,9.999999747e-05,55.86350632,105163.375,15.79617405,3.879117254
190,160.4674199,85.77200527,24.28930305,64.60390444,0.9724236586,150.0748531,6.504492283,297.8812256,0,98.22671509,9.999999747e-05,9.999999747e-05,105202.8047,15.78490734,3.7290338
190.1999969,160.4674199,89.49513652,23.82357739,66.36804817,0.9690926455,151.1189492,6.501310825,297.9417725,0,96.94988251,9.999999747e-05,56.15692902,105243.1484,15.76781178,3.860591992
190.3999939,160.7517776,84.03729305,24.12241414,64.66405712,0.9700935941,144.3983903,6.500162125,297.8826599,0,96.95050812,9.999999747e-05,9.999999747e-05,105280.5547,15.76894474,3.612304837
190.6000061,160.4674199,89.24501809,23.60387896,66.01095165,0.9745800369,149.5052452,6.496823788,297.94104,0,97.39923859,9.999999747e-05,56.33364868,105320.4219,15.81136513,3.734650199
190.8000031,160.4674199,88.22799208,24.42445742,65.97508344,0.9731532753,148.1187682,6.494466305,297.8837585,0,99.19705963,9.999999747e-05,9.999999747e-05,105360.25,15.78959656,3.753177229
191,160.4674199,85.20487927,24.38622281,64.30962343,0.9738205419,150.5652834,6.495110512,297.9371948,0,101.9276733,9.999999747e-05,55.04045105,105400.3359,15.7976265,3.655965314
191.1999969,160.4674199,86.08731609,23.88525577,64.82230965,0.9740566179,147.8666849,6.497229099,297.8777466,0,104.3937531,9.999999747e-05,9.999999747e-05,105440.5547,15.80949879,3.694528236
191.3999939,160.4674199,89.49513652,23.24184808,66.65140699,0.9645989301,147.8276991,6.498823166,297.9346619,0,106.0172043,9.999999747e-05,55.64219666,105481.9141,15.7504015,3.784366303
191.6000061,160.4674199,89.49513652,23.28240018,66.95334866,0.9670293418,149.3697321,6.500290394,297.8753052,0,107.0095291,9.999999747e-05,9.999999747e-05,105523.7266,15.77950573,3.746301239
191.8000031,160.4674199,89.21512169,23.61798386,66.42181449,0.9663162599,145.6028424,6.50130415,297.9336853,0,107.4135895,9.999999747e-05,56.96739197,105564.7656,15.75381565,3.707918931
192,160.4674199,89.30362615,23.78775817,66.54946096,0.9692838469,145.3757738,6.502045155,297.8746643,0,107.4133759,9.999999747e-05,9.999999747e-05,105605.7969,15.77521324,3.707179855
192.1999969,162.2078177,84.21764172,24.25427898,64.71779965,0.9716374894,145.7194614,6.505560398,297.932251,0,107.1162033,9.999999747e-05,57.3625145,105645.2578,15.78982639,3.604802798
192.3999939,160.4674199,85.47401578,24.53123353,64.32903995,0.9795084339,151.730611,6.507077217,297.8713379,0,105.4029312,9.999999747e-05,9.999999747e-05,105686.2969,15.84137154,3.639899143
192.6000061,160.4674199,85.34813324,24.02989286,64.79416891,0.9727482952,149.3344728,6.50783968,297.930603,0,103.09832,9.999999747e-05,58.39611816,105726.2188,15.79473495,3.584719617
192.8000031,162.5415384,84.36148112,24.22374152,64.54332362,0.9738319594,145.6597472,6.508179188,297.8710327,0,100.4848175,9.999999747e-05,9.999999747e-05,105764.2109,15.78975582,3.580185465
193,160.4674199,85.17517031,23.86545915,64.57483899,0.9720537568,147.3828306,6.50669384,297.9310913,0,97.73453522,9.999999747e-05,58.47960281,105802.5078,15.77402115,3.538765896
193.1999969,160.4674199,88.27016238,23.80149059,66.04386151,0.9710236857,145.6705297,6.502645493,297.8731384,0,95.58287811,9.999999747e-05,9.999999747e-05,105840.7891,15.76133728,3.61486761
193.3999939,160.4674199,89.49513652,23.26770588,66.56228702,0.9663944561,148.2033785,6.498826981,297.9345093,0,95.05328369,9.999999747e-05,57.78190613,105879.7656,15.73484707,3.660874193
193.6000061,160.4674199,89.49513652,23.11848229,66.735549,0.9634474357,147.3769303,6.495304585,297.8757324,0,96.04205322,9.999999747e-05,9.999999747e-05,105918.6953,15.71606255,3.602111264
193.8000031,160.4674199,85.32623484,23.65367464,64.83927009,0.9667234392,146.0984413,6.494486332,297.9331665,0,98.43964386,9.999999747e-05,57.84160995,105956.8125,15.73187065,3.464879569
194,160.4674199,89.49513652,23.80607158,66.48609627,0.9722308924,150.5760884,6.492361069,297.8725891,0,101.1566162,9.999999747e-05,9.999999747e-05,105997.5078,15.78559303,3.589184255
194.1999969,160.4674199,89.49513652,23.55487895,66.64054562,0.9664387585,145.4778746,6.491988659,297.9313049,0,104.7365494,9.999999747e-05,58.01722336,106037.8516,15.74068737,3.572707636
194.3999939,160.4674199,89.49513652,23.67435656,66.23683037,0.9743460037,150.0395053,6.493941784,297.8708801,0,108.4555588,9.999999747e-05,9.999999747e-05,106080.0234,15.81003666,3.650324304
194.6000061,160.4674199,89.49513652,23.56302117,66.45370586,0.9724304831,150.6790598,6.496487141,297.9288635,0,111.3911819,9.999999747e-05,58.63175201,106122.8516,15.80690575,3.596702569
194.8000031,160.4674199,89.49513652,23.62302271,66.71824779,0.9689256539,149.0653079,6.500317097,297.8677673,0,113.3143082,9.999999747e-05,9.999999747e-05,106165.8281,15.77920437,3.648690236
195,160.4674199,89.49513652,23.34098707,66.7553726,0.9652595293,148.3201833,6.504335403,297.9279175,0,113.7030411,9.999999747e-05,59.27360535,106208.6875,15.75330257,3.629518584
195.1999969,160.4674199,89.49513652,23.7061936,66.6489102,0.967436152,146.5493156,6.507177353,297.867218,0,112.4879608,9.999999747e-05,9.999999747e-05,106250.9688,15.75653648,3.624316439
195.3999939,160.4674199,89.49513652,24.01009929,66.33301903,0.9738840172,152.7477312,6.510062695,297.9312439,0,110.1404877,9.999999747e-05,59.8030014,106294.25,15.80367756,3.745983964
195.6000061,160.4674199,89.49513652,23.37931476,66.86108319,0.9690301722,148.8861794,6.511813641,297.8731384,0,106.6351318,9.999999747e-05,9.999999747e-05,106335.9062,15.77071095,3.699883754
195.8000031,160.4674199,88.76860095,23.90774323,66.11462189,0.9724223856,145.9941089,6.511286736,297.9362183,0,102.4331131,9.999999747e-05,58.80080414,106375.9453,15.76879692,3.653640358
196,160.4674199,89.49513652,24.10119411,66.15332736,0.9717327957,150.8297696,6.508254528,297.8786011,0,98.44579315,9.999999747e-05,9.999999747e-05,106416.3438,15.75609779,3.647039591
196.1999969,160.4674199,89.49513652,24.01007793,66.06601147,0.9724918847,152.2803072,6.504339218,297.9383545,0,95.67230225,9.999999747e-05,57.34281158,106456.4609,15.7603569,3.634818807
196.3999939,160.4674199,89.49513652,23.17676762,66.5199557,0.9646456895,146.7793771,6.499977112,297.8791504,0,94.45975494,9.999999747e-05,9.999999747e-05,106494.9453,15.70749474,3.501929175
196.6000061,160.4674199,89.49513652,23.22775645,66.53744608,0.9671006701,147.4869896,6.494657516,297.9330139,0,94.99066162,9.999999747e-05,56.87213898,106533.5156,15.73170757,3.368181998
196.8000031,160.4674199,89.49513652,23.39993707,66.48497855,0.9675513347,146.8957743,6.490147114,297.8695984,0,97.65110779,9.999999747e-05,9.999999747e-05,106572.4766,15.73408222,3.337088089
197,160.4674199,89.49513652,23.50690322,66.64052299,0.9662537393,145.3214871,6.488390923,297.9271545,0,102.110054,9.999999747e-05,58.56190872,106612.1406,15.72547245,3.413610595
197.1999969,160.4674199,89.49513652,24.11526826,66.31782927,0.9709174147,148.1416724,6.487941265,297.8638,0,107.2650375,9.999999747e-05,9.999999747e-05,106653.5,15.76041412,3.42397758
197.3999939,160.4674199,89.47879796,23.63649511,66.33762714,0.9682983619,147.7885246,6.488483906,297.9215088,0,112.604454,9.999999747e-05,60.64057922,106695.6328,15.75874138,3.291138318
197.6000061,160.4674199,89.49513652,24.01791914,66.30825441,0.9745702716,147.5411406,6.491607189,297.8554077,0,117.7276382,9.999999747e-05,9.999999747e-05,106738.9219,15.80841541,3.386544224
197.8000031,160.4674199,85.83215367,24.23996896,64.63558906,0.974223436,149.7791505,6.497030735,297.9183655,0,121.5963364,9.999999747e-05,63.17705536,106782.4609,15.80914307,3.237203735
198,160.4674199,85.73166184,24.25287599,64.60361622,0.9722681197,149.2320614,6.502914906,297.8523865,0,123.2963257,9.999999747e-05,9.999999747e-05,106826.1875,15.79304981,3.23710269
198.1999969,160.4674199,86.16023118,24.16318901,64.81904898,0.9737820837,148.3139501,6.508026123,297.9190674,0,122.6483459,9.999999747e-05,65.04554749,106869.6484,15.80430126,3.240334953
198.3999939,160.4674199,85.61456456,24.127894,64.50846487,0.9714335596,147.6165978,6.511273861,297.8531799,0,119.9598923,9.999999747e-05,9.999999747e-05,106912.1562,15.77721024,3.154713962
198.6000061,160.4674199,89.49513652,23.62731999,66.43054919,0.969102094,147.7842442,6.511750698,297.9212036,0,115.9760971,9.999999747e-05,65.80883026,106954.8203,15.76494026,3.282280663
198.8000031,160.4674199,85.07405861,24.52571808,64.3536545,0.9762806763,149.998136,6.511961937,297.8552856,0,111.8046646,9.999999747e-05,9.999999747e-05,106996.0312,15.79780006,3.170193676
199,160.4674199,88.89902158,23.83095518,66.0234369,0.9693022866,147.437748,6.508971691,297.9230957,0,107.5406723,9.999999747e-05,65.73177338,107036.6875,15.74243355,3.233405442
199.1999969,160.4674199,89.49513652,23.55239214,66.48068996,0.96542596,145.1274788,6.504683018,297.8571167,0,104.4824371,9.999999747e-05,9.999999747e-05,107076.3203,15.70830536,3.214100784
199.3999939,160.4674199,89.49513652,24.16625461,65.87606694,0.9725607677,150.5543864,6.499796867,297.9240417,0,103.133667,9.999999747e-05,65.32185364,107116.8984,15.7519083,3.258846534
199.6000061,160.4674199,89.49513652,23.47127459,66.4771457,0.9719954593,149.36994,6.496686459,297.8585205,0,103.7372284,9.999999747e-05,9.999999747e-05,107157.3359,15.76766109,3.275872637
199.8000031,160.4674199,89.49513652,23.36487125,66.62237291,0.9700462149,147.5941853,6.494463444,297.9242554,0,105.5772705,9.999999747e-05,64.67752838,107197.7656,15.75521851,3.262440847
200,160.4674199,89.49513652,23.80321152,66.62045479,0.9697540297,150.0323474,6.494407654,297.8604431,0,108.3091431,9.999999747e-05,9.999999747e-05,107239.4844,15.74970341,3.389586821
200.1999969,160.4674199,89.49513652,23.62226706,66.57046472,0.9675677488,146.5523783,6.494040012,297.9234009,0,111.0590591,9.999999747e-05,63.4830513,107280.8906,15.73472977,3.266650862
200.3999939,160.4674199,89.49513652,23.56668056,66.56481089,0.9683549633,147.274891,6.49516964,297.8574219,0,113.9640732,9.999999747e-05,9.999999747e-05,107323.0781,15.74683857,3.286731931
200.6000061,160.4674199,89.49513652,23.51166054,66.53504429,0.9670266947,149.312654,6.497664452,297.9213867,0,116.4113693,9.999999747e-05,64.05437469,107366.2422,15.74280167,3.317847327
200.8000031,160.4674199,86.03800368,24.48997075,64.56671492,0.9738097167,149.7694319,6.501113892,297.8554993,0,117.8609238,9.999999747e-05,9.999999747e-05,107409.0234,15.773633,3.228813191
201,160.4674199,89.49513652,24.04521553,66.54397393,0.9703944921,147.8379022,6.503499985,297.9206543,0,117.9320068,9.999999747e-05,64.66074371,107452.3047,15.75892925,3.344260697
201.1999969,160.4674199,84.56333106,24.44351758,64.23964914,0.9750619096,148.5451648,6.507016659,297.8548584,0,117.0551376,9.999999747e-05,9.999999747e-05,107494.2734,15.78438377,3.161798342
201.3999939,160.4674199,89.49513652,23.93822183,66.45718489,0.9731204299,150.3493784,6.507151127,297.9206848,0,114.7646255,9.999999747e-05,65.05592346,107537.3203,15.78111076,3.270709835
201.6000061,160.4674199,89.49513652,24.07398809,66.37490686,0.9723414632,149.8011731,6.50667572,297.8547363,0,112.4349442,9.999999747e-05,9.999999747e-05,107579.8359,15.76370716,3.302244767
201.8000031,160.4674199,89.49513652,23.70024851,66.33083888,0.9718914189,148.0940126,6.505000591,297.9210205,0,110.2865677,9.999999747e-05,65.30438995,107621.4219,15.76031303,3.222744211
202,160.4674199,89.49513652,23.79093595,66.35232412,0.9675351915,147.1347949,6.503575802,297.855896,0,108.810257,9.999999747e-05,9.999999747e-05,107662.5938,15.7150631,3.277773219
202.1999969,160.4674199,89.49513652,23.46491715,66.56729245,0.9684600042,148.3201014,6.503029346,297.9231262,0,107.8992844,9.999999747e-05,64.92715454,107703.8594,15.73097324,3.323706173
202.3999939,160.4674199,89.49513652,23.51468463,66.57933688,0.9711195248,148.442517,6.502273083,297.8592834,0,107.2047806,9.999999747e-05,9.999999747e-05,107745.0234,15.7502594,3.326094549
202.6000061,160.4674199,89.49513652,23.40476412,66.58889933,0.9655452,147.3587678,6.500542641,297.9234619,0,106.8162231,9.999999747e-05,64.10254669,107785.7578,15.70421028,3.241108873
202.8000031,160.4674199,89.30902161,24.25280737,65.85510315,0.9732092576,150.9810437,6.497294426,297.8575134,0,107.1224365,9.999999747e-05,9.999999747e-05,107827.2656,15.7486639,3.191193554
203,165.319507,84.05111126,24.3935653,64.37391253,0.9736972938,144.6150133,6.495903492,297.921814,0,108.729805,9.999999747e-05,64.32341003,107865.3203,15.75197792,2.92843886
203.1999969,160.4674199,89.49513652,23.7962229,66.12832237,0.9704278858,148.3452265,6.494287968,297.8559265,0,110.8825684,9.999999747e-05,9.999999747e-05,107906.9844,15.73700809,3.147780145
203.3999939,160.4674199,89.49513652,23.43982421,66.74482488,0.9673674104,147.9687286,6.493347645,297.9205933,0,113.6882782,9.999999747e-05,64.64971161,107949.0078,15.73352337,3.086810794
203.6000061,160.4674199,89.49513652,23.42556691,66.88121915,0.9665631267,148.1956718,6.492861271,297.8547363,0,116.8672104,9.999999747e-05,9.999999747e-05,107991.6484,15.73521233,3.038450438
203.8000031,167.2620141,83.63782726,24.66777495,64.18632448,0.9748885326,146.2924898,6.494114399,297.920166,0,120.241188,9.999999747e-05,64.96102142,108031.7578,15.77562141,2.841795681
204,160.4674199,89.49513652,23.73400417,66.65670797,0.9681068198,146.9481682,6.494631767,297.8544006,0,123.1098099,9.999999747e-05,9.999999747e-05,108075.3594,15.74492359,3.006447959
204.1999969,160.4674199,85.20406004,24.31842574,64.65039386,0.974580766,148.2553038,6.49741888,297.920166,0,125.7793579,9.999999747e-05,65.21602631,108118.7266,15.78750229,2.897571118
204.3999939,160.4674199,84.22745899,24.56105089,64.28304775,0.9801855437,147.9794396,6.499959469,297.8545532,0,127.3242416,9.999999747e-05,9.999999747e-05,108162.0391,15.8311739,2.82828518
204.6000061,160.4674199,86.44436002,24.30049846,64.74715088,0.9741988936,147.9702117,6.50272131,297.9201965,0,127.8610611,9.999999747e-05,65.2118454,108206.0469,15.7777338,2.949486214
204.8000031,160.4674199,89.49513652,23.54643432,66.67957808,0.9670998926,147.7547441,6.505801678,297.8544006,0,127.2916107,9.999999747e-05,9.999999747e-05,108250.6641,15.74092674,3.101433897
205,160.4674199,89.49513652,23.69433263,66.47096581,0.9663457562,149.0019829,6.508713722,297.9198914,0,125.4897232,9.999999747e-05,65.26371002,108295.25,15.72514725,3.155707105
205.1999969,160.4674199,85.34494274,24.47079166,64.34579444,0.9772400982,147.8449531,6.509703636,297.8542786,0,122.524559,9.999999747e-05,9.999999747e-05,108337.8516,15.78648567,2.92666755
205.3999939,160.4674199,89.49513652,23.65613805,66.58137574,0.9702475032,148.5215249,6.508660316,297.9195862,0,119.1692123,9.999999747e-05,65.20279694,108380.875,15.74891853,3.039367687
205.6000061,160.4674199,86.422932,24.1076849,64.58640302,0.9750728481,146.3930051,6.506054401,297.8540039,0,116.2317581,9.999999747e-05,9.999999747e-05,108421.9922,15.75784016,2.854355323
205.8000031,160.4674199,89.49513652,24.18859604,66.04100446,0.9710237087,149.2886939,6.503911495,297.91922,0,114.335289,9.999999747e-05,65.20676422,108464.3438,15.72438431,3.115408801
206,160.4674199,86.72397591,24.04466246,64.67061321,0.9728480193,146.1009357,6.503389359,297.8536072,0,113.289444,9.999999747e-05,9.999999747e-05,108505.1406,15.72723389,3.049253576
206.1999969,160.4674199,89.49513652,23.53938985,66.51793877,0.9688830381,147.7253343,6.501644611,297.9188843,0,112.4486313,9.999999747e-05,65.26812744,108546.7422,15.71845627,3.103720869
206.3999939,160.4674199,89.49513652,23.65244196,66.34323614,0.9697021142,146.6731175,6.500085831,297.8531799,0,112.3147736,9.999999747e-05,9.999999747e-05,108588.1562,15.71622467,3.122961229
206.6000061,160.4674199,89.49513652,24.01539597,66.37365891,0.9692770253,149.9097367,6.498231411,297.9185791,0,112.8000183,9.999999747e-05,65.39574432,108630.3984,15.71286678,3.121902453
206.8000031,160.4674199,89.49513652,23.63776496,66.4441534,0.9668718882,145.5976148,6.496902943,297.8529358,0,114.0284729,9.999999747e-05,9.999999747e-05,108671.9297,15.69510555,3.076074778
207,160.4674199,86.21813634,24.20438242,64.59561412,0.9721655252,148.0494664,6.498260021,297.9185486,0,115.7857819,9.999999747e-05,65.46606445,108713.6641,15.72327995,3.058609401
207.1999969,160.4674199,89.49513652,24.12954435,66.26672917,0.967504905,148.3317374,6.498322964,297.8528442,0,116.9931183,9.999999747e-05,9.999999747e-05,108756.5469,15.69466591,3.145676311
207.3999939,160.4674199,86.20490099,24.25906445,64.34106615,0.973218586,148.2117426,6.50150013,297.9184875,0,118.1880341,9.999999747e-05,65.54692841,108798.9297,15.72783089,3.126475752
207.6000061,160.4674199,86.26773582,24.30275576,64.4604515,0.9728840752,148.2347388,6.504566193,297.8529053,0,118.0978165,9.999999747e-05,9.999999747e-05,108841.3516,15.72439957,3.134853933
207.8000031,160.4674199,89.49513652,23.80896766,66.12960706,0.9709071659,147.2975384,6.505239964,297.918335,0,116.7914886,9.999999747e-05,65.51495361,108884.0156,15.72107983,3.166616582
208,160.4674199,89.49513652,23.60236509,66.4469239,0.9705623494,148.1999764,6.505863667,297.8526306,0,115.2231445,9.999999747e-05,9.999999747e-05,108926.5547,15.72495365,3.177038122
208.1999969,160.4674199,89.49513652,23.69053727,66.20154312,0.9705740494,148.8622438,6.50513792,297.9179993,0,113.3978043,9.999999747e-05,65.53385925,108968.8047,15.71749878,3.134815718
208.3999939,160.4674199,89.49513652,24.02600991,66.17656806,0.9696164976,146.5708748,6.503535271,297.852356,0,111.8670731,9.999999747e-05,9.999999747e-05,109010.3203,15.69432354,3.136574106
208.6000061,164.2332896,84.34154864,24.46546019,64.1817619,0.9728955893,145.1295704,6.501970291,297.9179382,0,110.9758301,9.999999747e-05,65.55390167,109049.1328,15.71026134,2.867503883
208.8000031,160.4674199,89.49513652,23.74580819,66.28277641,0.968451298,149.347402,6.498889923,297.8522949,0,110.7078018,9.999999747e-05,9.999999747e-05,109090.7656,15.69514751,3.009706264
209,160.4674199,86.22735548,24.21931254,64.59428618,0.9717992418,147.8038818,6.497580528,297.9178162,0,111.6768646,9.999999747e-05,65.62976837,109131.5078,15.70342636,2.941683757
209.1999969,160.4674199,89.49513652,23.8655174,66.43459798,0.9684680621,148.5074708,6.497661114,297.8521729,0,113.1590805,9.999999747e-05,9.999999747e-05,109173.6719,15.69179821,3.160319931
209.3999939,160.4674199,89.49513652,23.83634249,65.93271522,0.9692218586,148.161727,6.498288155,297.9174805,0,114.6101303,9.999999747e-05,65.64026642,109216.0469,15.69103909,3.159144921
209.6000061,172.7075186,86.10832893,24.61884311,64.27698699,0.9721279705,146.4257601,6.499442577,297.8520203,0,115.8131485,9.999999747e-05,9.999999747e-05,109254.9531,15.69271183,3.033542212
209.8000031,160.8738503,85.43544609,24.72739338,64.12168732,0.9767839101,147.705254,6.500365734,297.9172668,0,116.5542679,9.999999747e-05,65.5644455,109296.4688,15.73501968,2.967144803
210,160.4674199,89.48447692,23.87153863,65.96675327,0.9744807858,147.060506,6.500132084,297.8517151,0,116.9285736,9.999999747e-05,9.999999747e-05,109338.9062,15.73620033,3.044765151
210.1999969,173.2739666,86.35482558,24.6874148,64.38393257,0.9747650448,147.1437669,6.500356197,297.9170227,0,117.3994904,9.999999747e-05,65.64124298,109378.0938,15.71613789,2.957441636
210.3999939,160.4674199,89.49513652,23.77402074,66.24432543,0.9693901202,147.2282333,6.500056744,297.8514709,0,117.7754593,9.999999747e-05,9.999999747e-05,109420.6641,15.70035076,3.006352813
210.6000061,160.4674199,89.49513652,24.1583106,65.90982608,0.9731274386,147.6309846,6.499912262,297.916687,0,118.2745438,9.999999747e-05,65.69927979,109463.5,15.7182951,3.041924596
210.8000031,160.4674199,89.49513652,23.6055613,66.44152575,0.9677981672,147.9814432,6.500033855,297.8511353,0,118.8290634,9.999999747e-05,9.999999747e-05,109506.3828,15.69516182,2.986761453
211,160.4674199,89.49513652,23.52159541,66.48913935,0.9658857047,146.3604562,6.50116396,297.9163818,0,119.3347321,9.999999747e-05,65.74208069,109549.0859,15.67713165,3.025666823
211.1999969,160.4674199,89.49513652,23.6404618,66.56417918,0.9681211859,147.5847323,6.502570629,297.8508301,0,119.3857651,9.999999747e-05,9.999999747e-05,109592.1016,15.69509983,3.05481332
211.3999939,160.4674199,89.49513652,23.65904069,66.33106847,0.967991813,147.6781477,6.502938271,297.9160767,0,118.8764572,9.999999747e-05,65.80323792,109634.9609,15.68949413,3.002095567
211.6000061,160.4674199,89.49513652,23.92902114,66.20809649,0.9711492583,148.8400114,6.50235796,297.8505554,0,118.2244797,9.999999747e-05,9.999999747e-05,109677.9219,15.70918655,2.97985186
211.8000031,160.4674199,89.49513652,23.98406721,66.24094025,0.9703134711,148.7292686,6.501110077,297.9158325,0,117.8043823,9.999999747e-05,65.85958862,109720.7344,15.70099735,2.945897055
212,160.4674199,89.49513652,23.74577612,66.17829404,0.973959661,147.988674,6.500037193,297.8503418,0,117.8825073,9.999999747e-05,9.999999747e-05,109763.3594,15.73296261,2.922332745
212.1999969,160.4674199,89.49513652,24.14734129,66.03728918,0.9726420847,150.305395,6.499489307,297.9155579,0,118.3870773,9.999999747e-05,65.89633179,109806.6797,15.71483421,2.979132561
212.3999939,160.4674199,89.49513652,23.96612943,66.23687071,0.9701331348,147.9996541,6.500535488,297.8500671,0,119.1097412,9.999999747e-05,9.999999747e-05,109849.75,15.69469357,3.039721375
212.6000061,160.4674199,89.49513652,23.95795305,66.2662039,0.9698379748,148.3664174,6.503250599,297.9153137,0,119.4104462,9.999999747e-05,65.93933868,109893.1172,15.69046402,3.136390117
212.8000031,160.4674199,89.49513652,23.56345841,66.44451629,0.966372398,146.4149899,6.505961895,297.849823,0,118.6246643,9.999999747e-05,9.999999747e-05,109935.8594,15.66614151,3.11778969
213,160.4674199,89.49513652,23.94028847,66.00242054,0.9688717983,145.3006259,6.50625658,297.9151306,0,116.7596207,9.999999747e-05,65.9805603,109977.9453,15.66795444,3.042690219
213.1999969,163.4946965,87.55487931,24.44864955,64.38804065,0.9713338011,146.878608,6.505514145,297.849762,0,114.784729,9.999999747e-05,9.999999747e-05,110018.8203,15.66207314,2.948837026
213.3999939,168.1792271,86.78190118,24.20992547,64.5123699,0.9734912063,144.534213,6.504798889,297.9151001,0,113.1024399,9.999999747e-05,65.98236847,110057.6719,15.68396091,2.906075107
213.6000061,160.4674199,86.52857329,24.30209283,64.34020263,0.973520737,145.2150011,6.504003525,297.8497925,0,111.7027817,9.999999747e-05,9.999999747e-05,110097.9375,15.6771307,2.918307875
213.8000031,160.4674199,89.49513652,23.67936295,66.07712945,0.9692839223,146.8038845,6.502651691,297.914856,0,110.6216888,9.999999747e-05,65.96232605,110139.0391,15.66373348,3.020005135
214,160.4674199,89.49513652,24.31731796,65.83898343,0.9700472176,148.9683915,6.500275612,297.8494263,0,110.082901,9.999999747e-05,9.999999747e-05,110180.5547,15.65578747,3.021653562
214.1999969,160.4674199,89.49513652,23.69353213,66.17133424,0.9688298985,145.2798234,6.498589993,297.9145508,0,110.4960632,9.999999747e-05,66.01888275,110221.2734,15.65726852,2.978740608
214.3999939,160.4674199,89.39759683,24.09767322,65.76903931,0.9750218132,149.0934934,6.497837543,297.8490906,0,111.5779495,9.999999747e-05,9.999999747e-05,110263.125,15.70080662,3.039529618
214.6000061,160.4674199,89.49513652,24.16170389,65.80901991,0.9710549556,147.0368919,6.496494293,297.9142761,0,112.9600449,9.999999747e-05,66.09459686,110304.7656,15.66641331,2.973329666
214.8000031,160.4674199,89.49513652,24.07028772,65.95699253,0.9723426233,149.1116969,6.49553299,297.848877,0,114.8842926,9.999999747e-05,9.999999747e-05,110347.1719,15.68885994,2.93674682
215,160.4674199,89.49513652,23.79965139,66.19242251,0.9664753197,148.1480462,6.494421959,297.914032,0,117.1898956,9.999999747e-05,66.14404297,110389.6875,15.65343189,2.84395099
215.1999969,160.4674199,89.49513652,23.49141165,66.53598518,0.9653727841,145.3915445,6.493681431,297.8487244,0,119.9416504,9.999999747e-05,9.999999747e-05,110432.0703,15.65635681,2.773095066
215.3999939,160.4674199,89.49513652,23.81588753,66.03421988,0.9696529449,146.3473956,6.493234158,297.9138794,0,122.9879761,9.999999747e-05,66.1410141,110475.2656,15.68361568,2.762564409
215.6000061,160.4674199,89.49513652,23.58450959,66.45184906,0.966251817,145.8294443,6.493357182,297.8485718,0,126.213356,9.999999747e-05,9.999999747e-05,110518.9141,15.67148113,2.714310781
215.8000031,166.4072354,84.17405085,24.57064622,64.24623566,0.973128904,148.5848102,6.495213032,297.9138184,0,129.3885956,9.999999747e-05,66.15498352,110561.2578,15.71565628,2.559643325
216,160.4674199,89.49513652,23.82921263,66.52916661,0.9674218427,147.8655041,6.495960236,297.8485107,0,131.8177032,9.999999747e-05,9.999999747e-05,110606.3984,15.6899538,2.686070979
216.1999969,160.4674199,89.3837848,23.95208176,65.86614393,0.9746392006,148.4942466,6.496716976,297.9135742,0,133.9570618,9.999999747e-05,66.19735718,110652.0234,15.74175453,2.666545911
216.3999939,160.4674199,89.49513652,23.7914011,66.59021574,0.9663986439,147.0094404,6.49781847,297.8482971,0,135.7900848,9.999999747e-05,9.999999747e-05,110697.6875,15.68735313,2.649480532
216.6000061,160.4674199,89.49513652,23.90591651,66.24773385,0.9695589508,148.0060633,6.49856329,297.9132385,0,137.1814575,9.999999747e-05,66.18579865,110743.7891,15.70973492,2.625649176
216.8000031,160.4674199,89.49513652,24.13684474,66.04152685,0.9719458221,146.8764297,6.498409748,297.8480225,0,138.2771912,9.999999747e-05,9.999999747e-05,110789.8281,15.72125816,2.58955102
217,160.4674199,89.49513652,23.83385478,66.34304008,0.9673988105,145.7532656,6.498300076,297.9129639,0,139.4361115,9.999999747e-05,66.20625305,110835.7578,15.69409943,2.547528105
217.1999969,160.4674199,89.49513652,23.71520776,66.50169921,0.9675397043,146.2851883,6.499353409,297.8477783,0,140.6360321,9.999999747e-05,9.999999747e-05,110882.0625,15.70058441,2.578628776
217.3999939,162.527611,89.05226974,24.32550593,64.58996097,0.9702323209,145.7290855,6.501782417,297.9127197,0,141.4109344,9.999999747e-05,66.25007629,110928.0625,15.6762104,2.674737514
217.6000061,160.4674199,89.49513652,24.08560664,66.30381836,0.9669341635,148.2351397,6.5026474,297.8474731,0,141.2132874,9.999999747e-05,9.999999747e-05,110974.9297,15.68643856,2.60918488
217.8000031,160.4674199,89.49513652,24.1803286,65.90964621,0.9693754812,148.9295964,6.502147198,297.9124146,0,140.6793365,9.999999747e-05,66.30953979,111021.7656,15.69931316,2.560014126
218,160.4674199,89.49513652,23.80677089,66.2316336,0.9698731217,146.7640803,6.501393318,297.847229,0,140.3448792,9.999999747e-05,9.999999747e-05,111067.9922,15.71127892,2.514755839
218.1999969,160.4674199,89.14074561,24.13093135,65.71397111,0.9713542681,148.8148518,6.498613834,297.9121704,0,140.3085022,9.999999747e-05,66.33583832,111114.4531,15.71606159,2.43062574
218.3999939,160.4674199,89.49513652,24.18318635,65.89263662,0.9772724533,147.4149803,6.495718956,297.8470154,0,141.3897247,9.999999747e-05,9.999999747e-05,111160.9297,15.76378155,2.42968473
218.6000061,168.8567454,88.98068283,24.34624897,64.54710128,0.9739634904,144.6654424,6.495721817,297.9119873,0,143.622757,9.999999747e-05,66.3735733,111205.6094,15.70640182,2.527049842
218.8000031,160.4674199,89.49513652,23.96649996,66.29713424,0.9709495308,148.0195295,6.496131897,297.8468018,0,145.8447418,9.999999747e-05,9.999999747e-05,111253.2109,15.72610474,2.511841152
219,160.4674199,89.49513652,23.97985187,66.19653361,0.9700456249,145.8749807,6.49778986,297.9117432,0,147.9105835,9.999999747e-05,66.4280014,111300.8438,15.7142067,2.547157726
219.1999969,160.4674199,89.49513652,24.04271512,65.99345138,0.9707598424,146.4427168,6.499285698,297.8466187,0,149.3104706,9.999999747e-05,9.999999747e-05,111348.875,15.71819496,2.534247744
219.3999939,160.4674199,89.49513652,23.85764536,66.26636941,0.9652183652,146.1052266,6.502076149,297.911499,0,150.1166077,9.999999747e-05,66.44411469,111397.0391,15.6788168,2.569488634
219.6000061,162.310022,89.49513652,24.43011191,64.41676346,0.9675525415,146.2418859,6.502811909,297.846405,0,149.8018646,9.999999747e-05,9.999999747e-05,111444.8047,15.65426731,2.540084517
219.8000031,160.4674199,89.49513652,23.89498995,66.17509894,0.9657531715,146.373344,6.50317955,297.9112244,0,149.2036896,9.999999747e-05,66.4643631,111492.7266,15.68050861,2.482104082
220,166.4564015,89.18740397,24.50776942,64.52657635,0.9732038959,146.6503551,6.503738403,297.8461609,0,148.4530792,9.999999747e-05,9.999999747e-05,111539.3906,15.69956017,2.541708839
220.1999969,160.4674199,89.49513652,24.2250992,65.84862702,0.967424299,147.7684585,6.50387001,297.9109192,0,147.477005,9.999999747e-05,66.49884033,111587.3438,15.67864037,2.523502326
220.3999939,160.4674199,89.49513652,23.90599712,66.36758158,0.9670863589,146.3296301,6.505512238,297.8458557,0,146.4503326,9.999999747e-05,9.999999747e-05,111634.8281,15.68319893,2.573895221
220.6000061,165.0355314,89.49513652,24.50938953,64.57958846,0.9691430304,146.5247142,6.507194996,297.910614,0,144.7603912,9.999999747e-05,66.54677582,111681.25,15.65098095,2.655154207
220.8000031,160.4674199,89.49513652,23.91441266,66.34688392,0.9643030662,146.3895644,6.508663177,297.8455505,0,142.4020996,9.999999747e-05,9.999999747e-05,111728.0078,15.64844418,2.622788892
221,160.4674199,89.49513652,23.88154145,66.10772914,0.9650221094,144.9755197,6.510850906,297.9103699,0,139.4573364,9.999999747e-05,66.60501099,111773.9844,15.63938236,2.692818665
221.1999969,160.4674199,89.49513652,23.78172827,66.21612671,0.9645992856,145.7762772,6.513701916,297.8452759,0,135.6345367,9.999999747e-05,9.999999747e-05,111819.4688,15.63001442,2.775482391
221.3999939,160.4674199,89.49513652,23.85059703,65.98313593,0.9655029942,146.1964268,6.515057087,297.9100952,0,130.671402,9.999999747e-05,66.66730499,111864.0625,15.62262917,2.785475712
221.6000061,160.8887506,89.49513652,24.20984549,64.60655121,0.9685331121,144.9023597,6.513785839,297.8450623,0,125.1731949,9.999999747e-05,9.999999747e-05,111907.2109,15.60263252,2.76503906
221.8000031,177.0790215,82.81259214,25.149393,63.78097855,0.9776238243,148.1621638,6.513555527,297.9100342,0,120.1874237,9.999999747e-05,66.70106506,111945.125,15.68493462,2.627334232
222,160.4674199,89.49513652,23.75889098,65.90234043,0.9651016547,143.9569349,6.511746883,297.8450012,0,115.2819214,9.999999747e-05,9.999999747e-05,111986.2656,15.58046818,2.850872163
222.1999969,168.0314916,82.33661019,24.83768272,63.82881824,0.9767426076,148.4830628,6.510149002,297.9099731,0,111.1084366,9.999999747e-05,66.75317383,112024.1797,15.6682272,2.641795786
222.3999939,164.9716028,89.49513652,23.96781059,64.75357927,0.9680320414,142.1895922,6.505583286,297.8451233,0,107.568306,9.999999747e-05,9.999999747e-05,112062.4922,15.55974674,2.835334694
222.6000061,160.4674199,89.49513652,23.88690007,65.80986478,0.9637481415,146.2888871,6.499670506,297.909729,0,105.86483,9.999999747e-05,66.69078827,112102.125,15.55144119,2.75959676
222.8000031,160.4674199,89.49513652,23.87409503,65.9131704,0.9639358404,145.0239333,6.493707657,297.8447266,0,106.5214081,9.999999747e-05,9.999999747e-05,112141.5781,15.55409908,2.710028704
223,160.4674199,89.49513652,24.34549935,65.53769346,0.969567077,147.9239942,6.488531113,297.9092712,0,109.5590286,9.999999747e-05,66.70812225,112182.3203,15.59542751,2.718060547
223.1999969,160.4674199,89.49513652,23.78454859,65.70592192,0.9684180299,144.2001911,6.486721516,297.8442993,0,114.664505,9.999999747e-05,9.999999747e-05,112223.3594,15.59903431,2.750371659
223.3999939,160.4674199,89.49513652,24.19919815,65.7486034,0.967220478,146.6036552,6.487432957,297.9088745,0,120.4852142,9.999999747e-05,66.77346802,112266.2344,15.59408569,2.81551322
223.6000061,160.4674199,89.49513652,23.55833692,66.17185297,0.9616796609,143.6230878,6.489949226,297.8439331,0,126.0238266,9.999999747e-05,9.999999747e-05,112309.4844,15.57252884,2.757103905
223.8000031,160.4674199,89.49513652,23.97277936,65.95580933,0.9621012801,147.1144422,6.494249821,297.9085693,0,130.5582123,9.999999747e-05,66.85218048,112354.5,15.57637691,2.811423596
224,160.4674199,87.23413123,24.64955768,65.19978299,0.9739035708,149.5790035,6.498399734,297.8435974,0,133.3722687,9.999999747e-05,9.999999747e-05,112400.0078,15.67432499,2.708643843
224.1999969,161.0441958,89.49513652,24.08681384,64.84641503,0.9665267119,143.5226952,6.501799583,297.9084167,0,134.5325623,9.999999747e-05,66.93236542,112444.8359,15.59236717,2.718089251
224.3999939,160.4674199,89.49513652,23.92047311,66.21404776,0.9621250167,145.9391935,6.504013062,297.8434753,0,134.3348694,9.999999747e-05,9.999999747e-05,112490.1016,15.58884144,2.650856205
224.6000061,160.4674199,86.52887771,24.57455665,64.92038632,0.9795288945,147.9949209,6.50658083,297.9083252,0,133.2533417,9.999999747e-05,66.99275208,112534.875,15.71820927,2.591609336
224.8000031,160.4674199,89.49513652,24.00553112,65.97054191,0.9628396249,146.7100448,6.508164406,297.8433838,0,131.1397095,9.999999747e-05,9.999999747e-05,112579.6484,15.58061123,2.67501094
225,160.4674199,89.49513652,23.98700839,65.70603508,0.9661845893,145.1670576,6.508469105,297.9081726,0,128.397049,9.999999747e-05,67.0266037,112623.4922,15.59575653,2.65061588
225.1999969,160.4674199,89.49513652,24.07938609,65.60300142,0.9680747254,144.1383547,6.509052753,297.8432617,0,125.5334396,9.999999747e-05,9.999999747e-05,112666.625,15.59634876,2.71388164
225.3999939,160.4674199,89.49513652,23.89688774,65.65121309,0.964470868,144.0280652,6.51047945,297.9079285,0,122.4314117,9.999999747e-05,67.0158844,112709.2031,15.56005764,2.793253912
225.6000061,160.4674199,89.49513652,23.75455404,65.87166807,0.9651056165,144.7106455,6.509333611,297.8430481,0,118.7569046,9.999999747e-05,9.999999747e-05,112751.0156,15.56833839,2.701540995
225.8000031,160.4674199,89.49513652,23.96398615,65.7242231,0.9656469766,145.8663612,6.508700848,297.9076233,0,115.5516968,9.999999747e-05,67.03153229,112792.5859,15.55746651,2.797257356
226,160.4674199,89.49513652,23.72408399,65.71966221,0.9649373857,142.6128678,6.507484436,297.842926,0,112.5897064,9.999999747e-05,9.999999747e-05,112832.8594,15.54264355,2.790890926
226.1999969,160.4674199,89.49513652,23.77954564,65.48846906,0.9673021279,142.9856046,6.505042553,297.9073792,0,110.117981,9.999999747e-05,66.97325897,112872.6797,15.55286312,2.759474698
226.3999939,160.4674199,87.10753899,24.04164348,64.961501,0.9763218102,144.5110726,6.502756119,297.8425903,0,108.6250381,9.999999747e-05,9.999999747e-05,112911.9062,15.62911034,2.677198636
226.6000061,160.4674199,89.49513652,23.80623964,65.40420849,0.967643365,142.2899478,6.499272823,297.9071045,0,108.0422897,9.999999747e-05,67.03843689,112951.1172,15.54694939,2.706286993
226.8000031,160.4674199,89.49513652,24.03281466,65.66002796,0.9646477507,146.9953456,6.495756149,297.8422241,0,108.8571777,9.999999747e-05,9.999999747e-05,112991.4922,15.53186607,2.692954342
227,160.4674199,89.49513652,23.89135739,65.56229373,0.9661389193,144.3658893,6.493481159,297.9068604,0,111.0750427,9.999999747e-05,67.15909576,113031.7812,15.54311752,2.692042922
227.1999969,160.4674199,89.49513652,23.66846042,65.75083408,0.9633067859,141.1505666,6.492932796,297.8420715,0,114.1987381,9.999999747e-05,9.999999747e-05,113072.0547,15.52448082,2.698947326
227.3999939,160.4674199,89.49513652,23.63221134,65.78979517,0.9617041032,143.3284242,6.494951248,297.9066772,0,117.5400467,9.999999747e-05,67.18552399,113113.5938,15.51842117,2.77235725
227.6000061,160.4674199,89.49513652,24.4585472,65.46290699,0.9660524805,147.9998732,6.496131897,297.8417969,0,120.0711365,9.999999747e-05,9.999999747e-05,113156.6719,15.546381,2.749429149
227.8000031,160.4674199,89.49513652,23.97440351,64.80890648,0.9639150756,143.002206,6.497000217,297.9065247,0,122.1408997,9.999999747e-05,67.26777649,113198.9531,15.52237797,2.647934138
228,160.4674199,88.68549914,23.96197373,65.30270405,0.9723344942,144.8032802,6.50052309,297.8417053,0,123.861763,9.999999747e-05,9.999999747e-05,113241.8828,15.60950661,2.713769667
228.1999969,160.4674199,86.48777244,24.50178668,65.03626405,0.9740847375,149.3351397,6.503646851,297.9063416,0,124.1638031,9.999999747e-05,67.28426361,113285.2422,15.63394833,2.625583427
228.3999939,160.4674199,89.49513652,23.53806135,66.06716329,0.9615944266,141.9822736,6.504711151,297.8416138,0,123.2260818,9.999999747e-05,9.999999747e-05,113327.4219,15.53214741,2.599406023
228.6000061,160.4674199,89.49513652,23.72557011,65.78142869,0.9622249174,142.8359837,6.505281448,297.9061584,0,121.8682175,9.999999747e-05,67.26831055,113369.5312,15.52543736,2.610532991
228.8000031,160.4674199,89.49513652,24.15697573,64.59136237,0.9668833921,143.5611614,6.505599499,297.8414001,0,120.2771225,9.999999747e-05,9.999999747e-05,113411.5703,15.52788258,2.658914797
229,160.4674199,89.49513652,23.66631992,65.77335926,0.9617684317,142.97856,6.505254269,297.9059143,0,118.5581131,9.999999747e-05,67.29389191,113453.0078,15.51316833,2.605113004
229.1999969,160.4674199,89.49513652,23.72272739,65.73470836,0.9623745805,141.5960647,6.507065773,297.8417664,0,116.9785919,9.999999747e-05,9.999999747e-05,113494.0781,15.50220871,2.752643922
229.3999939,167.7397308,84.62972991,24.40531492,64.09159172,0.9766956509,145.425709,6.510549068,297.9057922,0,114.6652298,9.999999747e-05,67.03032684,113532.8672,15.61235332,2.699193255
229.6000061,160.6370105,89.49513652,24.03578589,64.80979226,0.9653155368,142.1615698,6.511749268,297.8460999,0,110.959938,9.999999747e-05,9.999999747e-05,113573.0234,15.48390198,2.868007972
