Time Step,Discharge rate,Sugar feed rate,Soil bean feed rate,Aeration rate,Back pressure,Water injection/dilution,pH,Temperature,Acid flow rate,Base flow rate,Cooling water,Heating water,Vessel Weight,Dissolved oxygen concentration,Yield Per Step
0,180.0526812,69.668755,28.38298996,57.59156488,0.8503022385,139.4579344,6.636739254,297.8526611,0,0,9.999999747e-05,86.10135651,62006.12109,16.7672596,0.05734207297
0.200000003,180.0526812,69.668755,27.0750495,57.59156488,0.844747951,139.4579344,6.608321667,297.9277954,0,0,9.999999747e-05,29.46965218,62017.23828,16.69625282,-2.711880479e-05
0.400000006,180.0526812,69.668755,26.959022,57.59156488,0.844747951,139.4579344,6.581330776,297.8973389,0.5235556364,0,9.999999747e-05,9.999999747e-05,62028.38672,16.6720295,-2.724403415e-05
0.6000000238,180.0526812,69.668755,28.34721341,57.59156488,0.844747951,139.4579344,6.555382729,298.0471191,1.045539498,0,9.999999747e-05,48.45690155,62038.97266,16.66754913,-2.744864336e-05
0.8000000119,180.0526812,69.668755,28.38298996,57.59156488,0.844747951,139.4579344,6.530614853,297.9642639,1.567492247,0,48.05290985,4.84569025,62049.54297,16.63355064,-2.759875165e-05
1,180.0526812,69.668755,28.38298996,57.59156488,0.844747951,139.4579344,6.508113384,297.9132996,0,0,20.11496735,0.4845690131,62059.84766,16.61887932,-2.753578514e-05
1.200000048,180.0526812,69.668755,27.30606255,57.59156488,0.844747951,139.4579344,6.486580849,298.0026855,0,0,6.034490108,32.03322983,62069.96484,16.60251045,-2.765047323e-05
1.399999976,180.0526812,69.668755,27.27157897,57.59156488,0.844747951,139.4579344,6.469472885,297.9447632,0,5.886295319,33.99982071,3.203322887,62081.21094,16.57490921,-2.774776908e-05
1.600000024,180.0526812,69.668755,25.96279868,57.59156488,0.844747951,139.4579344,6.459969997,298.2233887,0,18.6043663,10.1999464,84.76778412,62094.75391,16.55246925,-2.801996207e-05
1.799999952,180.0526812,69.668755,27.93362516,57.59156488,0.844747951,139.4579344,6.460098743,298.0775757,0,35.11278152,104.6901321,8.47677803,62112.07422,16.53757477,-2.815330123e-05
2,180.0526812,69.668755,28.38298996,57.59156488,0.844747951,139.4579344,6.468096256,297.9745178,0,51.56235886,60.67158508,0.8476778269,62132.82812,16.51120377,-2.783763369e-05
2.200000048,180.0526812,69.668755,28.38298996,57.59156488,0.844747951,139.4579344,6.482354164,297.922821,0,64.81797028,29.1181469,0.0847677812,62156.30469,16.48980522,-2.758806885e-05
2.400000095,180.0526812,69.668755,28.38298996,57.59156488,0.8524197,139.4579344,6.501201153,298.0328674,0,72.3751297,8.735444069,34.29553986,62181.36719,16.53993034,-2.753744881e-05
2.599999905,180.0526812,69.668755,28.38298996,57.59156488,0.9157837573,159.4317089,6.519920826,297.9771423,0,72.39842987,44.1958046,3.429553986,62210.54688,17.05491447,-2.747442015e-05
2.799999952,180.0526812,69.668755,28.04147373,57.59156488,0.8750987461,139.4579344,6.533688545,297.943573,0,64.94906616,25.38030434,0.3429554105,62234.04688,16.69093704,-2.7273699e-05
3,180.0526812,69.668755,28.38298996,57.59156488,0.8790468319,139.4579344,6.538815022,298.0596313,0,52.00837708,7.614090919,32.80346298,62254.94141,16.70013428,-2.72854877e-05
3.200000048,180.0526812,69.668755,28.38298996,57.59156488,0.8890660685,139.4579344,6.534104824,298.0126343,0,37.02955246,45.78468323,3.280346394,62274.83203,16.76270866,-2.732512673e-05
3.400000095,180.0526812,69.668755,28.38298996,57.59156488,0.844747951,139.4579344,6.520460129,297.9819641,0,23.93948936,30.93531799,0.3280346394,62292.05469,16.36582565,-2.725501328e-05
3.599999905,180.0526812,69.668755,28.38298996,57.59156488,0.844747951,139.4579344,6.501875877,297.9693909,0,16.30504608,21.18595695,0.03280346468,62307.70703,16.33723068,-2.725383964e-05
3.799999952,180.0526812,69.668755,28.38298996,57.59156488,0.844747951,139.4579344,6.483363628,297.9675598,0,16.09198952,16.39510918,0.003280346282,62322.04688,16.30488777,-2.729606982e-05
4,180.0526812,69.668755,28.38298996,57.59156488,0.844747951,139.4579344,6.469942093,297.9739075,0,23.26778984,14.71811485,0.0003280346282,62337.92969,16.28519249,-2.734835803e-05
4.199999809,180.0526812,69.668755,28.38298996,57.59156488,0.844747951,139.4579344,6.4629879,297.9812622,0,35.79566956,15.70534039,9.999999747e-05,62356.30469,16.24923897,-2.738324442e-05
4.400000095,180.0526812,69.668755,27.65962868,57.59156488,0.844747951,139.4579344,6.463943958,297.9901428,0,51.10043335,17.21292305,9.999999747e-05,62377.67188,16.22182655,-2.738520521e-05
4.599999905,180.0526812,69.668755,28.38298996,57.59156488,0.844747951,139.4579344,6.472940922,298.0003357,0,66.01746368,19.51898575,9.999999747e-05,62402.26562,16.19666862,-2.735000364e-05
4.800000191,180.0526812,69.668755,28.38298996,57.59156488,0.844747951,139.4579344,6.484731674,298.0072327,0,77.33473206,22.60382462,9.999999747e-05,62429.07812,16.15769768,-2.728596941e-05
5,180.0526812,69.668755,28.38298996,57.59156488,0.844747951,139.4579344,6.497307777,298.0128479,0,83.95215607,24.91596413,9.999999747e-05,62457.17969,16.12202072,-2.72092495e-05
5.199999809,180.0526812,69.668755,28.38298996,57.59156488,0.8597508966,141.3532566,6.511169434,298.0211792,0,85.54559326,27.07658768,9.999999747e-05,62486.05859,16.22315025,-2.713026639e-05
5.400000095,180.0526812,69.668755,28.38298996,57.59156488,0.9062355982,139.4579344,6.521921635,298.0289307,0,81.59268951,30.38359451,9.999999747e-05,62513.73438,16.57946396,-2.705859681e-05
5.599999905,180.0526812,69.668755,28.38298996,57.59156488,0.8964870018,139.4579344,6.526494026,298.0350037,0,73.35317993,33.79127121,9.999999747e-05,62539.69141,16.46055603,-2.700681739e-05
5.800000191,180.0526812,69.668755,28.38298996,57.59156488,0.8984077303,163.0024183,6.522716045,298.0367737,0,63.29491043,36.9165535,9.999999747e-05,62568.33203,16.43671227,-2.6983653e-05
6,180.0526812,69.668755,28.38298996,57.59156488,0.8895877628,139.4579344,6.512516975,298.0389099,0,54.75545502,38.79196548,9.999999747e-05,62590.32031,16.31599236,-2.698733038e-05
6.199999809,180.0526812,69.668755,28.38298996,57.59156488,0.844747951,139.4579344,6.499086857,298.0415649,0,50.29008865,40.89695358,9.999999747e-05,62611.35938,15.89935493,-2.701626433e-05
6.400000095,180.0526812,69.668755,28.38298996,57.59156488,0.844747951,139.4579344,6.48366785,298.0395508,0,51.18678665,43.25743484,9.999999747e-05,62632.45312,15.84789753,-2.70547137e-05
6.599999905,180.0526812,69.668755,28.38298996,57.59156488,0.8478017102,139.4579344,6.471879005,298.0437927,0,58.24729156,44.09617996,9.999999747e-05,62655.03516,15.83678436,-2.70924981e-05
6.800000191,180.0526812,69.668755,28.38298996,57.59156488,0.844747951,139.4579344,6.463019371,298.044342,0,70.00492859,47.05961609,9.999999747e-05,62679.94922,15.76434708,-2.711829847e-05
7,180.0526812,69.668755,28.38298996,57.59156488,0.8575466375,139.4579344,6.459495068,298.0472717,0,85.30847168,48.86309052,9.999999747e-05,62708,15.83020306,-2.712288206e-05
7.199999809,180.0526812,69.668755,28.38298996,57.59156488,0.9120786271,139.4579344,6.461978912,298.0520935,0,102.0137405,51.52820587,9.999999747e-05,62739.49219,16.24517441,-2.710362604e-05
7.400000095,180.0526812,69.668755,28.38298996,57.59156488,0.9179050399,139.4579344,6.46728611,298.0531921,0,117.7227631,54.94530487,9.999999747e-05,62774.14844,16.24695206,-2.706040597e-05
7.599999905,180.0526812,69.668755,28.38298996,57.59156488,0.94920194,170.4485865,6.476032257,298.0548706,0,131.3188934,57.23554611,9.999999747e-05,62817.94922,16.47299385,-2.700061268e-05
7.800000191,180.0526812,78.62894032,28.38298996,57.59156488,1.002286742,170.4485865,6.49150753,298.0667419,0,141.4142609,59.80697632,9.999999747e-05,62866.32812,16.88882256,-2.692629012e-05
8,180.0526812,82.50984377,28.38298996,57.86906312,1.005538,170.4485865,6.503334999,298.0675659,0,145.3084564,65.9416275,9.999999747e-05,62916.41797,16.8692112,-2.684455287e-05
8.199999809,180.0526812,77.82774722,28.38298996,57.59156488,1.029309398,145.7946187,6.51187849,298.0693054,0,144.5052032,68.63883209,9.999999747e-05,62960.01562,17.01020813,-2.676782924e-05
8.399999619,180.0526812,77.41239957,28.38298996,59.39160443,1.032469718,170.4485865,6.512609959,298.061676,0,140.2836761,71.76976013,9.999999747e-05,63007.55469,16.99777794,-2.671189913e-05
8.600000381,180.0526812,78.67651676,28.38298996,57.59156488,0.9534337918,170.4485865,6.511311531,298.0636902,0,135.7845459,71.72891998,9.999999747e-05,63054.52344,16.27820206,-2.66775465e-05
8.800000191,180.0526812,72.29518259,28.38298996,57.84607558,1.0100855,170.4485865,6.50743103,298.0681763,0,131.786438,74.79123688,9.999999747e-05,63099.01172,16.70064545,-2.666555503e-05
9,180.0526812,74.20237375,28.38298996,58.98423774,1.017386928,170.4485865,6.501502037,298.0729675,0,129.3425446,78.71617889,9.999999747e-05,63143.48828,16.71976089,-2.666760477e-05
9.199999809,180.0526812,73.01907852,28.38298996,57.59156488,0.9296330405,139.4579344,6.491785049,298.0729675,0,129.2687836,82.88739777,9.999999747e-05,63181.20703,15.90700436,-2.66769084e-05
9.399999619,180.0526812,70.00969233,28.38298996,57.74328056,1.001281986,170.4485865,6.483067036,298.0768127,0,133.087616,85.58643341,9.999999747e-05,63225.30078,16.45550156,-2.669598014e-05
9.600000381,180.0526812,73.66824187,28.38298996,60.07105399,0.9811527311,170.4485865,6.476606369,298.0836487,0,140.3783875,89.65583801,9.999999747e-05,63271.86719,16.25755119,-2.6713558e-05
9.800000191,180.0526812,80.14818599,28.38298996,58.44301543,1.030253859,170.4485865,6.471502304,298.0876465,0,150.249176,94.86405182,9.999999747e-05,63321.30469,16.59333992,-2.672298539e-05
10,180.0526812,74.9557355,28.38298996,61.3199837,1.032469718,170.4485865,6.472719193,298.1043701,0,162.1643372,99.32423401,9.999999747e-05,63371.95703,16.59003448,-2.672344735e-05
10.19999981,180.0526812,80.61109331,28.38298996,58.78194088,1.032469718,170.4485865,6.476992607,298.1193237,0,173.5762482,108.3560791,9.999999747e-05,63426.49219,16.50908089,-2.671281617e-05
10.39999962,180.0526812,85.15070056,28.38298996,59.75896329,1.032469718,170.4485865,6.481132984,298.1262207,0,183.289093,117.3027573,9.999999747e-05,63484.19531,16.4593811,-2.668516339e-05
10.60000038,180.0526812,80.62165936,28.38298996,58.40836223,1.011044987,170.4485865,6.484978199,298.1324463,0,191.3560638,124.0426559,9.999999747e-05,63542.37109,16.20179176,-2.664927574e-05
10.80000019,180.0526812,73.62467127,28.38298996,62.76747526,1.032469718,170.4485865,6.48799324,298.1386414,0,197.8854218,130.8724213,9.999999747e-05,63600.05078,17.26900864,-2.661526176e-05
11,180.0526812,76.19107105,28.38298996,61.45691118,1.032469718,150.8733085,6.489314079,298.1418762,0,203.2106171,137.9294586,9.999999747e-05,63655.46484,17.2146492,-2.658360327e-05
11.19999981,180.0526812,83.62979791,28.38298996,63.35197542,1.032469718,170.4485865,6.488899708,298.142334,0,208.0102997,144.1990662,9.999999747e-05,63717.82031,17.18735123,-2.655687676e-05
11.39999962,180.0526812,78.3525476,28.38298996,61.86443294,1.001486165,170.4485865,6.487355709,298.1463013,0,212.9759521,149.6521454,9.999999747e-05,63779.80859,16.87340736,-2.653587116e-05
11.60000038,180.0526812,73.19822407,28.38298996,65.71025122,1.009430939,139.4579344,6.485688686,298.1598511,0,218.5573883,156.3550873,9.999999747e-05,63835.27344,16.91967201,-2.652902479e-05
11.80000019,180.0526812,75.0832082,28.38298996,64.77659195,0.9837401812,148.2435116,6.483942986,298.1803589,0,224.8024445,166.484314,9.999999747e-05,63894.39844,16.65836334,-2.654188163e-05
12,180.0526812,74.7023009,28.38298996,61.45390857,0.9587119577,139.4579344,6.479903698,298.188385,0,225,179.4582977,9.999999747e-05,63951.62891,16.36881065,-2.655336727e-05
12.19999981,180.0526812,70.69023151,28.38298996,64.27850221,1.02766145,165.3589491,6.473486423,298.186676,0,225,188.8377228,9.999999747e-05,64013.07031,16.91465187,-2.655551071e-05
12.39999962,180.0526812,74.54835613,28.38298996,61.10512049,1.016374201,170.4485865,6.465501308,298.1867371,0,225,195.2503052,9.999999747e-05,64076.56641,16.73935127,-2.655871737e-05
12.60000038,180.0526812,79.6782429,28.38298996,62.90644255,1.026272085,139.4579344,6.455491543,298.1811523,0,225,202.2846985,9.999999747e-05,64135,16.77241516,-2.65650879e-05
12.80000019,180.0526812,71.48450875,28.38298996,63.43290371,1.032469718,150.2994337,6.445183277,298.1898193,0,225,207.3535767,9.999999747e-05,64193.53125,16.77222252,-2.658795739e-05
13,180.0526812,79.77781351,27.55678419,59.68957416,0.9926516057,139.4579344,6.434311867,298.201416,0,225,217.1833496,9.999999747e-05,64251.89062,16.34519386,-2.663067605e-05
13.19999981,180.0526812,69.668755,28.38298996,63.07964298,1.032469718,170.4485865,6.42084837,298.1916504,0,225,228.2390137,9.999999747e-05,64314.00781,16.64328766,-2.66651238e-05
13.39999962,180.0526812,73.13072167,28.38298996,59.00504478,0.9862778259,157.663909,6.406320572,298.1882629,0,225,232.3386536,9.999999747e-05,64374.39062,16.14699364,-2.669348558e-05
13.60000038,180.0526812,69.668755,28.38298996,59.91776464,0.9960377814,139.4579344,6.39241457,298.2035522,0,225,238.423996,9.999999747e-05,64430.16797,16.16706848,-2.674888772e-05
13.80000019,180.0526812,79.43101797,28.38298996,64.21352268,1.032469718,139.4579344,6.381791592,298.2622986,0,225,250.7882843,9.999999747e-05,64488.72656,16.45840836,-2.685967082e-05
14,180.0526812,69.668755,28.38298996,63.60965248,1.003989265,139.4579344,6.37055254,298.2998047,0,225,278.5706787,9.999999747e-05,64544.69141,16.1393795,-2.698560402e-05
14.19999981,180.0526812,69.668755,28.38298996,57.93518728,0.9565939187,139.4579344,6.358922005,298.3299255,0,225,300.9042664,9.999999747e-05,64600.67578,15.59852886,-2.708690469e-05
14.39999962,180.0526812,69.668755,28.38298996,59.32504244,0.9884408064,139.4579344,6.34659338,298.3494568,0,225,322.256958,9.999999747e-05,64656.66016,15.80174637,-2.717406055e-05
14.60000038,180.0526812,69.668755,28.38298996,60.32255589,0.9688251521,139.4579344,6.332886219,298.3491821,0,225,341.1407776,9.999999747e-05,64712.60547,15.56660938,-2.723729735e-05
14.80000019,180.0526812,80.43593611,28.37863432,61.18705203,0.9653136125,139.4579344,6.319558144,298.3704224,0,225,354.010376,9.999999747e-05,64771.48047,15.46749592,-2.730739071e-05
15,180.0526812,69.668755,28.38298996,57.59156488,0.9564759482,139.4579344,6.306342125,298.4004211,0,225,374.4313354,9.999999747e-05,64827.51953,15.25154305,-2.740726567e-05
15.19999981,180.0526812,69.668755,28.38298996,62.34448718,0.9899211568,139.4579344,6.292997837,298.4308472,0,225,398.5133057,9.999999747e-05,64883.57812,15.50961113,-2.751866147e-05
15.39999962,180.0526812,69.668755,28.38298996,58.65770992,0.9442234076,139.4579344,6.277519226,298.416748,0,225,423.8013306,9.999999747e-05,64939.55859,12.92969131,-2.759277001e-05
15.60000038,180.0526812,81.50351496,28.38298996,57.59156488,0.844747951,139.4579344,6.260785103,298.3986816,0,225,434.8623352,9.999999747e-05,64998.67188,11.90918827,-2.763019936e-05
15.80000019,180.0526812,85.15070056,28.38298996,57.59156488,0.844747951,139.4579344,6.242970467,298.3829346,0,225,444.368042,9.999999747e-05,65058.73828,11.74085617,-2.767531913e-05
16,180.0526812,85.15070056,28.38298996,57.59156488,0.844747951,139.4579344,6.223216534,298.3559265,0,225,454.0190125,9.999999747e-05,65118.74219,11.57535172,-2.772350963e-05
16.20000076,180.0526812,85.15070056,28.38298996,59.06846199,0.844747951,139.4579344,6.202251911,298.3330078,0,225,459.1829834,9.999999747e-05,65178.71094,11.46026325,-2.777832714e-05
16.39999962,180.0526812,85.15070056,28.38298996,57.59156488,0.844747951,139.4579344,6.180595875,298.3087769,0,225,464.8205872,9.999999747e-05,65238.64062,11.29457378,-2.78474123e-05
16.60000038,180.0526812,85.15070056,28.38298996,57.59156488,0.844747951,139.4579344,6.165667534,298.2598572,0,225,469.1212463,9.999999747e-05,65298.58594,12.26992512,-2.79053942e-05
16.79999924,180.0526812,85.15070056,28.38298996,57.59156488,0.844747951,139.4579344,6.194857121,297.7995911,0,225,464.0017395,9.999999747e-05,65358.70703,14.22647667,0.01690097705
17,180.0526812,69.668755,28.38298996,57.59156488,0.8804256992,139.4579344,6.227507591,299.874115,0,225,139.2005157,629.9328003,65414.35156,14.80906773,0.1680845517
17.20000076,180.0526812,82.68937564,28.38298996,65.02488372,1.023257882,170.4485865,6.256409168,298.740509,0,225,850.8550415,62.99328232,65479.60156,15.91226101,0.04820524484
17.39999962,180.0526812,69.668755,28.38298996,60.94112251,1.032469718,139.4579344,6.288985252,298.0671082,0,225,514.4762573,6.299328327,65535.41016,16.13271904,0.2127716555
17.60000038,180.0526812,69.668755,28.38298996,62.67749132,0.9781722142,139.4579344,6.322600365,297.7414246,0,225,318.4205017,0.6299328208,65591.48438,15.6957283,0.2315663017
17.79999924,180.0526812,69.668755,28.38298996,59.24541664,0.9671810731,139.4579344,6.355637074,298.7966919,0,225,95.52615356,299.479187,65647.54688,15.55683517,0.2399434562
18,180.0526812,81.78165077,28.38298996,64.41009642,1.032469718,170.4485865,6.384599209,298.355957,0,225,452.3353271,29.94791985,65713.23438,15.98297691,0.07043223282
18.20000076,180.0526812,76.67580847,28.38298996,67.51256695,1.032469718,152.8924599,6.413189888,298.0498352,0,225,322.241333,2.994791985,65774.19531,16.09688759,0.1256345494
18.39999962,180.0526812,69.668755,28.38298996,61.41347099,0.947261947,139.4579344,6.440042496,297.844635,0,225,233.2813416,0.2994791865,65830.625,15.43647385,0.2917658648
18.60000038,180.0526812,70.81975379,28.38298996,58.3221631,0.9543165305,139.4579344,6.46462965,298.758728,0,225,69.98440552,249.3847046,65887.33594,15.43180656,0.2789783724
18.79999924,180.0526812,82.09094482,28.38298996,64.42634506,1.032469718,170.4485865,6.483396053,298.3888855,0,225,381.0675049,24.93847084,65953.38281,15.99984074,0.09527648698
19,180.0526812,78.25708274,28.38298996,64.08691403,0.9974066995,139.4579344,6.501542568,298.135498,0,225,275.0653992,2.493847132,66012.20312,15.74445057,0.144199897
19.20000076,180.0526812,69.668755,28.38298996,61.63312117,0.9981126003,139.4579344,6.520213604,297.9705811,0,224.9034576,205.0075989,0.2493847013,66068.80469,15.86364651,0.3418764658
19.39999962,180.0526812,69.668755,28.38298996,61.4398541,0.9616307829,139.4579344,6.536567688,297.9002075,0,217.3347626,155.0877533,0.02493846975,66123.94531,15.54295731,0.3494089188
19.60000038,180.0526812,74.38936048,28.38298996,57.59156488,0.9650247958,139.4579344,6.546767235,298.5384827,0,203.2338715,46.52632523,154.9203186,66177.28906,15.43752956,0.2587010341
19.79999924,180.0526812,74.9804853,28.38298996,64.00461443,1.032469718,170.4485865,6.550540924,298.2947083,0,185.0657654,263.5180664,15.4920311,66233.24219,16.10507202,0.2777989476
20,180.0526812,76.80320483,28.38298996,60.76973484,1.032469718,170.4485865,6.525721073,298.1549683,0.519954741,92.53288269,194.8214722,1.549203157,66270.85938,15.97585392,0.2490768784
20.20000076,180.0526812,69.668755,28.38298996,57.59156488,0.9679218765,170.4485865,6.501567841,298.0566101,0,82.85798645,159.4912872,0.1549203098,66304.50781,15.51167297,0.4701595794
20.39999962,180.0526812,69.668755,28.38298996,57.59156488,0.9221880072,139.4579344,6.47936058,298.007843,0,82.75067902,132.4092865,0.01549203135,66331.75,15.10985851,0.5152052341
20.60000038,180.0526812,69.668755,28.38298996,57.59156488,0.8969154785,139.4579344,6.464032173,297.9963379,0,91.52196503,118.4506378,0.001549203182,66360.85156,14.88448238,0.5063344567
20.79999924,180.0526812,69.668755,28.38298996,57.59156488,0.8658508153,139.4579344,6.45141077,297.9648438,0,106.4082718,115.1420212,0.0001549203153,66392.82031,14.660532,0.5975592273
21,180.0526812,69.668755,28.38298996,57.59156488,0.9045268292,139.4579344,6.445370674,297.9471741,0,126.3563156,104.2291565,9.999999747e-05,66428.84375,14.9965086,0.6365793781
21.20000076,180.0526812,73.23367787,28.38298996,57.59156488,0.9574891109,140.4101737,6.448843956,298.453949,0,148.7074585,31.26874733,112.2310333,66470.59375,15.36945629,0.4850103044
21.39999962,180.0526812,71.92811861,28.38298996,58.49714277,1.009893895,157.9067126,6.458871841,298.3027039,0,169.6591644,204.2550812,11.22310352,66519.83594,15.86397743,0.5295708961
21.60000038,180.0526812,79.60282685,28.38298996,57.78545395,1.032469718,170.4485865,6.470308781,298.2060852,0,186.6086884,165.3023834,1.122310281,66577.17969,15.93813992,0.3133790294
21.79999924,180.0526812,74.11114079,28.38298996,62.38379346,1.032469718,170.4485865,6.484040737,298.1239319,0,198.9998322,144.4561768,0.1122310311,66635.61719,16.11069489,0.4986464891
22,180.0526812,77.85059436,26.9494663,64.10437851,0.9743928722,139.4579344,6.493628025,298.0580139,0,205.8951416,124.5674744,0.01122310292,66689.67969,15.65182495,0.5669697704
22.20000076,180.0526812,76.0452093,28.38298996,59.94844203,1.01927359,170.4485865,6.505345821,298.0379944,0,208.9765167,107.0812378,0.001122310292,66750.66406,15.95692635,0.5034173644
22.39999962,180.0526812,74.4633684,28.38298996,64.37713472,1.017623416,170.4485865,6.515395641,298.0179443,0,207.3504944,102.8528366,0.000112231035,66810.89062,16.03481293,0.5874301097
22.60000038,180.0526812,74.90651189,28.38298996,63.11555714,0.9955991365,170.4485865,6.524810791,298.0169678,0,201.7167358,97.50364685,9.999999747e-05,66870.16406,16.85861015,0.5624208104
22.79999924,180.0526812,78.95476415,28.38298996,62.06705393,1.001141819,170.4485865,6.528901577,298.0175476,0,192.313736,97.98792267,9.999999747e-05,66928.51562,16.85883904,0.4662752154
23,180.0526812,79.82989802,28.38298996,62.04175581,1.032469718,170.4485865,6.529205799,298.0158386,0,181.289917,98.83547974,9.999999747e-05,66984.8125,17.10932159,0.4662951394
23.20000076,180.0526812,80.06117567,28.38298996,65.10365473,1.032469718,170.4485865,6.526404858,298.0134888,0,170.1396942,98.89730072,9.999999747e-05,67038.88281,17.12732315,0.4863796848
23.39999962,180.0526812,77.83028145,28.38298996,66.62360185,1.032469718,170.4485865,6.521745205,298.0059509,0,160.1078644,98.69213867,9.999999747e-05,67090.30469,17.15532875,0.5939232368
23.60000038,180.0526812,77.9232735,28.38298996,61.66493124,1.032469718,170.4485865,6.513911724,297.9969482,0,151.9361267,96.61608887,9.999999747e-05,67140.04688,17.11657715,0.6443489814
23.79999924,180.0526812,81.87555115,28.38298996,59.74485695,1.011073764,170.4485865,6.501311302,297.9906006,0,146.9021912,93.79545593,9.999999747e-05,67189.6875,16.89034462,0.5759159274
24,180.0526812,76.52447777,28.38298996,61.62458816,1.032469718,170.4485865,6.487801552,297.9636841,0,146.9139862,91.55826569,9.999999747e-05,67237.85156,17.13690758,0.867717523
24.20000076,180.0526812,80.48048017,28.38298996,61.24476801,1.032469718,170.4485865,6.476380825,297.965271,0,152.3173981,81.96257019,9.999999747e-05,67288.1875,17.1008358,0.7410968652
24.39999962,180.0526812,75.97485035,28.38298996,58.738436,1.006627732,167.9131636,6.472748756,297.9677734,0,162.2793274,81.35242462,9.999999747e-05,67338.98438,16.90552711,0.8930756489
24.60000038,180.0526812,78.67640322,28.38298996,63.77626043,1.032469718,170.4485865,6.474474907,297.9844971,0,173.6752625,80.89936829,9.999999747e-05,67393.4375,17.13787842,0.761047621
24.79999924,180.0526812,81.01686015,28.38298996,63.31509091,1.032469718,170.4485865,6.478724003,297.9989624,0,184.3880463,85.44351196,9.999999747e-05,67450.72656,17.11733627,0.6704399475
25,180.0526812,84.67030323,28.38298996,65.14681279,1.032469718,170.4485865,6.482367039,298.0066833,0,193.4100037,89.72969055,9.999999747e-05,67510.75,17.10572624,0.573651718
25.20000076,180.0526812,82.08032582,28.38298996,66.51333822,1.032469718,170.4485865,6.486605644,297.9967041,0,200.984848,92.24497223,9.999999747e-05,67571.59375,17.14494514,0.7221679537
25.39999962,180.0526812,82.34057967,28.38298996,64.09080172,1.032469718,170.4485865,6.49199152,297.992981,0,206.8603973,88.99827576,9.999999747e-05,67633.72656,17.12784195,0.7366942912
25.60000038,180.0526812,78.64256353,28.38298996,61.52231985,0.9949085988,170.4485865,6.498896599,297.983429,0,210.5796967,87.65702057,9.999999747e-05,67695.67969,16.83095551,0.9170876036
25.79999924,180.0526812,75.42738873,28.38298996,64.9948647,1.032469718,170.4485865,6.507379532,297.9767456,0,211.5355835,84.12512207,9.999999747e-05,67757.04688,17.19900513,1.070527982
26,180.0526812,81.3639428,28.38298996,66.15923016,1.032469718,170.4485865,6.51554203,298.0002747,0,209.0981293,81.2726593,9.999999747e-05,67819.57812,17.14886284,0.7634586782
26.20000076,180.0526812,76.07188031,28.38298996,63.68457463,0.9867869314,139.4579344,6.520299911,297.9892578,0,203.4017334,88.56884003,9.999999747e-05,67873.07812,16.78871346,1.097952084
26.39999962,180.0526812,76.43373798,28.38298996,66.51436307,1.032469718,170.4485865,6.523868561,297.9855652,0,195.8122253,84.60315704,9.999999747e-05,67931.53125,17.19627571,1.098805162
26.60000038,180.0526812,78.12413442,28.38298996,69.26505055,1.032469718,170.4485865,6.520936966,297.9747314,0,186.7882385,83.01116943,9.999999747e-05,67988.45312,17.20218086,1.125000321
26.79999924,180.0526812,83.68802733,28.38298996,65.33395377,1.032469718,170.4485865,6.516727448,297.9912109,0,178.9545593,78.75478363,9.999999747e-05,68045.28125,17.12050819,0.8621140516
27,180.0526812,80.77224773,28.38298996,63.72602373,1.021703256,170.4485865,6.514380455,298.0017395,0,172.7880554,83.57805634,9.999999747e-05,68100.16406,17.03886414,0.9675671945
27.20000076,180.0526812,82.19468588,28.38298996,62.84827551,1.001843559,170.4485865,6.512575626,298.01828,0,167.5501404,86.75682068,9.999999747e-05,68154.42188,16.84799004,0.8853130068
27.39999962,180.0526812,74.89433105,28.38298996,65.63028518,1.032469718,170.4485865,6.507086277,297.9891357,0,163.0383606,92.44470215,9.999999747e-05,68205.6875,17.1964016,1.361263735
27.60000038,180.0526812,82.1674075,28.38298996,61.92853421,1.032469718,170.4485865,6.503416061,298.0079956,0,160.736084,82.95781708,9.999999747e-05,68258.52344,17.09601021,0.9820400704
27.79999924,180.0526812,77.49458333,28.38298996,63.02602986,1.031274917,170.4485865,6.499176979,297.9979858,0,159.8840485,89.27597809,9.999999747e-05,68309.90625,17.14105988,1.269226407
28,180.0526812,81.7304892,28.38298996,63.30038717,1.032469718,170.4485865,6.493663311,297.9992065,0,160.7354889,85.97852325,9.999999747e-05,68362.53906,17.11691856,1.123700358
28.20000076,180.0526812,80.64747812,28.38298996,65.34927588,1.032469718,170.4485865,6.488485336,297.992157,0,163.7947083,86.39614868,9.999999747e-05,68415.48438,17.14627075,1.229030239
28.39999962,180.0526812,84.89375819,28.38298996,62.40224478,1.032469718,170.4485865,6.48511076,298.0019226,0,168.9198456,83.93218231,9.999999747e-05,68470.625,17.08671761,1.03082963
28.60000038,180.0526812,83.03848818,28.38298996,63.45930202,1.008101794,170.4485865,6.481781483,297.992218,0,175.3900604,87.06097412,9.999999747e-05,68526.52344,16.91653633,1.199605285
28.79999924,180.0526812,82.50202619,28.38298996,63.76147598,1.032469718,170.4485865,6.478046417,297.9763184,0,183.1976013,83.70695496,9.999999747e-05,68583.8125,17.13515472,1.320060469
29,180.0526812,76.18087421,28.38298996,66.63360775,1.032469718,170.4485865,6.477279663,297.9521179,0,192.5005798,78.00613403,9.999999747e-05,68641.36719,17.21660614,1.638863785
29.20000076,180.0526812,80.58339634,28.38298996,61.8083954,1.011801557,170.4485865,6.475721836,297.9474487,0,202.0993042,68.89040375,9.999999747e-05,68702,16.98003578,1.528102129
29.39999962,180.0526812,79.47927451,28.38298996,66.54947573,1.032469718,170.4485865,6.473285675,298.2679138,0,212.3332214,20.66711998,74.75622559,68764.32812,17.20528984,1.636501547
29.60000038,180.0526812,75.49089079,28.38298996,63.75342384,1.032469718,170.4485865,6.476739407,298.145752,0,223.542038,129.2907104,7.475622654,68827.98438,17.22278404,1.772731424
29.79999924,180.0526812,80.11821061,28.38298996,67.37872181,1.032469718,144.6620913,6.479897499,298.0872803,0,225,94.78609467,0.7475622296,68887.92969,17.19977188,1.627801348
30,180.0526812,80.77558639,28.38298996,64.52268942,1.019467834,139.4579344,6.485352993,298.065033,0,225,80.99713898,0.07475622743,68947.08594,17.06131744,1.578522532
30.20000076,180.0526812,71.40696328,28.38298996,63.81825113,1.032469718,165.7540158,6.489421368,298.0155029,0,225,77.02906799,0.007475622464,69009.14844,17.25833321,1.943926702
30.39999962,180.0526812,78.26316021,28.38298996,65.31073238,1.032469718,139.4579344,6.492987633,298.016449,0,225,62.54801559,0.0007475622697,69067.66406,17.20100784,1.761071152
30.60000038,180.0526812,76.77139795,28.3022278,62.29623127,0.9851154374,170.4485865,6.498836517,298.01297,0,225,63.82896805,9.999999747e-05,69132.21094,16.81274033,1.804290962
30.79999924,180.0526812,75.13590178,28.38298996,67.75942993,1.032469718,170.4485865,6.503715992,298.0041199,0,225,63.23566818,9.999999747e-05,69196.33594,17.25999451,1.885307416
31,180.0526812,74.83000388,28.38298996,66.06127031,1.032469718,161.3619575,6.507668495,297.9990234,0,224.0363007,60.69490433,9.999999747e-05,69258.32031,17.24777603,1.921382995
31.20000076,180.0526812,72.0538231,27.40703214,65.92672316,1.027624677,139.4579344,6.512291431,297.989502,0,221.4915619,59.15750504,9.999999747e-05,69314.39844,17.2368679,2.057502797
31.39999962,180.0526812,77.52282828,28.38298996,64.66313343,1.010419449,139.4579344,6.513461113,298.0023193,0,217.0924072,55.8725853,9.999999747e-05,69371.16406,17.02080345,1.881645283
31.60000038,180.0526812,79.00275643,28.38298996,67.57049763,1.032469718,170.4485865,6.511630535,298.0022278,0,212.2388306,59.97867203,9.999999747e-05,69433.625,17.22809601,1.862740944
31.79999924,180.0526812,82.03062653,28.38298996,69.41779114,1.032469718,170.4485865,6.506937981,298.0050964,0,208.1163177,59.93592072,9.999999747e-05,69495.97656,17.21720695,1.794891802
32,180.0526812,78.80930295,28.38298996,64.99880388,1.032469718,170.4485865,6.499754906,297.9909363,0,205.8706055,61.01356125,9.999999747e-05,69556.92969,17.21471977,1.959597255
32.20000076,180.0526812,74.16461832,28.38298996,68.01862809,1.032469718,170.4485865,6.495787144,297.978241,0,206.4972076,56.29514313,9.999999747e-05,69616.85156,17.27175713,2.089879483
32.40000153,180.0526812,79.70809023,28.38298996,65.71442185,1.014824184,170.4485865,6.496850967,297.9992371,0,208.6923218,51.6814003,9.999999747e-05,69678.8125,17.06403351,1.912248826
32.59999847,180.0526812,75.75665607,28.38298996,66.33960076,1.032469718,170.4485865,6.501028538,298.0043945,0,210.4556885,58.19943237,9.999999747e-05,69740.16406,17.24821663,2.035389454
32.79999924,180.0526812,79.11956288,28.38298996,65.75341705,1.032469718,170.4485865,6.501321316,298.0053406,0,210.5540314,59.79798889,9.999999747e-05,69802.3125,17.22027779,1.982643031
33,180.0526812,81.44979954,28.38298996,66.43704719,1.032469718,170.4485865,6.498819828,298.0041504,0,210.5579071,60.24887085,9.999999747e-05,69864.99219,17.20988464,1.950584473
33.20000076,180.0526812,76.61297604,28.38298996,66.59286685,1.032469718,170.4485865,6.496399879,297.9884033,0,211.559021,60.02950668,9.999999747e-05,69926.58594,17.25158882,2.123326818
33.40000153,180.0526812,77.69490462,28.38298996,64.69946292,1.029211409,170.4485865,6.495965004,297.9879456,0,213.5190277,54.76073074,9.999999747e-05,69988.90625,17.2041111,2.11000678
33.59999847,180.0526812,82.71795945,28.38298996,64.24094314,1.03225443,170.4485865,6.495845795,298.0013733,0,215.6467743,54.29024506,9.999999747e-05,70053,17.18751907,1.962201498
33.79999924,180.0526812,79.29472288,27.35467097,67.14690618,1.032469718,139.4579344,6.498805046,298.0025024,0,217.8274231,58.47449112,9.999999747e-05,70110.14062,17.24288177,2.139699191
34,180.0526812,81.48124241,28.38298996,65.58144883,1.01367812,170.4485865,6.498672962,298.0011292,0,218.8153687,58.81468201,9.999999747e-05,70174.54688,17.05768204,2.057534012
34.20000076,180.0526812,77.34008199,28.38298996,66.7661226,1.032469718,170.4485865,6.494378567,297.9781189,0,219.8761749,58.42263412,9.999999747e-05,70237.95312,17.25954437,2.216401416
34.40000153,180.0526812,77.03742838,28.38298996,65.13061444,1.032469718,170.4485865,6.490499496,297.9677124,0,222.6584625,50.54399109,9.999999747e-05,70301.85156,17.25360107,2.244464731
34.59999847,180.0526812,73.09883625,28.38298996,67.30013192,1.032469718,170.4485865,6.484948635,297.9506531,0,225,46.30361557,9.999999747e-05,70365.15625,17.29995346,2.313075583
34.79999924,180.0526812,79.39303708,28.38298996,68.50067782,1.032469718,170.4485865,6.479277611,297.9615479,0,225,39.28479767,9.999999747e-05,70430.10156,17.2650547,2.244604053
35,180.0526812,81.78923594,28.38298996,65.88783639,1.032469718,170.4485865,6.47092247,297.9684753,0,225,41.31664276,9.999999747e-05,70495.60938,17.23317337,2.223483125
35.20000076,180.0526812,76.37884257,28.38298996,66.16875818,1.032469718,170.4485865,6.467311382,297.9672241,0,225,42.1824913,9.999999747e-05,70559.80469,17.27346039,2.318504485
35.40000153,180.0526812,79.97789961,28.38298996,68.88719575,1.032469718,170.4485865,6.465923309,297.980835,0,225,40.51798248,9.999999747e-05,70625,17.2664299,2.270453396
35.59999847,180.0526812,75.63940585,28.38298996,64.414713,1.032469718,170.4485865,6.467742443,297.9822998,0,225,43.99721909,9.999999747e-05,70689.125,17.26771736,2.350848145
35.79999924,180.0526812,78.51639293,28.38298996,66.6659989,1.032469718,170.4485865,6.46554184,297.9833374,0,225,43.67494965,9.999999747e-05,70753.91406,17.26541901,2.330716606
36,180.0526812,79.80530253,28.38298996,66.08922331,1.02436302,155.6338572,6.461479187,297.9865417,0,225,43.3605423,9.999999747e-05,70815.96094,17.17937088,2.329483899
36.20000076,180.0526812,73.912067,28.38298996,66.77415813,1.032469718,170.4485865,6.456301689,297.9692993,0,225,43.83182526,9.999999747e-05,70879.46875,17.30203056,2.406300394
36.40000153,180.0526812,75.13092585,28.38298996,65.32787457,1.032469718,170.4485865,6.447975159,297.9620056,0,225,37.35421753,9.999999747e-05,70943.21875,17.28616142,2.407259777
36.59999847,180.0526812,75.87181743,28.38298996,65.63355074,1.032469718,165.4089825,6.439898491,297.9638062,0,225,33.81667709,9.999999747e-05,71006.125,17.28210831,2.413802499
36.79999924,180.0526812,77.65746839,28.20223789,66.75733008,1.032469718,139.4579344,6.435069561,297.978363,0,225,33.06476593,9.999999747e-05,71064.1875,17.26782036,2.417560025
37,180.0526812,77.80459153,28.38298996,67.66251651,1.032469718,170.4485865,6.423181057,297.969574,0,225,36.71710205,9.999999747e-05,71128.51562,17.28938866,2.419145845
37.20000076,180.0526812,76.65202588,28.38298996,66.73359503,1.032469718,160.4373916,6.410845757,297.9663696,0,225,32.76853943,9.999999747e-05,71190.46094,17.28698921,2.43254633
37.40000153,180.0526812,74.78287044,27.50147395,67.10167032,1.018147027,139.4579344,6.397439957,297.9602051,0,225,30.59196663,9.999999747e-05,71247.40625,17.1878624,2.437337667
37.59999847,180.0526812,77.91316905,27.43967482,63.65931678,1.014304974,139.4579344,6.388875961,297.9725952,0,225,27.22805214,9.999999747e-05,71305.23438,17.11448669,2.458775308
37.79999924,180.0526812,72.8259673,28.19232233,65.68793194,1.022924196,139.4579344,6.387167931,297.9809265,0,225,30.05505943,9.999999747e-05,71362.02344,17.22007751,2.490768483
38,180.0526812,75.72500527,28.38298996,64.56951325,1.032469718,139.4579344,6.377331734,297.9802246,0,225,31.80994034,9.999999747e-05,71419.41406,17.27171326,2.472136569
38.20000076,180.0526812,72.33485299,28.38298996,67.69345603,1.032469718,150.075572,6.371083736,297.9768677,0,225,30.7906971,9.999999747e-05,71478.16406,17.32062721,2.489893054
38.40000153,180.0526812,79.05697562,28.38298996,67.75564391,1.032469718,170.4485865,6.364479065,297.9865417,0,225,28.89001465,9.999999747e-05,71542.82031,17.29083252,2.486851207
38.59999847,180.0526812,72.270504,28.38298996,66.552197,1.016934827,144.2367455,6.360622883,297.9847717,0,225,31.38752174,9.999999747e-05,71600.39062,17.18412781,2.513673424
38.79999924,180.0526812,72.7745424,27.85389501,65.54375417,1.032469718,170.4485865,6.354587078,297.9750366,0,225,30.20183563,9.999999747e-05,71663.3125,17.32779694,2.509984226
39,180.0526812,74.18357665,26.95102358,62.96281146,1.00626085,139.4579344,6.348034859,297.9759827,0,225,26.28197098,9.999999747e-05,71720.04688,17.08385277,2.510281502
39.20000076,180.0526812,74.15063872,28.38298996,66.03913921,1.032469718,139.4579344,6.338974476,297.9807434,0,225,25.74643135,9.999999747e-05,71776.98438,17.29937172,2.515329906
39.40000153,180.0526812,77.15284777,28.38298996,64.86488933,1.032469718,139.4579344,6.333249569,297.993988,0,225,26.48105621,9.999999747e-05,71834.75781,17.27347755,2.537228648
39.59999847,180.0526812,80.0162674,26.60865761,64.39312747,1.032469718,139.4579344,6.324848175,297.9912415,0,225,30.29376602,9.999999747e-05,71892.85156,17.28504753,2.535126957
39.79999924,180.0526812,74.17729218,28.38298996,65.4450474,1.032469718,139.4579344,6.316941738,297.9880676,0,225,29.02154922,9.999999747e-05,71949.78906,17.29878616,2.539267967
40,180.0526812,73.95566793,28.38298996,63.1430587,1.032469718,139.4579344,6.308780193,297.9861145,0,225,27.6130867,9.999999747e-05,72006.65625,17.28543663,2.542704158
40.20000076,180.0526812,75.04814904,27.91522583,66.09732653,1.032469718,139.4579344,6.299689293,297.9840698,0,225,26.52097321,9.999999747e-05,72063.6875,17.30839157,2.543026796
40.40000153,180.0526812,71.62028949,27.2406359,66.46084741,1.032469718,139.4579344,6.290751934,297.9740601,0,225,25.30867767,9.999999747e-05,72119.69531,17.34325981,2.516409171
40.59999847,180.0526812,74.74879436,28.24637494,66.3598107,1.032469718,145.0195815,6.280901432,297.9803467,0,225,21.26828384,9.999999747e-05,72177.80469,17.31199265,2.549215999
40.79999924,180.0526812,78.2095098,28.38298996,63.92679957,1.032469718,139.4579344,6.270804405,297.9909363,0,225,22.54136848,9.999999747e-05,72235.66406,17.27085495,2.565841162
41,180.0526812,75.08052756,28.15191695,65.30501606,1.032469718,139.4579344,6.264100552,297.9926147,0,225,25.41220284,9.999999747e-05,72292.75781,17.30386162,2.578603776
41.20000076,180.0526812,75.80401519,27.62885321,66.62840782,1.029847417,153.4196964,6.258537292,297.9912415,0,225,25.57322121,9.999999747e-05,72352.82031,17.30448151,2.589248197
41.40000153,180.0526812,74.0151692,27.68187547,65.67956236,1.032469718,139.4579344,6.252826691,297.9898682,0,225,24.80969048,9.999999747e-05,72409.5625,17.32320976,2.584390519
41.59999847,180.0526812,75.81307345,27.45452608,63.39195658,1.032469718,139.4579344,6.245502949,297.9891968,0,225,24.02065659,9.999999747e-05,72466.67188,17.30198097,2.58572713
41.79999924,180.0526812,80.69317348,26.88987884,64.02156319,1.032469718,139.4579344,6.235260487,297.9906311,0,225,23.41367149,9.999999747e-05,72524.82031,17.28920937,2.588900757
42,180.0526812,76.41295929,28.38298996,65.35155912,1.020792522,139.4579344,6.226917267,297.9933167,0,225,23.51064682,9.999999747e-05,72582.21094,17.20227623,2.602297608
42.20000076,180.0526812,77.42364253,28.38298996,65.82858272,1.032469718,140.9367786,6.218668938,297.995697,0,225,24.07999229,9.999999747e-05,72640.16406,17.29855537,2.612144136
42.40000153,180.0526812,71.98286068,27.92338748,65.91517829,1.032469718,139.4579344,6.21410799,297.9901428,0,225,24.62503624,9.999999747e-05,72696.42188,17.33898163,2.605161688
42.59999847,180.0526812,74.28787565,28.0061389,64.48130957,1.032469718,139.4579344,6.207442284,297.989502,0,225,22.53507042,9.999999747e-05,72753.21875,17.3155098,2.610710822
42.79999924,180.0526812,73.28278448,25.86516181,67.84307299,1.032469718,139.4579344,6.201084137,297.9779053,0,225,21.98408508,9.999999747e-05,72809.34375,17.37959099,2.564040666
43,180.0526812,77.45186448,26.61792851,66.50010181,1.032469718,139.4579344,6.192495346,297.9824829,0,225,17.58760262,9.999999747e-05,72866.60156,17.33661842,2.600874969
43.20000076,180.0526812,75.22563976,26.20591242,61.13123771,1.032469718,139.4579344,6.183678627,297.9782104,0,225,18.43506432,9.999999747e-05,72923.17969,17.32058144,2.573097167
43.40000153,180.0526812,74.50895303,25.8896125,66.39184865,1.032469718,139.4693443,6.176008224,297.9769897,0,225,16.26753426,9.999999747e-05,72979.53125,17.36674309,2.57119297
43.59999847,180.0526812,74.64268962,26.75944172,64.97752233,1.032469718,139.4579344,6.168310642,297.9819031,0,225,15.0553093,9.999999747e-05,73036.07031,17.34386444,2.59555146
43.79999924,180.0526812,76.47087966,26.43311887,63.43403076,1.032469718,139.4579344,6.159927368,297.9848328,0,225,15.90214157,9.999999747e-05,73092.96875,17.32990265,2.601692607
44,180.0526812,79.47910077,26.22462784,67.70449839,1.032469718,140.6618356,6.153566837,297.9942017,0,225,16.19792938,9.999999747e-05,73150.90625,17.34688568,2.647133898
44.20000076,180.0526812,77.31629589,26.48882308,64.79573899,1.024763456,145.8929227,6.147963047,297.9949646,0,225,18.83768272,9.999999747e-05,73209.42188,17.27593231,2.646908966
44.40000153,180.0526812,78.54697666,26.70731525,64.93276056,1.032469718,139.4579344,6.143020153,298.0008545,0,225,18.81794739,9.999999747e-05,73267,17.32772255,2.671000184
44.59999847,180.0526812,74.76327734,27.2625812,63.86660517,1.032469718,139.4579344,6.140291691,298.0021057,0,225,20.65297508,9.999999747e-05,73323.79688,17.33442307,2.67810208
44.79999924,180.0526812,72.62609302,25.60654812,65.08169675,1.032469718,139.4579344,6.140742302,297.9961243,0,225,21.07078743,9.999999747e-05,73379.82031,17.38430786,2.658391713
45,180.0526812,72.7556819,25.69388111,64.15616884,1.032469718,139.4579344,6.143445969,297.9984436,0,225,19.08161545,9.999999747e-05,73435.96875,17.37779999,2.691265304
45.20000076,180.0526812,76.28878465,27.94223607,66.41306648,1.032469718,170.4485865,6.146131039,298.0107117,0,225,19.77259445,9.999999747e-05,73499.83594,17.35391235,2.764744994
45.40000153,180.0526812,72.47945237,27.5279991,64.64708957,1.022244299,139.4579344,6.148971081,298.0112915,0,225,23.93361092,9.999999747e-05,73556.28125,17.27057838,2.741058596
45.59999847,180.0526812,75.15364592,26.62389372,63.80325806,1.032469718,139.4579344,6.153496742,298.0146179,0,225,24.44054222,9.999999747e-05,73613.30469,17.34956932,2.768548235
45.79999924,180.0526812,80.32751642,26.6810141,63.78845381,1.032469718,139.4579344,6.156776905,298.0228577,0,225,26.01272774,9.999999747e-05,73671.65625,17.31725502,2.794710433
46,180.0526812,74.89332707,27.08500867,64.09251221,1.032469718,139.4579344,6.165754795,298.0269165,0,225,29.38033295,9.999999747e-05,73728.875,17.34860229,2.826125773
46.20000076,180.0526812,75.48743172,25.94659918,63.95022566,1.032469718,139.4579344,6.172719955,298.0179138,0,225,31.56671715,9.999999747e-05,73785.96094,17.36370277,2.800429252
46.40000153,180.0526812,72.03546435,26.43938106,64.48981769,1.025427075,139.4579344,6.180252552,298.0085449,0,225,29.44548225,9.999999747e-05,73842.25,17.32395744,2.786824855
46.59999847,180.0526812,75.091949,26.84825372,64.84110583,1.032469718,139.4579344,6.188937187,298.0137329,0,225,26.95058823,9.999999747e-05,73899.46875,17.36037445,2.837492434
46.79999924,180.0526812,79.49612951,26.26870339,65.91661952,1.032469718,139.4579344,6.196497917,298.0189819,0,225,29.13127899,9.999999747e-05,73957.69531,17.35044861,2.854171698
47,180.0526812,77.81709499,27.67000004,66.53346528,1.032469718,139.4579344,6.201500416,298.0176697,0,225,31.41639137,9.999999747e-05,74015.66406,17.34362793,2.847355736
47.20000076,180.0526812,74.09953661,27.7319388,65.66949173,1.026565577,139.4579344,6.207303047,298.0096436,0,225,31.63588715,9.999999747e-05,74072.70312,17.31200981,2.836775598
47.40000153,180.0526812,79.80023935,26.82892877,65.6136735,1.032469718,170.4485865,6.211790562,298.0041199,0,225,29.54378319,9.999999747e-05,74137.36719,17.35946083,2.858327189
47.59999847,180.0526812,77.10138043,24.8662545,67.61185223,1.032469718,139.4579344,6.215090752,297.9899902,0,225,28.06197166,9.999999747e-05,74194.55469,17.4045887,2.792902969
47.79999924,180.0526812,78.93578811,28.38298996,65.21134336,1.032469718,139.4579344,6.214179993,297.9968567,0,225,23.38154411,9.999999747e-05,74252.75781,17.32136536,2.840146695
48,180.0526812,71.36660202,26.72812818,64.67423308,1.032469718,139.4579344,6.216873169,297.9832458,0,225,25.47638893,9.999999747e-05,74308.77344,17.39112282,2.773322152
48.20000076,180.0526812,79.17627215,25.92643984,65.38470935,1.032469718,139.4579344,6.219598293,297.9899597,0,225,20.61238861,9.999999747e-05,74366.65625,17.36377907,2.845130606
48.40000153,180.0526812,76.67078333,28.38121769,67.10944706,1.031875908,170.4485865,6.217123032,297.9847717,0,225,22.40207481,9.999999747e-05,74430.55469,17.3651104,2.828545759
48.59999847,180.0526812,79.49810386,27.12374815,67.13243993,1.032469718,170.4485865,6.216025829,297.9854431,0,225,20.18906784,9.999999747e-05,74494.97656,17.37565422,2.846924257
48.79999924,180.0526812,75.05913209,26.27122462,65.47676471,1.032469718,139.4579344,6.220742226,297.9893188,0,225,19.88965034,9.999999747e-05,74551.88281,17.38816833,2.845367719
49,180.0526812,73.07914105,27.59423437,67.25289505,1.032469718,139.4579344,6.226819038,297.9954834,0,225,20.66940117,9.999999747e-05,74608.5625,17.39273643,2.871808083
49.20000076,180.0526812,75.31157793,27.31057105,64.45223581,1.032469718,139.4579344,6.237293243,298.0086365,0,225,22.37098312,9.999999747e-05,74665.90625,17.36623573,2.934535425
49.40000153,180.0526812,77.3481856,27.70511988,64.80518861,1.032469718,139.4579344,6.24463892,298.0144653,0,225,26.69393349,9.999999747e-05,74723.75781,17.35024452,2.936229141
49.59999847,180.0526812,75.78332518,26.95709798,64.30211208,1.032469718,139.4579344,6.254847527,298.0141602,0,225,28.92917633,9.999999747e-05,74781.14062,17.37032318,2.941406304
49.79999924,180.0526812,72.24405821,27.65885188,68.17064857,1.032469718,139.4579344,6.266374588,298.0106506,0,225,29.32027054,9.999999747e-05,74837.75781,17.41002464,2.936234941
50,180.0526812,77.2653061,28.08533751,64.23317055,1.032469718,139.4579344,6.278894424,298.0223389,0,225,28.64306831,9.999999747e-05,74895.82812,17.34447861,2.999324416
50.20000076,180.0526812,74.60054629,27.74461207,66.38444989,1.032469718,139.4579344,6.295763493,298.0266418,0,225,33.09832764,9.999999747e-05,74953.25781,17.38537216,3.018861172
50.40000153,180.0526812,73.82285999,26.73110894,66.63153783,1.032469718,151.569467,6.315494537,298.0231323,0,225,35.33535385,9.999999747e-05,75012.84375,17.41808891,3.025872201
50.59999847,180.0526812,79.73727053,27.6562427,68.67538152,1.032469718,161.1432162,6.332969666,298.0320129,0,225,35.09602356,9.999999747e-05,75076.11719,17.38429832,3.063643017
50.79999924,180.0526812,70.24014136,26.22652497,68.77613673,1.032469718,139.4579344,6.351639271,298.0116882,0,225,39.05369949,9.999999747e-05,75132.14844,17.45893288,2.97139232
51,180.0526812,73.90492812,26.88571988,66.0620108,1.032469718,139.4579344,6.369081974,298.0099487,0,225,33.17168808,9.999999747e-05,75189.26562,17.40706825,3.030046708
51.20000076,180.0526812,74.50716917,28.12609938,67.71759955,1.032469718,139.4579344,6.384654522,298.0128784,0,225,33.16504288,9.999999747e-05,75246.75781,17.39578056,3.054205795
51.40000153,180.0526812,77.26161525,27.99629526,65.74995275,1.032469718,139.4579344,6.401259422,298.0224304,0,225,34.55815887,9.999999747e-05,75305.01562,17.36701202,3.093330296
51.59999847,180.0526812,79.09172382,28.38298996,67.80873696,1.032469718,170.4485865,6.417105675,298.026825,0,225,38.32070923,9.999999747e-05,75370.21094,17.38330841,3.113019248
51.79999924,180.0526812,78.0695374,28.38298996,69.08668004,1.032469718,170.4485865,6.432021141,298.0245056,0,225,40.59853363,9.999999747e-05,75435.13281,17.40078926,3.118399154
52,180.0526812,79.64545645,28.38298996,66.89046639,1.032469718,170.4485865,6.444991112,298.0229492,0,225,40.77454758,9.999999747e-05,75500.45312,17.37594604,3.123825185
52.20000076,180.0526812,76.11494201,28.38298996,68.03788306,1.032469718,170.4485865,6.458077431,298.0134888,0,225,41.17662048,9.999999747e-05,75564.84375,17.40952492,3.122420393
52.40000153,180.0526812,78.80539996,28.38298996,68.63767414,1.032469718,170.4485865,6.471618176,298.0192871,0,225,38.7807045,9.999999747e-05,75630.05469,17.39758301,3.161230823
52.59999847,180.0526812,77.03447054,28.38298996,68.92278585,1.032469718,170.4485865,6.486627579,298.0266113,0,225,41.35533524,9.999999747e-05,75694.9375,17.41425896,3.197181667
52.79999924,180.0526812,81.62787838,26.47137951,68.89377869,1.032469718,170.4485865,6.499377251,298.0289001,0,225,44.56514359,9.999999747e-05,75760.66406,17.41398621,3.201583028
53,180.0526812,81.86977887,27.82699337,68.89343477,1.032469718,170.4485865,6.51006794,298.0362244,0,225,46.30085754,9.999999747e-05,75826.73438,17.39157104,3.207792501
53.20000076,180.0526812,77.60013268,28.38298996,68.52052113,1.032469718,170.4485865,6.519797325,298.0299377,0,221.4985657,49.89517975,9.999999747e-05,75891.01562,17.40958786,3.217952274
53.40000153,180.0526812,80.3733532,28.38298996,67.96668023,1.032469718,170.4485865,6.52605772,298.0293274,0,214.101944,49.02418518,9.999999747e-05,75954.49219,17.38283157,3.220296439
53.59999847,180.0526812,74.15474736,26.3461084,67.92312628,1.032469718,139.4579344,6.534897327,298.0187073,0,204.2093811,49.9848175,9.999999747e-05,76007.61719,17.4359436,3.20579799
53.79999924,180.0526812,77.62345855,28.30282765,68.25186668,1.032469718,170.4485865,6.536659241,298.0177002,0,190.7614441,47.43013763,9.999999747e-05,76065.5625,17.39380074,3.236881387
54,180.0526812,84.89436679,28.38298996,68.38684085,1.032469718,170.4485865,6.532063961,298.0309143,0,176.6402893,47.85925293,9.999999747e-05,76122.51562,17.3348484,3.222617891
54.20000076,180.0526812,82.85979088,28.38298996,70.15125692,1.032469718,170.4485865,6.526665688,298.038269,0,164.3554688,53.09559631,9.999999747e-05,76176.46094,17.35554886,3.251526872
54.40000153,180.0526812,82.23204596,28.38298996,69.50315641,1.032469718,170.4485865,6.52003479,298.0430603,0,154.212204,56.69083786,9.999999747e-05,76228.19531,17.3498745,3.269386567
54.59999847,180.0526812,85.15070056,27.46807372,68.7185278,1.032469718,170.4485865,6.511867523,298.0481567,0,146.722702,59.71940231,9.999999747e-05,76279.03125,17.33428192,3.275875625
54.79999924,180.0526812,78.6676387,27.97348328,66.34367897,1.032469718,170.4485865,6.506350994,298.0428772,0,142.5012665,63.06354904,9.999999747e-05,76327.42188,17.3525753,3.30763238
55,180.0526812,82.07987182,28.38298996,61.97150083,0.9699621548,170.4485865,6.499358177,298.0464172,0,140.4728546,63.00152588,9.999999747e-05,76376.39844,16.76140404,3.312784211
55.20000076,180.0526812,81.7305288,28.38298996,66.51182194,1.032469718,170.4485865,6.492586613,298.0417175,0,141.2549438,65.86862183,9.999999747e-05,76425.39844,17.32554436,3.31722166
55.40000153,180.0526812,82.37691019,28.38298996,64.91131398,1.032469718,170.4485865,6.487303734,298.0373535,0,144.7400665,65.96289825,9.999999747e-05,76475.29688,17.31096077,3.325718365
55.59999847,180.0526812,85.15070056,28.38298996,66.15701195,1.032469718,170.4485865,6.48477602,298.0442505,0,150.3343048,66.05449677,9.999999747e-05,76527.17969,17.30440521,3.331372215
55.79999924,180.0526812,84.71664219,28.38298996,67.1320494,1.032469718,170.4485865,6.484282017,298.0430908,0,156.9352264,69.87155151,9.999999747e-05,76580.28906,17.32046509,3.345631552
56,180.0526812,83.81771609,28.38298996,67.98355555,1.032469718,170.4485865,6.486515999,298.0399475,0,163.7360077,71.07995605,9.999999747e-05,76634.59375,17.33874702,3.36739799
56.20000076,180.0526812,82.08245462,27.81718394,68.40006827,1.032469718,170.4485865,6.491662502,298.0332031,0,169.6407166,71.6232605,9.999999747e-05,76689.59375,17.36862373,3.397129214
56.40000153,180.0526812,81.80979582,26.90742668,67.68307622,1.032469718,170.4485865,6.497337818,298.0190735,0,173.4859161,70.81677246,9.999999747e-05,76745.10938,17.38340187,3.399953598
56.59999847,180.0526812,83.83939606,28.38298996,67.74324441,1.032469718,170.4485865,6.502471447,298.0279236,0,175.0686188,67.23691559,9.999999747e-05,76801.88281,17.34645271,3.415347556
56.79999924,180.0526812,85.15070056,28.38298996,65.49760895,1.032469718,170.4485865,6.505396843,298.0272217,0,174.6013947,71.10983276,9.999999747e-05,76858.8125,17.31974411,3.407247377
57,180.0526812,84.95769328,28.38298996,68.90061957,1.032469718,170.4485865,6.507367611,298.0226746,0,172.9694214,71.84660339,9.999999747e-05,76915.32812,17.34827995,3.417009113
57.20000076,180.0526812,84.95131272,28.38298996,67.99340157,1.032469718,170.4485865,6.509622097,298.0257568,0,170.5453186,71.3110733,9.999999747e-05,76971.42969,17.34035683,3.438055447
57.40000153,180.0526812,81.57089158,26.49332483,66.9294042,1.032469718,170.4485865,6.513802528,298.0151367,0,167.215332,73.25247955,9.999999747e-05,77025.63281,17.38707924,3.467897718
57.59999847,180.0526812,75.95556656,25.98260587,65.52738013,1.032469718,153.2955368,6.518845558,297.9952698,0,162.20784,70.53465271,9.999999747e-05,77073.64844,17.41222,3.416808618
57.79999924,180.0526812,85.15070056,28.38298996,69.67243202,1.032469718,170.4485865,6.516402721,298.0089417,0,155.1864624,64.32448578,9.999999747e-05,77126.65625,17.34513283,3.469889609
58,180.0526812,84.60937595,28.38298996,63.79643591,0.9888146297,170.4485865,6.513347149,298.0205383,0,149.1694794,69.01797485,9.999999747e-05,77178.32812,16.93238449,3.489502155
58.20000076,180.0526812,85.15070056,28.38298996,66.3407037,1.032469718,170.4485865,6.508982182,298.027832,0,144.3527679,73.24784851,9.999999747e-05,77229.14062,17.31305695,3.496249467
58.40000153,180.0526812,84.18238486,27.11346734,68.39297812,1.032469718,170.4485865,6.504515648,298.0193787,0,141.2845306,76.4516449,9.999999747e-05,77278.77344,17.3564415,3.504724997
58.59999847,180.0526812,85.15070056,28.38298996,66.51346439,1.032469718,170.4485865,6.499224186,298.0213928,0,139.9989014,74.52573395,9.999999747e-05,77328.65625,17.31337929,3.512291286
58.79999924,180.0526812,80.93022764,28.214558,65.5700599,1.032469718,170.4485865,6.495706081,298.0083008,0,140.8322144,76.00978851,9.999999747e-05,77377.50781,17.34087563,3.512110722
59,180.0526812,80.08253254,26.38240196,63.22248195,1.032469718,146.9082693,6.495041847,297.9954224,0,143.0644836,72.27272797,9.999999747e-05,77421.42969,17.34423256,3.494437982
59.20000076,180.0526812,81.98422139,28.38298996,67.16772929,1.032469718,170.4485865,6.492752075,297.9918823,0,145.5587463,68.24666595,9.999999747e-05,77471.55469,17.34781837,3.528943352
59.40000153,180.0526812,81.36620899,28.38298996,69.52650795,1.032469718,170.4485865,6.492691517,297.9920959,0,148.9833832,66.9486084,9.999999747e-05,77522.27344,17.37388992,3.548469576
59.59999847,180.0526812,80.72281714,28.38298996,68.90475528,1.032469718,170.4485865,6.494853973,297.9960022,0,152.4195862,66.74488831,9.999999747e-05,77573.59375,17.37726593,3.572593276
59.79999924,180.0526812,82.5981673,28.35711449,65.43093545,1.032469718,170.4485865,6.497673512,298.0076294,0,154.9907074,67.79354095,9.999999747e-05,77626.02344,17.33846092,3.601486918
60,180.0526812,78.97841016,27.51321075,68.18522517,1.032469718,170.4485865,6.50163126,297.997467,0,156.4389343,71.62519836,9.999999747e-05,77677.53906,17.40270805,3.568792167
60.20000076,180.0526812,83.35631393,28.38298996,64.0012404,1.032469718,170.4485865,6.502766609,298.0019836,0,156.3023987,68.3228302,9.999999747e-05,77730.35156,17.32296753,3.600440481
60.40000153,180.0526812,81.42255261,27.85616814,64.82281384,1.032469718,170.4485865,6.504738808,297.9988098,0,155.7247467,69.85876465,9.999999747e-05,77782.42188,17.35349846,3.600652066
60.59999847,180.0526812,84.45084169,26.62390584,65.93988345,1.032469718,170.4485865,6.504509926,297.9898376,0,154.3462982,68.80258942,9.999999747e-05,77834.70312,17.36030197,3.584577533
60.79999924,180.0526812,85.15070056,28.38298996,67.29963238,1.032469718,170.4485865,6.501721382,297.9881287,0,153.0693512,65.69046783,9.999999747e-05,77887.17188,17.33798409,3.592240452
61,180.0526812,84.14171481,28.38298996,68.1007434,1.032469718,170.4485865,6.500676155,297.9913635,0,152.9092712,64.78699493,9.999999747e-05,77939.41406,17.35236168,3.616844086
61.20000076,180.0526812,82.24517446,27.72493878,66.98950648,1.032469718,170.4485865,6.501741886,297.9913635,0,153.1532135,65.46861267,9.999999747e-05,77991.14062,17.36898422,3.625964855
61.40000153,180.0526812,76.29062294,27.71058144,68.62602752,1.032469718,170.4485865,6.504964352,297.9784546,0,152.969696,65.11929321,9.999999747e-05,78041.20312,17.42546654,3.570210519
61.59999847,180.0526812,82.42008238,28.38298996,69.64235643,1.032469718,170.4485865,6.504629135,297.9858704,0,151.4968109,60.33860397,9.999999747e-05,78092.74219,17.37881088,3.644153344
61.79999924,180.0526812,83.5137498,28.38298996,69.50295981,1.032469718,170.4485865,6.504696846,298.0007324,0,150.1765594,62.18906403,9.999999747e-05,78144.39844,17.37015915,3.681904586
62,180.0526812,85.15070056,28.38298996,68.29447319,1.032469718,170.4485865,6.503529072,298.0122681,0,148.8165436,66.72784424,9.999999747e-05,78196.19531,17.34840393,3.688391012
62.20000076,180.0526812,85.15070056,28.01905804,66.67464641,1.032469718,170.4485865,6.503151417,298.022522,0,147.9289703,70.62217712,9.999999747e-05,78247.80469,17.34124184,3.709452371
62.40000153,180.0526812,84.39370788,28.38298996,68.76278515,1.032469718,170.4485865,6.502857685,298.0293884,0,147.1858063,74.53902435,9.999999747e-05,78299.14844,17.35840225,3.721285051
62.59999847,180.0526812,82.98679579,28.38298996,64.42684574,1.032469718,170.4485865,6.502364159,298.0250549,0,146.5625305,77.67527771,9.999999747e-05,78349.92188,17.33328819,3.71049441
62.79999924,180.0526812,81.82356758,27.95990397,66.38835274,1.032469718,170.4485865,6.502880573,298.0189209,0,146.1375427,77.22808838,9.999999747e-05,78400.25,17.36589813,3.713159043
63,180.0526812,85.15070056,27.44664117,66.25112668,1.032469718,170.4485865,6.502827644,298.0233765,0,145.5020905,76.08996582,9.999999747e-05,78451.3125,17.34869003,3.74991217
63.20000076,180.0526812,85.15070056,28.38298996,64.74570495,1.032469718,170.4485865,6.502828121,298.0358582,0,144.8928223,78.37813568,9.999999747e-05,78502.51562,17.32084274,3.781135027
63.40000153,180.0526812,85.15070056,28.38298996,67.78466642,1.032469718,170.4485865,6.502484322,298.0413513,0,144.2813416,83.52534485,9.999999747e-05,78553.57031,17.34706116,3.786008637
63.59999847,180.0526812,84.517203,28.38298996,67.88855543,1.032469718,170.4485865,6.501840591,298.0378418,0,143.8087006,86.67380524,9.999999747e-05,78604.3125,17.35312462,3.781900936
63.79999924,180.0526812,79.40693935,27.27198278,67.75044682,1.032469718,170.4485865,6.502705097,298.0085144,0,143.5934296,86.97545624,9.999999747e-05,78653.30469,17.40700531,3.691218712
64,180.0526812,85.15070056,26.25946198,65.59356827,1.032469718,170.4485865,6.500776291,297.9897461,0,143.026535,78.29657745,9.999999747e-05,78703.46875,17.36439133,3.716213643
64.19999695,180.0526812,83.70061907,28.38298996,67.30926184,1.032469718,170.4485865,6.498333454,297.9832153,0,143.245163,72.3634491,9.999999747e-05,78753.6875,17.35609436,3.744651963
64.40000153,180.0526812,83.40287498,27.63110196,64.51517283,1.032469718,170.4485865,6.496166229,297.9702454,0,144.433548,69.86270905,9.999999747e-05,78803.85156,17.34836769,3.713277558
64.59999847,180.0526812,85.15070056,28.38298996,67.38390831,1.032469718,170.4485865,6.492114544,297.9608154,0,146.4864044,64.80644226,9.999999747e-05,78854.92969,17.34995651,3.713658628
64.80000305,180.0526812,84.5080935,27.49476507,66.81159117,1.032469718,170.4485865,6.489614487,297.9476929,0,150.1669006,60.53736115,9.999999747e-05,78906.38281,17.36695862,3.679727652
65,180.0526812,79.95570866,28.38298996,66.50648589,1.032469718,170.4485865,6.489926338,298.1803284,0,154.836441,18.16120911,72.58257294,78957.6875,17.38560295,3.643515801
65.19999695,180.0526812,84.21582528,27.96056621,66.69221385,1.032469718,170.4485865,6.489339352,298.1345215,0,159.3769379,96.55727386,7.258257389,79010.875,17.36876106,3.673912593
65.40000153,180.0526812,81.8219649,26.81932566,67.17664511,1.032469718,170.4485865,6.491769791,298.0749512,0,164.164032,85.76976776,0.725825727,79064.21094,17.41061211,3.617140494
65.59999847,180.0526812,85.15070056,27.11584514,68.71227153,1.032469718,170.4485865,6.493114471,298.0375977,0,167.9663086,70.6133194,0.0725825727,79119.23438,17.39950562,3.667706874
65.80000305,180.0526812,77.89606204,26.95500365,68.75011867,1.032469718,170.4485865,6.497394085,297.9951172,0,171.2438812,60.97671127,0.007258257363,79172.92969,17.45232391,3.533878919
66,180.0526812,81.45209381,28.35417643,69.32394433,1.032469718,170.4485865,6.49984169,297.9823608,0,172.7964783,48.01588821,0.0007258257247,79228.16406,17.41498566,3.650399676
66.19999695,180.0526812,82.5639537,28.38298996,70.3896904,1.032469718,170.4485865,6.501512051,297.9761353,0,173.385498,43.7493782,9.999999747e-05,79283.79688,17.41678619,3.667527377
66.40000153,180.0526812,82.73860216,28.38298996,67.93425117,1.032469718,170.4485865,6.500432968,297.9649353,0,173.3030853,41.03408432,9.999999747e-05,79339.3125,17.39703941,3.616472951
66.59999847,180.0526812,80.34129605,26.6447327,69.20130747,1.032469718,170.4485865,6.50162077,297.9488525,0,173.6587982,36.31951523,9.999999747e-05,79393.9375,17.44928932,3.522303098
66.80000305,180.0526812,82.8780769,27.03464384,64.61679011,1.032469718,170.4485865,6.50214529,298.1073608,0,173.5231781,10.895854,48.5710144,79449.26562,17.39359665,3.595562808
67,180.0526812,81.49576698,28.11873624,70.21535506,1.032469718,170.4485865,6.501272678,298.071228,0,173.1870575,63.78960419,4.85710144,79504.28125,17.42936516,3.584886205
67.19999695,180.0526812,81.9282968,28.38298996,67.96104403,1.032469718,170.4485865,6.501060486,298.0410767,0,173.2025909,54.15794754,0.485710144,79559.51562,17.40757942,3.623605434
67.40000153,180.0526812,85.15070056,28.38298996,69.93903626,1.032469718,170.4485865,6.499830723,298.0259705,0,173.2963409,46.69439316,0.04857101291,79615.64062,17.403759,3.679782953
67.59999847,180.0526812,83.82813116,27.43798274,70.21881555,1.032469718,170.4485865,6.50125885,298.0136414,0,173.8874359,43.2526741,0.004857101478,79671.44531,17.43067741,3.667594861
67.80000305,180.0526812,82.32794876,28.01037649,69.77314316,1.032469718,170.4485865,6.503904343,298.0085144,0,173.8951874,40.08562851,0.0004857101303,79727.03906,17.43029213,3.692471749
68,180.0526812,85.15070056,27.86678536,66.16109272,1.032469718,170.4485865,6.504651546,298.007782,0,172.8494263,38.92223358,9.999999747e-05,79783.125,17.38643265,3.724672153
68.19999695,180.0526812,84.19843408,28.01622958,67.88542279,1.032469718,170.4485865,6.504963875,298.0044861,0,171.5148468,39.02144623,9.999999747e-05,79838.70312,17.40425301,3.710307754
68.40000153,180.0526812,80.92447139,27.66763794,66.017354,1.032469718,170.4485865,6.505953312,297.9933472,0,170.0506287,38.18550491,9.999999747e-05,79893.02344,17.4158535,3.635143506
68.59999847,180.0526812,85.15070056,27.77749289,66.04347669,1.025059716,170.4485865,6.505624771,297.9979248,0,168.1871185,34.53868103,9.999999747e-05,79948.17188,17.32553864,3.735129369
68.80000305,180.0526812,83.83647966,25.6611796,67.90085735,1.032469718,170.4485865,6.508104801,297.9950256,0,166.4614868,35.94879913,9.999999747e-05,80002.3125,17.44375992,3.688127978
69,180.0526812,84.23635191,28.07345497,66.91546001,1.020875529,170.4485865,6.508080482,298.0039673,0,163.7303314,34.83434296,9.999999747e-05,80056.46094,17.29894447,3.775399862
69.19999695,180.0526812,85.15070056,27.85452079,69.77097759,1.032469718,170.4485865,6.508368969,298.0155334,0,161.0262451,37.75732422,9.999999747e-05,80110.35156,17.41569328,3.823386257
69.40000153,180.0526812,84.63787924,28.38298996,67.86382542,1.032469718,170.4485865,6.50780344,298.0236511,0,158.1975403,41.82926559,9.999999747e-05,80163.63281,17.39523888,3.834185411
69.59999847,180.0526812,85.15070056,28.38298996,66.28508169,1.032469718,170.4485865,6.506985664,298.0315857,0,155.5990143,45.12730408,9.999999747e-05,80216.57031,17.3784008,3.861668153
69.80000305,180.0526812,85.15070056,28.38298996,65.97939528,1.032469718,170.4485865,6.506529331,298.0399475,0,153.325531,48.69364166,9.999999747e-05,80269.125,17.37565994,3.892533898
70,180.0526812,83.4827783,27.75068003,69.82268244,1.032469718,170.4485865,6.50565958,298.0330505,0,151.2326965,52.69458771,9.999999747e-05,80320.60156,17.42662048,3.822736025
70.19999695,180.0526812,82.28059205,26.61933011,67.68367601,1.032469718,170.4485865,6.505176544,298.018219,0,149.4902496,51.75544357,9.999999747e-05,80371.15625,17.43446159,3.751976452
70.40000153,180.0526812,82.96674042,26.9290994,65.56421852,1.032469718,170.4485865,6.505119801,298.0159912,0,147.938446,47.93228912,9.999999747e-05,80421.71875,17.40890694,3.817729491
70.59999847,180.0526812,85.15070056,28.38298996,68.67488121,1.032469718,170.4485865,6.504651546,298.0334473,0,146.4091797,47.95602798,9.999999747e-05,80472.99219,17.39824867,3.960069717
70.80000305,180.0526812,83.07417883,26.60482687,64.62693527,1.0253184,168.5874487,6.505784035,298.0328674,0,145.06987,54.59658432,9.999999747e-05,80522.69531,17.34519386,3.8806911
71,180.0526812,85.15070056,28.38298996,68.34161696,1.032469718,170.4485865,6.504323483,298.0419006,0,143.2710114,55.5157814,9.999999747e-05,80573.3125,17.39523697,3.96562888
71.19999695,180.0526812,84.84783934,27.51953057,68.25423071,1.032469718,170.4485865,6.502674103,298.0384827,0,142.0699615,59.87483597,9.999999747e-05,80623.38281,17.40948486,3.920414177
71.40000153,180.0526812,83.40061708,27.05997021,64.66124507,1.032469718,170.4485865,6.501970768,298.0298462,0,141.5210724,60.19765091,9.999999747e-05,80672.85156,17.39721107,3.885429628
71.59999847,180.0526812,85.15070056,28.38298996,65.36490457,1.032469718,170.4485865,6.500848293,298.0378723,0,141.2497559,58.68971634,9.999999747e-05,80723.09375,17.37188339,3.994179538
71.80000305,180.0526812,85.15070056,28.38298996,64.79717911,1.032469718,170.4485865,6.499521732,298.0393372,0,141.4318542,62.64095306,9.999999747e-05,80773.34375,17.36781311,3.986256468
72,180.0526812,85.15070056,27.96966322,66.79976118,1.032469718,170.4485865,6.498706341,298.0360107,0,142.1438751,64.50712585,9.999999747e-05,80823.64844,17.39276123,3.975019463
72.19999695,180.0526812,84.41210698,27.82489536,68.27009802,1.032469718,170.4485865,6.498109818,298.0261841,0,143.1797791,64.82266235,9.999999747e-05,80873.89062,17.41351891,3.941719061
72.40000153,180.0526812,84.80097012,28.26081086,69.64714249,1.032469718,170.4485865,6.497004509,298.0172424,0,144.4552612,62.80527496,9.999999747e-05,80924.53125,17.41681671,3.945752736
72.59999847,180.0526812,85.15070056,25.89277831,68.03728152,1.032469718,170.4485865,6.498189926,298.0028687,0,146.1752014,60.77427673,9.999999747e-05,80975.20312,17.43985939,3.891038282
72.80000305,180.0526812,85.15070056,26.76364296,68.83196092,1.032469718,170.4485865,6.499908924,298.0005188,0,147.4117279,56.53106308,9.999999747e-05,81026.35156,17.43563843,3.953886268
73,180.0526812,83.35957125,26.57986126,64.99932018,1.032469718,170.4485865,6.501955986,297.9910278,0,147.9662323,55.93199921,9.999999747e-05,81077.04688,17.42016029,3.896661038
73.19999695,180.0526812,85.15070056,26.79186157,69.02389863,1.032469718,170.4485865,6.502267361,297.9854431,0,147.7026825,52.69566727,9.999999747e-05,81128.14062,17.43808746,3.917232217
73.40000153,180.0526812,85.15070056,28.38298996,65.26965525,1.032469718,170.4485865,6.500835419,297.9851074,0,147.3212891,50.50725937,9.999999747e-05,81179.40625,17.38336945,3.950470715
73.59999847,180.0526812,81.555684,27.40390969,70.1650805,1.032469718,170.4485865,6.502237797,297.9770203,0,147.5128326,49.88475418,9.999999747e-05,81229.58594,17.4636364,3.870612099
73.80000305,180.0526812,83.81055733,28.33046182,68.84392403,1.032469718,170.4485865,6.502514362,297.9830322,0,147.12854,46.54533386,9.999999747e-05,81280.51562,17.42579269,3.970818827
74,180.0526812,84.65288298,28.38298996,66.81169982,1.032469718,170.4485865,6.502363682,297.9899597,0,146.646286,47.80947495,9.999999747e-05,81331.59375,17.40334892,3.995889947
74.19999695,180.0526812,82.75604074,27.97477846,68.3921826,1.032469718,170.4485865,6.504338264,297.9961853,0,146.2222443,49.51794052,9.999999747e-05,81382.09375,17.43756104,3.998275027
74.40000153,180.0526812,84.36977067,26.81130958,69.74665689,1.032469718,170.4485865,6.505209923,297.9950867,0,144.9999084,51.23851013,9.999999747e-05,81432.49219,17.45416832,3.963539148
74.59999847,180.0526812,83.81504093,28.14011004,69.29748363,1.032469718,170.4485865,6.50413847,297.9941406,0,143.4393616,50.67248535,9.999999747e-05,81482.60156,17.43357277,3.968712241
74.80000305,180.0526812,85.15070056,27.47932639,68.17752606,1.032469718,170.4485865,6.503787994,297.9993591,0,142.3102875,50.17221069,9.999999747e-05,81532.8125,17.42662239,4.016114169
75,180.0526812,83.85915448,27.01083571,63.94561008,1.032469718,170.4485865,6.503508091,297.9954834,0,141.3128357,51.758358,9.999999747e-05,81582.32812,17.40658188,3.955476932
75.19999695,180.0526812,85.15070056,27.84959337,68.07784943,1.032469718,170.4485865,6.502623081,298.0022583,0,140.4293518,50.35628891,9.999999747e-05,81632.23438,17.42108536,4.038662127
75.40000153,180.0526812,85.15070056,27.12576646,64.42775623,1.031123019,170.4485865,6.50064373,297.9957275,0,139.9022217,52.55261993,9.999999747e-05,81681.77344,17.38928413,3.958801475
75.59999847,180.0526812,80.25356251,24.27967019,67.37955324,1.032469718,170.4485865,6.5031991,297.97229,0,140.1684265,50.33018112,9.999999747e-05,81729.51562,17.5022316,3.743284127
75.80000305,180.0526812,85.15070056,27.21816901,67.72206787,1.032469718,170.4485865,6.502034187,297.9808044,0,139.394043,42.13372803,9.999999747e-05,81779.03125,17.42966843,4.001703301
76,180.0526812,84.28695925,27.79938114,65.05536593,1.032469718,170.4485865,6.501163006,297.9893799,0,139.1122894,44.21619415,9.999999747e-05,81828.38281,17.40530014,4.02243393
76.19999695,180.0526812,84.05734222,25.56867291,68.71354134,1.032469718,170.4485865,6.501510143,297.9840088,0,139.166214,46.384758,9.999999747e-05,81877.22656,17.4714241,3.917137893
76.40000153,180.0526812,84.89531123,28.12245993,68.08177385,1.032469718,170.4485865,6.499444485,297.9899902,0,139.0783081,44.07398224,9.999999747e-05,81926.71875,17.42324638,4.01604625
76.59999847,180.0526812,85.15070056,26.91032621,67.74954253,1.032469718,170.4485865,6.499208927,297.9935303,0,139.8284454,45.57473755,9.999999747e-05,81976.26562,17.43920898,4.010308734
76.80000305,180.0526812,81.89873628,27.0838517,69.68274512,1.032469718,170.4485865,6.499540329,297.985321,0,140.6589661,46.37689972,9.999999747e-05,82025.04688,17.47427559,3.907600066
77,180.0526812,81.3087712,27.61349172,67.71702447,1.032469718,170.4485865,6.500650406,297.9836426,0,141.3609924,43.27957153,9.999999747e-05,82073.96094,17.45715141,3.94201256
77.19999695,180.0526812,83.93219673,25.71339091,68.89280941,1.032469718,170.4485865,6.501829147,297.9801025,0,141.6182556,42.21257782,9.999999747e-05,82123.27344,17.47852898,3.925186209
77.40000153,180.0526812,85.15070056,26.19863091,69.29451727,1.032469718,170.4485865,6.502267361,297.9833374,0,141.4063568,40.38314819,9.999999747e-05,82172.96875,17.46770287,3.984298774
77.59999847,180.0526812,85.15070056,27.63026703,67.58287438,1.032469718,170.4485865,6.501194477,297.9892578,0,141.0217743,40.78258514,9.999999747e-05,82222.82031,17.43290138,4.023035819
77.80000305,180.0526812,85.15070056,27.93207157,64.56083295,1.032469718,170.4485865,6.499842644,297.9934998,0,141.068924,42.17159653,9.999999747e-05,82272.71875,17.40353394,4.02783039
78,180.0526812,84.37944513,26.96440843,67.85146364,1.032469718,170.4485865,6.50056839,297.9949951,0,141.6527863,43.18984604,9.999999747e-05,82322.42188,17.45345688,4.009462986
78.19999695,180.0526812,85.15070056,26.05772524,68.78498121,1.032469718,170.4485865,6.502009869,297.9958801,0,141.9387817,43.43325806,9.999999747e-05,82372.25,17.47114944,4.010514678
78.40000153,180.0526812,85.15070056,28.16041144,65.22116065,1.031010382,170.4485865,6.502070904,298.0053711,0,141.6524353,43.53762436,9.999999747e-05,82422.4375,17.39864159,4.100540708
78.59999847,180.0526812,84.6511546,26.4266694,67.54590033,1.032469718,170.4485865,6.503911972,298.0070496,0,141.348465,46.64691925,9.999999747e-05,82472.15625,17.46159935,4.052188935
78.80000305,180.0526812,85.15070056,27.20942379,69.68653539,1.032469718,170.4485865,6.504934311,298.0140381,0,140.297821,47.3647995,9.999999747e-05,82521.98438,17.46491241,4.11260358
79,180.0526812,85.15070056,26.12678947,68.42329756,1.032469718,170.4485865,6.505902767,298.0127258,0,138.8466187,50.02272034,9.999999747e-05,82571.28125,17.47036552,4.060256936
79.19999695,180.0526812,85.15070056,26.94450572,68.32740108,1.032469718,170.4485865,6.505735397,298.0145569,0,137.0056915,50.04601288,9.999999747e-05,82620.35938,17.45717812,4.093999337
79.40000153,180.0526812,84.58798071,24.95299941,64.02760211,1.032469718,164.5953682,6.506468773,298.0067749,0,135.2352142,51.16148376,9.999999747e-05,82667.32812,17.44941139,3.991416742
79.59999847,180.0526812,85.15070056,26.76857992,68.31061302,1.032469718,170.4485865,6.503322601,297.9984741,0,133.1646881,49.0064888,9.999999747e-05,82715.40625,17.45663834,4.003997289
79.80000305,180.0526812,85.15070056,24.47342055,67.60094643,1.032469718,170.4485865,6.502573013,297.9881287,0,132.3683929,46.46166229,9.999999747e-05,82762.95312,17.48626328,3.944291867
80,180.0526812,84.80940958,26.81207579,67.84556069,1.032469718,170.4485865,6.498939514,297.9825134,0,131.8515778,42.89238739,9.999999747e-05,82810.625,17.45495605,3.976236178
80.19999695,180.0526812,84.08538123,27.0409632,69.11548124,1.032469718,170.4485865,6.495930195,297.9776001,0,132.8053589,40.587677,9.999999747e-05,82858.3125,17.46814346,3.96332566
80.40000153,180.0526812,85.15070056,26.46372852,68.62325698,1.032469718,170.4485865,6.494253635,297.9757996,0,134.9514923,38.27744293,9.999999747e-05,82906.64062,17.46890831,3.98163626
80.59999847,180.0526812,85.15070056,26.59922833,67.17219485,1.032469718,170.4485865,6.494337082,297.9783936,0,137.7659607,36.85393143,9.999999747e-05,82955.625,17.45909691,4.021251215
80.80000305,180.0526812,85.02353639,27.11810184,69.16867563,1.032469718,170.4485865,6.496447563,297.988739,0,140.5455017,36.85597992,9.999999747e-05,83005.375,17.4737606,4.107837391
81,180.0526812,85.15070056,26.41744873,65.95569184,1.027909136,170.4485865,6.499830723,297.9963074,0,142.4797821,39.59748459,9.999999747e-05,83055.46875,17.42140961,4.111264585
81.19999695,180.0526812,85.15070056,26.56653395,70.19331987,1.032469718,170.4485865,6.501756191,297.9950867,0,143.0631409,41.70580673,9.999999747e-05,83105.57812,17.49231911,4.056261197
81.40000153,180.0526812,85.15070056,26.12997318,68.6008676,1.032469718,170.4485865,6.503705025,297.992157,0,142.8851166,41.09582901,9.999999747e-05,83155.5625,17.4869175,4.035972907
81.59999847,180.0526812,85.15070056,26.21519199,70.3896904,1.032469718,170.4485865,6.504600048,297.9876404,0,141.9229279,39.90184021,9.999999747e-05,83205.3125,17.49961853,4.014143101
81.80000305,180.0526812,85.15070056,25.71147303,70.31581763,1.032469718,170.4485865,6.506478786,297.9884338,0,140.6062775,38.0787735,9.999999747e-05,83254.79688,17.50818443,4.046853407
82,180.0526812,84.83151388,24.63924903,68.17639769,1.032469718,170.4485865,6.509764194,297.992218,0,138.5314484,37.92171478,9.999999747e-05,83303.70312,17.51076317,4.065835145
82.19999695,180.0526812,85.15070056,26.99688205,68.36238045,1.032469718,170.4485865,6.510893822,298.0109863,0,135.1409454,38.79013443,9.999999747e-05,83352.55469,17.47556305,4.230246512
82.40000153,180.0526812,83.41489747,24.37137014,69.63626914,1.032469718,170.4485865,6.513604164,298.0135193,0,131.3102417,44.93648529,9.999999747e-05,83399.67188,17.5354023,4.091200178
82.59999847,180.0526812,85.15070056,25.97674455,68.83974589,1.032469718,170.4485865,6.513100624,298.0286255,0,126.3832397,46.08914948,9.999999747e-05,83446.625,17.4915638,4.235365602
82.80000305,180.0526812,81.73543159,26.57351764,68.69408676,1.032469718,170.4485865,6.512655258,298.0381775,0,121.6734009,51.78282547,9.999999747e-05,83491.82812,17.50398064,4.197653163
83,180.0526812,80.66040219,28.06682731,64.21022575,1.030266774,170.4485865,6.510632515,298.0519409,0,117.131218,56.03703308,9.999999747e-05,83536.13281,17.43033409,4.259401019
83.19999695,180.0526812,84.7204007,25.50876981,63.34081216,1.032469718,154.627437,6.507046223,298.0608521,0,113.4034348,62.15106201,9.999999747e-05,83577.03906,17.43478775,4.232637586
83.40000153,180.0526812,85.15070056,27.19515067,66.65971819,1.032469718,170.4485865,6.501797676,298.0721741,0,111.1103058,67.07071686,9.999999747e-05,83621.20312,17.44804192,4.32766029
83.59999847,180.0526812,85.15070056,26.34605406,65.87264612,1.032469718,170.4485865,6.496977806,298.0706787,0,110.9170227,73.18828583,9.999999747e-05,83665.10938,17.45352173,4.260793118
83.80000305,180.0526812,85.15070056,26.5193435,66.09229822,1.032469718,170.4485865,6.49305439,298.0663147,0,112.6449432,75.29322052,9.999999747e-05,83709.39844,17.45486641,4.259320095
84,180.0526812,85.15070056,26.68257915,65.38456634,1.032469718,170.4485865,6.490850449,298.0623169,0,115.9406357,76.45163727,9.999999747e-05,83754.42188,17.44985771,4.277795633
84.19999695,180.0526812,84.21826209,26.01180411,65.93869701,1.032469718,170.4485865,6.491425037,298.0533752,0,120.115181,77.58708191,9.999999747e-05,83799.94531,17.47598076,4.238107133
84.40000153,180.0526812,84.77967237,26.0965212,68.34179143,1.032469718,170.4485865,6.491702557,298.0342407,0,124.0563202,76.87579346,9.999999747e-05,83846.29688,17.49300575,4.17955445
84.59999847,180.0526812,79.99671319,25.72761774,68.24484929,1.032469718,170.4485865,6.495449543,298.0054016,0,127.8961639,72.33581543,9.999999747e-05,83892.02344,17.53373528,4.020320496
84.80000305,180.0526812,84.41502938,26.73764345,68.41418567,1.032469718,170.4485865,6.496832848,297.9936829,0,130.224884,63.81905746,9.999999747e-05,83939.60156,17.492836,4.178294563
85,180.0526812,85.15070056,26.21025472,68.0430964,1.032469718,170.4485865,6.498287678,297.9811707,0,132.0191956,60.19868088,9.999999747e-05,83987.58594,17.49421692,4.155949223
85.19999695,180.0526812,84.81841821,26.48243015,66.88093994,1.032469718,170.4485865,6.499769688,297.9708557,0,133.2237396,55.73212051,9.999999747e-05,84035.75,17.48432732,4.148927491
85.40000153,180.0526812,85.15070056,26.37239202,67.81566603,1.032469718,170.4485865,6.501566887,297.9658203,0,133.8356323,51.55366516,9.999999747e-05,84084.125,17.49371338,4.172068977
85.59999847,180.0526812,85.15070056,25.85504236,69.13344725,1.032469718,170.4485865,6.504349709,297.9664307,0,133.7277527,48.80184555,9.999999747e-05,84132.46875,17.51486397,4.201769951
85.80000305,180.0526812,85.15070056,26.59143961,67.20815875,1.032469718,170.4485865,6.506427765,297.9735718,0,132.5045319,47.76834869,9.999999747e-05,84180.74219,17.48896408,4.264168728
86,180.0526812,85.15070056,25.65345176,67.89543022,1.032469718,170.4485865,6.508784771,297.97995,0,130.4555511,48.96940613,9.999999747e-05,84228.46875,17.50915718,4.25710536
86.19999695,180.0526812,84.68390528,26.84867362,65.71496273,1.026549896,170.4485865,6.508764744,297.9841919,0,127.4604874,50.1301651,9.999999747e-05,84275.58594,17.42349434,4.252806414
86.40000153,180.0526812,84.11913838,25.54485518,67.3559631,1.032469718,170.4485865,6.51001358,297.9902344,0,124.4821167,50.79579544,9.999999747e-05,84321.82812,17.51185989,4.251991027
86.59999847,180.0526812,85.15070056,26.42629346,67.51259477,1.032469718,170.4485865,6.50886488,298.0003662,0,120.9926071,52.25258636,9.999999747e-05,84367.79688,17.49116898,4.314999925
86.80000305,180.0526812,82.23528342,26.63775064,67.74630687,1.032469718,170.4485865,6.507906914,298.002594,0,117.9744644,55.33976364,9.999999747e-05,84412.35938,17.5089817,4.236019559
87,180.0526812,84.74057127,25.2125517,65.44358373,1.032469718,170.4485865,6.505348206,297.9997253,0,115.3311386,56.04230881,9.999999747e-05,84456.73438,17.4900589,4.202366786
87.19999695,180.0526812,85.15070056,26.83158628,64.04364318,1.032469718,170.4485865,6.50148201,298.0065613,0,113.7171555,55.13498688,9.999999747e-05,84501.24219,17.45074654,4.30635298
87.40000153,180.0526812,80.78442865,26.56941986,66.0754443,1.032469718,170.4485865,6.501813412,298.0142822,0,113.6488419,57.50497437,9.999999747e-05,84544.67969,17.50907135,4.280638566
87.59999847,180.0526812,85.15070056,26.72429179,65.70946079,1.032469718,170.4485865,6.499054909,298.0220947,0,113.429924,60.36320114,9.999999747e-05,84589.21094,17.47073174,4.35085063
87.80000305,180.0526812,85.15070056,26.48103019,66.72916071,1.032469718,170.4485865,6.497937202,298.0339355,0,114.3379974,63.5354805,9.999999747e-05,84634.00781,17.48704147,4.402197302
88,180.0526812,85.15070056,26.88727525,64.27851608,1.032469718,170.4485865,6.497022152,298.0422363,0,115.678009,68.38677216,9.999999747e-05,84679.14062,17.46039391,4.409599552
88.19999695,180.0526812,85.15070056,25.41850597,66.48109405,1.032469718,170.4485865,6.498019695,298.0437317,0,117.388588,72.43546295,9.999999747e-05,84724.38281,17.50509644,4.360949871
88.40000153,180.0526812,85.15070056,24.90362356,67.02405661,1.032469718,170.4485865,6.49994278,298.043335,0,118.6944885,74.47258759,9.999999747e-05,84769.83594,17.52005577,4.353029089
88.59999847,180.0526812,85.15070056,25.35546672,68.30703552,1.032469718,170.4485865,6.501512527,298.0426025,0,119.2342377,75.96794128,9.999999747e-05,84815.46875,17.52580643,4.369314275
88.80000305,180.0526812,85.15070056,26.01434419,67.42095642,1.032469718,170.4485865,6.502724648,298.0462952,0,119.1502838,77.33975983,9.999999747e-05,84861.25781,17.5101738,4.422708971
89,180.0526812,85.15070056,26.0831024,63.36124684,1.032469718,170.4485865,6.503729343,298.0500793,0,118.5815048,80.21620178,9.999999747e-05,84906.96094,17.47303772,4.439321861
89.19999695,180.0526812,81.13398998,26.5428241,66.94185078,1.032469718,170.4485865,6.50539732,298.0388794,0,117.6103973,83.23233795,9.999999747e-05,84951.34375,17.52677155,4.29658118
89.40000153,180.0526812,85.15070056,27.2093748,64.12425165,1.016118107,170.4485865,6.503275394,298.0320129,0,115.9692612,81.21405792,9.999999747e-05,84996.52344,17.32265282,4.388750134
89.59999847,180.0526812,81.98879332,24.6824818,64.73597503,1.032469718,170.4485865,6.504529953,298.0117493,0,115.19133,80.3854599,9.999999747e-05,85040.21094,17.52688408,4.191487902
89.80000305,180.0526812,82.76010426,25.89917296,66.77551313,1.026117445,170.4485865,6.505110741,298.0119629,0,113.8884811,74.65200043,9.999999747e-05,85084.21875,17.47120285,4.357427624
90,180.0526812,85.15070056,25.76122073,68.04420042,1.032469718,170.4485865,6.503928185,298.0152283,0,112.3663254,75.31565094,9.999999747e-05,85128.52344,17.52010918,4.415968385
90.19999695,180.0526812,84.42816651,26.45055318,66.60434913,1.032469718,170.4485865,6.502568722,298.0207825,0,111.3207855,76.89399719,9.999999747e-05,85172.57812,17.50322151,4.443373812
90.40000153,180.0526812,85.15070056,25.15253729,66.52081509,1.032469718,170.4485865,6.502148151,298.0262146,0,110.8140564,79.35227203,9.999999747e-05,85216.53906,17.51811409,4.441786155
90.59999847,180.0526812,83.79790384,25.58893455,66.50316813,1.032469718,170.4485865,6.502439976,298.0338135,0,110.4717407,81.96090698,9.999999747e-05,85260.19531,17.52352905,4.458411204
90.80000305,180.0526812,85.15070056,25.02048968,66.58227347,1.032469718,170.4485865,6.501832008,298.0341492,0,110.0135117,85.52651978,9.999999747e-05,85303.96094,17.52174377,4.430577224
91,180.0526812,82.02701059,25.16732523,67.52638318,1.032469718,170.4485865,6.50178957,298.0177917,0,109.8035583,86.85216522,9.999999747e-05,85346.69531,17.54854584,4.269903534
91.19999695,180.0526812,85.01116726,26.01010229,66.88511785,1.032469718,170.4485865,6.499301434,298.0088196,0,109.6059952,82.48999786,9.999999747e-05,85390.32031,17.50917625,4.371148301
91.40000153,180.0526812,85.15070056,26.10330026,65.31599448,1.032469718,170.4485865,6.496545315,297.9949646,0,110.4134293,80.18036652,9.999999747e-05,85434.08594,17.49278259,4.331492285
91.59999847,180.0526812,81.69426581,24.40250303,62.32875534,1.032469718,139.4579344,6.497785568,297.9776611,0,112.3163223,75.80091858,9.999999747e-05,85470.59375,17.49201965,4.138048166
91.80000305,180.0526812,84.71453501,25.55037024,67.58720348,1.032469718,170.4485865,6.497288704,297.9679565,0,113.7091293,69.75082397,9.999999747e-05,85514.82031,17.52896881,4.303927301
92,180.0526812,85.15070056,26.34344944,66.71572338,1.032469718,170.4485865,6.496520996,297.962616,0,115.3192215,65.69340515,9.999999747e-05,85559.61719,17.5087204,4.345064457
92.19999695,180.0526812,85.15070056,25.28219293,66.56823286,1.032469718,170.4485865,6.497107029,297.9533081,0,117.23172,62.71709442,9.999999747e-05,85604.58594,17.52508736,4.282894602
92.40000153,180.0526812,82.19896862,25.13293007,62.71222605,1.032469718,139.4579344,6.499672413,297.9454041,0,118.9045105,58.14888763,9.999999747e-05,85642.64844,17.48937416,4.161757784
92.59999847,180.0526812,85.15070056,25.66999295,67.20032042,1.032469718,170.4485865,6.501440525,298.1436768,0,119.549057,17.44466591,69.12069702,85688.21875,17.53111458,4.362028576
92.80000305,180.0526812,85.15070056,25.22398793,67.97318777,1.032469718,170.4485865,6.502934456,298.138092,0,119.4951859,83.86554718,6.912069798,85733.60156,17.54421043,4.305735675
93,180.0526812,85.15070056,26.49322271,67.0948404,1.032469718,170.4485865,6.502932072,298.117157,0,118.8421936,85.83267975,0.6912069917,85779.04688,17.51812363,4.346286199
93.19999695,180.0526812,85.15070056,25.83711088,67.8022638,1.032469718,170.4485865,6.503731251,298.0993652,0,118.1941681,83.83267212,0.06912069768,85824.32812,17.53592682,4.359171375
93.40000153,180.0526812,84.70513206,25.08927308,65.82276591,1.032469718,170.4485865,6.504573822,298.0758667,0,117.2190323,82.24354553,0.006912069395,85869.10156,17.53201103,4.28497898
93.59999847,180.0526812,80.22502548,24.94440203,65.45293207,1.029745992,170.4485865,6.506642342,298.0414429,0,115.9093628,78.00097656,0.0006912069512,85912.27344,17.53745651,4.094535491
93.80000305,180.0526812,85.15070056,25.53688395,67.79096353,1.032469718,170.4485865,6.504437923,298.0202026,0,113.768425,69.139328,9.999999747e-05,85956.42188,17.53655624,4.243347934
94,180.0526812,85.15070056,25.94309555,66.37502532,1.032469718,170.4485865,6.500971317,297.9994202,0,112.5271454,63.62560654,9.999999747e-05,86000.30469,17.51698112,4.219261056
94.19999695,180.0526812,85.15070056,25.70690615,65.80212611,1.032469718,170.4485865,6.497439384,297.978302,0,112.6629333,57.37278748,9.999999747e-05,86044.11719,17.51534081,4.169096798
94.40000153,180.0526812,84.87851101,26.11023531,65.63543296,1.024053393,170.4485865,6.495048046,297.9651794,0,114.2076645,50.21985626,9.999999747e-05,86088.27344,17.44219398,4.2025975
94.59999847,180.0526812,84.7115896,25.96109889,66.41714958,1.032469718,170.4485865,6.493614674,297.9521179,0,116.7050171,45.03676224,9.999999747e-05,86132.83594,17.52554131,4.166113505
94.80000305,180.0526812,84.2857458,24.99426594,66.05907591,1.032469718,170.4485865,6.493639946,297.934967,0,119.7761536,39.32490158,9.999999747e-05,86177.65625,17.5413723,4.062463206
95,180.0526812,85.15070056,25.05018134,67.47953011,1.032469718,170.4485865,6.493605614,298.0730896,0,122.835556,11.79747009,54.21285629,86223.22656,17.54933167,4.044172784
95.19999695,180.0526812,81.97438112,23.22244633,69.25858874,1.032469718,170.4485865,6.497695446,298.0391235,0,125.9135971,57.1361084,5.421285629,86268.21094,17.61419678,3.859655628
95.40000153,180.0526812,85.15070056,24.53164293,68.74519764,1.032469718,170.4485865,6.498625278,298.0055237,0,127.3419876,47.13016129,0.5421285629,86314.49219,17.57193756,3.973946504
95.59999847,180.0526812,85.15070056,23.700032,67.87235502,1.032469718,170.4485865,6.501384735,297.9807739,0,128.4219666,37.25556946,0.05421285704,86360.91406,17.58072281,3.985324245
95.80000305,180.0526812,85.15070056,26.08350686,66.28028728,1.032469718,170.4485865,6.501541138,297.9674377,0,128.3820038,29.17558098,0.005421285518,86407.6875,17.53331375,4.07011741
96,180.0526812,85.15070056,26.18604233,68.67936347,1.032469718,170.4485865,6.502019882,297.9603882,0,128.2939453,24.04092216,0.000542128575,86454.50781,17.55427551,4.100130496
96.19999695,180.0526812,85.15070056,26.00646897,67.55778031,1.032469718,170.4485865,6.501865387,297.9530029,0,128.0049286,20.48556519,9.999999747e-05,86501.16406,17.54733086,4.054623675
96.40000153,180.0526812,85.15070056,24.56662265,68.91186611,1.032469718,170.4485865,6.501925945,297.9414368,0,127.7809067,16.50554466,9.999999747e-05,86547.4375,17.57848549,3.937207273
96.59999847,180.0526812,83.71296888,24.69047906,66.23029021,1.032469718,170.4485865,6.503352642,298.0146484,0,127.529892,4.951663494,29.8484745,86593.35156,17.5663662,3.940610574
96.80000305,180.0526812,85.15070056,24.28738005,70.35655115,1.032469718,170.4485865,6.505485058,298.0075684,0,126.7042999,28.10119438,2.984847307,86639.52344,17.60090828,4.046663192
97,180.0526812,85.15070056,24.62551868,68.18869686,1.032469718,170.4485865,6.506229877,297.9950256,0,125.0277634,25.66322899,0.2984847426,86685.38281,17.57770538,4.040495227
97.19999695,180.0526812,85.15070056,25.61314433,68.79926615,1.032469718,170.4485865,6.504693985,297.985321,0,123.0602417,21.6753273,0.02984847501,86730.94531,17.5668869,4.042938711
97.40000153,180.0526812,85.15070056,26.17039519,66.9946895,1.032469718,170.4485865,6.502763748,297.9815979,0,121.7101212,18.23062325,0.002984847408,86776.375,17.54494286,4.089913552
97.59999847,180.0526812,83.5845916,25.1158664,66.55523972,1.032469718,170.4485865,6.501108646,297.9691467,0,121.1259613,16.46757126,0.0002984847524,86820.96875,17.56443977,3.92182838
97.80000305,180.0526812,85.15070056,24.16072555,66.84386126,1.032469718,170.4485865,6.499987602,297.9613342,0,121.2016754,11.51459503,9.999999747e-05,86865.85938,17.5729351,3.936735636
98,180.0526812,85.15070056,25.40666545,67.81775672,1.029081881,170.4485865,6.498087406,297.9598389,0,121.7250977,7.755242348,9.999999747e-05,86911.07812,17.53656578,3.99164015
98.19999695,180.0526812,83.59744961,25.1421115,66.48075701,1.032469718,170.4485865,6.498735428,297.9589844,0,123.0128098,5.842087269,9.999999747e-05,86956.17188,17.57172585,3.9839066
98.40000153,180.0526812,85.15070056,24.86647101,67.53004667,1.032469718,170.4485865,6.498212814,297.9578552,0,124.0304947,4.059913635,9.999999747e-05,87001.76562,17.57500648,3.962451326
98.59999847,180.0526812,83.14362796,25.52104359,68.19691005,1.032469718,170.4485865,6.499122143,297.9579163,0,125.2690659,2.138228416,9.999999747e-05,87047.21875,17.58716202,3.958808319
98.80000305,180.0526812,83.66502164,24.78004019,66.39700404,1.032469718,170.4485865,6.499127865,297.9535828,0,126.1355286,0.5845641494,9.999999747e-05,87092.73438,17.57851791,3.858768749
99,180.0526812,85.15070056,24.18485342,68.80447788,1.032469718,170.4485865,6.499361038,297.9499512,0,127.0072708,9.999999747e-05,9.999999747e-05,87138.71094,17.6001339,3.878335037
99.19999695,180.0526812,85.15070056,24.28767807,68.15979311,1.032469718,170.4485865,6.499392986,297.9699097,0,127.7820816,9.999999747e-05,10.01058006,87184.82031,17.59484673,3.862132452
99.40000153,180.0526812,85.15070056,23.42767596,68.71776282,1.032469718,170.4485865,6.499461651,297.9572754,0,128.545517,5.034095764,1.001057982,87230.84375,17.61178207,3.771173075
99.59999847,180.0526812,85.15070056,25.75585743,64.74504301,1.021080455,170.4485865,6.499281883,297.9567871,0,129.2807617,9.999999747e-05,0.1001057997,87277.52344,17.45465469,3.951553023
99.80000305,180.0526812,82.093011,24.9151636,68.83903661,1.032469718,170.4485865,6.501890182,297.9495239,0,130.0887299,9.999999747e-05,0.0100105796,87323.41406,17.61792374,3.836554916
100,180.0526812,85.15070056,24.61628894,68.9019417,1.032469718,170.4485865,6.503145218,297.9759216,0,129.8436127,9.999999747e-05,12.14682674,87370.01562,17.60569572,3.918236105
100.1999969,180.0526812,84.88008339,24.42645969,68.88086152,1.032469718,170.4485865,6.504164219,297.967041,0,129.109848,7.275678158,1.214682698,87416.33594,17.61037827,3.889934019
100.4000015,180.0526812,85.15070056,23.40076765,68.53094451,1.032469718,170.4485865,6.505925655,297.9577637,0,127.9648361,3.109822512,0.1214682683,87462.34375,17.62202263,3.871938715
100.5999985,180.0526812,85.15070056,23.60844983,69.38031675,1.032469718,170.4485865,6.507678509,297.9542542,0,126.1120682,9.999999747e-05,0.01214682683,87508.09375,17.62800407,3.932704062
100.8000031,180.0526812,85.15070056,24.98252204,69.91290039,1.032469718,170.4485865,6.506279469,297.9522705,0,123.5605621,9.999999747e-05,0.001214682707,87553.46875,17.61017609,3.942386253
101,180.0526812,85.15070056,24.08334419,70.3896904,1.032469718,170.4485865,6.505800724,297.9497681,0,121.5789032,9.999999747e-05,0.0001214682707,87598.34375,17.62819672,3.939200024
101.1999969,180.0526812,85.15070056,24.44625842,68.42239354,1.032469718,170.4485865,6.504083157,297.9726868,0,119.7756195,9.999999747e-05,10.2918272,87642.88281,17.60658264,3.934574046
101.4000015,180.0526812,85.15070056,24.33148369,68.03192858,1.032469718,170.4485865,6.503334522,297.9703369,0,118.666481,6.042266369,1.029182792,87687.28125,17.60816956,3.991396872
101.5999985,180.0526812,85.15070056,25.02609666,65.18527705,1.020087995,170.4485865,6.502046108,297.9698792,0,117.8496933,4.036376953,0.1029182747,87731.67188,17.47138596,4.038768872
101.8000031,180.0526812,85.15070056,25.11943624,65.62942562,1.011373705,170.4485865,6.500675678,297.9702759,0,117.5530319,2.775105715,0.01029182784,87776.02344,17.40192795,4.040775715
102,180.0526812,85.15070056,23.98835505,65.94549667,1.007257938,170.4485865,6.499981403,297.9664307,0,117.8031158,1.786298633,0.001029182691,87820.19531,17.38693237,3.955906371
102.1999969,180.0526812,84.88491306,25.96271956,66.50879384,1.032469718,170.4485865,6.497591972,297.9674072,0,118.3284607,9.999999747e-05,0.0001029182749,87864.70312,17.57813454,4.012789857
102.4000015,180.0526812,85.15070056,24.13816045,68.83982433,1.032469718,170.4485865,6.49627018,297.9602661,0,119.8173447,9.999999747e-05,9.999999747e-05,87909.19531,17.62205887,3.873659503
102.5999985,180.0526812,83.89103239,23.36047641,69.66345044,1.032469718,170.4485865,6.496501923,297.9468384,0,121.8260345,9.999999747e-05,9.999999747e-05,87953.57031,17.64890289,3.763978021
102.8000031,180.0526812,85.15070056,26.66150021,64.99851783,1.032469718,170.4485865,6.494122028,297.9753418,0,123.740242,9.999999747e-05,12.8733654,87999.23438,17.5595932,3.962094263
103,180.0526812,85.15070056,23.54392864,67.9989675,1.032469718,170.4485865,6.495517254,297.9584656,0,126.6200027,7.943771362,1.287336588,88044.94531,17.63270187,3.810730681
103.1999969,180.0526812,85.15070056,24.7600933,65.56189124,1.00260031,170.4485865,6.495156765,297.9440918,0,128.92099,0.9821464419,0.1287336498,88091.20312,17.3455162,3.794290457
103.4000015,180.0526812,85.15070056,24.07889505,69.8941234,1.032469718,170.4485865,6.497518063,297.9604187,0,131.3839417,0.2946439385,12.25701714,88137.9375,17.64691544,3.822076219
103.5999985,180.0526812,85.15070056,23.22244633,68.90727484,1.029734642,170.4485865,6.500648975,297.9424133,0,132.8878784,3.941383123,1.22570169,88184.77344,17.63033676,3.762644802
103.8000031,180.0526812,82.60412963,24.27297186,69.22128624,1.032469718,170.4485865,6.503482342,297.9825745,0,133.1454926,1.182414889,24.94911575,88231.10156,17.65664673,3.707649786
104,180.0526812,83.56922736,25.16001188,65.3322429,1.016722256,168.1553949,6.502985954,297.9564209,0,132.2732391,13.01894093,2.494911432,88277.03906,17.47079277,3.701368931
104.1999969,180.0526812,85.15070056,25.66076338,66.46331532,1.022005879,170.4485865,6.500581741,297.9365234,0,131.6095886,3.036379576,0.2494911551,88323.77344,17.51059151,3.747701333
104.4000015,180.0526812,85.15070056,25.07955135,68.61968575,1.032469718,170.4485865,6.499338627,297.9543457,0,131.9031067,0.9109138846,15.15514088,88370.46875,17.62641335,3.734561929
104.5999985,180.0526812,85.15070056,23.60605935,69.27582793,1.032469718,170.4485865,6.500628948,297.9322205,0,132.6840057,4.824248791,1.515514135,88417.11719,17.6559906,3.70116551
104.8000031,180.0526812,85.15070056,24.59439552,69.83148037,1.032469718,170.4485865,6.500877857,297.9833984,0,132.9442902,1.447274566,29.46447754,88463.95312,17.64815331,3.736697316
105,180.0526812,85.15070056,23.56190274,69.62430405,1.032469718,170.4485865,6.501637459,297.9502869,0,133.1164093,16.72478104,2.946447849,88510.59375,17.66178131,3.662941588
105.1999969,180.0526812,85.15070056,24.64714544,67.4490351,1.008415779,170.4485865,6.501309872,297.9256287,0,132.97966,4.294098854,0.294644773,88557.39844,17.42947197,3.711828878
105.4000015,180.0526812,85.15070056,25.53373993,66.29717102,1.015589871,170.4485865,6.498662949,297.9469604,0,132.9791412,1.288229704,18.27843285,88604.23438,17.46703148,3.683086837
105.5999985,180.0526812,85.15070056,23.9717376,69.23078674,1.029285572,170.4485865,6.497664928,297.9194946,0,134.0414886,0.3864689171,9.999999747e-05,88651,17.62886047,3.592122922
105.8000031,180.0526812,83.93293276,24.31776249,66.67572031,1.023408163,170.4485865,6.496747017,297.9625854,0,135.4902954,0.1159406751,30.06190491,88697.73438,17.56309319,3.538378039
106,180.0526812,85.15070056,23.95749313,69.70517704,1.032469718,170.4485865,6.496039391,297.9259644,0,137.3112183,12.16625023,3.006190538,88745.07812,17.6639576,3.545125753
106.1999969,180.0526812,85.15070056,24.17986508,70.21960052,1.032469718,170.4485865,6.496345997,298.0103455,0,139.4149323,3.649874926,48.72738266,88792.90625,17.66926956,3.573168856
106.4000015,180.0526812,85.15070056,24.5219254,70.3896904,1.032469718,170.4485865,6.495409489,297.9551392,0,141.3932495,30.26361465,4.872737885,88841.07812,17.66667557,3.524935201
106.5999985,180.0526812,85.15070056,23.45083714,70.3896904,1.032469718,170.4485865,6.497086525,297.9094849,0,143.7534332,10.9653492,0.4872738123,88889.61719,17.68652153,3.50601584
106.8000031,180.0526812,85.15070056,24.31443024,69.78365103,1.032469718,170.4485865,6.499274731,297.9447937,0,145.4303436,3.289604902,28.9535141,88938.69531,17.67500496,3.581911121
107,180.0526812,85.15070056,23.70025585,70.3896904,1.032469718,170.4485865,6.502023697,297.9100647,0,146.2386627,0.9868814349,9.999999747e-05,88987.82031,17.69032669,3.545814883
107.1999969,180.0526812,85.15070056,24.52830594,67.77308347,1.025191871,170.4485865,6.504953861,297.9727173,0,145.9472351,0.2960644364,38.21537781,89037.09375,17.60179138,3.633384937
107.4000015,180.0526812,85.15070056,23.44664811,69.46750007,1.032469718,170.4485865,6.508174896,297.9295654,0,144.4848938,18.79330063,3.821537733,89085.86719,17.69137383,3.575538556
107.5999985,180.0526812,85.15070056,24.10926756,70.30320361,1.032469718,170.4485865,6.511246681,298.0444641,0,141.7337799,5.637990475,61.47681427,89134.27344,17.69138908,3.671522616
107.8000031,180.0526812,85.15070056,23.66449656,70.3896904,1.032469718,170.4485865,6.514286518,297.991394,0,137.7553558,42.95490265,6.147681713,89181.86719,17.69902229,3.696649165
108,180.0526812,85.15070056,24.31174322,70.3896904,1.032469718,170.4485865,6.514868736,297.9444885,0,132.5606995,25.45632362,0.6147681475,89228.53125,17.68791962,3.729457048
108.1999969,180.0526812,85.15070056,24.72724123,68.41710714,1.001018322,170.4485865,6.513731956,298.0066528,0,127.1409531,7.63689661,37.36741257,89274.20312,17.40156746,3.772470353
108.4000015,180.0526812,85.15070056,24.05065263,66.69429754,0.982201364,170.4485865,6.510977268,297.9660339,0,122.1738586,27.35222816,3.736741304,89318.70312,17.2356472,3.704486254
108.5999985,180.0526812,85.15070056,23.60302271,68.54898838,1.015300201,170.4485865,6.507341862,297.9300232,0,118.3083725,13.12049103,0.3736741543,89362.35938,17.5327816,3.673481921
108.8000031,180.0526812,85.15070056,23.36485261,68.19348744,1.027414003,170.4485865,6.502846241,297.9674988,0,115.8948288,3.936147213,27.75444221,89405.4375,17.63362312,3.632751936
109,180.0526812,85.15070056,23.6919529,67.87943226,1.032469718,170.4485865,6.49782753,297.9339905,0,115.2794418,14.50701046,2.775444031,89448.42969,17.66951752,3.627329974
109.1999969,180.0526812,85.15070056,24.53703305,64.86560021,1.00866936,170.4485865,6.493535042,298.0201721,0,116.6704254,4.352103233,47.13134003,89491.89844,17.43772888,3.695727684
109.4000015,180.0526812,85.15070056,23.22244633,68.75602716,1.019242526,170.4485865,6.491448879,297.9718018,0,119.7744217,31.85964012,4.713133812,89535.73438,17.57985878,3.609559298
109.5999985,180.0526812,82.70529689,24.05680721,67.38517508,1.030005389,170.4485865,6.491376877,297.9274902,0,123.7079849,15.28883648,0.4713133872,89579.89844,17.66656494,3.57653756
109.8000031,180.0526812,85.07351615,25.68492173,66.46020618,1.028803448,170.4485865,6.491054535,297.9754028,0,127.6707993,4.586650848,30.99721718,89625.83594,17.62036133,3.77172785
110,180.0526812,85.15070056,24.30297304,67.26183272,1.022823655,170.4485865,6.493707657,297.9391479,0,131.7697449,18.72647858,3.099721909,89672.42188,17.60137367,3.724799115
110.1999969,180.0526812,85.15070056,23.98207124,68.74396936,1.032469718,170.4485865,6.495660305,298.0304565,0,134.7969055,5.617943764,53.74336624,89719.41406,17.69893837,3.615015876
110.4000015,180.0526812,85.15070056,23.86410871,70.3896904,1.032469718,170.4485865,6.499045849,297.9769897,0,137.0548096,35.10937881,5.37433672,89766.88281,17.71830177,3.637200781
110.5999985,180.0526812,85.15070056,23.94331496,70.03402506,1.032469718,170.4485865,6.501898766,297.9279785,0,137.9516754,17.11532402,0.5374336839,89814.50781,17.71601105,3.615714479
110.8000031,180.0526812,85.15070056,23.41638215,70.3896904,1.032469718,170.4485865,6.506218433,297.969635,0,137.7135773,5.134597301,32.8515892,89862.07031,17.73031616,3.646613005
111,180.0526812,85.15070056,23.24752711,69.79942245,1.032469718,170.4485865,6.510588646,297.9309082,0,135.7411499,17.17821884,3.285158873,89909.25,17.73035812,3.677404081
111.1999969,180.0526812,85.15070056,24.00737953,70.33389498,1.032469718,170.4485865,6.512190819,298.0231018,0,132.0252533,5.153465271,53.03984451,89955.71875,17.72164726,3.68103961
111.4000015,180.0526812,85.15070056,23.29062212,70.0787879,1.032469718,170.4485865,6.512207985,297.9695129,0,127.6775894,34.66510391,5.303984165,90001.10938,17.72614098,3.605885799
111.5999985,180.0526812,85.15070056,23.73927046,68.90743244,1.032469718,170.4485865,6.510631084,297.9249573,0,123.3193893,16.35316467,0.5303984284,90045.70312,17.71006393,3.641678139
111.8000031,180.0526812,85.15070056,24.04746675,68.65583146,1.032469718,170.4485865,6.507799149,297.96698,0,119.5921097,4.905949593,31.33197784,90089.60156,17.70324516,3.66480184
112,180.0526812,85.15070056,23.29698893,69.95646985,1.032469718,170.4485865,6.503837585,297.9253845,0,116.9966812,16.91902351,3.133197784,90132.75,17.72060585,3.566165065
112.1999969,180.0526812,85.15070056,23.23319611,67.60523225,1.032469718,170.4485865,6.499277115,298.0170288,0,115.9854965,5.075706959,54.82202148,90175.61719,17.70291519,3.526069937
112.4000015,180.0526812,85.15070056,23.80544224,66.89743374,0.9852981551,170.4485865,6.493900776,297.9590759,0,116.7969971,34.20706558,5.482202053,90218.65625,17.29478645,3.503967902
112.5999985,180.0526812,85.15070056,23.22244633,69.48198438,1.011051348,170.4485865,6.490920544,297.9094543,0,119.7596817,14.16036415,0.5482202172,90262.25781,17.54404068,3.498905795
112.8000031,180.0526812,85.15070056,23.78095329,67.85095487,1.032469718,170.4485865,6.487995148,297.9447327,0,123.9040375,4.248109341,32.6627121,90306.72656,17.70643044,3.47356954
113,180.0526812,85.15070056,23.2492829,68.48283908,1.03125433,170.4485865,6.486735821,297.901062,0,129.2260742,1.274432778,9.999999747e-05,90352.13281,17.71313286,3.410269199
113.1999969,180.0526812,85.15070056,23.83366774,68.66038654,1.024232469,170.4485865,6.485984325,297.9590149,0,135.0465393,0.3823298216,42.99320984,90398.75781,17.6529007,3.397225651
113.4000015,180.0526812,85.15070056,23.99017297,69.35051567,1.032469718,170.4485865,6.487170696,297.9051514,0,141.1711884,16.99940491,4.299321175,90446.65625,17.73229027,3.408361924
113.5999985,180.0526812,85.15070056,23.22244633,70.3896904,1.032469718,170.4485865,6.491307259,298.0101624,0,146.8166199,5.099821568,66.61530304,90495.59375,17.75810242,3.389885441
113.8000031,180.0526812,85.15070056,25.11358891,68.13558385,1.003525889,170.4485865,6.495657921,297.9422302,0,150.8039551,38.17359924,6.661530018,90545.69531,17.48081779,3.522320478
114,180.0526812,85.15070056,24.65786848,68.26047883,1.032469718,170.4485865,6.501025677,298.1137085,0,153.0596771,11.45207977,96.35471344,90596.17188,17.73472786,3.503096133
114.1999969,180.0526812,85.15070056,23.67086301,70.3896904,1.032469718,170.4485865,6.50630188,298.0125122,0,153.165802,68.95568848,9.635471344,90646.42969,17.76459503,3.416891291
114.4000015,180.0526812,85.15070056,23.75307866,70.25364124,1.032469718,170.4485865,6.511366367,297.9284668,0,151.164856,37.01245117,0.9635471106,90696.35938,17.76460075,3.453939511
114.5999985,180.0526812,85.15070056,23.79761762,70.3896904,1.032469718,170.4485865,6.516648293,297.9956665,0,147.1385498,11.10373497,51.22146606,90745.58594,17.76780701,3.533479992
114.8000031,180.0526812,85.15070056,24.64301319,68.15971488,0.9956776011,170.4485865,6.518749237,297.9347839,0,140.9981842,32.2365036,5.122146606,90793.6875,17.4280529,3.564917803
115,180.0526812,85.15070056,23.22244633,70.3896904,1.030696946,170.4485865,6.520458221,298.0735168,0,134.0284271,9.67095089,80.35388947,90840.14062,17.75538063,3.516149479
115.1999969,180.0526812,85.15070056,23.51953255,70.3896904,1.032469718,170.4485865,6.519211769,297.9972839,0,126.3662338,55.54948807,8.035388947,90885.0625,17.76202011,3.522000444
115.4000015,180.0526812,85.15070056,23.22244633,70.068644,1.032469718,170.4485865,6.516606331,297.9317627,0,119.2110138,30.96655273,0.8035388589,90928.5625,17.76177216,3.545422173
115.5999985,180.0526812,85.15070056,23.81535357,67.62954405,0.990647057,170.4485865,6.511911392,297.9957886,0,113.0929565,9.28996563,45.20903397,90970.96094,17.38241577,3.596529432
115.8000031,180.0526812,85.15070056,23.22244633,68.98629889,1.032469718,170.4485865,6.506653786,297.9443054,0,108.8555298,29.30507278,4.520903111,91012.41406,17.75082207,3.569333172
116,180.0526812,85.12720811,24.21060659,66.54977491,0.9699613717,170.4485865,6.500302315,298.0736694,0,106.7163162,8.791522026,71.89414215,91053.60938,17.19463348,3.62302886
116.1999969,180.0526812,85.15070056,23.80941503,65.69727721,1.010637293,170.4485865,6.495202541,298.0100403,0,107.1193161,51.72523499,7.189414501,91094.85156,17.53742981,3.61598959
116.4000015,180.0526812,85.15070056,23.22244633,66.15145354,1.029509564,170.4485865,6.491574287,297.9467773,0,109.5547867,31.56662369,0.7189414501,91136.50781,17.71073723,3.566976752
116.5999985,180.0526812,85.15070056,23.3857725,67.46040528,1.007464712,170.4485865,6.488609791,298.0060425,0,113.4407425,9.469986916,45.29162598,91178.92969,17.53710365,3.52131019
116.8000031,180.0526812,85.15070056,23.62649969,67.06738063,1.013011691,170.4485865,6.486315727,297.9465027,0,118.5149155,28.39916229,4.529162407,91222.34375,17.58082008,3.470130207
117,180.0526812,85.15070056,23.22244633,69.79407181,1.02929549,170.4485865,6.485753536,298.0605164,0,124.5065689,8.519748688,71.77336121,91266.83594,17.74869728,3.402605399
117.1999969,180.0526812,85.15070056,23.32129008,68.66879054,1.030628086,170.4485865,6.487565994,297.9830017,0,130.7197418,46.29079819,7.177336216,91312.625,17.7580452,3.419254017
117.4000015,180.0526812,84.50037586,23.58287856,68.01834285,1.017948152,170.4485865,6.491913319,297.916748,0,136.2056122,20.95716286,0.7177336216,91359.46875,17.65509796,3.448961337
117.5999985,180.0526812,85.15070056,23.56397417,70.3896904,1.008838849,170.4485865,6.496098518,297.9511719,0,139.9517975,6.287148952,38.10214233,91407.17969,17.59679604,3.427512794
117.8000031,180.0526812,85.15070056,23.61042749,69.82740663,1.014576417,170.4485865,6.50195837,297.8977051,0,142.032486,15.53770638,3.81021452,91455.39062,17.64686203,3.486922851
118,180.0526812,85.15070056,23.44212443,70.3896904,1.01206038,170.4485865,6.509841442,297.9926147,0,141.7633972,4.661312103,60.63975525,91503.65625,17.63985443,3.591603111
118.1999969,180.0526812,85.15070056,23.63584856,69.87533542,1.032469718,170.4485865,6.514977455,297.9302368,0,138.3396454,33.96857071,6.063975334,91551.14844,17.80150604,3.544204861
118.4000015,180.0526812,85.15070056,23.22244633,70.3896904,1.010374493,170.4485865,6.516333103,298.0823975,0,132.8769989,10.19057083,90.35806274,91597.26562,17.61808395,3.40871581
118.5999985,180.0526812,85.15070056,23.22244633,69.69642722,1.023915764,170.4485865,6.517653942,298.0017395,0,126.8756638,60.53230286,9.035806656,91642.26562,17.72877884,3.503699558
118.8000031,180.0526812,85.15070056,23.22244633,70.3896904,1.032469718,170.4485865,6.516172886,297.9265137,0,120.3341141,34.65708542,0.903580606,91685.90625,17.80132866,3.479386848
119,180.0526812,85.15070056,23.63028001,70.30642127,1.032469718,170.4485865,6.51129055,297.9930725,0,114.394043,10.3971262,51.75514603,91728.3125,17.78983307,3.437903992
119.1999969,180.0526812,85.15070056,23.76940968,65.77400348,1.013608629,170.4485865,6.504637718,297.9286194,0,110.4090424,31.16791725,5.175514698,91769.875,17.59220505,3.4070422
119.4000015,180.0526812,85.08706058,23.42049245,66.76667947,1.032469718,170.4485865,6.498681068,298.0644531,0,109.0802307,9.350375175,81.41724396,91811.10156,17.76524734,3.399303297
119.5999985,180.0526812,85.15070056,23.84618108,66.68705911,1.032469718,170.4485865,6.493828297,297.9871826,0,110.1260376,54.02062607,8.141724586,91852.67188,17.76361465,3.458324169
119.8000031,180.0526812,85.15070056,23.67318575,67.6741243,1.032250248,170.4485865,6.492502689,297.9232178,0,113.1116638,28.76069832,0.8141724467,91895.02344,17.78208733,3.563441543
120,180.0526812,85.15070056,24.48713365,67.32357668,1.032469718,170.4485865,6.493822575,297.9842834,0,116.6194153,8.628210068,43.99549484,91938.42188,17.78120041,3.719223991
120.1999969,180.0526812,85.15070056,23.95521053,66.44614068,0.9839703518,170.4485865,6.495455265,297.9310913,0,119.6017227,27.30218887,4.399549484,91982.24219,17.37513161,3.616517886
120.4000015,180.0526812,85.15070056,23.40658499,67.84741449,1.02153334,170.4485865,6.498740196,298.0513916,0,121.9384384,8.190656662,72.31800079,92026.48438,17.71431351,3.602052105
120.5999985,180.0526812,84.48899058,23.22244633,68.42797025,1.032469718,169.7832791,6.501726627,297.9803467,0,122.9568787,47.51147079,7.231800079,92070.50781,17.81631279,3.505920255
120.8000031,180.0526812,85.15070056,23.55756557,69.12269494,1.032469718,170.4485865,6.504181862,297.9172974,0,122.7868729,24.02277374,0.723179996,92114.92188,17.81720161,3.562165322
121,180.0526812,85.15070056,23.91426338,69.47805793,1.027913232,170.4485865,6.505496502,297.9648438,0,121.635582,7.206831932,41.71169281,92159.14844,17.77751732,3.56073664
121.1999969,180.0526812,85.15070056,23.22244633,69.95801183,1.025955921,170.4485865,6.507066727,297.9117126,0,119.9605637,20.9793644,4.171169281,92202.92969,17.77548409,3.535604137
121.4000015,180.0526812,85.15070056,23.22244633,68.90872212,1.013220416,170.4485865,6.507953167,298.0169983,0,117.6529922,6.293809414,66.46085358,92246.24219,17.66168213,3.541060187
121.5999985,180.0526812,85.15070056,23.22244633,66.81484146,1.00835432,170.4485865,6.507696152,297.9533081,0,114.9939423,39.70209885,6.646085262,92288.99219,17.60416985,3.525885776
121.8000031,180.0526812,85.15070056,23.22244633,67.10176708,1.011888799,170.4485865,6.505720139,297.8930969,0,112.4391251,17.57669067,0.6646085382,92331.15625,17.63389969,3.474890151
122,180.0526812,85.15070056,24.43089034,65.96565811,1.004334749,170.4485865,6.501434326,297.9394531,0,110.6767883,5.273006916,41.08760834,92373.10156,17.54430008,3.489417514
122.1999969,180.0526812,84.87047828,24.21595203,66.98256405,0.9921011746,170.4485865,6.496418476,297.8894348,0,110.6308823,1.581902146,9.999999747e-05,92414.8125,17.45266342,3.386003617
122.4000015,180.0526812,85.15070056,23.22244633,66.18192524,0.9918403151,151.1326784,6.493023872,297.9587402,0,112.5862122,0.474570632,50.27807617,92452.8125,17.44296455,3.318902946
122.5999985,180.0526812,85.15070056,23.22244633,68.31663394,0.9848928117,170.4485865,6.489388466,297.8927002,0,115.891716,20.61030006,5.027807713,92495.32812,17.41819191,3.233181752
122.8000031,180.0526812,82.62363971,24.36601747,65.12036241,1.00684998,170.4485865,6.486804008,298.0105286,0,120.6573944,6.18309021,79.20715332,92538.25,17.57918358,3.161731445
123,180.0526812,85.15070056,23.22244633,70.3896904,1.032469718,170.4485865,6.488004208,297.9270325,0,126.4526138,43.30557251,7.920715332,92582.91406,17.84760857,3.266444403
123.1999969,180.0526812,84.05137909,23.68277563,69.48224616,1.032469718,170.4485865,6.492992878,298.1187134,0,131.7586365,12.99167156,112.4087753,92628.53906,17.85257149,3.345493713
123.4000015,180.0526812,85.15070056,23.44299568,69.36533759,1.009745115,170.4485865,6.498510361,298.0137024,0,135.0689087,77.01425171,11.24087715,92675.04688,17.6635704,3.362107889
123.5999985,180.0526812,83.95997668,24.45650719,66.31048406,1.012646692,170.4485865,6.504512787,297.9207153,0,136.1826782,43.79486084,1.124087691,92721.71875,17.66304016,3.416331189
123.8000031,180.0526812,85.15070056,23.22244633,69.70263661,1.021014027,170.4485865,6.510548592,297.9949036,0,134.8955841,13.13845825,61.28730011,92768.24219,17.77085114,3.397832446
124,180.0526812,85.15070056,23.22244633,70.3896904,1.032469718,170.4485865,6.514688492,297.9189758,0,131.1955261,36.458992,6.12872982,92813.96094,17.87041092,3.372673772
124.1999969,180.0526812,85.15070056,23.45215846,68.15049353,1.032469718,170.4485865,6.515258789,298.0679016,0,125.845871,10.93769741,93.98538971,92858.5,17.84536362,3.304116407
124.4000015,180.0526812,85.15070056,23.22244633,70.3896904,1.032469718,170.4485865,6.51429081,297.9735107,0,120.2737961,59.84546661,9.398538589,92901.85156,17.86310005,3.290162396
124.5999985,180.0526812,85.15070056,23.22244633,68.23167326,0.9988232311,170.4485865,6.513286591,297.8968506,0,115.0825119,28.71400642,0.9398539066,92944.30469,17.56818008,3.386539309
124.8000031,180.0526812,85.15070056,23.22244633,69.37428601,1.007379486,170.4485865,6.511759281,297.9529114,0,110.2880249,8.614201546,48.75148392,92985.88281,17.65085411,3.453304017
125,180.0526812,84.50718108,24.60403752,64.88816641,0.9662460628,170.4485865,6.507872581,297.8963928,0,106.1061325,24.66085815,4.875148296,93026.6875,17.25484848,3.501647749
125.1999969,180.0526812,85.15070056,23.22244633,67.92721901,0.9991455464,170.4485865,6.503563881,298.0158997,0,103.4849701,7.398257732,76.34486389,93066.84375,17.56826019,3.400239534
125.4000015,180.0526812,85.15070056,23.22244633,67.86690747,1.032469718,170.4485865,6.498363495,297.9388123,0,102.5811615,45.16200256,7.634486198,93106.73438,17.84625626,3.334076279
125.5999985,180.0526812,85.15070056,23.22244633,67.47698396,0.9846388096,155.1021907,6.493741035,298.1293945,0,103.7590637,13.5486002,110.3917542,93143.67969,17.43190384,3.302258383
125.8000031,180.0526812,85.15070056,23.22244633,66.70103063,1.029618196,170.4485865,6.490557194,298.0257874,0,106.781105,77.57581329,11.03917503,93184.39844,17.82096863,3.300476334
126,180.0526812,85.15070056,23.22244633,67.61703197,1.032469718,170.4485865,6.488839626,297.9283142,0,111.0737839,45.2610054,1.10391748,93226.00781,17.85705566,3.282726675
126.1999969,180.0526812,85.15070056,23.55051532,68.87507602,1.004525167,170.4485865,6.488275051,298.0016174,0,116.0534134,13.57830143,62.95282364,93268.67188,17.63323593,3.26900948
126.4000015,180.0526812,85.15070056,23.22244633,69.885449,1.022964748,170.4485865,6.487305164,297.9116516,0,121.259819,36.91147995,6.295282364,93312.14844,17.79902077,3.109910329
126.5999985,180.0526812,85.15070056,23.22244633,69.35393992,1.031785272,170.4485865,6.487660408,298.0610352,0,126.8592148,11.07344437,99.89859009,93356.70312,17.87478828,3.072241959
126.8000031,180.0526812,85.15070056,23.22244633,70.3896904,1.032469718,170.4485865,6.48987484,297.9501038,0,132.3108063,59.97986603,9.989858627,93402.34375,17.89518738,3.07090626
127,180.0526812,85.15070056,24.65233439,67.98964317,1.032469718,170.4485865,6.493470192,297.8634644,0,136.8747406,22.87673569,0.9989858866,93449.27344,17.86966705,3.213614131
127.1999969,180.0526812,85.15070056,23.94859557,66.98446779,0.9742941358,170.4485865,6.497164249,297.8987732,0,140.0018768,6.863020897,48.43962097,93496.61719,17.38600731,3.108453113
127.4000015,180.0526812,85.15070056,23.22244633,70.3896904,1.008430516,170.4485865,6.501268387,297.8277588,0,141.6555481,2.058906317,9.999999747e-05,93544.11719,17.70811462,3.033091692
127.5999985,180.0526812,85.15070056,23.53469032,69.11322907,0.9800475803,170.4485865,6.503150463,297.9116211,0,141.666626,0.6176718473,66.63658905,93591.52344,17.45660591,2.964937884
127.8000031,180.0526812,85.15070056,23.22244633,70.3896904,1.032469718,170.4485865,6.505469799,297.8426514,0,140.9333344,0.1853015572,9.999999747e-05,93638.71094,17.91102219,2.956285774
128,180.0526812,85.15070056,23.22244633,70.3896904,1.032304455,170.4485865,6.507191181,297.9420776,0,139.2638397,0.05559046939,73.30244446,93685.51562,17.91106224,2.94587827
128.1999969,180.0526812,85.15070056,23.22244633,69.58456459,1.032469718,170.4485865,6.507739067,297.8731079,0,136.9090881,0.01667714119,9.999999747e-05,93731.76562,17.90668106,2.917689799
128.3999939,180.0526812,85.15070056,23.22244633,70.21228831,1.032469718,170.4485865,6.507347584,297.9667358,0,134.3371277,0.005003142171,70.94963074,93777.44531,17.91134834,2.899470976
128.6000061,180.0526812,85.15070056,23.42855188,68.89783336,1.032469718,170.4485865,6.505023956,297.8809509,0,131.9210815,28.06328392,7.094963074,93822.57031,17.89780045,2.853431133
128.8000031,180.0526812,85.15070056,23.22244633,70.3896904,1.018593316,170.4485865,6.502504349,298.0329285,0,130.437912,8.418985367,101.0105515,93867.32031,17.7961216,2.824837549
129,180.0526812,85.15070056,23.22244633,69.56733935,0.9849539746,170.4485865,6.499490738,297.9184875,0,129.9570465,57.03360367,10.10105515,93911.90625,17.5104332,2.79108767
129.1999969,180.0526812,85.15070056,23.47755825,69.62273577,1.030863906,170.4485865,6.497182369,298.1607666,0,130.6825409,17.11008072,145.6642303,93956.67188,17.89631653,2.816193614
129.3999939,180.0526812,85.15070056,23.22244633,68.73561286,1.031057758,170.4485865,6.498460293,298.0146179,0,132.3276062,98.49082947,14.56642342,94001.875,17.90585327,2.914603134
129.6000061,180.0526812,85.15070056,23.22244633,70.3896904,1.032469718,170.4485865,6.499712944,297.890625,0,133.4519501,52.28700638,1.456642389,94047.34375,17.93229675,2.90090464
129.8000031,180.0526812,85.15070056,23.22244633,70.3896904,1.032469718,170.4485865,6.500907421,297.9749756,0,134.0867157,15.68610191,74.8299942,94092.9375,17.93530273,2.882735246
130,180.0526812,85.15070056,23.22244633,70.1422619,1.022628622,170.4485865,6.502328396,297.8768311,0,134.2437439,41.61914062,7.482999802,94138.58594,17.85488129,2.883002604
130.1999969,180.0526812,85.15070056,23.22244633,70.3896904,1.013323243,170.4485865,6.502937794,298.0596924,0,133.8314667,12.48574162,116.7920456,94184.10156,17.77988243,2.840486209
130.3999939,180.0526812,85.15070056,23.22244633,70.3896904,1.032469718,170.4485865,6.503444672,297.9356384,0,133.1789398,71.69587708,11.67920494,94229.46875,17.94270515,2.832022556
130.6000061,180.0526812,85.15070056,24.01962813,67.60957513,1.01181637,170.4485865,6.502604485,298.221283,0,132.3213043,21.50876427,167.5031128,94274.75,17.74238205,2.845069554
130.8000031,180.0526812,85.15070056,23.22244633,70.3896904,1.032469718,170.4485865,6.502103329,298.0510864,0,131.8038788,118.5756531,16.7503109,94319.74219,17.94597816,2.770646731
131,180.0526812,85.15070056,23.40772468,69.13618592,1.032469718,170.4485865,6.499611855,297.9060669,0,131.4815369,66.00383759,1.675031066,94364.65625,17.93352127,2.700378217
131.1999969,180.0526812,85.15070056,23.37988169,69.55744065,1.027415311,170.4485865,6.4979949,298.0084534,0,132.1633148,19.80115128,85.7360611,94409.74219,17.89949036,2.711177994
131.3999939,180.0526812,85.15070056,23.39869611,69.35398448,1.032469718,170.4485865,6.498083115,297.8979797,0,133.482605,52.6888237,8.573606491,94455.17188,17.94740868,2.757844216
131.6000061,180.0526812,85.15070056,23.22244633,70.3896904,1.032469718,170.4485865,6.49927187,298.1097717,0,134.763855,15.8066473,131.8331604,94500.83594,17.96225357,2.758386689
131.8000031,180.0526812,85.15070056,23.22244633,68.7713258,1.000225077,170.4485865,6.499840736,297.969635,0,135.5714874,85.87998962,13.18331528,94546.59375,17.68322563,2.707778025
132,180.0526812,85.15070056,23.82113543,69.88493252,1.032469718,170.4485865,6.49931097,297.8562927,0,136.1572113,40.06482315,1.318331599,94592.57031,17.95512009,2.708119552
132.1999969,180.0526812,82.75265454,24.44302288,67.3292432,0.9852556065,170.4485865,6.49976778,297.9276428,0,136.9564056,12.01944637,67.7832489,94638.20312,17.5499897,2.665035695
132.3999939,180.0526812,85.15070056,23.22244633,70.3896904,1.032469718,170.4485865,6.503210545,297.855011,0,137.5661774,3.605834007,9.999999747e-05,94684.52344,17.98084259,2.782890583
132.6000061,180.0526812,85.15070056,23.22244633,70.3896904,0.9974599448,170.4485865,6.506994247,297.9491577,0,136.7920532,1.081750154,72.23542023,94730.71094,17.69233513,2.804018001
132.8000031,180.0526812,85.15070056,23.22244633,70.3896904,1.018814063,170.4485865,6.510743618,297.8800964,0,134.5130463,0.3245250583,9.999999747e-05,94776.46094,17.87465668,2.829254261
133,180.0526812,85.15070056,23.22244633,70.3896904,0.9985046497,170.4485865,6.512909412,297.9666443,0,130.7353821,0.09735751897,68.55023193,94821.40625,17.70413971,2.802433517
133.1999969,180.0526812,85.15070056,23.22244633,69.18706817,0.9931788129,170.4485865,6.515629292,297.8871155,0,126.0965881,25.97585869,6.855023384,94865.53906,17.65676498,2.897125243
133.3999939,180.0526812,85.15070056,24.27760991,68.25205616,1.021877541,170.4485865,6.516643524,298.0233154,0,120.3628769,7.792757988,94.05269623,94908.75781,17.88075066,3.017921164
133.6000061,180.0526812,85.15070056,23.22244633,68.71166861,0.982220039,164.3176751,6.516953468,297.9266663,0,114.2308884,51.15081024,9.405269623,94949.32031,17.55899048,2.966693777
133.8000031,180.0526812,85.15070056,23.22244633,70.15079644,1.015374708,170.4485865,6.516358376,298.1340332,0,107.9716568,15.3452425,128.8654175,94989.96094,17.85533524,3.036226155
134,180.0526812,85.15070056,23.76756498,66.53196418,0.9929664468,170.4485865,6.513337135,298.016449,0,101.9513397,84.85758972,12.88654232,95029.47656,17.63383865,3.069683873
134.1999969,180.0526812,85.15070056,23.22244633,67.74931876,1.030048964,170.4485865,6.509183884,297.9074402,0,97.14440155,47.76294327,1.288654208,95067.99219,17.96025085,3.032288751
134.3999939,180.0526812,85.15070056,23.22244633,66.98474592,1.005518937,139.4579344,6.505403519,297.9914856,0,93.99489594,14.32888222,69.58423615,95099.64062,17.72930717,3.107018382
134.6000061,180.0526812,85.15070056,23.22244633,65.71341199,0.9657310014,155.8398943,6.500594139,297.9052734,0,92.35253906,40.66800308,6.958423138,95134.28906,17.39800644,3.051363636
134.8000031,180.0526812,85.15070056,23.22244633,66.04348484,0.9703026628,139.4579344,6.496054173,298.0702209,0,92.63859558,12.20040131,106.4809113,95165.60938,17.42786598,3.01105127
135,180.0526812,85.15070056,23.22244633,66.39851874,0.9678190036,166.8434339,6.491689205,297.9636536,0,94.73645782,66.20114899,10.64809132,95202.89844,17.43335533,2.935159476
135.1999969,180.0526812,85.15070056,23.22244633,66.63054198,0.9738131012,139.8258956,6.490211487,297.8728638,0,98.58058167,30.82611656,1.064809084,95235.57812,17.47394753,3.003891199
135.3999939,180.0526812,82.27197999,23.22244633,64.82171181,0.9913286263,139.4579344,6.491434097,297.9250488,0,103.0068359,9.247835159,56.8407402,95268.30469,17.62571335,2.848602184
135.6000061,180.0526812,85.15070056,23.22244633,66.13859973,1.00230426,139.6157824,6.492643356,297.8546143,0,106.9444275,2.774350405,9.999999747e-05,95302.60938,17.71986389,2.936251282
135.8000031,180.0526812,83.88918443,23.22244633,68.03456037,0.9745326204,157.0885463,6.495009422,297.9346008,0,110.4070435,0.8323051333,66.0319519,95340.8125,17.52441788,2.836590916
136,180.0526812,85.15070056,23.22244633,69.3265445,1.003719764,170.4485865,6.496861935,297.8658447,0,112.9194565,0.249691546,9.999999747e-05,95382.51562,17.78591919,2.824241423
136.1999969,180.0526812,85.15070056,23.22244633,67.80909533,0.9925743094,161.2462239,6.49795723,297.9499512,0,114.6960907,0.07490746677,67.70133209,95422.54688,17.67460251,2.720969582
136.3999939,180.0526812,85.15070056,23.22244633,70.3896904,1.00646332,170.4485865,6.500109196,297.8812866,0,116.0355301,0.02247224003,9.999999747e-05,95464.74219,17.82262611,2.742410162
136.6000061,180.0526812,85.15070056,23.22244633,69.13049808,1.011359419,170.4485865,6.503520966,297.9597778,0,116.5082855,0.006741671823,65.39110565,95507.07812,17.86308098,2.794987445
136.8000031,180.0526812,85.15070056,23.65405686,68.94834804,1.017633757,170.4485865,6.506279469,297.8838806,0,115.6156769,23.14500809,6.539110661,95549.26562,17.91261864,2.813657889
137,180.0526812,85.15070056,23.22244633,70.11301944,0.9909733218,170.4485865,6.507392406,298.0076294,0,113.6256943,6.943502426,88.74887848,95590.82031,17.69940186,2.686708081
137.1999969,180.0526812,85.15070056,23.22244633,66.36647711,0.995581743,151.3291017,6.507445812,297.9127808,0,111.1939011,45.85142136,8.87488842,95627.88281,17.69694519,2.641686597
137.3999939,180.0526812,85.15070056,23.22244633,68.99068885,0.9994906438,170.4485865,6.505890369,298.1043396,0,108.7390442,13.75542641,122.6945724,95668.24219,17.76223373,2.57354707
137.6000061,180.0526812,85.15070056,23.22244633,68.24836064,0.9871833881,170.4485865,6.504466057,297.9833679,0,106.9082489,77.29022217,12.26945782,95708.21875,17.65826797,2.589573236
137.8000031,180.0526812,85.15070056,23.22244633,69.75468344,0.9872876157,162.7193125,6.503325462,297.8796082,0,105.6415558,38.03196335,1.226945758,95746.42188,17.66791916,2.614822612
138,180.0526812,85.15070056,23.22244633,67.56140817,0.9890401968,170.4485865,6.501345634,297.9408264,0,104.8305511,11.40958881,63.00540161,95785.96875,17.67442513,2.554428894
138.1999969,180.0526812,85.15070056,23.22244633,70.3896904,1.001903596,170.4485865,6.501235485,297.8690186,0,104.815094,3.422876835,9.999999747e-05,95825.64844,17.81184578,2.651194617
138.3999939,180.0526812,83.23665004,23.22244633,67.48001813,1.017738331,166.169554,6.503163338,297.948822,0,104.8349838,1.026862979,66.46147156,95864.01562,17.93824196,2.627916963
138.6000061,180.0526812,85.15070056,23.22244633,66.89946224,0.9898795238,170.4485865,6.503437042,297.8800354,0,104.0829468,0.3080589175,9.999999747e-05,95903.57031,17.69651413,2.650729809
138.8000031,180.0526812,85.15070056,23.22244633,68.27934585,0.9516322726,160.120008,6.504024029,297.9570007,0,103.2334366,0.09241767228,64.87417603,95940.86719,17.38219261,2.664853088
139,180.0526812,83.00122009,23.27880569,65.95038533,1.001000744,164.7372216,6.505083561,297.8822021,0,102.1427994,22.66342735,6.487417698,95978.32812,17.79528427,2.55227398
139.1999969,180.0526812,85.15070056,23.61920061,67.01578067,1.020761083,170.4485865,6.503712177,298.0036926,0,100.6277847,6.79902792,87.91126251,96017.21094,17.95985413,2.591253617
139.3999939,180.0526812,85.15070056,23.22244633,67.27448809,0.9980568616,163.1389509,6.503343105,297.913269,0,99.67079926,44.86156464,8.791126251,96054.39844,17.77675438,2.603568498
139.6000061,180.0526812,85.15070056,23.22244633,67.55252749,0.9555554861,170.4485865,6.501687527,298.0983276,0,98.8503418,13.45846939,119.7182999,96092.80469,17.42685127,2.495844224
139.8000031,180.0526812,85.15070056,23.22244633,67.81987723,0.9934291869,139.4579344,6.500580311,297.9839172,0,98.69954681,74.73259735,11.97183037,96124.82812,17.72643852,2.484762573
140,180.0526812,85.15070056,23.22244633,68.68763344,0.9984638438,170.4485865,6.499110222,297.8810425,0,98.98568726,37.56152725,1.197183013,96163.28125,17.80156708,2.44016695
140.1999969,180.0526812,80.52637342,24.71177245,65.30482255,1.023311375,143.136059,6.499330044,297.9444885,0,99.8628006,11.26845837,63.61544418,96195.375,17.97326469,2.345944514
140.3999939,180.0526812,85.15070056,23.22244633,66.11412262,1.006653053,146.7315018,6.499108315,297.8732605,0,100.645401,3.38053751,9.999999747e-05,96229.32031,17.84407997,2.410520833
140.6000061,180.0526812,85.15070056,23.22244633,66.76523148,0.9893070952,139.4579344,6.499448299,297.9518433,0,101.5234833,1.014161229,65.97148132,96261.96094,17.70260239,2.394198916
140.8000031,180.0526812,85.15070056,23.22244633,68.28214018,0.9913279296,160.7656387,6.501849174,297.8768005,0,102.2623062,23.90802193,6.597147942,96299.28125,17.7596283,2.507615966
141,180.0526812,85.15070056,23.22244633,65.56004061,0.9832983884,139.4579344,6.503507614,298.004425,0,102.0358734,7.172406197,90.70384979,96332.08594,17.65692329,2.418110414
141.1999969,180.0526812,85.15070056,23.22244633,67.72811463,0.9803482705,170.4485865,6.506875992,297.9160767,0,101.1549835,47.14813995,9.070384979,96371.25781,17.68531418,2.560384846
141.3999939,180.0526812,85.15070056,23.22244633,68.16787196,0.9786275959,161.7096216,6.510034561,298.1078186,0,98.91876984,14.1444416,122.348114,96408.21094,17.66966248,2.594283284
141.6000061,180.0526812,85.15070056,23.22244633,67.43298619,0.9575059847,159.2392993,6.510482311,297.9984741,0,95.42543793,77.80696869,12.23481178,96443.82031,17.47493744,2.541764755
141.8000031,180.0526812,85.15070056,23.22244633,69.10550541,0.9644038553,155.5658944,6.508867741,297.8953552,0,91.76113129,42.68756104,1.223481178,96477.9375,17.53440094,2.561884825
142,180.0526812,83.77287739,23.22244633,65.25290504,0.985932832,139.4579344,6.506614685,297.9660034,0,88.74085999,12.80626774,67.21073151,96507.77344,17.67661285,2.544099985
142.1999969,180.0526812,85.15070056,23.22244633,67.29560611,0.9883029593,147.0083094,6.503407001,297.884552,0,86.61716461,34.03025818,6.721073627,96539.19531,17.71159744,2.721418503
142.3999939,180.0526812,85.15070056,23.22244633,65.41843739,0.9847905823,139.4579344,6.500928879,298.0292969,0,85.77776337,10.20907784,99.21731567,96569.03906,17.66691589,2.881346319
142.6000061,180.0526812,85.15070056,23.22244633,64.79147234,1.032469718,140.1169321,6.497942448,297.9382019,0,85.92406464,56.42989349,9.921731949,96599.00781,18.05906487,2.8729308
142.8000031,180.0526812,81.7544844,23.22244633,65.29308749,1.025982015,139.4579344,6.497164249,298.1498413,0,87.26901245,16.92896843,132.3084564,96628.22656,18.02268219,2.760077401
143,180.0526812,85.15070056,23.22244633,64.58496818,1.021176085,151.4853316,6.495482445,298.0411987,0,88.91635132,88.31233215,13.23084545,96661.19531,17.97283173,2.981881451
143.1999969,180.0526812,83.1889146,23.22244633,66.80303449,1.001111707,161.667973,6.495933533,297.9346008,0,91.24640656,54.85614395,1.323084474,96696.33594,17.84038353,2.983923885
143.3999939,180.0526812,85.15070056,23.22244633,65.83546312,0.9664304881,144.2336921,6.496015072,298.0154114,0,93.38618469,16.45684433,72.75302887,96728.875,17.51830864,3.094796855
143.6000061,180.0526812,85.15070056,23.22244633,67.10579224,0.9930463419,155.3524805,6.49635601,297.9302063,0,95.50133514,42.68382263,7.275302887,96764.13281,17.75878716,3.100909888
143.8000031,180.0526812,85.15070056,24.40114645,64.60275172,1.016206474,153.4427325,6.497191906,298.0791931,0,97.47806549,12.80514717,102.4105072,96799.71094,17.92631531,3.302960032
144,180.0526812,85.15070056,23.22244633,66.51295676,1.004431332,139.4579344,6.499037266,297.9864502,0,99.11962891,62.23014069,10.24105072,96832.52344,17.84069252,3.201074303
144.1999969,180.0526812,85.15070056,23.22244633,68.73612923,0.9913742101,160.7434538,6.501932621,297.8980103,0,100.0212936,32.09184647,1.024105072,96870.07812,17.76971245,3.345295599
144.3999939,180.0526812,84.72040632,23.22244633,66.73738873,0.9845576809,143.6083713,6.504867554,297.9474182,0,99.76467133,9.627552986,55.84958267,96904,17.68642044,3.373444059
144.6000061,180.0526812,85.15070056,23.22244633,70.3800074,0.9775358849,155.0419197,6.506144524,297.8773193,0,98.33724213,2.888266087,9.999999747e-05,96940.0625,17.65563774,3.383191713
144.8000031,180.0526812,85.15070056,23.43423198,67.03351059,1.032469718,170.4485865,6.506216526,297.9432373,0,96.40459442,0.8664798141,60.81744003,96978.96875,18.10303688,3.442693293
145,180.0526812,85.15070056,23.22244633,67.66165091,1.017765372,155.6684619,6.505365849,297.875061,0,94.44174957,0.2599439323,9.999999747e-05,97014.39062,17.97108269,3.436333566
145.1999969,180.0526812,85.15070056,23.22244633,67.16253969,0.9787079112,142.9042562,6.504267693,297.9484558,0,92.81839752,0.07798318565,62.18451691,97046.92969,17.6299305,3.514539375
145.3999939,180.0526812,85.15070056,23.22244633,66.40017524,0.9833307457,170.4485865,6.502594471,297.8800659,0,91.63214874,0.02339495532,9.999999747e-05,97084.92188,17.68495941,3.567672984
145.6000061,180.0526812,85.15070056,23.22244633,67.81544091,0.9953573895,150.5749876,6.500037193,297.9532166,0,91.11625671,0.007018486504,62.87612152,97118.64844,17.77528,3.513477041
145.8000031,180.0526812,85.15070056,23.22244633,66.75950976,0.9669657202,139.4579344,6.497841358,297.8891907,0,91.62447357,21.25434113,6.287612438,97150.20312,17.52012444,3.546284631
146,180.0526812,85.15070056,23.22244633,66.14318124,0.9548941483,152.3997806,6.495943546,297.9971924,0,93.00698853,6.376302242,80.90409851,97184.67969,17.42358589,3.551271205
146.1999969,180.0526812,85.15070056,23.22244633,67.72599168,0.9853980715,139.4579344,6.495644093,297.9259949,0,95.14870453,39.95875168,8.090409279,97217.00781,17.68738937,3.641659347
146.3999939,180.0526812,85.15070056,23.22244633,67.17217733,0.9707738346,162.6162459,6.495624065,298.0765686,0,97.40592194,11.98762512,103.1160889,97254.48438,17.57725334,3.621958772
146.6000061,180.0526812,85.15070056,23.22244633,65.61721406,0.9737387868,159.4006981,6.496298313,297.9872131,0,99.6754303,61.69486618,10.31160927,97291.73438,17.5887413,3.62809981
146.8000031,180.0526812,85.15070056,23.22244633,67.93689402,0.9768548282,157.7192715,6.497873783,297.8999939,0,101.6739197,32.6086235,1.031160951,97329.10938,17.63366127,3.681879467
147,180.0526812,85.15070056,23.22244633,68.45129023,0.9787640736,170.4485865,6.499688625,297.9494934,0,103.0414124,9.782587051,56.44276428,97369.375,17.66424942,3.703856372
147.1999969,180.0526812,85.15070056,23.22244633,68.78268621,1.000862479,168.7588824,6.501280785,297.8791809,0,103.684967,2.934776068,9.999999747e-05,97409.39844,17.85011482,3.699857779
147.3999939,180.0526812,85.15070056,23.22244633,69.34152431,1.010391037,170.4485865,6.502925396,297.9440002,0,103.693222,0.8804328442,60.57305527,97449.78906,17.93734741,3.746401609
147.6000061,180.0526812,85.15070056,23.22244633,70.05338722,0.9747903868,170.4485865,6.502574444,297.8756104,0,103.0428085,0.2641298473,9.999999747e-05,97489.875,17.63282967,3.623483718
147.8000031,180.0526812,85.10605894,23.22244633,68.02820611,0.999336693,156.4165293,6.502327919,297.9446106,0,102.5394897,0.07923895866,61.85613632,97526.99219,17.81573486,3.666222295
148,180.0526812,85.15070056,23.22244633,68.31917307,0.9775850009,170.4485865,6.501673698,297.8763733,0,102.1279144,0.02377168648,9.999999747e-05,97566.89844,17.64511299,3.687064987
148.1999969,180.0526812,85.15070056,23.22244633,68.74468672,1.007043475,170.4485865,6.501031876,297.9457703,0,101.9798279,0.007131506223,62.46727753,97606.78125,17.89701462,3.720624374
148.3999939,180.0526812,85.15070056,23.22244633,68.75473461,0.9959913942,167.1005373,6.500704765,297.8780212,0,102.0871658,0.002139451914,9.999999747e-05,97646.03906,17.80376816,3.770241916
148.6000061,180.0526812,85.15070056,23.22244633,67.88903062,1.005088519,170.4485865,6.500402451,297.9465027,0,102.3243332,0.0006418355624,62.06367111,97686.02344,17.87751961,3.792249402
148.8000031,180.0526812,85.15070056,23.22244633,68.44840452,0.9756617908,142.6164982,6.500216484,297.8846741,0,102.6833954,0.0001925506658,9.999999747e-05,97720.375,17.61194992,3.796577546
149,180.0526812,85.15070056,23.22244633,68.14774505,0.9747155789,139.4579344,6.50124836,297.9551697,0,103.1164627,9.999999747e-05,58.7364769,97754.28906,17.60687637,3.918978035
149.1999969,180.0526812,85.15070056,23.22244633,66.26165581,0.9622237525,170.4485865,6.503052235,297.892395,0,103.1331024,20.46154022,5.87364769,97794.71094,17.51953316,4.04814779
149.3999939,180.0526812,85.15070056,23.22244633,69.06517602,0.9668327973,170.4485865,6.503555775,297.9960022,0,102.4295731,6.138462543,78.44065094,97834.89844,17.57357979,3.978441352
149.6000061,180.0526812,82.45137859,23.22244633,67.27358305,0.99432025,165.1847876,6.504350185,297.9199524,0,101.5313263,38.31593323,7.844065189,97873.03125,17.79471779,3.795329606
149.8000031,180.0526812,85.15070056,23.22244633,68.55226749,0.9884830525,156.4124832,6.504219055,298.078186,0,100.3102722,11.49478054,103.0425568,97909.95312,17.74323845,4.035988052
150,180.0526812,85.15070056,23.22244633,67.91030875,0.9780572723,139.4579344,6.504051685,298.0061035,0,99.14560699,63.65630722,10.30425549,97943.21094,17.6400528,4.092306288
150.1999969,180.0526812,85.15070056,23.22244633,68.91269299,0.9677492516,170.4485865,6.502623558,297.9197998,0,98.0451355,40.53358459,1.030425549,97982.59375,17.58070183,4.057270287
150.3999939,180.0526812,79.62571098,23.22244633,67.57917502,0.9795180056,158.5413467,6.503468513,297.9876404,0,97.51985168,12.16007519,64.44325256,98017.89844,17.68111229,3.753833894
150.6000061,180.0526812,85.15070056,23.22244633,67.70611894,0.9980932509,170.4485865,6.500564098,297.9155273,0,96.64505005,33.20066452,6.44432497,98056.92188,17.82187462,3.995942577
150.8000031,180.0526812,85.15070056,23.69112279,65.62793618,1.00268156,170.4485865,6.497350216,298.0397644,0,96.95165253,9.960199356,88.68904114,98096.0625,17.8403492,4.030341352
151,180.0526812,85.15070056,23.22244633,67.62743109,0.9818106702,139.4579344,6.49545002,297.9671936,0,98.53274536,50.19390106,8.868904114,98129.08594,17.66161346,3.998723697
151.1999969,180.0526812,85.15070056,23.22244633,68.42159375,0.9409956717,170.4485865,6.493912697,297.8858643,0,100.8687744,25.71786308,0.8868904114,98168.92969,17.34743118,3.974096723
151.3999939,180.0526812,85.15070056,23.22244633,69.32454469,0.9621844907,143.4574794,6.49333334,297.9402771,0,103.8226776,7.715359211,54.79907608,98203.80469,17.51172447,3.945514508
151.6000061,180.0526812,85.15070056,23.22244633,69.57752077,0.9463067781,139.4579344,6.494987011,297.8811035,0,107.0063324,2.31460762,9.999999747e-05,98238.61719,17.38566399,4.046032829
151.8000031,180.0526812,85.15070056,23.22244633,68.82744426,0.9594271075,170.4485865,6.496386051,297.9396362,0,109.5241852,0.6943823099,57.44672775,98280.20312,17.51199913,3.978118724
152,180.0526812,85.15070056,23.22244633,69.32650196,0.9799658987,170.4485865,6.499000072,297.8737488,0,111.490448,0.208314687,9.999999747e-05,98322.25,17.6941452,4.039737468
152.1999969,180.0526812,85.15070056,23.22244633,67.42842934,0.9689437175,153.1462791,6.501805782,297.9425659,0,112.406395,0.06249440834,59.8584938,98360.90625,17.57538986,4.04343721
152.3999939,180.0526812,85.15070056,23.22244633,68.92157309,0.9981855001,170.4485865,6.505126476,297.87854,0,112.2031631,0.0187483225,9.999999747e-05,98403.16406,17.85214424,4.135871126
152.6000061,180.0526812,85.15070056,23.40222972,69.3950186,1.024326223,170.4485865,6.507400036,297.9477844,0,110.6707001,0.005624496844,60.72126007,98445.125,18.07331467,4.152940026
152.8000031,180.0526812,85.15070056,23.22244633,68.34205245,0.9872871229,161.1632447,6.509317875,297.8880005,0,108.2339249,0.001687349053,9.999999747e-05,98484.70312,17.75126266,4.201657976
153,180.0526812,85.15070056,23.22244633,69.02802348,0.9906504176,170.4485865,6.509305477,297.9517822,0,105.0277405,0.0005062047276,57.64257812,98525.48438,17.78737068,4.16820038
153.1999969,180.0526812,85.15070056,23.22244633,69.07246376,0.9696118403,170.4485865,6.507915974,297.8911743,0,101.8316879,18.2513504,5.764257908,98565.60938,17.6086235,4.170406329
153.3999939,180.0526812,85.15070056,23.22244633,69.78928976,0.94262407,170.4485865,6.504775047,297.9867249,0,99.18977356,5.475405216,74.13854218,98605.10156,17.38048935,4.104244044
153.6000061,180.0526812,85.15070056,23.22244633,69.26711629,0.9542648405,170.4485865,6.501610279,297.9185486,0,97.80566406,34.81246185,7.413854599,98644.34375,17.47730255,4.147238712
153.8000031,180.0526812,85.15070056,23.22244633,66.6491228,0.9554343926,139.4579344,6.498942852,298.0653687,0,97.6818924,10.44373894,95.44351959,98677.21875,17.44605446,4.167803157
154,180.0526812,85.15070056,23.22244633,69.11082542,0.9602687012,167.0250987,6.495760441,297.9827881,0,98.62345886,58.55339813,9.544351578,98715.83594,17.52190399,4.086557483
154.1999969,180.0526812,85.15070056,23.22244633,68.93385863,0.9911054216,170.4485865,6.492273331,297.8955688,0,100.8411484,31.41162109,0.9544351697,98755.5,17.77674484,3.974297729
154.3999939,180.0526812,85.15070056,23.22244633,70.07066646,0.9981636008,139.4579344,6.48920536,297.9523621,0,104.4530106,9.423485756,57.81484222,98789.42188,17.81558228,3.863492116
154.6000061,180.0526812,85.15070056,23.22244633,66.48520012,0.95669954,139.4579344,6.487704754,297.8808899,0,109.2898331,25.75732613,5.781484127,98824.30469,17.44369316,3.844270281
154.8000031,180.0526812,85.15070056,23.22244633,70.11282801,0.9805755697,170.4485865,6.488442421,297.9916992,0,114.7230453,7.727197647,85.21601868,98866.67188,17.7016201,3.887928688
155,180.0526812,85.15070056,23.22244633,70.3896904,0.9908653674,141.4285136,6.490805149,297.9107056,0,119.8589096,42.02521515,8.521601677,98904.08594,17.77083969,3.872973263
155.1999969,180.0526812,85.15070056,23.22244633,68.14694214,0.9783377555,139.4579344,6.493550777,298.0756226,0,124.0514755,12.60756493,111.892952,98941.85156,17.64764023,3.811275284
155.3999939,180.0526812,85.15070056,23.22244633,70.3896904,0.9664785705,170.4485865,6.496586323,297.9729614,0,127.1496964,66.77065277,11.18929577,98986.54688,17.58860779,3.792065615
155.6000061,180.0526812,85.15070056,23.22244633,69.43602512,0.9376152346,170.4485865,6.500427723,297.8792114,0,129.0339661,32.94962692,1.118929505,99031.67188,17.34387398,3.836954234
155.8000031,180.0526812,85.15070056,23.22244633,70.3896904,0.9375880835,170.4485865,6.502534866,297.9316711,0,129.3799896,9.884888649,59.56396866,99076.73438,17.34402466,3.738991899
156,180.0526812,85.15070056,23.22244633,70.3896904,0.9489523571,170.4485865,6.504249096,297.8612671,0,128.8914337,2.965466499,9.999999747e-05,99121.66406,17.43948936,3.742618004
156.1999969,180.0526812,85.15070056,23.22244633,68.8708378,0.9914148965,170.4485865,6.505719185,297.9335938,0,127.7128448,0.8896399736,64.95703888,99166.34375,17.78691483,3.770694606
156.3999939,180.0526812,85.15070056,23.22244633,70.3896904,0.95036879,170.4485865,6.506731033,297.8656921,0,125.9458237,0.2668919861,9.999999747e-05,99210.66406,17.45344543,3.796675239
156.6000061,180.0526812,85.15070056,23.22244633,70.3896904,0.9472120315,170.4485865,6.50577879,297.9399414,0,123.7747726,0.08006759733,65.57977295,99254.42969,17.42090797,3.725522808
156.8000031,180.0526812,85.15070056,23.22244633,70.3896904,0.9439754479,170.4485865,6.504817963,297.8721924,0,121.9896469,0.02402027883,9.999999747e-05,99297.85938,17.39594841,3.771641923
157,180.0526812,85.15070056,23.22244633,70.3896904,0.9848655767,170.4485865,6.503509045,297.9439392,0,120.5825577,0.007206083741,64.47848511,99341.00781,17.73971176,3.787449989
157.1999969,180.0526812,85.15070056,23.22244633,70.3896904,0.9928141004,170.4485865,6.500368118,297.8761902,0,119.7002411,0.002161825076,9.999999747e-05,99383.83594,17.79883766,3.684486776
157.3999939,180.0526812,85.15070056,23.22244633,70.3896904,0.9598478616,170.4485865,6.498159409,297.9446411,0,120.0790634,0.000648547546,63.02118301,99426.79688,17.52699089,3.737771217
157.6000061,180.0526812,85.15070056,23.22244633,69.30926509,0.9912391789,139.4579344,6.497522354,297.8786926,0,121.3324432,0.000194564258,9.999999747e-05,99463.73438,17.76563263,3.806945267
157.8000031,180.0526812,85.15070056,23.22244633,67.84014253,0.9422562292,170.4485865,6.498151302,297.9430237,0,122.8384628,9.999999747e-05,61.15499878,99507.42188,17.37488747,3.883243832
158,180.0526812,85.15070056,23.22244633,70.3896904,1.002723511,170.4485865,6.496801853,297.8753052,0,124.0938416,9.999999747e-05,9.999999747e-05,99551.20312,17.89074898,3.730218756
158.1999969,180.0526812,85.15070056,23.22244633,70.3896904,0.9766762731,170.4485865,6.496787071,297.9399414,0,125.8995514,9.999999747e-05,61.32723618,99595.42188,17.67822647,3.782517608
158.3999939,180.0526812,85.15070056,23.22244633,69.5085053,0.984533439,142.2472483,6.499109745,297.8738708,0,127.7003937,9.999999747e-05,9.999999747e-05,99634.35156,17.72694778,3.897349
158.6000061,180.0526812,85.15070056,23.22244633,70.3896904,0.9638892861,165.4150795,6.499963284,297.9382324,0,128.5688477,9.999999747e-05,61.20864868,99678.125,17.5722065,3.807338537
158.8000031,180.0526812,85.15070056,23.22244633,70.29115504,0.9600421933,170.4485865,6.500536442,297.8706055,0,129.1082611,9.999999747e-05,9.999999747e-05,99723.02344,17.54298019,3.788755222
159,180.0526812,85.15070056,23.22244633,70.3896904,0.9415869998,170.4485865,6.502035618,297.9370728,0,129.4144745,9.999999747e-05,62.27218628,99768.0625,17.3943615,3.852239089
159.1999969,180.0526812,82.64242583,24.35038447,69.88959403,1.028083176,170.4485865,6.503842831,297.8695374,0,129.1172028,9.999999747e-05,9.999999747e-05,99812.59375,18.11715317,3.849639906
159.3999939,180.0526812,85.15070056,23.22244633,68.38517823,0.9417985966,164.5798194,6.506662846,297.9375305,0,128.0990143,9.999999747e-05,62.9781456,99856.32031,17.38872528,3.994587213
159.6000061,180.0526812,85.15070056,23.22244633,70.3896904,0.9537205489,170.4485865,6.509263515,297.8699036,0,125.9504547,9.999999747e-05,9.999999747e-05,99900.88281,17.5106926,4.051481721
159.8000031,180.0526812,85.15070056,23.22244633,70.3896904,0.9700993125,170.4485865,6.511215687,297.9386902,0,122.7654648,9.999999747e-05,63.31492233,99944.85938,17.65078926,4.09881249
160,180.0526812,85.15070056,23.22244633,68.15626361,0.946325791,170.4485865,6.511230946,297.8715515,0,118.8010864,9.999999747e-05,9.999999747e-05,99987.99219,17.4313221,4.068155412
160.1999969,180.0526812,85.15070056,23.45337102,67.811046,0.9750617099,168.5790523,6.508689404,297.9399414,0,114.8349533,9.999999747e-05,63.0234375,100029.9062,17.65975952,4.010559687
160.3999939,180.0526812,85.15070056,23.22244633,69.41906427,0.9760262876,154.458736,6.505549431,297.8763733,0,111.8875122,9.999999747e-05,9.999999747e-05,100068.2812,17.66973877,3.994535556
160.6000061,180.0526812,85.15070056,23.22244633,70.3896904,0.9593333776,142.2336379,6.502383232,297.947052,0,110.1898651,9.999999747e-05,60.89352036,100103.8438,17.52876282,4.019516675
160.8000031,180.0526812,85.15070056,23.22244633,69.21629387,0.9407930228,139.4579344,6.498737335,297.8869934,0,109.7569656,9.999999747e-05,9.999999747e-05,100138.7109,17.36038208,3.978659266
161,180.0526812,85.15070056,23.22244633,68.03280013,0.9641060916,139.4579344,6.49546957,297.9513855,0,110.7837982,9.999999747e-05,58.30067825,100173.7734,17.54865074,3.963571016
161.1999969,180.0526812,85.15070056,23.22244633,69.83762734,0.9425455178,170.4485865,6.493341923,297.8812256,0,113.1150818,18.4332695,5.830067635,100215.7109,17.40863037,3.991494283
161.3999939,180.0526812,85.15070056,23.22244633,68.87259147,0.9781879755,139.4579344,6.493105412,297.9861755,0,116.2948761,5.529981136,79.33683777,100251.9766,17.68413925,4.024848354
161.6000061,180.0526812,85.15070056,23.22244633,69.04598542,0.9496160641,167.2014387,6.492744446,297.9032898,0,119.5667419,37.81087875,7.933683872,100294.5078,17.46410561,3.945808649
161.8000031,180.0526812,85.15070056,23.22244633,67.22092535,0.9462241485,143.4971531,6.493839741,298.0606384,0,122.9893494,11.34326363,108.2576218,100332.8594,17.40903664,3.950722524
162,180.0526812,85.15070056,23.22244633,70.3896904,0.9988172487,170.4485865,6.495353699,297.9617004,0,125.9686813,62.6209259,10.82576275,100377.2891,17.89509201,3.926658534
162.1999969,180.0526812,85.15070056,23.22244633,70.3896904,0.9757827003,148.1647545,6.497484207,297.8716736,0,128.3457794,29.58380318,1.082576275,100417.6562,17.68672371,3.921142904
162.3999939,180.0526812,85.15070056,23.22244633,70.3896904,0.9724511473,166.2568047,6.500592709,297.9199219,0,129.869873,8.875141144,57.52156448,100462.0859,17.67840958,3.972727065
162.6000061,180.0526812,85.15070056,23.22244633,70.3896904,0.9850589865,170.4485865,6.502306938,297.8502197,0,130.1494446,2.662542343,9.999999747e-05,100507.3203,17.78248024,3.890236516
162.8000031,180.0526812,85.15070056,23.22244633,70.3896904,0.9826851873,170.4485865,6.502598286,297.9223633,0,129.7510376,0.7987626791,65.59091949,100552.3594,17.75769043,3.812725151
163,180.0526812,85.15070056,23.22244633,70.00978076,1.006550764,139.4579344,6.504530907,297.8575134,0,129.2361755,0.2396288067,9.999999747e-05,100591.0234,17.94074059,3.918831117
163.1999969,180.0526812,85.15070056,23.22244633,70.3896904,0.9464259429,170.4485865,6.505988598,297.931488,0,127.9384079,0.07188864052,66.23252106,100635.7891,17.46345901,3.939866196
163.3999939,180.0526812,85.15070056,23.22244633,70.3896904,0.9967600558,170.4485865,6.507575512,297.8640442,0,126.0643082,0.02156659216,9.999999747e-05,100680.2188,17.89050484,3.99744126
163.6000061,180.0526812,85.15070056,23.22244633,70.3896904,0.9900182414,170.4485865,6.508295536,297.9372559,0,123.5536423,0.00646997802,65.9366684,100724.1328,17.83381653,4.002639138
163.8000031,180.0526812,85.15070056,23.22244633,68.50709395,0.9365488229,154.0930892,6.507637978,297.8720703,0,120.7580948,0.001940993359,9.999999747e-05,100764.0703,17.35559464,3.965979572
164,180.0526812,85.15070056,23.22244633,70.3896904,0.931093459,170.4485865,6.505021572,297.9397888,0,118.2274399,0.0005822980311,63.44004059,100806.75,17.32924461,3.891586751
164.1999969,180.0526812,85.15070056,23.22244633,70.3896904,0.9258529833,139.4579344,6.502086163,297.8769836,0,116.7452621,0.0001746893977,9.999999747e-05,100842.7578,17.26103592,3.876901365
164.3999939,180.0526812,85.15070056,23.22244633,70.3896904,0.9650297896,161.826638,6.499227524,297.9382629,0,116.4319839,9.999999747e-05,60.38397598,100883.3047,17.60874748,3.889055097
164.6000061,180.0526812,85.15070056,23.22244633,69.65287877,0.9807140588,148.2667919,6.496835232,297.8736572,0,117.2609787,9.999999747e-05,9.999999747e-05,100921.25,17.72667503,3.884970682
164.8000031,180.0526812,85.15070056,23.22244633,70.3896904,0.947071924,170.4485865,6.493746758,297.9338684,0,119.045639,9.999999747e-05,59.9826088,100964.0078,17.46211433,3.797040069
165,180.0526812,85.15070056,23.22244633,70.3896904,0.9655135196,142.5533812,6.491611004,297.8674011,0,122.0695038,9.999999747e-05,9.999999747e-05,101001.6406,17.59751892,3.772536971
165.1999969,180.0526812,85.15070056,23.22244633,70.3896904,0.9544371099,170.4485865,6.491985798,297.9308472,0,125.942215,9.999999747e-05,61.52015305,101045.8906,17.53641891,3.863351657
165.3999939,180.0526812,85.15070056,23.22244633,70.3896904,0.9565798317,170.4485865,6.493357658,297.8635254,0,129.6598358,9.999999747e-05,9.999999747e-05,101090.8906,17.55773354,3.854730486
165.6000061,180.0526812,85.15070056,23.22244633,69.82734478,0.9433143818,169.2411733,6.496266842,297.9307861,0,132.8335266,9.999999747e-05,63.35051346,101136.3359,17.44828796,3.892792012
165.8000031,180.0526812,85.15070056,23.22244633,70.3896904,0.9374260634,170.4485865,6.499778748,297.8634644,0,134.841568,9.999999747e-05,9.999999747e-05,101182.4453,17.40698814,3.901462833
166,180.0526812,85.15070056,23.22244633,70.3896904,0.9587799907,170.4485865,6.503325939,297.9326477,0,135.4478912,9.999999747e-05,64.31099701,101228.6719,17.58838081,3.903027634
166.1999969,180.0526812,85.15070056,23.22244633,70.3896904,0.9308513623,170.4485865,6.509355545,297.8652954,0,134.6370239,9.999999747e-05,9.999999747e-05,101274.9609,17.36915398,4.095607268
166.3999939,180.0526812,85.15070056,23.22244633,70.3896904,0.9287193916,162.8583087,6.514060974,297.9358521,0,131.406311,9.999999747e-05,64.42469788,101319.0391,17.3449173,4.098033108
166.6000061,180.0526812,85.15070056,23.22244633,70.3896904,0.968000343,170.4485865,6.518129349,297.8712463,0,126.3057251,9.999999747e-05,9.999999747e-05,101363.7578,17.68686104,4.196803023
166.8000031,180.0526812,85.15070056,23.22244633,70.3896904,0.9504499009,170.4485865,6.52054739,297.9424438,0,119.5757751,9.999999747e-05,62.76625443,101407.2031,17.5418129,4.268325469
167,180.0526812,85.15070056,23.22244633,70.3896904,0.9784477075,170.4485865,6.520211697,297.8826294,0,111.8819046,9.999999747e-05,9.999999747e-05,101449.1172,17.77510262,4.28225286
167.1999969,180.0526812,85.15070056,23.22244633,69.30823667,0.9580457429,139.4579344,6.517413616,297.9566956,0,104.3261261,9.999999747e-05,59.21189499,101483.1719,17.56979179,4.292891571
167.3999939,180.0526812,85.15070056,23.22244633,70.3896904,0.9474740178,161.6465775,6.512039185,297.9002686,0,97.88883972,21.6014576,5.921189785,101520.4766,17.50141716,4.282244293
167.6000061,180.0526812,85.15070056,23.22244633,68.05168154,0.947733565,170.4485865,6.505423546,298.0028992,0,93.60179901,6.480437279,76.99440002,101558.75,17.49356461,4.291493876
167.8000031,180.0526812,85.15070056,23.22244633,66.12146063,0.9977626832,139.4579344,6.498136044,297.9430237,0,91.95684814,38.57234573,7.699439526,101590.2734,17.87207222,4.217329975
168,180.0526812,85.15070056,23.22244633,67.50941088,0.9806797647,139.4579344,6.491514683,298.080719,0,93.22521973,11.57170391,93.59551239,101622.0234,17.73825645,4.171552666
168.1999969,180.0526812,85.15070056,23.22244633,68.16044405,0.9572132619,139.4579344,6.486460209,298.0061035,0,97.13778687,57.38886261,9.35955143,101654.5312,17.5464344,4.12239687
168.3999939,180.0526812,85.15070056,23.22244633,70.3896904,0.9291557004,139.4579344,6.483191013,297.9273682,0,103.0690765,33.63864899,0.9359551072,101688.2188,17.32646751,4.054286274
168.6000061,180.0526812,85.15070056,23.22244633,68.00218954,0.9746766005,139.4579344,6.482547283,297.9743958,0,110.3073044,10.0915947,53.12327194,101723.375,17.69757843,4.030325764
168.8000031,180.0526812,85.15070056,23.22244633,68.41858021,0.9685465046,139.4579344,6.48488903,297.9091492,0,117.8000717,24.1812973,5.312327385,101760.0859,17.65715027,4.044976799
169,180.0526812,85.15070056,23.22244633,70.3896904,0.9922150151,170.4485865,6.490191936,297.9939575,0,124.3547287,7.254389286,73.68759155,101804.5547,17.90520668,4.10949813
169.1999969,180.0526812,85.15070056,23.22244633,70.3896904,0.954861425,146.3470949,6.49771595,297.9269714,0,128.7880249,33.59849167,7.368758678,101845.0391,17.58183098,4.162343519
169.3999939,180.0526812,81.01778293,23.70923375,66.94528371,0.9825835323,139.4579344,6.506541729,298.0464783,0,130.2139893,10.07954788,89.49922943,101883.2969,17.79571342,3.981850386
169.6000061,180.0526812,85.15070056,23.22244633,70.3896904,0.9589491212,170.4485865,6.513476372,297.9690857,0,128.1123352,49.07364273,8.949923515,101928.5703,17.64023018,4.201783611
169.8000031,180.0526812,85.15070056,23.22244633,70.3896904,0.9388453839,170.4485865,6.518677711,297.8943176,0,123.2472382,23.21721268,0.8949923515,101972.8906,17.47134209,4.240725432
170,180.0526812,85.15070056,23.22244633,70.3896904,0.9540412116,170.4485865,6.520186424,297.9276428,0,116.3012009,6.965164185,47.43147278,102015.6875,17.59004402,4.168243855
170.1999969,180.0526812,85.15070056,23.22244633,70.3896904,0.9422561789,169.6400577,6.518648624,297.8659363,0,108.7583313,2.089549303,9.999999747e-05,102056.75,17.48498535,4.151715286
170.3999939,180.0526812,85.15070056,23.22244633,68.98221818,0.9992781998,170.4485865,6.513967514,297.9226685,0,101.8287888,0.6268647909,55.7471962,102096.4766,17.94833755,4.098410921
170.6000061,180.0526812,82.7970223,23.22244633,68.10188311,0.9936546069,139.4579344,6.508825779,297.8682861,0,96.77223969,0.1880594343,9.999999747e-05,102128.1484,17.87640953,3.98270225
170.8000031,180.0526812,85.15070056,23.22244633,67.9094347,0.9355908922,139.4579344,6.501455307,297.9356079,0,93.76374054,0.05641783029,57.03141403,102159.7969,17.37454796,4.05038074
171,180.0526812,85.15070056,23.22244633,70.3896904,0.9340721739,139.4579344,6.494343758,297.8827515,0,93.70934296,0.01692534797,9.999999747e-05,102191.4141,17.37930107,4.029014954
171.1999969,180.0526812,85.15070056,23.22244633,67.62413932,0.9429011636,139.4579344,6.488304138,297.9462891,0,96.49155426,0.00507760467,56.15443802,102223.5469,17.43380737,3.981605184
171.3999939,180.0526812,85.15070056,23.22244633,69.67090082,0.9369734687,139.4579344,6.48452425,297.8907471,0,101.687027,0.001523281331,9.999999747e-05,102256.75,17.40315628,3.970195485
171.6000061,180.0526812,82.82207827,23.22244633,66.14930974,0.945212527,139.4579344,6.482927322,297.9437866,0,108.3904037,0.0004569844168,54.39902115,102290.5547,17.45190811,3.74876607
171.8000031,180.0526812,85.15070056,23.22244633,70.3896904,0.9594959931,139.4579344,6.483064651,297.8830872,0,115.7326202,0.000137095325,9.999999747e-05,102326.4922,17.60125542,3.850341984
172,180.0526812,85.15070056,23.22244633,69.97764273,0.9509481141,154.8263608,6.484600067,297.9313049,0,123.0212555,9.999999747e-05,54.85273743,102366.9922,17.53959465,3.786319995
172.1999969,180.0526812,85.15070056,23.22244633,70.3896904,0.9725009805,170.4485865,6.488494396,297.8642578,0,129.69664,9.999999747e-05,9.999999747e-05,102412.0781,17.7430172,3.80842996
172.3999939,180.0526812,85.15070056,23.22244633,70.3896904,0.9796354312,170.4485865,6.493707657,297.9215393,0,134.8110657,9.999999747e-05,59.3192749,102458.1797,17.80742455,3.80006332
172.6000061,180.0526812,85.15070056,23.22244633,70.3896904,0.9521112213,170.4485865,6.499606133,297.8545837,0,137.8433838,9.999999747e-05,9.999999747e-05,102504.8828,17.57952118,3.799060153
172.8000031,180.0526812,85.15070056,23.22244633,70.3896904,0.957319216,139.4579344,6.505652428,297.9215698,0,138.5183258,9.999999747e-05,63.50000763,102545.3516,17.60207939,3.800191219
173,180.0526812,85.15070056,23.22244633,70.3896904,0.970245344,170.4485865,6.510213852,297.8546143,0,136.7763062,9.999999747e-05,9.999999747e-05,102591.7656,17.73153496,3.774330734
173.1999969,180.0526812,85.15070056,23.22244633,70.3896904,0.9840949862,170.4485865,6.516601086,297.9255066,0,133.2152252,9.999999747e-05,65.91472626,102637.6875,17.86400795,3.985267268
173.3999939,180.0526812,85.15070056,23.22244633,70.3896904,0.961822689,170.4485865,6.51937294,297.8585205,0,127.0883789,9.999999747e-05,9.999999747e-05,102682.25,17.66665649,3.902472756
173.6000061,180.0526812,85.15070056,23.22244633,70.3896904,0.9619903279,170.4485865,6.519082069,297.9296875,0,119.8705368,9.999999747e-05,66.10688782,102725.2812,17.6615963,3.86650721
173.8000031,180.0526812,85.15070056,23.22244633,70.3896904,0.9446907576,170.4485865,6.515654087,297.8627319,0,112.7676239,9.999999747e-05,9.999999747e-05,102766.7891,17.50822639,3.813237556
174,180.0526812,85.15070056,23.22244633,68.14884147,0.9214542419,139.4579344,6.511520863,297.9413757,0,107.0363846,9.999999747e-05,65.32892609,102800.8516,17.27651787,3.877966619
174.1999969,180.0526812,85.15070056,23.22244633,70.3896904,0.9120086755,153.6760437,6.505448818,297.8803101,0,102.9506149,9.999999747e-05,9.999999747e-05,102836.9375,17.21785545,3.826128963
174.3999939,180.0526812,85.15070056,23.22244633,69.15150183,0.9110873166,170.4485865,6.498207569,297.9436035,0,101.2978134,9.999999747e-05,61.91218567,102876.0625,17.20898819,3.753424894
174.6000061,180.0526812,85.15070056,23.22244633,68.20211823,0.9053621161,170.4485865,6.491867542,297.8776245,0,102.5390854,9.999999747e-05,9.999999747e-05,102915.4453,17.15660858,3.75240539
174.8000031,180.0526812,85.15070056,23.22244633,70.3896904,0.9205521379,149.3761982,6.485748768,297.9382935,0,106.3096161,9.999999747e-05,60.09868622,102951.1484,17.27858925,3.628277517
175,180.0526812,85.15070056,23.22244633,69.98580135,0.9095834536,157.9460865,6.481213093,297.8716125,0,112.5298462,9.999999747e-05,9.999999747e-05,102989.8281,17.1920414,3.575733792
175.1999969,180.0526812,85.15070056,23.22244633,70.3896904,0.9229919711,170.4485865,6.480500698,297.931427,0,120.5599365,9.999999747e-05,60.85480499,103032.8047,17.32975388,3.65396801
175.3999939,180.0526812,85.15070056,23.22244633,70.3896904,0.9469195046,164.6368993,6.482980251,297.8646545,0,128.8675079,9.999999747e-05,9.999999747e-05,103076.3281,17.53623772,3.687220588
175.6000061,180.0526812,85.15070056,23.22244633,69.65540956,0.9403030705,147.9940187,6.486571789,297.9273682,0,136.1848907,9.999999747e-05,62.06342316,103117.8438,17.46472359,3.618597984
175.8000031,180.0526812,85.15070056,23.22244633,70.3896904,0.9521605117,170.4485865,6.490157127,297.8605347,0,142.0722656,9.999999747e-05,9.999999747e-05,103165.0625,17.58496094,3.536833541
176,180.0526812,85.15070056,23.22244633,70.3896904,0.9601532267,170.4485865,6.494490623,297.9260254,0,146.5291138,9.999999747e-05,63.62490845,103213.1484,17.65507698,3.517878275
176.1999969,180.0526812,79.17885678,23.50647795,66.75049623,0.9839698338,139.4579344,6.501561165,297.8600159,0,149.250061,9.999999747e-05,9.999999747e-05,103253.8594,17.82443428,3.272693827
176.3999939,180.0526812,85.15070056,23.22244633,69.94587882,0.941983906,170.4485865,6.504733562,297.9265442,0,149.1362762,9.999999747e-05,64.17221832,103302.3359,17.49826622,3.450196831
176.6000061,180.0526812,85.15070056,23.22244633,70.3896904,0.9529456168,170.4485865,6.509262085,297.8597412,0,147.7750702,9.999999747e-05,9.999999747e-05,103350.6172,17.60123253,3.559513274
176.8000031,180.0526812,85.15070056,23.22244633,69.26543262,0.9722847789,139.4579344,6.512778759,297.927887,0,144.5854645,9.999999747e-05,64.72127533,103391.8594,17.73162842,3.558345206
177,180.0526812,85.15070056,23.22244633,70.3896904,0.9553569692,170.4485865,6.514198303,297.8611145,0,139.996994,9.999999747e-05,9.999999747e-05,103438.4844,17.61628723,3.538975458
177.1999969,180.0526812,85.15070056,23.22244633,70.3896904,0.9248482341,170.4485865,6.513616085,297.928833,0,134.8441925,9.999999747e-05,64.84519958,103484.0078,17.35614586,3.515519468
177.3999939,180.0526812,85.15070056,23.22244633,70.3896904,0.9462290034,139.4579344,6.511050701,297.8626404,0,129.9241333,9.999999747e-05,9.999999747e-05,103522.1016,17.50655365,3.469822616
177.6000061,180.0526812,85.15070056,23.22244633,67.55153021,0.9417611319,170.4485865,6.508097172,297.9290161,0,126.0303802,9.999999747e-05,64.247612,103565.8125,17.47508049,3.520054152
177.8000031,180.0526812,85.15070056,23.22244633,70.3896904,0.9156459638,170.4485865,6.505103111,297.8622437,0,123.3129501,9.999999747e-05,9.999999747e-05,103609.0078,17.27755165,3.55953113
178,180.0526812,85.15070056,23.22244633,70.3896904,0.9388603221,144.7014364,6.503130913,297.9293823,0,121.7919846,9.999999747e-05,64.16526031,103646.7188,17.45942307,3.632581959
178.1999969,180.0526812,85.15070056,23.22244633,70.3896904,0.9215751846,169.7243511,6.500642776,297.8626404,0,121.0564651,9.999999747e-05,9.999999747e-05,103689.4062,17.33241272,3.617636925
178.3999939,180.0526812,85.15070056,23.22244633,70.3896904,0.9628434175,170.4485865,6.499182224,297.928833,0,121.321167,9.999999747e-05,64.27170563,103732.375,17.68533707,3.667405625
178.6000061,180.0526812,85.15070056,23.22244633,70.3896904,0.9790484825,139.4579344,6.496081829,297.8627319,0,122.1650696,9.999999747e-05,9.999999747e-05,103769.0078,17.78895378,3.525230435
178.8000031,180.0526812,85.15070056,23.22244633,70.3896904,0.9525597411,154.8409257,6.492343903,297.9282837,0,124.257782,9.999999747e-05,63.83803558,103809.1484,17.57446289,3.43974648
179,180.0526812,85.15070056,23.22244633,70.3896904,0.9547315493,139.4579344,6.490787029,297.8621826,0,127.8424759,9.999999747e-05,9.999999747e-05,103846.9375,17.5891552,3.489703357
179.1999969,180.0526812,85.15070056,23.22244633,70.3896904,0.9527599887,170.4485865,6.487758636,297.9272461,0,132.0408173,9.999999747e-05,63.78594208,103891.7812,17.58841705,3.344324437
179.3999939,180.0526812,85.15070056,23.22244633,70.3896904,0.9486515039,170.4485865,6.488723755,297.8605957,0,137.462265,9.999999747e-05,9.999999747e-05,103937.8906,17.56951523,3.474670916
179.6000061,180.0526812,85.15070056,23.22244633,70.3896904,0.921405315,170.4485865,6.491533756,297.9263,0,142.4799194,9.999999747e-05,64.15380859,103985.0547,17.34822273,3.503160208
179.8000031,180.0526812,85.15070056,23.22244633,70.3896904,0.9831735179,170.4485865,6.49546814,297.8596497,0,146.3803406,9.999999747e-05,9.999999747e-05,104033.0234,17.87115479,3.51171316
180,180.0526812,85.15070056,23.22244633,70.3896904,0.9533485487,146.1586644,6.500050068,297.9264221,0,148.7092743,9.999999747e-05,64.49506378,104076.4688,17.60630226,3.512188905
180.1999969,180.0526812,85.15070056,23.22244633,70.3896904,0.9452025692,170.4485865,6.50463295,297.8598022,0,149.2067413,9.999999747e-05,9.999999747e-05,104125.0078,17.55843735,3.5246588
180.3999939,180.0526812,85.15070056,23.22244633,70.3896904,0.9646641733,170.4485865,6.509481907,297.9264832,0,147.8731537,9.999999747e-05,64.72554779,104173.3203,17.72595978,3.570158646
180.6000061,180.0526812,85.15070056,23.22244633,70.3896904,0.9515023218,156.6948294,6.512659073,297.8601379,0,144.5990906,9.999999747e-05,9.999999747e-05,104218.0859,17.60175514,3.538121425
180.8000031,180.0526812,85.15070056,23.22244633,70.3896904,0.9539883553,170.4485865,6.512670517,297.9263611,0,140.0604858,9.999999747e-05,64.55451965,104264.625,17.6237812,3.449204338
181,180.0526812,85.15070056,23.22244633,70.3896904,0.9623215682,170.4485865,6.512181759,297.8597717,0,135.5223083,9.999999747e-05,9.999999747e-05,104310.2734,17.69512367,3.490617157
181.1999969,180.0526812,85.15070056,23.22244633,70.3896904,0.9516792122,170.4485865,6.508653164,297.9259949,0,131.1713409,9.999999747e-05,64.58413696,104354.8906,17.59594917,3.387706341
181.3999939,180.0526812,85.15070056,23.22244633,70.3896904,0.9181479265,161.6682293,6.504445553,297.8596191,0,128.2400665,9.999999747e-05,9.999999747e-05,104397.0859,17.30704308,3.378882543
181.6000061,180.0526812,85.15070056,23.22244633,70.3896904,0.9438549632,170.4485865,6.499479771,297.9256592,0,126.9844131,9.999999747e-05,64.5517807,104440.7812,17.52675629,3.344953289
181.8000031,180.0526812,85.15070056,23.22244633,70.30793864,0.9486934679,139.4579344,6.495810032,297.8597107,0,127.7153549,9.999999747e-05,9.999999747e-05,104478.3047,17.54861832,3.38033263
182,180.0526812,85.15070056,23.22244633,70.3896904,1.000231425,170.4485865,6.492406368,297.925293,0,129.9075928,9.999999747e-05,64.36316681,104522.6016,18.00517845,3.362200383
182.1999969,180.0526812,85.15070056,23.22244633,70.3896904,0.9643811865,170.4485865,6.489674568,297.8587646,0,133.464447,9.999999747e-05,9.999999747e-05,104567.5938,17.70660782,3.33555447
182.3999939,180.0526812,85.15070056,23.22244633,70.3896904,0.9422787738,170.4485865,6.48755312,297.9247437,0,138.1126251,9.999999747e-05,64.59539032,104613.4766,17.5230732,3.294663896
182.6000061,180.0526812,85.15070056,23.22244633,70.3896904,0.9556705073,139.4579344,6.488709927,297.8588257,0,143.6096497,9.999999747e-05,9.999999747e-05,104654.2188,17.62416458,3.374302912
182.8000031,180.0526812,85.15070056,23.22244633,70.3896904,0.9517378778,170.4485865,6.491777897,297.9244995,0,148.6350708,9.999999747e-05,64.50552368,104702.3984,17.62235832,3.417507079
183,180.0526812,85.15070056,23.22244633,70.3896904,0.9688817637,170.4485865,6.49477911,297.8580322,0,152.4374542,9.999999747e-05,9.999999747e-05,104751.2969,17.76638031,3.371050522
183.1999969,180.0526812,85.15070056,23.22244633,70.3896904,0.9645617524,170.4485865,6.498104095,297.9241333,0,155.0458527,9.999999747e-05,64.75846863,104800.6953,17.73269463,3.359297464
183.3999939,180.0526812,85.15070056,23.22244633,70.3896904,0.9485486215,170.4485865,6.500716686,297.8576965,0,156.3229523,9.999999747e-05,9.999999747e-05,104850.3047,17.59739304,3.31707616
183.6000061,180.0526812,85.15070056,23.22244633,70.3896904,0.9453386162,170.4485865,6.505115986,297.9240112,0,156.5583344,9.999999747e-05,64.92550659,104900.0547,17.57925415,3.404418198
183.8000031,180.0526812,85.15070056,23.22244633,70.14554816,0.9493992431,170.4485865,6.50741148,297.8575745,0,155.0257874,9.999999747e-05,9.999999747e-05,104949.3906,17.60622597,3.334094577
184,180.0526812,85.15070056,23.22244633,70.3896904,0.9538730301,170.4485865,6.511814594,297.9239502,0,152.5877991,9.999999747e-05,64.99801636,104998.3984,17.65647697,3.472011
184.1999969,180.0526812,85.15070056,23.22244633,70.3896904,0.9505492062,170.4485865,6.513480186,297.8575134,0,148.3749695,9.999999747e-05,9.999999747e-05,105046.4531,17.62134743,3.404213695
184.3999939,180.0526812,85.15070056,23.22244633,70.3896904,0.9266604286,149.4500418,6.513138771,297.9242249,0,143.5115356,9.999999747e-05,65.01634979,105089.1562,17.40064049,3.36289598
184.6000061,180.0526812,85.15070056,23.22244633,70.3896904,0.936930771,170.4485865,6.510391712,297.8578186,0,138.7824097,9.999999747e-05,9.999999747e-05,105135.1406,17.49567223,3.308714949
184.8000031,180.0526812,85.15070056,23.22244633,70.3896904,0.9281844152,146.2213775,6.507118225,297.92453,0,135.1536407,9.999999747e-05,65.03174591,105175.4219,17.40410995,3.313140966
185,180.0526812,85.15070056,23.22244633,70.3896904,0.9722170585,170.4485865,6.502943039,297.8581238,0,132.8282776,9.999999747e-05,9.999999747e-05,105220.1797,17.78893471,3.296458469
185.1999969,180.0526812,85.15070056,23.22244633,68.71682289,0.9352430945,139.4579344,6.498114586,297.9247437,0,132.1743469,9.999999747e-05,64.96309662,105258.3984,17.44247818,3.244987055
185.3999939,180.0526812,85.15070056,23.22244633,70.3896904,0.9624004379,170.4485865,6.494996071,297.8583679,0,133.4510193,9.999999747e-05,9.999999747e-05,105303.3281,17.71171761,3.315789216
185.6000061,180.0526812,85.15070056,23.89454837,68.64145595,0.962019401,170.4485865,6.491075039,297.9241333,0,135.9673004,9.999999747e-05,64.88889313,105348.8203,17.6895504,3.302070297
185.8000031,180.0526812,85.15070056,23.22244633,70.3896904,0.93686934,139.4579344,6.489466667,297.8583679,0,140.0601654,9.999999747e-05,9.999999747e-05,105388.7109,17.47962761,3.272521995
186,180.0526812,85.15070056,23.22244633,70.3896904,0.9962828214,170.4485865,6.490772247,297.9232483,0,144.7863007,9.999999747e-05,64.50177765,105436.0312,18.01242065,3.362349596
186.1999969,180.0526812,85.15070056,23.22244633,70.3896904,0.966675941,163.3348864,6.491799355,297.8570557,0,148.9879761,9.999999747e-05,9.999999747e-05,105482.6719,17.75789261,3.294562583
186.3999939,180.0526812,85.15070056,23.22244633,70.3896904,0.9749648021,170.4485865,6.493863583,297.9222107,0,152.7890472,9.999999747e-05,64.66748047,105531.5625,17.83734131,3.299503163
186.6000061,180.0526812,85.15070056,23.22244633,70.3896904,0.9836942289,170.4485865,6.498867512,297.8558655,0,155.7601318,9.999999747e-05,9.999999747e-05,105581.1719,17.9231987,3.405772882
186.8000031,180.0526812,85.15070056,23.22244633,70.3896904,0.9647184797,170.4485865,6.505445957,297.9215698,0,156.7233734,9.999999747e-05,65.00592804,105631.0781,17.77280617,3.479812373
187,180.0526812,85.15070056,23.22244633,70.3896904,0.9375848332,170.4485865,6.511720657,297.8552551,0,155.0595245,9.999999747e-05,9.999999747e-05,105680.6562,17.54729462,3.500402683
187.1999969,180.0526812,85.15070056,23.22244633,70.3896904,0.92536835,170.4485865,6.515562534,297.9213867,0,150.8917236,9.999999747e-05,65.26750946,105729.3203,17.43923759,3.447934575
187.3999939,180.0526812,85.15070056,23.22244633,70.29975995,0.9445107515,170.4485865,6.518106461,297.8551025,0,145.1942139,9.999999747e-05,9.999999747e-05,105776.8438,17.59858513,3.467557963
187.6000061,180.0526812,85.15070056,23.22244633,70.3896904,0.9739866098,164.084024,6.520011902,297.9214783,0,138.4755402,9.999999747e-05,65.40122223,105821.7734,17.84511757,3.537208335
187.8000031,180.0526812,85.15070056,23.22244633,70.3896904,0.9153809064,163.023626,6.519441605,297.8553467,0,130.9926758,9.999999747e-05,9.999999747e-05,105864.9453,17.34764481,3.525248868
188,180.0526812,85.15070056,23.22244633,70.3896904,0.9562006904,170.4485865,6.516894817,297.9214783,0,123.7439957,9.999999747e-05,65.37619019,105908.1875,17.69342041,3.534255458
188.1999969,180.0526812,85.15070056,23.22244633,70.3896904,0.9535511242,139.4579344,6.513563156,297.8599243,0,117.5125809,9.999999747e-05,9.999999747e-05,105943.875,17.6500988,3.577925108
188.3999939,180.0526812,85.15070056,23.22244633,70.3896904,0.9339445107,167.8661299,6.508862972,297.9212036,0,112.6101456,9.999999747e-05,63.01824188,105984.4219,17.50517845,3.585940102
188.6000061,180.0526812,85.15070056,23.22244633,68.08334218,0.9238853578,139.4579344,6.503498077,297.8611755,0,109.5896683,9.999999747e-05,9.999999747e-05,106018.5312,17.38243294,3.567655056
188.8000031,180.0526812,85.15070056,23.22244633,69.2992221,0.8995223377,148.9400468,6.497357368,297.9217224,0,108.7130356,9.999999747e-05,61.10106659,106054.3672,17.1895256,3.5081423
189,180.0526812,85.15070056,23.22244633,70.3896904,0.9259956244,170.4485865,6.492301464,297.8554993,0,110.2930908,9.999999747e-05,9.999999747e-05,106094.9844,17.43937874,3.525127635
189.1999969,180.0526812,85.15070056,23.22244633,70.3896904,0.9352819348,156.367051,6.490257263,297.9215698,0,113.8893509,9.999999747e-05,63.92026901,106133.5938,17.51990891,3.615214905
189.3999939,180.0526812,85.15070056,23.22244633,70.3896904,0.939637896,139.4579344,6.489795208,297.8609619,0,118.2969742,9.999999747e-05,9.999999747e-05,106169.6406,17.54815483,3.601793014
189.6000061,180.0526812,85.15070056,23.22244633,70.3896904,0.9577196825,139.4579344,6.49163866,297.9266052,0,122.8939209,9.999999747e-05,62.49588776,106206.7031,17.70903397,3.639977109
189.8000031,180.0526812,85.15070056,23.22244633,70.3896904,0.9260393653,170.4485865,6.494387627,297.860321,0,126.7509842,9.999999747e-05,9.999999747e-05,106250.9141,17.46857262,3.628143458
190,180.0526812,85.15070056,23.22244633,70.3896904,0.9405891524,156.4826478,6.499016285,297.9255066,0,129.5128632,9.999999747e-05,64.21800995,106292.9062,17.5896759,3.679157603
190.1999969,180.0526812,85.15070056,23.22244633,70.3896904,0.9326223705,170.4485865,6.503636837,297.8592529,0,130.4199219,9.999999747e-05,9.999999747e-05,106337.9453,17.53465843,3.67204432
190.3999939,180.0526812,85.15070056,23.22244633,70.3896904,0.9405644413,170.4485865,6.508430004,297.9226685,0,129.4848328,9.999999747e-05,64.32054901,106382.8359,17.60609055,3.705035685
190.6000061,180.0526812,85.15070056,23.22244633,70.3896904,0.947788322,150.3977105,6.513189316,297.8622131,0,126.6318741,9.999999747e-05,9.999999747e-05,106423.1016,17.65751076,3.758738107
190.8000031,180.0526812,85.15070056,23.22244633,70.3896904,0.962868052,170.4485865,6.516832352,297.9236145,0,121.8759232,9.999999747e-05,61.55688477,106466.5859,17.80257988,3.807533941
191,180.0526812,85.15070056,23.22244633,70.3896904,0.9579134446,170.4485865,6.517685413,297.8616333,0,115.6661835,9.999999747e-05,9.999999747e-05,106508.75,17.75517082,3.772347802
191.1999969,180.0526812,85.15070056,23.22244633,70.3896904,0.9408700878,163.6438523,6.516420841,297.9266052,0,109.1207886,9.999999747e-05,61.63305664,106548.1875,17.60508156,3.778230872
191.3999939,180.0526812,85.15070056,23.22244633,69.02126956,0.9527786223,170.4485865,6.513908386,297.8688049,0,103.0793457,9.999999747e-05,9.999999747e-05,106587.8828,17.70490646,3.838807034
191.6000061,180.0526812,85.15070056,23.22244633,67.80849308,0.9205221125,139.4579344,6.509729862,297.9385071,0,98.04016876,9.999999747e-05,59.82758713,106620.1875,17.39896202,3.821447639
191.8000031,180.0526812,85.15070056,23.22244633,70.3896904,0.9223802379,139.4579344,6.50484705,297.8890076,0,94.67385101,9.999999747e-05,9.999999747e-05,106651.8359,17.43439484,3.836221249
192,180.0526812,85.15070056,23.22244633,69.81775378,0.9175157086,139.4579344,6.49968338,297.9490051,0,93.25761414,9.999999747e-05,54.46082306,106683.2109,17.38934517,3.820929659
192.1999969,180.0526812,85.15070056,23.22244633,68.91826626,0.9157939377,139.4579344,6.49519825,297.8994751,0,93.90563202,9.999999747e-05,9.999999747e-05,106714.7344,17.37061501,3.814372502
192.3999939,180.0526812,85.15070056,23.22244633,69.41959908,0.9461559924,151.3945698,6.492230415,297.9477234,0,96.34449768,9.999999747e-05,49.95693588,106749.25,17.64445877,3.828241683
192.6000061,180.0526812,85.15070056,23.22244633,70.3896904,0.9275532415,139.4579344,6.489155293,297.8942566,0,99.96768188,9.999999747e-05,9.999999747e-05,106781.875,17.47601318,3.677708959
192.8000031,180.0526812,85.15070056,23.22244633,69.93120623,0.9681526466,139.4579344,6.488753319,297.9395752,0,104.8261719,9.999999747e-05,49.23722076,106815.5703,17.82403946,3.71335302
193,180.0526812,85.15070056,23.22244633,70.3896904,0.9500271625,139.4579344,6.490680218,297.8857727,0,109.8362885,9.999999747e-05,9.999999747e-05,106850.3281,17.6818409,3.733459823
193.1999969,180.0526812,85.15070056,23.22244633,68.73570399,0.9435336891,139.4579344,6.492628098,297.9297791,0,114.0765305,9.999999747e-05,50.3172493,106885.8203,17.61029816,3.625536576
193.3999939,180.0526812,85.15070056,23.22244633,70.3896904,0.9753647274,157.1780214,6.495696545,297.8685608,0,117.5449905,9.999999747e-05,9.999999747e-05,106925.6484,17.90649033,3.621758657
193.6000061,180.0526812,85.12314054,23.22244633,67.90080646,0.9488780128,139.4579344,6.497943401,297.9198914,0,119.7824631,9.999999747e-05,55.6503067,106962.1328,17.64673805,3.511074134
193.8000031,180.0526812,85.15070056,23.22244633,70.3896904,0.9692708337,165.4346676,6.500671387,297.8544006,0,121.1274796,9.999999747e-05,9.999999747e-05,107004.2344,17.85779953,3.524337186
194,180.0526812,85.15070056,23.22244633,70.13346952,0.9235770823,170.4485865,6.503204823,297.9117432,0,121.377121,9.999999747e-05,61.60121155,107047.375,17.4758606,3.511692891
194.1999969,180.0526812,85.15070056,23.22244633,70.3896904,0.931430115,156.0081275,6.506982803,297.8502808,0,120.6156464,9.999999747e-05,9.999999747e-05,107087.5,17.54265785,3.603053833
194.3999939,180.0526812,85.15070056,23.22244633,70.3896904,0.9494358701,151.0338227,6.509363174,297.9152222,0,118.3383179,9.999999747e-05,62.71604538,107126.0703,17.68756676,3.568657281
194.6000061,180.0526812,85.15070056,23.22244633,69.42361709,0.9179710078,147.5835527,6.51134634,297.8570557,0,115.1174088,9.999999747e-05,9.999999747e-05,107163.3203,17.41719627,3.616021023
194.8000031,180.0526812,85.15070056,23.22244633,69.31345517,0.936234248,148.3693758,6.512853146,297.9256592,0,111.1000443,9.999999747e-05,62.2623024,107200,17.57630539,3.684116374
195,180.0526812,85.15070056,23.22244633,70.3896904,0.9441730577,150.2448614,6.51213789,297.8695374,0,106.4801941,9.999999747e-05,9.999999747e-05,107236.0625,17.64702606,3.647895627
195.1999969,180.0526812,85.15070056,23.22244633,69.68821632,0.9346106895,139.4579344,6.509254456,297.9353333,0,102.152153,9.999999747e-05,60.0826683,107268.9453,17.54726028,3.589121831
195.3999939,180.0526812,85.15070056,23.22244633,69.8681957,0.9513953434,139.4579344,6.505776882,297.8822937,0,98.97763062,9.999999747e-05,9.999999747e-05,107301.2344,17.69174767,3.61250426
195.6000061,180.0526812,85.15070056,23.22244633,70.3896904,0.9427240465,139.4579344,6.501674175,297.9408569,0,97.1890564,9.999999747e-05,55.89806747,107333.1406,17.62105179,3.592522085
195.8000031,180.0526812,85.15070056,23.22244633,69.14805133,0.9473648061,139.4579344,6.498363018,297.8888245,0,97.04178619,9.999999747e-05,9.999999747e-05,107365.0859,17.6568985,3.630765086
196,180.0526812,85.15070056,23.22244633,70.3896904,0.9590496558,139.4579344,6.496210098,297.9420776,0,98.21434784,9.999999747e-05,52.48360443,107397.3516,17.76989365,3.661360617
196.1999969,180.0526812,85.15070056,23.22244633,68.75715399,0.9960700339,144.7974001,6.495621204,297.8901978,0,100.246788,9.999999747e-05,9.999999747e-05,107431.2109,18.08209991,3.702892211
196.3999939,180.0526812,85.15070056,23.22244633,68.8605761,0.9339142255,139.4579344,6.495900631,297.9400635,0,102.5133743,9.999999747e-05,50.82970428,107464.4453,17.55647087,3.684904793
196.6000061,180.0526812,85.15070056,23.22244633,70.3896904,0.9195636285,139.4579344,6.497108459,297.8881836,0,104.6702271,9.999999747e-05,9.999999747e-05,107498.1406,17.44911003,3.680392214
196.8000031,180.0526812,85.15070056,23.22244633,70.3896904,0.9381569344,139.4579344,6.4979496,297.9346619,0,106.343689,9.999999747e-05,50.39065933,107532.0938,17.60136414,3.600761929
197,180.0526812,85.15070056,23.22244633,67.56568835,0.9160823875,139.4579344,6.499458313,297.8806763,0,107.6849823,9.999999747e-05,9.999999747e-05,107566.3516,17.39834404,3.60445057
197.1999969,180.0526812,85.15070056,23.22244633,70.3896904,0.9645661023,170.4485865,6.500860691,297.922821,0,108.419342,9.999999747e-05,51.67759323,107607.1016,17.85022736,3.589361956
197.3999939,180.0526812,85.15070056,23.22244633,68.45572932,0.9243063682,139.4579344,6.502954006,297.8691406,0,108.5952759,9.999999747e-05,9.999999747e-05,107641.5781,17.47928238,3.615348689
197.6000061,180.0526812,85.15070056,23.22244633,70.3896904,0.8971462155,152.7986889,6.50493288,297.9184265,0,107.9311981,9.999999747e-05,52.79781723,107678.6875,17.27607727,3.631437107
197.8000031,180.0526812,85.15070056,23.22244633,70.3896904,0.9037861807,139.4579344,6.50655365,297.8659363,0,106.4782333,9.999999747e-05,9.999999747e-05,107712.7734,17.32380486,3.638286618
198,180.0526812,85.15070056,23.22244633,70.3896904,0.9303883019,139.4579344,6.508221149,297.92453,0,104.3778381,9.999999747e-05,54.88145828,107746.5312,17.55467796,3.699087144
198.1999969,180.0526812,85.03113915,23.22244633,69.9692032,0.9394536171,139.4579344,6.509547234,297.8757629,0,101.6091003,9.999999747e-05,9.999999747e-05,107779.7656,17.63384056,3.746941117
198.3999939,180.0526812,85.15070056,23.22244633,70.3896904,0.9211327446,139.4579344,6.509364605,297.9351196,0,98.31114197,9.999999747e-05,54.13432693,107812.3594,17.48000908,3.73864174
198.6000061,180.0526812,85.15070056,23.22244633,70.3896904,0.933708971,139.4579344,6.508172512,297.88797,0,95.09011078,9.999999747e-05,9.999999747e-05,107844.3203,17.5874424,3.75283959
198.8000031,180.0526812,85.15070056,23.22244633,69.8410776,0.9120582243,139.4579344,6.505627632,297.9427185,0,92.34438324,9.999999747e-05,51.39208603,107875.6875,17.39746094,3.719957755
199,180.0526812,85.15070056,23.22244633,70.23048637,0.9107244133,154.87011,6.502973557,297.8935852,0,90.61780548,9.999999747e-05,9.999999747e-05,107909.9375,17.40453529,3.756518385
199.1999969,180.0526812,85.15070056,23.22244633,70.3896904,0.9491721159,139.4579344,6.500108719,297.9459229,0,89.94902039,9.999999747e-05,49.71047211,107940.8594,17.71838951,3.728971289
199.3999939,180.0526812,83.58176105,23.22244633,68.86751566,0.9591143782,139.4579344,6.499462128,297.9004517,0,90.42637634,9.999999747e-05,9.999999747e-05,107971.5938,17.80894852,3.760636793
199.6000061,180.0526812,85.15070056,23.22244633,70.27202755,0.9616833358,139.4579344,6.49798584,297.9473572,0,91.1545639,9.999999747e-05,46.63162613,108002.8438,17.83134651,3.757829741
199.8000031,180.0526812,85.15070056,23.22244633,70.248662,0.9407157296,139.4579344,6.49777317,297.9026184,0,92.48300171,9.999999747e-05,9.999999747e-05,108034.4453,17.66077042,3.794616051
200,180.0526812,85.15070056,23.22244633,69.50723858,0.8880946146,139.4579344,6.497503281,297.9444885,0,93.88980103,9.999999747e-05,44.61966705,108066.2344,17.20631599,3.725734238
200.1999969,180.0526812,85.15070056,23.22244633,70.3896904,0.9199276743,140.2544074,6.497835159,297.8971558,0,95.40875244,9.999999747e-05,9.999999747e-05,108098.4922,17.48335075,3.706797025
200.3999939,180.0526812,85.15070056,23.22244633,70.3896904,0.9168554339,139.4579344,6.497898102,297.9375305,0,96.79276276,9.999999747e-05,45.23288345,108130.7578,17.45167732,3.62714701
200.6000061,180.0526812,85.15070056,23.22244633,70.3896904,0.9225403762,139.4579344,6.498375416,297.8876343,0,98.15431213,9.999999747e-05,9.999999747e-05,108163.2734,17.50001907,3.603838383
200.8000031,180.0526812,85.15070056,23.22244633,70.31884062,0.9658073624,149.0420794,6.498328209,297.927887,0,99.32284546,9.999999747e-05,47.53570938,108197.8672,17.86617279,3.522728835
201,180.0526812,85.15070056,23.22244633,70.3896904,0.9437324563,139.4579344,6.499639511,297.8771362,0,100.5133057,9.999999747e-05,9.999999747e-05,108230.8203,17.68114281,3.576838561
201.1999969,180.0526812,85.15070056,23.22244633,70.3896904,0.9506090101,139.4579344,6.501982212,297.9264221,0,101.1730957,9.999999747e-05,49.8493576,108263.9922,17.74699402,3.634135004
201.3999939,180.0526812,85.15070056,23.22244633,70.3896904,0.9479488507,139.4579344,6.504230022,297.8772888,0,100.8966446,9.999999747e-05,9.999999747e-05,108297.1016,17.72611237,3.637327851
201.6000061,180.0526812,85.15070056,23.22244633,70.3896904,0.9723633155,139.4579344,6.50607872,297.9307251,0,99.72476196,9.999999747e-05,51.59675598,108329.9766,17.93402481,3.644076298
201.8000031,180.0526812,85.15070056,23.22244633,68.6664826,0.9429499196,139.4579344,6.506846905,297.8819885,0,97.81447601,9.999999747e-05,9.999999747e-05,108362.4297,17.6710453,3.620399711
202,180.0526812,85.15070056,23.22244633,70.3896904,0.9482828773,139.4579344,6.506883144,297.9359741,0,95.59901428,9.999999747e-05,51.5716095,108394.4453,17.72955132,3.630371745
202.1999969,180.0526812,85.15070056,23.22244633,70.3896904,0.993717562,145.8660458,6.506828785,297.888855,0,93.36814117,9.999999747e-05,9.999999747e-05,108427.4297,18.1254921,3.697036209
202.3999939,180.0526812,85.15070056,23.22244633,68.57889641,0.9807064291,139.4579344,6.505010605,297.940094,0,91.15699768,9.999999747e-05,49.84631348,108458.5234,17.98959351,3.616312537
202.6000061,180.0526812,85.15070056,23.22244633,69.6152955,0.9544815092,139.4579344,6.502756119,297.893219,0,89.67855072,9.999999747e-05,9.999999747e-05,108489.3281,17.7757988,3.613223626
202.8000031,180.0526812,85.15070056,23.22244633,69.32865541,0.9422010858,139.4579344,6.500101566,297.940918,0,89.09771729,9.999999747e-05,48.22668076,108519.9766,17.66785431,3.579136313
203,180.0526812,85.15070056,23.22244633,68.06101593,0.9095786728,139.4579344,6.498329639,297.8943481,0,89.57866669,9.999999747e-05,9.999999747e-05,108550.7812,17.38844299,3.614670711
203.1999969,180.0526812,85.15070056,23.22244633,68.71304185,0.9349818083,139.4579344,6.497119904,297.940094,0,90.76419067,9.999999747e-05,47.02676392,108581.8281,17.60911369,3.600624533
203.3999939,180.0526812,85.15070056,23.22244633,70.32136437,0.9737041818,139.4579344,6.496678829,297.8925781,0,92.43457794,9.999999747e-05,9.999999747e-05,108613.2109,17.94944382,3.588418471
203.6000061,180.0526812,85.15070056,23.22244633,67.91411702,0.9405638675,139.4579344,6.496995449,297.937439,0,94.28053284,9.999999747e-05,47.17196655,108644.9688,17.65355301,3.573473417
203.8000031,180.0526812,85.15070056,23.22244633,70.3896904,0.9514362146,139.4579344,6.496983528,297.8868408,0,95.9998703,9.999999747e-05,9.999999747e-05,108676.9375,17.75630379,3.479074218
204,180.0526812,85.15070056,23.22244633,69.32555708,0.9429121154,139.4579344,6.498671532,297.9342957,0,97.72753143,9.999999747e-05,49.02645111,108709.375,17.68659401,3.548765081
204.1999969,180.0526812,85.15070056,23.22244633,69.28856808,0.9462137127,139.4579344,6.500691414,297.8848572,0,98.77336884,9.999999747e-05,9.999999747e-05,108742.0234,17.71547699,3.541112683
204.3999939,180.0526812,85.15070056,23.22244633,70.3896904,0.9368614602,139.4579344,6.502778053,297.9332886,0,99.01564789,9.999999747e-05,49.72214127,108774.7188,17.6456604,3.538686312
204.6000061,180.0526812,85.15070056,23.22244633,69.36178424,0.9548013687,163.0647713,6.504189014,297.8786926,0,98.42404938,9.999999747e-05,9.999999747e-05,108812.1016,17.80600739,3.518916524
204.8000031,180.0526812,85.15070056,23.22244633,70.3896904,0.9318125394,139.4579344,6.504914284,297.932373,0,97.27055359,9.999999747e-05,52.75666046,108844.3672,17.59961891,3.487686793
205,180.0526812,85.15070056,23.22244633,70.3896904,0.9367264488,139.4579344,6.503889084,297.8802795,0,95.82704163,9.999999747e-05,9.999999747e-05,108876.1797,17.63178825,3.389284763
205.1999969,180.0526812,85.15070056,23.22244633,70.3896904,0.9337092712,139.4579344,6.501792908,297.9311523,0,94.79701233,9.999999747e-05,52.99768829,108907.6953,17.60068703,3.323296319
205.3999939,180.0526812,85.15070056,23.22244633,70.3896904,0.9086351065,139.4579344,6.498957634,297.8763428,0,94.60340881,9.999999747e-05,9.999999747e-05,108939.0625,17.38369179,3.25398049
205.6000061,180.0526812,85.15070056,23.22244633,70.3896904,0.9208373301,139.4579344,6.497449875,297.928833,0,95.54301453,9.999999747e-05,53.89562225,108970.6953,17.49416351,3.31660576
205.8000031,180.0526812,85.15070056,23.22244633,69.48550331,0.9064900293,139.4579344,6.495461941,297.8729858,0,97.07891846,9.999999747e-05,9.999999747e-05,109002.5,17.36004448,3.220781432
206,180.0526812,85.15070056,23.22244633,70.31802902,0.8989228608,139.4579344,6.494579792,297.9254761,0,99.41574097,9.999999747e-05,55.28375626,109034.7812,17.30517578,3.225427627
206.1999969,180.0526812,85.15070056,23.22244633,69.91224832,0.9652235723,139.4579344,6.494754314,297.8688965,0,102.1003494,9.999999747e-05,9.999999747e-05,109067.5938,17.86382294,3.223535721
206.3999939,180.0526812,85.15070056,23.22244633,70.16301247,0.936034342,139.4579344,6.495602131,297.9219666,0,104.7151947,9.999999747e-05,56.32829285,109100.8906,17.62008476,3.199546944
206.6000061,180.0526812,85.15070056,23.22244633,70.3896904,0.9219077512,139.4579344,6.495871544,297.8617859,0,106.9921188,9.999999747e-05,9.999999747e-05,109134.5078,17.49584007,3.099230973
206.8000031,180.0526812,85.15070056,23.22244633,70.35953522,0.9258906556,139.4579344,6.496535301,297.9164124,0,109.1654205,9.999999747e-05,58.96221924,109168.5156,17.52916908,3.072439101
207,180.0526812,85.15070056,23.22244633,70.3896904,0.940910673,139.4579344,6.498437405,297.8559265,0,111.0699005,9.999999747e-05,9.999999747e-05,109202.9531,17.66156578,3.114693979
207.1999969,180.0526812,85.15070056,23.22244633,68.80719199,0.9287025797,139.4579344,6.501363277,297.9153137,0,112.2109146,9.999999747e-05,60.61854553,109237.6719,17.5539093,3.164356423
207.3999939,180.0526812,85.15070056,23.22244633,70.3896904,0.9438365212,139.4579344,6.503708363,297.8551941,0,112.1820984,9.999999747e-05,9.999999747e-05,109272.3359,17.69028473,3.13572521
207.6000061,180.0526812,85.15070056,23.22244633,70.3896904,0.9349865903,142.4078548,6.506661415,297.9176025,0,111.2203827,9.999999747e-05,61.84852219,109307.5,17.62493134,3.208934061
207.8000031,180.0526812,85.15070056,23.22244633,70.3896904,0.9354414988,139.4579344,6.509367466,297.8609009,0,109.0737152,9.999999747e-05,9.999999747e-05,109341.6797,17.63035393,3.255786145
208,180.0526812,85.15070056,23.22244633,70.3896904,0.9264898279,145.7598681,6.511459351,297.9232178,0,105.8473587,9.999999747e-05,60.44301224,109376.5781,17.56351089,3.310812849
208.1999969,180.0526812,82.35935609,25.22222998,65.28075783,0.9663326973,170.4485865,6.511692524,297.8640747,0,101.7854538,9.999999747e-05,9.999999747e-05,109415.3281,17.87219429,3.332631132
208.3999939,180.0526812,85.15070056,23.22244633,70.3896904,0.9342964705,141.4206159,6.51107502,297.9299927,0,97.63434601,9.999999747e-05,60.51500702,109447.7266,17.62719345,3.351464729
208.6000061,180.0526812,85.15070056,23.22244633,69.27350247,0.9228744768,139.4579344,6.509738445,297.8801575,0,93.72720337,9.999999747e-05,9.999999747e-05,109479.0469,17.52629662,3.413208175
208.8000031,180.0526812,85.15070056,23.22244633,70.12231601,0.9165470717,139.4579344,6.507101059,297.9393616,0,90.35426331,9.999999747e-05,55.40762329,109509.7031,17.47790909,3.411699872
209,180.0526812,85.15070056,23.22244633,70.3896904,0.9400408793,139.4579344,6.503442287,297.8901367,0,88.03826904,9.999999747e-05,9.999999747e-05,109539.875,17.67579269,3.38785972
209.1999969,180.0526812,85.15070056,23.22244633,70.3896904,0.9249522322,139.4579344,6.499166012,297.9407043,0,87.18486786,9.999999747e-05,51.54156876,109569.8438,17.54453468,3.338768612
209.3999939,180.0526812,85.15070056,23.22244633,70.3896904,0.9362293867,139.4579344,6.495779991,297.8908997,0,88.040802,9.999999747e-05,9.999999747e-05,109600.0391,17.64364624,3.356351515
209.6000061,180.0526812,83.7125816,23.22244633,66.84969694,0.9407748588,139.4579344,6.493207932,297.9342041,0,90.24617767,9.999999747e-05,49.40223694,109630.2109,17.65672684,3.221717494
209.8000031,180.0526812,85.15070056,23.22244633,69.74732186,0.9799274798,139.4579344,6.491621494,297.8816833,0,93.4805603,9.999999747e-05,9.999999747e-05,109661.4531,18.00669861,3.277537684
210,180.0526812,85.15070056,23.22244633,69.16604266,0.9980356151,139.4579344,6.491017818,297.9253845,0,97.34884644,9.999999747e-05,50.24513245,109693.4297,18.1538868,3.224318505
210.1999969,180.0526812,85.15070056,23.22244633,70.26655773,0.9919048579,165.7107733,6.49249649,297.8659058,0,101.4585419,9.999999747e-05,9.999999747e-05,109731.7031,18.13709259,3.266794338
210.3999939,180.0526812,85.15070056,23.22244633,70.3896904,0.9827935859,139.4579344,6.49448967,297.9180603,0,104.973175,9.999999747e-05,55.60058975,109765.1953,18.03862762,3.194256018
210.6000061,180.0526812,85.15070056,23.22244633,70.3896904,0.9342696654,145.954915,6.497333527,297.8597717,0,107.6954117,9.999999747e-05,9.999999747e-05,109800.5703,17.6362896,3.186883258
210.8000031,180.0526812,85.15070056,23.22244633,70.3896904,0.9510502772,139.4579344,6.500545979,297.9165955,0,109.2790756,9.999999747e-05,58.58772278,109834.8984,17.7741375,3.174642713
211,180.0526812,85.15070056,23.22244633,69.87639554,0.9459510162,139.4579344,6.504114151,297.8596802,0,109.5793304,9.999999747e-05,9.999999747e-05,109869.3047,17.7310791,3.199191575
211.1999969,180.0526812,85.15070056,23.22244633,70.3896904,0.9678972203,170.4485865,6.506173134,297.9112244,0,108.4522629,9.999999747e-05,59.34344864,109909.75,17.93710136,3.148497246
211.3999939,180.0526812,85.15070056,23.22244633,69.71766861,0.9739498573,139.4579344,6.507909775,297.8542786,0,106.5077667,9.999999747e-05,9.999999747e-05,109943.4375,17.96265793,3.165736757
211.6000061,180.0526812,85.15070056,23.22244633,70.25077164,0.979781006,145.3410375,6.508206367,297.9113464,0,103.8648224,9.999999747e-05,59.10988617,109977.7344,18.01639748,3.141021578
211.8000031,180.0526812,80.04453341,23.70732282,67.350995,1.007888028,139.4579344,6.509540558,297.8521423,0,101.106781,9.999999747e-05,9.999999747e-05,110008.9609,18.24268723,2.991041431
212,180.0526812,85.15070056,23.22244633,68.24082449,0.9554161727,164.2826735,6.506923676,297.9105225,0,97.80710602,9.999999747e-05,61.59911346,110045.8125,17.80462837,3.103941369
212.1999969,180.0526812,85.15070056,23.22244633,69.58691981,0.9714317573,139.4579344,6.503577232,297.854248,0,95.57057953,9.999999747e-05,9.999999747e-05,110077.0703,17.92908669,3.091975735
212.3999939,180.0526812,85.15070056,23.22244633,68.88078863,0.976842699,140.150987,6.500566959,297.9169617,0,94.6621933,9.999999747e-05,60.6187706,110108.3359,17.97446251,3.129245749
212.6000061,180.0526812,85.15070056,23.22244633,70.3896904,0.9585441615,139.4579344,6.498505592,297.8630066,0,94.9545517,9.999999747e-05,9.999999747e-05,110139.5859,17.83651924,3.179642711
212.8000031,180.0526812,85.15070056,23.22244633,69.93629469,0.9700975459,141.7998771,6.496732235,297.9231873,0,96.06938171,9.999999747e-05,59.25492096,110171.5156,17.93227386,3.157144519
213,180.0526812,85.15070056,23.22244633,70.3896904,0.943739308,139.4579344,6.49595356,297.8685303,0,97.89568329,9.999999747e-05,9.999999747e-05,110203.3672,17.71477699,3.165620022
213.1999969,180.0526812,85.15070056,23.22244633,70.3896904,0.9318829222,139.4579344,6.495719433,297.9250793,0,100.031189,9.999999747e-05,57.73882675,110235.6172,17.61477089,3.137404455
213.3999939,180.0526812,85.15070056,23.22244633,70.3896904,0.9422919228,139.4579344,6.496906281,297.8699036,0,102.2617035,9.999999747e-05,9.999999747e-05,110268.3906,17.70881653,3.17320019
213.6000061,180.0526812,85.15070056,23.22244633,70.16453849,0.9724159481,161.7641175,6.498494148,297.9198608,0,104.0146332,9.999999747e-05,56.7103653,110306.1016,17.97903252,3.165396683
213.8000031,180.0526812,85.15070056,23.22244633,70.3896904,0.9793812493,139.4579344,6.499845505,297.8628235,0,105.1355362,9.999999747e-05,9.999999747e-05,110339.3984,18.01956749,3.109254242
214,180.0526812,85.15070056,23.22244633,70.3896904,0.9556482474,139.4579344,6.501305103,297.9162903,0,105.7180786,9.999999747e-05,57.04834366,110372.8125,17.82038498,3.101685434
214.1999969,180.0526812,85.15070056,23.22244633,70.3896904,0.9565330559,139.4579344,6.50188303,297.8576965,0,105.7155075,9.999999747e-05,9.999999747e-05,110406.1484,17.8229084,3.042339333
214.3999939,180.0526812,85.15070056,23.22244633,70.3896904,0.9480265742,139.4579344,6.502573013,297.9147644,0,105.4851685,9.999999747e-05,59.41267014,110439.4609,17.75341225,3.054533413
214.6000061,180.0526812,85.15070056,23.22244633,70.3896904,0.9555671219,139.4579344,6.503033638,297.8566284,0,104.9755249,9.999999747e-05,9.999999747e-05,110472.6641,17.81722832,3.052092818
214.8000031,180.0526812,85.15070056,23.22244633,69.97713527,1.001773409,143.4864135,6.502915859,297.9144897,0,104.2827759,9.999999747e-05,60.37790298,110506.5312,18.20503235,3.030436487
215,180.0526812,85.15070056,23.22244633,70.3896904,0.9539436515,139.4579344,6.501832485,297.85495,0,103.6382217,9.999999747e-05,9.999999747e-05,110539.3594,17.796978,2.973938547
215.1999969,180.0526812,85.15070056,23.22244633,69.8694256,0.9530688563,139.4579344,6.500767708,297.9143982,0,103.4283142,9.999999747e-05,61.33414459,110572.1406,17.78698349,2.974105162
215.3999939,180.0526812,85.15070056,23.22244633,70.3896904,0.9756144411,139.4579344,6.499812126,297.8549194,0,103.6411972,9.999999747e-05,9.999999747e-05,110604.9531,17.9811058,2.971515463
215.6000061,180.0526812,77.18092564,24.32603099,67.28270258,1.01700418,139.4579344,6.500710964,297.9100342,0,104.2359848,9.999999747e-05,61.71598053,110635.8594,18.31988525,2.677419071
215.8000031,180.0526812,84.90402689,23.22244633,70.3896904,1.00920144,139.616851,6.500195503,297.8502502,0,104.4656219,9.999999747e-05,9.999999747e-05,110668.7891,18.26672745,2.960445983
216,180.0526812,85.15070056,23.22244633,70.0370014,0.961008097,139.4579344,6.499589443,297.9099731,0,104.9120102,9.999999747e-05,61.66333008,110701.8203,17.85794449,2.965427229
216.1999969,180.0526812,85.15070056,23.22244633,70.3896904,0.9424793606,139.4579344,6.499183655,297.8500977,0,105.5965652,9.999999747e-05,9.999999747e-05,110734.9766,17.70497704,2.958841708
216.3999939,180.0526812,85.15070056,23.22244633,70.3896904,0.9370536396,139.4579344,6.499979019,297.913147,0,106.4424744,9.999999747e-05,62.87364578,110768.3828,17.66659164,3.016456684
216.6000061,180.0526812,85.15070056,23.22244633,70.3896904,0.9143805146,158.543392,6.501392365,297.8515015,0,106.9668884,9.999999747e-05,9.999999747e-05,110805.8594,17.49418259,3.055044926
216.8000031,180.0526812,85.15070056,23.22244633,70.3896904,0.927935963,139.4579344,6.502758026,297.9172668,0,106.927887,9.999999747e-05,63.95788193,110839.3984,17.59513664,3.045375888
217,180.0526812,85.15070056,23.22244633,70.3896904,0.9190568266,139.656431,6.504346371,297.860199,0,106.3448029,9.999999747e-05,9.999999747e-05,110872.9141,17.5240593,3.074886648
217.1999969,180.0526812,85.15070056,23.22244633,70.3896904,0.956445703,140.5246091,6.505330563,297.921936,0,105.1254654,9.999999747e-05,61.52503204,110906.3359,17.83950043,3.066464619
217.3999939,180.0526812,81.24309443,23.57297091,69.15763717,1.013078134,139.4579344,6.5065341,297.8620605,0,103.5151215,9.999999747e-05,9.999999747e-05,110938.1719,18.313591,2.906618709
217.6000061,180.0526812,83.7457423,23.22244633,70.3896904,0.9755783585,139.4579344,6.50624752,297.9217834,0,101.4207764,9.999999747e-05,60.99050522,110970.2031,18.00081635,2.981557579
217.8000031,180.0526812,85.15070056,23.22244633,70.3896904,0.9960880821,144.7622847,6.504992008,297.8648071,0,99.44662476,9.999999747e-05,9.999999747e-05,111003.3359,18.17494583,3.05739411
218,180.0526812,85.15070056,23.22244633,70.3896904,0.9784939789,139.4579344,6.504362106,297.9251404,0,97.97303772,9.999999747e-05,59.06609726,111035.2109,18.03138542,3.134043777
218.1999969,180.0526812,85.15070056,23.22244633,70.3896904,0.9669439556,139.4579344,6.502149105,297.8696594,0,96.74614716,9.999999747e-05,9.999999747e-05,111066.7188,17.92489243,3.045545271
218.3999939,180.0526812,85.15070056,23.22244633,70.3896904,0.9547194399,139.4579344,6.500117302,297.9259338,0,96.41183472,9.999999747e-05,57.79262161,111098.1797,17.82387161,3.052293768
218.6000061,180.0526812,83.8168666,23.22244633,67.88068897,0.9377834509,139.4579344,6.499364376,297.8704224,0,96.88457489,9.999999747e-05,9.999999747e-05,111129.4375,17.67251968,3.035244044
218.8000031,180.0526812,85.15070056,23.22244633,69.35744531,0.9438664101,159.2817461,6.497174263,297.9189453,0,97.65486908,9.999999747e-05,56.6351738,111165.1562,17.73693085,2.994757286
219,180.0526812,85.15070056,23.22244633,70.3896904,0.926196543,139.4579344,6.495696068,297.8617859,0,99.31002808,9.999999747e-05,9.999999747e-05,111197.1406,17.58181,2.979844227
219.1999969,180.0526812,85.15070056,23.22244633,70.3896904,0.9556124984,139.4579344,6.49618721,297.9156799,0,101.5495377,9.999999747e-05,56.91648865,111229.6953,17.83995438,3.050537167
219.3999939,180.0526812,85.15070056,23.22244633,70.3896904,0.9400597097,139.4579344,6.498811245,297.8618164,0,103.5883713,9.999999747e-05,9.999999747e-05,111262.8203,17.72099876,3.141086547
219.6000061,180.0526812,85.15070056,23.22244633,70.3896904,0.9288021774,139.4579344,6.502523422,297.9194031,0,104.5768051,9.999999747e-05,57.26150513,111296.2344,17.63358879,3.191419676
219.8000031,180.0526812,82.50295831,23.22244633,67.94125136,0.944875194,139.4579344,6.507779121,297.8660278,0,104.0836105,9.999999747e-05,9.999999747e-05,111328.9141,17.7680912,3.153541135
220,180.0526812,85.15070056,23.22244633,70.3896904,0.9453993291,139.4579344,6.510810375,297.9255066,0,101.4865112,9.999999747e-05,57.20697021,111361.8125,17.78064156,3.2437776
220.1999969,180.0526812,85.15070056,23.22244633,68.99549675,0.9702571129,139.4579344,6.511846066,297.8751221,0,97.6893158,9.999999747e-05,9.999999747e-05,111393.8984,17.97678566,3.219566505
220.3999939,180.0526812,85.15070056,23.22244633,69.26101698,0.9098772835,154.4833392,6.510484219,297.9270935,0,93.477211,9.999999747e-05,54.96064758,111428.1484,17.47299004,3.174638556
220.6000061,180.0526812,85.15070056,23.22244633,66.95048716,0.9065026569,159.1422379,6.506986141,297.8717651,0,89.81138611,9.999999747e-05,9.999999747e-05,111462.5156,17.42386436,3.114850749
220.8000031,180.0526812,85.15070056,23.22244633,69.83956901,0.9168125156,139.4579344,6.50261116,297.9263611,0,87.54399109,9.999999747e-05,55.24353027,111492.3438,17.51443863,3.08363392
221,180.0526812,85.15070056,23.22244633,70.3896904,0.9800744586,139.4579344,6.497177124,297.8726196,0,87.02274323,9.999999747e-05,9.999999747e-05,111521.9219,18.04261017,2.985142962
221.1999969,180.0526812,85.15070056,23.22244633,70.37246385,0.9403294693,139.4579344,6.492415428,297.9240723,0,88.67577362,9.999999747e-05,55.25321198,111551.7969,17.70692825,2.955374391
221.3999939,180.0526812,85.15070056,23.22244633,69.52618639,0.9208346031,139.4579344,6.488761902,297.8677979,0,92.22790527,9.999999747e-05,9.999999747e-05,111582.3359,17.53583908,2.911380649
221.6000061,180.0526812,85.15070056,23.22244633,70.3896904,0.9526397992,139.4579344,6.487543583,297.9191589,0,97.2397995,9.999999747e-05,56.18073654,111613.9375,17.81718826,2.936009154
221.8000031,180.0526812,85.15070056,23.22244633,70.3896904,0.9684130449,139.4579344,6.489650726,297.8637085,0,102.7346497,9.999999747e-05,9.999999747e-05,111646.7812,17.01643562,3.017287284
222,180.0526812,85.15070056,23.22244633,70.3896904,0.9144548577,139.4579344,6.492553711,297.914917,0,107.3836365,9.999999747e-05,56.72986603,111680.4766,16.48912621,2.957723827
222.1999969,180.0526812,85.15070056,23.22244633,70.3896904,0.8908217651,139.4579344,6.494519234,297.8534241,0,110.8793106,9.999999747e-05,9.999999747e-05,111714.6719,16.28400612,2.820631437
222.3999939,180.0526812,85.15070056,23.22244633,70.3896904,0.8722796738,139.4579344,6.49845314,297.9091797,0,113.5945282,9.999999747e-05,60.56368256,111749.5,16.12775421,2.885633297
222.6000061,180.0526812,85.15070056,23.22244633,70.05400285,0.8582043236,159.923286,6.502340317,297.8442993,0,114.7265778,9.999999747e-05,9.999999747e-05,111788.7266,16.0301075,2.877825559
222.8000031,180.0526812,85.15070056,23.22244633,70.3896904,0.8480991173,139.4579344,6.506039619,297.9074402,0,114.3102112,9.999999747e-05,64.54360962,111823.6406,15.91836548,2.875203759
223,180.0526812,85.15070056,23.22244633,70.3896904,0.8527619833,139.4579344,6.508145332,297.8460693,0,112.4146347,9.999999747e-05,9.999999747e-05,111858.0781,15.94815636,2.826236979
223.1999969,180.0526812,85.15070056,23.22244633,70.3896904,0.8789483782,170.4485865,6.508738995,297.905426,0,109.6814194,9.999999747e-05,64.97396851,111898.2656,16.20385742,2.808427162
223.3999939,180.0526812,85.15070056,23.22244633,70.30867975,0.8461131164,139.4579344,6.507566452,297.8434448,0,106.7106476,9.999999747e-05,9.999999747e-05,111931.3828,15.8783884,2.747320649
223.6000061,180.0526812,85.15070056,23.22244633,70.3896904,0.8908708721,139.4579344,6.505977154,297.9065247,0,104.2097855,9.999999747e-05,64.73954773,111964.0078,16.2477932,2.771016893
223.8000031,180.0526812,85.15070056,23.22244633,70.3896904,0.8479159888,139.4579344,6.503532887,297.8456116,0,102.3404388,9.999999747e-05,9.999999747e-05,111996.2109,15.87805748,2.751379298
224,180.0526812,85.15070056,23.22244633,70.3896904,0.8459294936,139.4579344,6.50075531,297.908905,0,101.450119,9.999999747e-05,64.9258194,112028.2031,15.8545866,2.739564568
224.1999969,180.0526812,85.15070056,23.22244633,68.94073833,0.914671269,139.4579344,6.498286724,297.8480835,0,101.6693115,9.999999747e-05,9.999999747e-05,112060.2578,16.40980339,2.744928301
224.3999939,180.0526812,85.15070056,23.22244633,70.3896904,0.8690050799,139.4579344,6.495934486,297.9096985,0,102.8737946,9.999999747e-05,64.44368744,112092.5078,16.03868675,2.715473521
224.6000061,180.0526812,85.15070056,23.22244633,70.3896904,0.8997203337,139.4579344,6.493090153,297.8457031,0,105.0198517,9.999999747e-05,9.999999747e-05,112125.0781,16.29128838,2.626157708
224.8000031,180.0526812,85.15070056,23.22244633,70.07958066,0.9126501576,139.4579344,6.49230051,297.9075317,0,108.305603,9.999999747e-05,65.46886444,112158.4062,16.39650154,2.680696149
225,180.0526812,85.15070056,23.22244633,70.3896904,0.8677972412,139.4579344,6.493096352,297.8441772,0,111.8989258,9.999999747e-05,9.999999747e-05,112192.5,16.02287102,2.705412458
225.1999969,180.0526812,85.15070056,23.22244633,70.3896904,0.8532342574,139.4579344,6.494188786,297.9050293,0,115.1751938,9.999999747e-05,65.62960815,112227.2109,15.89829159,2.661548174
225.3999939,180.0526812,85.15070056,23.22244633,70.3896904,0.900227431,139.4579344,6.495880127,297.8405151,0,118.0185547,9.999999747e-05,9.999999747e-05,112262.4766,16.29063225,2.645925523
225.6000061,180.0526812,85.15070056,23.22244633,70.3896904,0.8975778525,156.8043214,6.499031067,297.9026184,0,120.1844559,9.999999747e-05,66.46546173,112301.8281,16.29279137,2.700886862
225.8000031,180.0526812,85.15070056,23.22244633,70.3896904,0.8986574937,139.4579344,6.501185894,297.8381348,0,121.0871887,9.999999747e-05,9.999999747e-05,112337.6953,16.2742157,2.631033334
226,180.0526812,85.15070056,23.22244633,70.3896904,0.8874421898,139.4579344,6.502912998,297.9019775,0,121.1358032,9.999999747e-05,67.24489594,112373.5469,16.17450142,2.610484281
226.1999969,180.0526812,85.15070056,23.22244633,70.3896904,0.8721554299,139.4579344,6.504854679,297.8375244,0,120.4918747,9.999999747e-05,9.999999747e-05,112409.2969,16.04057693,2.638429489
226.3999939,180.0526812,85.15070056,23.22244633,70.3896904,0.9014263302,149.4839466,6.504684448,297.9021912,0,119.0692444,9.999999747e-05,67.80278778,112446.6797,16.29206848,2.55449731
226.6000061,180.0526812,85.15070056,23.22244633,70.3896904,0.9305330017,139.4579344,6.504071236,297.837738,0,117.7222366,9.999999747e-05,9.999999747e-05,112481.7188,16.51646423,2.547442069
226.8000031,180.0526812,85.15070056,23.22244633,70.3896904,0.8822724768,139.4579344,6.503606796,297.9028015,0,116.6152878,9.999999747e-05,67.95648193,112516.5547,16.10577011,2.574857037
227,180.0526812,85.15070056,23.22244633,70.3896904,0.8812869029,170.4485865,6.503101826,297.8378296,0,115.6921082,9.999999747e-05,9.999999747e-05,112557.5938,16.13711548,2.601446071
227.1999969,180.0526812,85.15070056,23.22244633,70.3896904,0.9027246525,153.2110671,6.503032684,297.9030457,0,114.9715805,9.999999747e-05,68.19821167,112594.9844,16.29351234,2.632064119
227.3999939,180.0526812,85.15070056,23.22244633,70.3896904,0.9333202018,170.4485865,6.50429821,297.8380432,0,114.2771759,9.999999747e-05,9.999999747e-05,112635.9062,16.57554054,2.729277268
227.6000061,180.0526812,85.15070056,23.22244633,70.20097314,0.8813453235,170.4485865,6.505602837,297.902832,0,113.0735321,9.999999747e-05,68.1937561,112676.625,16.13772583,2.758121938
227.8000031,180.0526812,85.15070056,23.22244633,70.3896904,0.853087615,147.9973237,6.506883621,297.8405762,0,111.3521576,9.999999747e-05,9.999999747e-05,112712.4219,15.86955357,2.782723551
228,180.0526812,85.15070056,23.22244633,70.3896904,0.8717865802,139.4579344,6.50564909,297.9049072,0,109.1187286,9.999999747e-05,66.75948334,112745.8516,16.00579262,2.673373843
228.1999969,180.0526812,85.15070056,23.22244633,70.3896904,0.9090575562,139.4579344,6.50343895,297.8418579,0,107.3873215,9.999999747e-05,9.999999747e-05,112778.8906,16.31064224,2.639138789
228.3999939,180.0526812,85.15070056,23.22244633,70.3896904,0.8846073981,139.4579344,6.500858784,297.905304,0,106.5350189,9.999999747e-05,66.63098907,112811.75,16.09900856,2.623689989
228.6000061,180.0526812,85.15070056,23.22244633,70.3896904,0.8662391748,139.4579344,6.497525215,297.8409119,0,106.7129364,9.999999747e-05,9.999999747e-05,112844.5547,15.93840027,2.562878446
228.8000031,180.0526812,85.15070056,23.22244633,70.3896904,0.844747951,148.6613957,6.49532938,297.9036255,0,108.2255783,9.999999747e-05,67.00205231,112879.625,15.76933861,2.595677575
229,180.0526812,85.15070056,23.22244633,70.3896904,0.8874436389,161.1417495,6.494587898,297.8388672,0,110.6104202,9.999999747e-05,9.999999747e-05,112917.8047,16.14713669,2.636176306
229.1999969,180.0526812,85.15070056,23.22244633,69.59599286,0.9002121513,170.4485865,6.494813442,297.9017944,0,113.2906189,9.999999747e-05,67.34383392,112958.4531,16.262043,2.642767407
229.3999939,180.0526812,85.15070056,23.22244633,70.3896904,0.8625303371,139.4579344,6.494680882,297.8374023,0,115.8821182,9.999999747e-05,9.999999747e-05,112993.1484,15.91237164,2.561892686
229.6000061,180.0526812,85.15070056,23.22244633,70.3896904,0.9207690739,139.4579344,6.494495392,297.9012451,0,118.5308685,9.999999747e-05,67.56214142,113028.3203,16.39842796,2.510814186
229.8000031,180.0526812,85.15070056,23.22244633,70.3896904,0.8860318712,166.6643649,0,297.8364258,0,121.2528534,9.999999747e-05,9.999999747e-05,113069.5312,16.14428139,-100
