Time Step,Discharge rate,Sugar feed rate,Soil bean feed rate,Aeration rate,Back pressure,Water injection/dilution,pH,Temperature,Acid flow rate,Base flow rate,Cooling water,Heating water,Vessel Weight,Dissolved oxygen concentration,Yield Per Step
0,167.3239656,72.53305133,27.70824173,56.90889026,0.8834165037,138.0644723,6.50562048,298.0452271,0,0,2.965773344,9.999999747e-05,61821.34766,17.1191597,0.05758792837
0.200000003,190.4052733,72.53305133,24.20724449,56.90889026,0.8834165037,138.4603158,6.484972954,298.0129395,0,0,4.662135601,9.999999747e-05,61830.55078,17.11155128,-2.795539649e-05
0.400000006,197.636741,72.53305133,23.7660698,57.14916374,0.8834165037,140.2215463,6.46971035,297.9901428,0,6.598547935,9.999999747e-05,9.999999747e-05,61839.91406,17.09687424,-2.785610318e-05
0.6000000238,188.8801161,74.5896425,23.85898027,57.91485545,0.8998617039,138.0644723,6.463351727,297.9707947,0,19.21837807,9.999999747e-05,9.999999747e-05,61852.79688,17.22328186,-2.795317271e-05
0.8000000119,176.3503578,74.57965735,25.12995541,57.83235701,0.9014513774,148.2506078,6.466670513,297.9544067,0,34.36968994,9.999999747e-05,9.999999747e-05,61873.66406,17.22000504,-2.806282041e-05
1,189.0700124,72.62439543,24.4189916,56.90889026,0.8850677099,144.8358623,6.479418755,297.9417725,0,48.19022369,9.999999747e-05,9.999999747e-05,61893.44531,17.07169151,-2.778781271e-05
1.200000048,176.2785026,72.53305133,25.45753086,56.93868378,0.9058376226,149.8123496,6.495351791,297.973114,0,56.91149139,9.999999747e-05,11.32939816,61918.70703,17.21686554,-2.787827436e-05
1.399999976,177.0119263,74.02709931,25.45948064,56.90889026,0.9266045514,143.2714433,6.513786316,297.9598083,0,59.27936172,8.723285675,1.132939816,61943.45312,17.38573837,-2.777262517e-05
1.600000024,180.2952749,73.9346114,24.92771854,57.57236262,0.9181975123,145.3446093,6.52730751,297.9532776,0,54.27536774,2.886291504,0.113293983,61966.75391,17.29445267,-2.760077303e-05
1.799999952,179.9264064,76.89421799,25.41194915,57.82761311,0.9516551061,145.0512948,6.532889366,297.9539795,0,43.88696289,9.999999747e-05,0.01132939849,61988.83984,17.55908966,-2.752426041e-05
2,180.2373499,77.41679159,25.60112458,57.72091216,0.9635490646,148.0046263,6.528215408,297.958252,0,31.27620506,9.999999747e-05,0.001132939826,62009.02734,17.63704872,-2.749211876e-05
2.200000048,183.0928419,76.38091199,25.01908106,58.49231808,0.9400767288,147.7846437,6.515590191,297.9667664,0,20.54331017,9.999999747e-05,0.0001132939869,62026.04297,17.42892456,-2.747566333e-05
2.400000095,187.7436631,74.35483121,24.50281604,58.15571716,0.9087583674,141.2394697,6.498541355,297.9777832,0,14.85362911,1.344536304,9.999999747e-05,62038.87891,17.13759232,-2.747147021e-05
2.599999905,178.4798115,72.53305133,24.24088753,57.45312258,0.8834165037,140.7526242,6.482691765,297.9900818,0,15.97264671,3.835180521,9.999999747e-05,62053.24609,16.90860367,-2.76685618e-05
2.799999952,172.2799614,74.8803703,25.52510768,56.90889026,0.9158377412,142.1394051,6.471360207,298.0010071,0,23.41336823,7.162623882,9.999999747e-05,62071.47656,17.1474781,-2.781341034e-05
3,183.0368374,72.53305133,24.56802141,56.90889026,0.8888997993,141.2030484,6.467675686,298.0119324,0,35.37571716,10.46887112,9.999999747e-05,62088.96094,16.90333557,-2.769948682e-05
3.200000048,175.4192064,72.53305133,25.07314033,56.90889026,0.8953146462,141.7869746,6.471876144,298.0219421,0,48.80124283,14.19043922,9.999999747e-05,62113.02344,16.93760872,-2.779246369e-05
3.400000095,176.357047,77.32329207,26.00508181,56.90889026,0.9364625324,138.6769102,6.482462406,298.0308228,0,60.54529953,18.01374817,9.999999747e-05,62140.13281,17.26081276,-2.773257158e-05
3.599999905,190.9517615,74.48373975,24.71767204,58.15561123,0.9029011693,144.6594517,6.497395515,298.0396729,0,68.05899048,21.82331657,9.999999747e-05,62166.04297,16.96742058,-2.746254521e-05
3.799999952,179.0828384,75.43909949,25.79656393,57.43819098,0.9169180459,144.9341267,6.511248112,298.0463867,0,69.60559845,25.97024918,9.999999747e-05,62193.94141,17.05430222,-2.753583877e-05
4,168.176484,72.89502249,26.38178416,56.90889026,0.9492345258,147.6709545,6.519737244,298.0501099,0,65.62869263,29.70625687,9.999999747e-05,62223.14844,17.28962326,-2.760856366e-05
4.199999809,183.8019006,76.23514823,26.07625254,57.57998453,0.9701862944,151.6581588,6.522320747,298.0535278,0,58.2702179,32.67603302,9.999999747e-05,62249.28125,17.44189644,-2.735189261e-05
4.400000095,179.4876703,73.98702772,25.28109194,57.23941833,0.9228730947,145.1686048,6.518474102,298.0578308,0,49.88064575,35.70388412,9.999999747e-05,62272.48438,17.01719093,-2.738831574e-05
4.599999905,186.8883068,72.97061438,24.61495952,57.21646687,0.8848125695,139.4366796,6.509723663,298.063324,0,43.03187561,39.175457,9.999999747e-05,62291.19922,16.67183304,-2.729759488e-05
4.800000191,189.5937532,72.53305133,24.58151868,56.90889026,0.8834165037,143.4126284,6.499826431,298.0742493,0,39.67885208,43.21007919,9.999999747e-05,62309.48828,16.64424133,-2.729105733e-05
5,180.6998572,72.53305133,24.83891456,56.90889026,0.8834165037,142.9266095,6.488534927,298.078186,0,40.27281189,49.31072235,9.999999747e-05,62329.57422,16.60441589,-2.744382902e-05
5.199999809,176.988267,72.53305133,25.63278961,56.99903022,0.8841300776,143.2883336,6.47861433,298.0774536,0,45.38423157,53.36507797,9.999999747e-05,62351.59766,16.57036781,-2.751733195e-05
5.400000095,180.3457006,72.53305133,24.53518443,56.90889026,0.8834165037,138.0644723,6.473759651,298.0806885,0,54.4549675,56.01541519,9.999999747e-05,62373.54297,16.53730583,-2.748103283e-05
5.599999905,177.3269671,72.53305133,24.86968574,56.90889026,0.8834165037,138.0644723,6.474375248,298.0849609,0,65.45530701,60.04396439,9.999999747e-05,62398.43359,16.50683784,-2.750873608e-05
5.800000191,170.9003686,72.53305133,25.55226624,56.90889026,0.8834165037,138.0644723,6.480768204,298.0925598,0,76.20774078,64.51767731,9.999999747e-05,62427.02734,16.47937775,-2.75583645e-05
6,188.5325711,72.53305133,24.70991803,56.90889026,0.8834165037,139.3892164,6.489408493,298.0959167,0,84.40137482,70.29749298,9.999999747e-05,62453.76172,16.44423866,-2.726926691e-05
6.199999809,183.3883346,72.53305133,24.9054849,56.90889026,0.8834165037,138.0644723,6.498640537,298.098877,0,89.15019226,74.86806488,9.999999747e-05,62482.27734,16.40864563,-2.726876672e-05
6.400000095,167.3239656,72.53305133,25.74150449,56.90889026,0.8834165037,138.0644723,6.505195141,298.0975952,0,90.21136475,79.45993042,9.999999747e-05,62514.39453,16.36566353,-2.7413775e-05
6.599999905,176.2542514,72.53305133,25.1477384,56.90889026,0.8834165037,138.0644723,6.509490967,298.0993652,0,88.66129303,82.70380402,9.999999747e-05,62544.26172,16.32963753,-2.724067158e-05
6.800000191,167.3239656,72.53305133,26.14614042,56.90889026,0.8834165037,138.0644723,6.507707596,298.0924072,0,85.39174652,86.98673248,9.999999747e-05,62575.34766,16.27740669,-2.731648694e-05
7,167.3239656,72.53305133,26.14602128,56.90889026,0.8834165037,138.0644723,6.502616882,298.0889893,0,82.84837341,88.29489136,9.999999747e-05,62605.88281,16.23365974,-2.729191214e-05
7.199999809,167.3239656,72.53305133,26.41993588,56.90889026,0.8834165037,138.0644723,6.495295048,298.0872803,0,82.33260345,90.63465118,9.999999747e-05,62636.33203,16.18767548,-2.728602623e-05
7.400000095,167.3239656,72.53305133,26.74529314,56.90889026,0.8935527968,138.0644723,6.488232613,298.0906067,0,84.74234009,93.40823364,9.999999747e-05,62667.33984,16.22890472,-2.729215153e-05
7.599999905,177.1658839,72.53305133,25.0457791,56.90889026,0.8834165037,138.0644723,6.484901905,298.1053467,0,89.96908569,97.84333801,9.999999747e-05,62697.19141,16.11140823,-2.717639862e-05
7.800000191,167.3239656,72.53305133,26.85938086,56.90889026,0.8834165037,138.0644723,6.483523846,298.1178894,0,96.51670074,106.3021927,9.999999747e-05,62730.75,16.06275177,-2.731462552e-05
8,167.3239656,72.53305133,25.63325946,56.90889026,0.8834165037,138.0644723,6.483679295,298.1271057,0,103.6209793,114.4638596,9.999999747e-05,62765.53125,16.01751328,-2.731011969e-05
8.199999809,167.3239656,72.53305133,26.34496174,56.90889026,0.8834165037,138.0644723,6.484666348,298.132782,0,110.6643677,121.9766541,9.999999747e-05,62801.87109,15.96534348,-2.729278191e-05
8.399999619,167.3239656,72.53305133,26.76919185,56.90889026,0.8834165037,138.0644723,6.483973503,298.1260681,0,117.3150558,128.6287842,9.999999747e-05,62839.55078,15.90568256,-2.726112717e-05
8.600000381,167.3239656,72.53305133,27.16318979,56.90889026,0.8834165037,138.0644723,6.483428478,298.1225891,0,124.2509918,131.2455444,9.999999747e-05,62878.70312,15.85023689,-2.722387324e-05
8.800000191,167.3239656,72.53305133,27.10385647,56.90889026,0.8834165037,138.0644723,6.485741138,298.1363831,0,131.3992615,134.8313599,9.999999747e-05,62919.40234,15.80267811,-2.720033492e-05
9,167.3239656,72.53305133,27.42837539,56.90889026,0.8834165037,138.0644723,6.487171173,298.1426086,0,137.6134949,144.2097778,9.999999747e-05,62961.40234,15.74319363,-2.718193993e-05
9.199999809,167.3239656,72.53305133,26.46041926,56.90889026,0.8834165037,138.0644723,6.487757683,298.1470337,0,143.2677612,151.3726196,9.999999747e-05,63004.36328,15.68598366,-2.71580954e-05
9.399999619,167.3239656,72.53305133,27.39039467,56.90889026,0.8834165037,138.0644723,6.487309933,298.1502686,0,148.6873474,158.1934204,9.999999747e-05,63048.58984,15.6214056,-2.713570392e-05
9.600000381,167.3239656,72.53305133,27.91154515,56.90889026,0.8834165037,138.0644723,6.487652779,298.1680908,0,154.2866364,164.7947083,9.999999747e-05,63094.13672,15.56140423,-2.712756319e-05
9.800000191,167.3239656,72.53305133,27.81145335,56.90889026,0.8834165037,138.0644723,6.486233711,298.1743164,0,159.7429047,176.5554047,9.999999747e-05,63139.92188,15.4926939,-2.712454056e-05
10,167.3239656,72.53305133,27.93806748,56.90889026,0.8834165037,138.0644723,6.484331131,298.1856384,0,165.7751617,184.8746948,9.999999747e-05,63186.98828,15.42518616,-2.712046583e-05
10.19999981,167.3239656,72.53305133,27.35161595,56.90889026,0.8834165037,138.0644723,6.481534481,298.1949463,0,172.5643311,195.2693634,9.999999747e-05,63235.33203,15.35592556,-2.712286557e-05
10.39999962,167.3239656,72.53305133,27.93806748,56.90889026,0.8834165037,138.0644723,6.478795528,298.2171936,0,180.4736633,205.3548737,9.999999747e-05,63285.47656,15.28376484,-2.713852395e-05
10.60000038,167.3239656,72.53305133,27.93806748,56.90889026,0.8834165037,138.0644723,6.475408077,298.2393799,0,189.4755402,220.2745667,9.999999747e-05,63337.49219,15.2086277,-2.71688241e-05
10.80000019,167.3239656,72.53305133,27.93806748,56.90889026,0.8834165037,138.0644723,6.470991611,298.2527771,0,199.8345795,235.9028625,9.999999747e-05,63391.61719,15.12886715,-2.719429203e-05
11,167.3239656,72.53305133,27.93806748,56.90889026,0.8834165037,138.0644723,6.46541214,298.2521057,0,211.9616394,249.3379974,9.999999747e-05,63448.17578,15.04511642,-2.720200564e-05
11.19999981,167.3239656,72.53305133,27.93806748,56.90889026,0.8834165037,138.0644723,6.459191799,298.2601624,0,225,258.4873047,9.999999747e-05,63507.42969,14.96111774,-2.720904638e-05
11.39999962,167.3239656,72.53305133,27.93806748,56.90889026,0.8834165037,138.0644723,6.451291561,298.2669067,0,225,270.7213745,9.999999747e-05,63566.67188,14.86996174,-2.722906198e-05
11.60000038,167.3239656,72.53305133,27.93806748,56.90889026,0.8834165037,138.0644723,6.442297935,298.2904968,0,225,282.7481079,9.999999747e-05,63625.96875,14.77668285,-2.727243257e-05
11.80000019,167.3239656,72.53305133,27.93806748,56.90889026,0.8834165037,138.0644723,6.431895256,298.2964172,0,225,300.8449402,9.999999747e-05,63685.21875,14.67714119,-2.732171575e-05
12,167.3239656,72.53305133,27.93806748,56.90889026,0.8834165037,138.0644723,6.420859337,298.32547,0,225,313.5993652,9.999999747e-05,63744.53516,14.57581997,-2.738288163e-05
12.19999981,167.3239656,72.53305133,27.93806748,56.90889026,0.8834165037,138.0644723,6.409065723,298.3545837,0,225,334.6989441,9.999999747e-05,63803.87109,14.46933174,-2.747239327e-05
12.39999962,167.3239656,72.53305133,27.93806748,56.90889026,0.8834165037,138.0644723,6.396856308,298.4060059,0,225,356.7314758,9.999999747e-05,63863.28906,14.35882473,-2.758941801e-05
12.60000038,167.3239656,73.11250652,27.93806748,57.06697293,0.8834165037,138.0644723,6.38414669,298.4616089,0,225,387.5435791,9.999999747e-05,63922.91406,14.24603653,-2.773775515e-05
12.80000019,167.3239656,72.53305133,27.93806748,56.90889026,0.8834165037,138.0644723,6.370871544,298.4987793,0,225,421.5738831,9.999999747e-05,63982.36328,14.12263012,-2.787565385e-05
13,167.3239656,72.53305133,27.93806748,56.90889026,0.8834165037,138.0644723,6.357008457,298.5083618,0,225,451.2822876,9.999999747e-05,64041.76953,13.99819088,-2.797036374e-05
13.19999981,167.3239656,72.53305133,27.93806748,56.90889026,0.8834165037,138.0644723,6.34284687,298.5269165,0,225,473.0157471,9.999999747e-05,64101.19531,13.86913109,-2.805009258e-05
13.39999962,167.3239656,72.53305133,27.93806748,56.90889026,0.8834165037,138.0644723,6.328134537,298.5148315,0,225,498.4109802,9.999999747e-05,64160.55859,13.73748684,-2.811079682e-05
13.60000038,167.3239656,72.53305133,27.93806748,56.90889026,0.8834165037,138.0644723,6.313319206,298.5235596,0,225,513.8614502,9.999999747e-05,64219.94922,13.6008997,-2.816527686e-05
13.80000019,167.3239656,72.53305133,27.93806748,56.90889026,0.8834165037,138.0644723,6.298840523,298.5900879,0,225,536.2664185,9.999999747e-05,64279.44922,13.45854282,-2.830404358e-05
14,167.3239656,72.53305133,27.93806748,56.90889026,0.8834165037,138.0644723,6.284180164,298.619873,0,225,578.788147,9.999999747e-05,64338.90625,13.31968021,-2.846572975e-05
14.19999981,167.3239656,72.53305133,27.93806748,56.90889026,0.8834165037,138.0644723,6.269882679,298.6629028,0,225,610.6958008,9.999999747e-05,64398.39844,13.18434048,-2.860496535e-05
14.39999962,167.3239656,72.53305133,27.93806748,56.90889026,0.8834165037,138.0644723,6.25699091,298.7309265,0,225,648.5633545,9.999999747e-05,64457.95703,13.09188366,-2.878356002e-05
14.60000038,167.3239656,72.53305133,27.93806748,56.90889026,0.8834165037,138.0644723,6.261036873,298.6324158,0,225,696.5698242,9.999999747e-05,64517.54297,15.15337181,6.138762466e-05
14.80000019,168.3238796,72.53305133,27.93806748,59.91483521,0.9206053696,138.7999964,6.305944443,298.1908264,0,225,689.4768677,9.999999747e-05,64577.30859,15.64834785,0.01219140042
15,174.9066312,72.53305133,27.89307712,61.22529766,0.9642045634,152.7952362,6.347415924,297.8953552,0,225,561.586853,9.999999747e-05,64638.71484,16.03874397,0.0154688466
15.19999981,169.7596557,74.04610823,27.93806748,58.04711854,0.9629281614,150.0794383,6.384619713,299.8717346,0,225,168.476059,560.7589722,64700.875,15.96718979,0.01101650894
15.39999962,171.7691738,76.79044856,27.93806748,58.83261883,0.9818892971,149.051836,6.416938305,299.362915,0,225,848.6179199,56.07589722,64763.02734,16.09337997,0.006004460671
15.60000038,178.0996515,72.53305133,27.93806748,60.42164013,0.981028284,155.8853427,6.447388172,298.8022766,0,225,728.43927,5.607589722,64824.28125,16.18070984,0.02024133492
15.80000019,177.2166705,72.53305133,27.93806748,60.0103036,0.9725560236,155.4086634,6.473987103,298.4916687,0,225,589.9468994,0.5607590079,64886.00391,16.09284019,0.01876546588
16,181.5396038,74.19400307,26.73483404,60.44492041,0.9863847291,153.7117712,6.496941566,298.3080139,0,225,517.0762329,0.05607589707,64946.98828,16.21417809,0.01829320628
16.20000076,174.9502015,74.71905584,27.26942335,59.96021445,0.989932431,154.7696371,6.516135693,298.1654053,0,225,474.4863586,0.005607589614,65009.89453,16.22002983,0.01643580794
16.39999962,173.9315116,75.15136048,27.42158357,59.04605411,0.9919307128,155.0673908,6.531759262,298.0872803,0,219.0762329,438.2106018,0.0005607589846,65072.17188,16.20889473,0.01433889766
16.60000038,174.2956345,75.20847588,27.93806748,58.66916763,0.9741008999,155.8036547,6.544184208,298.0306396,0,206.9027405,418.530304,9.999999747e-05,65132.20312,16.03640747,0.01367171095
16.79999924,171.0394674,73.68733343,27.93806748,57.58656727,0.9680643827,154.173627,6.554833889,297.9782104,0,189.7582855,402.8470459,9.999999747e-05,65188.65625,15.99044895,0.02111765485
17,167.3239656,73.94141824,27.93806748,57.80007944,0.9606988425,148.5708193,6.548601151,297.925415,0.5191666484,94.87914276,386.3286743,9.999999747e-05,65225.41016,15.88838291,0.02628837308
17.20000076,167.3239656,72.53305133,27.54894215,56.90889026,0.8883001865,138.0644723,6.53606081,299.4465637,0,76.01325989,115.8985977,403.968811,65255.38281,15.27886868,0.03685956699
17.39999962,167.3239656,72.53305133,27.93806748,56.90889026,0.8834165037,138.0644723,6.516087055,299.2519836,0,62.13021088,638.2962646,40.3968811,65282.36328,15.21352577,0.03522649275
17.60000038,167.3239656,72.53305133,27.93806748,56.90889026,0.8905145893,138.0644723,6.494202137,298.9881287,0,56.24074554,613.9990845,4.03968811,65308.19141,15.26323795,0.0415287344
17.79999924,167.3239656,72.53305133,27.88788851,57.42777292,0.919369413,138.0644723,6.476745605,298.7855835,0,59.08778763,571.3787231,0.403968811,65334.66797,15.50648499,0.04748997208
18,167.3239656,72.53305133,27.75230359,59.30667076,0.9159861966,138.0644723,6.468023777,298.647583,0,68.89685059,540.5350952,0.04039688036,65363.20703,15.4993124,0.05217182678
18.20000076,167.3239656,72.53305133,27.93806748,56.90889026,0.8834165037,138.0644723,6.468402386,298.5605164,0,82.17999268,523.8995361,0.004039688036,65394.56641,15.18395615,0.05187842312
18.39999962,167.3239656,72.53305133,27.93806748,56.90889026,0.8834165037,138.0644723,6.474350929,298.4466858,0,95.30986023,519.1828613,0.0004039687919,65428.53906,15.1928091,0.06435908504
18.60000038,167.3239656,72.53305133,27.93806748,56.90889026,0.8834165037,138.0644723,6.483815193,298.3554993,0,106.0712128,501.5890808,9.999999747e-05,65464.73828,15.19259548,0.07091037343
18.79999924,167.3239656,72.53305133,27.93806748,57.29753702,0.9072112559,138.0644723,6.494408131,298.2912598,0,113.0530624,487.7263794,9.999999747e-05,65502.40234,15.39452934,0.07525665068
19,167.3239656,72.53305133,27.93806748,56.90889026,0.9158013579,138.0644723,6.504332066,298.2277527,0,115.8053741,479.5788269,9.999999747e-05,65540.625,15.46069336,0.08464894914
19.20000076,167.3239656,72.53305133,27.93806748,56.90889026,0.8906828396,138.0644723,6.512780666,298.1818542,0,114.5939102,469.0768738,9.999999747e-05,65578.625,15.24250793,0.09103447634
19.39999962,167.3239656,72.53305133,27.93806748,56.90889026,0.9100300754,138.0644723,6.518584251,298.1019592,0,110.0057449,462.2549744,9.999999747e-05,65615.60938,15.40850925,0.1128288566
19.60000038,167.3239656,72.53305133,27.93806748,56.90889026,0.8873039685,138.0644723,6.522175312,298.0851135,0,103.1001205,441.8529358,9.999999747e-05,65651.3125,15.19834137,0.1088484982
19.79999924,167.3239656,72.53305133,27.93806748,56.90889026,0.8834165037,138.0644723,6.523099422,298.1178589,0,94.75669861,440.468811,9.999999747e-05,65685.4375,15.14503479,0.1034272296
20,167.3239656,72.53305133,27.2735288,57.51869124,0.9091825242,138.0644723,6.520487309,298.1113281,0,86.0454483,455.0804749,9.999999747e-05,65717.58594,15.38644409,0.1398152225
20.20000076,167.3239656,72.53305133,27.93806748,56.90889026,0.8964745686,138.0644723,6.513898849,298.1040649,0,78.38208008,457.0044861,9.999999747e-05,65748.29688,15.2441597,0.1390692153
20.39999962,167.3239656,72.53305133,27.93806748,56.90889026,0.8834165037,138.0644723,6.505337715,298.1055298,0,73.35581207,458.7249146,9.999999747e-05,65778.01562,15.12415695,0.1500823451
20.60000038,167.3239656,72.53305133,27.93806748,56.90889026,0.8834165037,138.0644723,6.496015549,298.0759583,0,71.74775696,463.1855469,9.999999747e-05,65807.34375,15.12504387,0.1792441328
20.79999924,167.3239656,72.53305133,27.93806748,56.90889026,0.8834165037,138.0644723,6.488439083,298.0348816,0,73.86473083,456.9291382,9.999999747e-05,65837.09375,15.12528419,0.2067302669
21,167.3239656,72.53305133,27.93806748,56.90889026,0.8834165037,138.0644723,6.48388195,297.9785767,0,79.00411987,445.8305359,9.999999747e-05,65867.86719,15.12934017,0.2407228164
21.20000076,167.3239656,72.53305133,27.93806748,56.90889026,0.8834165037,138.0644723,6.483024597,297.9226379,0,85.96214294,428.0213013,9.999999747e-05,65900.05469,15.13222885,0.2711994164
21.39999962,167.3239656,72.53305133,27.93806748,56.90889026,0.8834165037,138.0644723,6.486298084,299.551239,0,93.26049805,128.4063873,446.1956177,65933.57031,15.12564087,0.2630134582
21.60000038,167.3239656,72.53305133,27.93806748,56.90889026,0.8834165037,138.0644723,6.492029667,299.4120178,0,99.24771881,687.7913208,44.61956406,65968.14062,15.11791897,0.2479261624
21.79999924,167.3239656,72.53305133,27.93806748,59.0993132,0.9428180718,138.0644723,6.498095512,299.1384888,0,102.9475632,685.718811,4.461956501,66003.50781,15.64915657,0.2827690486
22,167.3239656,72.53305133,27.93806748,60.7154325,0.9650394083,142.2482716,6.50379324,298.9009399,0,104.2277298,645.3374634,0.4461956322,66040.07812,15.85690784,0.3115987052
22.20000076,174.0079893,72.53305133,27.93806748,60.17350237,0.9589017566,149.4010841,6.508883953,298.7457275,0,103.2312469,608.128418,0.04461956397,66076.69531,15.79245758,0.314966942
22.39999962,168.8637134,72.53305133,27.93806748,58.55892402,0.9504515019,148.6111728,6.512299061,298.6139526,0,100.1992798,590.1548462,0.00446195621,66113.63281,15.69543171,0.3395331578
22.60000038,167.3239656,72.53305133,27.93806748,56.90889026,0.9185098915,139.966573,6.514296055,298.5480957,0,95.80477905,573.8161011,0.0004461956269,66148.33594,15.38259792,0.3374719403
22.79999924,167.3239656,72.53305133,27.93806748,58.1073853,0.9416273182,142.1149411,6.513667583,298.4580994,0,90.61073303,575.1129761,9.999999747e-05,66182.38281,15.59425926,0.3823395389
23,167.3239656,72.53305133,27.93806748,59.37857169,0.9385636555,146.4151997,6.511111259,298.39328,0,85.67205811,565.1074219,9.999999747e-05,66216.35938,15.57961082,0.4034880657
23.20000076,167.3239656,72.53305133,27.66460294,57.04841146,0.8992673209,138.0644723,6.506510258,298.3007507,0,81.7538681,560.5961304,9.999999747e-05,66247.72656,15.21957493,0.4798437434
23.39999962,167.3239656,72.53305133,27.00961048,56.90889026,0.901752674,138.0644723,6.50118494,298.2009277,0,79.67675018,543.9122925,9.999999747e-05,66278.54688,15.25689316,0.5827161964
23.60000038,167.3239656,72.53305133,27.93806748,56.90889026,0.9013465681,138.0644723,6.495728016,298.1176453,0,79.72555542,521.4445801,9.999999747e-05,66309.5625,15.22297096,0.5621706339
23.79999924,167.3239656,72.53305133,27.93806748,56.90889026,0.8834165037,138.0644723,6.491743088,298.0452271,0,81.95514679,500.9955444,9.999999747e-05,66341.0625,15.07042027,0.6046115495
24,167.3239656,72.53305133,27.93806748,56.90889026,0.8890653766,138.0644723,6.49085474,298.0279236,0,85.77345276,481.0424805,9.999999747e-05,66373.46875,15.10614395,0.5998837343
24.20000076,167.3239656,72.53305133,27.93806748,56.90889026,0.8850149886,138.0644723,6.491480827,297.9955139,0,89.94174957,477.3139954,9.999999747e-05,66406.70312,15.07491589,0.6551384479
24.39999962,167.3239656,72.53305133,27.93806748,56.90889026,0.8834165037,138.0644723,6.493997097,297.9914246,0,93.86442566,467.3124695,9.999999747e-05,66440.8125,15.05412006,0.6682218976
24.60000038,167.3239656,72.53305133,27.24909794,57.83501901,0.8976162877,138.0644723,6.497126102,297.962677,0,96.77935028,465.9767151,9.999999747e-05,66475.35938,15.21149731,0.7922954992
24.79999924,167.3239656,72.53305133,27.93806748,56.90889026,0.9047853599,138.0644723,6.499956608,297.9358521,0,98.44676971,455.7657471,9.999999747e-05,66510.375,15.23734283,0.7841738874
25,167.3239656,72.53305133,27.93806748,56.90889026,0.8834165037,138.0644723,6.502658367,299.6107788,0,98.98490906,136.7297211,469.4604187,66545.26562,15.05208111,0.7942284079
25.20000076,167.3239656,72.53305133,27.93806748,56.90889026,0.8834165037,138.0644723,6.505048752,299.4855347,0,98.44174957,712.3745117,46.94604111,66579.83594,15.04377747,0.7752159106
25.39999962,167.3239656,72.53305133,27.93806748,59.34117428,0.9202797961,138.0644723,6.506426334,299.2351379,0,96.94297791,717.0089111,4.694604397,66614.17188,15.38443279,0.8314951728
25.60000038,167.3239656,72.53305133,27.93806748,60.62457341,0.9408676486,138.0644723,6.507256031,299.0534668,0,94.89564514,687.2756348,0.4694604278,66648.23438,15.56259155,0.8464195312
25.79999924,167.3239656,72.53305133,27.93806748,59.90614995,0.9453074028,143.7218162,6.506804943,298.8850098,0,92.51495361,672.7918701,0.04694604129,66683.02344,15.59131527,0.9063452334
26,168.8835233,72.53305133,27.93806748,59.44708408,0.9613204954,145.1610411,6.505342007,298.7357483,0,90.31706238,655.536377,0.004694604315,66717.39062,15.71795368,0.9643248643
26.20000076,167.3239656,72.53305133,27.93806748,60.55613841,0.9523550338,143.7650471,6.502737045,298.5757751,0,88.70366669,638.4923096,0.000469460414,66751.46875,15.65885925,1.054645697
26.39999962,167.3619331,72.53305133,27.93806748,59.20817392,0.9368514469,145.6335375,6.499807835,298.4296265,0,88.13275146,612.0146484,9.999999747e-05,66785.83594,15.51127434,1.126036959
26.60000038,167.3239656,72.53305133,27.93806748,57.85338963,0.9446864689,144.201454,6.497292519,298.3069763,0,88.73095703,584.3866577,9.999999747e-05,66820.10156,15.55616951,1.183969471
26.79999924,167.3239656,72.53305133,27.86881063,57.98437434,0.9082505717,138.0644723,6.494445801,298.1454163,0,90.33273315,559.2744141,9.999999747e-05,66853.35938,15.26051807,1.326595403
27,167.3239656,72.53305133,27.93806748,56.90889026,0.8984627009,138.0644723,6.492266655,297.9915161,0,93.07572174,515.9725342,9.999999747e-05,66887.20312,15.16690445,1.416715825
27.20000076,167.3239656,72.53305133,27.59352041,56.90889026,0.8834165037,138.0644723,6.492434025,297.9005432,0,96.6870575,469.5430908,9.999999747e-05,66921.85938,15.04338646,1.466897033
27.39999962,167.3239656,72.53305133,27.93806748,56.90889026,0.8846458224,138.0644723,6.493564129,299.5574341,0,100.2259293,140.8629303,478.2499084,66957.05469,15.04310989,1.462927621
27.60000038,167.3239656,72.53305133,27.93806748,56.90889026,0.8995108242,138.0644723,6.495126247,299.3034363,0,103.3171005,709.4419556,47.82499313,66992.625,15.1734724,1.502786467
27.79999924,167.3239656,72.53305133,27.93806748,60.10344153,0.9446077249,138.0644723,6.497102261,298.965332,0,105.7851562,667.7854004,4.782499313,67028.82031,15.59718513,1.57511405
28,169.4838868,72.53305133,27.09130927,59.76684569,0.9468412646,139.6134739,6.499545097,298.684082,0,107.4628296,601.9222412,0.4782499075,67065.19531,15.63756943,1.726326179
28.20000076,167.3239656,72.53305133,27.93806748,59.23178267,0.9452437459,141.4751427,6.501523972,298.4718323,0,108.1630096,543.6271362,0.04782499373,67102.82031,15.5894165,1.686113742
28.39999962,167.7336603,72.53305133,27.93806748,59.35435653,0.9585119594,146.2701969,6.503246307,298.3148193,0,108.0746689,498.1644287,0.00478249928,67141.42188,15.70238686,1.718179655
28.60000038,167.3239656,72.53305133,27.32592868,58.01179845,0.9418957467,140.1332485,6.504673958,298.1894836,0,107.2968597,463.2779846,0.0004782499163,67178.64062,15.55505085,1.827564609
28.79999924,170.446281,72.98312176,27.54664,59.95113106,0.9715121171,147.2325881,6.505753994,298.1242981,0,105.9481277,433.0289612,9.999999747e-05,67216.69531,15.81062984,1.771150286
29,167.3239656,73.84806212,26.70483126,59.17701161,0.9304145602,141.4335972,6.505653858,298.0467834,0,104.1674652,418.5820312,9.999999747e-05,67253.89844,15.46348286,1.877846432
29.20000076,167.3239656,72.53305133,27.93806748,57.69560136,0.9063983788,138.0644723,6.505299091,298.0145874,0,102.429718,396.9901123,9.999999747e-05,67290.00781,15.21054268,1.849795992
29.39999962,167.3239656,72.53305133,27.93806748,56.90889026,0.8988779473,138.0644723,6.504843235,298.0151367,0,100.8309479,388.2160339,9.999999747e-05,67325.86719,15.12293243,1.850356712
29.60000038,167.3239656,72.53305133,27.93806748,56.90889026,0.8995973776,138.0644723,6.503397942,297.9938049,0,99.41409302,389.1959534,9.999999747e-05,67361.38281,15.13137627,1.930743816
29.79999924,167.3239656,72.53305133,27.93806748,56.90889026,0.8836999928,138.0644723,6.501604557,297.9720459,0,98.57810974,382.4030151,9.999999747e-05,67396.72656,14.99500084,1.985949547
30,167.3239656,72.53305133,27.86578512,56.90889026,0.8834165037,138.0644723,6.499614716,297.9429626,0,98.45759583,374.8251648,9.999999747e-05,67432.00781,14.99542332,2.056768167
30.20000076,167.3239656,72.53305133,27.93806748,56.90889026,0.8924434795,138.0644723,6.497369766,299.3093567,0,99.1325531,112.4475555,389.5272217,67467.14844,15.07380295,2.114413102
30.39999962,167.3239656,72.53305133,27.93806748,56.90889026,0.8834165037,138.0644723,6.496934414,299.2171021,0,100.7055511,581.9359741,38.95272064,67502.53906,14.98208904,2.066597039
30.60000038,167.3239656,72.53305133,27.93806748,59.27713696,0.9639753761,138.0644723,6.496767998,299.0031738,0,102.4461212,588.9589233,3.895272255,67538.32031,15.6968317,2.131330121
30.79999924,167.3239656,72.53305133,27.93806748,59.84440606,0.9490090838,141.721304,6.496720791,298.7868652,0,104.2581558,561.4922485,0.3895272017,67575.24219,15.58545113,2.205362415
31,167.3239656,72.53305133,27.93806748,59.58857868,0.9685447666,142.5600874,6.496427059,298.5634766,0,106.0893784,526.0835571,0.03895272315,67612.71094,15.75607872,2.29365588
31.20000076,169.6433105,72.53305133,27.93806748,60.2889999,0.9704489753,149.2254766,6.496617794,298.3811951,0,108.039444,480.14151,0.003895272268,67651.53125,15.7886467,2.339746889
31.39999962,169.2604928,72.53305133,27.93806748,58.29617132,0.9547951627,148.8644292,6.497207642,298.2333069,0,109.9107437,440.064209,0.0003895272093,67690.8125,15.63087463,2.381546373
31.60000038,167.3239656,72.53305133,27.30423264,57.42060301,0.9275160664,140.6809284,6.498510361,298.1174316,0,111.5463104,404.7079163,9.999999747e-05,67729.09375,15.39978123,2.461655964
31.79999924,167.3239656,72.53305133,27.91160349,57.8776812,0.9261046071,138.0644723,6.49941206,298.020752,0,112.6597137,374.5897522,9.999999747e-05,67767.20312,15.37499809,2.462576362
32,167.5891962,72.53305133,27.26873455,56.90889026,0.9242505348,143.1837697,6.500750542,297.9495239,0,113.4160538,346.5095215,9.999999747e-05,67806.40625,15.3659153,2.531942177
32.20000076,167.3239656,72.53305133,27.93806748,56.94461305,0.9262574432,144.1266152,6.501711845,299.1834106,0,113.6343079,103.952858,353.8032837,67845.875,15.35975456,2.501935835
32.40000153,167.3239656,72.53305133,27.93806748,57.28821105,0.9346886847,138.0644723,6.502278805,299.0266418,0,113.4707413,528.2844238,35.38032913,67883.86719,15.43084908,2.526380345
32.59999847,167.3239656,72.53305133,27.93806748,59.21525742,0.9515831729,139.0360239,6.501904964,298.7558594,0,113.0803833,509.3245239,3.53803277,67921.96875,15.60701656,2.589160779
32.79999924,167.3239656,72.53305133,27.93806748,58.67385984,0.9667549542,143.9762422,6.502264977,298.5823669,0,112.8413773,455.572113,0.353803277,67961.25,15.71771336,2.592908512
33,167.3239656,72.53305133,27.93806748,59.35691004,0.9499583816,144.6960719,6.50275135,298.4618835,0,112.4529877,426.1007385,0.03538032994,68000.71094,15.57844448,2.607913323
33.20000076,167.3239656,72.53305133,27.93806748,58.80920041,0.9517859734,144.5351696,6.503608227,298.4091187,0,111.8720016,407.6656189,0.003538032761,68040.19531,15.57045364,2.599677559
33.40000153,167.3239656,72.53305133,27.71299653,56.90889026,0.9339623811,143.5096422,6.504028797,298.3491516,0,110.9474945,407.6869202,0.0003538032761,68079.22656,15.39782333,2.654978894
33.59999847,167.3239656,72.53305133,27.93806748,58.33526891,0.9265271297,138.0644723,6.504060268,298.3055725,0,109.8572464,402.7372131,9.999999747e-05,68117.00781,15.33815384,2.666455206
33.79999924,167.3239656,72.53305133,27.93806748,56.90889026,0.9274803669,141.5531562,6.503658772,298.262085,0,108.7543488,401.2440796,9.999999747e-05,68155.28125,15.32516479,2.700332321
34,167.3239656,72.53305133,27.93806748,57.41657684,0.9308843602,141.9274022,6.503127575,298.2341003,0,107.8122711,398.0280151,9.999999747e-05,68193.48438,15.35516548,2.723769954
34.20000076,167.3239656,72.53305133,27.93806748,57.77769986,0.946145858,139.7772382,6.502317905,298.2009583,0,107.0816727,398.5313416,9.999999747e-05,68231.09375,15.48565388,2.760184652
34.40000153,167.3239656,72.53305133,27.93806748,57.31672344,0.9138555487,139.5623515,6.501425266,298.1698303,0,106.6754227,396.0827332,9.999999747e-05,68268.58594,15.20302868,2.791930614
34.59999847,167.3239656,72.53305133,27.93806748,56.90889026,0.8878706274,138.0644723,6.500394821,298.1285706,0,106.6256866,393.132843,9.999999747e-05,68305.73438,14.97678185,2.830284361
34.79999924,167.3239656,72.53305133,27.93806748,56.90889026,0.8834165037,138.0644723,6.499390602,298.08255,0,106.988327,385.4978943,9.999999747e-05,68342.94531,14.93929291,2.865272542
35,167.3239656,72.53305133,27.90035409,58.75188627,0.9346993984,138.0644723,6.498398304,298.0248413,0,107.7521439,374.7469788,9.999999747e-05,68380.28125,15.40292549,2.904027118
35.20000076,167.3239656,72.53305133,27.93806748,56.9109591,0.9330867639,144.6750877,6.498166561,298.0027771,0,108.9129028,358.2837219,9.999999747e-05,68419.3125,15.35871887,2.917542732
35.40000153,167.3239656,72.53305133,27.93806748,56.90889026,0.9261189975,143.9683461,6.497956753,297.9648743,0,110.1638107,352.0383606,9.999999747e-05,68458.40625,15.30440331,2.9520443
35.59999847,167.3239656,72.53305133,27.93806748,56.90889026,0.895827003,138.0644723,6.49843502,297.9567566,0,111.5010757,339.2236328,9.999999747e-05,68496.65625,15.03534126,2.969424791
35.79999924,167.3239656,72.53305133,27.8787717,56.90889026,0.9010495472,138.0644723,6.499205112,297.9570618,0,112.6447906,335.3936157,9.999999747e-05,68535.16406,15.07680321,2.994338035
36,167.3239656,72.53305133,27.93806748,57.36394719,0.915056584,138.0644723,6.500053883,297.9637451,0,113.4817429,333.9342957,9.999999747e-05,68573.875,15.19584751,3.014369008
36.20000076,167.3239656,73.75463288,27.8217402,57.91622264,0.9285851133,144.7777771,6.500561714,297.9897461,0,113.9798203,334.6324768,9.999999747e-05,68614.46094,15.3000679,2.994987168
36.40000153,167.3239656,72.53305133,27.64921785,57.97952544,0.9313544843,142.0929965,6.501691341,298.0189209,0,114.2761078,342.1963806,9.999999747e-05,68654.21094,15.34203148,3.065470181
36.59999847,167.3239656,72.53305133,27.93806748,56.90889026,0.9143989754,141.0710922,6.502412796,298.0433044,0,114.1175232,351.6789856,9.999999747e-05,68693.77344,15.17052841,3.07858404
36.79999924,168.8940195,72.53305133,27.81625013,58.100273,0.9445804595,146.9486261,6.502980709,298.0705261,0,113.6737137,360.5793457,9.999999747e-05,68734.125,15.44801426,3.105742036
37,167.3239656,72.53305133,27.93806748,57.41597301,0.9359661813,139.358064,6.503117561,298.0768127,0,113.001915,371.4182129,9.999999747e-05,68773.07812,15.35547829,3.130159836
37.20000076,167.3239656,72.53305133,27.90711769,57.65016421,0.9289684635,138.0644723,6.503093719,298.0872192,0,112.276268,376.0236206,9.999999747e-05,68811.63281,15.29393768,3.154160574
37.40000153,168.5897548,72.53305133,27.93806748,59.09050764,0.9675417598,150.4296133,6.502569675,298.0671692,0,111.5592499,382.4437561,9.999999747e-05,68852.25,15.65690994,3.180922994
37.59999847,170.5153562,72.53305133,27.93806748,58.53117644,0.9650862094,152.2630705,6.501748562,298.0283203,0,111.0530472,378.7171326,9.999999747e-05,68892.70312,15.63423347,3.205525171
37.79999924,167.3239656,72.53305133,27.93806748,58.53741366,0.9452937489,150.6684061,6.500730038,297.9784241,0,110.874588,367.9920044,9.999999747e-05,68933.39844,15.47002697,3.226947762
38,167.3239656,72.53305133,27.93806748,58.37271587,0.9572794509,144.2083936,6.500022888,297.9477539,0,111.1032944,352.125946,9.999999747e-05,68972.86719,15.55877876,3.247648142
38.20000076,167.3239656,72.53305133,27.93806748,58.10737709,0.9534071005,147.6256446,6.499409676,299.1679077,0,111.6132431,105.6377869,359.2958984,69012.91406,15.52659798,3.259143624
38.40000153,167.3239656,72.53305133,27.93806748,57.42692048,0.9493808437,142.4011962,6.499388218,299.1077881,0,112.369072,524.8624878,35.92958832,69051.9375,15.46950054,3.270115238
38.59999847,167.3239656,72.53305133,27.4171163,60.27797626,0.950636245,144.5830868,6.499855995,298.945343,0,113.1319733,538.767395,3.592958927,69091.50781,15.53770542,3.305343988
38.79999924,169.5708163,72.53305133,27.93806748,59.7548732,0.9761229676,148.6024477,6.500079632,298.8001404,0,113.7079849,524.7191162,0.3592959046,69131.73438,15.73207474,3.314676094
39,167.3239656,72.53305133,27.93806748,59.95371515,0.9626882453,148.1750758,6.499929905,298.6168213,0,114.1968613,511.2943115,0.03592959046,69172.36719,15.63068581,3.330017248
39.20000076,167.3239656,72.53305133,27.92404624,60.19780971,0.9682558906,146.3708906,6.49980402,298.4491577,0,114.7461853,479.1440735,0.003592958907,69212.76562,15.68173409,3.347410918
39.40000153,169.3799491,72.53305133,27.93806748,59.63824724,0.9880046202,153.901286,6.499735355,298.304657,0,115.3444901,445.8045349,0.0003592958965,69254.44531,15.84862423,3.3645566
39.59999847,174.6233972,72.53305133,27.82969215,59.33608672,0.9704053561,154.5173819,6.500167847,298.2106934,0,115.9701996,414.0462036,9.999999747e-05,69295.40625,15.69489574,3.390675647
39.79999924,167.3239656,72.53305133,27.64430252,59.50344559,0.9512179117,145.6138619,6.500968933,298.1595459,0,116.4213867,394.1403198,9.999999747e-05,69336.19531,15.52476025,3.417721181
40,167.3239656,72.53305133,27.93806748,59.13467691,0.9658355621,152.9976225,6.501438141,298.118042,0,116.5525818,385.0987549,9.999999747e-05,69378.61719,15.64077854,3.430776967
40.20000076,174.18641,72.53305133,27.93806748,58.48482934,0.9765478364,157.7854916,6.501769066,298.0741577,0,116.4983215,377.1520996,9.999999747e-05,69420.58594,15.72866917,3.446451125
40.40000153,172.6847548,72.53305133,27.93806748,58.96470317,0.9749963931,157.7022611,6.501714706,298.0065613,0,116.3111877,366.7489929,9.999999747e-05,69462.74219,15.73078537,3.452225768
40.59999847,170.8256072,72.53305133,27.93806748,59.27698748,0.9823204269,154.4592777,6.501508236,297.9430237,0,116.1464844,346.5394897,9.999999747e-05,69504.5625,15.79661274,3.463223057
40.79999924,177.3822608,74.26281182,27.49745531,60.37835333,0.9714796163,158.7920043,6.500964165,299.1456604,0,116.0636902,103.9618454,360.0961914,69546.17969,15.70892811,3.468245775
41,174.5455158,74.7469853,27.93806748,58.67570223,0.9880276222,160.0767692,6.499875546,299.0372009,0,116.199234,517.2075806,36.00962067,69588.67188,15.80913353,3.461010197
41.20000076,169.5210659,72.53305133,27.93806748,60.39105653,0.9899536971,151.0671035,6.499904633,298.8129883,0,116.7707672,513.7288818,3.600961924,69629.83594,15.87900639,3.488960645
41.40000153,181.9287728,72.53305133,27.93806748,60.47852351,0.9998046256,158.8900164,6.499577522,298.5690918,0,117.3253098,476.0888062,0.3600961864,69670.14844,15.98083782,3.485034093
41.59999847,172.7070658,72.53305133,27.93806748,59.88712757,0.9956173929,161.2319626,6.499462605,298.3786926,0,118.0154343,424.1088867,0.03600962088,69713.04688,15.94111347,3.501023648
41.79999924,175.3158766,72.53305133,27.93806748,59.69277671,0.9874069713,159.3804789,6.49957943,298.2278442,0,118.7497253,381.5975037,0.003600961994,69755.23438,15.86940575,3.514865798
42,172.2670689,72.53305133,27.93806748,58.25550649,0.9878543026,159.2042953,6.500185013,298.1337891,0,119.4371643,345.1766968,0.0003600961936,69798.28125,15.84807205,3.544672999
42.20000076,169.9477274,73.01739199,27.93806748,59.75701128,0.971220328,149.3469766,6.500644684,298.0634155,0,119.8815994,322.4059143,9.999999747e-05,69840.04688,15.71194267,3.558494211
42.40000153,167.8840897,72.53305133,27.93806748,59.54238841,0.9726608977,152.7697362,6.501050472,297.9875183,0,120.1440811,303.8467712,9.999999747e-05,69882.8125,15.73644543,3.558511677
42.59999847,167.3239656,72.53305133,27.93806748,58.81678153,0.9674881353,152.2591241,6.501766682,297.9534912,0,120.2440262,280.5714111,9.999999747e-05,69925.71875,15.67491722,3.591062616
42.79999924,172.3986472,72.53305133,27.93806748,58.71430082,0.9652141181,153.6772202,6.502285004,297.9217224,0,120.0563965,268.9277954,9.999999747e-05,69967.83594,15.65719986,3.599264372
43,167.3239656,72.53305133,27.93806748,57.79458508,0.9685269375,156.5305364,6.502247334,298.8766479,0,119.662941,80.6783371,285.6054382,70011.25,15.68135071,3.58456973
43.20000076,167.3239656,72.53305133,27.93806748,57.5857728,0.9778254668,161.2160193,6.502269268,298.785675,0,119.2857437,407.4298096,28.56054306,70055.4375,15.75991344,3.600449685
43.40000153,167.4019116,72.53305133,27.22656994,60.81604017,0.9517736415,148.6944501,6.502903461,298.635376,0,118.8977814,401.7576599,2.856054306,70096.90625,15.59035873,3.616806446
43.59999847,167.3239656,72.53305133,27.93806748,58.9389786,0.9744692049,154.6355298,6.502023697,298.4510803,0,118.2542953,380.0505676,0.2856054306,70139.50781,15.75197124,3.594022885
43.79999924,169.5377989,72.53305133,27.93806748,59.48757782,0.9858274509,153.8359635,6.500809193,298.284668,0,117.9697189,341.4267578,0.02856054343,70181.42969,15.8589468,3.587874228
44,173.2792506,72.53305133,27.64448492,60.54500865,0.9797850627,155.3923843,6.500174999,298.1594238,0,118.1672821,302.3054504,0.002856054343,70222.95312,15.83178043,3.601413632
44.20000076,171.4020701,73.33921092,27.80784794,59.76638411,0.98515915,157.8790651,6.499059677,298.059082,0,118.6154861,271.0258484,0.0002856054343,70265.72656,15.85638618,3.611472672
44.40000153,170.6943263,72.53305133,27.93806748,59.5033109,0.9665310881,154.0491044,6.498599052,297.9805603,0,119.5133286,243.3227081,9.999999747e-05,70307.85938,15.70148373,3.614726653
44.59999847,173.1946426,72.53305133,27.93806748,58.96231111,0.988335297,161.6136277,6.498643875,297.9265137,0,120.5916443,219.1976013,9.999999747e-05,70351.30469,15.88609791,3.632258055
44.79999924,171.0290427,73.562202,27.66497427,59.09495948,0.974995493,153.0037263,6.498346329,298.6981506,0,121.6524582,65.75927734,230.4740295,70393.6875,15.76541042,3.623394748
45,172.6904586,72.53305133,27.93806748,58.28593725,0.9876532606,162.7653916,6.499024391,298.6005249,0,122.8350067,329.6245728,23.04740334,70437.69531,15.8765316,3.641770333
45.20000076,179.0562395,72.53305133,27.93806748,60.59350935,0.9908497845,159.9790254,6.499899864,298.4542847,0,123.7420502,316.3356628,2.304740191,70480.03906,15.93593693,3.650875901
45.40000153,174.3840907,73.200198,27.93806748,59.11843117,0.9853775185,159.2893624,6.500989437,298.3605042,0,124.3014297,289.1391907,0.230474025,70523.66406,15.85336018,3.700253648
45.59999847,171.9740795,72.53305133,27.93806748,58.48681659,0.9852589859,162.1726574,6.50275898,298.3235474,0,124.4247971,274.9187622,0.0230474025,70568.42969,15.84496784,3.759851846
45.79999924,180.2137772,72.53305133,27.93806748,59.11571686,0.9943931046,164.6186153,6.504172802,298.2840576,0,123.8388062,276.3857727,0.00230474025,70611.89844,15.93620205,3.768658083
46,175.5616117,72.53305133,27.93806748,59.03450038,1.002982889,163.9004375,6.504956245,298.2286377,0,122.6906891,275.1698303,0.0002304740337,70655.89062,16.01248741,3.757460232
46.20000076,167.7691358,76.62287406,27.41920127,60.91947401,0.9677873328,153.6050444,6.503273964,298.1643982,0,121.2300491,266.9986267,9.999999747e-05,70700.02344,15.69545555,3.753880598
46.40000153,177.5329592,73.45400485,27.42305901,59.79962592,0.9806889994,160.0301773,6.502944946,298.0873108,0,120.44841,253.8265228,9.999999747e-05,70742.39062,15.84294605,3.724941297
46.59999847,182.2449002,72.53305133,27.50511612,60.20638081,0.9908598993,162.5375331,6.503144741,298.0333862,0,119.7861252,233.8831787,9.999999747e-05,70784,15.94581509,3.739678182
46.79999924,173.9558805,74.4030914,27.85241239,59.86043174,0.9874699356,158.9112221,6.5022645,298.0174255,0,119.0465622,219.1328125,9.999999747e-05,70827.10938,15.86824322,3.797211902
47,173.7000962,72.53305133,27.93806748,58.49664996,0.9798688502,162.6549595,6.501759529,297.9756165,0,118.6642838,215.2770996,9.999999747e-05,70870.35156,15.8210907,3.75565706
47.20000076,173.5418578,74.82202671,27.225042,59.65108162,0.9746254413,155.5244754,6.50075531,297.9499207,0,118.4792404,201.6259308,9.999999747e-05,70912.64062,15.77364254,3.777664856
47.40000153,171.3582478,73.96647918,27.57060873,59.1331308,0.9722130324,156.0301208,6.500511169,298.6670227,0,118.6987762,60.48777771,208.9013062,70955.33594,15.74376297,3.807747
47.59999847,167.3239656,72.53305133,27.93806748,58.49590761,0.9883489897,157.2174029,6.500879288,298.6314392,0,119.01194,306.2072144,20.890131,70998.72656,15.88222504,3.808433112
47.79999924,181.0632579,72.53305133,27.93806748,59.64410586,0.9991683949,164.4015514,6.501300812,298.5343018,0,119.1781845,313.5646667,2.0890131,71040.83594,16.00022507,3.818609386
48,175.3577633,75.75820407,27.75754834,60.17758261,0.993959844,158.7704213,6.500064373,298.4432373,0,119.1776657,303.9953003,0.2089013159,71083.82812,15.92136002,3.84550179
48.20000076,175.526996,73.62533275,27.93806748,60.5866854,0.9956473224,164.0523677,6.500197411,298.3678284,0,119.677269,293.3435059,0.02089013159,71127.49219,15.97139454,3.85465711
48.40000153,175.8851086,73.15294969,27.93806748,60.68010301,0.9954840558,162.1477065,6.500571728,298.2902527,0,120.1138382,284.6341858,0.002089013113,71170.64062,15.9803381,3.84665636
48.59999847,177.5898257,72.53305133,27.93806748,59.46864084,0.9980648374,167.4285204,6.501113415,298.2095337,0,120.4042892,272.2338562,0.0002089013142,71214.38281,16.00487709,3.832841758
48.79999924,172.2247893,76.80831505,27.02235804,59.59191399,0.9789012754,156.5495909,6.500193119,298.1540222,0,120.4783401,255.8488159,9.999999747e-05,71258.07031,15.79992962,3.875082968
49,177.680309,72.53305133,27.93806748,59.19001388,0.9948090192,165.8483047,6.501199245,298.1112976,0,120.9258118,245.159317,9.999999747e-05,71301.6875,15.97169971,3.874856389
49.20000076,181.1137919,72.56666497,27.93806748,59.40594272,0.9963913101,160.9252877,6.502259254,298.0848389,0,120.9598694,236.6141205,9.999999747e-05,71343.65625,15.98171425,3.897849067
49.40000153,178.494796,74.6821456,27.4683513,60.41163742,0.9824030024,163.8531654,6.502310753,298.0651245,0,120.5758972,231.9788513,9.999999747e-05,71387.21094,15.86629105,3.923060771
49.59999847,177.6707242,72.7049327,27.93806748,59.58652231,0.9921536806,167.0312284,6.503004074,298.0508728,0,120.1748123,228.552597,9.999999747e-05,71431.07812,15.95565891,3.928314237
49.79999924,172.9161422,76.76775114,26.7810235,61.1103534,0.9698765709,156.1500604,6.502212524,298.0437927,0,119.4910126,226.2246399,9.999999747e-05,71474.46094,15.75284004,3.957134694
50,174.8082767,72.53305133,27.93806748,59.09502678,0.9890472682,162.0442693,6.50276041,298.0288391,0,119.1307297,225.8018799,9.999999747e-05,71517.625,15.92174053,3.935582192
50.20000076,178.8263105,72.53305133,27.93806748,59.04956616,1.000566745,166.0295192,6.503188133,298.0202332,0,118.5422134,222.3355255,9.999999747e-05,71560.6875,16.02324677,3.952464002
50.40000153,177.3668027,73.5350172,27.93806748,58.47408306,0.9939473693,168.3857325,6.502857685,298.0172729,0,117.7872772,220.5610962,9.999999747e-05,71604.67969,15.94952011,3.977082259
50.59999847,175.6960801,72.53305133,27.93806748,58.99193904,1.001868941,166.5164593,6.502961636,298.0115967,0,117.1666641,220.3660583,9.999999747e-05,71648.21875,16.03808784,3.97032658
50.79999924,173.3884268,76.47649011,27.53599227,61.25913325,0.988388406,155.8176062,6.50117588,298.0178528,0,116.5006027,219.0789032,9.999999747e-05,71690.9375,15.90181351,4.017149507
51,176.9257809,72.53305133,27.93806748,58.7978217,0.98738483,167.726862,6.501271248,298.0032043,0,116.5563736,221.7096558,9.999999747e-05,71734.32031,15.91959763,3.97068401
51.20000076,178.6218524,75.01760415,27.93806748,59.77693932,0.9991656315,162.2209601,6.500319004,298.0142822,0,116.5617599,217.2838898,9.999999747e-05,71777.00781,15.99086094,4.03819161
51.40000153,179.695524,73.39741115,27.93806748,59.9754534,0.9983091972,163.3767988,6.500216007,298.000061,0,116.9575958,221.3358459,9.999999747e-05,71819.24219,16.01760864,3.99222547
51.59999847,182.5826068,72.97041373,27.93803717,59.91574681,0.9979164482,168.0658497,6.500526905,297.988678,0,117.3884583,216.8804474,9.999999747e-05,71861.83594,16.02729607,3.998036141
51.79999924,172.9363942,76.66174931,27.37849081,60.71923336,0.9833530344,161.8314835,6.499555588,298.0077515,0,117.6963196,213.059021,9.999999747e-05,71906.23438,15.86987591,4.078516328
52,179.00068,74.62827437,27.4735574,59.29263302,0.9833546788,159.9204444,6.499876499,298.0115356,0,118.3982773,219.3042603,9.999999747e-05,71948.54688,15.8768549,4.050706497
52.20000076,175.326026,73.68665477,27.93806748,60.57932768,0.9877327314,164.5025871,6.500379086,298.0093079,0,118.9634476,220.7537079,9.999999747e-05,71992.46875,15.94240952,4.047244699
52.40000153,173.6214151,74.70008855,27.29681273,61.04433109,0.9864075037,161.1661253,6.501028538,298.0284424,0,119.3312302,220.3890381,9.999999747e-05,72036.40625,15.93317223,4.094534401
52.59999847,178.9867521,73.01078628,27.93806748,59.83333972,0.9952438079,168.7454662,6.502087116,298.0560913,0,119.4392853,227.3542023,9.999999747e-05,72080.53125,16.00531006,4.120686473
52.79999924,177.1334393,74.99332338,27.37098009,60.94241546,0.9869556411,162.682303,6.502318859,298.0838928,0,119.1229935,237.8192444,9.999999747e-05,72124.1875,15.93306351,4.144684115
53,178.155196,75.01361496,27.57544668,61.05178106,0.9960824781,158.5065206,6.502313614,298.1225586,0,118.7181244,249.3068848,9.999999747e-05,72166.79688,15.99898529,4.17951966
53.20000076,179.1393038,72.53305133,27.93806748,59.67926522,1.003925773,168.7454662,6.503277302,298.1405945,0,118.3134384,265.5794067,9.999999747e-05,72210.53906,16.08668518,4.148777214
53.40000153,181.8521271,73.10847868,27.93806748,59.55913034,1.01823426,168.7454662,6.503619194,298.1368408,0,117.5192795,276.1108398,9.999999747e-05,72253.64844,16.20434761,4.133248429
53.59999847,182.3575312,76.72726624,27.32728122,59.86338346,0.9863741874,165.3348669,6.502192497,298.1293335,0,116.5935745,279.9525146,9.999999747e-05,72296.64062,15.9059124,4.163912153
53.79999924,177.7152562,72.53305133,27.93806748,59.95473428,1.004230632,164.5484195,6.502761364,298.1253357,0,116.2423019,282.5204468,9.999999747e-05,72339.32812,16.09833145,4.140817297
54,178.7096069,74.70755815,27.93806748,60.74269493,1.005138301,164.3045173,6.50194025,298.1229858,0,115.6513519,286.052002,9.999999747e-05,72382.24219,16.08987427,4.177130054
54.20000076,180.4418081,74.8814588,27.20850881,60.38686162,0.991514176,160.2963076,6.50173378,298.1286011,0,115.3997192,289.9717102,9.999999747e-05,72423.89844,15.98003864,4.18888111
54.40000153,177.4825372,72.83137082,27.93806748,59.78060264,0.9943618132,164.5107515,6.501974106,298.1087952,0,115.2242126,296.5370178,9.999999747e-05,72466.46094,16.01591301,4.146817416
54.59999847,182.6331566,76.02845828,27.42071922,60.33911095,0.9978229148,168.3115936,6.500821114,298.1011963,0,114.9530945,294.4830933,9.999999747e-05,72509.52344,16.02911758,4.203195337
54.79999924,177.897699,73.89884124,27.93806748,61.03109217,1.001287402,164.3977242,6.500692844,298.0996704,0,115.149147,296.0879211,9.999999747e-05,72552.32812,16.08080292,4.201882331
55,183.472355,73.76987515,27.93806748,59.83409584,1.014540371,168.7454662,6.500792027,298.1120911,0,115.3886871,299.4204712,9.999999747e-05,72594.96094,16.18276978,4.233442876
55.20000076,181.2777114,74.30159169,27.79932159,61.54446009,0.9988050611,158.07721,6.500810146,298.1448059,0,115.5911713,307.4530029,9.999999747e-05,72636.09375,16.05624199,4.275787414
55.40000153,180.9001411,72.53305133,27.93806748,60.12666913,1.013308238,168.7454662,6.50164938,298.1942749,0,115.7873993,322.843689,9.999999747e-05,72679.14844,16.1905117,4.29922865
55.59999847,182.7732368,73.52430119,27.93806748,60.31543531,1.012136934,168.0898616,6.501813889,298.2383728,0,115.6450424,345.0956726,9.999999747e-05,72721.92188,16.17218018,4.319251318
55.79999924,182.5569933,73.43252246,27.43902,60.55386174,1.000111956,165.0214048,6.502446175,298.2436523,0,115.4416656,367.2293396,9.999999747e-05,72763.83594,16.09123802,4.269758487
56,184.3857503,72.53305133,27.93806748,59.97499379,1.01408098,168.1011661,6.503035069,298.243042,0,114.9815979,377.6607056,9.999999747e-05,72805.74219,16.20769501,4.269495977
56.20000076,184.0518285,72.70243278,27.93806748,60.57616868,1.021804647,168.7454662,6.503280163,298.214447,0,114.2875824,386.5422974,9.999999747e-05,72847.67969,16.2862606,4.243511068
56.40000153,185.6885757,73.09385264,27.93806748,60.66776461,1.018688245,168.7454662,6.503083229,298.1763,0,113.4966888,385.7984314,9.999999747e-05,72889.19531,16.26023293,4.240620344
56.59999847,182.1542724,73.38564366,27.93806748,60.99633495,1.018732678,167.6882931,6.502554417,298.1361084,0,112.7848816,380.8956299,9.999999747e-05,72931.14062,16.26358604,4.242799163
56.79999924,185.0706825,73.41081303,27.93806748,60.49920923,1.019079726,168.7454662,6.501969337,298.0948486,0,112.2841721,373.9264832,9.999999747e-05,72972.60156,16.26403427,4.242429868
57,185.2079922,76.54674047,27.33692928,61.46772017,1.001896191,161.1090073,6.500159264,298.0610352,0,112.0167542,365.0957031,9.999999747e-05,73013.1875,16.09971237,4.28427395
57.20000076,179.4224075,74.53082548,27.92723821,61.86693245,1.00391125,163.1704959,6.499275208,298.0177307,0,112.47715,357.2936707,9.999999747e-05,73054.99219,16.1410923,4.252512229
57.40000153,183.3862917,74.37289316,27.93806748,60.72836014,1.014832282,168.7454662,6.498841286,297.9819336,0,113.2840881,344.8993835,9.999999747e-05,73097.27344,16.22949409,4.260652714
57.59999847,185.5530983,73.30227667,27.93806748,60.74561429,1.015780657,168.7454662,6.499423981,297.9627991,0,114.266243,333.5406494,9.999999747e-05,73139.0625,16.25432396,4.267642989
57.79999924,180.8929696,76.70355189,27.44973405,60.71150132,1.007487421,167.6835036,6.498533726,297.941925,0,115.0134277,326.5257874,9.999999747e-05,73182.58594,16.15623283,4.307001038
58,181.1991565,73.2673602,27.78513936,60.2356191,1.012282554,168.3646445,6.49975872,298.9916687,0,116.124649,97.95774078,339.6137695,73225.32031,16.23193169,4.247084767
58.20000076,179.4843765,75.46827597,27.93806748,59.7596381,1.014177218,168.7454662,6.499608517,298.9528198,0,116.7342072,458.0955811,33.96137619,73269.03906,16.21603775,4.27208074
58.40000153,181.6223713,75.54324302,27.88284301,61.71018259,0.9938586482,161.7861227,6.499572277,298.7948303,0,117.415123,474.0057373,3.396137714,73311,16.07082176,4.243985436
58.59999847,182.3657023,72.53305133,27.93806748,61.51075312,1.019851727,164.1157065,6.501095295,298.604248,0,118.1057892,455.5291138,0.3396137655,73352.54688,16.33291245,4.143275106
58.79999924,181.9209924,75.61138884,27.86396026,61.54433722,1.007086598,163.6612595,6.500581264,298.4230347,0,118.1825943,420.7612915,0.03396137804,73394.92969,16.19527817,4.178781529
59,184.9065465,72.53305133,27.93806748,60.755962,1.027946029,168.7454662,6.501675129,298.2534485,0,118.4766693,382.3381653,0.00339613785,73436.96875,16.4066906,4.101711326
59.20000076,184.5710222,77.32214338,27.07208838,61.16726411,1.004948878,163.9298854,6.500424862,298.1051025,0,118.3213959,341.0528564,0.0003396137618,73479.20312,16.1819973,4.151758543
59.40000153,181.1523202,74.24272551,27.93806748,60.34604618,1.01277341,168.7454662,6.500612736,297.9980164,0,118.6791077,300.6427917,9.999999747e-05,73522.59375,16.26006699,4.1465902
59.59999847,185.9981889,74.59204351,27.67134237,60.93699659,1.002796493,164.273444,6.50092268,297.9124146,0,118.9494247,268.7527466,9.999999747e-05,73564.19531,16.18454361,4.147116414
59.79999924,182.3658225,76.30473777,27.11783875,62.33710766,0.997657711,156.5198172,6.500161171,298.7651062,0,119.0999908,80.62581635,285.1725769,73605.07031,16.15093231,4.095306223
60,181.6953996,77.37884583,27.93806748,61.54702879,1.005511538,168.7454662,6.49831295,298.6300659,0,119.5590363,372.1562195,28.51725769,73648.99219,16.19406891,4.139329115
60.20000076,183.2256019,73.0798757,27.93806748,60.67940682,1.012611066,168.7454662,6.49954319,298.4457092,0,120.7573853,347.8675842,2.851725817,73691.73438,16.29513359,4.064303147
60.40000153,184.4374679,76.19880441,27.54392833,60.80880218,1.008700564,167.9966305,6.499845505,298.3117371,0,121.4501648,308.8987427,0.2851725817,73735.14062,16.23802376,4.164281587
60.59999847,178.959651,74.61091252,27.61276065,60.37863516,1.009287776,164.802671,6.50087738,298.1886902,0,122.0348587,280.7849426,0.02851725742,73778.69531,16.2555027,4.116000247
60.79999924,181.317645,76.05530499,27.88522627,61.31507824,1.008015567,168.7454662,6.500846386,298.0927124,0,122.2015686,251.0200806,0.002851725789,73823.10156,16.24322319,4.165170044
61,183.7102076,75.11761242,27.93806748,59.77127625,1.011099683,168.7454662,6.501554966,298.0231323,0,122.3864212,225.910553,0.0002851725731,73866.88281,16.26018143,4.174077713
61.20000076,180.9476627,76.36832733,27.49059877,60.15734227,1.00870534,165.8701174,6.501840115,297.9690857,0,122.2820969,206.1061401,9.999999747e-05,73910.91406,16.24117851,4.190425392
61.40000153,184.2610019,75.53575307,27.93806748,59.88296073,1.016697462,168.7454662,6.50205183,297.9222107,0,122.0673828,188.8423004,9.999999747e-05,73954.64844,16.31202507,4.180353242
61.59999847,184.2483922,74.16828353,27.28338499,60.01832326,1.004470541,165.9123218,6.503243923,298.5476074,0,121.7667923,56.65269089,204.9447784,73997.09375,16.24329948,4.09184024
61.79999924,187.7049602,75.57528856,27.93806748,58.89460818,1.012550181,168.7454662,6.502458572,298.461853,0,120.9860611,269.8496094,20.49447823,74039.59375,16.27393723,4.113126987
62,180.9270033,76.40032079,27.62559162,62.0512636,1.009099033,163.6125052,6.501316071,298.3337708,0,120.5289459,256.1083984,2.049447775,74082.51562,16.28269386,4.114037825
62.20000076,186.5916358,74.15110747,27.93806748,60.1096027,1.024000104,168.7454662,6.501132011,298.2145081,0,120.5238342,229.8820038,0.2049447745,74124.78906,16.41053772,4.065466201
62.40000153,184.8571167,74.28955473,27.81600633,60.05371702,1.00795484,168.7454662,6.500402927,298.1039429,0,120.5879517,202.2115021,0.02049447782,74167.38281,16.28298759,4.023548979
62.59999847,179.7305155,76.84197859,27.30304134,61.60694018,1.001516886,165.1538177,6.49889183,298.0227966,0,120.9486542,173.0129242,0.002049447736,74210.99219,16.23333931,4.0651212
62.79999924,179.5998808,77.2771232,27.06147213,61.33146788,0.9963791862,167.3782152,6.497143269,297.9499512,0,121.9145203,149.745163,0.0002049447794,74255.29688,16.19782448,4.027298506
63,185.4845935,75.09873724,27.87825445,59.71282538,1.01211762,168.7454662,6.497249126,298.4400635,0,123.5780945,44.92354965,161.3314209,74298.54688,16.31851196,4.041018498
63.20000076,189.4660441,75.42561976,27.83035067,59.27008278,1.019831232,168.7454662,6.49717474,298.3449402,0,125.1925812,212.6847076,16.13314247,74341.25,16.38336182,4.008368189
63.40000153,183.7219677,76.24230783,27.50578406,60.3371558,1.015575007,167.6719203,6.497106552,298.222229,0,126.8433533,192.6941681,1.613314152,74385.39844,16.36636353,3.998361147
63.59999847,185.187297,77.431708,26.65999995,62.25142127,1.000913157,161.7354732,6.49760437,298.1229553,0,128.5206451,164.0074768,0.1613314152,74428.55469,16.27238655,3.99320515
63.79999924,182.3835652,77.27473642,27.06145801,60.2569555,0.9997797521,168.7454662,6.498540878,298.0527649,0,129.996994,139.0102844,0.01613314264,74474.125,16.24229813,4.031580583
64,177.7161304,77.15547034,26.76820625,61.84168839,0.9989343338,164.1356096,6.49987936,297.9980469,0,131.0991211,120.1467438,0.001613314147,74519.84375,16.26309013,4.011838603
64.19999695,185.6897821,76.38662781,27.61337579,59.59812206,1.009132991,168.7454662,6.501016617,297.959198,0,131.6659698,103.7765732,0.0001613314234,74564.95312,16.31893158,4.033515907
64.40000153,184.8398499,75.74973743,27.93806748,59.44316714,1.019036876,168.7454662,6.502288818,297.934082,0,131.779953,90.71425629,9.999999747e-05,74610.17188,16.40324402,4.044468611
64.59999847,186.7528803,75.26752085,26.93324057,60.11833281,0.9964387247,166.6640499,6.504703045,298.2560425,0,131.3838196,27.21427727,101.7218094,74654.14844,16.24922371,4.009449089
64.80000305,184.9242018,75.86322265,27.93806748,59.01496291,1.017580086,168.7454662,6.504561424,298.2069702,0,130.0188141,136.0053558,10.17218113,74698.84375,16.39230347,4.009847583
65,185.5741085,75.59061205,27.87272091,59.09812613,1.01581555,168.7454662,6.505093575,298.1533203,0,128.7224274,126.2582397,1.017218113,74743.17188,16.38241768,4.058826826
65.19999695,189.5195912,75.67435385,27.74937483,59.53461476,1.015300421,168.7454662,6.504760742,298.0994568,0,127.2028885,115.8778305,0.1017218083,74786.34375,16.39013863,4.027108171
65.40000153,191.7056956,76.12200835,27.75010065,59.55838559,1.022579881,168.7454662,6.503383636,298.0526123,0,125.8214417,103.4494553,0.01017218083,74828.86719,16.4513073,4.01227491
65.59999847,189.2827202,75.7483353,27.55927244,59.48659248,1.017221224,168.7454662,6.502682686,298.0205688,0,124.9914627,91.42493439,0.001017218106,74871.63281,16.41523361,4.021910412
65.80000305,179.1468519,79.7968679,25.96548595,62.69750677,0.987165275,160.6526257,6.50049305,297.9946899,0,124.4361877,82.69594574,0.0001017218092,74915.46875,16.19275475,4.023027827
66,182.1409083,77.47029949,26.83724671,62.03470036,0.9933204993,167.0991042,6.500302315,297.9847107,0,124.7638779,74.77998352,9.999999747e-05,74959.75,16.24772644,4.07569888
66.19999695,179.7534851,76.42131496,27.33299952,59.76355717,1.003030054,167.9052939,6.499931812,297.9719543,0,125.1565094,71.33372498,9.999999747e-05,75004.51562,16.30727005,4.039585007
66.40000153,185.1625591,76.0054137,27.12629117,59.67007164,1.009508979,168.7454662,6.500657558,297.9655762,0,125.7043228,66.42453766,9.999999747e-05,75048.35938,16.3735466,4.051801832
66.59999847,187.9519693,75.83505072,27.43336948,59.56153563,1.01385677,168.7454662,6.500535965,297.9554443,0,125.9578094,63.26965714,9.999999747e-05,75091.60938,16.41077805,4.015509367
66.80000305,179.9088787,79.85535316,26.38597408,62.09005103,0.9895436529,166.6608195,6.499701977,297.9579163,0,126.2660522,58.53433228,9.999999747e-05,75137.10938,16.22174454,4.103242082
67,184.3589995,76.69023143,27.30185798,59.78654451,1.008951237,168.7454662,6.499140739,297.9488525,0,126.9076614,57.78780365,9.999999747e-05,75181.44531,16.3777771,4.0042971
67.19999695,184.6338525,76.88725155,27.30638947,59.57201479,1.007373908,168.7454662,6.497659683,298.1765747,0,127.7705002,17.33634186,71.35386658,75225.79688,16.36839867,3.944143644
67.40000153,187.7058925,76.376678,27.67418736,59.39961033,1.009359399,168.7454662,6.497533321,298.1456604,0,129.2296906,94.05664062,7.135386467,75269.76562,16.38408661,3.982672505
67.59999847,182.6174851,75.65097848,27.15575805,60.19729859,1.00662419,166.0405526,6.499081135,298.1029358,0,130.7320251,88.30521393,0.7135386467,75314.28906,16.39078331,3.965346007
67.80000305,185.1159508,76.49424743,27.73015526,59.50799915,1.018535813,168.7454662,6.499927521,298.0707703,0,131.6141357,79.25447083,0.07135386765,75359.375,16.46982193,4.019849969
68,185.2738752,79.15916607,26.37624161,62.39353227,0.9929767177,165.3112917,6.500900745,298.0490417,0,132.1652374,72.34220123,0.007135386579,75404.35938,16.29387283,4.053274702
68.19999695,184.9544191,77.14292719,27.68922894,59.37194206,1.010342381,168.7454662,6.50100565,298.024353,0,132.3243713,67.74192047,0.0007135386695,75449.75,16.40423775,4.010896119
68.40000153,186.6312524,76.29544916,27.76499825,59.47046337,1.016830402,168.7454662,6.501933575,298.0075989,0,132.44487,61.22198105,9.999999747e-05,75494.64844,16.47006798,4.016643705
68.59999847,186.2133405,77.93900929,27.02916973,60.12748491,1.008464267,166.777161,6.50306797,298.0014038,0,132.1886749,56.54288864,9.999999747e-05,75539.5625,16.40750885,4.069076814
68.80000305,181.0510489,80.85691971,26.09668175,62.18854592,0.9853261271,163.500616,6.502695084,297.9958801,0,131.4807739,54.8107872,9.999999747e-05,75585.28906,16.23100853,4.076421006
69,181.235812,79.46265175,26.31108205,62.0670737,0.9850387357,162.124858,6.50271225,297.9897156,0,130.9275818,53.01189804,9.999999747e-05,75630.23438,16.236866,4.046175891
69.19999695,177.0027878,79.35798191,26.60449426,61.90932276,0.9857262321,167.0067077,6.502894402,297.989563,0,130.3614349,50.76929474,9.999999747e-05,75677.03125,16.24268341,4.092836637
69.40000153,187.2508837,76.48014631,27.3339351,59.80478895,1.013173969,168.7454662,6.504368305,297.9906311,0,129.7230835,50.37748337,9.999999747e-05,75721.36719,16.46341324,4.087978102
69.59999847,186.3311749,77.25628592,26.72997233,60.16096441,0.9992278659,168.7454662,6.505856514,297.9951477,0,128.4915161,50.35267639,9.999999747e-05,75765.80469,16.35744667,4.117912898
69.80000305,186.1371549,77.38194234,26.94937964,59.55644034,1.002003338,168.7454662,6.506771088,298.0036011,0,126.6686554,51.55720139,9.999999747e-05,75810.03906,17.37363815,4.161792457
70,189.4611185,78.78213932,27.1453876,58.79339971,1.034096331,168.7454662,6.505509377,298.0073853,0,124.481987,54.25054169,9.999999747e-05,75853.47656,17.62278938,4.161605698
70.19999695,183.5313661,83.16258819,25.7172836,61.9662131,1.013983448,150.898116,6.503601074,298.0273132,0,122.8052216,55.62796021,9.999999747e-05,75895.21094,17.46241951,4.282490001
70.40000153,185.4037756,78.08048863,26.83268004,59.15154196,1.017112549,168.7454662,6.502960682,298.0255127,0,121.8870926,62.75846481,9.999999747e-05,75938.77344,17.49341202,4.162005159
70.59999847,182.6259316,82.1835396,26.08149551,61.87948644,1.014963611,154.7547116,6.500495434,298.0299683,0,121.218811,63.01080322,9.999999747e-05,75980.86719,17.47100449,4.21961014
70.80000305,189.727424,78.76560968,26.72685495,59.57357726,1.030200982,166.1368751,6.499676704,298.0241699,0,121.5467453,65.5162735,9.999999747e-05,76023.08594,17.60253906,4.158470506
71,183.1818121,81.62778633,25.85205575,62.18602118,1.008644935,156.0560339,6.498021603,298.0198059,0,122.1908569,64.60301208,9.999999747e-05,76065.29688,17.42756462,4.167851264
71.19999695,190.163599,77.93252903,27.04105251,59.11340855,1.025787099,168.7454662,6.497494221,298.0048828,0,123.5050125,64.05443573,9.999999747e-05,76108.10156,17.56346512,4.094184395
71.40000153,192.8202276,78.25980952,26.9485805,59.78559812,1.024777027,165.8743303,6.497897148,297.9978943,0,125.0236816,59.68195724,9.999999747e-05,76150.19531,17.56164551,4.127663551
71.59999847,189.9123076,78.63979269,27.0684582,58.91811676,1.030460153,164.7902671,6.496608734,297.9793091,0,126.3818741,57.55963516,9.999999747e-05,76192.86719,17.59175301,4.034147921
71.80000305,181.9006238,81.60949744,26.1983974,61.7470939,1.009212729,158.9853832,6.49448204,297.9650879,0,128.2639313,51.11948013,9.999999747e-05,76236.9375,17.42416763,4.030745073
72,185.8700677,81.44058828,25.76252267,62.58791635,1.002248763,159.046782,6.494030952,297.9542542,0,130.993988,45.58494186,9.999999747e-05,76280.64062,17.38128853,4.014114667
72.19999695,181.672276,82.85059575,25.79641519,62.01951288,1.008838371,156.789734,6.493190289,297.9471436,0,133.896347,40.63686371,9.999999747e-05,76325.64062,17.42381096,4.019672924
72.40000153,181.830695,82.15349085,26.20279396,61.93497651,1.011598014,158.8464619,6.493772984,298.1121826,0,137.14151,12.19105911,50.62559509,76371.57031,17.45100975,4.034974154
72.59999847,193.031609,78.43035642,26.92896793,58.96238037,1.029064725,168.7454662,6.496198177,298.080658,0,140.1477509,67.2025528,5.062559128,76416.90625,17.59566116,3.955070352
72.80000305,190.2712489,78.71953843,26.82913017,58.85472901,1.030364471,167.0911721,6.499714851,298.0503845,0,142.1824188,59.29375076,0.5062559247,76463.01562,17.61043167,4.005646394
73,189.6996392,79.75162928,26.81390451,58.89617976,1.036650975,164.3229646,6.502481937,298.0280457,0,142.8126221,52.11356354,0.05062559247,76509.07031,17.65747833,4.031257279
73.19999695,186.3299113,82.36499317,25.64323331,62.30851464,1.015269581,154.6216498,6.504547596,298.014801,0,142.3420563,46.51800156,0.005062559154,76554.21875,17.49767685,4.052369976
73.40000153,184.4866294,81.62392448,26.19596922,61.77309423,1.011316084,159.1216372,6.5053792,298.0003662,0,141.0451202,43.17049026,0.0005062559503,76600.23438,17.45877266,4.022446803
73.59999847,191.7626375,79.04077227,26.64547558,59.13399068,1.030008746,168.7454662,6.50590229,297.9805603,0,139.4173431,38.84913635,9.999999747e-05,76645.71094,17.60825348,3.936342379
73.80000305,188.1330255,79.05146797,26.53794091,59.27205485,1.026704455,163.7596483,6.506490707,297.9718018,0,137.5773163,32.13660431,9.999999747e-05,76690.55469,17.58140182,3.958557639
74,188.3922628,79.48589929,26.45907312,58.94495712,1.032445988,161.8902909,6.505574226,297.9646301,0,135.5007935,28.53298378,9.999999747e-05,76734.57812,17.62142754,3.930660825
74.19999695,185.6602547,82.09281139,26.17020374,61.81868918,1.012378681,157.2174882,6.503772736,297.9689636,0,133.7959747,25.06596565,9.999999747e-05,76778.54688,17.46305466,4.016791267
74.40000153,191.3008557,79.08200913,26.7176608,59.09440682,1.030529311,166.4196405,6.502815723,297.9663391,0,132.8098297,25.28802681,9.999999747e-05,76822.32812,17.61094093,3.957339759
74.59999847,187.8309671,82.52849117,25.89214576,62.73345921,1.007616741,155.410677,6.500630856,297.971405,0,132.200882,23.18947983,9.999999747e-05,76865.19531,17.42983627,4.003248941
74.80000305,188.8094471,78.25318971,26.92734242,59.12293813,1.027806787,168.7454662,6.500124454,297.9682312,0,132.4725952,23.69212914,9.999999747e-05,76909.71094,17.59384346,3.942316055
75,188.5211791,78.35871446,27.01470871,59.09620873,1.027178307,167.7189179,6.499519348,297.9667664,0,132.9373779,21.48456764,9.999999747e-05,76954.19531,17.58678818,3.938523775
75.19999695,193.4474137,78.49138539,26.91298327,59.36873021,1.027195835,165.2467786,6.500561237,297.9725037,0,133.6500244,19.81043625,9.999999747e-05,76997.4375,17.59461594,4.004716122
75.40000153,186.4877649,82.45485967,25.60082701,62.10082417,1.011617149,156.2939841,6.499956608,297.9788208,0,133.9402161,20.55413628,9.999999747e-05,77041.09375,17.47100258,4.012010533
75.59999847,187.8713703,79.39561197,26.57042992,59.02395307,1.032032633,163.99808,6.500691414,297.9808655,0,134.4828033,21.65982437,9.999999747e-05,77085.54688,17.63251305,3.993946766
75.80000305,183.2317328,81.60368057,25.54785381,62.18938899,1.005417131,150.1899655,6.500622272,297.9840698,0,134.7219543,21.52192497,9.999999747e-05,77128.52344,17.42256165,3.973032262
76,186.9959005,79.04806258,26.79527161,58.85007402,1.023615675,166.2590783,6.499984264,297.9781494,0,134.9956665,21.89578819,9.999999747e-05,77173.54688,17.55834007,3.919359993
76.19999695,188.410806,79.73810936,26.77646937,58.95249322,1.029257182,165.3420567,6.498155594,297.9719238,0,135.52388,19.22956276,9.999999747e-05,77218.28125,17.6002636,3.886585433
76.40000153,190.4649126,79.97706453,26.69755201,59.05088621,1.033405068,164.0934972,6.494927883,297.9628296,0,136.7856903,16.3160553,9.999999747e-05,77262.51562,17.63093948,3.81088422
76.59999847,190.2236423,79.30171505,26.91414666,59.1988765,1.027943444,168.7454662,6.49185276,297.9532776,0,139.3392792,12.16986752,9.999999747e-05,77308.05469,17.5904541,3.76324185
76.80000305,182.1740235,83.4579926,25.40063969,62.19654664,1.008236577,153.4587743,6.489398479,297.9537659,0,143.1178436,7.542732716,9.999999747e-05,77353.67188,17.43787766,3.792764192
77,188.3538585,78.29130921,26.46591493,59.77373724,1.021440214,165.298468,6.489747047,297.9455261,0,147.8767242,6.03235054,9.999999747e-05,77400.21875,17.5551815,3.695164609
77.19999695,182.7036009,82.8164092,25.51361891,62.24479172,1.012627524,152.732221,6.491374493,298.0060425,0,152.4888306,1.809705138,19.51912498,77447.36719,17.48752022,3.812788329
77.40000153,190.9976056,78.64117599,27.01752932,58.98836496,1.024239957,168.7454662,6.493000031,297.9816895,0,156.4547882,20.70129967,1.951912522,77495.94531,17.57462502,3.7153694
77.59999847,184.9848605,82.12036465,25.78059647,62.05871756,1.012744134,158.5039849,6.495622635,297.9685974,0,159.7745514,12.07753849,0.1951912493,77545.0625,17.49695015,3.775824373
77.80000305,188.3373962,77.66951252,27.05962693,59.16778288,1.020463415,168.7454662,6.500383854,297.9568176,0,162.0421906,7.054794312,0.01951912418,77595.14062,17.55976105,3.749206328
78,190.466256,79.37436516,26.86112567,58.70978446,1.034710169,166.4376013,6.505114555,297.9561462,0,162.4014587,1.908213139,0.001951912418,77644.85938,17.67280197,3.826525764
78.19999695,193.2281461,79.06052456,27.03774692,59.4240273,1.028174671,168.1621743,6.508568287,297.9561157,0,160.8752747,0.1512769461,0.0001951912418,77693.95312,17.62281418,3.807447185
78.40000153,192.8197901,78.30723888,26.81861148,59.03018619,1.026633004,168.1147453,6.512199402,297.9561768,0,157.971756,9.999999747e-05,9.999999747e-05,77742.32031,17.61502647,3.806062978
78.59999847,184.2231693,82.40590216,25.58623011,62.40173414,1.001063788,155.3410922,6.513224125,297.9627686,0,153.6110992,9.999999747e-05,9.999999747e-05,77789.79688,17.40826797,3.847905521
78.80000305,190.8352629,77.87004184,26.94577647,59.29875632,1.0161824,168.7454662,6.514373779,297.9639282,0,148.8497925,0.6363981366,9.999999747e-05,77836.75,17.52784729,3.810045688
79,189.7641205,79.01768621,26.95335714,59.16767119,1.02701261,167.9454396,6.513558388,297.9693604,0,143.619873,9.999999747e-05,9.999999747e-05,77883.01562,17.60958862,3.848628953
79.19999695,190.874757,79.95681858,26.25992248,59.31578204,1.025882774,168.0121252,6.510942936,297.9729004,0,138.7227936,0.509617269,9.999999747e-05,77928.15625,17.6009922,3.816605674
79.40000153,191.2981785,79.60027033,26.2513901,59.89430857,1.02090467,161.8800034,6.507400036,297.9776001,0,134.871521,0.5460081697,9.999999747e-05,77971.05469,17.55908775,3.796169102
79.59999847,185.7604496,83.39887388,25.71286684,62.06292021,1.013727304,153.9366869,6.500493526,297.9850159,0,132.4346771,1.127109289,9.999999747e-05,78013.77344,17.49248505,3.810230099
79.80000305,189.6894743,79.64205296,26.40811278,59.76248043,1.026339123,166.9135435,6.495925426,297.9833984,0,132.7686157,2.806794167,9.999999747e-05,78057.59375,17.60308838,3.75913131
80,190.0976917,80.49551256,26.10887658,59.43814227,1.028927699,160.678201,6.491894245,297.983429,0,134.9112701,1.627859235,9.999999747e-05,78100.63281,17.61904335,3.749412366
80.19999695,187.9813133,79.94531641,26.28419197,60.04756835,1.019418597,158.2988084,6.490142345,297.9845886,0,138.6721954,1.034950256,9.999999747e-05,78144.3125,17.54841995,3.76359202
80.40000153,187.6035775,80.07641056,26.26463989,59.72030431,1.025142896,164.770816,6.49000597,297.9831238,0,143.1281891,0.8096449971,9.999999747e-05,78190.35156,17.60304451,3.771366013
80.59999847,190.1035175,79.00278947,27.01171088,59.72331248,1.021907091,168.7454662,6.491590023,297.9816895,0,147.640625,9.999999747e-05,9.999999747e-05,78237.5,17.58103943,3.795420555
80.80000305,182.8691092,82.88682114,25.42541469,62.1599285,1.004451974,153.4078668,6.493497849,297.9838257,0,151.5189972,9.999999747e-05,9.999999747e-05,78284.50781,17.44508553,3.815893718
81,188.9492935,79.34859598,26.15136743,59.71851893,1.013616007,161.7757109,6.49723053,297.9790955,0,154.6387329,0.06014452875,9.999999747e-05,78331.8125,17.52244568,3.756616813
81.19999695,188.3358563,79.36955078,26.46915117,59.26103492,1.024525275,166.5877839,6.500590324,297.9728394,0,156.260437,9.999999747e-05,9.999999747e-05,78380.59375,17.61200905,3.763925489
81.40000153,190.6222266,79.94902425,26.26681418,59.66727407,1.021206289,162.0247832,6.504937649,297.9708557,0,156.5452881,9.999999747e-05,9.999999747e-05,78428.23438,17.5892868,3.825216096
81.59999847,184.9619622,83.30960232,25.51796664,62.22978812,1.011500232,156.8612936,6.506674767,297.9713135,0,155.0867615,9.999999747e-05,9.999999747e-05,78476.36719,17.51297951,3.843886176
81.80000305,189.1432567,79.43744812,26.44795244,59.42382535,1.026617092,166.820698,6.509563446,297.9678955,0,152.9451599,9.999999747e-05,9.999999747e-05,78524.42969,17.63689613,3.818322523
82,191.8296135,79.97764894,26.38897014,59.39307498,1.031374344,164.5005043,6.512453079,297.9699707,0,149.635849,9.999999747e-05,9.999999747e-05,78571.03125,17.67693329,3.895125628
82.19999695,186.5044044,83.48225499,25.35437203,62.38054568,1.011828612,153.0205668,6.512282372,297.9764404,0,145.1743011,9.999999747e-05,9.999999747e-05,78616.13281,17.51709747,3.905618516
82.40000153,190.6863876,79.0625738,26.737255,59.88849108,1.025995763,168.5053358,6.512978554,297.9784851,0,140.7910767,1.094163895,9.999999747e-05,78661.82031,17.63679123,3.903417792
82.59999847,190.1956628,80.80740376,26.2447692,59.58385007,1.033081594,160.9072567,6.511975765,297.9855042,0,136.1168365,0.8602488041,9.999999747e-05,78705.48438,17.68431282,3.936032774
82.80000305,185.2292083,83.38046432,25.39460025,62.08064775,1.010775479,152.0333311,6.509184361,297.9955139,0,131.8520355,2.463835001,9.999999747e-05,78748.00781,17.50471687,3.965249692
83,188.7554582,80.6565743,25.87995179,60.03621139,1.018712316,160.2275846,6.506622791,297.9976501,0,128.7042999,5.324481964,9.999999747e-05,78790.21875,17.56921005,3.912332778
83.19999695,190.2086221,80.14051039,26.17718724,59.80503397,1.020629523,161.6138993,6.503363609,297.9983826,0,126.5746231,5.813395023,9.999999747e-05,78831.88281,17.58250427,3.898305513
83.40000153,189.8406924,81.45157875,26.14710845,60.02907434,1.027156688,162.3844471,6.498239994,297.9971924,0,125.7516785,5.960352898,9.999999747e-05,78873.85938,17.62981987,3.875968824
83.59999847,187.9590701,79.80946772,26.42480845,60.08453826,1.021017901,159.384942,6.495207787,297.996582,0,126.9820938,5.487535954,9.999999747e-05,78915.52344,17.58562851,3.867721603
83.80000305,192.051138,80.35481068,26.28527483,60.25462604,1.027839159,164.2444856,6.493726254,297.9959412,0,129.4124451,5.17641449,9.999999747e-05,78958.00781,17.65145493,3.902787844
84,189.5395908,80.21271613,26.2776039,60.06306099,1.024705929,163.4305164,6.493754864,297.9953003,0,132.4369965,4.834446907,9.999999747e-05,79001.44531,17.62845993,3.91032014
84.19999695,180.944613,83.87658785,25.17976904,62.46131597,1.010418481,149.0561287,6.493551731,297.9994812,0,135.4502411,4.468108654,9.999999747e-05,79045.05469,17.51286697,3.941379385
84.40000153,188.3016037,80.69863098,26.11091612,59.90151422,1.025378748,163.1827883,6.495091915,297.9947815,0,138.5502625,5.731746674,9.999999747e-05,79090.01562,17.63792992,3.896677791
84.59999847,184.834293,84.17821709,25.00200292,62.17469778,1.014025362,150.2064027,6.497648716,298.0001221,0,141.02771,4.063481331,9.999999747e-05,79134.35156,17.55296898,3.998100659
84.80000305,186.1761855,80.77244548,25.99345279,59.91180317,1.026679321,159.1122751,6.500753403,297.9964294,0,142.484848,5.746387482,9.999999747e-05,79179.75,17.65486717,3.922824577
85,185.2014057,83.62676137,25.07906082,62.16787703,1.01752648,144.8071943,6.5022645,297.9969482,0,142.7015381,4.434764862,9.999999747e-05,79222.99219,17.57939911,3.916507062
85.19999695,189.7308503,80.81808467,25.81395909,60.17061611,1.029040439,156.232065,6.50455761,297.9924011,0,142.3207703,4.505487442,9.999999747e-05,79266.96094,17.67678833,3.886129578
85.40000153,188.7325124,80.65335873,26.03240801,59.61377953,1.025040134,160.2320035,6.506325245,297.989502,0,141.0149994,2.825917244,9.999999747e-05,79311.6875,17.64132118,3.899866472
85.59999847,189.5317246,79.69169646,26.46488415,59.91989611,1.020346069,167.8330614,6.507120609,297.9849243,0,139.0064087,1.566188574,9.999999747e-05,79357.1875,17.60813904,3.878080306
85.80000305,185.2242193,80.52628234,26.0442134,60.43981073,1.022065834,160.4823474,6.506239891,297.9821777,0,136.6812744,9.999999747e-05,9.999999747e-05,79401.64844,17.61864471,3.838721527
86,188.4432016,79.41872873,25.8384185,60.33832624,1.02101321,160.3587112,6.505367756,297.976593,0,134.7106781,9.999999747e-05,9.999999747e-05,79444.66406,17.61593246,3.786301755
86.19999695,187.363326,80.53001877,25.62274112,60.20258625,1.020668266,158.5319453,6.503657341,297.9725952,0,133.0836487,9.999999747e-05,9.999999747e-05,79487.42188,17.60791397,3.803595061
86.40000153,189.692483,80.74627574,25.9263729,60.32474879,1.022450708,160.3096493,6.501510143,297.969574,0,132.1434784,9.999999747e-05,9.999999747e-05,79529.98438,17.62130737,3.827361531
86.59999847,183.9728169,83.58701133,25.13315035,62.03464592,1.013175869,149.8560098,6.500666142,297.9760132,0,132.0609894,9.999999747e-05,9.999999747e-05,79572.3125,17.55151749,3.954155198
86.80000305,182.6283334,83.50675713,25.25873615,62.43895176,1.005141269,153.7952815,6.498301983,297.9758606,0,132.3104401,1.099713087,9.999999747e-05,79615.64062,17.48488998,3.880578138
87,188.0740516,81.20848723,25.61888065,60.11515766,1.021244692,158.9069467,6.496241093,297.9694824,0,133.5147247,0.09736550599,9.999999747e-05,79658.52344,17.61216164,3.782629712
87.19999695,189.6386221,81.59754529,25.78007366,60.16444782,1.029696275,155.7934915,6.492600918,297.9597778,0,135.5374298,9.999999747e-05,9.999999747e-05,79700.85156,17.67397308,3.715962378
87.40000153,187.2636775,82.34153563,25.30485415,62.70909903,1.012411351,154.2014008,6.490160465,297.9483948,0,139.0224152,9.999999747e-05,9.999999747e-05,79744.14062,17.55133057,3.701179532
87.59999847,188.7408801,79.49930869,26.22587105,60.22705546,1.014190366,165.7558263,6.489256382,297.9603271,0,143.4746552,9.999999747e-05,11.3125124,79789.78125,17.56246376,3.647043405
87.80000305,186.9163008,82.34267915,25.59426674,62.84884401,0.9956072905,156.5076374,6.488247395,297.9434509,0,148.2872009,2.273129463,1.131251216,79835.45312,17.41575432,3.661005558
88,187.5319419,80.97507171,26.07187766,60.14953813,1.022909501,162.7644559,6.490075111,297.9819336,0,153.5086823,0.681938827,21.63586998,79883.11719,17.6382885,3.681300623
88.19999695,188.2541216,80.01924335,25.92570992,60.47415099,1.01856533,160.8400682,6.494821548,297.9535217,0,157.9894562,11.96799088,2.163587093,79930.92188,17.61694527,3.689987598
88.40000153,184.9001911,81.26392869,25.51221302,62.61934216,0.999791643,155.1660504,6.500208855,297.9351807,0,160.5710907,1.19688499,0.2163587064,79979.07031,17.47467041,3.725668544
88.59999847,188.8651349,80.52169468,25.95932502,60.31060413,1.019786192,159.6571843,6.504806042,297.9490356,0,161.0049896,0.3590655029,12.55405045,80027.25781,17.62804413,3.710027128
88.80000305,183.9277172,84.03353086,25.16851378,62.37561827,1.011084597,153.3541053,6.508513451,297.9408569,0,159.6047821,0.1077196449,1.808499813,80075.71094,17.56144333,3.805485908
89,190.0182715,79.70233384,26.45913153,60.33510387,1.01585532,163.1911072,6.512447357,297.9716187,0,156.7219086,0.03231589496,17.86361313,80123.44531,17.59989166,3.761213381
89.19999695,190.0831502,79.83938457,26.39477266,60.34506842,1.016335372,166.1778795,6.514761448,297.9490051,0,152.2619629,8.490240097,1.786361217,80170.875,17.60443306,3.757775868
89.40000153,184.7534782,83.51757192,25.07288362,62.42167994,1.010383737,151.1815114,6.514097214,298.022644,0,146.8823547,2.547071934,33.16294861,80215.90625,17.55241203,3.764402886
89.59999847,191.2447571,81.48811961,25.90608927,60.37524811,1.026088726,159.2532988,6.511096478,297.982666,0,141.7731476,26.20950317,3.316294909,80259.75781,17.66941452,3.701885377
89.80000305,188.7824259,80.94438646,25.85222713,60.91551416,1.023424497,159.4797652,6.50818634,297.9526978,0,137.8623352,12.70915699,0.3316294849,80303.25781,17.65509033,3.710299187
90,190.4554059,81.85090349,25.82854156,60.30815475,1.031830149,158.9808632,6.503688812,297.9357605,0,135.1076813,2.02667141,0.03316294774,80345.96094,17.71481133,3.71220362
90.19999695,188.2624068,81.54394457,25.64018928,60.34715633,1.02722484,160.4420819,6.499311924,297.9519348,0,134.1576538,0.608001411,12.46670628,80389.10156,17.68128014,3.681935875
90.40000153,188.260166,82.58873038,25.39386532,60.45214922,1.026904113,154.601716,6.495625496,297.9364319,0,134.9529266,3.90644002,1.246670604,80431.45312,17.67625809,3.708921657
90.59999847,182.6897515,83.26975284,24.85992589,62.73279928,1.014516949,148.0551513,6.493789196,297.9903564,0,137.2207794,1.171931982,25.32215881,80474.19531,17.59199905,3.724021442
90.80000305,186.9106712,80.57365606,25.98585048,60.63079562,1.009492526,157.9771569,6.494507313,297.9622498,0,140.2192535,17.50672722,2.532216072,80518.28906,17.54863739,3.747969607
91,187.7865079,81.45209162,25.46090254,60.93021032,1.018754928,157.502814,6.496787071,297.9405518,0,142.9281464,7.045541286,0.2532216012,80562.85156,17.63575363,3.778053838
91.19999695,188.2363773,80.91890394,26.11957226,60.43611932,1.018721001,161.9230568,6.498333454,297.9705505,0,144.7280884,2.113662243,18.4193573,80608.52344,17.63033867,3.761153088
91.40000153,189.5098468,81.75025937,25.40574566,60.66234554,1.021355423,155.7918349,6.499397755,297.9442749,0,145.9168549,10.40186405,1.841935635,80652.94531,17.65333176,3.707572398
91.59999847,188.8142537,81.99679185,25.44368728,60.625901,1.025242007,155.5541057,6.501815319,298.0231018,0,146.6792908,3.120559454,36.9365387,80697.76562,17.69010162,3.76907082
91.80000305,186.8531988,81.94810216,25.6827157,60.4039617,1.023780511,158.7972409,6.503727913,297.9836121,0,146.4685822,28.42261124,3.69365406,80743.61719,17.67731476,3.775425542
92,189.1744021,79.57085408,26.02953336,60.93816858,1.001029754,164.6800373,6.50666523,297.947937,0,145.4988098,15.07899189,0.3693653941,80789.48438,17.50462532,3.750405838
92.19999695,186.0449254,81.3571743,25.67920439,60.81919731,1.016497975,160.2108931,6.506281376,297.9920349,0,143.3492432,4.523697376,26.33264351,80834.91406,17.61992645,3.702391332
92.40000153,185.8918584,82.41736853,25.56963906,62.53112208,1.003133846,158.8690848,6.505890369,297.9613953,0,141.3672791,18.05798149,2.633264303,80880,17.518507,3.764929508
92.59999847,186.71214,80.1633099,25.71355101,61.02855767,1.011296229,163.6146947,6.506710529,297.934967,0,139.5311279,6.855687618,0.2633264363,80925,17.59121513,3.7391193
92.80000305,187.7628888,80.42280827,25.50482115,61.13907634,1.009005904,154.8445167,6.507282734,297.9702454,0,137.3630524,2.056706429,20.12410164,80967.58594,17.56889915,3.749717036
93,189.7766632,82.46317772,25.59000793,60.59422056,1.027330121,159.1768606,6.507714272,297.953949,0,134.9706116,11.98357296,2.012410164,81010.84375,17.71730804,3.898035689
93.19999695,183.0485152,84.07874042,24.97459941,62.36802851,1.007187469,150.130616,6.508132935,297.9468994,0,132.4052277,4.982131481,0.2012410164,81053.53125,17.55798531,3.97449739
93.40000153,188.4934422,82.74302668,25.46753175,61.06675942,1.024851711,156.8279173,6.507212639,297.9750061,0,129.6720428,1.494639516,13.64144897,81095.59375,17.69922447,3.920936765
93.59999847,184.3035073,83.50868224,25.19305634,62.42475989,1.006044654,152.7318208,6.504594803,297.9616699,0,127.3113861,9.251497269,1.364144802,81137.28125,17.54430771,3.881828921
93.80000305,188.1082452,80.83128435,25.87335046,60.90474232,1.01304388,159.5444775,6.5014534,297.9443665,0,125.9991074,3.505980015,0.1364144832,81178.66406,17.59862518,3.785652513
94,187.530337,82.28069626,25.25496891,61.06868875,1.018808542,152.3915071,6.498972416,297.976532,0,125.939621,1.051794052,16.48847961,81219,17.64658737,3.818698799
94.19999695,188.3669113,80.46989543,26.08012769,61.16442844,1.016655873,159.9663645,6.496609211,297.9549561,0,126.8687363,10.18500614,1.648847938,81260.53125,17.63378525,3.778498037
94.40000153,188.6460518,80.26193174,26.11316171,61.51790129,1.016023584,164.0789733,6.494630814,297.9353638,0,128.7449188,1.624259114,0.1648847908,81303.15625,17.63555717,3.749938274
94.59999847,187.4490291,81.45578933,25.81198538,61.03024072,1.015870488,158.5091919,6.493473053,297.9581909,0,131.411499,0.4872777462,15.04553509,81345.67969,17.62830734,3.769030985
94.80000305,191.0733543,81.97678148,25.25784887,60.98366022,1.024092243,156.8689547,6.494512081,297.9391479,0,134.5396881,6.084293842,1.504553437,81387.85938,17.70599365,3.791187756
95,189.8259982,82.92349894,25.31726077,60.77741507,1.026998947,152.2879562,6.496981621,298.0036621,0,137.2477417,1.825288177,29.66854477,81430.23438,17.72790337,3.872958745
95.19999695,186.6209651,80.96135029,26.11062172,61.1397416,1.020647123,160.5277614,6.499045372,297.9697876,0,138.9703217,21.94770813,2.966854334,81474.84375,17.68242836,3.803854515
95.40000153,185.7746216,81.3704385,25.21814074,61.31269365,1.018987566,156.1106794,6.501694679,297.9398499,0,139.873291,9.909968376,0.2966854274,81518.83594,17.67643166,3.762732946
95.59999847,187.6437898,81.38388977,25.78860463,61.21225837,1.013156758,158.1546461,6.503802299,297.9773865,0,139.7134094,2.972990513,22.44734001,81562.94531,17.62387657,3.799835893
95.80000305,182.074253,82.73719951,24.7839174,62.70752385,1.000142906,151.3393697,6.506306648,297.9526978,0,138.7139893,13.88647366,2.244734049,81606.8125,17.52868462,3.818522549
96,183.3381012,83.44407205,25.07714509,62.71273025,1.002711961,152.6574232,6.508115768,297.9364929,0,136.7098999,4.245794296,0.2244734019,81650.57812,17.54752922,3.893378554
96.19999695,186.5447433,82.48731988,25.21282705,60.98178377,1.017237564,155.6572846,6.508687973,297.960968,0,133.9856873,1.273738384,15.63631344,81693.46094,17.6594696,3.838499681
96.40000153,184.3803425,82.20734206,25.41985363,61.52447546,1.018004631,156.5935661,6.508799076,297.9438171,0,131.0344391,7.448382378,1.563631296,81736.375,17.67105865,3.86675319
96.59999847,187.9952762,81.56217802,25.866262,61.46368012,1.014645061,159.5019569,6.508315563,298.0075989,0,128.0361938,2.234514713,29.93561935,81778.46094,17.64362907,3.890837105
96.80000305,186.9367608,82.94516023,25.0078456,60.999086,1.018559023,153.7822191,6.508134842,297.9864197,0,125.2319946,22.25460815,2.993561983,81819.33594,17.67642021,3.949725596
97,185.4686149,81.71082452,25.10338007,61.45212425,1.011063434,151.2525979,6.508243084,297.9668579,0,122.4970856,14.75645828,0.2993561924,81859.1875,17.62222672,3.951845232
97.19999695,185.7852293,82.60077398,25.22074517,62.73020792,1.001119836,149.2364188,6.506599426,297.9552002,0,119.7189636,7.654242992,0.02993562073,81898.25,17.53913689,3.970780795
97.40000153,187.2146142,80.57692205,25.6252504,61.31382746,1.006873213,155.3386594,6.50440836,297.9429321,0,117.6048813,2.537605047,0.002993562026,81937.32812,17.58411026,3.891339074
97.59999847,187.1114998,82.05134922,24.88734514,61.30826117,1.01476904,150.0210314,6.502431393,297.973938,0,116.3634872,0.7612815499,14.71599674,81975.39844,17.65075302,3.927477448
97.80000305,188.372057,81.53171294,25.69090625,61.49517596,1.010713604,158.4818561,6.499394417,297.9591675,0,115.9104233,9.407221794,1.471599698,82014.79688,17.61592484,3.915668553
98,185.832393,82.37887223,24.83330233,61.33464451,1.012761922,153.6238901,6.497917652,297.9482727,0,116.676239,3.101784945,0.1471599638,82054.03125,17.63905907,3.933975884
98.19999695,185.0095343,82.85149581,24.66575292,61.26649252,1.01714998,147.021772,6.495946407,297.9717102,0,118.0243454,0.9305354953,13.01475716,82092.35938,17.66811943,3.876488532
98.40000153,187.98113,81.18172262,25.72614183,61.48977834,1.016760772,155.6793879,6.495206356,297.956543,0,120.1674347,7.151072502,1.301475763,82132.05469,17.67295456,3.895068338
98.59999847,187.6823239,81.72540678,25.49350977,61.33815386,1.011920058,155.6882208,6.495260239,297.9432983,0,122.6010437,0.6806581616,0.1301475763,82172.41406,17.63405418,3.893689873
98.80000305,187.6726089,82.84739307,24.84550382,61.23711807,1.017875235,147.8300188,6.496636868,297.9644165,0,125.0144196,0.2041974515,12.19896984,82211.875,17.68455124,3.916091392
99,186.2349799,82.71258012,24.86346358,61.18607032,1.01885258,151.005706,6.497430325,297.9464722,0,126.8753815,5.464783669,1.219897032,82252.51562,17.69303131,3.846308082
99.19999695,185.6221412,82.06292916,25.38559363,61.84823905,1.012184062,154.2551157,6.496963024,297.9940491,0,128.4250641,1.639435053,26.83675575,82294.04688,17.63770103,3.76864955
99.40000153,190.5550309,81.2417947,25.72606647,61.44806281,1.016018927,159.278003,6.496824265,297.9594421,0,130.1639557,16.17821884,2.683675528,82335.73438,17.67165947,3.738821192
99.59999847,184.8457969,82.17289171,25.13914902,61.21801711,1.008531638,153.979632,6.496396065,297.9299927,0,131.9532928,3.657200336,0.2683675587,82377.9375,17.60531616,3.689993646
99.80000305,186.0843955,83.80496606,24.66046849,62.6012797,1.008380032,152.4128985,6.497585773,297.9529114,0,133.915802,1.097160101,17.84036064,82420.38281,17.61787796,3.771911985
100,185.9749519,83.24789278,25.10788355,61.18001747,1.018857813,153.6540859,6.499865532,297.9296265,0,135.396286,6.599198341,1.78403604,82463.38281,17.69972038,3.815710347
100.1999969,187.0756424,81.95666357,25.02868502,61.38484694,1.012163684,153.0397014,6.502312183,297.9893494,0,135.9664917,1.979759574,33.39318848,82505.71094,17.65111732,3.739875062
100.4000015,185.9503616,82.66275844,24.92930149,61.46685067,1.01788037,153.7990628,6.503179073,297.9489136,0,135.5609283,20.1235714,3.339318752,82548.42188,17.69567299,3.704756411
100.5999985,186.7232359,83.03728487,24.7416971,61.86816362,1.015077537,148.4785083,6.503315926,298.0641785,0,134.8143616,6.037071705,57.40687561,82589.73438,17.67099762,3.680545593
100.8000031,185.8677554,83.65001757,24.83258508,61.36733389,1.020774821,152.3430409,6.502892494,298.0030212,0,134.010376,44.19554138,5.740687847,82632,17.71555328,3.704017421
101,184.734146,82.97697691,25.15113083,62.73535939,1.006677738,149.2095713,6.502699852,297.9520874,0,133.3752747,24.63153458,0.5740687847,82673.64062,17.6063385,3.71467883
101.1999969,186.5956543,84.00564152,24.84027994,62.50162901,1.012162513,149.5007818,6.502453327,297.9197388,0,132.814682,7.629648685,0.05740687624,82715.09375,17.65210152,3.74521276
101.4000015,182.8292087,82.53484519,24.55152962,62.90965065,1.000495328,151.2345174,6.5032444,297.9434509,0,132.3535156,2.288894653,20.65088272,82757.14844,17.57003784,3.690519467
101.5999985,183.3443449,84.26005254,24.50850702,62.69525752,1.009320055,147.3028291,6.502147675,297.9168701,0,131.5724335,0.686668396,9.999999747e-05,82798.52344,17.6308136,3.700473885
101.8000031,187.8474479,83.03907361,25.05588256,61.31164584,1.02394079,150.0349944,6.501480579,297.9711609,0,131.2394409,0.2060005069,31.22220039,82839.25781,17.74738693,3.703491714
102,186.0174636,83.03145908,24.73321339,61.58872745,1.019985596,146.0306425,6.502377987,297.9384766,0,131.1659546,16.01891518,3.122220039,82879.55469,17.72282982,3.740192926
102.1999969,184.6048176,82.38024907,24.87169101,61.71611878,1.011548633,151.9465273,6.502626896,298.0389099,0,130.729599,4.805674553,51.69218063,82921.07031,17.65761375,3.692481584
102.4000015,186.9705059,82.5540854,25.01466799,61.80420799,1.014255472,155.3750372,6.503077984,297.9856262,0,130.2009125,37.38443756,5.169218063,82962.79688,17.68437576,3.730120564
102.5999985,185.2405191,82.86091772,25.00670977,61.83437518,1.022539017,151.0137319,6.503295898,297.940979,0,129.48909,19.71569443,0.5169218183,83003.94531,17.75137711,3.746221905
102.8000031,184.6516283,84.77405038,24.54412961,62.56068439,1.017094756,142.9152584,6.502410412,297.9938049,0,128.6914673,5.914708614,31.60903931,83043.80469,17.70133972,3.761706732
103,189.0875463,82.9030282,25.22965573,61.78148764,1.0274603,151.7799096,6.50221777,297.9537964,0,128.250885,22.26374626,3.160903931,83084.14844,17.79286957,3.759513954
103.1999969,185.7944559,83.0121732,24.73882755,61.57855045,1.015300775,146.1673937,6.50341177,297.9243164,0,127.8815231,7.832122326,0.3160903752,83123.98438,17.69598198,3.790761419
103.4000015,183.2171936,82.66311006,24.91282953,61.91207725,1.016483032,150.6967122,6.504511356,297.9552002,0,127.0323792,2.349636555,21.81624222,83165.07031,17.71333694,3.800520501
103.5999985,183.7835796,83.13231141,24.8250521,61.74304974,1.01262291,149.2182695,6.505197525,297.9290771,0,125.7480164,10.39642143,2.181624174,83205.60156,17.67918587,3.821395765
103.8000031,184.9782927,83.30389604,24.84086826,61.67144928,1.013786549,150.8196043,6.504405022,298.0054016,0,124.1902084,3.118926287,40.14961624,83245.88281,17.68582344,3.780233237
104,185.2545801,82.67314324,24.71086702,61.60542784,1.0145616,153.5275521,6.504454613,297.9653015,0,122.9529037,26.98970222,4.01496172,83286.27344,17.7019577,3.790113058
104.1999969,185.4232116,82.30509222,24.99209776,61.86836367,1.015192537,155.285309,6.503431797,297.9276123,0,121.688446,12.78335667,0.401496172,83326.64844,17.70724487,3.761168897
104.4000015,181.9767053,82.7812147,25.14619261,63.36564239,1.001059489,152.9142485,6.501458168,297.9721069,0,120.8392944,3.835006952,28.53505707,83367.1875,17.59296036,3.760132855
104.5999985,183.4843274,84.03268385,24.51301698,62.76003751,1.001211056,148.4169701,6.500998974,297.9429016,0,120.7792358,16.75466156,2.85350585,83406.82031,17.59542465,3.840264953
104.8000031,185.0984452,82.80713944,24.73390559,62.10957619,1.010529278,150.5033118,6.500915527,298.0380249,0,120.8948212,5.026398659,48.05870056,83446.25,17.674757,3.799074873
105,184.7610499,82.78096132,24.7096842,61.58560602,1.008708014,148.5186297,6.499220371,297.9855957,0,121.0473557,35.9211998,4.805870056,83485.21094,17.64928246,3.698942789
105.1999969,186.0926782,83.08470956,24.82357887,61.94418893,1.011173734,149.3754766,6.497145176,297.9382324,0,121.8845367,18.54810333,0.4805870354,83524.30469,17.67041779,3.684342612
105.4000015,187.8129809,83.58878661,24.68503365,61.76888852,1.021947046,149.0841542,6.494569778,297.9824219,0,123.5479279,5.56443119,32.01086807,83563.34375,17.75719261,3.63456664
105.5999985,183.0147595,84.47278284,24.31765295,62.57280753,1.012314087,148.2381658,6.493296146,297.938324,0,126.2417831,18.8511467,3.201086998,83603.91406,17.68614197,3.651117221
105.8000031,184.5613438,82.46444219,24.83014692,62.18767389,1.015351024,149.0092412,6.495558262,298.0436707,0,129.4392395,5.655344486,55.46753311,83644.64062,17.72313499,3.696663754
106,184.79603,83.70879191,24.63444952,61.77248933,1.019955589,149.3119069,6.497458458,297.9841614,0,131.7245026,40.01858139,5.546753407,83686.07812,17.75684357,3.694700871
106.1999969,185.2307878,83.44685384,24.54973223,62.0070186,1.015769168,147.2188301,6.499382496,297.9299622,0,133.262207,20.33060265,0.5546753407,83727.1875,17.72449875,3.653156716
106.4000015,187.5517683,84.0498571,24.8026922,61.77944242,1.025349657,149.8763537,6.500696659,297.9806519,0,134.0289764,6.099180698,35.71721649,83768.69531,17.80111122,3.671980056
106.5999985,183.2967622,84.75360241,24.35356607,62.66340735,1.009846704,142.0493728,6.503021717,297.9371338,0,134.272171,21.37447929,3.571721792,83809.6875,17.67872238,3.712128861
106.8000031,186.3583374,83.88099208,24.84603031,62.20374473,1.018119276,148.6570798,6.505634308,298.0519714,0,133.5800018,6.412343979,59.68958282,83851.14844,17.75193977,3.742024306
107,180.9836559,84.95070711,24.45682188,63.22819917,1.0088232,144.9723378,6.506532192,297.9898987,0,131.8452148,43.99862289,5.968958378,83892.74219,17.67532921,3.70916126
107.1999969,184.2714995,82.88106725,24.74365483,62.25297444,1.01801091,149.8720658,6.507714272,297.9329834,0,129.7577057,23.67805481,0.5968958139,83933.77344,17.75633049,3.671479176
107.4000015,187.5910326,83.78023042,24.74145121,62.1216083,1.016672678,147.8205839,6.507471085,297.9921875,0,127.190979,7.103416443,38.65280533,83973.40625,17.73833656,3.693383555
107.5999985,181.435492,83.48037862,24.45565098,63.02564798,1.006275041,148.4475364,6.506949425,297.9431458,0,124.7270432,25.44959831,3.86528039,84013.8125,17.66278267,3.671294983
107.8000031,184.3286795,82.04063283,25.13447576,62.06108539,1.003832054,152.9344481,6.505884647,298.0700989,0,122.4681549,7.634879589,66.33592987,84053.79688,17.63815689,3.65924032
108,186.2792492,82.46420145,25.27582684,62.01506953,1.013799121,154.0499827,6.504572868,298.0053101,0,120.6360626,49.66323853,6.633593082,84093.41406,17.72174454,3.708615454
108.1999969,185.0914164,82.99477266,24.94220257,62.66100088,1.014926156,150.0693211,6.503329754,297.9485779,0,119.3278275,28.9920578,0.6633592844,84132.32812,17.73649025,3.728247391
108.4000015,183.530862,83.71233445,24.25768479,62.66392913,1.010607867,144.6852736,6.502911568,298.014679,0,118.5158615,8.697617531,40.09634399,84170.42969,17.70496368,3.752135148
108.5999985,183.5430475,83.72558589,24.42950402,62.04515057,1.014501157,146.0014177,6.503095627,297.9724121,0,117.868721,29.99197578,4.009634495,84208.78906,17.73780251,3.813555251
108.8000031,183.9396824,82.73764789,24.47263763,62.44519329,1.01288679,148.6616093,6.503777981,297.9328003,0,117.1485367,15.46626854,0.4009634554,84247.25781,17.73557091,3.799951013
109,182.7311057,81.98116228,24.99136593,62.95274248,0.9894453534,150.4037445,6.504731655,297.9805908,0,116.1556091,4.639880657,30.21912575,84286.09375,17.545681,3.84369581
109.1999969,181.632057,83.03837693,24.60967261,62.61900889,1.005846392,150.0561169,6.504351139,297.9456177,0,114.7820435,18.90646744,3.021912575,84324.97656,17.67828941,3.820524579
109.4000015,182.7627506,83.6654781,24.20520667,62.19741266,1.007168026,145.1411925,6.505189896,298.052887,0,113.5659714,5.671940327,52.22174454,84362.61719,17.69317245,3.918049042
109.5999985,184.5666936,84.06157612,24.37024323,62.10350422,1.017455507,146.52844,6.50438261,298.0097961,0,112.0059738,40.89475632,5.222174644,84399.92188,17.77334785,3.890795332
109.8000031,183.7662738,82.0981532,25.15500452,62.27764045,1.002784733,151.4894663,6.503508568,297.9641724,0,110.7782822,27.21568871,0.5222174525,84437.79688,17.65616608,3.864021318
110,186.077941,84.18039427,24.57664189,62.01293977,1.021770428,148.7246686,6.50306797,297.9368286,0,109.89505,12.16222668,0.05222174525,84475.05469,17.81628418,3.990920552
110.1999969,184.7602019,82.71949634,24.93495357,62.15765902,1.005175946,147.1007233,6.502800465,297.9694214,0,109.1865997,3.648667812,21.58971024,84511.78125,17.68022537,3.949380008
110.4000015,183.0776108,85.02802068,24.20773773,62.55398057,1.014020429,142.4872096,6.501915932,297.9487915,0,108.5859451,12.72815132,2.158971071,84548.29688,17.75309372,3.996493632
110.5999985,183.296128,83.63647828,24.26769791,62.24722456,1.013233627,147.3739685,6.501078129,298.0179749,0,108.3415298,3.818445206,37.31227112,84585.28906,17.75175858,3.900876444
110.8000031,181.819832,81.64971926,25.17046034,62.52677761,0.9916772875,153.3332866,6.499241829,297.9762268,0,108.4302673,25.92024803,3.73122716,84623.30469,17.57074547,3.784690399
111,188.7942006,83.30589271,24.56144902,62.08118241,1.014121528,149.9293855,6.496334553,297.9352112,0,109.2568512,11.68203831,0.3731227219,84659.58594,17.74878883,3.727142508
111.1999969,182.6320655,84.71798458,24.10567402,63.08225816,1.004340566,144.9731318,6.4944067,297.9701538,0,111.2467422,3.504611731,26.5201683,84696.82812,17.67298317,3.760317278
111.4000015,181.0884645,84.72992695,23.99816125,62.85431313,1.005860648,143.6372604,6.494074345,297.9355164,0,114.0011292,13.43484592,2.652016878,84734.66406,17.68914986,3.766982901
111.5999985,184.9082093,83.86236771,24.50658012,62.45246191,1.009641803,147.9214665,6.495809078,298.0176392,0,116.8864059,4.030453682,45.46055603,84773.09375,17.72753334,3.817051927
111.8000031,186.1472905,83.9963465,24.66284635,62.47701706,1.018075938,150.0721399,6.498558521,297.9750061,0,119.0759888,30.20643234,4.546055317,84812.25,17.80349541,3.858270559
112,187.056997,81.7210075,25.39970843,62.64955656,1.005973722,156.7679734,6.502047062,297.9304504,0,120.1691971,15.54073048,0.4546055496,84852.32812,17.71273804,3.818961
112.1999969,182.2235922,84.15848179,24.2874847,62.2165812,1.009047682,144.1458315,6.504783154,297.978363,0,119.8677216,4.662219048,32.14625931,84891.17188,17.72802544,3.826233293
112.4000015,185.2453712,84.63781358,24.45989635,62.04822266,1.020168607,144.4374146,6.507173061,297.9451294,0,118.4765625,18.91710472,3.214625835,84929.39062,17.82094955,3.899778662
112.5999985,183.5804708,84.32559259,24.4080918,62.46582545,1.020165355,145.3934168,6.509107113,298.0453491,0,116.1282425,5.675131321,51.83613968,84967.58594,17.82865524,3.907293427
112.8000031,182.6956545,85.38477802,24.1596583,62.788601,1.018037613,139.3683204,6.51026535,298.0097961,0,113.006752,38.4407692,5.183613777,85004.41406,17.81077957,3.990440757
113,184.6820884,84.06699369,24.29793406,62.06955893,1.016637528,145.7931455,6.51036787,297.9673157,0,109.4230423,27.12143135,0.5183613896,85041.09375,17.80144691,3.93796697
113.1999969,181.1439366,83.86030165,24.25995991,63.17588146,0.999233703,145.2899306,6.509500504,297.9359436,0,105.7991943,13.09614658,0.05183614045,85077.64062,17.66488838,3.951087475
113.4000015,184.4765654,81.63646662,25.17552775,62.63690399,1.004194677,149.5615878,6.507754326,297.9715271,0,102.5222244,3.928843975,24.68745613,85113.27344,17.70579147,3.915482723
113.5999985,183.6924544,83.96292177,24.35023116,63.08452669,1.004770776,144.3638509,6.504380226,297.9460449,0,99.94348145,14.03692532,2.46874547,85147.94531,17.70662308,3.934184525
113.8000031,184.9001261,83.75558439,24.54380778,62.53022947,1.014911338,146.209493,6.50017643,298.0230713,0,98.71679688,4.21107769,41.36664581,85182.42188,17.78588867,3.890153906
114,184.9186814,84.69911288,24.12933527,62.11111781,1.015963881,144.9359895,6.496086597,297.9860535,0,99.16921997,28.95129204,4.136664391,85216.86719,17.79112244,3.870915406
114.1999969,183.0968247,84.3933096,24.01050882,63.12039876,1.005600802,143.2621005,6.493540287,297.9484253,0,101.2545624,16.46585655,0.4136664569,85251.6875,17.71591568,3.853019323
114.4000015,183.7224605,81.45637159,25.22848703,62.98049723,1.000115192,153.390887,6.492314816,297.9840698,0,104.3536148,4.93975687,28.81369019,85288.45312,17.67681885,3.765893907
114.5999985,186.5765767,84.83898022,24.56009969,62.67125966,1.020711691,146.2348568,6.490158558,297.9446716,0,107.9436035,15.59082031,2.881368876,85324.54688,17.83150101,3.749540975
114.8000031,181.486522,84.45069057,24.32790849,62.87861639,1.014838144,144.4701171,6.490959644,298.0258789,0,112.4032364,4.677246094,47.39617157,85362.13281,17.79452705,3.755275633
115,184.618005,83.72845985,24.39679398,62.72018153,1.021446229,147.3050844,6.493750095,297.9748535,0,116.5297623,30.91529083,4.739617348,85400.30469,17.85863495,3.735584603
115.1999969,185.1271744,83.6581235,24.92734407,62.86657971,1.011151471,148.6942363,6.496683121,297.9263306,0,119.5431747,13.6680994,0.4739617109,85439.3125,17.77066231,3.735713858
115.4000015,187.2235825,84.99354353,24.41783611,62.21191445,1.02099116,145.8370159,6.499013901,297.9587708,0,121.389267,4.100430012,30.19071388,85477.85938,17.84518051,3.694997411
115.5999985,183.8753298,84.20184627,24.26009436,62.18088049,1.015980033,145.3989571,6.501845837,297.9123535,0,122.3054657,12.89315987,3.019071579,85516.90625,16.88509369,3.639154873
115.8000031,180.7499066,81.55775444,25.06057355,63.67851196,0.9810915547,154.0040382,6.504930019,297.9932861,0,122.0852966,3.867947817,52.455513,85557.70312,16.62617493,3.579346193
116,178.8552341,82.07443379,24.59122246,63.02588758,0.9793756689,153.4353035,6.50739193,297.9322205,0,120.6323166,28.84572029,5.245551109,85598.48438,16.60803413,3.560436895
116.1999969,184.3817063,81.1605894,25.36400258,63.1034506,0.9894818013,159.0528412,6.510287285,298.0826721,0,118.1974106,8.653716087,80.94167328,85638.77344,16.69397163,3.66735282
116.4000015,179.2019302,81.46874716,24.65911808,63.11477561,0.9800527055,153.9158711,6.512039661,298.0085754,0,114.6007767,58.4726181,8.094166756,85678.25,16.6160183,3.62522142
116.5999985,176.584274,81.66680251,24.25728259,63.53435837,0.9732752359,153.3192084,6.510388374,297.9294434,0,110.3083725,34.87566376,0.8094167113,85717.08594,16.56470299,3.491623309
116.8000031,177.4125658,80.96920844,24.31897654,63.3405596,0.970808192,154.1480322,6.507256985,298.0045776,0,106.6840439,10.46269894,54.20177841,85754.9375,16.54398918,3.434171159
117,179.6446102,81.56880084,24.57120657,63.29876022,0.9840813715,151.9533108,6.503117561,297.9380493,0,104.3062592,34.34153366,5.420177937,85791.59375,16.6421051,3.474485352
117.1999969,174.402906,81.89673208,24.10210113,63.58272026,0.9677484346,151.475763,6.49959898,298.093689,0,103.5827179,10.30246067,85.49198151,85829.07812,16.51404572,3.472190204
117.4000015,173.2153594,80.77119253,24.08758507,63.47853855,0.9647315521,152.5651792,6.49823761,298.0117188,0,104.2613525,62.1760025,8.549198151,85866.9375,16.49950981,3.486969039
117.5999985,181.9860819,81.74877877,24.71936803,63.57621104,0.9862472697,151.650572,6.497179508,297.9396667,0,105.4795074,36.24837875,0.8549197912,85903.51562,16.66518974,3.603216748
117.8000031,176.8569691,81.12491132,24.37129109,63.4317557,0.9719396866,151.4364241,6.497118473,298.0067749,0,107.12677,10.87451363,49.45028305,85941.1875,16.55690765,3.531568264
118,176.2421996,80.07866824,24.59215839,62.97127731,0.9627367604,157.3125274,6.498202801,297.9413757,0,108.7962189,32.31075287,4.945028305,85980.30469,16.48988342,3.507592506
118.1999969,173.6854676,80.46395293,24.41717283,63.65786035,0.9578452332,154.1779779,6.49962759,298.0827637,0,110.0312576,9.693225861,80.44171143,86019.60156,16.45660782,3.496829927
118.4000015,171.6725562,81.44034197,24.04031332,63.59287226,0.9658396636,149.7718615,6.501155376,298.0039368,0,110.6989517,56.76593399,8.044171333,86058.73438,16.51907349,3.504895522
118.5999985,184.4333546,82.01833212,24.70989433,63.55355616,0.9901316085,152.0105134,6.502503872,297.9337769,0,110.7562561,31.61169624,0.8044171333,86096.09375,16.71144867,3.612186485
118.8000031,175.8778699,81.37417814,24.39702027,63.2697129,0.973483111,150.8276126,6.504370213,297.9940491,0,110.2751007,9.483509064,46.18856812,86134.66406,16.57786369,3.57629595
119,181.6984631,82.14886386,24.8794022,63.36509879,0.9870487276,152.6099213,6.505018711,297.9376526,0,109.0451736,28.3210144,4.618856907,86172.47656,16.6814003,3.638949558
119.1999969,182.6324015,81.99551781,24.68529588,63.20758446,0.9921807378,150.6552405,6.505384922,298.0662231,0,107.5615082,8.496304512,72.78527832,86209.32031,16.72441483,3.618122521
119.4000015,180.2696311,80.67999832,24.92939889,63.23304473,0.9731462622,156.1812598,6.506594181,297.9998169,0,105.9283905,50.94237137,7.278528214,86247.23438,16.57769966,3.647536782
119.5999985,174.7794866,81.31924289,24.10645312,63.38047313,0.9688187578,151.2631578,6.50734663,297.9347839,0,103.8079453,29.5460453,0.7278528214,86284.90625,16.54537964,3.627558194
119.8000031,174.1176124,81.40611909,24.07879327,63.54923469,0.9641903703,150.6342291,6.506923676,297.996521,0,101.3907394,8.8638134,45.49041367,86322.10156,16.50580788,3.61391919
120,179.5051832,81.60907025,24.51133551,63.41300261,0.9806278539,151.994107,6.505235672,297.9434204,0,99.1450882,28.20796585,4.549041271,86358.14844,16.63395119,3.648824403
120.1999969,174.9301574,81.02216275,24.18482516,63.23318786,0.9633526826,151.3641189,6.504257679,298.0698853,0,97.57506561,8.462389946,70.8994751,86394.53125,16.4956913,3.647318356
120.4000015,175.8518936,81.00516946,24.21838135,63.21695464,0.9694298602,150.9582261,6.502766132,298.0070801,0,96.38989258,50.37052917,7.089947224,86430.38281,16.54543304,3.633194176
120.5999985,170.6122606,80.71010905,24.30810363,63.5183566,0.9594052318,153.7355649,6.50146389,297.9436646,0,95.80513,30.37452126,0.7089947462,86467.75,16.46988106,3.644489184
120.8000031,173.0486702,79.88427262,24.20267724,63.61464472,0.9545528559,154.0308203,6.500124454,298.0006714,0,95.73905945,9.112356186,44.96874619,86504.34375,16.4400425,3.54903811
121,175.3490396,81.83163272,24.19241418,63.91712099,0.9648365574,149.3564561,6.498860836,297.9505005,0,96.20955658,27.1476078,4.496874332,86540.19531,16.51188278,3.669904484
121.1999969,173.9064255,79.46763501,24.33181664,63.46396929,0.9523955947,155.7091348,6.498736858,297.8959656,0,97.18503571,9.436203003,0.4496874511,86577.1875,16.42816734,3.546613224
121.4000015,177.5111104,80.64056069,24.48246353,63.33645225,0.9650320462,151.5317828,6.498125553,297.9312744,0,98.20667267,2.830861092,34.05616379,86613.10156,16.519207,3.572090007
121.5999985,172.9074449,81.70500862,23.9235375,63.46537929,0.9632290496,150.6586564,6.497910976,297.8830261,0,99.47797394,0.8492583036,9.999999747e-05,86650.19531,16.50901604,3.56174468
121.8000031,172.9887663,80.18360401,24.3010152,63.58342054,0.9579501532,152.3648615,6.498432636,297.9491577,0,100.8323135,0.2547774911,47.5520401,86687.50781,16.47585106,3.491806488
122,174.4725185,81.05592724,24.16824491,63.36010675,0.9607312586,149.8443991,6.499869347,297.9006042,0,101.976799,0.07643324882,9.999999747e-05,86724.48438,16.49241447,3.561361697
122.1999969,179.7683415,81.85373874,24.48039243,63.48832403,0.9806992194,152.7304503,6.50153923,297.9804688,0,102.5459518,0.0229299739,51.05152512,86761.41406,16.65698051,3.659540914
122.4000015,172.829541,82.00002097,24.0058713,63.933826,0.965347968,146.9337222,6.503275871,297.9290771,0,102.4493027,24.20571518,5.105152607,86798.47656,16.53329849,3.61568466
122.5999985,173.4469226,81.6394754,24.14534024,63.62665204,0.9676769095,148.5302348,6.504409313,298.0567932,0,101.658577,7.261714458,73.76914978,86835.46094,16.55156708,3.579162298
122.8000031,173.4003974,80.61500553,24.43220978,63.68603854,0.9606615818,153.9311733,6.504264832,297.9822083,0,100.4166946,49.05739975,7.376915455,86872.95312,16.50246239,3.475039422
123,173.0537644,81.46075509,23.98358056,63.68482667,0.9625004364,151.8535771,6.502704144,297.90802,0,99.23480225,24.49014091,0.7376915216,86909.92188,16.51677704,3.41169182
123.1999969,172.4372176,81.53780988,24.02185035,63.3849154,0.963989792,152.5310711,6.502030373,297.9638672,0,98.677742,7.347042084,46.48117828,86947.16406,16.52723122,3.484966621
123.4000015,171.904708,81.78795095,23.91587111,63.74681514,0.9629775222,150.3890493,6.50204134,297.9072266,0,98.38275909,23.7191906,4.648117542,86984.125,16.52160263,3.537954471
123.5999985,173.6624328,81.66760252,24.14452659,63.63223248,0.9658422284,146.2342029,6.50196743,298.0326538,0,98.0839386,7.115757465,73.2312851,87019.8125,16.53664398,3.544816297
123.8000031,171.0223266,81.4910853,23.85329906,63.73440954,0.9615972998,148.8186591,6.500541687,297.9554443,0,97.81729889,47.33174133,7.3231287,87056.24219,16.51154518,3.391056798
124,178.4896129,80.64103102,24.39462786,63.39871761,0.9756827638,150.5192203,6.500119209,297.8860779,0,98.12508392,20.98495483,0.7323129177,87091.50781,16.62726784,3.441548066
124.1999969,173.3411557,81.81157995,24.03014803,63.54971838,0.9692008983,147.4676933,6.499745846,297.9391174,0,98.59431458,6.29548645,45.2796936,87127.55469,16.57018471,3.461824324
124.4000015,172.1218489,82.02253384,23.75198757,63.88280934,0.9621291111,147.3598319,6.499064922,297.8811035,0,99.21587372,1.888645887,9.999999747e-05,87163.89062,16.51896858,3.388999999
124.5999985,180.2341665,82.00328199,24.38595212,63.43402477,0.9799162391,151.6410353,6.497389317,297.9595642,0,100.1108856,0.5665937662,56.32539368,87199.61719,16.66055298,3.353115141
124.8000031,175.6262877,81.60816857,24.11406139,63.38917114,0.9684762818,150.096226,6.496997833,297.8918457,0,101.678566,23.61892319,5.632539272,87236.13281,16.57296944,3.315423674
125,178.8733615,82.74673832,24.28627225,63.61008697,0.9847013691,150.673455,6.495747089,298.0314026,0,103.3952713,7.085677147,85.18379211,87272.67969,16.70521164,3.296354762
125.1999969,176.4473356,82.11837662,24.11162335,63.3019839,0.9744641395,148.4561249,6.495354652,297.9373169,0,105.6192398,51.67705154,8.518379211,87309.45312,16.62417984,3.212442381
125.4000015,172.7585075,81.58783733,24.02059173,63.54921109,0.9669004904,150.7434984,6.495218277,298.1621704,0,107.9947586,15.50311565,127.3153076,87347.64062,16.57594872,3.109013519
125.5999985,175.9356741,82.21477394,24.28147259,63.56381228,0.9761407934,151.7779418,6.49659586,298.0359802,0,110.4265823,91.4252243,12.73153114,87386.13281,16.65171051,3.197148603
125.8000031,172.5690685,82.0387858,24.07466521,64.12848928,0.9679230292,150.7933637,6.498423576,297.9180908,0,112.303299,52.29203033,1.273153067,87425.40625,16.59646606,3.149689537
126,174.4981416,81.45785574,24.1827248,63.753028,0.9679280521,149.0465281,6.500257492,298.0096741,0,113.4522781,15.68760967,72.49545288,87463.96875,16.59519958,3.093373576
126.1999969,171.5325158,82.10803005,23.95246565,63.88614995,0.9668642286,148.0440408,6.503383636,297.9148865,0,113.8690262,45.09020615,7.249545097,87503.21875,16.58853912,3.16901047
126.4000015,175.310432,80.74371143,24.27899598,63.62181303,0.9667002179,154.0077864,6.506313324,298.1082764,0,113.0311279,13.52706242,113.4307098,87542.39062,16.5970211,3.119511898
126.5999985,172.570791,80.68722105,24.34985235,63.92199119,0.9620622214,152.541852,6.506978035,297.9869385,0,111.0262146,77.76528931,11.34307098,87581.27344,16.55797195,3.030368645
126.8000031,170.845379,81.36855482,24.03191439,63.92591929,0.9640693697,149.963912,6.508236885,297.8835449,0,108.7621841,38.5057373,1.134307027,87619.78125,16.5723877,3.121561651
127,176.2285954,81.1294867,24.28202436,63.69381526,0.9681342063,148.7868006,6.509339809,297.9570312,0,105.9854813,11.55172062,62.47651291,87656.4375,16.59882545,3.186846484
127.1999969,171.0510326,81.45934398,24.20205265,63.96807645,0.9638337442,150.490197,6.508888245,297.8733826,0,102.7699509,33.31306076,6.2476511,87693.90625,16.56503296,3.17736588
127.4000015,176.3193809,82.46482519,24.22531036,64.00593375,0.9749887292,148.3805187,6.5071702,298.0472107,0,99.73968506,9.993917465,102.0991821,87729.53906,16.6476326,3.231982142
127.5999985,175.9267377,80.59811803,24.42355515,63.60290556,0.9648777049,150.4049605,6.504574299,297.9408264,0,97.39575958,65.84166718,10.20991802,87764.63281,16.56871986,3.103688847
127.8000031,170.3995857,81.92135479,23.83384078,63.94389172,0.9613721059,148.5578871,6.501323223,298.2229614,0,96.08914948,19.75250053,153.0504913,87800.42188,16.54219055,3.085271264
128,169.8327912,81.92978083,23.68658732,64.07760551,0.9623224919,146.9139112,6.498547077,298.0798035,0,96.08229828,115.666687,15.30504894,87835.9375,16.55345917,3.067244836
128.1999969,169.7665415,81.08159771,23.81212967,64.22365391,0.9613762513,148.408708,6.495462418,297.9413757,0,97.18224335,72.52864075,1.530504942,87871.75,16.55478287,2.958457774
128.3999939,172.7957933,81.09750205,24.36014972,64.14722263,0.9614229969,149.8969331,6.493015289,298.0681458,0,99.51858521,21.7585907,89.99972534,87907.82031,16.55211449,2.979672184
128.6000061,169.9972466,82.06677497,23.69694678,63.94768834,0.9647127937,147.3315949,6.492407799,297.9564819,0,102.8306732,64.33575439,8.999972343,87944.77344,16.58503532,2.979271381
128.8000031,173.8376146,82.19856712,24.08724783,63.96554637,0.9666659829,148.8299879,6.49379158,297.8630981,0,106.3817062,27.41076088,0.8999972343,87982.1875,16.60300255,3.06407941
129,171.8086758,82.46024797,23.83398674,64.10821572,0.9650541052,147.2697561,6.497262955,297.9196777,0,109.3784943,8.223228455,54.88830185,88020.40625,16.59766769,3.102360173
129.1999969,179.8135236,81.76071483,24.38667048,63.45156001,0.9775716371,150.9418215,6.49996376,297.8478088,0,110.9863586,2.466968536,9.999999747e-05,88057.88281,16.69942474,3.030723907
129.3999939,179.7019548,82.11207663,24.58568539,63.75866778,0.9797898503,149.0569056,6.503427029,297.9444275,0,111.5230713,0.740090549,68.62076569,88095.30469,16.71704102,3.103193126
129.6000061,173.0397057,82.75283581,23.96329285,63.79139224,0.9720392993,148.154854,6.505662918,297.8746643,0,110.6694641,0.2220271528,9.999999747e-05,88133.69531,16.65797424,3.013935569
129.8000031,176.1751261,81.12034127,24.17754062,63.71197073,0.9674843876,150.4160098,6.507985592,297.975769,0,108.928093,0.06660814583,70.37184143,88171.14844,16.62938881,2.962429503
130,173.6832752,82.76538737,23.96792339,63.89705127,0.9698272404,148.3337365,6.507828712,297.8927307,0,106.2534256,30.76753426,7.037184238,88208.45312,16.63973618,2.950567535
130.1999969,181.3555681,82.82870725,24.46992588,63.58575241,0.988409838,147.907956,6.50750494,298.0620422,0,103.6499329,9.230259895,102.4112091,88243.74219,16.78258896,3.049435716
130.3999939,179.1381904,82.52579807,24.51783917,63.6499594,0.9849091033,147.6107982,6.506587505,297.9566345,0,101.1684494,64.25134277,10.24112034,88278.84375,16.7538147,3.040396138
130.6000061,176.0208616,80.21959611,24.54063517,63.65410381,0.9652731247,148.1624854,6.505242825,297.8616943,0,99.055336,28.93781471,1.024112105,88313.60938,16.60341263,2.891897025
130.8000031,177.4279029,82.47387861,24.50461731,63.83957829,0.9798423835,149.0221902,6.501670361,297.9259338,0,97.47972107,8.681344032,58.72545624,88348.47656,16.71483994,2.917179516
131,177.2865246,81.77286113,24.21241088,63.64059633,0.9706359499,147.0284513,6.497312069,297.8538208,0,97.33893585,2.604403257,9.999999747e-05,88382.54688,16.64310455,2.753932309
131.1999969,177.1640191,83.13649646,24.11809751,63.78484857,0.9810299814,146.9563315,6.492511749,297.9519653,0,98.93703461,0.7813209891,69.54141998,88417.20312,16.72855759,2.731139295
131.3999939,172.8173866,82.48222189,23.85521687,63.72210828,0.9716027918,149.4787584,6.490559578,297.8675232,0,102.4541779,29.7027626,6.954142094,88453.80469,16.6678257,2.722980926
131.6000061,171.6850964,82.83367079,23.73749677,64.18586225,0.9682519847,145.2527507,6.491166115,298.0448914,0,106.7414322,8.91082859,106.0705414,88490.75,16.64716911,2.762970583
131.8000031,171.8274378,82.52513942,23.80151082,64.15058636,0.965972242,145.5613453,6.495073318,297.9364319,0,110.7867355,65.76396179,10.60705471,88528.57812,16.63694191,2.839779534
132,182.6896314,82.35301392,24.87245649,63.9317347,0.986360724,148.0728397,6.498443604,298.2199097,0,113.2664642,19.72918892,155.3429565,88565.25781,16.79787636,2.852407925
132.1999969,173.116377,82.55379629,23.91787925,64.13619202,0.9718877324,149.1840113,6.502700329,298.0684814,0,114.410408,115.9522705,15.53429604,88604.1875,16.69869804,2.76801089
132.3999939,171.0771079,82.21318025,23.98864264,64.37696274,0.9659449606,147.0621167,6.504827023,297.9269714,0,113.8470993,69.83663177,1.553429604,88642.80469,16.65052032,2.645478124
132.6000061,172.2079261,82.41959599,23.95332602,64.1740729,0.9713607167,147.2551325,6.506533146,298.0491638,0,112.4429474,20.95099068,89.04877472,88680.98438,16.69444656,2.643794714
132.8000031,179.6766528,82.11125942,24.54368319,63.72461624,0.9797434305,146.350374,6.508103371,297.9367676,0,110.3509064,61.43141556,8.904877663,88717.09375,16.75146294,2.711285109
133,180.5490926,83.44497414,24.37193499,63.88396405,0.9866957346,146.432517,6.506984234,298.1787109,0,107.6298828,18.42942429,138.3403778,88752.66406,16.8048954,2.657860977
133.1999969,182.0386412,82.50072058,24.52790165,63.60277106,0.9879973953,146.5656438,6.504547119,298.0272827,0,105.3648987,100.372612,13.83403873,88787.16406,16.81516075,2.554597822
133.3999939,172.7758549,82.51878785,24.05214933,64.26979917,0.9694069638,147.3269738,6.501419544,297.8995361,0,104.0705566,53.01264954,1.383403778,88823.35156,16.67591476,2.46720869
133.6000061,173.3407874,81.30494291,24.35725389,64.07530517,0.9657854159,148.7450511,6.498322964,297.9884338,0,104.0251694,15.90379429,73.56987,88859.39844,16.65034676,2.398548739
133.8000031,171.8290404,82.19469931,23.8765914,64.20933426,0.9678015272,149.3773387,6.494973183,297.8837585,0,105.2161484,43.76811981,7.356987,88896.1875,16.67625427,2.33158158
134,179.8712672,82.46595011,24.6155366,63.86747487,0.9815160421,148.6576902,6.492440224,298.0881348,0,107.7478638,13.13043594,120.6417618,88931.88281,16.77997398,2.39431545
134.1999969,172.1064909,82.6314279,23.84550989,64.09717511,0.9684724336,147.7223754,6.490998268,297.9489136,0,111.2892838,80.06170654,12.06417656,88969.52344,16.69076347,2.285869962
134.3999939,177.1049492,82.81279754,24.31616237,64.46720555,0.9791684183,147.5670131,6.490171432,298.286499,0,115.4065475,24.01851273,183.1300812,89006.98438,16.78379059,2.277974309
134.6000061,177.0156069,81.75810545,24.08218891,63.61216637,0.9756734729,149.1744885,6.490823746,298.0815125,0,119.856041,139.6053925,18.31300926,89045.28906,16.7661705,2.17159713
134.8000031,176.4976296,83.22303744,24.1425075,64.61871753,0.9822049957,144.6157744,6.490858078,297.9158936,0,124.0416794,77.10098267,1.831300855,89083.99219,16.82385635,2.162317542
135,177.904045,81.50642591,24.31438638,63.56302892,0.978511914,151.6776202,6.490900993,298.0365906,0,128.22052,23.1302948,92.36725616,89124.17188,16.80646706,2.021537779
135.1999969,176.2671663,81.81936923,24.23904838,63.82548704,0.9697685439,148.9462868,6.491261005,297.9029846,0,132.3800201,62.85945511,9.236725807,89164.96875,16.74108696,1.971897527
135.3999939,176.0709954,81.50362936,24.27955767,63.96746974,0.9668115533,147.7307482,6.493376255,298.1722717,0,136.3946686,18.85783577,152.5116882,89206.25781,16.72681999,1.957559004
135.6000061,172.0530929,82.69460132,24.13181399,64.80070001,0.9707722089,147.6765526,6.496081829,297.9896851,0,139.5583191,109.1219711,15.25116825,89249.23438,16.7721653,1.96610926
135.8000031,177.3226095,83.41335755,24.30741457,64.39797187,0.9854928719,146.0706786,6.499930859,297.8567505,0,141.6435394,50.57401276,1.525116801,89291.52344,16.88960457,2.031880468
136,177.2679978,83.89528209,24.37750059,64.25782567,0.9869950962,146.5933081,6.503546715,297.943573,0,142.1872406,15.17220402,73.46150208,89334.16406,16.90287209,2.028722645
136.1999969,177.3923435,83.38186643,24.38671385,64.11152624,0.9854409065,148.2600366,6.506202698,297.8681946,0,141.2889404,4.551661015,9.999999747e-05,89376.72656,16.89613533,1.951916797
136.3999939,176.0107993,84.87432173,24.07716172,64.47814614,0.9878729283,145.9455137,6.510467052,297.9772949,0,139.3307037,1.365498304,75.22885132,89419.13281,16.91748238,2.052576628
136.6000061,179.0084862,84.84761642,24.23226861,64.16618177,0.9928189883,143.5915495,6.513436317,297.8808899,0,135.6583557,34.62718964,7.522884846,89459.67969,16.94984245,2.031660128
136.8000031,183.9461544,83.34786851,24.62175301,63.41495301,0.9949179007,148.6947837,6.514712334,298.0714417,0,130.8076782,10.38815689,114.640358,89498.89062,16.96669388,1.947306741
137,179.5810763,83.39177076,24.24382648,63.49269476,0.989641848,144.8382351,6.517371178,297.9380493,0,125.4481277,72.3799057,11.46403599,89537.17969,16.92326546,2.002042415
137.1999969,180.9038516,82.24534523,24.5865195,63.73361533,0.9860129057,147.6467003,6.519939899,298.2516479,0,119.0150375,21.71397018,172.417099,89574.27344,16.89795685,2.027816993
137.3999939,180.8277399,82.35866939,24.63655464,63.96990041,0.9815206785,146.5553928,6.520007133,298.0653076,0,111.5590668,128.5865784,17.24170876,89609.66406,16.84546089,2.034961178
137.6000061,177.1699838,82.9350786,24.35453348,64.37894626,0.9837206441,149.4199792,6.517230034,297.9136658,0,104.0842438,71.37739563,1.724170923,89645.0625,16.85697746,2.093678325
137.8000031,181.2522042,82.79920787,24.67413651,64.12720892,0.9892392622,148.1769608,6.512310028,298.0274658,0,97.72148132,21.41321945,87.54100037,89678.14062,16.8809166,2.179574207
138,171.5961312,83.40275371,23.77922264,64.28452267,0.9728963764,143.2253382,6.508306503,297.9145813,0,93.32472992,58.56937027,8.7541008,89711.50781,16.74027634,2.32638561
138.1999969,170.1308829,82.61956262,23.75013702,64.25654587,0.9646854794,144.4648483,6.5038414,298.1539307,0,90.51954651,17.57081223,137.9646912,89744.6875,16.66840553,2.353873956
138.3999939,171.8053096,82.9680618,23.84435055,64.2049236,0.9695423639,142.2399332,6.498411655,298.0087585,0,89.50479889,97.78928375,13.79646969,89776.97656,16.69399643,2.389189206
138.6000061,169.2780617,82.32481653,23.65204922,64.53531688,0.964197965,143.780889,6.493826866,297.8863831,0,90.66363525,51.68857574,1.379647017,89810.25,16.65650749,2.402588883
138.8000031,177.2688359,82.87685357,24.08186698,64.03321912,0.9814056314,148.2801907,6.489609241,297.9785156,0,93.65055847,15.50657272,74.84305573,89843.6875,16.7898407,2.496626547
139,170.1794224,83.60425436,23.6170054,64.16239421,0.9696625599,143.0810764,6.486597061,297.878479,0,98.32597351,43.95359802,7.484305859,89878.59375,16.68903923,2.500246754
139.1999969,177.6180697,82.90882673,24.15219706,64.01110177,0.9811638415,148.4434366,6.485874653,298.0830688,0,104.2034683,13.18607998,121.3087616,89914.25,16.7894001,2.582535503
139.3999939,176.507297,84.02800229,24.06129177,64.40565028,0.9836283444,143.306595,6.486607552,297.9546204,0,110.3663254,79.95884705,12.13087654,89950.64062,16.80529213,2.655998572
139.6000061,171.6411246,83.74493025,23.71383462,64.61563853,0.9765688904,144.1002453,6.489334106,297.8478699,0,116.2386093,37.23063278,1.213087678,89989.33594,16.75831223,2.658092217
139.8000031,175.867027,82.45465638,24.04267343,64.15040923,0.9700612955,145.5924353,6.494600773,297.9281006,0,121.0182953,11.16919041,67.57579041,90028.25781,16.70518875,2.724190117
140,176.8572885,84.42914506,24.05879932,64.41475116,0.9843394682,146.1434877,6.501339436,297.8557129,0,123.6894455,3.350757122,9.999999747e-05,90068.32031,16.81863403,2.973055186
140.1999969,172.8544973,83.67062151,23.92461788,64.67029678,0.9743846921,143.4829647,6.508144379,297.9616394,0,123.6684189,1.005227089,73.97783661,90108.44531,16.73653412,2.972861434
140.3999939,173.7466681,84.75892022,23.87483194,64.58296435,0.9820954924,140.3021172,6.512352467,297.8773804,0,120.9298859,32.67767715,7.397783756,90147.42969,16.78162766,3.010272973
140.6000061,175.7512432,83.68972112,24.31312683,64.35115486,0.9801831828,143.7266199,6.514625549,298.0566101,0,116.5169144,9.803303719,108.9600143,90185.57812,16.75674248,3.021097423
140.8000031,180.4441892,84.11468196,24.56413483,64.35540945,0.9959221722,148.1335253,6.515670776,297.9484253,0,111.1926575,67.67778015,10.89600086,90222.85156,16.88002777,3.19771175
141,173.0863226,83.83517537,23.89001728,64.44236989,0.9798740204,145.3622048,6.514710426,298.2255554,0,105.4481964,20.30333519,155.2613068,90259.65625,16.74339104,3.134066042
141.1999969,177.7607356,84.56874768,24.06762052,64.31032368,0.9876600004,141.8147662,6.510352612,298.0766602,0,100.0905762,114.7920761,15.52613068,90293.8125,16.7833786,3.147667205
141.3999939,171.9718245,82.59600398,23.70798951,64.58833293,0.970183908,143.3762814,6.506504536,297.9437561,0,96.48080444,69.80289459,1.55261302,90328.28906,16.65047264,3.119731996
141.6000061,178.4138117,81.71390745,24.31315964,63.9697692,0.967818807,149.7412198,6.502206326,298.0525513,0,94.3976059,20.94086838,83.70671082,90362.24219,16.62284279,3.19408502
141.8000031,172.9984063,83.1396706,23.89898021,64.3577365,0.9721169501,143.3016191,6.497873783,297.9502258,0,94.03694916,57.36980057,8.370671272,90396.27344,16.64969063,3.289594809
142,170.7743164,83.11446844,23.66025744,64.50376501,0.9645428334,145.096383,6.494401932,297.86203,0,95.4079895,23.21542358,0.8370670676,90431.41406,16.59210777,3.309803773
142.1999969,178.3971136,82.00652993,24.22069337,64.05116399,0.9753807859,146.8376586,6.493268967,297.9096985,0,98.16472626,6.964626789,51.68208694,90465.84375,16.68067169,3.425619108
142.3999939,172.7691327,82.41805399,24.09764607,64.22926288,0.9682512107,149.3609758,6.493626118,297.8390503,0,101.3696671,2.089388132,9.999999747e-05,90502.75781,16.62797356,3.497336841
142.6000061,175.27128,84.01586542,24.06339737,64.60865007,0.9759809505,144.8107462,6.492903233,297.9292297,0,104.434433,0.6268163919,67.39099121,90539.14844,16.68094063,3.476440453
142.8000031,171.4808115,84.01883747,23.70840564,64.60876104,0.9726466547,144.1115725,6.494478703,297.860199,0,107.7966385,0.1880449206,9.999999747e-05,90576.88281,16.65992165,3.535569213
143,176.3286269,83.39218386,24.33660092,64.50886181,0.9751607414,148.5261616,6.496634483,297.9599609,0,110.5177002,0.05641347915,71.4103241,90615.03125,16.68078995,3.575198717
143.1999969,182.5868954,83.91024578,24.6627592,64.46140513,0.9923220719,149.1880504,6.499321461,297.8827209,0,112.3819351,29.7520771,7.141032219,90652.67188,16.81874275,3.695579364
143.3999939,178.5883354,85.03565262,24.25098963,64.51335319,0.9893581223,143.6182325,6.501657486,298.0448914,0,113.1715164,8.92562294,101.3289719,90690.36719,16.7851963,3.720103785
143.6000061,172.1588894,83.87173139,23.886315,64.62654658,0.9718554191,141.5892271,6.504064083,297.9462585,0,113.0295486,61.05791855,10.13289642,90728.50781,16.6444397,3.608888887
143.8000031,175.4828362,84.1664839,24.03834065,64.60960431,0.9750670829,143.6329692,6.505397797,298.1938782,0,111.9235077,18.31737518,141.9349213,90766.22656,16.66558266,3.637762136
144,175.6169835,83.35015301,24.36869546,64.65437872,0.9750739815,145.1974913,6.506716251,298.0694275,0,110.2877121,102.4666672,14.19349194,90803.78906,16.66429901,3.695340244
144.1999969,179.7166147,81.43780656,24.48878369,64.44568928,0.973801074,147.5753745,6.506072521,297.9433899,0,108.1210785,64.94519043,1.419349194,90839.96094,16.65414429,3.501150617
144.3999939,178.6989023,82.5298751,24.12545525,64.26065156,0.975533264,145.4714175,6.505106926,298.0518188,0,106.2184067,19.48355675,82.97380066,90875.80469,16.65984726,3.598333713
144.6000061,172.8008101,82.41748737,23.84832084,64.07680037,0.9672808256,143.9757669,6.503248215,297.9512329,0,104.6967545,55.72079468,8.297379494,90912.10938,16.58539772,3.547788142
144.8000031,171.4432805,83.56418719,23.80300528,64.8069209,0.9640091175,145.0169184,6.500174999,297.8638,0,103.9204178,22.14881897,0.8297379613,90949.04688,16.55765533,3.595286186
145,179.5221652,82.38886832,24.34769622,64.09253791,0.9749567663,145.8107331,6.498652935,297.9082336,0,104.3745956,6.644645691,50.47696304,90984.47656,16.64129829,3.699602528
145.1999969,174.0187003,82.71476439,23.83813391,64.23873925,0.9666465409,144.0006362,6.496905327,297.8377991,0,105.4285355,1.99339366,9.999999747e-05,91020.79688,16.57352257,3.6207815
145.3999939,172.0542233,84.29169214,23.82655044,64.56363835,0.971545357,139.2536025,6.49456501,297.9256592,0,107.1873627,0.5980181098,66.6778183,91057.27344,16.6019268,3.666707934
145.6000061,170.992523,84.16947202,23.73525406,64.71569015,0.969500944,143.2456402,6.493627548,297.8568115,0,109.8834915,0.1794054359,9.999999747e-05,91095.3125,16.59487343,3.689019567
145.8000031,178.5833674,84.13781241,24.41843027,64.64089094,0.9881857035,144.2641574,6.493834019,297.9559326,0,112.9480362,0.05382163078,71.44532776,91132.78125,16.74494553,3.801480296
146,170.0347099,84.21816917,23.86165099,64.58042391,0.9759751804,141.8844175,6.494891644,297.8769836,0,115.930687,29.39509201,7.144532681,91172,16.64668846,3.731085768
146.1999969,174.0589468,85.20168706,23.98338004,64.66633863,0.987401253,142.8731008,6.49587059,298.0400085,0,118.4913177,8.818528175,102.4622192,91211.36719,16.73826218,3.775455023
146.3999939,181.4903734,82.26612048,24.6138495,64.30692437,0.9756961622,148.3852017,6.499541759,297.9406738,0,120.6632385,61.04803085,10.24622154,91250.1875,16.65270233,3.784258948
146.6000061,176.4160276,83.69574468,24.45323867,64.73766234,0.9921244991,142.9800999,6.502292156,298.1897888,0,121.3575363,18.31440926,143.4806061,91289.38281,16.78144264,3.820962127
146.8000031,176.4617114,85.74823664,23.91899159,64.99685948,0.9909508109,138.440906,6.503827095,298.0587158,0,120.9634552,102.7754593,14.34806061,91327.96875,16.76155281,3.861700374
147,176.7416727,84.91204379,23.96564822,65.08137207,0.9903456497,144.1450874,6.504398346,297.9336548,0,119.9562988,62.80545425,1.434806108,91367.24219,16.76369095,3.792396437
147.1999969,173.9337002,85.48477392,23.853401,64.78510061,0.9891302522,140.5881616,6.506158829,298.0372925,0,118.7199707,18.84163666,80.82713318,91406.41406,16.74394608,3.968306434
147.3999939,170.6438988,84.89966928,23.64302548,64.76973291,0.9780964537,139.9780383,6.508051395,297.9427795,0,116.7724228,53.04970169,8.082713127,91445.60938,16.65274811,3.981139903
147.6000061,170.2254949,84.88520353,23.74444789,64.78950025,0.9771491507,140.856584,6.509903908,298.139679,0,114.0712738,15.91491127,118.757431,91484.64844,16.64195633,4.099614584
147.8000031,174.4610398,84.51585038,24.14264101,65.37811301,0.9798607371,141.4830046,6.51053381,298.0385437,0,110.6296997,82.41004181,11.87574291,91522.25,16.66295433,4.156332033
148,171.697851,84.57116396,23.89684561,64.79338094,0.9805837328,138.1417871,6.508822918,297.9343262,0,106.9400558,51.27554703,1.187574387,91558.92188,16.65153885,4.067473836
148.1999969,175.020165,83.67797997,24.18396197,64.51132825,0.9848372774,145.8433512,6.506667137,298.0204773,0,103.9384995,15.38266468,70.38330841,91595.76562,16.69069481,4.1000109
148.3999939,170.2796415,84.42168625,23.72080994,65.08382177,0.9717021423,140.2911314,6.503908634,297.9396667,0,101.79319,43.41760254,7.038330555,91632.15625,16.57791328,4.120068626
148.6000061,171.654743,83.76057736,23.81319228,64.89545943,0.969484841,143.4073058,6.502033234,298.1029968,0,100.7519302,13.02528095,101.2596664,91668.63281,16.56293678,4.18580047
148.8000031,173.8376509,83.69222347,24.09360222,64.77567498,0.9783710168,144.2724486,6.499038696,298.0096741,0,100.455986,67.71753693,10.12596703,91704.71094,16.62919998,4.121905685
149,176.3025133,84.94667818,24.05199498,64.66117696,0.9849315984,139.3933885,6.495588779,297.9190369,0,101.3643646,38.15529633,1.012596607,91739.8125,16.66797447,4.152171594
149.1999969,173.8338772,84.22787298,23.97438525,64.95608986,0.9731198444,140.9840299,6.494658947,297.9837952,0,103.6505737,11.44658852,58.20663452,91776.13281,16.58288193,4.208236177
149.3999939,177.2110145,85.27616786,24.27709181,64.67682706,0.9840905711,141.4727787,6.494476318,297.914093,0,106.2989197,31.43300629,5.820663452,91812.78906,16.664505,4.323693153
149.6000061,170.0529712,84.52280313,23.75375754,64.84632397,0.9728564061,140.5382819,6.496248722,298.0440063,0,109.0260468,9.429902077,85.71052551,91850.99219,16.58483505,4.253674839
149.8000031,178.4281775,85.19805944,24.27810953,64.94274851,0.9852646118,144.1498722,6.497684956,297.9632263,0,111.0401382,51.55295563,8.571052551,91888.86719,16.68388367,4.304402524
150,171.0681178,83.97176799,23.92383993,65.04624234,0.9747533609,141.4168548,6.498828411,297.8783569,0,112.4870377,24.35360718,0.8571052551,91927.47656,16.60140228,4.084131328
150.1999969,169.3730482,84.11468526,23.79822873,65.13053801,0.9716892669,142.8451432,6.499008656,297.9291992,0,113.4765778,7.306081772,53.93823624,91966.8125,16.57634926,3.980491909
150.3999939,173.7283476,84.96137201,24.06011081,64.77041142,0.9784316729,143.2277091,6.498620987,297.8587341,0,114.3962402,2.191824675,9.999999747e-05,92005.75,16.61958885,4.028052997
150.6000061,170.8621887,84.92078782,23.73292573,65.04116535,0.9727555503,140.8888632,6.498755455,297.9393005,0,115.4696808,0.6575473547,64.2959137,92044.91406,16.57616043,3.993559508
150.8000031,177.2238779,85.60990109,23.9537426,65.00531482,0.988588184,138.5121609,6.497388363,297.8706665,0,116.485817,0.1972642094,9.999999747e-05,92082.5625,16.6946106,3.945439353
151,172.775412,85.33641992,23.83587782,64.84389224,0.9789462172,143.7431614,6.496541977,297.9572754,0,118.0552979,0.05917926505,66.8012085,92122.375,16.62181473,3.907672648
151.1999969,175.4404029,82.91205744,23.91311244,64.43099168,0.9652674382,142.4574068,6.497603893,297.8805237,0,119.9569778,25.60195351,6.680120945,92161.10156,16.51246452,3.815186614
151.3999939,176.2803705,84.68513232,24.34945237,65.41474275,0.9871137535,142.696486,6.497776985,298.0230408,0,121.4291763,7.680585861,94.16902161,92200.5,16.69179153,3.927756956
151.6000061,175.0113924,83.39055475,23.94854914,64.40600793,0.9713145191,141.1649098,6.500226974,297.9284668,0,122.8412323,52.94709015,9.416902542,92239.75,16.55934334,3.904613474
151.8000031,175.5059482,85.24098396,24.04913721,64.96396868,0.986969711,138.0644723,6.502566338,298.1490173,0,123.2629395,15.88412762,131.2581482,92278.88281,16.6819973,4.063641874
152,170.88725,85.7458731,23.73443809,64.85941997,0.984016026,138.7649217,6.504239082,298.030304,0,122.7566681,89.99720764,13.12581444,92319.02344,16.65530586,4.041169384
152.1999969,178.5841047,82.22182131,24.35013635,64.29964745,0.9815947439,143.3034494,6.506960392,297.9189758,0,121.5830917,52.98186493,1.31258142,92357.51562,16.64134979,3.968086734
152.3999939,172.8264324,85.89569939,23.83465062,65.48658688,0.984166508,138.0644723,6.508880615,298.0100098,0,119.3152618,15.89455986,72.91641235,92396.6875,16.65642357,4.231874519
152.6000061,173.7204897,86.0264041,23.84548003,65.57106544,0.984359833,138.0644723,6.50774765,297.9206543,0,116.285347,45.0974617,7.291641235,92434.95312,16.64852715,4.104584513
152.8000031,180.5191276,82.8560999,24.34150931,64.61614702,0.9788477386,145.3802,6.507685184,298.0956421,0,113.7161636,13.5292387,110.5256119,92472.09375,16.60753059,4.057601403
153,171.0473016,83.9215913,23.83752987,65.21067531,0.9739103607,143.6631259,6.505848408,297.9903564,0,111.1586456,71.59399414,11.05256176,92510.44531,16.56637955,4.012348914
153.1999969,167.6467759,85.08578473,23.67793418,65.56384478,0.9702610258,138.5061138,6.503276825,297.8955383,0,109.345047,37.54740143,1.1052562,92548.42969,16.52542305,4.088612913
153.3999939,179.3726417,82.51601216,24.2300346,64.45322187,0.973227626,144.1026002,6.501937866,297.959259,0,108.556839,11.26422024,60.5632019,92584.47656,16.54905891,4.06442584
153.6000061,172.3837747,83.99067882,23.93715556,65.15631297,0.9722225786,143.3872551,6.500077724,297.8829346,0,108.2977905,30.04236603,6.05632019,92622.13281,16.54286575,4.113359231
153.8000031,178.8200576,82.46069135,24.38908515,64.48160629,0.9737783779,143.9368206,6.498861313,298.0216064,0,108.7885132,9.012709618,92.28730774,92658.34375,16.54954147,4.072164804
154,168.0477811,85.66733988,23.54493766,65.11806164,0.9757035337,138.0644723,6.497204304,297.9350891,0,109.7620926,53.036129,9.228731155,92696.48438,16.5600605,4.153810122
154.1999969,177.2337878,82.93406844,24.2159259,63.84370831,0.9738540863,145.2232882,6.496653557,298.1441345,0,111.4018631,15.91083908,126.635498,92733.875,16.54389954,4.044036556
154.3999939,172.8857009,85.32880568,23.80710625,64.77186003,0.9855200762,143.1508273,6.496545315,298.0358582,0,113.2569275,86.24097443,12.66354942,92772.71875,16.64577293,4.161922118
154.6000061,172.2227257,84.64125864,23.7428341,65.36683679,0.9845897474,140.1995183,6.498866081,297.9350281,0,115.1574631,52.72043228,1.266354918,92811.47656,16.64966202,4.245369233
154.8000031,175.8125077,81.42881347,24.31655833,64.30426548,0.9685257393,146.8331053,6.501716614,298.0125122,0,116.1230774,15.81612968,68.8916626,92850.21875,16.51867104,4.074207271
155,168.0184735,85.71668175,23.66301988,65.0968523,0.9774062072,139.0088333,6.50174284,297.9281616,0,115.954567,40.87149811,6.889165878,92889.875,16.57444954,4.141141952
155.1999969,170.8546512,85.4854951,23.88086559,65.17944789,0.9810561284,138.0644723,6.501260757,298.0806885,0,115.7864838,12.26144981,99.92401886,92928.64062,16.60004234,4.115491552
155.3999939,178.1627618,82.10525567,24.45823829,64.10360361,0.9804621323,139.8255698,6.501548767,297.9803772,0,115.8037567,62.81945038,9.992402077,92965.41406,16.59071732,3.968387093
155.6000061,169.9355994,84.88027158,24.15049576,65.49348843,0.9803312402,141.136001,6.501704693,297.8921204,0,115.7018204,30.09940529,0.99924016,93004.9375,16.59841156,4.161948441
155.8000031,173.6045533,86.21452624,23.89521054,65.52164437,0.9823706253,138.0644723,6.501393795,297.942688,0,115.5403519,9.029821396,53.08588409,93043.36719,16.60639191,4.211314869
156,170.9450588,85.97465902,23.68018059,65.57478622,0.9751053931,138.0644723,6.502143383,297.8772888,0,115.5042877,2.708946466,9.999999747e-05,93082.3125,16.55005074,4.246569899
156.1999969,170.8067833,84.79099657,23.97095917,65.54597878,0.974784446,140.4438703,6.502937794,297.9489441,0,115.1634216,0.8126839399,59.52188492,93121.41406,16.55015182,4.201801352
156.3999939,176.3256948,83.35438739,23.87329431,64.83180424,0.9700349189,138.6842491,6.505357265,297.885376,0,114.5080032,0.243805185,9.999999747e-05,93158.57812,16.50808716,4.217018433
156.6000061,172.7773664,86.47138545,23.81075849,65.01312525,0.9857217825,138.0644723,6.50634861,297.9649658,0,112.8796768,0.07314155251,60.16085815,93196.9375,16.62301445,4.431759848
156.8000031,173.1574141,86.54489485,23.72562304,65.25160842,0.9863832556,138.2293604,6.505918503,297.9023438,0,110.8647919,23.71395493,6.016086102,93234.78906,16.6267643,4.372107156
157,170.062249,85.9204824,23.57198729,65.61086313,0.9768285506,138.0644723,6.504926205,298.0242615,0,109.0220261,7.114186287,81.93079376,93272.625,16.5516243,4.2944849
157.1999969,170.2770362,85.92059326,23.51665328,65.67265098,0.9735002855,138.0644723,6.50322628,297.9475403,0,107.5734406,45.98525238,8.193079948,93310.07031,16.52075386,4.259485291
157.3999939,169.9770967,84.85146334,23.76772805,65.48046133,0.972339027,138.2084488,6.501944065,298.1274109,0,106.8053894,13.7955761,109.9747849,93347.21875,16.50894928,4.242963436
157.6000061,179.985316,83.0736192,24.28452638,64.60373369,0.9738150258,138.9229339,6.500982285,298.0339966,0,106.5466003,74.45787811,10.99747849,93381.97656,16.51078606,4.178188811
157.8000031,167.3239656,85.19747239,23.55961503,66.03539608,0.9710729587,138.0644723,6.499350548,297.9401245,0,106.672699,45.65505981,1.099747896,93419.64062,16.50092125,4.201583098
158,170.0362741,85.33612343,23.68611884,65.7925042,0.9734676446,141.6605074,6.498775005,298.0121155,0,107.4548416,13.69651794,62.42990112,93457.79688,16.52189445,4.288353214
158.1999969,174.2059787,84.97403752,24.13793775,65.63240733,0.976888982,141.9867889,6.497911453,297.9370728,0,108.4615173,36.99356842,6.242990017,93495.29688,16.54308891,4.253256374
158.3999939,176.6978971,83.11895823,23.90218263,64.84593731,0.9724430738,139.1846375,6.498752594,298.0706482,0,109.8178329,11.0980711,90.1004715,93531.41406,16.50627708,4.140987919
158.6000061,178.0746818,82.98946011,24.19612409,64.32672689,0.9773027179,146.0801932,6.499507427,297.9832153,0,110.8312073,55.38592911,9.010046959,93568.84375,16.54612732,4.132107407
158.8000031,173.5629999,86.41176557,23.67854599,65.64815173,0.9878469712,138.0644723,6.498275757,297.9004517,0,111.5485382,26.87511444,0.9010047317,93606.46875,16.62602425,4.174319574
159,177.8112255,83.35107768,24.09588043,64.54212098,0.9707914623,141.7224104,6.49714756,297.9390564,0,112.7646027,8.062534332,49.76074219,93643.32031,16.48165894,3.946432068
159.1999969,170.857871,86.12802506,23.65922168,65.76027053,0.9762892366,138.0644723,6.495451927,297.8697815,0,114.4253006,2.4187603,9.999999747e-05,93681.82031,16.5291748,4.013574868
159.3999939,171.7815124,84.95762715,24.1532945,65.68441518,0.9768181024,140.2400381,6.494172096,297.9355469,0,116.7664185,0.725628078,58.8877182,93720.75781,16.5348053,3.950554868
159.6000061,170.0366995,86.84891509,23.5174587,65.61755064,0.9737639987,138.0644723,6.490929604,297.8673096,0,119.6162872,0.2176884264,9.999999747e-05,93760.33594,16.50297165,3.798254051
159.8000031,171.6841017,86.06694273,23.70173135,65.6674758,0.9783493478,138.0644723,6.489873409,297.9444885,0,123.7710037,0.0653065294,63.66656494,93800.25781,16.54734993,3.806186799
160,174.405794,85.88387149,23.90326505,65.81187429,0.9831558746,138.3195223,6.489890575,297.8763733,0,128.3347473,0.01959195733,9.999999747e-05,93840.53125,16.59106445,3.790985812
160.1999969,168.9527512,85.68116081,23.96855533,65.34697057,0.984934347,138.0644723,6.490671635,297.9552002,0,132.8951569,0.005877587479,64.47328186,93882.67969,16.60343552,3.744496827
160.3999939,171.378672,87.45615517,23.46360625,66.13084157,0.9873371721,138.0644723,6.492274761,297.8782043,0,137.1440582,23.07740211,6.447328091,93925.54688,16.6353054,3.782389267
160.6000061,171.0018946,87.28504867,23.72042474,66.21687088,0.9907197469,139.0589734,6.494711876,298.0081482,0,140.7513123,6.923220634,90.24010468,93969.39844,16.66631889,3.793309408
160.8000031,174.7555186,87.20415132,23.89276334,65.88994619,0.9894748963,138.5410503,6.498054504,297.9120178,0,143.3836975,47.76828384,9.024010658,94012.91406,16.65119743,3.825251508
161,170.1844875,87.42963023,23.70838598,66.47101557,0.9832682013,138.0644723,6.497990131,298.1148071,0,144.6786499,14.33048534,126.7009125,94057.27344,16.6033268,3.613792654
161.1999969,170.4240884,88.19833876,23.47184894,66.46879361,0.9926110302,138.0644723,6.496530533,297.9795227,0,146.0134583,81.71546173,12.67009163,94101.89062,16.67936325,3.540394562
161.3999939,180.2821539,83.83248088,24.10931884,64.73354185,0.9888022324,138.0644723,6.497786522,297.8713684,0,147.9257965,37.82335281,1.267009139,94143.90625,16.63888931,3.463343305
161.6000061,180.6934261,84.21574538,24.0295139,65.42652156,0.9834337869,138.0644723,6.49835968,297.9316711,0,149.3224792,11.34700584,62.16498947,94186.15625,16.60057831,3.437568882
161.8000031,181.474972,84.13295555,24.03127724,65.47139055,0.9817509221,138.0644723,6.497505665,297.8598022,0,150.5007019,3.404101849,9.999999747e-05,94228.34375,16.58489799,3.360046908
162,174.4551587,88.65150718,23.8676288,66.19131489,0.9907752956,138.0644723,6.494882584,297.9451904,0,152.022995,1.021230578,68.07886505,94273.375,16.65088463,3.516643446
162.1999969,176.0212495,88.65150718,23.8346274,66.91586601,1.000419525,138.0644723,6.494197369,297.8768921,0,154.5958862,0.3063691556,9.999999747e-05,94318.66406,16.74304581,3.576229379
162.3999939,176.2527229,87.93435872,24.11476174,65.95634257,1.003140246,139.1897376,6.494849205,297.9601746,0,157.4308319,0.09191074967,66.76042938,94364.59375,16.75825691,3.596634528
162.6000061,173.5581972,88.65150718,23.57008748,66.46755512,0.9966687648,138.0644723,6.498976231,297.8800964,0,160.0067749,24.7126503,6.676043034,94411.61719,16.71798515,3.721119838
162.8000031,174.2951128,87.01777435,24.21837064,66.67960595,1.001728231,138.0644723,6.503714085,298.0155334,0,160.9248199,7.413794994,93.53272247,94458.39062,16.76136208,3.724280204
163,175.3871242,88.65150718,23.74432518,66.86314545,1.001274009,138.0644723,6.507268429,297.9132996,0,159.9567871,50.24641418,9.353272438,94505.07031,16.75593376,3.740836749
163.1999969,169.8319816,88.65150718,23.44081063,67.18095917,1.001914299,138.0644723,6.50937748,298.1259155,0,157.5728912,15.07392406,132.1174927,94552.28906,16.76449394,3.67043425
163.3999939,176.2519498,88.47621015,23.77181423,66.88097103,1.004030528,138.0644723,6.512097359,297.9945374,0,154.3463135,85.94337463,13.21174908,94597.65625,16.770504,3.780772529
163.6000061,182.1564724,83.85727571,24.38366531,64.63769057,0.998630343,141.6606266,6.511968613,297.879364,0,150.0251923,43.74052429,1.32117486,94640.45312,16.7055645,3.496347761
163.8000031,172.7260369,88.65150718,23.49443809,66.98261772,1.004915886,138.0644723,6.509466648,297.9536133,0,145.7669373,13.1221571,69.56820679,94684.70312,16.76523018,3.631733155
164,170.1147758,88.45423814,23.90268581,65.95961439,0.9963826883,138.0644723,6.505253792,297.8608398,0,142.5080261,35.07574463,6.956820965,94728.82812,16.66999245,3.622287675
164.1999969,182.503174,84.13414248,24.31898454,64.5771482,0.992699934,138.8076654,6.502498627,298.0272827,0,140.932312,10.5227232,109.2962265,94769.17969,16.63373566,3.483875174
164.3999939,170.5596408,88.65150718,23.42459715,66.60852911,0.9834916417,138.0644723,6.49969244,297.9124146,0,140.4483948,63.41626358,10.92962265,94812.82812,16.57181358,3.657623616
164.6000061,169.7157621,88.56718164,23.33589298,67.19752964,0.9915754298,138.0644723,6.499007225,298.1760254,0,141.0918427,19.02487946,156.9904785,94856.82812,16.64988136,3.736283124
164.8000031,183.0832139,84.15643589,24.06003526,65.53652934,0.9808180002,139.0933753,6.500290871,298.026947,0,142.0021667,107.5449524,15.69904804,94897.45312,16.55151749,3.621568029
165,171.2395703,87.72523995,23.75691035,67.57420821,0.9936633243,138.0644723,6.500776768,297.8985291,0,142.399353,60.73676682,1.569904804,94941.375,16.66907501,3.784069891
165.1999969,175.6510723,88.16102117,23.8926427,66.65644183,0.9999305568,138.0644723,6.500044823,297.9960022,0,142.611145,18.22102928,82.29117584,94984.52344,16.7046299,3.7633085
165.3999939,177.2940251,82.85091842,24.4098432,64.84332364,0.9835561142,139.0053428,6.500781059,297.893219,0,143.1171112,49.00866699,8.229117393,95026.28906,16.56286812,3.54830477
165.6000061,173.7555968,88.65150718,23.55125428,66.80682063,0.995709944,138.0644723,6.499249458,298.0905457,0,143.3200073,14.70259953,125.5738831,95069.95312,16.67114449,3.691223942
165.8000031,182.551834,83.85321091,24.0624905,65.66978033,0.9804908244,140.2769674,6.498606682,297.9599609,0,144.1476898,79.55422211,12.55738831,95111.17969,16.54647446,3.4796948
166,173.5192408,88.52106064,23.58636736,67.22289611,0.998466569,138.0644723,6.49478817,297.8519592,0,145.2222443,36.4095993,1.255738854,95155.08594,16.69571304,3.544626859
166.1999969,175.7470688,88.05036895,23.94297688,66.87308076,0.9992733339,138.5144537,6.491487503,297.91922,0,147.8374786,10.92287922,65.76290894,95199.08594,16.6978035,3.543907775
166.3999939,168.7350883,88.53772604,23.4806867,66.14592339,0.9976497457,138.0644723,6.490605354,297.8477783,0,151.7611542,3.276863813,9.999999747e-05,95245.32031,16.68462181,3.579872884
166.6000061,181.19219,82.82043845,24.4245946,64.00250614,0.9823338064,143.6748562,6.490176201,297.9407043,0,156.031311,0.9830591083,71.97690582,95289.5625,16.55317497,3.320409383
166.8000031,175.0322099,88.65150718,23.52623196,67.41983111,1.003883398,138.0644723,6.487782955,297.8726807,0,160.4794769,0.2949177325,9.999999747e-05,95336.0625,16.75690651,3.417067295
167,172.2666548,88.65150718,23.47355069,67.23280419,1.003791634,138.0644723,6.487292767,297.9604492,0,165.892807,0.08847532421,69.38996887,95384.22656,16.76138115,3.437295896
167.1999969,174.0289613,88.65150718,23.65117015,67.50622537,1.00809865,138.0644723,6.486721516,297.8753662,0,171.4895477,26.10638237,6.938997269,95433.10938,16.80303383,3.400631017
167.3999939,173.6275394,88.65150718,23.69478564,67.38842879,1.011981912,138.0644723,6.488190174,298.018158,0,177.3211975,7.831914425,98.50260925,95483.27344,16.84096718,3.433022121
167.6000061,170.6130312,88.65150718,23.36748295,67.81963409,1.003866072,138.0644723,6.492409706,297.9077148,0,182.5584412,53.06322861,9.850261688,95535.09375,16.7899437,3.464844671
167.8000031,185.2775067,84.57256221,24.13026613,66.16618305,0.9914733283,139.6012929,6.497940063,298.1331787,0,186.1053619,15.9189682,140.3517151,95583.96094,16.67982674,3.349259313
168,169.9791955,88.65150718,23.37787754,68.82100618,0.998535462,138.0644723,6.501007557,297.9816895,0,187.4446564,91.07009125,14.03517151,95636.74219,16.75969505,3.391832452
168.1999969,188.7338079,85.07735039,24.31074084,65.82923245,0.9866758599,140.5780339,6.505699158,297.865448,0,187.5693207,42.10413361,1.403517127,95685.53125,16.6312027,3.385383728
168.3999939,167.3239656,88.65150718,23.74886333,68.02318131,0.9938982934,138.0644723,6.508875847,297.9299622,0,185.8041229,12.63123989,66.01040649,95738.67188,16.70299149,3.488082015
168.6000061,187.8000618,85.02304301,24.24932847,66.28984552,0.9933200362,138.0644723,6.511295319,297.8578186,0,182.7783051,3.789371967,9.999999747e-05,95786.07812,16.67988968,3.354370072
168.8000031,182.8711779,83.6301065,24.39996482,66.11121037,0.982662269,139.0402245,6.513101101,297.9453125,0,178.7824554,1.136811614,69.9982605,95833.53906,16.58738708,3.308305946
169,170.2291322,88.65150718,23.16276976,68.4405036,1.005019746,138.0644723,6.513840199,297.8773193,0,174.063797,0.3410434723,9.999999747e-05,95883.54688,16.78952408,3.459625542
169.1999969,170.5037339,88.65150718,23.51586279,66.80344615,1.016075473,138.0644723,6.514588356,297.959259,0,169.0509949,0.1023130417,67.13498688,95932.61719,16.85103798,3.555916329
169.3999939,173.2616823,88.65150718,23.62539369,67.33586637,1.008312167,138.0644723,6.512914658,297.8773804,0,163.7356262,24.2756424,6.713498592,95980.02344,16.78158379,3.521745123
169.6000061,182.8038778,82.14736418,24.67147297,65.75049156,0.9862841019,141.8200071,6.511841297,298.0098267,0,159.0977325,7.282692909,93.83334351,96023.78906,16.58992577,3.332813227
169.8000031,183.2535495,83.93178218,24.09091138,65.99975362,0.9835985423,139.8613713,6.509509087,297.9039307,0,154.8793488,48.98304749,9.38333416,96066.55469,16.56137085,3.356459508
170,171.7674753,88.08238633,23.97519834,66.18761354,1.011193244,138.0644723,6.504939079,298.1134338,0,151.6000061,14.69491482,133.0719604,96111.70312,16.7697525,3.508267228
170.1999969,167.3239656,88.65150718,23.73103617,66.22530557,0.9973372422,138.0644723,6.501288414,297.9752502,0,150.1518555,84.16706085,13.30719662,96157.64062,16.65355873,3.559382113
170.3999939,171.2772103,88.65150718,23.61454955,68.35607301,0.9991447602,138.0644723,6.497336388,297.8640137,0,150.1539154,39.17857742,1.330719709,96202.79688,16.69431114,3.532397248
170.6000061,169.3770716,88.65150718,23.46200017,66.33914552,1.004809401,138.0644723,6.494981766,297.9277954,0,151.7406158,11.75357342,65.20642853,96248.72656,16.72211266,3.559771536
170.8000031,167.6473478,87.27705084,23.9090107,66.49621906,0.9998879805,138.0644723,6.493653774,297.8562622,0,154.2629395,3.526072025,9.999999747e-05,96295.28125,16.68498993,3.538089934
171,182.4262563,84.44504372,24.27804536,64.05060001,0.9904964547,139.8242404,6.493042946,297.9424133,0,157.3182831,1.057821631,69.67457581,96339.08594,16.58866119,3.410402845
171.1999969,173.3627285,88.65150718,23.41560404,68.00812019,1.003292221,138.0644723,6.49364996,297.8745728,0,160.6188049,0.3173464835,9.999999747e-05,96386.07812,16.74025726,3.567199084
171.3999939,169.3608614,88.65150718,23.59851234,67.5678444,0.9954511829,138.0644723,6.494375706,297.9561768,0,163.6748962,0.09520394355,67.28119659,96434.53125,16.67008591,3.558015613
171.6000061,173.0000908,88.65150718,23.75990199,66.21631649,1.015348872,138.0644723,6.495303631,297.8753662,0,166.4441071,24.04973221,6.728119373,96482.82031,16.82016182,3.553384625
171.8000031,168.8701758,88.65150718,23.75678302,66.50927128,1.002345332,138.0644723,6.495833397,298.0063477,0,168.8419189,7.214919567,93.62013245,96532.39062,16.71723366,3.506226955
172,171.982788,88.65150718,23.55234119,68.55973639,0.9971145979,138.0644723,6.497171879,297.901825,0,171.0298157,48.33434677,9.362012863,96581.71875,16.70293999,3.49416355
172.1999969,174.2547436,88.65150718,23.46105523,67.66229312,1.000882502,138.0644723,6.499529839,298.1082764,0,172.6783447,14.50030327,132.0615082,96630.89844,16.72747231,3.50708207
172.3999939,173.1150267,88.65150718,23.27072573,68.46459147,1.008327505,138.0644723,6.503632545,297.9743042,0,173.3829346,82.82209778,13.20615196,96680.46875,16.80297089,3.554283316
172.6000061,172.9113477,88.65150718,23.52894014,68.63929448,1.016939612,138.0644723,6.505050182,297.8633728,0,172.4440002,39.11784744,1.320615172,96729.86719,16.8688755,3.495382047
172.8000031,175.0419295,88.65150718,23.41416125,68.12566955,1.013129064,138.0644723,6.504636765,297.9281921,0,170.9524078,11.73535442,66.23136902,96778.41406,16.82858467,3.423867451
173,185.6085386,85.81090298,24.32240203,64.11371286,0.9958371432,138.0644723,6.505442142,297.8567505,0,169.6236877,3.520606279,9.999999747e-05,96823.97656,16.63189888,3.426517256
173.1999969,169.734763,88.65150718,23.55563786,67.97219878,0.9931353455,138.0644723,6.507352829,297.9423218,0,167.9628448,1.056181908,69.80513,96873.13281,16.65402222,3.563932336
173.3999939,168.8776873,88.65150718,23.31545563,68.74036792,1.000265032,138.0644723,6.507929325,297.8746338,0,165.5381165,0.3168545663,9.999999747e-05,96921.86719,16.72110176,3.508679271
173.6000061,173.0119782,88.65150718,23.71743502,67.77381732,1.012682373,138.0644723,6.507298946,297.9551086,0,162.8905334,0.0950563699,67.09650421,96969.25,16.80259323,3.524700927
173.8000031,173.0646404,88.65150718,23.49940565,67.90909259,1.007100641,138.0644723,6.505962849,297.8746948,0,160.494812,23.66266823,6.70965004,97016.07031,16.75616646,3.491294942
174,170.9620786,88.65150718,23.33550023,66.59136806,1.011138302,138.0644723,6.504031658,298.003418,0,158.631958,7.098800659,92.95534515,97062.86719,16.77285385,3.456981329
174.1999969,182.968572,84.85636005,24.17453931,64.54049841,0.9960478803,138.0644723,6.500214577,297.897644,0,157.5414276,47.40812302,9.295535088,97106,16.62035561,3.259413835
174.3999939,172.4224639,88.65150718,23.28967465,68.41427545,1.00373872,138.0644723,6.493966103,298.1009216,0,157.9819489,14.22243786,131.7815857,97152.07031,16.72709084,3.242857673
174.6000061,182.7952927,84.76325657,24.2465483,64.11739199,0.9949741458,138.0644723,6.486688137,297.9529114,0,160.9238586,81.30732727,13.17815876,97195.63281,16.60410309,3.058587508
174.8000031,173.2609064,88.65150718,23.29112936,68.02999742,0.9980544367,138.0644723,6.481455803,297.8459473,0,166.7724457,32.49737167,1.317815781,97243.26562,16.68356133,3.187092552
175,168.1028129,88.65150718,23.73507382,67.1203046,1.006745057,138.0644723,6.47724247,297.8945007,0,174.7039948,9.749211311,58.38580322,97293.63281,16.74858093,3.204875467
175.1999969,168.1800615,88.65150718,23.38322225,66.27857218,1.009189757,138.0644723,6.473917484,297.8235779,0,184.3239899,2.924763203,9.999999747e-05,97345.82031,16.77593994,3.127366894
175.3999939,188.167159,86.1214687,24.08764947,66.6585859,0.9999644224,138.0644723,6.473655701,297.9129333,0,195.2744751,0.8774290085,71.62970734,97395.625,16.71822357,3.110183618
175.6000061,184.6888281,85.2740048,24.1932053,64.65291643,1.001114109,138.0644723,6.475950241,297.8457031,0,206.3224335,0.2632286847,9.999999747e-05,97448.17969,16.72040939,3.095418506
175.8000031,167.3239656,88.65150718,23.31730712,67.12549111,1.01647711,138.0644723,6.478963852,297.9400635,0,216.45401,0.07896860689,73.6290741,97507.03906,16.89077377,3.13465291
176,185.2827607,84.5270474,24.31238802,67.11300971,0.9877848156,138.0644723,6.483575821,297.8729858,0,225,0.02369058318,9.999999747e-05,97563.02344,16.66422462,3.050379474
176.1999969,171.0433867,88.65150718,22.99234273,69.20649532,1.007680626,138.0644723,6.485328197,297.9571533,0,225,0.007107174955,69.14493561,97622.64062,16.85491753,3.034366383
176.3999939,171.5668787,88.65150718,23.38541268,69.53288285,1.021442061,138.0644723,6.482687473,297.8696594,0,225,24.79067039,6.914494038,97682.05469,16.96409225,2.95315328
176.6000061,168.1777608,88.65150718,23.03290766,67.82973612,1.02942655,138.0644723,6.479251385,298.0061951,0,225,7.437201023,98.15481567,97742.00781,17.01563454,2.891709602
176.8000031,174.5100606,88.65150718,23.01745265,69.55531031,1.022890015,138.0644723,6.475213528,297.887085,0,225,50.30778885,9.815481186,97800.60938,16.97916794,2.873484159
177,172.0303481,88.65150718,22.87848758,69.55531031,1.026330339,138.0644723,6.470619202,298.1085205,0,225,15.09233761,142.7539368,97859.60156,17.00899315,2.837202965
177.1999969,191.9220908,84.13729273,24.3972541,67.23901811,1.003198831,138.0644723,6.463816643,297.9391479,0,225,88.14427185,14.27539349,97913.53125,16.78198242,2.730132646
177.3999939,173.8515336,88.65150718,23.02161781,69.55531031,1.00532504,138.0644723,6.456080914,298.2789307,0,225,26.44328117,206.4847717,97971.95312,16.82911491,2.746217664
177.6000061,186.678407,82.86553706,24.48224506,65.32932087,1.007933378,138.9332848,6.450100422,298.0393372,0,225,142.6606445,20.64847755,98026.71094,16.80211258,2.682065431
177.8000031,170.6055451,88.53958794,23.68803187,68.07729952,1.018240858,138.0644723,6.441735268,297.87323,0,225,67.90623474,2.064847708,98085.89062,16.90770721,2.792050756
178,187.9857013,86.41856327,24.04675374,67.33955512,0.9952313314,138.0644723,6.436028004,297.9570618,0,225,20.37187195,83.18360138,98141.10938,16.71087837,2.816056717
178.1999969,172.5281735,88.65150718,23.19903302,69.55531031,0.9985517005,138.0644723,6.431845188,297.8410034,0,225,45.78638077,8.318359375,98199.96094,16.76774025,2.866976813
178.3999939,173.970626,88.65150718,23.37273659,69.55531031,1.011532607,138.0644723,6.428756714,298.0437927,0,225,13.73591423,133.3636627,98258.5625,16.87358475,2.910451226
178.6000061,175.0003424,88.65150718,23.04773793,69.55531031,1.018898322,138.0644723,6.426158905,297.8913574,0,225,78.60375977,13.33636665,98316.89844,16.93899155,2.891180181
178.8000031,172.3256127,88.65150718,23.17052288,69.55531031,1.014424842,138.0644723,6.422585964,298.2148743,0,225,23.58112907,196.7597809,98375.75,16.89980507,2.863650837
179,175.1076273,88.65150718,23.20472454,69.55531031,1.007739962,138.0644723,6.419593811,297.9956055,0,225,132.2705994,19.67597771,98434.03906,16.84318733,2.87795996
179.1999969,172.4086483,88.65150718,23.01481697,69.55531031,1.001187722,138.0644723,6.416460037,297.8421021,0,225,62.24968719,1.967597723,98492.9375,16.79076195,2.870736333
179.3999939,190.6448635,85.85170819,23.78337608,68.66348925,0.9964688752,138.0644723,6.412985325,297.9326172,0,225,18.67490578,85.06452942,98547.53125,16.73969841,2.821073739
179.6000061,173.0214546,88.65150718,23.13826643,69.55531031,1.006449103,138.0644723,6.413903236,297.8578796,0,225,5.602471828,9.999999747e-05,98606.50781,16.83416367,3.001631074
179.8000031,168.367986,88.65150718,23.11889387,67.14741251,1.018612059,138.0644723,6.416336536,297.9599915,0,225,1.680741549,79.08354187,98666.50781,16.90916443,3.04652606
180,189.2282609,85.08257741,24.26340097,65.08958466,1.003198145,138.0644723,6.419520855,297.8663635,0,225,32.14453506,7.908354282,98721.5625,16.75292587,3.02683352
180.1999969,167.8361002,88.65150718,23.19917438,67.97109355,1.02669564,138.0644723,6.422543049,298.0293274,0,225,9.643360138,112.495018,98781.73438,16.98501015,3.071453256
180.3999939,169.3029617,88.65150718,23.42337071,67.12609998,1.028983881,138.0644723,6.425257206,297.9025574,0,225,61.55771637,11.24950218,98841.65625,16.99049568,3.084290463
180.6000061,194.3075536,86.36331331,23.92925092,68.1757227,1.003353763,138.0644723,6.428145885,298.1541748,0,225,18.46731377,159.8118134,98895.94531,16.79090881,3.039475171
180.8000031,190.748408,84.67804965,24.16399919,69.187536,0.9907088031,138.0644723,6.436001778,297.9877014,0,225,102.5724182,15.98118114,98950.73438,16.70283318,3.126008162
181,174.3792262,88.65150718,22.90342083,69.55531031,1.011558669,138.0644723,6.443947792,297.8614807,0,225,49.02562332,1.598118067,99009.77344,16.8835144,3.207768385
181.1999969,189.1411651,84.42917037,24.12355701,68.10919259,0.9857357881,138.0644723,6.453501225,297.9338074,0,225,14.70768642,72.9625473,99064.99219,16.6515789,3.188039621
181.3999939,191.4337519,85.77897824,24.13949986,68.22664561,0.9982337173,138.0644723,6.465272427,297.8616943,0,225,4.412305832,9.999999747e-05,99120.21094,16.75299454,3.327498745
181.6000061,167.3239656,88.65150718,23.28744861,67.49458517,1.011788863,138.0644723,6.476556301,297.947998,0,225,1.323691845,71.79175568,99180.99219,16.85846329,3.371458438
181.8000031,172.3188187,88.65150718,22.94541607,69.55531031,1.022843079,138.0644723,6.489339352,297.8806458,0,225,0.3971075416,9.999999747e-05,99240.75781,16.98092079,3.401099882
182,167.3239656,88.65150718,23.20687005,69.55531031,1.01402339,138.0644723,6.501135826,297.9558105,0,225,0.1191322654,66.04710388,99301.59375,16.90345955,3.404329188
182.1999969,168.6818623,88.65150718,23.03370933,69.55531031,1.011512346,138.0644723,6.512515545,297.8771057,0,225,22.07399178,6.604710102,99362.13281,16.88495827,3.38877375
182.3999939,170.5852262,88.65150718,22.85841885,69.55531031,1.026421827,138.0644723,6.524407864,297.993866,0,220.5141754,6.622197151,89.04122162,99421.40625,17.00735283,3.437106242
182.6000061,171.6850913,88.65150718,22.9409918,69.22872036,1.012110038,138.0644723,6.534533501,297.8977051,0,211.2684631,42.88082504,8.904122353,99478.60938,16.87016869,3.469544926
182.8000031,167.3239656,88.65150718,23.04588165,69.55531031,1.017142183,138.0644723,6.541821003,298.0762329,0,197.9798889,12.86424732,121.3737183,99534.03125,16.89654541,3.491495921
183,189.8892223,85.18945373,24.2233793,67.62389852,1.001844153,139.4496935,6.541878223,297.9499512,0,181.7800446,71.34629059,12.13737202,99580.90625,16.7183609,3.303391453
183.1999969,169.9171587,88.65150718,23.30851028,69.51221417,1.002564032,138.0644723,6.537488937,298.206665,0,165.5719452,21.4038868,163.8803864,99628.98438,16.72118759,3.339485468
183.3999939,168.5632872,88.65150718,23.26994136,66.55970267,1.016530974,138.0644723,6.531891346,298.0480347,0,151.1109009,109.0370331,16.38803864,99674.45312,16.78219986,3.408633125
183.6000061,167.4842163,88.65150718,23.50149685,66.93194167,0.9980807639,138.0644723,6.523565769,297.9159546,0,138.8786926,60.13525391,1.638803959,99717.78906,16.61133957,3.440256047
183.8000031,170.3247704,88.65150718,23.5276177,68.34403979,1.002307411,138.0644723,6.513041973,297.9928284,0,129.9817352,18.04057503,76.90410614,99758.72656,16.6507206,3.413668115
184,173.8359987,88.65150718,23.64148696,67.78008004,0.9945041745,138.0644723,6.501204014,297.8928833,0,125.2929077,42.39731216,7.690410137,99797.97656,16.56860352,3.372893559
184.1999969,171.699656,88.65150718,23.53649558,65.61593082,0.999348837,138.0644723,6.488901138,298.052002,0,125.3364792,12.71919346,113.0137405,99837.57031,16.58142281,3.278996273
184.3999939,175.0974494,88.65150718,23.27951204,67.74682351,1.00065189,138.0644723,6.480532646,297.9346313,0,130.2984314,64.34669495,11.30137348,99877.5625,16.63159561,3.34479842
184.6000061,167.3931455,88.65150718,23.50044085,66.19472875,1.002954891,138.0644723,6.476069927,298.1702881,0,138.5935516,19.30400848,152.4142151,99920.95312,16.64084816,3.418971333
184.8000031,168.2728386,88.65150718,23.70232801,66.62565275,1.000826635,138.0644723,6.473030567,298.0211487,0,148.6734924,99.03681946,15.2414217,99966.17969,16.63830757,3.363501849
185,175.2172317,88.65150718,23.27443393,68.34130768,1.001957751,138.0644723,6.474281788,297.8990784,0,159.9768677,52.20517731,1.524142146,100012.3438,16.69225693,3.388379969
185.1999969,176.2921597,88.65150718,23.51321947,68.72177966,1.012080407,138.0644723,6.477375507,297.9676819,0,170.7702942,15.66155338,71.72942352,100060.5234,16.79250336,3.376671333
185.3999939,187.5004623,86.92825902,23.97612358,66.95075289,0.9897313723,138.0644723,6.483525276,297.8756104,0,180.3338928,36.45842361,7.172942638,100108.0078,16.59801674,3.367994786
185.6000061,172.8053055,88.65150718,23.20084496,69.55531031,1.002786212,138.0644723,6.488824844,298.0222168,0,187.433548,10.9375267,106.1047897,100160.1328,16.75154877,3.282633206
185.8000031,175.5734769,88.65150718,23.31281059,69.55531031,1.016199904,138.0644723,6.4953022,297.9115906,0,192.4258118,57.54118347,10.6104784,100212.7031,16.86833191,3.296757785
186,172.0643453,88.65150718,22.96397839,69.55531031,1.015345253,138.0644723,6.503667831,298.1331177,0,194.8206329,17.2623539,145.0575714,100266.4297,16.87087822,3.312960294
186.1999969,187.0758215,85.6272199,24.11847175,65.02116454,1.00361521,138.0644723,6.509152889,297.9889526,0,193.8667145,91.20334625,14.50575638,100316.125,16.70850945,3.186205175
186.3999939,191.6651379,85.56608593,24.2847248,68.00543201,1.00306007,138.0644723,6.513017654,297.8722839,0,190.7343292,44.79285049,1.450575709,100364.2422,16.73295784,3.18373921
186.6000061,184.8983129,85.69041433,24.30670539,64.6972685,1.007077505,138.0644723,6.517296791,297.9378052,0,186.0522003,13.43785572,69.28801727,100412.8672,16.7175312,3.246762863
186.8000031,185.7088149,85.29793159,24.25203417,67.22438768,0.978788599,138.0644723,6.520721436,297.8666992,0,179.6518707,4.031356812,9.999999747e-05,100459.9062,16.50657654,3.249076724
187,168.9563268,88.65150718,23.3531417,67.15226035,1.018484395,138.0644723,6.522642136,297.9441833,0,171.8857117,1.209406972,68.40818024,100509.5312,16.82488251,3.342655444
187.1999969,173.9847733,88.65150718,23.34246088,69.08356202,1.017712546,138.0644723,6.522876263,297.8771973,0,163.3535004,0.3628220856,9.999999747e-05,100556.3828,16.83010864,3.358127734
187.3999939,172.8353668,88.65150718,23.1537425,68.18642282,1.012486576,138.0644723,6.522101879,297.9472656,0,154.7283325,0.1088466272,64.40720367,100601.7266,16.76631546,3.382424906
187.6000061,168.6688959,88.65150718,23.72337717,66.98326684,1.010079089,138.0644723,6.519797325,297.8805237,0,146.4107819,0.03265398741,9.999999747e-05,100646.3984,16.71017647,3.457106557
187.8000031,167.9039698,88.65150718,23.54816729,66.63356342,1.001854102,138.0644723,6.518162727,297.9442749,0,139.016922,0.009796196595,61.46594238,100689.8594,16.63070107,3.555830611
188,168.4408466,88.65150718,23.36348713,65.88392268,0.9989111669,138.0644723,6.515420437,297.877533,0,132.2697449,0.002938858932,9.999999747e-05,100731.8672,16.58924866,3.567003649
188.1999969,188.8065675,83.96069114,24.64841608,65.32115433,0.9845929403,140.64322,6.514287949,297.9391479,0,126.6254196,0.0008816577028,60.44556046,100768.25,16.46313858,3.589909135
188.3999939,173.3794895,88.65150718,23.76646657,67.33267795,0.9960571893,138.0644723,6.510589123,297.8760376,0,121.4251938,0.0002644972992,9.999999747e-05,100807.375,16.56453705,3.700509264
188.6000061,177.9246598,88.65150718,23.62576206,66.47308467,0.9985960234,138.0644723,6.505756378,297.938324,0,117.7179565,9.999999747e-05,59.11458206,100844.8047,16.5706501,3.666140425
188.8000031,178.2851708,88.65150718,23.39603342,67.26265726,0.9919311229,138.0644723,6.501654148,297.8762817,0,115.939415,9.999999747e-05,9.999999747e-05,100881.8828,16.5269146,3.686543512
189,175.1062031,88.65150718,23.52077431,67.60411122,0.9895865811,138.0644723,6.496516705,297.9374695,0,115.7958374,9.999999747e-05,58.92741394,100919.5469,16.50824547,3.607968361
189.1999969,173.7507426,88.65150718,23.2560251,67.17446382,0.9912532461,138.0644723,6.493385792,297.874054,0,117.7127914,9.999999747e-05,9.999999747e-05,100957.9531,16.52377701,3.628153713
189.3999939,178.94203,88.65150718,23.60876144,66.99351368,0.9973308605,138.0644723,6.491143703,297.9360962,0,120.8722839,9.999999747e-05,59.5212326,100996.0234,16.57080841,3.629310673
189.6000061,176.0709524,88.65150718,23.64756777,67.13022106,0.9892583044,138.0644723,6.491380692,297.8726501,0,124.9322052,9.999999747e-05,9.999999747e-05,101035.625,16.51062775,3.675342838
189.8000031,180.0252683,88.65150718,23.66238076,67.11952881,0.999430063,138.0644723,6.493487835,297.9358826,0,128.8919678,9.999999747e-05,60.02310181,101075.2969,16.60146141,3.695177094
190,176.6572594,88.65150718,23.70794885,67.79685246,0.9947851513,138.0644723,6.497198105,297.872406,0,132.0106659,9.999999747e-05,9.999999747e-05,101116.375,16.57535934,3.721768535
190.1999969,174.6517173,88.65150718,23.68106372,66.30368952,1.00925009,138.0644723,6.500824928,297.9353638,0,133.6460266,9.999999747e-05,60.37098312,101158.1484,16.67850876,3.681870497
190.3999939,173.7813342,88.65150718,23.78653742,66.36689008,1.013250609,138.0644723,6.504391193,297.8709412,0,133.8359985,9.999999747e-05,9.999999747e-05,101200.1641,16.71076393,3.680467669
190.6000061,171.4220228,88.65150718,23.4088428,67.93400854,0.9980460309,138.0644723,6.506321907,297.9329224,0,132.5993958,9.999999747e-05,60.88515472,101242.2188,16.60677338,3.573159663
190.8000031,189.8719683,86.36950841,23.94534374,66.11114006,0.9908085028,138.0644723,6.507235527,297.8664246,0,130.5957031,9.999999747e-05,9.999999747e-05,101279.4609,16.52039337,3.469172947
191,175.145935,88.65150718,23.71785246,67.82912043,0.9979911838,138.0644723,6.506988049,297.9315796,0,128.2247467,9.999999747e-05,62.15759277,101319.8125,16.59111786,3.541889185
191.1999969,187.5786291,84.52588719,24.65816199,65.50100161,0.9893290781,138.0644723,6.508668423,297.8666077,0,125.9531937,9.999999747e-05,9.999999747e-05,101356.2969,16.49110985,3.536498573
191.3999939,177.5896877,88.65150718,23.61036154,67.34318822,0.9954993142,138.0644723,6.50807476,297.934845,0,122.9995804,9.999999747e-05,62.45572662,101395.0859,16.55673218,3.591229545
191.6000061,175.7380877,88.65150718,23.5968939,65.78726421,1.004297076,138.0644723,6.507089138,297.8726196,0,120.2970505,9.999999747e-05,9.999999747e-05,101433.7188,16.60464668,3.606610074
191.8000031,187.3115856,84.98060954,24.26322158,65.98644349,0.981100373,138.0644723,6.505986214,297.9374084,0,117.9827805,9.999999747e-05,61.20570374,101468.5547,16.41769791,3.479839599
192,181.3784569,88.65150718,23.47913015,67.1702152,0.9941050876,138.0644723,6.501597404,297.872406,0,116.1086807,9.999999747e-05,9.999999747e-05,101504.8906,16.5299015,3.439983717
192.1999969,172.4926699,88.65150718,23.51715966,67.20676966,0.9884405332,138.0644723,6.497747898,297.9368286,0,116.0005035,9.999999747e-05,61.21312714,101543.0391,16.48152351,3.450985511
192.3999939,181.9591241,88.65150718,23.58591461,67.24220528,0.9961184654,138.0644723,6.495055199,297.8728027,0,117.4198456,9.999999747e-05,9.999999747e-05,101579.5625,16.54640388,3.477003869
192.6000061,174.7355345,88.65150718,23.52293945,67.09927808,0.9966574954,138.0644723,6.494300842,297.9371948,0,119.9142838,9.999999747e-05,60.75307083,101618.125,16.55353737,3.515345276
192.8000031,186.1533979,86.74969948,24.00101637,65.99972294,0.9762769924,138.0644723,6.495844841,297.8736267,0,122.70784,9.999999747e-05,9.999999747e-05,101654.5547,16.37386894,3.519802694
193,179.9578696,88.65150718,23.46753333,67.44032858,0.990553503,138.0644723,6.498882294,297.9388123,0,124.8824997,9.999999747e-05,60.43529892,101693.2109,16.51478195,3.613915193
193.1999969,188.1264045,87.21646457,23.87397038,66.28576627,0.9841976638,138.0644723,6.502997875,297.8770752,0,125.8445435,9.999999747e-05,9.999999747e-05,101730.125,16.44795609,3.614142731
193.3999939,183.4851581,86.97349081,24.01192789,65.85491256,0.9796621865,138.0644723,6.506262302,297.9395752,0,125.1616974,9.999999747e-05,59.40408325,101767.7734,16.40095139,3.576516776
193.6000061,179.6837607,88.65150718,23.9688448,67.33521888,0.9968092834,138.0644723,6.506579876,297.87677,0,123.1792374,9.999999747e-05,9.999999747e-05,101806.1172,16.5514679,3.534753214
193.8000031,177.9153937,88.65150718,23.67103303,67.35679856,1.000116475,138.0644723,6.504842281,297.9356689,0,121.076622,9.999999747e-05,59.10543442,101844.2109,16.57958221,3.414953586
194,185.5918507,86.02428367,24.1462322,66.24787153,0.9816309407,138.0644723,6.503172398,297.8693237,0,119.6664734,9.999999747e-05,9.999999747e-05,101879.8047,16.41271591,3.322225644
194.1999969,171.1956075,88.65150718,23.97603402,65.848067,1.00135788,138.0644723,6.500860691,297.9326172,0,118.9173737,9.999999747e-05,60.76301956,101918.9062,16.55893517,3.418427109
194.3999939,185.1298069,86.74004709,24.03304115,65.55306081,0.979065641,138.0644723,6.498059273,297.8663025,0,119.0953217,9.999999747e-05,9.999999747e-05,101954.5703,16.37599945,3.268025638
194.6000061,180.9267595,88.65150718,23.43074471,67.31539235,0.9993570119,138.0644723,6.49599123,297.9307861,0,120.3933105,9.999999747e-05,62.46787262,101991.8047,16.57096481,3.3165056
194.8000031,187.5843383,85.93985383,23.98353169,65.91977238,0.9767054559,138.0644723,6.496575832,297.8644409,0,122.5145493,9.999999747e-05,9.999999747e-05,102027.5625,16.37044334,3.315837259
195,187.0310401,84.78233125,24.42525151,65.8821709,0.9834741002,138.0644723,6.49836874,297.9303894,0,124.3956833,9.999999747e-05,63.12886047,102063.625,16.42803574,3.319513341
195.1999969,187.0351731,84.02793741,24.63326452,63.9939253,0.9869214235,138.0644723,6.500919342,297.8641357,0,125.5641556,9.999999747e-05,9.999999747e-05,102099.7656,16.43155289,3.315084014
195.3999939,177.6756549,88.65150718,23.57982444,67.4046491,0.9906618912,138.0644723,6.502189636,297.9317627,0,125.7138367,9.999999747e-05,63.52945328,102138.9062,16.50114822,3.404819857
195.6000061,181.9443454,88.65150718,23.68882614,67.10049395,0.9984559148,138.0644723,6.502557278,297.8657837,0,125.3619843,9.999999747e-05,9.999999747e-05,102177.0547,16.55851364,3.369312459
195.8000031,184.3015182,87.00652332,24.09722809,64.29692369,0.9901499773,138.0644723,6.50223732,297.9323425,0,124.8618927,9.999999747e-05,63.55006409,102214.1797,16.44989586,3.277307341
196,173.4693463,88.65150718,23.54482254,67.4787098,0.9906093297,138.0644723,6.502432346,297.8662109,0,124.4891052,9.999999747e-05,9.999999747e-05,102253.8438,16.49688339,3.3407268
196.1999969,178.1741357,88.65150718,23.4613052,67.43061983,0.9892300763,138.0644723,6.5020051,297.9319763,0,124.0345917,9.999999747e-05,63.2387619,102292.3906,16.48428726,3.300229425
196.3999939,179.0242517,88.65150718,23.68261317,67.14655471,0.9910194499,138.0644723,6.500305653,297.8656006,0,123.7546158,9.999999747e-05,9.999999747e-05,102330.6484,16.48960876,3.245458963
196.6000061,176.3296988,88.65150718,23.3800588,67.45749132,0.9973808463,138.0644723,6.500628471,297.9312439,0,124.1564941,9.999999747e-05,63.22228622,102369.6094,16.55255127,3.309247123
196.8000031,175.6360826,88.65150718,23.62993668,65.53335623,0.9992537033,138.0644723,6.501094818,297.8654175,0,124.4185944,9.999999747e-05,9.999999747e-05,102408.8203,16.53655052,3.331723069
197,179.7470957,88.65150718,23.46950841,67.50210504,0.998595971,138.0644723,6.501905918,297.9311218,0,124.500206,9.999999747e-05,63.07240677,102447.1953,16.56053162,3.328540468
197.1999969,181.1382828,88.65150718,23.82512832,67.40950004,1.001150955,138.0644723,6.501403332,297.8648071,0,124.256691,9.999999747e-05,9.999999747e-05,102485.2031,16.57271576,3.28790793
197.3999939,172.7944648,88.65150718,23.8171211,65.53887235,1.000334018,138.0644723,6.502072811,297.9318237,0,124.2196121,9.999999747e-05,63.36236572,102525.0156,16.53940773,3.342433252
197.6000061,176.6506758,88.65150718,23.672023,65.87257978,0.9986248919,138.0644723,6.501893044,297.8655396,0,123.9067688,9.999999747e-05,9.999999747e-05,102563.8672,16.53032303,3.281076271
197.8000031,178.4396874,88.65150718,23.44628871,67.15620457,0.9954355681,138.0644723,6.501006603,297.9316101,0,123.672226,9.999999747e-05,63.54246902,102602.1953,16.52375984,3.213156031
198,175.9811814,88.65150718,23.88959927,66.06424682,1.006569064,138.0644723,6.498530388,297.8653259,0,123.7920074,9.999999747e-05,9.999999747e-05,102641.0156,16.59281731,3.155015672
198.1999969,180.4689391,88.65150718,23.61627923,67.24790725,0.9957452126,138.0644723,6.495943546,297.9308777,0,124.9051514,9.999999747e-05,63.33462143,102679.0234,16.52361298,3.08979341
198.3999939,175.6714668,88.65150718,23.54855831,67.37868192,0.9882840665,138.0644723,6.494554043,297.864624,0,127.0481949,9.999999747e-05,9.999999747e-05,102718.4531,16.46600151,3.099407884
198.6000061,171.3917695,88.6254186,24.08371638,65.52104504,0.9987767061,138.0644723,6.492206573,297.9301453,0,129.7429199,9.999999747e-05,63.34266663,102759.2891,16.52193069,3.049272847
198.8000031,177.2277078,88.65150718,23.29586252,67.81396063,0.9944811824,138.0644723,6.490347385,297.8639526,0,133.3834686,9.999999747e-05,9.999999747e-05,102799.4375,16.5343914,2.935736964
199,191.0993271,86.84445756,24.32571415,65.76579457,0.9824128578,138.0644723,6.490638256,297.9296875,0,137.7631073,9.999999747e-05,63.45556641,102837.375,16.40333939,2.982453551
199.1999969,174.3908614,88.65150718,23.33233851,66.03658583,0.997419062,138.0644723,6.492526531,297.8634644,0,142.0208588,9.999999747e-05,9.999999747e-05,102879.9219,16.54470444,2.998354846
199.3999939,180.3966821,88.65150718,23.48563871,67.43279009,0.9977291449,138.0644723,6.494904518,297.9293518,0,145.5249634,9.999999747e-05,63.60203934,102921.9453,16.56790352,2.995006116
199.6000061,176.7631891,88.65150718,23.65843574,66.14378408,0.9994383372,138.0644723,6.498880386,297.8631592,0,148.0813904,9.999999747e-05,9.999999747e-05,102965.3125,16.56437874,3.055917951
199.8000031,175.2786163,88.65150718,23.70738815,67.94238839,1.000180934,138.0644723,6.50307703,297.9291382,0,149.0437317,9.999999747e-05,63.69797516,103009.1875,16.59481812,3.065328368
200,176.6760896,88.65150718,23.31028564,68.73197444,1.000317778,138.0644723,6.509810448,297.8629456,0,148.3319702,9.999999747e-05,9.999999747e-05,103052.7188,16.61164474,3.1662644
200.1999969,188.0582462,86.17459378,24.40361238,66.43754087,0.9956762247,138.0644723,6.515895367,297.9290466,0,144.9191742,9.999999747e-05,63.76839066,103092.7734,16.53133392,3.169342645
200.3999939,175.5581071,88.65150718,23.41466548,68.08446325,0.9990995151,138.0644723,6.519605637,297.862854,0,139.0825195,9.999999747e-05,9.999999747e-05,103134.6797,16.57528114,3.188570419
200.6000061,177.0870813,88.65150718,23.57822894,67.71735016,0.9906064697,138.0644723,6.521199226,297.9288635,0,131.7675934,9.999999747e-05,63.81173325,103174.8359,16.48473549,3.218477961
200.8000031,181.1381617,88.65150718,23.88993157,68.12526994,0.9991556303,138.0644723,6.520441055,297.8636475,0,123.8145523,9.999999747e-05,9.999999747e-05,103212.6484,16.54389191,3.259670746
201,181.3852768,88.65150718,23.79201436,65.52119844,1.005308255,138.0644723,6.516827583,297.9303284,0,116.1657486,9.999999747e-05,63.3301506,103248.7969,16.54795265,3.221286396
201.1999969,183.5012451,88.65150718,23.59299925,66.75677372,0.9938426976,138.0644723,6.512367725,297.8680725,0,109.9641724,9.999999747e-05,9.999999747e-05,103283.3125,16.46269417,3.255983079
201.3999939,181.2085362,88.65150718,23.6198945,66.71497137,0.994460777,138.0644723,6.50645256,297.9341431,0,105.5400925,9.999999747e-05,61.72475052,103317.4062,16.45937157,3.237550933
201.6000061,191.6177887,86.93889956,24.14364912,65.28427737,0.9768854495,138.0644723,6.499685287,297.8710938,0,103.48423,9.999999747e-05,9.999999747e-05,103348.5234,16.28783226,3.146906349
201.8000031,179.6002518,88.65150718,23.59207466,66.40911053,0.9889104191,138.0644723,6.494066715,297.9360962,0,104.1334381,9.999999747e-05,61.22282791,103382.7031,16.40478134,3.21696387
202,182.180875,88.65150718,23.55789112,65.42616465,1.000642957,138.0644723,6.489994526,297.8741455,0,107.0235519,9.999999747e-05,9.999999747e-05,103416.9844,16.4928112,3.222234853
202.1999969,178.3109453,88.65150718,23.90713837,66.67801503,0.9909016089,138.0644723,6.487137318,297.9352417,0,111.5410233,9.999999747e-05,59.99881744,103453.0391,16.42930412,3.212724727
202.3999939,185.5822223,87.03974947,24.18984092,64.18707206,0.9856372711,138.0644723,6.487057686,297.8708191,0,117.2024307,9.999999747e-05,9.999999747e-05,103488.4219,16.36095619,3.18564632
202.6000061,176.8666406,88.65150718,23.79832573,65.30378553,0.9992591707,138.0644723,6.488666534,297.9306946,0,122.8904495,9.999999747e-05,60.44139099,103527.1406,16.49673843,3.216753344
202.8000031,180.5550282,88.65150718,23.62749802,67.07300408,0.9908862172,138.0644723,6.491323948,297.8645935,0,127.9383698,9.999999747e-05,9.999999747e-05,103566.0547,16.46126556,3.167197168
203,175.1452572,88.65150718,23.49502375,66.16224546,0.9976872088,138.0644723,6.493685246,297.926178,0,131.9252319,9.999999747e-05,61.8944397,103606.75,16.51262283,3.070278903
203.1999969,176.0213561,88.65150718,23.38576208,67.7272432,0.9903656574,138.0644723,6.497159958,297.8601074,0,134.9718018,9.999999747e-05,9.999999747e-05,103647.8672,16.47836494,3.068934285
203.3999939,193.0346931,86.92215239,24.05930411,66.18518544,0.9831392282,138.0644723,6.501561642,297.924408,0,136.6239777,9.999999747e-05,63.20140457,103685.5,16.39610481,3.068651093
203.6000061,192.0336257,87.47297668,23.89399155,66.67611581,0.9798571794,138.0644723,6.505547523,297.8583679,0,136.5160522,9.999999747e-05,9.999999747e-05,103723.3906,16.37346649,3.070095011
203.8000031,187.5528305,87.43031401,24.04301834,65.73753285,0.9747116097,138.0644723,6.508198261,297.9246521,0,134.8181152,9.999999747e-05,64.19988251,103761.8047,16.31087303,3.045427164
204,182.7158906,88.65150718,23.48566912,68.24109254,0.9832994974,138.0644723,6.510604858,297.8586121,0,132.062912,9.999999747e-05,9.999999747e-05,103800.8984,16.4148941,3.09180882
204.1999969,180.4266897,88.65150718,23.41051267,67.34115274,0.9935447832,138.0644723,6.511712074,297.9256592,0,128.341507,9.999999747e-05,64.65843201,103839.6641,16.48280334,3.079657606
204.3999939,178.7104713,88.65150718,23.65568661,67.05113679,0.9899702371,138.0644723,6.510721684,297.8596497,0,124.1808014,9.999999747e-05,9.999999747e-05,103877.8984,16.43669128,3.057997747
204.6000061,188.1713907,87.31208164,24.07611248,65.82251519,0.9804832262,138.0644723,6.509636402,297.9266357,0,120.4189987,9.999999747e-05,64.64668274,103913.1797,16.33329773,3.078639497
204.8000031,184.5874734,86.9252034,23.94773862,66.06988959,0.9772415341,138.0644723,6.505759716,297.8606873,0,117.0848007,9.999999747e-05,9.999999747e-05,103948.2109,16.30736923,2.935996106
205,182.4513143,88.65150718,23.76875686,66.97181676,0.9892135102,138.0644723,6.500264168,297.927063,0,115.3100739,9.999999747e-05,64.3944397,103983.6641,16.40978241,2.93377733
205.1999969,182.5755778,88.65150718,23.63428174,66.91918555,0.9854238971,138.0644723,6.495607376,297.861084,0,115.7299728,9.999999747e-05,9.999999747e-05,104019.1641,16.37874413,2.94084634
205.3999939,178.4401624,88.65150718,23.65477196,65.97844699,0.9956953017,138.0644723,6.491474628,297.9269104,0,118.0046768,9.999999747e-05,64.17558289,104055.9453,16.45328712,2.914265671
205.6000061,188.8459393,88.65150718,23.58569728,67.25401349,0.9950108148,138.0644723,6.488301277,297.8609619,0,121.9335251,9.999999747e-05,9.999999747e-05,104091.3359,16.47140503,2.882747626
205.8000031,177.0202591,87.84647678,24.12284285,67.34213504,0.9934219234,138.0644723,6.487868786,297.9265137,0,127.1301727,9.999999747e-05,64.06031799,104130.1797,16.46154976,2.94155393
206,187.1959684,88.65150718,23.45356005,67.34469992,0.9983322814,138.0644723,6.48922205,297.8605652,0,132.4940033,9.999999747e-05,9.999999747e-05,104168.125,16.51648903,2.931002514
206.1999969,183.7386208,86.16373342,24.25005871,66.10317814,0.9732452996,138.0644723,6.493658066,297.9260864,0,137.3193512,9.999999747e-05,64.0670166,104207.3438,16.29582977,2.954450213
206.3999939,179.283534,88.65150718,23.9347498,68.08040967,0.9927611775,138.0644723,6.497605324,297.8601379,0,140.3658447,9.999999747e-05,9.999999747e-05,104248.6641,16.48158264,2.994209327
206.6000061,180.8578852,88.65150718,23.88637145,67.70445953,1.009782078,138.0644723,6.501179218,297.9256592,0,141.8450012,9.999999747e-05,64.14308929,104289.9141,16.62110519,2.958016364
206.8000031,181.3683508,88.65150718,23.57303885,67.7377712,0.9988673545,138.0644723,6.503279686,297.8597412,0,141.8942108,9.999999747e-05,9.999999747e-05,104330.9062,16.53433609,2.862472316
207,177.5596238,88.65150718,23.61515388,67.98829661,1.001495617,138.0644723,6.505717754,297.925354,0,141.1069031,9.999999747e-05,64.20751953,104372.5625,16.55693626,2.892181274
207.1999969,182.5842321,88.65150718,23.95197543,67.95149992,0.9973048164,138.0644723,6.507621765,297.859436,0,139.3384399,9.999999747e-05,9.999999747e-05,104412.9062,16.51156425,2.927237271
207.3999939,178.6112224,88.65150718,23.508773,65.68815617,0.9970921907,138.0644723,6.509204865,297.9250793,0,136.8112946,9.999999747e-05,64.28288269,104453.4766,16.4806118,2.906655557
207.6000061,189.7515462,87.33882067,24.08695519,66.42716046,0.9784587016,138.0644723,6.51115942,297.8592224,0,133.6503296,9.999999747e-05,9.999999747e-05,104490.9609,16.32647896,2.958870867
207.8000031,182.9427268,88.65150718,23.47557788,67.3558055,0.9948020562,138.0644723,6.510189056,297.9248962,0,129.7052765,9.999999747e-05,64.32606506,104529.1641,16.47265816,2.883242183
208,181.3373195,88.65150718,23.62968692,67.1208149,0.9939743143,138.0644723,6.509072781,297.8590088,0,126.1591644,9.999999747e-05,9.999999747e-05,104567.0703,16.45292282,2.93744311
208.1999969,176.790549,88.65150718,23.76301031,66.1467278,0.9967373862,138.0644723,6.50770092,297.9246826,0,123.0505829,9.999999747e-05,64.38075256,104605.3594,16.45402145,2.97976961
208.3999939,183.595404,88.3279929,23.85751175,66.20451628,0.9820589853,138.0644723,6.505858421,297.8588257,0,120.4912338,9.999999747e-05,9.999999747e-05,104641.6875,16.32693672,2.982155279
208.6000061,181.5060686,88.65150718,23.57882887,65.56933595,0.9879965147,138.0644723,6.50381279,297.9244995,0,118.6695251,9.999999747e-05,64.41729736,104678.1328,16.36662102,2.981857663
208.8000031,180.7473159,88.65150718,23.96260125,67.13018661,0.9931463084,138.0644723,6.501778603,297.859375,0,117.6651611,9.999999747e-05,9.999999747e-05,104714.6484,16.42309952,3.023835189
209,177.7171768,88.65150718,23.54551184,66.71348322,1.000217387,138.0644723,6.500503063,297.9249878,0,117.4738235,9.999999747e-05,64.07196045,104751.7266,16.48253822,3.018037614
209.1999969,182.622696,88.65150718,23.57287262,66.87245229,0.9949682927,138.0644723,6.498456478,297.8591309,0,117.7902451,9.999999747e-05,9.999999747e-05,104787.7969,16.43968773,2.961025995
209.3999939,179.1889308,88.65150718,23.57811317,66.76610371,0.9903410142,138.0644723,6.497374535,297.924469,0,118.930191,9.999999747e-05,64.33039856,104824.8516,16.4001255,2.980750313
209.6000061,179.9616985,88.65150718,23.73704065,65.13323801,0.9990753389,138.0644723,6.497076511,297.8586731,0,120.4973145,9.999999747e-05,9.999999747e-05,104862.1328,16.44757462,3.002034807
209.8000031,178.3066438,88.65150718,23.69393909,66.99357631,0.9897094024,138.0644723,6.497768879,297.9241028,0,122.1841278,9.999999747e-05,64.33350372,104900.125,16.39902496,3.014650298
210,182.5485485,88.65150718,23.71333114,66.56867553,0.993373045,138.0644723,6.499413013,297.8587952,0,123.5933838,9.999999747e-05,9.999999747e-05,104937.5859,16.42411995,3.039026973
210.1999969,179.3610335,88.65150718,23.64144815,65.52410191,0.9972581884,138.0644723,6.501739502,297.92453,0,124.3450851,9.999999747e-05,64.18725586,104975.8828,16.4427948,3.052594908
210.3999939,185.4691882,87.10711839,24.05450974,64.07996972,0.9823787612,138.0644723,6.50444603,297.8593445,0,124.1668167,9.999999747e-05,9.999999747e-05,105012.5625,16.29669952,3.031645146
210.6000061,180.2021315,88.65150718,23.709382,66.51626807,0.9929826363,138.0644723,6.507297516,297.9269409,0,122.9070282,9.999999747e-05,64.12672424,105050.5,16.41596985,3.111403369
210.8000031,178.1409819,88.65150718,23.52735004,67.05587498,0.9892132036,138.0644723,6.50948,297.8644714,0,120.5073013,9.999999747e-05,9.999999747e-05,105088.3516,16.39056015,3.104675613
211,186.8878705,88.03623923,24.09377439,64.37566861,0.9884064963,138.0644723,6.510314941,297.9305725,0,117.2373505,9.999999747e-05,62.74082184,105123.6719,16.33121872,3.109143108
211.1999969,176.2587149,88.65150718,23.52063078,66.92663442,0.9857679891,138.0644723,6.509250164,297.8682861,0,113.6356125,9.999999747e-05,9.999999747e-05,105160.4219,16.34715843,3.044726157
211.3999939,183.7538138,88.65150718,24.00446147,66.73902007,0.9954996095,138.0644723,6.506311893,297.9315186,0,110.4617081,9.999999747e-05,61.55712509,105195.0234,16.41164398,3.031758089
211.6000061,177.1190566,88.65150718,23.56686617,66.75508059,0.9837621559,138.0644723,6.503608227,297.8701477,0,108.4632416,9.999999747e-05,9.999999747e-05,105230.5391,16.31663895,3.027245016
211.8000031,192.9807302,87.6060714,24.05200403,64.32383945,0.9896858114,138.0644723,6.500227928,297.9300537,0,107.5393372,9.999999747e-05,60.19618225,105262.3438,16.32491684,2.978271205
212,178.4613063,88.65150718,23.87995357,65.1116625,0.9893219834,138.0644723,6.495960712,297.8667603,0,107.9706802,9.999999747e-05,9.999999747e-05,105297.375,16.33006859,2.934147684
212.1999969,181.4473738,88.65150718,23.57275053,65.22441288,0.9942992932,138.0644723,6.491701126,297.9240112,0,110.1095657,9.999999747e-05,60.60999298,105332.0703,16.38160706,2.842262427
212.3999939,184.8226908,88.65150718,23.44064157,66.8553361,0.985696899,138.0644723,6.490118504,297.8586121,0,113.9494629,9.999999747e-05,9.999999747e-05,105366.9219,16.34029388,2.896102269
212.6000061,184.1209569,88.65150718,24.15769131,66.73806533,1.004162224,138.0644723,6.489219666,297.9191895,0,118.4136581,9.999999747e-05,62.20626831,105402.9141,16.48650551,2.910724532
212.8000031,184.1675402,88.65150718,23.43621696,66.89893305,0.9915803016,138.0644723,6.490525246,297.8534851,0,123.2436981,9.999999747e-05,9.999999747e-05,105439.7578,16.40227509,2.874562064
213,177.82321,88.65150718,23.37866094,67.11508897,0.9919206652,138.0644723,6.494058609,297.9178162,0,127.5465088,9.999999747e-05,64.16261292,105478.8281,16.41472626,2.910439822
213.1999969,190.560902,88.20899308,24.02430728,66.14207188,0.98117825,138.0644723,6.498133659,297.8521423,0,130.4357452,9.999999747e-05,9.999999747e-05,105515.8516,16.30455399,2.933081682
213.3999939,183.7920378,88.65150718,23.63647314,65.47236614,0.9934941,138.0644723,6.50315094,297.9188538,0,131.7001648,9.999999747e-05,65.36595154,105554.6172,16.40276527,2.952185894
213.6000061,176.2512604,88.65150718,23.60317663,67.22639619,0.9827549615,138.0644723,6.508038521,297.8531494,0,130.9562836,9.999999747e-05,9.999999747e-05,105594.7734,16.33671379,2.960003382
213.8000031,181.4035352,88.65150718,23.80613654,66.8502898,0.9824939868,138.0644723,6.509849548,297.9205627,0,128.2608185,9.999999747e-05,65.76025391,105633.2031,16.32069778,2.872550044
214,182.8982325,88.65150718,23.49279983,67.60141834,0.9880785611,138.0644723,6.510570526,297.8548889,0,124.8506927,9.999999747e-05,9.999999747e-05,105670.5391,16.37729836,2.841666741
214.1999969,180.0686728,88.65150718,23.56361597,65.60501966,0.9960190036,138.0644723,6.510318279,297.9218445,0,121.1459198,9.999999747e-05,65.58345795,105707.7188,16.40602303,2.855388992
214.3999939,181.9820378,88.65150718,24.05005799,67.08656965,1.004882727,138.0644723,6.509616852,297.8580627,0,117.5416794,9.999999747e-05,9.999999747e-05,105743.9375,16.48641205,2.934375399
214.6000061,175.6064801,88.65150718,23.64056898,66.66259857,0.9896316235,138.0644723,6.509081364,297.9256897,0,114.2163925,9.999999747e-05,64.2592926,105780.8047,16.35307693,2.961628961
214.8000031,177.928212,88.65150718,23.46951444,66.13981674,0.9847856897,138.0644723,6.508524418,297.8651123,0,111.103302,9.999999747e-05,9.999999747e-05,105816.6094,16.30109787,2.999621236
215,191.5859742,86.7827404,24.17152953,65.45187046,0.9720334271,138.0644723,6.507604599,297.930542,0,108.2136536,9.999999747e-05,62.04811859,105848.6797,16.17730904,2.994287877
215.1999969,179.4751677,88.65150718,23.5506597,66.11108991,0.9947115672,138.0644723,6.504216194,297.8695068,0,105.6929932,9.999999747e-05,9.999999747e-05,105883,16.37209129,2.930665693
215.3999939,176.2365907,88.65150718,23.99889601,65.24301233,0.9854209211,138.0644723,6.499955177,297.931427,0,104.5346985,9.999999747e-05,60.75585938,105917.8047,16.2700634,2.922095986
215.6000061,186.4202415,88.65150718,23.42428816,66.67315464,0.9870225239,138.0644723,6.495755196,297.8683167,0,105.0758286,9.999999747e-05,9.999999747e-05,105950.4609,16.31561089,2.840148947
215.8000031,191.3642982,88.0854296,23.8308655,65.2197131,0.9812132586,138.0644723,6.492916584,297.9280701,0,107.2938156,9.999999747e-05,60.74546814,105982.5312,16.24311829,2.863745839
216,186.6897784,88.65150718,23.26617812,66.62913253,0.983197803,138.0644723,6.492642879,297.8659058,0,110.6430283,9.999999747e-05,9.999999747e-05,106016.4062,16.29131508,2.912390561
216.1999969,182.998637,88.65150718,24.0444586,66.77603658,0.9926277247,138.0644723,6.493679047,297.9269714,0,114.0977097,9.999999747e-05,60.41009521,106051.9531,16.36288834,2.978895817
216.3999939,187.9340794,88.65150718,23.61579701,65.29495364,0.9948508422,138.0644723,6.497043133,297.8664551,0,117.1417847,9.999999747e-05,9.999999747e-05,106087.1328,16.36974525,3.010261315
216.6000061,183.0612793,88.65150718,23.54223678,66.68786281,0.9857914116,138.0644723,6.501357555,297.9272461,0,118.8368759,9.999999747e-05,60.13591766,106123.6875,16.31798935,3.023135416
216.8000031,181.2682622,88.65150718,23.64033743,66.49715043,0.9831265933,138.0644723,6.504631042,297.8658752,0,118.8103714,9.999999747e-05,9.999999747e-05,106160.5625,16.28991318,2.978066432
217,184.4030651,88.48192179,24.07741135,65.46104242,0.975534617,138.0644723,6.507157326,297.9270325,0,117.4810867,9.999999747e-05,60.43626785,106196.5547,16.20026588,2.991773567
217.1999969,184.2687039,88.65150718,23.68201652,65.62422265,0.9897336298,138.0644723,6.509118557,297.8666992,0,115.140358,9.999999747e-05,9.999999747e-05,106232.0859,16.32299423,2.981317026
217.3999939,178.9186935,88.65150718,24.32649069,65.20883239,1.00619105,138.0644723,6.50881815,297.9278564,0,112.0146103,9.999999747e-05,60.03570557,106268.1328,16.43726349,2.967536649
217.6000061,190.2640847,84.68985586,24.72293274,65.91089837,0.9913449582,139.9853623,6.508979321,297.8662109,0,109.0146637,9.999999747e-05,9.999999747e-05,106300.6406,16.33946609,2.873145534
217.8000031,185.3079541,88.65150718,23.64696873,66.16778467,0.9862560796,138.0644723,6.507456303,297.9289551,0,105.9414062,9.999999747e-05,60.54052353,106334.0312,16.28474045,2.94870598
218,182.549303,88.65150718,23.90052467,64.27735959,0.9960488633,138.0644723,6.50576973,297.872406,0,103.4844055,9.999999747e-05,9.999999747e-05,106367.6172,16.32660866,3.005419731
218.1999969,179.6990672,86.16041155,24.48205941,65.68735203,0.9852143336,138.0644723,6.505321503,297.9341431,0,101.6970978,9.999999747e-05,58.17583466,106400.9766,16.25995636,3.026040009
218.3999939,190.1369382,88.65150718,23.82512228,64.45984678,0.9844653234,138.0644723,6.504122257,297.8807983,0,100.0846558,9.999999747e-05,9.999999747e-05,106432.4688,16.22454071,3.085717855
218.6000061,184.4195975,88.65150718,23.60533947,65.24834695,0.9897955281,138.0644723,6.503545284,297.9398804,0,98.95819855,9.999999747e-05,55.28031921,106464.9531,16.28282928,3.119853465
218.8000031,187.2298154,88.65150718,23.42498584,66.36175347,0.9870632707,138.0644723,6.503563881,297.8892822,0,98.05820465,9.999999747e-05,9.999999747e-05,106496.75,16.27768707,3.152875941
219,183.417932,88.65150718,23.446458,66.25650824,0.9971456094,138.0644723,6.503270149,297.9434204,0,97.15074921,9.999999747e-05,52.0914917,106529.1562,16.35809135,3.146102438
219.1999969,191.6629274,88.65150718,23.42938561,66.13970622,0.991219201,138.0644723,6.501865387,297.8913269,0,96.3637619,9.999999747e-05,9.999999747e-05,106559.6094,16.30454826,3.082108082
219.3999939,186.7630101,88.65150718,23.32940468,66.22643243,0.9818385808,138.0644723,6.500983238,297.9418945,0,96.14124298,9.999999747e-05,50.90097427,106591.0625,16.22704506,3.094842068
219.6000061,190.7697868,88.65150718,23.72509474,66.02998259,0.9798643442,138.0644723,6.499570847,297.8901367,0,96.2664032,9.999999747e-05,9.999999747e-05,106621.7422,16.19905472,3.076063244
219.8000031,182.3156545,88.3228637,24.35117552,65.93893138,1.000892978,138.0644723,6.498386383,297.9396667,0,96.95982361,9.999999747e-05,50.14560318,106654.3359,16.36530304,3.087714828
220,183.4134956,88.65150718,23.54906575,66.15904505,0.9850077227,138.0644723,6.498113155,297.8872986,0,98.12469482,9.999999747e-05,9.999999747e-05,106686.8906,16.24806404,3.053094602
220.1999969,180.6751399,88.65150718,23.74614682,65.06651557,0.9867621877,138.0644723,6.498795986,297.9372559,0,99.39653015,9.999999747e-05,50.63039017,106720.3672,16.2421093,3.082982202
220.3999939,188.6730758,88.65150718,23.763024,66.29945461,0.979439256,138.0644723,6.49929142,297.8843994,0,100.3950729,9.999999747e-05,9.999999747e-05,106752.3281,16.20054436,3.041270292
220.6000061,187.6474056,88.65150718,23.52135459,66.32886285,0.9881639375,138.0644723,6.500335693,297.934021,0,101.1990433,9.999999747e-05,51.46199036,106784.625,16.27897835,3.0257154
220.8000031,187.1318467,87.16723318,24.53977562,64.54869605,0.9990769212,138.0644723,6.501668453,297.8813477,0,101.5829086,9.999999747e-05,9.999999747e-05,106816.9062,16.33275604,3.032865025
221,185.359294,88.33533498,24.34194521,66.83840492,0.9921126486,138.0644723,6.502039909,297.9322205,0,101.4344559,9.999999747e-05,51.93783951,106849.7344,16.30501366,3.016708691
221.1999969,188.0336568,88.65150718,23.55061986,66.12916097,0.9905090157,138.0644723,6.50280714,297.8783875,0,101.1416016,9.999999747e-05,9.999999747e-05,106881.8984,16.29061699,2.992547569
221.3999939,189.2260831,88.65150718,24.05063449,65.16063506,0.985850327,138.0644723,6.502699375,297.9311523,0,100.5373306,9.999999747e-05,53.19284058,106913.7422,16.2244339,2.987178616
221.6000061,190.5063381,88.65150718,23.62313504,66.25973486,0.9846035378,138.0644723,6.50333786,297.8782349,0,99.98030853,9.999999747e-05,9.999999747e-05,106945.1875,16.23643494,3.004218401
221.8000031,195.1311155,88.65150718,23.59784546,66.13581455,0.9922522373,138.0644723,6.503267288,297.9313049,0,99.1627121,9.999999747e-05,53.42796707,106975.4609,16.29703712,2.971843517
222,185.57426,88.65150718,23.55355348,65.9411413,0.9802428814,138.0644723,6.502975464,297.8778687,0,98.37813568,9.999999747e-05,9.999999747e-05,107007.5234,16.190588,2.962992912
222.1999969,183.5272932,88.65150718,23.82592589,65.82537122,0.9883010081,138.0644723,6.503283501,297.9342651,0,97.70869446,9.999999747e-05,53.726017,107040.0312,16.24801064,3.031945915
222.3999939,181.5404384,88.65150718,23.65719665,64.53043704,0.9857914891,138.0644723,6.503918171,297.8843689,0,96.91337585,9.999999747e-05,9.999999747e-05,107072.8125,16.20532608,3.053288924
222.6000061,192.032678,88.65150718,23.75544955,65.39669928,0.984211376,138.0644723,6.505196571,297.9411316,0,95.86501312,9.999999747e-05,52.19120026,107103.375,16.20032883,3.124172675
222.8000031,192.380765,88.65150718,23.39651977,66.41192046,0.9782945595,138.0644723,6.505779266,297.8930359,0,94.30431366,9.999999747e-05,9.999999747e-05,107133.4609,16.16992569,3.090719471
223,180.5962548,87.71493428,24.604308,65.53217157,0.9900259199,138.0644723,6.505709171,297.9472656,0,92.5147171,9.999999747e-05,50.02140427,107165.6328,16.23418236,3.130628318
223.1999969,187.8726083,88.65150718,24.00588108,65.39759051,0.9761069691,138.0644723,6.505054474,297.9022217,0,90.75311279,9.999999747e-05,9.999999747e-05,107196.125,16.11402702,3.136620141
223.3999939,188.500755,88.65150718,23.44858854,66.26082813,0.9839663451,138.0644723,6.503930569,297.9488525,0,89.25331116,9.999999747e-05,46.63014603,107226.0547,16.20179367,3.094175441
223.6000061,183.2003888,88.65150718,23.30971858,66.03784198,0.9939128914,138.0644723,6.502285957,297.9019775,0,88.20261383,9.999999747e-05,9.999999747e-05,107256.8125,16.28170204,3.061560871
223.8000031,191.1749286,88.65150718,23.87634575,65.30957333,0.9964764967,138.0644723,6.501070976,297.9480286,0,87.80998993,9.999999747e-05,45.32936096,107286.0781,16.27752304,3.130602144
224,187.8355748,88.65150718,23.52363366,66.23623704,0.9855000361,138.0644723,6.50006628,297.9029236,0,87.900383,9.999999747e-05,9.999999747e-05,107315.9766,16.20574188,3.100505239
224.1999969,190.3960038,88.65150718,23.78097712,64.5899996,0.9843678983,138.0644723,6.498615265,297.9450378,0,88.39333344,9.999999747e-05,44.46420288,107345.4062,16.16418839,3.057827628
224.3999939,190.4748049,88.65150718,23.7563317,64.95757209,0.9811688457,138.0644723,6.498066425,297.8989258,0,89.46878052,9.999999747e-05,9.999999747e-05,107375.0859,16.14352989,3.067395321
224.6000061,188.4688744,88.65150718,24.0746799,65.28326568,0.971564289,138.0644723,6.497182369,297.9399109,0,90.75930023,9.999999747e-05,44.57065582,107405.3906,16.0637455,3.017368072
224.8000031,188.5174704,85.64410002,24.74240018,65.75830034,0.9959922597,139.1488025,6.498568058,297.8914795,0,92.40757751,9.999999747e-05,9.999999747e-05,107435.625,16.29052925,3.000141013
225,195.747486,85.7961942,24.60592826,66.18376926,0.9833052816,138.0644723,6.500799656,297.9360046,0,93.49303436,9.999999747e-05,46.48727417,107464.4219,16.19002724,3.017607993
225.1999969,178.4129471,88.65150718,23.53174271,65.86670861,0.977938583,138.0644723,6.502476215,297.8889465,0,93.69034576,9.999999747e-05,9.999999747e-05,107497.4219,16.13582039,3.039331382
225.3999939,185.5120729,88.65150718,23.85284622,65.94613735,0.9792693457,138.0644723,6.504229069,297.9379272,0,93.22156525,9.999999747e-05,47.45434952,107528.9922,16.13921928,3.081605078
225.6000061,181.1262365,88.65150718,24.31096427,66.12184588,0.984368964,138.0644723,6.504652977,297.8925781,0,92.04959869,9.999999747e-05,9.999999747e-05,107561.2422,16.17335892,3.059560917
225.8000031,188.2468117,86.64063165,24.27567907,65.51878826,0.9780156037,138.0644723,6.505326271,297.9393921,0,90.71266937,9.999999747e-05,47.32918549,107591.1719,16.12299347,3.000061846
226,190.5811424,88.65150718,23.68278253,66.01777764,0.9896748218,138.0644723,6.504606247,297.8927612,0,89.10134888,9.999999747e-05,9.999999747e-05,107620.7031,16.22076225,3.007734532
226.1999969,187.2833264,88.65150718,23.70885289,65.34187596,0.9879506027,138.0644723,6.501976967,297.9368286,0,87.78336334,9.999999747e-05,47.14829636,107650.4531,16.19300652,2.902127424
226.3999939,191.7741122,88.65150718,23.81388196,65.81652039,0.9768119693,138.0644723,6.498762608,297.8860779,0,87.51889038,9.999999747e-05,9.999999747e-05,107679.1484,16.1036129,2.855729013
226.6000061,189.8905243,88.65150718,23.65150419,65.37782109,0.9901156868,138.0644723,6.496389866,297.932373,0,88.53598022,9.999999747e-05,49.03514862,107708.4141,16.2112751,2.850240581
226.8000031,178.2626183,88.65150718,23.69443683,65.40382268,0.9788779394,138.0644723,6.495044708,297.8813782,0,90.49752808,9.999999747e-05,9.999999747e-05,107740.4844,16.11709976,2.850373172
227,183.6807989,88.65150718,23.52193847,65.73306137,0.982774473,138.0644723,6.495047092,297.9300232,0,92.99645996,9.999999747e-05,50.59661102,107771.9141,16.16109085,2.844681577
227.1999969,188.9758651,88.65150718,23.3508622,66.41108876,0.984100107,138.0644723,6.495691776,297.8763123,0,95.4932251,9.999999747e-05,9.999999747e-05,107802.6484,16.18967819,2.795374474
227.3999939,181.5892547,88.65150718,23.92722616,63.80033603,0.9892528158,138.0644723,6.497523308,297.9295654,0,97.73438263,9.999999747e-05,53.01319504,107835.5312,16.1789875,2.857030451
227.6000061,181.2011692,87.00371654,24.48480503,65.60922916,0.9776004207,138.0644723,6.500267029,297.8770752,0,99.24118805,9.999999747e-05,9.999999747e-05,107868.4375,16.11377716,2.833981275
227.8000031,181.9511419,88.65150718,23.33945303,66.35965249,0.9822674386,138.0644723,6.503070831,297.9301147,0,99.65126038,9.999999747e-05,53.65155411,107901.5,16.17399406,2.823712172
228,181.4483211,87.91975867,24.48771867,66.18170272,0.9807011889,138.0644723,6.505758762,297.8798218,0,98.94255066,9.999999747e-05,9.999999747e-05,107934.6094,16.1368866,2.895166953
228.1999969,188.2216272,88.65150718,23.52877312,66.0064699,0.9802991615,138.0644723,6.50723362,297.9312439,0,97.15911102,9.999999747e-05,52.39079666,107965.8984,16.14015579,2.831334257
228.3999939,184.7793832,88.65150718,23.72807038,66.07465358,0.9831956668,138.0644723,6.507432938,297.8795471,0,94.78949738,9.999999747e-05,9.999999747e-05,107997.4297,16.15598679,2.827354764
228.6000061,192.9267529,88.65150718,23.74447384,65.953735,0.9822843188,138.0644723,6.506733418,297.932373,0,92.34046173,9.999999747e-05,52.4535141,108026.8047,16.14009857,2.835810686
228.8000031,192.5948209,88.65150718,23.53400716,65.07850275,0.9934892282,138.0644723,6.505203247,297.8813171,0,90.17012024,9.999999747e-05,9.999999747e-05,108055.75,16.21855164,2.816439741
229,181.8360091,88.65150718,23.70065786,65.23678565,0.9757529669,138.0644723,6.503450394,297.9353943,0,88.61160278,9.999999747e-05,52.25931168,108086.6953,16.06315804,2.850572009
229.1999969,192.9797928,88.65150718,23.82738212,64.47776049,0.9924763509,138.0644723,6.502070904,297.888031,0,87.75233459,9.999999747e-05,9.999999747e-05,108115.2969,16.18400192,2.90472121
229.3999939,182.908744,88.65150718,23.42580694,66.06996319,0.9830310884,138.0644723,6.49959898,297.9361877,0,87.44284821,9.999999747e-05,50.12086487,108145.6562,16.13974571,2.785364085
229.6000061,184.9644876,88.65150718,23.75433115,65.2945195,0.974910692,138.0644723,6.49693346,297.8845825,0,88.12693024,9.999999747e-05,9.999999747e-05,108175.7422,16.05197144,2.759278382
