Time Step,Discharge rate,Sugar feed rate,Soil bean feed rate,Aeration rate,Back pressure,Water injection/dilution,pH,Temperature,Acid flow rate,Base flow rate,Cooling water,Heating water,Vessel Weight,Dissolved oxygen concentration,Yield Per Step
0,182.7216939,72.2762927,26.82541226,62.93685022,0.9465237944,138.2030816,6.505737305,298.0452271,0,0,2.965773344,9.999999747e-05,61817.98438,17.65741158,0.05758811571
0.200000003,188.2404033,78.08871498,25.74037442,64.4884377,0.9644598818,150.5612119,6.484937668,298.0120544,0,0,4.66217947,9.999999747e-05,61831.91016,17.80294418,-2.798356604e-05
0.400000006,188.6336962,78.29520449,25.70221375,64.56386517,0.9652805363,151.4446067,6.469502449,297.9884338,0,6.61310482,9.999999747e-05,9.999999747e-05,61847.34766,17.79564095,-2.797682469e-05
0.6000000238,188.7311724,78.39885198,25.68840122,64.58572383,0.9657275757,151.9349646,6.463086605,297.9682922,0,19.316185,9.999999747e-05,9.999999747e-05,61864.49609,17.78774452,-2.795310911e-05
0.8000000119,187.4842287,77.91341778,25.74686098,64.49233447,0.9665946143,150.6494931,6.466569424,297.9515991,0,34.57319641,9.999999747e-05,9.999999747e-05,61884.64062,17.91037369,-2.790723333e-05
1,187.4489723,77.75936017,25.80875866,64.31799091,0.9670863111,150.1667453,6.479382515,297.938446,0,48.4335556,9.999999747e-05,9.999999747e-05,61907.55469,17.91235733,-2.780344286e-05
1.200000048,186.8133086,78.02532143,25.73121896,64.47633446,0.9667958227,150.7829949,6.495493889,297.9721375,0,57.16973114,9.999999747e-05,12.08568668,61932.44922,17.88685036,-2.773037237e-05
1.399999976,186.0798787,77.38998812,25.89002464,64.122698,0.969149235,149.2597938,6.514044762,297.9577637,0,59.48028183,9.413818359,1.208568692,61957.60156,17.90899849,-2.764465379e-05
1.600000024,186.4198145,77.44610336,25.86305432,64.15515031,0.9682565283,149.5399888,6.527600765,297.9505005,0,54.37306213,3.157215834,0.1208568737,61981.65234,17.88588905,-2.750965604e-05
1.799999952,187.9972462,78.2223605,25.72372967,64.52189733,0.9692608771,151.2905373,6.533155918,297.9508667,0,43.86758804,9.999999747e-05,0.01208568737,62003.77734,17.88619614,-2.740530703e-05
2,187.0985969,77.73846558,25.82181438,64.28721335,0.9682162337,150.1863095,6.528405666,297.9550476,0,31.15042686,9.999999747e-05,0.00120856869,62023.10547,17.86330986,-2.738833613e-05
2.200000048,188.8551421,78.56355753,25.6599045,64.68424027,0.9664166671,151.774578,6.515609741,297.9632874,0,20.34155655,9.999999747e-05,0.0001208568719,62040.42969,17.84423637,-2.738656863e-05
2.400000095,188.7151675,78.18378283,25.72190109,64.55074475,0.9642504557,150.998038,6.498312473,297.9739685,0,14.64449883,1.125449657,9.999999747e-05,62056.28906,17.80631447,-2.744736856e-05
2.599999905,188.1359467,78.28373584,25.66344445,64.67454077,0.9643052878,151.3964964,6.482335567,297.9860535,0,15.85522652,3.369302988,9.999999747e-05,62072.66406,17.80215263,-2.75279869e-05
2.799999952,187.672616,78.08406405,25.71669788,64.54893871,0.9669102094,151.1524318,6.471052647,297.997345,0,23.4380188,6.482293129,9.999999747e-05,62090.49219,17.80116844,-2.759506379e-05
3,187.9359675,78.17455938,25.7375355,64.46897218,0.9657959836,150.9955265,6.467391014,298.0084229,0,35.52291107,9.763214111,9.999999747e-05,62110.75391,17.78237724,-2.762169398e-05
3.200000048,187.7853207,77.80397665,25.76786656,64.4666769,0.9659746701,150.5841695,6.471736908,298.0187683,0,49.06234741,13.40287971,9.999999747e-05,62135.69531,17.77414703,-2.761424368e-05
3.400000095,186.4737897,77.33755224,25.89634689,64.11631495,0.9682212512,149.0716002,6.482508183,298.0283203,0,60.86151886,17.20936584,9.999999747e-05,62162.91016,17.78105354,-2.758362631e-05
3.599999905,187.4886559,77.4394551,25.87452559,64.21738793,0.9665369931,149.7090978,6.497523785,298.0376892,0,68.35688019,21.12366104,9.999999747e-05,62191.64062,17.7600956,-2.749511854e-05
3.799999952,185.3706679,77.2301271,25.94297057,63.97759987,0.9714233085,149.116196,6.51151228,298.0449219,0,69.85251617,25.34610558,9.999999747e-05,62219.66797,17.78287315,-2.743885036e-05
4,185.1012613,77.2935153,25.89239892,64.08625907,0.9710659008,149.5823552,6.520152092,298.0489807,0,65.76971436,29.19084358,9.999999747e-05,62246.92188,17.75618553,-2.736931537e-05
4.199999809,187.0705993,78.08250892,25.78727735,64.38994891,0.9724025322,151.1252837,6.522718906,298.052948,0,58.2453537,32.21798325,9.999999747e-05,62272.71484,17.75216675,-2.729390083e-05
4.400000095,186.1067674,77.1625156,25.93155717,64.02962371,0.9691607844,148.7091597,6.518733978,298.057312,0,49.69710541,35.39247131,9.999999747e-05,62296.22266,17.70821571,-2.7286711e-05
4.599999905,187.874909,77.45741079,25.86428964,64.23183644,0.9659360379,149.5755941,6.509683132,298.0624695,0,42.74488831,38.85719681,9.999999747e-05,62318.19141,17.66778946,-2.727183485e-05
4.800000191,186.7136946,77.2253988,25.93013427,64.08026829,0.9679743881,148.8074168,6.49950695,298.0733948,0,39.4086647,42.75299454,9.999999747e-05,62339.64453,17.6850338,-2.731753583e-05
5,187.5030463,78.35454492,25.68757277,64.63737875,0.9702033629,151.9701356,6.488081932,298.0771484,0,40.13021851,48.82798767,9.999999747e-05,62361.88672,17.67729568,-2.734292934e-05
5.199999809,187.8002233,78.34335064,25.68402578,64.65454793,0.9699348176,151.9840393,6.478179932,298.076416,0,45.42234421,52.79005051,9.999999747e-05,62385.05469,17.64744186,-2.736281757e-05
5.400000095,187.8290268,77.27732722,25.91807996,64.16325396,0.9666009344,149.1002125,6.473399162,298.0796814,0,54.6662178,55.40740967,9.999999747e-05,62409.30078,17.60505104,-2.736986798e-05
5.599999905,185.7426236,77.04504712,25.97608596,63.92263971,0.9694664416,148.6297699,6.474169731,298.0840149,0,65.81062317,59.3968811,9.999999747e-05,62436.125,17.61325073,-2.738417135e-05
5.800000191,185.0458133,76.558069,26.06191594,63.73400067,0.9705856921,147.0958527,6.480805397,298.0917664,0,76.64493561,63.85741425,9.999999747e-05,62464.9375,17.61171341,-2.735641962e-05
6,189.0409403,77.94282893,25.82342039,64.46903682,0.9705571068,150.9962143,6.489537716,298.0950317,0,84.8234787,69.65418243,9.999999747e-05,62495.69531,17.59178352,-2.724648662e-05
6.199999809,186.4060991,76.55815412,26.0618217,63.84104725,0.9686923904,147.6169247,6.498864174,298.098175,0,89.52093506,74.1581192,9.999999747e-05,62526.92188,17.55476189,-2.72123192e-05
6.400000095,183.6511831,76.54192089,26.02343842,63.69877021,0.9679184232,146.0888936,6.505570889,298.0971375,0,90.49263763,78.7868576,9.999999747e-05,62558.52344,17.52149391,-2.71810515e-05
6.599999905,188.7126986,77.77569106,25.83566936,64.44650522,0.9711045165,150.6451105,6.509870529,298.0987244,0,88.79217529,82.08924103,9.999999747e-05,62589.97266,17.53143883,-2.705800756e-05
6.800000191,182.5785384,76.24098879,26.15315176,63.46383898,0.9760038862,146.8078353,6.508080006,298.0920715,0,85.371315,86.28404236,9.999999747e-05,62620.71094,17.53373528,-2.709567785e-05
7,183.1510513,75.95184843,26.17232356,63.46520877,0.9737060802,145.6682589,6.50292635,298.0889282,0,82.67888641,87.68104553,9.999999747e-05,62650.4375,17.48894882,-2.706304885e-05
7.199999809,182.916365,76.22656837,26.11768036,63.61207446,0.975076083,146.9338347,6.495479107,298.0872498,0,82.03943634,90.09632874,9.999999747e-05,62680.37109,17.47439384,-2.705985011e-05
7.400000095,182.8587215,76.060736,26.12748241,63.56555826,0.9743312635,146.2319514,6.488275051,298.0906372,0,84.37567139,92.88095856,9.999999747e-05,62710.61719,17.44580841,-2.70661942e-05
7.599999905,188.766747,77.66802699,25.88929789,64.37250996,0.9719800522,150.2750804,6.484729767,298.1049805,0,89.58544922,97.33424377,9.999999747e-05,62742.04297,17.41744804,-2.700202733e-05
7.800000191,182.6229056,76.27364497,26.08260684,63.65870675,0.9695719501,145.7315649,6.483264446,298.1176758,0,96.20214081,105.6542587,9.999999747e-05,62774.82812,17.37174988,-2.709074369e-05
8,187.7211506,77.9233063,25.78763945,64.54408722,0.9729886257,151.6363501,6.483370781,298.1264954,0,103.4098511,113.8614883,9.999999747e-05,62809.64062,17.37907219,-2.701879279e-05
8.199999809,184.6852957,77.38253586,25.93533984,64.06306279,0.9747029585,147.7203612,6.484385967,298.1322327,0,110.5764313,121.2218018,9.999999747e-05,62845.60547,17.36349297,-2.703913209e-05
8.399999619,179.0166852,74.63828959,26.4721208,62.77879595,0.980901893,142.3387276,6.483782768,298.1261902,0,117.339119,127.88134,9.999999747e-05,62882.27344,17.37104034,-2.708037469e-05
8.600000381,184.5902743,75.54110218,26.30137311,63.41623702,0.9726641352,145.8851157,6.483362198,298.1227417,0,124.3512039,130.7088318,9.999999747e-05,62920.14844,17.27480316,-2.696980018e-05
8.800000191,177.6070032,74.15797112,26.58442124,62.49725723,0.9828734054,141.4922435,6.48579073,298.1368408,0,131.5257111,134.2967377,9.999999747e-05,62959.80078,17.33684731,-2.703561221e-05
9,183.6450642,75.21538277,26.34645074,63.26811038,0.974408866,144.748883,6.487336159,298.1429138,0,137.720108,143.7897339,9.999999747e-05,63000.36328,17.23716545,-2.693742564e-05
9.199999809,187.6055761,77.12632961,26.03990458,64.17179579,0.9795332005,149.4785583,6.487988949,298.146698,0,143.3083038,150.9069672,9.999999747e-05,63042.66016,17.25271606,-2.685984951e-05
9.399999619,175.1716625,73.62938761,26.70164801,62.19755793,0.9898177644,139.6743554,6.487586498,298.1506042,0,148.6354828,157.5326843,9.999999747e-05,63085.76172,17.29347992,-2.699703006e-05
9.600000381,174.6582709,73.70927338,26.62712922,62.2935071,0.9897561071,139.8270428,6.48794651,298.1686707,0,154.1243591,164.3551331,9.999999747e-05,63130.21094,17.26831436,-2.699573044e-05
9.800000191,183.415263,75.28225555,26.38123014,63.20125906,0.9756362187,145.9151091,6.486528873,298.1744385,0,159.4633179,176.2029724,9.999999747e-05,63174.71484,16.39456749,-2.68782296e-05
10,170.8081074,72.10381189,26.90785924,61.50256248,0.9768977983,138.2030816,6.484600544,298.1863098,0,165.3774719,184.3815155,9.999999747e-05,63220.70703,16.32390594,-2.703649482e-05
10.19999981,175.5698576,74.98549249,26.39525497,62.78838361,0.9944878434,141.8280614,6.481759071,298.1953125,0,172.0591278,194.9793396,9.999999747e-05,63268.50781,16.41965103,-2.697747381e-05
10.39999962,170.2091694,71.15495507,27.18668386,60.98169423,0.993734116,138.2030816,6.478999138,298.2180176,0,179.8786011,204.9846344,9.999999747e-05,63317.45312,16.32679176,-2.706201395e-05
10.60000038,170.2091694,72.41506712,26.90062913,61.46219805,0.9860303354,138.2030816,6.47559309,298.2402344,0,188.7989807,220.0710144,9.999999747e-05,63368.54297,16.19804955,-2.709267428e-05
10.80000019,174.8393616,75.41934126,26.34197457,62.88997324,0.9926462593,141.0638443,6.471161366,298.2531128,0,199.0840759,235.7440643,9.999999747e-05,63422.07031,16.19709969,-2.705766792e-05
11,170.2091694,72.18438792,26.94468565,61.35573274,0.986629116,138.2030816,6.465577126,298.2527161,0,211.1432495,249.0286102,9.999999747e-05,63477.62109,16.04730606,-2.712427857e-05
11.19999981,170.2091694,72.13402115,26.94683871,61.35538068,0.9890440387,138.2030816,6.459420681,298.2608337,0,225,258.2852173,9.999999747e-05,63536.01562,15.98870182,-2.713127753e-05
11.39999962,170.2091694,71.70306227,27.07513748,61.12822305,0.9979756072,138.2030816,6.451573372,298.2676086,0,225,270.559906,9.999999747e-05,63594.3125,15.97392082,-2.715078786e-05
11.60000038,170.2091694,71.82651864,26.94488355,61.27146945,0.9953901195,138.2030816,6.442620277,298.2911682,0,225,282.6259766,9.999999747e-05,63652.66797,15.86744881,-2.719359293e-05
11.80000019,170.2091694,71.86568402,27.02860196,61.15244504,0.997861282,138.2030816,6.432247639,298.2970276,0,225,300.7355042,9.999999747e-05,63711.00391,15.79155064,-2.724225596e-05
12,170.2091694,71.47374628,27.12087337,61.04408878,0.9979963041,138.2030816,6.421233654,298.3260803,0,225,313.5001526,9.999999747e-05,63769.32031,15.69604397,-2.73028167e-05
12.19999981,188.1005501,77.91703833,25.86042618,64.57683694,0.9703639605,149.2270271,6.409463882,298.3534851,0,225,334.6170349,9.999999747e-05,63827.75781,15.42611408,-2.715931538e-05
12.39999962,170.2091694,71.81390368,27.04999183,61.19242259,0.9944970371,138.2030816,6.397259712,298.4055786,0,225,356.0808411,9.999999747e-05,63886.25,15.46901608,-2.75038735e-05
12.60000038,172.2591781,74.73820731,26.44491595,62.59073062,0.9966033392,140.2660845,6.384539127,298.4611511,0,225,387.1037903,9.999999747e-05,63945.48047,15.40445805,-2.762602053e-05
12.80000019,180.9787074,73.18160559,26.71018255,62.68651455,0.9705997207,138.4321846,6.371302128,298.4985962,0,225,421.0948486,9.999999747e-05,64002.16016,15.07303905,-2.765026619e-05
13,180.6767137,73.31339235,26.71661622,62.73896792,0.9696848507,138.2148264,6.357457161,298.5084534,0,225,450.8924866,9.999999747e-05,64058.84375,14.94882679,-2.774778445e-05
13.19999981,170.2091694,71.15495507,27.17739604,61.32790478,0.9856583663,138.2030816,6.34325552,298.5274658,0,225,472.7028198,9.999999747e-05,64117.1875,14.93448448,-2.796238907e-05
13.39999962,185.0420355,75.61239789,26.31174883,63.91020233,0.9696699348,143.2657566,6.328518867,298.5147095,0,225,498.2619019,9.999999747e-05,64174.52344,14.72930336,-2.783087556e-05
13.60000038,181.8326829,74.20512203,26.41041771,63.24605959,0.9582461323,139.3525594,6.313661575,298.5237427,0,225,513.494751,9.999999747e-05,64231.375,14.49254894,-2.792464091e-05
13.80000019,171.9885763,73.142038,26.73993366,62.24109272,0.9808750726,138.2030816,6.299063206,298.5909729,0,225,536.0145874,9.999999747e-05,64289.89453,14.5276823,-2.819083152e-05
14,171.3316456,72.71485193,26.7812697,62.13877407,0.9778324582,138.2030816,6.284206867,298.6218262,0,225,578.7820435,9.999999747e-05,64348.39453,14.36544704,-2.836297346e-05
14.19999981,171.6289407,71.15495507,27.12903773,61.84125768,0.9720979623,138.2030816,6.269524097,298.6669312,0,225,611.0740356,9.999999747e-05,64406.5,14.17294407,-2.850250191e-05
14.39999962,181.0208029,73.27581408,26.62682375,63.15141115,0.9576649085,138.2030816,6.25548172,298.7404785,0,225,649.7259521,9.999999747e-05,64463.23828,13.95632935,-2.85697583e-05
14.60000038,174.3789207,71.15495507,27.06229936,62.17757638,0.9597147379,138.2030816,6.243134022,298.7590942,0,225,699.7736816,9.999999747e-05,64520.88281,13.91440487,-2.881372324e-05
14.80000019,177.4289378,72.83347824,26.74873804,63.19960947,0.9560731549,138.2030816,6.264517784,298.4998169,0,225,733.4105225,9.999999747e-05,64578.51953,16.0758152,0.007964057429
15,180.6238796,73.47712249,26.81760735,63.05149032,1.004937401,138.2030816,6.309561253,298.074707,0,225,672.2861328,9.999999747e-05,64635.9375,16.47364807,0.02796729555
15.19999981,170.2091694,71.45495202,27.12094137,61.4446117,1.025220041,138.2030816,6.351572514,297.8100586,0,225,546.3111572,9.999999747e-05,64695.19141,16.64531898,0.03862285438
15.39999962,180.2542994,73.77070843,26.70747277,62.93729896,1.007209534,140.4066168,6.389308929,299.7746582,0,225,163.8933563,557.4157104,64753.19922,16.48971176,0.0309567068
15.60000038,173.4489696,75.34643373,26.32774032,63.07272648,0.9912208605,141.2223063,6.422847748,299.2206726,0,225,836.546814,55.74156952,64812.91406,16.34833336,0.02884930681
15.80000019,175.3739421,73.47499165,26.99885964,62.68639064,1.022017798,138.2030816,6.452731609,298.7963257,0,225,697.2335815,5.574156761,64871.59766,16.59677505,0.03047969594
16,183.9847996,76.0497182,26.45782608,63.59363834,0.9922385972,148.6997927,6.477892876,298.5298462,0,225,600.7631226,0.5574156642,64931.53906,16.32917595,0.02198164964
16.20000076,171.3994675,73.46943733,26.74429805,62.38563744,1.017686021,138.2030816,6.500746727,298.3136902,0,225,541.8718262,0.05574156716,64991.34375,16.5572567,0.03578785387
16.39999962,170.2091694,72.39348783,27.00000377,61.56377388,1.01981624,138.2030816,6.520601273,298.1785889,0,225,489.1669312,0.005574156996,65051.28906,16.56917953,0.04049100042
16.60000038,170.2091694,72.38944709,26.90486346,61.66328707,1.016158416,138.2030816,6.53747654,298.0753479,0,217.2873993,455.9430237,0.0005574157112,65109.68359,16.53747177,0.04535274764
16.79999924,170.2091694,72.42178244,26.98178192,61.4704148,1.007299532,138.2030816,6.551352024,297.9926147,0,202.8248901,428.0296326,9.999999747e-05,65165.14844,16.45181084,0.04965317191
17,171.2634918,73.80281406,26.60067253,62.37295068,0.9964835536,138.2030816,6.549275398,297.9186707,0.5189742446,101.4124451,403.092865,9.999999747e-05,65199.97266,16.31985664,0.05372804396
17.20000076,174.8363284,71.15495507,27.39552237,61.02249114,0.9909937768,138.2030816,6.540895939,299.4854126,0,82.27345276,120.9278641,420.8623352,65229.24219,16.26110268,0.06536706116
17.39999962,180.4285429,72.3488342,27.00969936,62.4550032,0.9744517308,138.2030816,6.524193764,299.2692566,0,66.45588684,658.9568481,42.08623505,65254.15625,16.11691475,0.06144371828
17.60000038,181.1876032,71.17927504,27.17733658,62.51143879,0.9724130979,138.2030816,6.503609657,298.9842834,0,57.32638931,628.3307495,4.208623409,65276.80859,16.10296059,0.0805815038
17.79999924,190.5529168,72.41980876,26.76558118,63.37761387,0.9673318579,138.3317972,6.484443188,298.7698364,0,56.41657639,579.2355347,0.4208623469,65297.73438,16.05355835,0.08222405444
18,183.5096371,72.89420203,26.7394183,63.1249702,0.9676557437,138.2030816,6.471938133,298.6265869,0,63.1563797,544.3013306,0.04208623245,65321.67969,16.03991318,0.08128576844
18.20000076,188.7985308,72.48148656,26.83930109,63.05338563,0.9571622357,138.2030816,6.468748569,298.5348816,0,74.88085938,525.3581543,0.004208623432,65346.91797,15.94951916,0.0867958096
18.39999962,188.0254401,72.86103941,26.64968433,63.13108602,0.9602875464,138.2030816,6.472100735,298.418396,0,87.87179565,518.2875977,0.0004208623432,65374.98828,15.98356247,0.1039494854
18.60000038,179.4805545,71.15495507,27.58683737,61.44244022,0.9728420254,138.2030816,6.480406284,298.3249817,0,99.53035736,498.8525085,9.999999747e-05,65406.92578,16.07144165,0.1178741383
18.79999924,175.5954992,71.62718635,26.96857432,62.06515525,0.9866316299,138.2030816,6.4910326,298.2579651,0,107.8713684,483.1881104,9.999999747e-05,65441.43359,16.20182037,0.1311499883
19,174.4759719,71.73056549,27.08318473,61.89438435,0.9961127353,138.2030816,6.501369953,298.1939087,0,111.9701233,472.9500732,9.999999747e-05,65477.06641,16.27454185,0.1400681705
19.20000076,182.0985491,73.79017349,26.57293091,63.21390895,0.9789135663,138.2030816,6.509959221,298.1523132,0,111.9421539,461.0300293,9.999999747e-05,65511.66016,16.12116623,0.1256551455
19.39999962,176.727386,71.5145036,26.9563735,62.21307402,0.9733238661,138.2030816,6.516800404,298.0713501,0,108.4832916,454.4263306,9.999999747e-05,65546,16.09015656,0.1865844084
19.60000038,182.7745468,71.5858254,27.0482134,62.31161911,0.9797134112,138.2030816,6.52149725,298.0541077,0,102.2882614,432.5195923,9.999999747e-05,65578.00781,16.12541008,0.1766067017
19.79999924,176.7446632,71.15495507,27.18264394,61.74791735,0.9886636039,138.2030816,6.523546696,298.0855103,0,94.21588898,429.8536682,9.999999747e-05,65609.63281,16.17973709,0.1725872769
20,177.9384766,72.28602543,26.9553999,62.21414982,0.9845549811,138.2428008,6.520933628,298.0851135,0,85.32559967,442.8484802,9.999999747e-05,65639.41406,16.13524818,0.1821776173
20.20000076,181.084536,73.33039049,26.65129651,62.91989152,0.9700815749,138.2030816,6.514349937,298.0820923,0,77.4872818,445.6846313,9.999999747e-05,65667.1875,16.00542641,0.1870690628
20.39999962,179.8182805,71.15495507,27.04612422,61.95206536,0.9722018808,138.2030816,6.506339073,298.0818176,0,72.2805481,447.834137,9.999999747e-05,65693.63281,16.02668381,0.2410036861
20.60000038,180.6175798,71.15495507,27.29932349,61.84891961,0.9680324472,138.2030816,6.497053623,298.0531616,0,70.27013397,450.8450623,9.999999747e-05,65719.50781,15.98328304,0.2709221425
20.79999924,180.9741467,71.86398931,26.92541243,62.4577118,0.9773141017,138.2030816,6.489164352,298.0140991,0,71.97349548,444.0220337,9.999999747e-05,65745.76562,16.06749725,0.3006869985
21,181.1806103,71.15495507,27.11210364,62.15686848,0.9735147847,138.2030816,6.484348297,297.9589233,0,76.82393646,432.7591553,9.999999747e-05,65772.77344,16.04133224,0.3583370094
21.20000076,182.7567468,72.95540389,26.75128315,62.87742421,0.9719515,140.0407497,6.482777119,297.9083557,0,83.59508514,414.545166,9.999999747e-05,65801.65625,16.02181625,0.3510761397
21.39999962,179.1338842,71.15495507,27.08210456,62.0063046,0.9777404895,138.2030816,6.486076832,299.495697,0,90.99403381,124.3635483,434.2592773,65831.8125,16.07307625,0.3869922989
21.60000038,185.5350453,72.6262208,27.22401429,61.96196597,0.9796102551,138.2030816,6.491454601,299.3673401,0,97.06741333,668.9417114,43.42592621,65862.17969,16.05415916,0.310751164
21.79999924,178.1122341,71.15495507,27.38518499,62.08165397,0.9801194844,138.2030816,6.49773407,299.1016846,0,100.998497,668.8486328,4.342592716,65894.51562,16.08030701,0.3934404809
22,185.4653232,73.48919329,26.83613113,63.24974203,0.9871275583,141.6855387,6.503184795,298.8753357,0,102.4214172,629.4257202,0.4342592657,65926.98438,16.1303978,0.3692077179
22.20000076,188.3037295,72.32783843,26.94095122,63.06966855,0.9805471848,138.2030816,6.508571148,298.7263489,0,101.6696243,594.6477661,0.0434259288,65957.85156,16.07531166,0.4081787084
22.39999962,179.627392,71.15495507,27.36240191,62.00292589,0.9926269746,138.2030816,6.51244688,298.5973816,0,98.76101685,577.7681885,0.004342592787,65989.6875,16.16591263,0.461485267
22.60000038,182.8820257,73.23958666,26.75070815,62.91432266,0.9766008467,138.2030816,6.514328957,298.535675,0,94.30673981,561.6278687,0.0004342592729,66020.54688,16.00987244,0.4070056218
22.79999924,179.8448844,71.15495507,27.25908432,62.04200896,0.9877849058,138.2030816,6.513982773,298.4454651,0,89.10131073,563.7138672,9.999999747e-05,66050.4375,16.11168098,0.516761853
23,180.1664673,71.15495507,27.28487429,62.00168511,0.9840420866,138.2030816,6.511576176,298.381012,0,84.03534698,553.1339111,9.999999747e-05,66079.28125,16.06930542,0.5411181285
23.20000076,180.9750089,71.15495507,27.2385814,62.06467602,0.9851734382,138.2030816,6.506709099,298.2893982,0,79.93172455,548.2832642,9.999999747e-05,66107.07812,16.08061409,0.6121444299
23.39999962,183.2443961,72.65255027,26.8018827,62.84522862,0.9678320133,138.2030816,6.500422001,298.197052,0,77.77633667,531.4504395,9.999999747e-05,66134.30469,15.92964077,0.6257209356
23.60000038,180.8079224,71.15495507,27.38178097,61.70471019,0.9703323441,138.2030816,6.494873047,298.112793,0,78.13261414,511.1238403,9.999999747e-05,66161.80469,15.94286442,0.7098532594
23.79999924,182.441942,71.15495507,27.26798307,62.13603713,0.9692736411,138.2030816,6.491072655,298.0388489,0,80.7015686,490.139679,9.999999747e-05,66189.50781,15.9414854,0.7699204106
24,182.1830256,73.30058057,26.60429013,63.06588342,0.9680173737,138.2030816,6.490179062,298.0236511,0,84.78726959,469.4920044,9.999999747e-05,66218.71094,15.91507244,0.6933165376
24.20000076,183.3864336,71.95311572,26.84108806,62.7338852,0.9731670356,138.2030816,6.491240978,297.9898682,0,89.22648621,466.2569885,9.999999747e-05,66248.21875,15.97326851,0.8101675714
24.39999962,178.0671747,71.15495507,27.17209,61.87141308,0.9847744204,138.2030816,6.494289875,297.9831543,0,93.2437973,455.6042786,9.999999747e-05,66279.54688,16.05857277,0.8454944336
24.60000038,181.2932432,72.72346772,26.79410114,62.72081699,0.9895749067,138.2030816,6.497274399,297.9600525,0,96.04132843,453.1629639,9.999999747e-05,66311.13281,16.09636116,0.8470213211
24.79999924,177.5593989,71.22438956,27.15292087,61.88817378,0.9886317981,138.2030816,6.500483513,297.9310303,0,97.65151978,444.605896,9.999999747e-05,66343.46094,16.09282303,0.9625749114
25,177.6960641,71.15495507,27.17279866,61.85634392,0.9903483891,138.2030816,6.503479481,299.5774231,0,97.97707367,133.3817749,461.3256531,66375.57031,16.10249138,0.9806388917
25.20000076,184.5031321,71.5765857,27.24466756,62.29097427,0.9789480736,138.2030816,6.505921364,299.4541016,0,97.10565948,699.0166016,46.13256454,66406.04688,15.9946804,0.9249941814
25.39999962,190.7683116,72.37040716,27.11941838,63.21535247,0.9832179309,138.2030816,6.507063866,299.2096252,0,95.25865173,703.2825317,4.613256454,66435.13281,16.02777863,0.9383008481
25.60000038,190.4974038,71.35174836,27.20261345,63.0034182,0.9743456752,138.2030816,6.507831097,299.0290527,0,92.95713043,674.3856201,0.4613256454,66463.67188,15.95373535,1.013736307
25.79999924,186.427696,71.15495507,27.05520503,62.73965667,0.9667377861,138.2030816,6.507313251,298.8612671,0,90.34576416,659.2897949,0.04613256454,66492.47656,15.89016628,1.106538481
26,187.0087244,71.64807412,27.17776638,62.6371857,0.9736244854,138.2030816,6.50548315,298.7154846,0,87.94457245,641.3418579,0.004613256548,66520.89844,15.92989635,1.115868779
26.20000076,187.7075235,74.83778078,26.47953497,63.85383914,0.9686961735,141.1421247,6.501865387,298.5658264,0,86.27571869,624.6045532,0.0004613256315,66550.21094,15.87182236,1.043541906
26.39999962,180.2167501,71.17428493,27.06830251,62.6704117,0.9864471045,138.2030816,6.498866558,298.4189758,0,86.05548859,600.8931885,9.999999747e-05,66579.50781,16.05011749,1.317622247
26.60000038,183.1893282,71.15495507,27.02547941,62.67379376,0.9686817304,138.2030816,6.496524811,298.2950134,0,87.02719879,572.5759888,9.999999747e-05,66608.4375,15.89973068,1.386688242
26.79999924,180.2180968,71.15495507,27.47352161,61.78557303,0.9763883224,138.2030816,6.493727684,298.135437,0,88.93534851,546.6201782,9.999999747e-05,66638.39062,15.95007706,1.46571956
27,182.0052916,71.15495507,27.27389067,62.20387322,0.9853231644,138.2030816,6.491855145,297.9823608,0,91.96600342,503.5632629,9.999999747e-05,66668.57031,16.04171753,1.575403281
27.20000076,180.1653349,72.2152721,26.89169109,62.44064633,0.9874710804,138.2030816,6.492150784,297.894989,0,95.74121857,457.0200195,9.999999747e-05,66700.26562,16.04978943,1.552188684
27.39999962,177.638484,71.15495507,27.26628915,61.77549534,0.9834830995,138.2030816,6.493682384,299.5131531,0,99.39396667,137.1060028,465.9547729,66732.75,16.01487541,1.619068413
27.60000038,185.7695774,71.39388042,27.40117821,61.72350724,0.9783265964,138.2030816,6.495551586,299.2658691,0,102.4368515,692.0903931,46.59547806,66764.03906,15.9666605,1.628205477
27.79999924,178.0582458,71.15495507,27.54124993,61.92086564,0.9884974881,138.2030816,6.497731209,298.9357605,0,104.7349243,651.3868408,4.659547806,66797.44531,16.05435181,1.69448023
28,186.4132717,73.2417334,26.96420911,63.00234994,0.9821323823,140.8751065,6.499716759,298.6691895,0,106.1612244,586.824707,0.4659547806,66830.57812,15.99666405,1.664259296
28.20000076,181.4943188,71.63235144,26.93620885,62.59614875,0.9699437945,138.2030816,6.502013206,298.4584961,0,106.7949677,532.4187012,0.04659547657,66863.94531,15.91188335,1.820023517
28.39999962,185.6844092,71.73100889,26.91975184,62.9741228,0.9796038766,138.2030816,6.504030228,298.3035583,0,106.5085449,486.8233032,0.004659547936,66896.52344,15.99123573,1.8500487
28.60000038,176.9739037,71.15495507,27.39255077,61.47355483,0.9869315802,138.2030816,6.505269051,298.1827698,0,105.4171677,452.1410217,0.0004659547703,66930.64844,16.02578926,1.882246199
28.79999924,180.6893499,74.92163561,26.36408207,63.5108812,0.9776115796,138.6762235,6.505757332,298.1266785,0,103.8318634,423.0169373,9.999999747e-05,66964.78125,15.92731953,1.719302305
29,175.4536736,71.15495507,27.27164594,61.65379724,0.9834093494,138.2030816,6.505600452,298.0489807,0,102.0513687,411.4278259,9.999999747e-05,66998.58594,15.99162102,1.963112256
29.20000076,183.7806747,73.0196143,26.76272818,62.62411313,0.9751699343,140.2094152,6.505048752,298.0167236,0,100.333313,389.7967224,9.999999747e-05,67031.27344,15.9085989,1.900091051
29.39999962,178.7343944,71.28373007,27.02778566,62.35731315,0.9863105463,138.2030816,6.504801273,298.0126038,0,98.83505249,381.0835571,9.999999747e-05,67063.92188,16.00858879,1.992837425
29.60000038,180.4737089,74.60690486,26.44710961,63.06734471,0.974782807,140.3677331,6.502849102,297.9959412,0,97.4336319,380.5352173,9.999999747e-05,67097.14062,15.88373852,1.897560953
29.79999924,176.7484093,71.15495507,27.31499206,61.68244924,0.9812140943,138.2030816,6.501263618,297.9711304,0,96.81959534,375.2865906,9.999999747e-05,67129.73438,15.94975853,2.092477985
30,180.2271081,71.52704444,26.9526976,62.30506649,0.9826534148,138.2030816,6.499573708,297.9394226,0,96.83315277,366.7042847,9.999999747e-05,67161.64062,15.97431278,2.161764591
30.20000076,180.4625424,71.67338428,26.99196422,62.39340123,0.9863665236,138.2030816,6.497578144,299.2824097,0,97.52406311,110.0112839,382.1375122,67193.40625,16.00624466,2.205553513
30.39999962,185.1858704,71.96813333,27.14622555,62.16396221,0.9774077816,138.2030816,6.497224331,299.1912842,0,99.01395416,571.3083496,38.21375275,67224.5625,15.90494823,2.13412334
30.60000038,184.8819771,73.33810178,26.91942869,62.96945176,0.9769719867,138.2030816,6.496816158,298.9838867,0,100.6390381,577.8861694,3.821375132,67256.47656,15.89606476,2.126287108
30.79999924,180.7097524,71.15495507,27.59340808,61.74907799,0.9856885934,138.2030816,6.496919632,298.7701721,0,102.4328461,551.6942139,0.3821375072,67289.15625,15.97333336,2.265672253
31,179.9563857,71.15495507,27.30925841,61.87237058,0.9892781104,138.2030816,6.496903896,298.5482788,0,104.1834106,516.4074097,0.03821375221,67322.28125,16.0201931,2.365392347
31.20000076,180.7312916,73.71130688,26.7721763,62.89046675,0.9951005626,142.49192,6.496755123,298.3735046,0,105.9423065,470.3427124,0.003821375081,67357.17969,16.05958366,2.318904555
31.39999962,177.0308475,71.15495507,27.44465854,61.54345245,0.9902029191,138.2030816,6.497553349,298.2274475,0,107.7607269,432.2679138,0.000382137514,67391.79688,16.01901054,2.432122351
31.60000038,176.1991267,71.24718786,27.20164542,61.76413968,0.9958864223,138.2030816,6.498783588,298.1137085,0,109.2562408,397.1940918,9.999999747e-05,67426.92969,16.07316589,2.476640091
31.79999924,175.5654945,72.23145944,27.01733629,62.05928295,0.9993227433,138.2030816,6.499632359,298.0175476,0,110.2613449,367.5795593,9.999999747e-05,67462.66406,16.09589195,2.485146585
32,178.3586489,74.0119584,26.7194511,62.69831959,1.001584445,141.8739766,6.500174046,297.9545288,0,110.9296417,339.527771,9.999999747e-05,67499.22656,16.10273933,2.449480969
32.20000076,178.6637034,75.05302603,26.28032381,63.08087936,0.9724071358,142.4904126,6.500646114,297.9128113,0,111.3810196,319.1635132,9.999999747e-05,67536.1875,15.85557747,2.457116216
32.40000153,176.5289054,72.85642993,26.78157541,62.18626263,0.9899906569,139.4757818,6.501367092,299.086792,0,111.6427841,95.74905396,333.3629456,67572.29688,16.01009369,2.552463668
32.59999847,179.8187068,72.86751849,27.00716778,61.98542535,0.987073591,138.2030816,6.501226425,298.9117432,0,111.6151276,497.8164062,33.33629227,67607.26562,15.97993088,2.578230162
32.79999924,178.5734713,71.15495507,27.37216932,61.80321314,0.9939398991,138.2030816,6.502327442,298.7242737,0,111.6473618,469.372345,3.33362937,67642.28125,16.0385704,2.627633579
33,177.2710742,72.34221745,26.70753233,62.68729317,0.9718726017,138.2030816,6.503384113,298.583374,0,111.2323227,440.2009583,0.333362937,67677.8125,15.85571861,2.636667852
33.20000076,178.0264589,71.15495507,27.16865223,61.76304657,0.9871016607,138.2030816,6.50485754,298.5119019,0,110.3987579,420.1528625,0.03333629295,67712.95312,15.96277809,2.655513943
33.40000153,174.8999132,71.15495507,27.34061291,61.43281851,0.9886548389,138.2030816,6.505452633,298.4368286,0,108.97435,418.4292297,0.003333629342,67748.46875,15.96420956,2.680219441
33.59999847,183.1573804,71.46647526,27.03604975,62.57967539,0.9818025348,138.2030816,6.50565052,298.3772278,0,107.3160248,412.2587585,0.0003333629284,67782.03125,15.91868877,2.710230228
33.79999924,179.968935,74.70694479,26.50256307,63.00800168,0.9750328365,140.0314126,6.504288673,298.3280334,0,105.5770187,408.6477661,9.999999747e-05,67817.10938,15.82674408,2.632379731
34,183.3067599,71.5486179,27.04375681,62.47699597,0.9813641519,138.2030816,6.503732204,298.2875366,0,104.3867493,406.2680359,9.999999747e-05,67850.13281,15.90110111,2.758237932
34.20000076,177.1561759,71.15495507,27.32381786,61.63287234,0.98544682,138.2030816,6.502771854,298.2428589,0,103.4112396,404.9654236,9.999999747e-05,67884.14844,15.9201746,2.791934699
34.40000153,176.4308821,71.15495507,27.27714775,61.65021674,0.985336106,138.2030816,6.501706123,298.2015076,0,102.8238907,400.6328125,9.999999747e-05,67918.21094,15.91723156,2.822680873
34.59999847,183.4849804,72.0158686,26.94488663,62.46176734,0.9785909648,138.2030816,6.500361443,298.1522522,0,102.6618652,395.8164062,9.999999747e-05,67950.95312,15.86633301,2.842734546
34.79999924,176.3615511,71.15495507,27.32981316,61.58143097,0.9835800009,138.2030816,6.499158382,298.0986023,0,103.0383072,386.6848145,9.999999747e-05,67985.04688,15.89916515,2.882821521
35,182.980607,76.12221415,26.14787055,63.73840113,0.9743436499,143.5345064,6.496745586,298.043457,0,103.8946686,374.2524719,9.999999747e-05,68020.21094,15.81208611,2.806725878
35.20000076,187.8498296,74.10696833,26.36329709,63.77071789,0.9583274134,138.2030816,6.496297359,298.0203552,0,105.7204056,359.3294678,9.999999747e-05,68053.22656,15.69035912,2.880399778
35.40000153,176.980253,71.15495507,27.37007233,61.54657218,0.9801595466,138.2030816,6.496661186,297.9763794,0,107.7152634,353.4039307,9.999999747e-05,68088.17969,15.86730671,2.958817078
35.59999847,177.5827948,72.28929139,26.75705375,62.63367497,0.9700505906,138.2030816,6.497701168,297.9625549,0,109.5681076,339.1716003,9.999999747e-05,68123.6875,15.78915977,2.970851541
35.79999924,175.9384072,71.55635116,27.06105642,61.96041334,0.9886763599,138.2030816,6.49913311,297.9576111,0,111.0053864,333.8474121,9.999999747e-05,68159.71094,15.93673611,2.999672463
36,174.842281,71.15495507,27.17130248,61.76534584,0.9912586546,138.2030816,6.50070858,297.9589844,0,111.8707123,330.8357544,9.999999747e-05,68196.07031,15.9553957,3.027351471
36.20000076,174.864804,71.85774281,26.94474306,62.00358996,0.9916367881,138.2030816,6.502098083,297.9797974,0,112.1066055,329.7594604,9.999999747e-05,68232.69531,15.94917583,3.035042521
36.40000153,175.3494416,71.54135402,27.04598299,61.76085115,0.9894816179,138.2030816,6.503334045,298.0084229,0,111.7878723,335.3902588,9.999999747e-05,68269.11719,15.92345238,3.059414699
36.59999847,175.3565615,71.15495507,27.15703727,61.64805714,0.988312396,138.2030816,6.504247189,298.030426,0,110.9745636,344.356842,9.999999747e-05,68305.28906,15.91155815,3.088646403
36.79999924,178.7155845,72.94166308,26.77215204,62.5675221,0.9965822862,138.9535615,6.504256725,298.0614319,0,109.7967224,352.0486755,9.999999747e-05,68341.14062,15.96956635,3.073829551
37,184.7272897,73.81517352,26.51784363,63.42214018,0.962912059,138.2030816,6.503599167,298.0709229,0,108.6169815,363.7216187,9.999999747e-05,68375.51562,15.6892662,3.087212446
37.20000076,176.6845122,71.15495507,27.31429976,61.62186015,0.9848844017,138.2030816,6.503417969,298.0792847,0,107.6995697,369.0625,9.999999747e-05,68410.75781,15.86530113,3.149944425
37.40000153,180.2515141,74.91440984,26.34428005,63.58788814,0.9776095545,140.5629372,6.501741409,298.0671387,0,106.8508987,374.5428772,9.999999747e-05,68446.40625,15.80186844,3.115368129
37.59999847,175.6948933,71.15495507,27.2708428,61.66130719,0.9887151937,138.2030816,6.500994682,298.0286255,0,106.679184,373.2617798,9.999999747e-05,68481.51562,15.90268803,3.193862298
37.79999924,176.2690122,71.15495507,27.19641769,61.66402685,0.9875104846,138.2030816,6.500172138,297.978302,0,106.7983475,362.5793457,9.999999747e-05,68516.48438,15.89584827,3.213635818
38,176.7131467,71.58268472,27.03141122,61.96772526,0.9908214513,138.2030816,6.499593258,297.9463806,0,107.2498932,346.5799255,9.999999747e-05,68551.57812,15.92135906,3.230355172
38.20000076,179.2316589,73.14323205,26.7893266,62.64079535,0.9950826617,139.0783311,6.498623371,299.1591797,0,107.9318466,103.9739761,354.3044434,68586.66406,15.94907188,3.220706149
38.40000153,184.2418089,72.49133035,27.01045672,62.50115306,0.9711171209,138.2030816,6.498570919,299.0985413,0,109.003891,520.625061,35.43044281,68620.5,15.74035168,3.237496893
38.59999847,185.8862925,71.15495507,27.12091613,62.71859523,0.9772493228,138.2030816,6.49934864,298.9358826,0,110.0926361,534.0714722,3.543044329,68653.91406,15.81030273,3.277547697
38.79999924,184.7661801,72.68734508,26.8230013,62.9710594,0.984335894,138.5599684,6.499744415,298.7923279,0,110.87043,519.6074829,0.3543044329,68688.24219,15.85423851,3.281476553
39,176.1066062,72.66007267,27.05756481,62.23595948,0.9956839765,139.4525936,6.499554634,298.6113281,0,111.4937744,506.3962097,0.03543044254,68724.625,15.94186306,3.290137978
39.20000076,177.3533887,71.16383713,27.24314014,61.96722914,1.00062895,138.2030816,6.499994755,298.4421082,0,112.1937561,474.7427673,0.00354304444,68760.28125,15.99662018,3.319174914
39.40000153,175.6121878,71.15495507,27.31865965,61.87117834,1.002435531,138.2030816,6.500396252,298.298584,0,112.7138596,440.6388855,0.000354304444,68796.44531,16.00691032,3.333703851
39.59999847,179.4803975,73.67089962,26.50222227,62.9540042,0.9753834368,138.2030816,6.500492573,298.2097473,0,113.0754929,408.9699097,9.999999747e-05,68832.5625,15.77013397,3.344622059
39.79999924,176.0518791,71.26902375,27.22367037,61.7844737,0.9913553444,138.2030816,6.501475811,298.1578674,0,113.399437,390.6034851,9.999999747e-05,68869.01562,15.8971262,3.383311688
40,177.0832901,73.96644599,26.6734878,62.43019327,0.9955670918,143.8321242,6.501379013,298.1203918,0,113.3262558,381.2304993,9.999999747e-05,68907.07812,15.91738415,3.378337331
40.20000076,181.1507548,73.95509247,26.54140704,63.28209994,0.9775951801,138.2030816,6.501351833,298.0814819,0,113.2980347,374.6172485,9.999999747e-05,68943.11719,15.77446842,3.396988228
40.40000153,187.4248401,74.627551,26.32869138,64.06365271,0.9640943916,140.0901906,6.500865459,298.0180969,0,113.2770462,365.9844971,9.999999747e-05,68978.32812,15.67353535,3.401436319
40.59999847,177.5390348,71.66556964,26.9434574,62.03246746,0.9889039833,138.2030816,6.501282215,297.9515076,0,113.4524078,347.4633789,9.999999747e-05,69014.48438,15.88069916,3.426086969
40.79999924,182.5506362,73.0895145,26.7317814,62.76751032,0.9798397561,141.9896343,6.501245499,297.9125977,0,113.4565277,325.6488647,9.999999747e-05,69050.80469,15.7975235,3.440372283
41,176.5926599,71.91622769,26.93597755,62.06373922,0.9877638995,138.2030816,6.50151825,299.0529175,0,113.4796906,97.694664,338.1582642,69087.07031,15.86194324,3.44777425
41.20000076,178.7787042,71.5379751,27.12374469,61.90035376,0.9787630463,138.2030816,6.501600742,298.9339905,0,113.391449,488.1156616,33.81582642,69122.58594,15.78483868,3.447128602
41.40000153,184.688912,71.31245335,27.18501676,62.62114701,0.9867185133,138.2030816,6.501153469,298.6904602,0,113.2717819,478.0240784,3.381582737,69156.75781,15.86817455,3.438999963
41.59999847,180.1175741,72.70923815,26.75397045,62.98261412,0.9789797695,138.2030816,6.500447273,298.4923706,0,113.3321838,429.9203796,0.3381582797,69192.27344,15.79584312,3.454635547
41.79999924,176.9112078,71.15495507,27.22667782,61.93280239,0.9971249493,138.2030816,6.500311852,298.3303223,0,113.6741638,389.2929382,0.03381582722,69228.22656,15.94124031,3.466969795
42,176.9100932,71.40891352,27.15670453,61.88878817,0.9998037666,138.2030816,6.500642776,298.2268677,0,114.067688,353.3419495,0.003381582676,69264.44531,15.953125,3.497732224
42.20000076,179.0094209,73.29461321,26.66404454,62.83860942,0.9759841626,138.2030816,6.500460148,298.1469727,0,114.3289948,331.2533264,0.0003381582792,69300.75781,15.74811554,3.511743589
42.40000153,181.9869752,71.83379111,26.97387579,62.54423364,0.9796236145,138.2030816,6.500601292,298.0609436,0,114.6665726,312.9682617,9.999999747e-05,69336.14844,15.78962421,3.510083348
42.59999847,175.9821792,71.39736928,27.07927875,61.94383601,0.9921431746,138.2030816,6.501315117,298.0175171,0,114.9450378,289.4042053,9.999999747e-05,69372.83594,15.88102436,3.542374324
42.79999924,187.0647182,75.82842298,26.1689881,64.18787843,0.9658689938,142.9834418,6.500352383,297.984436,0,114.9370117,277.3446045,9.999999747e-05,69409.29688,15.65448666,3.548682527
43,176.49388,71.22934399,27.05424863,61.88881923,0.9815836117,138.2030816,6.500755787,297.9272766,0,115.3215027,266.9196777,9.999999747e-05,69445.82812,15.79789448,3.535923132
43.20000076,181.3229833,74.68748559,26.38874055,63.41936942,0.974428463,139.2370468,6.500193119,298.9119568,0,115.5346985,80.07590485,290.3517456,69482.35156,15.72239017,3.557365916
43.40000153,177.0814187,72.26351702,26.96539034,62.06284459,0.9798014376,138.2030816,6.500711441,298.8256836,0,115.980545,417.4927368,29.03517342,69518.9375,15.76248646,3.569037969
43.59999847,180.3738492,73.19260473,26.62763349,63.00609581,0.975426023,138.2030816,6.500296593,298.6142273,0,116.212471,414.5389404,2.903517246,69554.99219,15.74284458,3.544643659
43.79999924,185.8989443,74.6079565,26.5169134,63.61525723,0.9668474655,139.3975046,6.499073982,298.4185791,0,116.6168747,373.1961975,0.2903517485,69590.61719,15.66602707,3.545170084
44,180.6196505,73.6938522,26.5793308,63.24338025,0.9742154096,138.2030816,6.498763084,298.2691956,0,117.5098648,330.3243713,0.02903517336,69627.10156,15.72934723,3.55723553
44.20000076,179.2782517,75.01357637,26.4456573,63.1419113,0.9755659763,141.4368071,6.498062611,298.1480408,0,118.5217972,295.9458008,0.002903517336,69665.08594,15.72865677,3.567227696
44.40000153,178.7503671,74.24463323,26.52706206,62.94139027,0.9716407286,138.2743858,6.498087883,298.0517883,0,119.8180008,265.3692322,0.0002903517452,69702.625,15.69742298,3.571557298
44.59999847,176.1834378,72.57775722,26.86100245,62.30901173,0.9927981811,138.2392693,6.499185085,297.9823914,0,121.1005707,238.6201324,9.999999747e-05,69740.60156,15.8773737,3.580776636
44.79999924,175.5513839,72.98384045,26.8242559,62.36023636,0.9954316982,139.420846,6.499811172,297.9183044,0,121.9429779,217.3454895,9.999999747e-05,69779.17969,15.89985466,3.57324953
45,181.3176224,76.34715117,26.14194136,63.70823259,0.976254455,144.1861978,6.499732971,298.7206421,0,122.5399933,65.20365143,235.575119,69818.42188,15.72866917,3.610815131
45.20000076,187.4260155,74.64557696,26.4431438,63.47169542,0.9706436041,142.9209965,6.500479698,298.6187134,0,123.1689987,339.4313049,23.55751228,69855.74219,15.69125557,3.609993808
45.40000153,177.3969443,71.15495507,27.14430625,61.79176836,0.9889148577,138.2030816,6.502938271,298.49646,0,123.4943466,325.2740173,2.355751276,69893.53906,15.83588696,3.635111568
45.59999847,175.7375559,72.1978187,26.93015241,62.13251654,0.9964011065,138.2030816,6.505033016,298.4384155,0,122.8332825,307.0658264,0.2355751246,69932.00781,15.8780508,3.705687888
45.79999924,183.2435365,74.46149614,26.65671862,63.07897777,0.9851071991,144.7809901,6.505518913,298.3835449,0,121.341095,306.5673218,0.02355751209,69970.58594,15.77473736,3.723590005
46,176.2264266,72.28626003,26.97697089,62.20421371,0.9959133015,138.2030816,6.506257057,298.3092041,0,119.6586838,304.5159302,0.002355751349,70008.3125,15.87010098,3.703860268
46.20000076,175.5942582,73.03413171,26.77388828,62.33645834,0.9951925568,139.5016319,6.50577116,298.2160339,0,117.6749115,293.6578064,0.0002355751203,70046.10938,15.86518192,3.683047826
46.40000153,177.9733192,73.54900579,26.72688967,62.53918417,0.9946681301,139.9625795,6.504348755,298.1261597,0,115.8903656,273.674408,9.999999747e-05,70083.25781,15.85806751,3.67716166
46.59999847,184.8812795,74.7640136,26.46833621,63.56634273,0.9873946608,144.7106645,6.502581596,298.0663757,0,114.6739426,251.4667206,9.999999747e-05,70120.07812,15.80018234,3.707209406
46.79999924,177.7286899,72.78421765,26.76879717,62.40322238,0.9884042314,139.5455425,6.502108097,298.0365601,0,114.1624985,236.2412415,9.999999747e-05,70156.8125,15.79683113,3.731461496
47,183.8445574,73.22754135,26.71352137,62.96434464,0.9785985077,140.7162911,6.5008955,297.9882202,0,113.8351898,228.8912964,9.999999747e-05,70192.47656,15.72399712,3.706925815
47.20000076,180.610262,74.97185895,26.29747936,63.25447664,0.9717112232,140.8934458,6.499335289,297.9555664,0,113.9995422,213.8134308,9.999999747e-05,70229.30469,15.65453911,3.727785559
47.40000153,180.0334763,74.17558888,26.42207731,63.22661915,0.9705471207,138.8113568,6.49895525,297.9471741,0,114.786705,202.4715424,9.999999747e-05,70265.88281,15.64149284,3.758697497
47.59999847,180.3101961,74.21152905,26.51532589,63.09673308,0.9886881115,142.3055794,6.498857498,298.6678772,0,115.7208099,60.74146271,207.3887939,70303.24219,15.79098701,3.769163395
47.79999924,180.4692853,73.72126454,26.70070439,62.74158955,0.9845531773,139.5223355,6.49919939,298.6347656,0,116.6968689,307.4611206,20.73887825,70339.98438,15.74829388,3.772822031
48,176.1306143,74.39803212,26.69497392,62.62183245,0.9986756904,142.5165407,6.499232769,298.53479,0,117.5355911,315.6780396,2.073887825,70378.58594,15.86006641,3.779455846
48.20000076,176.5136589,71.75808004,27.04725002,62.0709715,0.9936005543,138.2030816,6.500787258,298.4474182,0,118.3635178,305.2407837,0.2073887885,70415.80469,15.82762814,3.781502166
48.40000153,177.3217679,72.55661878,26.89088368,62.32869228,0.9965648885,138.2030816,6.501779556,298.3605347,0,118.563591,295.9031982,0.02073887922,70453.07812,15.84894466,3.784162754
48.59999847,177.7007162,73.4090889,26.72731996,62.40054552,0.9952257735,141.0611032,6.502090454,298.2745972,0,118.3735123,283.3623047,0.002073887968,70491.01562,15.83481026,3.784724144
48.79999924,176.9114081,72.76653958,26.91679072,62.29488887,0.9936204893,139.5869623,6.502515793,298.2035522,0,118.0595398,267.8800354,0.0002073887881,70528.64062,15.81852913,3.791690558
49,176.8391679,73.74214809,26.71107811,62.4221616,0.9909776961,141.3897804,6.502630234,298.1593323,0,117.572876,254.3144989,9.999999747e-05,70566.85938,15.78466606,3.829692608
49.20000076,183.4747238,73.36543347,26.71150502,62.9918894,0.9794036983,141.6821066,6.50296545,298.1289368,0,117.0417862,247.2206879,9.999999747e-05,70603.625,15.69530773,3.848588508
49.40000153,180.2486924,75.77630852,26.19581112,63.39752865,0.9739347979,142.3384078,6.502198219,298.1065063,0,116.3749161,243.0480194,9.999999747e-05,70641.64062,15.63203621,3.875394392
49.59999847,183.902159,73.53864359,26.66539723,63.07121696,0.9765950454,140.7588623,6.502399921,298.0900879,0,116.0192795,240.3713379,9.999999747e-05,70678.02344,15.66213608,3.87884103
49.79999924,179.1774919,74.19382755,26.62010446,62.87996762,0.9885786217,141.3706048,6.502090931,298.0731506,0,115.5761185,238.8686829,9.999999747e-05,70715.57031,15.75100231,3.888085115
50,178.0820562,72.51506489,26.85961209,62.41950394,0.9893607145,138.2030816,6.502472401,298.054718,0,115.2614517,236.5289459,9.999999747e-05,70752.21094,15.76195049,3.878144364
50.20000076,179.9610281,75.139992,26.32996976,63.33745775,0.9752138116,141.5983136,6.501765251,298.0480347,0,114.7902298,233.0376434,9.999999747e-05,70789.74219,15.63169003,3.918029478
50.40000153,177.9802571,72.50623407,26.88478273,62.36226595,0.9843983879,138.2030816,6.502135754,298.0402222,0,114.6077347,232.9173279,9.999999747e-05,70826.32812,15.71016121,3.907088051
50.59999847,180.721958,75.51778407,26.24745334,63.37502757,0.96919209,142.0591173,6.501247406,298.0366211,0,114.2700348,232.0761719,9.999999747e-05,70863.80469,15.57241249,3.939904519
50.79999924,178.7070394,73.37798776,26.69817727,62.64952409,0.9869523882,139.8155066,6.501286983,298.0292969,0,114.2951813,232.399765,9.999999747e-05,70900.71875,15.72525215,3.928317475
51,178.607577,72.726053,26.78363491,62.42039497,0.9864804543,138.2030816,6.501532078,298.0137329,0,114.2973633,231.2700653,9.999999747e-05,70937.125,15.72279644,3.913805465
51.20000076,182.3281512,76.95877178,26.01792903,64.02168466,0.9780865336,146.548249,6.500225067,298.0227051,0,114.2038803,227.0535126,9.999999747e-05,70975.59375,15.63741398,3.989398592
51.40000153,185.9387155,76.39469245,26.01659967,64.21902977,0.963531957,145.7491523,6.499299049,298.0089722,0,114.6389236,230.789505,9.999999747e-05,71013.00781,15.53086281,3.959310894
51.59999847,187.6547579,75.71932707,26.15093129,64.21430741,0.9625626656,143.3389842,6.499054909,297.9996033,0,115.4381866,226.8303375,9.999999747e-05,71049.58594,15.52374935,3.965462012
51.79999924,181.0670607,74.31977272,26.42370857,63.23994088,0.9696699034,139.2282525,6.499835014,298.010498,0,116.3340149,224.0413971,9.999999747e-05,71086.61719,15.56857967,3.995096824
52,178.2424766,72.69046237,26.82962369,62.46980037,0.9852126414,138.2030816,6.501152992,298.0092163,0,116.916687,227.8517914,9.999999747e-05,71123.71094,15.7001276,3.972733049
52.20000076,178.6842629,72.87849656,26.77287795,62.44136888,0.9834551574,138.9805449,6.502233028,298.0046692,0,116.9735718,227.7192993,9.999999747e-05,71160.91406,15.68300438,3.97496316
52.40000153,186.2802503,76.9284585,25.91836137,64.30935453,0.9646101649,147.6701918,6.501687527,298.0271301,0,116.6010361,226.5068817,9.999999747e-05,71199.35938,15.5166254,4.061085628
52.59999847,183.2881726,74.36797947,26.47757415,63.34519293,0.9763499567,143.779075,6.502212524,298.0585327,0,116.4512787,234.4677887,9.999999747e-05,71237.04688,15.61176586,4.074434812
52.79999924,178.3456433,72.9546573,26.79336079,62.54771392,0.9871634109,138.3232588,6.503150463,298.0837402,0,116.0827103,246.1496124,9.999999747e-05,71274.19531,15.69372082,4.067155089
53,178.3723617,72.69420682,26.83787554,62.45491611,0.9885396772,138.2030816,6.503946304,298.118103,0,115.3411255,256.809967,9.999999747e-05,71311.15625,15.69834709,4.09470612
53.20000076,184.4672307,73.6005038,26.60727374,63.10556845,0.9761957426,141.9182909,6.504086971,298.1408691,0,114.2828979,271.6159363,9.999999747e-05,71347.59375,15.59916401,4.100845728
53.40000153,178.309758,72.59572575,26.86873888,62.48315795,0.9879514561,138.2030816,6.504244328,298.1383667,0,113.1702042,283.6355896,9.999999747e-05,71383.97656,15.69365311,4.065525077
53.59999847,183.1918482,73.26699477,26.74875019,63.03253874,0.9822695927,140.3143003,6.503783226,298.1243896,0,111.9923096,287.8901367,9.999999747e-05,71419.6875,15.64867592,4.06359944
53.79999924,181.1618886,75.38181128,26.24984337,63.4822758,0.9707029567,141.2228312,6.50242281,298.1274414,0,111.0010147,288.2762451,9.999999747e-05,71456.35938,15.53375149,4.113003638
54,181.2947592,74.88911506,26.32554779,63.52446483,0.9726030121,141.0376605,6.501347065,298.124115,0,110.5549622,294.0907898,9.999999747e-05,71492.73438,15.55328083,4.109483886
54.20000076,178.8372014,73.44268858,26.75736607,62.69149746,0.9865393626,140.4421399,6.500962257,298.1287537,0,110.5353851,297.7077332,9.999999747e-05,71529.21094,15.66165352,4.119554786
54.40000153,179.284615,72.79872378,26.79093349,62.49718292,0.9834865143,139.1956842,6.500906944,298.1096802,0,110.6682663,303.9883423,9.999999747e-05,71565.10938,15.64261246,4.0845397
54.59999847,183.226644,73.22748326,26.72354527,63.10078601,0.9821705467,140.6684913,6.500792027,298.0979309,0,110.824501,302.2017822,9.999999747e-05,71600.67188,15.63409424,4.105906045
54.79999924,179.2285999,73.47980693,26.66404657,62.68555963,0.9886927448,140.8595045,6.500691414,298.0961304,0,111.0279236,302.4043884,9.999999747e-05,71637.22656,15.67627811,4.129485295
55,183.184989,77.09299995,25.96216579,64.15527757,0.9779997701,146.6383212,6.499248981,298.1157837,0,111.2713776,305.534729,9.999999747e-05,71675.17969,15.57436752,4.205080724
55.20000076,185.329093,75.04969839,26.27247078,63.97486093,0.963695786,141.5105243,6.499186039,298.1487427,0,112.0962219,315.9331665,9.999999747e-05,71711.36719,15.45976448,4.218056342
55.40000153,179.7912069,73.19091925,26.68051113,62.67628513,0.9852416374,139.6201979,6.500019073,298.2033081,0,112.9374542,331.5079956,9.999999747e-05,71748.10938,15.62784386,4.244964374
55.59999847,186.8395396,75.24566195,26.22091521,63.93491538,0.9609650687,142.2686049,6.50005722,298.2518616,0,113.4468307,355.6610718,9.999999747e-05,71784.54688,15.42456722,4.272314899
55.79999924,181.1713873,72.1418239,26.8432418,62.62607672,0.9831845047,138.2030816,6.501554012,298.2560425,0,113.9464493,379.629364,9.999999747e-05,71820.53125,15.62293148,4.196762263
56,182.1064597,73.98927306,26.42505744,63.30575575,0.9689469694,138.2030816,6.502112389,298.258606,0,113.8400574,390.1482849,9.999999747e-05,71856.74219,15.49348545,4.223810079
56.20000076,183.3789058,73.11654217,26.7781874,63.08825832,0.9855996657,141.043734,6.502730846,298.2294922,0,113.5180664,400.6081238,9.999999747e-05,71892.95312,15.64080238,4.188461622
56.40000153,183.8789403,72.91476315,26.75673647,62.90359028,0.9802775151,140.1049111,6.503267765,298.1887512,0,112.9454193,400.2373962,9.999999747e-05,71928.64844,15.59469891,4.173226065
56.59999847,180.5128453,73.57755657,26.71256215,62.94653312,0.9980146531,142.7117251,6.503152847,298.1458435,0,112.1585083,395.002533,9.999999747e-05,71965.58594,15.73804665,4.181543319
56.79999924,178.1645823,74.28488335,26.698861,62.8517957,0.9979068947,143.8485381,6.502448559,298.1038818,0,111.4194794,387.5888062,9.999999747e-05,72003.27344,15.72529697,4.193606674
57,183.1715362,72.90829561,26.78589921,63.03115039,0.9890900082,140.471978,6.502488613,298.0591431,0,110.9620361,378.895874,9.999999747e-05,72038.76562,15.66533947,4.167474246
57.20000076,182.751424,75.03132754,26.23629494,63.74095494,0.9705083741,140.3722453,6.501589298,298.0132751,0,110.4842224,367.6738892,9.999999747e-05,72074.69531,15.50224018,4.184939348
57.40000153,180.2813752,74.24302741,26.62830791,62.99711076,0.9927666866,141.8523241,6.500923634,297.9769287,0,110.3715973,354.4083557,9.999999747e-05,72111.28906,15.67831326,4.19068561
57.59999847,183.4642981,73.79152571,26.67633139,63.15945754,0.9886726534,143.0013633,6.500723839,297.9596863,0,110.5214767,342.7041626,9.999999747e-05,72147.42969,15.64767456,4.211551667
57.79999924,179.0363489,73.33757303,26.78291116,62.71709974,0.991022509,141.7108645,6.500714779,297.9327087,0,110.7504044,336.1648865,9.999999747e-05,72184.11719,15.66379166,4.190442594
58,179.4968105,73.61777701,26.73459317,62.75550672,0.9937526638,141.1445997,6.50074482,299.0423279,0,110.9837952,100.849472,353.4059143,72220.52344,15.68160915,4.193628568
58.20000076,180.6921516,73.1041319,26.84991436,62.66474695,0.9823036645,138.275736,6.501026154,298.9932251,0,111.2056732,481.3422852,35.34059143,72255.78906,15.58498096,4.161703444
58.40000153,180.1223899,71.46652455,27.13782201,62.48828751,0.9911937406,138.2030816,6.501817703,298.815918,0,111.3143921,495.1733093,3.534059048,72290.71875,15.67516708,4.103554301
58.59999847,182.776072,74.4023475,26.46339821,63.73904714,0.9769162461,138.5684125,6.501063347,298.6208496,0,111.1055679,471.6132812,0.3534058928,72325.80469,15.55385017,4.111255659
58.79999924,179.2354045,71.61672159,26.98285208,62.40828458,0.9886126212,138.2030816,6.501226902,298.4233704,0,111.2052765,436.2442932,0.03534059227,72360.85938,15.65893173,4.033465906
59,178.0065971,72.09667917,26.98584777,62.48743283,0.9969059044,138.2030816,6.500947952,298.2511292,0,111.2315292,392.8600159,0.00353405904,72396.32031,15.72279263,4.033262631
59.20000076,182.4571293,75.24025324,26.3191679,63.77399805,0.9762888879,140.8138059,6.499190807,298.09552,0,111.3738098,350.7908325,0.0003534058924,72432.15625,15.54996204,4.055383917
59.40000153,179.90603,73.39885634,26.63016416,62.85175525,0.988808695,140.711668,6.498983383,297.9859924,0,112.2223282,307.8151245,9.999999747e-05,72468.3125,15.65287018,4.057687926
59.59999847,185.6948439,74.71437663,26.40421896,63.54518983,0.9837817902,144.938151,6.498529434,297.8990784,0,113.1439667,274.7754211,9.999999747e-05,72504.67188,15.61503887,4.082545372
59.79999924,181.2714285,74.88318604,26.45515183,63.28511635,0.9925095878,145.5523309,6.497590065,298.7874146,0,114.2529526,82.43262482,293.6546631,72542.07031,15.69150448,4.016076485
60,180.2935384,74.6086366,26.5503924,63.01847919,0.9860834253,143.1363508,6.497300625,298.6386414,0,115.7385178,385.7750854,29.36546516,72579.28125,15.63250828,4.004385735
60.20000076,181.3334762,73.33303184,26.73102873,62.74459366,0.9908558807,141.2456091,6.498333454,298.4500122,0,117.3361969,357.3154297,2.936546564,72615.97656,15.67580223,4.004098765
60.40000153,181.1972035,75.42616653,26.33136283,63.69739031,0.9774920215,142.3286954,6.499131203,298.3107605,0,118.5184708,317.3026123,0.2936546504,72653.80469,15.55686378,4.080532897
60.59999847,179.0616021,74.45256834,26.57908948,62.87270928,0.9900174624,142.7556896,6.500208378,298.184845,0,119.3867264,287.557251,0.02936546504,72692.11719,15.65898132,4.053208109
60.79999924,178.4563174,73.39271193,26.75253763,62.71393816,0.992824085,140.2355703,6.50174284,298.0825806,0,119.8223801,256.8072815,0.002936546458,72729.89844,15.68492126,4.038727711
61,179.0600325,74.10638436,26.62360813,62.89526785,0.9938354227,142.2084941,6.502963543,298.0116577,0,119.6437073,229.4072418,0.0002936546516,72768.17188,15.68767071,4.079673274
61.20000076,182.6861519,76.31481134,26.06855413,63.79010047,0.969882562,145.2395931,6.503088951,297.957428,0,118.9792404,208.797287,9.999999747e-05,72806.72656,15.48687649,4.116995291
61.40000153,179.7806482,74.14255564,26.57922654,62.99601188,0.9845847687,141.2388635,6.503705502,297.9098816,0,118.2671204,191.0595856,9.999999747e-05,72844.39844,15.60755157,4.075470956
61.59999847,180.1805331,74.97899457,26.46965961,63.14133198,0.9859507536,143.9946431,6.50337553,298.565918,0,117.3033905,57.31787491,209.7941437,72882.41406,15.6178093,4.060899746
61.79999924,180.5305145,74.7659687,26.47802492,63.0613,0.9814559951,142.2656293,6.502597809,298.4735413,0,116.4761734,280.6345215,20.97941399,72919.60938,15.58114052,4.017885216
62,185.8211526,76.21228901,26.11971549,64.22111123,0.9657709986,144.2629977,6.501163006,298.3377991,0,115.9586411,265.0592041,2.097941399,72956.36719,15.4595089,4.033940486
62.20000076,183.1876145,77.48029841,25.93550943,64.15528628,0.9742529161,147.3973662,6.499221802,298.2193909,0,116.0155792,236.6771851,0.2097941488,72994.66406,15.52335453,4.051667371
62.40000153,183.1778673,76.21006219,26.14595973,63.82409637,0.9711376212,145.2087785,6.497670174,298.1075745,0,116.8486557,209.5166016,0.02097941376,73032.32031,15.50616264,3.988659089
62.59999847,180.4928191,74.02188694,26.5632509,62.96251025,0.9821051307,141.6555128,6.497537136,298.0186157,0,118.2994995,180.0540466,0.002097941469,73069.58594,15.59822559,3.947946575
62.79999924,180.4865004,74.99756958,26.37320613,63.21352662,0.9830132966,144.4338619,6.496855736,297.9413147,0,119.8001633,154.2378998,0.0002097941469,73107.89844,15.61246395,3.925835687
63,180.3393833,75.54035606,26.32533479,63.38864025,0.9872731674,145.6512438,6.497206688,298.4576416,0,121.5797577,46.27136993,166.9335938,73146.98438,15.64366817,3.972467805
63.20000076,187.6650108,77.48049534,25.90739031,64.53028297,0.9648010209,148.2527676,6.496836185,298.3575134,0,123.2137451,222.7843781,16.69335938,73185.73438,15.46907997,3.96635076
63.40000153,180.1750825,73.73333921,26.64253916,62.94392012,0.9856302341,141.1020575,6.498075962,298.2250061,0,125.0016403,201.5280457,1.669335961,73224.01562,15.641078,3.883339352
63.59999847,185.4447368,75.67213016,26.26886956,63.85741937,0.982037574,145.8394518,6.498814583,298.1196594,0,126.2859421,169.9747162,0.1669335961,73262.92969,15.61852264,3.917010662
63.79999924,181.2425165,75.55745814,26.35224088,63.39438728,0.9874001961,146.5333081,6.500091553,298.0466309,0,127.2815781,143.0650482,0.01669335924,73303.10156,15.65470314,3.943589817
64,182.1318884,76.44382335,26.08254494,63.86105394,0.9726952148,144.8610729,6.501039505,297.9919434,0,127.7632217,123.1446533,0.001669335994,73343.03906,15.53281879,3.95133447
64.19999695,182.1184032,75.8835225,26.24411649,63.55790975,0.9853749075,146.3029123,6.50211668,297.9523621,0,127.8684845,106.5756912,0.0001669335907,73383.17969,15.63854504,3.949349164
64.40000153,182.2463372,77.3234578,25.94722476,64.0433799,0.9737405958,146.9580328,6.502645493,297.9292297,0,127.5413895,93.02794647,9.999999747e-05,73423.73438,15.53658772,3.988084363
64.59999847,185.3171504,76.53276694,26.08171011,63.94797835,0.9746588385,147.693252,6.50357914,298.2705688,0,127.0048828,27.90838432,104.2345734,73463.49219,15.54645443,3.99215387
64.80000305,180.8060809,75.75787393,26.27158479,63.43861739,0.9820954478,144.4459732,6.50361681,298.21698,0,126.0918198,143.1945038,10.4234581,73502.98438,15.60627174,3.923065251
65,179.8816853,74.89123488,26.43511355,63.25549706,0.9860317813,143.0966849,6.504557133,298.1595764,0,125.1679306,132.2960052,1.042345762,73542.11719,15.63176441,3.964823446
65.19999695,180.2162441,75.09716355,26.3995553,63.3005577,0.9850011186,143.7773908,6.504454136,298.1029358,0,123.8621521,121.0244751,0.1042345762,73581.0625,15.6242342,3.939387868
65.40000153,180.9808284,75.55035969,26.29646009,63.43616761,0.9837166285,145.2079434,6.503353596,298.0531616,0,122.6038208,107.89785,0.01042345725,73619.96094,15.61564922,3.920478809
65.59999847,182.5381238,76.83387992,26.01455029,64.01348944,0.9723468604,145.8354885,6.502127647,298.0224609,0,121.785614,95.0151825,0.001042345772,73658.85156,15.51637363,3.97031824
65.80000305,185.7211327,76.85710643,26.03975765,64.08085945,0.976137167,148.8227617,6.500275612,297.9919739,0,121.4551086,86.78740692,0.0001042345757,73697.59375,15.55648994,3.937467382
66,187.3265718,77.60986272,25.79234699,64.53983166,0.963997853,148.7346259,6.499796867,297.9833679,0,121.8669586,77.34539032,9.999999747e-05,73736.38281,15.44939423,4.022293838
66.19999695,181.4658207,76.06442631,26.19612971,63.65158545,0.9799945695,146.17305,6.499567509,297.9709473,0,122.4638062,74.30529785,9.999999747e-05,73775.5625,15.57946301,3.969041966
66.40000153,182.0550833,75.9722882,26.17432818,63.59802196,0.9805672117,146.0874335,6.500126839,297.9667358,0,123.1559525,69.45849609,9.999999747e-05,73814.78125,15.5817585,3.996347843
66.59999847,181.9846874,75.75462732,26.22463361,63.57246867,0.9800074388,145.1225452,6.50014782,297.9570007,0,123.622612,67.00708008,9.999999747e-05,73853.78125,15.58228493,3.947767177
66.80000305,183.2653066,77.26201935,25.92785569,64.13433732,0.9711120652,147.1765848,6.500195503,297.9563293,0,124.0852585,62.43567276,9.999999747e-05,73893.4375,15.50523949,4.002668121
67,181.7516469,76.02887821,26.20424854,63.62476576,0.9806400773,145.7189633,6.49988699,297.9474487,0,124.5270462,60.66333771,9.999999747e-05,73932.79688,15.59030914,3.926502972
67.19999695,183.7565436,77.5164562,25.90762459,64.16619491,0.9718293636,148.737805,6.49812746,298.1886902,0,125.0934525,18.19900131,73.67493439,73972.67969,15.52726555,3.888311496
67.40000153,185.9288557,76.80859016,26.03797008,64.06909789,0.9733782389,148.3101317,6.497982979,298.1550293,0,126.3672714,99.52711487,7.367493629,74012.14062,15.54012871,3.911272326
67.59999847,181.7792402,75.88080604,26.19600137,63.60388478,0.9823909298,146.1497314,6.499031067,298.1116028,0,127.6888657,93.17664337,0.736749351,74052.10156,15.61121845,3.917848586
67.80000305,181.5605187,75.79363368,26.22094192,63.53387707,0.9819205115,145.4540678,6.50036335,298.0757141,0,128.5925598,84.26708984,0.07367493212,74092.14062,15.60573483,3.923194616
68,185.3558035,76.35544353,26.12560794,63.99986768,0.9760870368,147.3001587,6.501764297,298.0504456,0,128.966156,76.39700317,0.007367493585,74132.03125,15.56012154,3.95478484
68.19999695,181.7060824,75.83305877,26.23244931,63.56549636,0.9813167113,145.4133858,6.502375603,298.0231323,0,128.7800446,70.78453064,0.0007367493236,74172.03906,15.60299778,3.90021752
68.40000153,181.4063512,75.8520201,26.25046275,63.54428325,0.9822099553,145.2200126,6.503191948,298.0065613,0,128.3522339,63.4385643,9.999999747e-05,74212.03125,15.60517979,3.926026154
68.59999847,185.3083518,76.66155174,26.08435907,64.04762823,0.9753565729,147.9712319,6.504034519,298.0000305,0,127.5946884,58.79808807,9.999999747e-05,74251.89062,15.54780483,3.981550298
68.80000305,182.2485724,76.33600164,26.11379953,63.74728615,0.9811781505,146.3859898,6.504130363,297.9908752,0,126.5007095,56.91298294,9.999999747e-05,74291.67969,15.59475803,3.944280816
69,182.3495889,76.2784622,26.17450653,63.6854387,0.9819350117,147.4227675,6.503804684,297.9840088,0,125.3710251,53.81114578,9.999999747e-05,74331.42969,15.59928513,3.942670483
69.19999695,182.198033,76.0786201,26.17211307,63.63393992,0.9788831874,145.6288683,6.503926277,297.9842834,0,124.3704605,51.16032028,9.999999747e-05,74370.64062,15.56652451,3.974124019
69.40000153,183.436964,76.29793297,26.11380964,63.74185436,0.9788349997,147.9560353,6.504216194,297.9892883,0,123.3184509,50.70553589,9.999999747e-05,74409.98438,15.56367588,4.017041783
69.59999847,185.516383,76.73452338,26.0577845,64.10514747,0.9744853748,147.5720725,6.504415989,297.9983826,0,122.1513214,51.84230804,9.999999747e-05,74448.75,15.52214909,4.061929445
69.80000305,182.7292635,76.07662022,26.16035735,63.68702781,0.9770258628,145.4658094,6.504860401,298.0085754,0,120.9051437,54.53959274,9.999999747e-05,74487.29688,15.53369522,4.07783102
70,183.0079044,77.11191079,26.02959038,63.971753,0.9798411295,148.1965171,6.503740788,298.0102844,0,119.4801254,57.92635727,9.999999747e-05,74526.24219,15.55969715,4.053476576
70.19999695,183.0192302,76.76513859,26.06727472,63.88104156,0.9784789898,147.070272,6.503434658,298.0193787,0,118.5088425,58.76226425,9.999999747e-05,74564.78125,15.53926373,4.108255791
70.40000153,182.8707228,76.4438093,26.11543497,63.74089161,0.9771559593,146.4641907,6.502660751,298.0208435,0,117.6523972,62.27257538,9.999999747e-05,74602.92188,15.52976036,4.071742052
70.59999847,182.6268445,76.13526351,26.16751671,63.74712823,0.9782546685,145.5070138,6.501654148,298.0178833,0,117.1096725,63.43870926,9.999999747e-05,74640.70312,15.5411272,4.044634979
70.80000305,187.8291559,77.94601963,25.80839991,64.66104197,0.9649300294,150.3720701,6.500099182,298.0161438,0,116.9689178,63.18860626,9.999999747e-05,74678.82031,15.43678951,4.083201435
71,185.3843038,77.79353683,25.81951993,64.41503324,0.9709314339,149.4213658,6.498516083,298.009613,0,117.45121,63.28034973,9.999999747e-05,74717.25,15.48798466,4.050002547
71.19999695,183.0144836,76.24088188,26.1421918,63.77747617,0.9771117917,146.007611,6.497653484,297.9992676,0,118.5650024,61.64944839,9.999999747e-05,74755.28906,15.539711,3.994974022
71.40000153,185.6542134,76.67512075,26.06326684,64.10207822,0.9741213369,147.2061456,6.497678757,297.9949341,0,120.0214462,58.48684311,9.999999747e-05,74793.47656,15.51657581,4.031837269
71.59999847,183.2940848,76.53407536,26.12819314,63.81191916,0.9793611954,147.7622949,6.496342659,297.9766541,0,121.467041,57.03863144,9.999999747e-05,74832.32812,15.57127762,3.922921655
71.80000305,184.1436467,77.37384086,25.86627201,64.2444804,0.9688625287,146.4887119,6.494795799,297.9597168,0,123.4543533,50.5787735,9.999999747e-05,74871.25,15.49233818,3.8915833
72,186.1611257,77.07944057,25.97225143,64.21472431,0.973217591,148.7933184,6.494472504,297.9484558,0,126.0567932,43.99827957,9.999999747e-05,74910.70312,15.5354166,3.894863555
72.19999695,183.3208044,76.4773891,26.09862845,63.7893479,0.9775225198,147.5489639,6.494626045,298.1183777,0,128.7838593,13.19948387,53.45875168,74950.78906,15.57442379,3.849258507
72.40000153,182.7158064,76.81398471,26.07599719,63.8769877,0.9807122059,148.4874129,6.495837212,298.0896912,0,131.451889,69.97610474,5.345874786,74991.8125,15.60256577,3.872568917
72.59999847,185.0514984,77.10131821,26.0306976,64.15191153,0.9772557943,148.3739681,6.497280598,298.0522766,0,133.6335754,63.24930191,0.5345875025,75032.82031,15.57997608,3.86830406
72.80000305,186.0265312,76.84350165,25.98953086,64.16421537,0.9746231298,148.0064773,6.50010252,298.0281982,0,135.2404022,53.91199875,0.05345875025,75073.875,15.55866146,3.906965649
73,182.4213851,76.69687431,26.06846715,63.91436213,0.9816318132,146.7738484,6.502703667,298.0097961,0,135.7147217,47.84916306,0.005345874932,75115.46875,15.61255836,3.903063062
73.19999695,186.1493219,77.32338265,25.99247523,64.27455356,0.9769670275,150.3895921,6.504652977,297.996521,0,135.1537323,42.74276733,0.0005345874815,75157.07812,15.57828426,3.920317946
73.40000153,182.218165,76.46885054,26.11771781,63.79349609,0.9805182682,146.3704284,6.505748272,297.9837036,0,133.8143921,38.66200638,9.999999747e-05,75198.125,15.60324097,3.868016891
73.59999847,185.8327943,77.27006513,25.9476562,64.26690267,0.9758088887,149.3600193,6.505233288,297.9720154,0,132.0376587,34.21155548,9.999999747e-05,75238.79688,15.57223415,3.846951891
73.80000305,183.0709638,76.85471017,26.0402417,63.98933742,0.9803171103,147.2821926,6.50497961,297.9681396,0,130.4694977,29.6660862,9.999999747e-05,75279.24219,15.59976864,3.866473421
74,183.3664519,76.83931214,26.06455787,63.90986811,0.9795513432,148.5692865,6.503531456,297.9630127,0,128.9969177,27.36328506,9.999999747e-05,75319.51562,15.59558964,3.831348323
74.19999695,183.5200588,77.13892063,25.95942051,64.04055736,0.9798787134,147.8913196,6.50248003,297.9638062,0,128.1083374,24.43574142,9.999999747e-05,75359.55469,15.59435463,3.861963382
74.40000153,186.0663848,77.22425494,25.95120696,64.29605837,0.9736754805,149.30368,6.501306057,297.9649658,0,127.6351395,23.36000061,9.999999747e-05,75399.27344,15.54739857,3.861725872
74.59999847,185.7978251,77.29410789,25.9449591,64.28859964,0.9740860348,148.5761082,6.500033855,297.9661865,0,127.6331863,22.39010048,9.999999747e-05,75438.89844,15.55030251,3.853411164
74.80000305,184.9756362,77.90124034,25.79539855,64.44359283,0.9696147211,148.3800071,6.499089718,297.9693604,0,128.1400604,21.49656868,9.999999747e-05,75478.92188,15.51177406,3.872584735
75,183.7157452,76.88329568,26.05796345,63.95891117,0.977593748,148.7843786,6.49861145,297.9700928,0,129.0231628,21.30599785,9.999999747e-05,75519.21094,15.57932663,3.845768493
75.19999695,185.7995818,77.35124981,25.94150683,64.27866854,0.9742269955,148.7416314,6.499719143,297.9771423,0,130.0970917,20.39388657,9.999999747e-05,75559.51562,15.54822445,3.91905622
75.40000153,186.1719916,77.20577723,25.94138399,64.25121495,0.9721951195,148.5107922,6.500219822,297.9785156,0,130.7243042,21.69048309,9.999999747e-05,75599.71094,15.53777027,3.874272652
75.59999847,182.9703217,76.97060203,26.02953939,63.97776007,0.9782264916,147.435352,6.501291275,297.9818726,0,131.1582336,21.26011467,9.999999747e-05,75640.42188,15.58136463,3.89267863
75.80000305,183.6328487,77.17930142,25.9701856,64.0509598,0.9783894178,148.001898,6.50157547,297.9816589,0,131.1597443,21.60010719,9.999999747e-05,75681.10938,15.58758831,3.863034159
76,183.1987415,77.15666102,25.96895109,64.02616522,0.9782946399,148.0304729,6.500983715,297.9784851,0,131.0521088,20.820961,9.999999747e-05,75721.78906,15.59108257,3.821872053
76.19999695,183.1968171,76.82689282,26.03292156,63.93587413,0.9770791383,147.1229941,6.499472141,297.9726562,0,131.1815338,19.03573036,9.999999747e-05,75762.14062,15.5857296,3.76521016
76.40000153,183.5070728,77.13556593,25.96582593,64.06803954,0.9784955765,148.5036642,6.496281147,297.9634705,0,131.915741,16.24687576,9.999999747e-05,75802.78906,15.60944366,3.693387653
76.59999847,183.4388473,76.93914891,26.01463186,63.99171699,0.9782894743,147.1762158,6.493040085,297.9560242,0,133.9288177,12.09208584,9.999999747e-05,75843.47656,15.6124773,3.651677355
76.80000305,183.6265707,77.10380263,26.0171211,64.02886038,0.9796050302,149.4110683,6.490849018,297.9514771,0,137.2332001,8.222079277,9.999999747e-05,75885.27344,15.6316824,3.648339388
77,184.2525749,77.30491158,25.9224996,64.14628344,0.978560339,148.7632471,6.489878178,297.9491272,0,141.4103088,5.061337948,9.999999747e-05,75927.66406,15.63167191,3.639374713
77.19999695,182.9612518,77.33341412,25.9659623,64.05233266,0.9802326262,148.1442817,6.491538525,297.994812,0,145.9752655,1.518401384,14.79781723,75971.17969,15.64478016,3.682632768
77.40000153,183.291444,77.12751876,25.98859812,64.02394993,0.9794058304,148.2529227,6.492655754,297.9789734,0,149.8713837,15.38134861,1.479781747,76015.28125,15.65139389,3.620962038
77.59999847,184.7194529,77.94481275,25.77525244,64.42572942,0.9706592028,149.0361496,6.495265961,297.9681396,0,153.330658,9.38718605,0.1479781717,76060.16406,15.58529377,3.659995421
77.80000305,183.0742498,77.08017395,25.99743529,63.97542998,0.9797594675,147.4804784,6.499377251,297.9636536,0,155.7393799,4.977256298,0.01479781698,76105.40625,15.65661335,3.678313122
78,182.4916616,77.0302432,26.03972493,63.95509198,0.9809566807,147.7789393,6.504240513,297.9642944,0,156.5034332,2.316202164,0.001479781698,76151.03125,15.66396999,3.717364347
78.19999695,186.2218505,77.63895279,25.90618396,64.34743649,0.9760788405,150.1923086,6.507705688,297.9649048,0,155.3244934,1.202903509,0.000147978164,76196.24219,15.63072109,3.709286566
78.40000153,184.3063482,78.15582769,25.77949891,64.41795155,0.9708759011,149.0875375,6.510733604,297.9697876,0,152.7663879,0.0691696927,9.999999747e-05,76241.25,15.57814693,3.747441174
78.59999847,186.9746673,78.53115032,25.68003703,64.75367892,0.9664290092,150.0674321,6.512141228,297.9742737,0,148.9940643,0.436512351,9.999999747e-05,76285.21094,15.54222107,3.743261214
78.80000305,184.1321874,77.47612841,25.89004599,64.20491265,0.9786985876,148.912954,6.513044357,297.9795227,0,144.6626129,0.8143449426,9.999999747e-05,76328.41406,15.63287449,3.74398044
79,183.7088052,77.07384487,25.97066637,64.08894457,0.9783881941,147.8378058,6.512805462,297.9848938,0,139.9663849,1.625142455,9.999999747e-05,76370.45312,15.62191105,3.742472052
79.19999695,186.0768931,77.65420094,25.89000572,64.37115318,0.9728231743,149.6503431,6.5104146,297.9886169,0,135.3678436,2.676843166,9.999999747e-05,76411.53906,15.57439709,3.731043745
79.40000153,186.0554923,77.81986672,25.85377598,64.45292843,0.9732517025,149.70773,6.506830692,297.9917297,0,131.7291718,3.351535559,9.999999747e-05,76451.92969,15.57452202,3.724397319
79.59999847,185.1949957,78.27384516,25.71403166,64.56863766,0.9686835164,149.1092546,6.501135349,297.9909668,0,129.5209045,3.968048334,9.999999747e-05,76491.92188,15.53953362,3.668109873
79.80000305,187.0556181,77.62770136,25.88185427,64.42621944,0.9730004062,151.0682894,6.496655941,297.9906616,0,129.5939636,3.372202873,9.999999747e-05,76531.84375,15.57780361,3.675972391
80,184.1541126,77.36620134,25.91263425,64.18510669,0.9755648356,148.4050745,6.492813587,297.989502,0,131.4479675,2.934916496,9.999999747e-05,76572.10938,15.59857655,3.651541007
80.19999695,185.855417,77.61525019,25.89014395,64.38370492,0.9726985245,149.301949,6.490945339,297.9894409,0,134.8407898,2.183146,9.999999747e-05,76613.00781,15.58037567,3.67869672
80.40000153,184.128557,77.41943433,25.90600986,64.21259716,0.9775625743,148.6051142,6.49079895,297.9887085,0,138.9764099,1.777729988,9.999999747e-05,76654.91406,15.62532902,3.678616459
80.59999847,183.9702457,77.42849595,25.92287711,64.13949993,0.9772119544,148.5750175,6.492416382,297.9883728,0,143.1713562,1.128796577,9.999999747e-05,76697.74219,15.62602139,3.695941985
80.80000305,186.4055104,77.69437234,25.87794336,64.37812333,0.973730091,150.6309462,6.49466753,297.9866333,0,146.7189331,0.600643456,9.999999747e-05,76741.25781,15.60900307,3.693339935
81,186.491575,77.87510337,25.80862934,64.48196062,0.9737185558,150.3353142,6.497571468,297.9848328,0,149.3697662,9.999999747e-05,9.999999747e-05,76785.28125,15.61445332,3.698128185
81.19999695,184.4499073,77.44250961,25.94932154,64.1486972,0.9776786028,149.9592206,6.50052309,297.9816589,0,150.8588867,9.999999747e-05,9.999999747e-05,76829.82812,15.64708805,3.683815332
81.40000153,185.7876838,77.80723056,25.8665408,64.39836418,0.9747333522,149.8585485,6.504502296,297.9814758,0,151.169281,9.999999747e-05,9.999999747e-05,76874.30469,15.62030125,3.743207049
81.59999847,185.9760246,77.85981964,25.85718903,64.47239805,0.9745346366,149.5832072,6.506875038,297.979248,0,149.8847656,9.999999747e-05,9.999999747e-05,76918.36719,15.62164116,3.70695971
81.80000305,183.8979071,77.46882622,25.95283255,64.15413865,0.9787100991,149.6463963,6.509392738,297.9790039,0,147.6596527,9.999999747e-05,9.999999747e-05,76962.38281,15.64750862,3.73607219
82,183.8936461,77.3323184,25.93940035,64.18785692,0.9779753414,148.6983425,6.5122118,297.9828186,0,144.4217987,9.999999747e-05,9.999999747e-05,77005.59375,15.63178921,3.793652676
82.19999695,186.3055653,77.70275618,25.85176093,64.45412342,0.9735241417,149.7203374,6.512628078,297.9848328,0,140.0559692,0.5323548317,9.999999747e-05,77047.64062,15.59607983,3.763461067
82.40000153,187.4455419,78.52826262,25.64470627,64.8632221,0.9663531782,150.1487573,6.512622833,297.9914856,0,135.5323486,0.5575804114,9.999999747e-05,77088.89844,15.5275116,3.832702918
82.59999847,184.3989091,77.57680129,25.85309031,64.31396077,0.9758487948,148.2755747,6.511649132,297.9970398,0,131.0046539,2.267071009,9.999999747e-05,77129.25781,15.59393692,3.820217424
82.80000305,184.1430186,77.59183274,25.88495192,64.28969448,0.9759447607,147.9373489,6.509361744,298.001709,0,126.868187,3.807916164,9.999999747e-05,77168.77344,15.58714962,3.819048145
83,184.825511,77.63429683,25.90233914,64.26116094,0.9758503545,149.8525909,6.506237984,298.0050659,0,123.6479416,5.270915508,9.999999747e-05,77207.89844,15.58332634,3.82351352
83.19999695,184.8515085,77.66190766,25.83474613,64.33547734,0.974633703,148.6841258,6.502514839,298.0066833,0,121.6757202,6.458028316,9.999999747e-05,77246.36719,15.5724535,3.807684083
83.40000153,185.2358911,78.20029772,25.70318721,64.61267903,0.9673779455,148.5643042,6.497515678,298.0042114,0,121.1919556,7.183041573,9.999999747e-05,77284.65625,15.51846218,3.759284468
83.59999847,184.7708035,77.62657338,25.82370075,64.33265599,0.9732997289,147.4637168,6.494338989,298.0031433,0,122.7100906,6.568754196,9.999999747e-05,77323.05469,15.56501293,3.773929753
83.80000305,185.6179133,77.76497775,25.87499232,64.32643354,0.9750104167,150.6943098,6.492900372,298.0022888,0,125.4888916,6.379048824,9.999999747e-05,77362.59375,15.58390903,3.805342306
84,186.9336059,78.66029307,25.64916456,64.80956546,0.965914376,149.7196361,6.492818832,298.0022888,0,128.8433838,6.20968914,9.999999747e-05,77402.57812,15.51402473,3.833650906
84.19999695,185.2234817,78.37726616,25.69943382,64.61744651,0.9677329666,148.6467785,6.493566513,297.9997559,0,132.2315979,6.30291748,9.999999747e-05,77443.28125,15.53406334,3.807961169
84.40000153,184.3491072,77.61799708,25.89293973,64.30609039,0.9755433511,148.400683,6.495500088,297.9963379,0,135.3223572,5.509200096,9.999999747e-05,77484.58594,15.60275173,3.795173768
84.59999847,185.7934463,78.46841844,25.71501392,64.60971138,0.9692339019,150.6780971,6.49883461,297.9966736,0,137.6382904,4.346366882,9.999999747e-05,77526.8125,15.55254364,3.864813117
84.80000305,185.1528963,78.40166043,25.69175349,64.60696622,0.968948607,149.1559079,6.501783848,297.9952698,0,138.619751,4.34747076,9.999999747e-05,77568.99219,15.55348015,3.838829532
85,185.985815,78.28836022,25.73484134,64.58755457,0.9693659079,150.407546,6.503565788,297.9912415,0,138.4272919,3.731938124,9.999999747e-05,77611.11719,15.56341839,3.794706141
85.19999695,184.1680268,77.54540028,25.89063932,64.26707846,0.9753763912,148.4613681,6.505490303,297.9894714,0,137.5246582,2.174233675,9.999999747e-05,77652.875,15.60767365,3.793844064
85.40000153,184.5976108,77.63644672,25.85845417,64.32340738,0.9751336022,148.9110732,6.506905556,297.9892273,0,135.8480225,1.273751974,9.999999747e-05,77694.32031,15.60421848,3.802794506
85.59999847,185.1001594,77.5704308,25.84650657,64.3359986,0.9751087444,148.29821,6.507260323,297.9889832,0,133.6072845,0.8036410213,9.999999747e-05,77735.01562,15.60262108,3.785357198
85.80000305,184.5120365,77.84392993,25.82912273,64.34512825,0.9748351576,148.9929053,6.505821705,297.9876099,0,131.2265167,0.3143725097,9.999999747e-05,77775.49219,15.59975338,3.75177026
86,184.8800059,77.66916711,25.84467508,64.37347216,0.9742965688,148.5690978,6.50382185,297.9860535,0,129.4237671,9.999999747e-05,9.999999747e-05,77815.35938,15.59490299,3.737892814
86.19999695,186.1626059,77.64637588,25.84528624,64.3648225,0.9740589282,150.6945045,6.50161171,297.9836426,0,128.4169312,9.999999747e-05,9.999999747e-05,77855.17969,15.59579277,3.733191795
86.40000153,186.1217936,77.64505986,25.85963619,64.35607113,0.9738614512,150.5175653,6.499607086,297.9811096,0,128.2930298,9.999999747e-05,9.999999747e-05,77894.9375,15.59379387,3.734517888
86.59999847,184.3501222,77.61684674,25.87119228,64.32706662,0.9746002459,148.3573414,6.499876499,297.9831543,0,128.9696808,9.999999747e-05,9.999999747e-05,77934.875,15.59017563,3.813907914
86.80000305,185.6802041,77.71645581,25.82434929,64.38366581,0.9745221009,150.4597671,6.4986763,297.9801331,0,129.5317383,0.01761776395,9.999999747e-05,77974.98438,15.60217571,3.741458404
87,184.5486261,77.75299001,25.84017744,64.36521427,0.9747070716,148.0064862,6.496817589,297.974823,0,130.5859222,9.999999747e-05,9.999999747e-05,78014.97656,15.60525799,3.695671665
87.19999695,185.4282677,77.82114538,25.85573615,64.35851126,0.9758032073,150.4305185,6.49349308,297.9637146,0,132.3812256,9.999999747e-05,9.999999747e-05,78055.53125,15.62820816,3.615354629
87.40000153,185.4382022,78.38267184,25.70014166,64.64771833,0.9674557502,148.7949913,6.491095543,297.9518433,0,135.5088959,9.999999747e-05,9.999999747e-05,78096.49219,15.56484509,3.612896652
87.59999847,185.5628951,77.94691022,25.7580555,64.45898805,0.9749166895,149.2373817,6.489828587,297.9370422,0,139.5878296,9.999999747e-05,9.999999747e-05,78138.21094,15.63668728,3.584383065
87.80000305,186.6971137,78.40024277,25.66770878,64.66632327,0.9683284084,150.9177132,6.489009857,297.9576416,0,144.1728821,9.999999747e-05,14.07147694,78181.01562,15.59626007,3.559473943
88,184.1503341,77.69979432,25.86994086,64.30541602,0.9757997904,148.4229538,6.490941048,297.937561,0,149.0876465,4.853528023,1.407147765,78224.72656,15.65658092,3.582522268
88.19999695,184.2086082,77.92219117,25.83461847,64.34220437,0.9756225558,149.1533619,6.495101929,297.9974365,0,153.2222443,1.456058383,28.51059341,78269.52344,15.65885544,3.629592144
88.40000153,184.5089017,77.66097431,25.87016243,64.27864139,0.9761196729,148.7737196,6.500267029,297.9640198,0,155.6939697,19.92691422,2.851059437,78314.63281,15.66613674,3.643670791
88.59999847,184.9817964,78.58625386,25.69721253,64.66620536,0.9703595183,149.0879737,6.504386902,297.9375,0,156.1036072,7.853983402,0.2851059437,78359.99219,15.6224966,3.645174946
88.80000305,183.9914908,77.72091026,25.88622337,64.31744503,0.9762787792,148.3470104,6.508927822,297.9733887,0,154.8718567,2.356194973,19.96404457,78404.99219,15.66567516,3.662089858
89,185.3554431,78.58513995,25.67676572,64.68597757,0.9702783182,149.6271265,6.512385368,297.9493408,0,151.818985,12.5920229,1.996404529,78449.5625,15.61436176,3.692095519
89.19999695,186.5772626,78.19257881,25.80100824,64.5465431,0.9738060951,150.9771105,6.514339924,298.0368958,0,147.3880615,3.777606726,38.91384506,78493.14844,15.63950062,3.682725137
89.40000153,185.117095,78.58897981,25.68122759,64.69140127,0.9691006632,149.0659237,6.513819695,297.9938049,0,142.1766663,32.26779175,3.891384602,78535.61719,15.59388161,3.656621039
89.59999847,184.1683335,77.75957738,25.88588788,64.34021223,0.9752752036,148.4015967,6.510871887,297.9558105,0,137.1768188,18.12431145,0.3891384602,78576.875,15.63948727,3.597897408
89.80000305,184.7536802,77.89502866,25.839833,64.39932403,0.974642094,148.5690897,6.507701874,297.9358521,0,133.3560638,5.109291553,0.03891384602,78617.35156,15.62748623,3.626646499
90,185.5463996,78.55524388,25.67245897,64.71344505,0.9683862378,149.5087014,6.503204823,297.9591675,0,130.7962952,1.532787561,14.43252945,78657.44531,15.57789898,3.613473638
90.19999695,185.7221791,77.93659515,25.8415153,64.40737672,0.9732111175,150.6134091,6.498754025,297.9382324,0,130.0389252,7.325563908,1.44325304,78697.42969,15.61795998,3.593691884
90.40000153,184.901917,78.02860121,25.77135987,64.44369127,0.9739771238,148.5504757,6.49533987,298.0071716,0,131.0575256,2.197669029,31.79858208,78737.39844,15.62394142,3.600412213
90.59999847,184.4803095,77.85214037,25.82955442,64.43133437,0.9734238297,147.902558,6.493732929,297.9718933,0,133.4385376,23.8281002,3.179858208,78777.79688,15.62054539,3.621612431
90.80000305,185.3928954,77.83910815,25.77630871,64.43293684,0.974188151,148.6309071,6.494457722,297.9451904,0,136.4597473,11.41023159,0.3179858029,78818.85938,15.63117123,3.662831122
91,185.8480377,78.10368989,25.7936552,64.55775792,0.9720390297,149.1546972,6.496625423,297.98703,0,139.1891022,3.423069477,21.57454681,78860.60938,15.61534309,3.700908215
91.19999695,185.5613899,77.87168877,25.83468749,64.40139164,0.9748219161,149.8575627,6.498469353,297.9577942,0,141.0540771,16.00711823,2.157454729,78902.83594,15.64569473,3.661351596
91.40000153,185.9448732,78.23225699,25.77484966,64.57974594,0.9723155841,149.5362771,6.499435902,297.9336243,0,142.1871796,5.120851517,0.215745464,78945.17969,15.63095856,3.63022073
91.59999847,186.114137,78.23848398,25.74729997,64.60093245,0.973167719,149.9495286,6.501935959,297.9655762,0,142.9356384,1.536255479,18.33522224,78987.80469,15.63730526,3.680345802
91.80000305,185.0573489,77.86389301,25.79006345,64.43128002,0.9731458113,148.4039994,6.504255295,297.9418335,0,142.6762238,10.24527836,1.83352232,79030.17969,15.63564587,3.66720664
92,185.6010221,78.00481189,25.77148535,64.46875098,0.9731963746,148.8963182,6.506661415,298.0234985,0,141.4945068,3.073583603,36.98044586,79072.35156,15.63316822,3.696113975
92.19999695,185.4288946,77.99086007,25.83159389,64.41444332,0.9745963169,150.1887921,6.506241322,297.9783936,0,139.3494873,29.24170876,3.698044538,79114.26562,15.64936924,3.618028759
92.40000153,186.0263707,78.58454581,25.65206661,64.73200773,0.9686254588,149.7010758,6.506073475,297.9459229,0,137.3820648,13.95207596,0.3698044419,79155.74219,15.59661579,3.663064119
92.59999847,184.9730335,77.93741023,25.78912908,64.43068696,0.9724724628,148.4455955,6.506362915,297.9891663,0,135.4719238,4.185622692,23.22819519,79196.67969,15.62033653,3.683150387
92.80000305,185.9783973,77.92193452,25.82764173,64.4340616,0.9735086932,150.6250667,6.506321907,297.9612122,0,133.4452667,17.320961,2.322819471,79237.46875,15.62834167,3.69832841
93,185.3679677,78.67436534,25.67534727,64.75590579,0.967878811,149.0812028,6.507128716,297.9451294,0,131.437561,6.936720371,0.2322819531,79277.95312,15.57062626,3.791438234
93.19999695,185.3518156,77.97189408,25.76707323,64.51295929,0.9717160689,148.5616785,6.508528233,297.9790955,0,129.1032257,2.081016064,15.73007011,79317.78125,15.59556007,3.830182385
93.40000153,184.7112465,77.9486229,25.79694715,64.49355804,0.972124432,147.5017597,6.508155823,297.9633179,0,126.2099609,11.86184406,1.573006988,79356.875,15.595644,3.793605453
93.59999847,185.2753906,78.11384927,25.73356394,64.52465845,0.9719691102,147.3126063,6.505978107,297.9483948,0,123.4733963,5.374977112,0.1573006958,79395.23438,15.59426308,3.75155295
93.80000305,185.3664561,78.09028249,25.73425308,64.52695002,0.9717914552,147.5879877,6.502332687,297.9788208,0,121.608139,1.612493157,16.23012543,79433.17188,15.59506226,3.701984556
94,186.9079892,78.84281238,25.60218283,64.89170097,0.9656988889,149.5496078,6.499140263,297.9613037,0,121.1999969,10.29396343,1.623012543,79471.32812,15.54641533,3.739726044
94.19999695,185.3007895,78.12808991,25.69980431,64.54418323,0.9706408286,147.3492921,6.49622345,297.945343,0,122.0626602,3.227101326,0.1623012573,79509.32812,15.58804798,3.695442011
94.40000153,185.6690756,78.13926238,25.72035485,64.57871093,0.9715547605,148.5039634,6.493745327,297.9688416,0,124.092659,0.9681304097,14.56693649,79547.88281,15.60316944,3.672605732
94.59999847,185.3224474,78.08980243,25.7320992,64.53585924,0.972205978,148.2602888,6.492568493,297.9486389,0,127.1133881,7.142885208,1.456693649,79587.05469,15.61322403,3.670130671
94.80000305,186.2993066,78.3402625,25.72986025,64.66203968,0.970485325,149.1033569,6.493416309,298.0101318,0,130.6018982,2.142865658,29.34268761,79627.02344,15.60301018,3.710692718
95,185.7942997,78.20269834,25.7443864,64.61268906,0.9700359066,148.362462,6.496415615,297.9810486,0,133.7489166,21.57516098,2.934268713,79667.61719,15.59999847,3.754390538
95.19999695,186.8299774,78.68350464,25.64427056,64.75047922,0.9679168981,151.0285104,6.498668194,297.9515381,0,135.6955719,11.46877098,0.2934268713,79708.98438,15.59424305,3.719017006
95.40000153,185.9183081,78.72376074,25.62986165,64.79826952,0.9676380536,148.9768674,6.501002789,297.9331055,0,136.750473,0.7878824472,0.02934268862,79750.33594,15.59234333,3.714012925
95.59999847,186.0308703,78.78041578,25.59850211,64.81147645,0.9668829415,148.0573423,6.503370285,297.948761,0,136.868927,0.2363647223,12.30599689,79791.50781,15.58541679,3.719554143
95.80000305,185.4229418,78.16088502,25.7146954,64.53080674,0.9713781641,148.4063184,6.506194592,297.9352112,0,136.0404968,0.07090941817,1.190980792,79832.60938,15.61972618,3.736707543
96,185.1080731,78.15193825,25.73025018,64.53987466,0.9717835117,148.3254078,6.50888586,297.9770203,0,134.0809021,0.02127282508,21.00715256,79873.39062,15.61774349,3.770092915
96.19999695,185.4009752,78.14360295,25.77185599,64.584771,0.9733608826,149.2492142,6.509757519,297.9538574,0,131.0467529,12.12121964,2.10071516,79913.63281,15.63077545,3.740706141
96.40000153,186.8892394,78.88267492,25.57896221,64.92888099,0.9656673538,149.2780188,6.509833336,297.9378357,0,127.6694565,2.955100775,0.210071519,79953.09375,15.56197453,3.781463649
96.59999847,186.6521874,78.32092608,25.74751467,64.5810784,0.971621918,151.0832176,6.509310722,297.9631348,0,124.2587204,0.8865302205,14.40799904,79992.1875,15.60519028,3.79199512
96.80000305,185.0672298,78.15318155,25.71127294,64.56651359,0.9704563546,147.5257589,6.509016037,297.9514465,0,121.0562973,7.406171322,1.440799952,80030.26562,15.58277702,3.842686607
97,185.7629927,78.73505499,25.59232512,64.82864342,0.9657708658,147.4691511,6.508136749,297.9445801,0,117.9690933,1.798443913,0.1440799981,80067.75781,15.53672695,3.892289466
97.19999695,185.8579543,78.24447845,25.67115346,64.6362988,0.969386915,146.9428126,6.506269455,297.9701538,0,115.2362747,0.5395331979,12.02111149,80104.42969,15.56401443,3.862715701
97.40000153,185.5961998,78.19704217,25.65618757,64.65099768,0.9685398571,146.987285,6.503287315,297.9583435,0,113.251709,7.334617138,1.202111125,80140.70312,15.55801868,3.825392346
97.59999847,186.0805424,78.85322759,25.59034505,64.84986083,0.9659326689,148.3826631,6.50055027,297.9506531,0,112.4605179,1.956385136,0.120211117,80177.22656,15.53308296,3.871447439
97.80000305,187.5250008,78.81154525,25.55167138,64.83201499,0.9657700298,150.9543009,6.497569561,297.9415588,0,112.7598724,9.999999747e-05,0.01202111226,80213.98438,15.54141235,3.831166644
98,187.7646285,78.5382194,25.64414858,64.80776232,0.9658917601,151.1076883,6.496224403,297.9667664,0,114.2530594,9.999999747e-05,12.49463177,80251.03125,15.54322815,3.862820254
98.19999695,185.0966902,78.29810474,25.71803705,64.61234411,0.9693681559,147.4542104,6.494740486,297.9524231,0,116.2780914,6.577301502,1.249463201,80288.15625,15.5729208,3.796919348
98.40000153,187.367813,78.26145954,25.73779972,64.65729898,0.969603304,150.9388618,6.494711876,297.940033,0,118.9023743,0.1885409653,0.1249463186,80326.08594,15.58491516,3.812350917
98.59999847,185.4715802,78.32519847,25.67777891,64.6568672,0.9704115075,147.1205911,6.495615005,297.9602661,0,121.5329971,0.0565622896,12.29847813,80364.15625,15.59161758,3.803578706
98.80000305,185.5171679,78.38363828,25.6298379,64.64818379,0.9702232321,147.4593512,6.497716427,297.9460754,0,123.8039246,4.87264967,1.229847789,80402.78125,15.59348869,3.822943905
99,186.8835545,78.20916241,25.68975997,64.62376749,0.9702918135,150.3289751,6.499030113,297.9937744,0,125.2333221,1.461794972,24.96291542,80441.85938,15.60690784,3.757304034
99.19999695,185.2818522,78.324078,25.67169735,64.64978551,0.9703911977,146.4617502,6.498916626,297.9624329,0,126.1436768,16.00079918,2.496291399,80480.55469,15.60949707,3.678129939
99.40000153,185.5849006,78.34514905,25.67405446,64.61963281,0.9698582136,147.1205552,6.498710632,297.9354858,0,127.1016464,4.593585491,0.2496291548,80519.47656,15.6091404,3.657485004
99.59999847,187.4226647,78.70343279,25.57214076,64.83514992,0.9650959999,150.8014158,6.497848511,297.9555054,0,128.1377563,1.378075719,17.73840523,80558.99219,15.58350182,3.620037513
99.80000305,186.095045,78.76434217,25.5748962,64.8635946,0.9650772061,147.651789,6.498803616,297.9308777,0,129.5204926,6.062988758,1.773840547,80598.48438,15.57656765,3.674915229
100,185.8700741,78.77496214,25.57816135,64.82880437,0.9653151977,147.6261159,6.500834465,297.9933472,0,130.5131226,1.818896532,32.28005219,80638.25781,15.577281,3.709758271
100.1999969,186.6432284,78.8414675,25.59420464,64.9196587,0.9644780439,148.7138729,6.502196789,297.9559631,0,130.6957092,20.96733284,3.228005171,80678.09375,15.57564831,3.684680288
100.4000015,185.2152983,78.25512081,25.71680675,64.60805802,0.9693304538,147.1687197,6.502484798,297.9225159,0,130.338974,7.351213932,0.3228005171,80717.61719,15.61593914,3.623846496
100.5999985,185.528417,78.31241757,25.68069371,64.65237532,0.9715189657,148.5699358,6.502132416,297.9550781,0,129.8685303,2.205364227,23.54022026,80757.22656,15.63938522,3.59995799
100.8000031,185.6784301,78.77560394,25.56255052,64.83287815,0.9661784,147.7333344,6.501671314,297.9220276,0,129.5376587,10.79174423,2.354022026,80796.66406,15.59458256,3.608313806
101,186.1867995,78.42048237,25.67590232,64.73312349,0.9695236744,147.7903789,6.501637459,298.0093994,0,129.3894806,3.237523317,44.45170975,80835.89844,15.62153339,3.61402889
101.1999969,186.795577,78.96664168,25.52208394,64.97163507,0.964510554,147.6060827,6.501786709,297.9608765,0,129.2531281,30.70820236,4.445170879,80875.07031,15.5808239,3.634206979
101.4000015,185.3696965,78.3408817,25.70843966,64.61198311,0.9699266946,147.5613349,6.502285957,297.9207153,0,129.0578003,13.66617966,0.4445171058,80914.38281,15.62207127,3.63565828
101.5999985,185.4054569,78.25969122,25.72579275,64.6391476,0.9709578282,147.8477287,6.501777172,297.9657288,0,128.6623077,4.099853992,29.44210815,80953.58594,15.63538361,3.592474288
101.8000031,185.3676693,78.27462865,25.67856609,64.66894686,0.9697374699,146.8407406,6.501607895,297.9265747,0,128.4747772,16.95567513,2.944210768,80992.5625,15.62462044,3.600018001
102,185.3683024,78.26758663,25.69174661,64.66358796,0.9688093341,147.370665,6.502690792,298.0397644,0,128.3505249,5.086702347,54.64609528,81031.69531,15.61393166,3.652711679
102.1999969,186.4346113,78.31080209,25.69606844,64.61079142,0.9698156341,149.5266251,6.502876282,297.9804077,0,127.7901611,41.68293381,5.464609623,81070.89844,15.6271286,3.622993676
102.4000015,185.4235101,78.22109623,25.71091031,64.62987381,0.9692249101,147.1177833,6.503457069,297.9320068,0,127.16259,21.84234238,0.5464609861,81109.72656,15.6171093,3.645969206
102.5999985,185.3722657,78.35826877,25.7359303,64.65269155,0.9713718756,148.3139195,6.503779888,297.9916687,0,126.298439,6.552702427,35.11215973,81148.6875,15.63469315,3.656179571
102.8000031,185.8982134,78.4191696,25.65080176,64.71688,0.9685712826,146.8103968,6.50343895,297.9471436,0,125.3073654,24.94912148,3.511216164,81187.00781,15.61194229,3.633063375
103,186.6153551,78.40786821,25.65475751,64.64870513,0.9704259267,150.0199009,6.50330925,298.0802002,0,124.4540176,7.484736443,63.79714966,81225.6875,15.63014412,3.649564386
103.1999969,184.8950678,78.53715193,25.66820801,64.65266575,0.9696912034,147.7201237,6.504010677,298.0204773,0,123.6496048,51.74501801,6.379714966,81264.1875,15.61430168,3.705311192
103.4000015,185.6155898,78.35063437,25.60535214,64.69498411,0.9691642225,146.9811784,6.504719257,297.9654846,0,122.5625381,33.14581299,0.6379715204,81302.15625,15.61081886,3.710333624
103.5999985,185.7191786,78.84330457,25.59669354,64.85822225,0.9650646267,147.4888994,6.504893303,297.9282837,0,121.1946869,15.3878212,0.06379714608,81340.10156,15.57287598,3.737843317
103.8000031,185.8618264,78.39969841,25.66669478,64.74829853,0.968324955,147.3657927,6.503888607,297.9706116,0,119.7591324,4.616346359,27.13488579,81377.53125,15.60304546,3.681477023
104,186.1001017,78.77430339,25.55735634,64.90956429,0.9655819289,147.2356502,6.503332138,297.9386902,0,118.727562,16.8104248,2.713488579,81414.82031,15.57735157,3.725297477
104.1999969,185.5689701,78.49188383,25.62765328,64.711114,0.9674292872,146.5280999,6.502048969,298.0389404,0,117.9133224,5.04312706,49.22916794,81451.78906,15.59171677,3.685216041
104.4000015,186.1037399,78.92653365,25.44794584,64.92596559,0.9649531492,145.8768233,6.500328064,297.9878235,0,117.6162338,37.5650444,4.922916889,81488.49219,15.57492828,3.665051683
104.5999985,185.8117988,78.65326639,25.63429776,64.74965031,0.968525506,147.3160969,6.500305176,297.9465942,0,118.0065689,20.64103508,0.4922916591,81525.71875,15.59879398,3.738411936
104.8000031,187.9656998,78.84283433,25.54415528,64.95091682,0.9654026319,151.2162325,6.50027895,297.997467,0,118.3991089,6.19231081,30.90826416,81563.40625,15.58499146,3.730003095
105,185.4626395,78.44584556,25.63482426,64.74003163,0.9667448786,145.881457,6.498791218,297.9546204,0,118.8076401,22.04266167,3.090826273,81600.36719,15.59431267,3.627943981
105.1999969,187.1627618,78.4926093,25.63875147,64.69110403,0.9684895648,149.3250458,6.497159958,297.9173889,0,119.8159103,6.788561344,0.3090826273,81637.85938,15.61821938,3.599478788
105.4000015,185.6597034,78.58374149,25.69379833,64.77693308,0.9689733017,148.540536,6.495001793,297.9444275,0,121.472496,2.036568403,23.77095604,81675.78906,15.62789345,3.548688826
105.5999985,185.5160445,78.55734996,25.67929956,64.71628701,0.969637614,148.3387795,6.494241714,297.9101868,0,123.9937286,0.6109704971,9.999999747e-05,81714.21094,15.63709068,3.556735631
105.8000031,187.3811244,78.55458215,25.6286213,64.77003189,0.9676556283,149.7402777,6.49641943,297.9719543,0,126.8126755,0.1832911521,35.60799789,81753.20312,15.62469959,3.633998468
106,185.5293476,78.44605325,25.63639391,64.68818601,0.9678394391,146.1643292,6.498601437,297.9289551,0,128.7553864,18.38540268,3.560799837,81792.15625,15.62623215,3.599504161
106.1999969,186.0798026,78.58292895,25.59002408,64.79166302,0.9673199303,146.6267558,6.500434875,298.0475464,0,129.8345642,5.515620708,60.93946075,81831.26562,15.62875271,3.57043834
106.4000015,186.8237291,78.52542797,25.69019548,64.74751983,0.9688701288,150.3107795,6.501933098,297.9781494,0,130.1815186,44.0912323,6.09394598,81871.00781,15.64825153,3.55752681
106.5999985,185.9517959,78.87543976,25.51538393,64.89052259,0.965426729,147.3145119,6.504206181,297.9233093,0,129.9291534,21.04245758,0.6093946099,81910.39844,15.61498165,3.603150947
106.8000031,185.6448339,78.52378606,25.59489541,64.72889892,0.9675442799,145.7256861,6.506725311,297.9772034,0,128.7639771,6.312737465,35.49239349,81949.24219,15.62601566,3.625585896
107,186.61658,78.87300422,25.46057522,64.92028441,0.9642070757,147.2863786,6.50748539,297.9283142,0,126.5927887,22.44624329,3.549239159,81987.76562,15.60372066,3.588604522
107.1999969,186.9999357,78.95071396,25.5581592,64.89392898,0.9651527627,149.7126881,6.507545948,298.0568542,0,124.1242142,6.733873367,64.93048096,82026.25,15.60865688,3.606402315
107.4000015,184.9644612,78.4078092,25.67735703,64.74142232,0.9691320367,146.9800899,6.506801605,297.9886475,0,121.6281281,48.76555252,6.493047714,82063.92188,15.6351757,3.583684047
107.5999985,186.7189909,78.43067204,25.64640776,64.6702704,0.9676248174,148.5277469,6.505556107,297.9294128,0,119.4300919,26.39327812,0.6493048072,82101.14844,15.6215868,3.592529367
107.8000031,186.4780385,78.53394291,25.50136676,64.75758705,0.9669208188,145.5317603,6.503940105,297.9962463,0,117.7294083,7.917983532,41.21463776,82137.46094,15.61268806,3.58584115
108,187.0318611,78.42499861,25.66923609,64.71255225,0.9684578784,149.5412332,6.502579212,297.9456177,0,116.6746674,28.76950264,4.121463776,82174.3125,15.62610626,3.617924746
108.1999969,186.1889116,78.51916198,25.59559686,64.8300922,0.967961174,147.0034356,6.501604557,298.0921631,0,116.1622772,8.630850792,71.53371429,82210.74219,15.61941814,3.631765877
108.4000015,185.3567096,78.66730937,25.61116256,64.74719532,0.9685817173,146.3181899,6.50139904,298.0257568,0,116.0393372,57.52927017,7.153371811,82247.27344,15.61835194,3.673575752
108.5999985,186.9881841,78.39278048,25.61849549,64.71265019,0.9690996913,149.930906,6.502272129,297.9649658,0,115.9973602,36.97518539,0.7153371572,82284.24219,15.62849808,3.716885005
108.8000031,186.238483,79.00931648,25.52503474,64.92568954,0.9649550168,146.982333,6.503071308,297.9232178,0,115.6050644,17.46801186,0.07153371722,82320.89062,15.58732224,3.75181833
109,186.0482247,78.5765091,25.54181523,64.808095,0.9655254706,145.1822881,6.504513741,297.9726868,0,114.8967667,5.240403652,30.16066551,82357.01562,15.58820152,3.777127039
109.1999969,185.1719285,78.55342856,25.55643854,64.78126135,0.9654300508,144.577635,6.504825592,297.9369507,0,113.6091766,19.74314308,3.016066551,82392.89844,15.58698559,3.739640023
109.4000015,185.7520887,78.66283306,25.53942992,64.81722007,0.9655021442,144.5864542,6.506166458,298.0544434,0,112.2024994,5.922943115,55.44620895,82428.54688,15.5791235,3.836132768
109.5999985,186.8929286,78.66933014,25.5212209,64.77197924,0.9663339095,148.2992918,6.50596571,298.0061035,0,110.2524643,44.36562347,5.544620991,82464.25,15.59316158,3.7859333
109.8000031,186.3319408,78.57690056,25.48823023,64.82795804,0.9647248131,143.7311377,6.505181313,297.9594421,0,108.391098,28.84265709,0.5544620752,82498.75,15.57228374,3.779543406
110,186.8188837,78.60442039,25.5670775,64.74716611,0.966284738,148.6123726,6.504996777,297.9283142,0,106.840477,13.33759403,0.05544621125,82533.99219,15.58302307,3.865324584
110.1999969,187.649759,78.62828234,25.56697254,64.77932333,0.9675389539,148.922072,6.504178047,297.9699402,0,105.359787,4.001277924,25.35107231,82568.83594,15.59357357,3.858618719
110.4000015,187.1076342,78.68566479,25.51313362,64.77093112,0.9651107379,148.8774252,6.503122807,297.9432678,0,104.2105637,15.91112518,2.535107136,82603.5625,15.57248974,3.861627403
110.5999985,187.9616006,78.83031259,25.51744137,64.91201887,0.962497191,149.140977,6.501217365,298.0348511,0,103.4822159,4.773337364,45.67212296,82637.99219,15.55453777,3.821595317
110.8000031,185.9007075,78.44350707,25.53513309,64.81759811,0.9654307488,144.3838626,6.49834013,297.9898071,0,103.518074,34.4426918,4.567212105,82671.63281,15.58014202,3.715097235
111,185.4330208,78.84661162,25.45314982,64.92760848,0.9610536535,143.7360002,6.494735241,297.942627,0,104.7054367,19.52774048,0.4567212164,82705.46875,15.54979897,3.643976787
111.1999969,185.3009801,78.74348092,25.44486519,64.85462226,0.9637784734,143.638172,6.492829323,297.9946289,0,107.3339615,5.858322144,33.89811325,82739.82812,15.57645607,3.65052231
111.4000015,187.0504061,78.56970354,25.58029858,64.74328933,0.9655378931,147.8932977,6.492695808,297.9511108,0,110.7169724,21.99665451,3.389811277,82775.375,15.60066795,3.664943806
111.5999985,185.7679986,78.77397652,25.5885079,64.82983185,0.9664099868,146.199622,6.494747639,297.9161377,0,114.1530151,6.395525455,0.3389811218,82811.66406,15.60735893,3.722707211
111.8000031,187.308046,78.73380432,25.62405068,64.80109714,0.9671086536,150.4640358,6.498145103,297.9424438,0,116.7667694,1.918657541,22.78761673,82849.07031,15.62336731,3.750378842
112,185.75359,78.82770532,25.55405129,64.81785018,0.9669606839,145.3044728,6.501856327,297.9117737,0,118.0242462,0.5755972862,9.999999747e-05,82885.99219,15.61754227,3.747600037
112.1999969,185.4767365,78.87407611,25.5697879,64.80533788,0.9654856297,146.2479057,6.505042553,297.9683533,0,117.8003922,0.1726791859,34.00407028,82923.09375,15.60719872,3.736061431
112.4000015,185.6853519,78.74341086,25.65023552,64.80041487,0.9686105748,148.3659475,6.508165359,297.9335327,0,116.3048325,16.61135674,3.400407076,82960.3125,15.63214493,3.777675191
112.5999985,185.6823091,78.91655964,25.54933168,64.81655885,0.9670307059,145.9176646,6.510451317,298.0420837,0,113.5587082,4.983407021,54.49115753,82996.50781,15.6106081,3.799466676
112.8000031,187.3396549,78.58871694,25.54448453,64.7762635,0.9652129361,147.6981421,6.512200356,297.9997253,0,109.9006805,40.20477676,5.449115753,83031.96094,15.59246731,3.842356117
113,187.8729824,78.78607188,25.55694686,64.92702251,0.9651254226,149.8528255,6.511824608,297.9552002,0,105.54216,26.34987068,0.5449115634,83066.91406,15.5902319,3.840122845
113.1999969,185.4566903,78.56671483,25.50208827,64.82263224,0.9633162634,143.5187018,6.510286331,297.92453,0,101.3392105,11.30111504,0.05449115857,83100.19531,15.55861759,3.851235625
113.4000015,186.4085437,78.71906498,25.41547932,64.86758768,0.963320809,142.2748628,6.507322311,297.963501,0,97.74845123,3.390334606,24.46565056,83132.3125,15.55249119,3.845738875
113.5999985,187.8557812,78.63968491,25.46649143,64.80373482,0.962556586,147.1146436,6.503324032,297.9356689,0,95.34437561,14.23397923,2.446564913,83164.61719,15.55091,3.826298953
113.8000031,185.9533757,79.12572132,25.48746812,64.94813197,0.9625239996,145.2305427,6.498488903,298.0244751,0,94.53845215,4.270193577,45.19766617,83196.83594,15.54653358,3.798580037
114,184.8888757,78.75398836,25.4340403,64.86751109,0.9632657479,141.5397016,6.494499207,297.9841919,0,95.66599274,32.70714951,4.519766808,83228.60938,15.55436039,3.751876067
114.1999969,185.2403526,78.70830883,25.43436408,64.88332804,0.9624713557,142.0090373,6.492134094,297.9433899,0,98.38400269,19.06537628,0.4519766569,83260.97656,15.55390739,3.751775938
114.4000015,185.8439904,78.54875865,25.50389102,64.89360313,0.9641832514,143.676781,6.490933895,297.9919434,0,102.0453186,5.719612598,32.57055283,83294.21875,15.58099461,3.702352927
114.5999985,184.9440322,78.81273008,25.4008418,64.87970562,0.962469832,141.3473574,6.49002409,297.9464111,0,106.1880722,20.65352058,3.257055283,83327.92969,15.57592201,3.607105801
114.8000031,184.8156513,78.85197259,25.56433191,64.82518141,0.9653006787,144.7751674,6.491559505,298.0519104,0,110.6976166,6.196056366,57.16208649,83363.36719,15.60634422,3.651695824
115,187.2511698,78.73736106,25.48140219,64.81809936,0.9643726123,147.3134325,6.49479723,297.9926147,0,114.5858612,40.92250061,5.716208458,83399.57031,15.61331463,3.645108826
115.1999969,185.9884096,78.49134131,25.57566339,64.82872272,0.9663590906,145.2676919,6.498431206,297.9350281,0,117.1813278,21.62037277,0.571620822,83436.04688,15.63423634,3.613492895
115.4000015,187.5571849,78.62618681,25.60217658,64.7941555,0.9686924174,150.0278024,6.50124979,297.9804077,0,118.3272095,6.486111641,37.07126236,83473.36719,15.66657162,3.56375717
115.5999985,187.3325813,79.10378058,25.43453501,64.92519442,0.963279922,146.9991397,6.503652096,297.9275208,0,118.3495941,20.13785362,3.707126379,83510.17188,15.61968136,3.555761746
115.8000031,186.4009368,78.96452124,25.40888412,65.00005952,0.9648868251,145.4454503,6.50560236,298.0364685,0,117.4098816,6.041356087,61.84651566,83546.57031,15.63381672,3.538505265
116,184.964409,78.55501964,25.59974009,64.82850126,0.9659281786,145.6528186,6.506800652,297.9690247,0,115.6902237,41.30483246,6.184651375,83582.83594,15.63845348,3.526007881
116.1999969,186.1905021,79.00712401,25.38898024,64.97342191,0.9627522131,142.700881,6.508695126,297.9156189,0,113.4923477,18.58653641,0.6184651256,83618.02344,15.6007576,3.624158431
116.4000015,185.663619,78.72347051,25.46843778,64.85931904,0.9640881681,143.1502667,6.509358883,297.9607544,0,110.5319901,5.575960636,34.62326431,83652.71875,15.60826015,3.61195439
116.5999985,187.0806332,78.88964628,25.45865395,64.84880612,0.9640594285,146.1421571,6.506781101,297.9085693,0,107.3122864,18.39123535,3.462326288,83686.96094,15.61461163,3.502607415
116.8000031,185.7485749,78.93440153,25.43704444,64.98267552,0.9642618546,144.7661492,6.50304985,298.0216064,0,105.1305084,5.517370701,63.63158035,83720.6875,15.61575222,3.465655581
117,185.7740465,78.97058602,25.31834832,64.90222108,0.9630227125,141.8404074,6.499578953,297.9535217,0,104.4344711,41.48165131,6.363158226,83753.64844,15.6009655,3.460705682
117.1999969,185.8298958,79.06817788,25.33740613,64.99755243,0.9603766599,141.9927173,6.496993065,297.8950195,0,105.122345,17.9570961,0.6363158226,83786.85938,15.57968521,3.487108156
117.4000015,185.1979584,78.77315334,25.4265144,64.85819335,0.9609129518,142.1497604,6.496483803,297.9497986,0,106.8425217,5.38712883,39.49347687,83820.60156,15.58304405,3.540518394
117.5999985,185.3801124,79.09124672,25.40987022,64.87507544,0.9635161867,144.3072961,6.497284889,297.9074097,0,108.7624664,1.616138697,9.999999747e-05,83855.28125,15.608325,3.583363024
117.8000031,185.7423941,79.02112259,25.39907097,64.94988842,0.9608671885,142.9116066,6.498455524,297.9833679,0,110.3641663,0.484841615,46.54393768,83889.88281,15.59117889,3.555342668
118,186.3616458,79.11267107,25.3070546,65.00361588,0.9617070831,141.7651059,6.500224113,297.9315186,0,111.5007095,23.5369606,4.65439415,83924.36719,15.60095596,3.555679388
118.1999969,185.7538999,78.77289289,25.43984462,64.88278901,0.9623536476,142.7492047,6.502051353,298.0637207,0,111.9289474,7.061088085,71.7804718,83959.1875,15.60903549,3.537832369
118.4000015,186.8415309,79.06588662,25.39318683,64.93915106,0.9614727063,145.1436697,6.503609657,297.9915771,0,111.628006,50.49601364,7.17804718,83994.27344,15.60576534,3.541863645
118.5999985,185.9964447,78.98141932,25.3825826,64.99193444,0.9655235391,145.0811931,6.505383492,297.9263916,0,110.7048569,26.99937248,0.7178046703,84029.39844,15.63927555,3.574121402
118.8000031,185.2368902,78.75995787,25.4555376,64.89273999,0.9613820451,142.5995473,6.506739616,297.9872437,0,109.07061,8.099811554,43.23641586,84063.80469,15.59706402,3.580849586
119,187.8681376,79.08870163,25.30242668,64.94718751,0.9598781553,145.8820744,6.507205009,297.9325867,0,106.8959732,26.82554436,4.3236413,84097.97656,15.58889675,3.585141305
119.1999969,185.6127751,78.58521134,25.53743623,64.88792525,0.9641762318,144.5545506,6.506837845,298.0660095,0,104.5368042,8.047663689,71.920784,84131.75781,15.61888218,3.575636579
119.4000015,185.8852891,79.14982858,25.26030201,64.97572084,0.9602099535,139.5918698,6.506659508,298.0048523,0,102.3244095,51.95716476,7.19207859,84164.20312,15.57215118,3.645075494
119.5999985,185.6826028,78.67095605,25.43788288,64.904406,0.965640328,143.7051154,6.50581646,297.9425354,0,100.1799316,32.3300705,0.7192078233,84197.03906,15.62142372,3.64588315
119.8000031,185.3909409,79.21124284,25.41187349,64.88531584,0.9647360262,143.7779425,6.503907681,298.0164185,0,98.37561035,9.699020386,47.22503662,84229.71094,15.60783958,3.650300604
120,185.5563284,78.85511677,25.3416147,64.92239652,0.9608556054,139.929361,6.502038479,297.9638672,0,97.33608246,33.49731827,4.722503662,84261.25,15.57357693,3.628538037
120.1999969,186.5920051,78.77747953,25.31233651,64.90429152,0.9605243532,140.7907575,6.500974655,297.9166565,0,97.04064941,15.43603802,0.4722503722,84292.75,15.57088184,3.671660553
120.4000015,185.5464584,78.83045498,25.47248365,64.99732584,0.9633311296,144.5465843,6.499795914,297.9592285,0,97.16823578,4.630811691,33.13476944,84325.30469,15.6002388,3.670123917
120.5999985,187.6470906,79.20563739,25.40623222,64.84114713,0.9634869334,146.4153357,6.499183178,297.9174805,0,97.77030945,16.54991531,3.313476801,84358.0625,15.60153389,3.698149918
120.8000031,186.1223096,78.88248497,25.31271481,64.92518778,0.9607426685,139.740095,6.498652458,298.0165405,0,98.61536407,4.964974403,56.22734833,84389.75,15.57953644,3.621817258
121,184.857091,79.23460916,25.39004222,64.89235216,0.9612260076,142.4153183,6.499078751,297.9652405,0,99.67422485,36.35693359,5.622734547,84422.625,15.58241272,3.680513476
121.1999969,186.0631236,78.85225118,25.28986196,64.89626025,0.9599058049,138.9657731,6.499765873,297.9121399,0,100.5596542,18.53741646,0.5622735023,84454.57812,15.5761652,3.624176608
121.4000015,185.7272303,79.19466579,25.40442473,64.95283495,0.959857638,144.6110675,6.500061035,297.964447,0,101.1724091,5.561224937,39.21208572,84487.94531,15.58438301,3.612744908
121.5999985,185.0341296,78.92202272,25.59859469,64.84747361,0.9680083134,146.6770484,6.500434399,297.9138794,0,101.6692123,20.70410728,3.92120862,84521.92969,15.65632725,3.598203151
121.8000031,186.6714878,78.66512264,25.4233395,64.86877365,0.965618806,144.5802207,6.500926971,298.0299683,0,102.0151062,6.211232185,66.1716156,84555.04688,15.6437273,3.543736169
122,185.8917509,79.13211437,25.25581881,65.01640471,0.9596823722,140.6824684,6.502132416,297.9694214,0,102.1639099,43.41893768,6.617161751,84587.6875,15.58732891,3.592015912
122.1999969,185.2389192,78.79837878,25.33255485,64.93710385,0.9601634282,139.4170846,6.503919125,297.9124451,0,101.8285522,22.78050041,0.6617161632,84620.14062,15.58724213,3.628891784
122.4000015,186.3423717,78.72334904,25.37105435,64.91652374,0.9638835258,144.0725453,6.505036831,297.970459,0,100.7788467,6.834150314,42.24370193,84653.0625,15.62655926,3.613208863
122.5999985,187.4775733,79.13465042,25.26271656,64.9191746,0.9592511056,144.3805764,6.505073547,297.9184875,0,99.28621674,23.99175453,4.224370003,84685.5625,15.58705044,3.595401961
122.8000031,186.535662,79.05938402,25.21316231,64.9611396,0.9608182139,138.8453327,6.503643036,298.0441589,0,97.78016663,7.197526455,70.38478088,84716.65625,15.5962019,3.508939022
123,184.7486321,79.08971353,25.23488088,64.92831646,0.9592006329,138.2030816,6.501017094,297.9719238,0,96.84783173,47.88387299,7.038477898,84747.70312,15.58330917,3.438847932
123.1999969,187.1724983,79.00416114,25.28815322,64.90126631,0.9605621999,142.640467,6.499689579,297.9072571,0,96.96508026,23.68028069,0.7038477659,84779.28125,15.59899521,3.509287245
123.4000015,185.3089738,79.29278715,25.38502418,64.92493923,0.9621193981,143.0563894,6.499301434,297.9666138,0,97.60527802,7.104084015,43.57134247,84811.625,15.60771084,3.575102844
123.5999985,185.0695743,78.97275586,25.3091226,64.91340026,0.9605404972,138.7122638,6.499663353,297.9136963,0,98.40171814,24.5826931,4.357134342,84843.1875,15.59419346,3.555037793
123.8000031,185.3886865,79.072581,25.22758229,64.95242298,0.9598580006,138.5061148,6.498752594,298.0397034,0,99.05397034,7.374807835,72.54693604,84874.60938,15.59879971,3.430121334
124,187.893871,79.14752312,25.29307489,64.94820764,0.9593117647,144.0118389,6.499031067,297.9680481,0,100.0769958,48.01060104,7.254693508,84906.9375,15.60214329,3.47877393
124.1999969,187.0454339,79.43342652,25.38064488,64.92490736,0.9626806065,146.4626013,6.499551773,297.8994751,0,100.98069,23.82517433,0.7254693508,84940.25,15.63301754,3.498037268
124.4000015,185.1556742,78.98914631,25.30748759,64.93665125,0.9587720436,139.8528476,6.499923229,297.9580688,0,101.6791153,7.147552013,46.58383942,84972.52344,15.60117912,3.413821053
124.5999985,185.206659,79.14115994,25.47098555,64.90268621,0.9628584241,142.7696615,6.499284267,297.8920288,0,102.2303314,24.11178398,4.658383846,85005.46875,15.64155293,3.353821926
124.8000031,185.6897762,78.85867503,25.34391635,64.87315092,0.9600485142,140.4831412,6.499450207,298.0302124,0,103.0399857,7.23353529,80.16933441,85037.89062,15.62229919,3.330693488
125,185.5740506,78.96841838,25.59126449,64.93142994,0.9696497666,146.9896921,6.49864769,297.9406128,0,103.7772141,51.35665894,8.016933441,85071.78906,15.71551514,3.277951089
125.1999969,187.2994437,78.9466135,25.31677294,64.96682464,0.9642452958,144.7911852,6.498060226,298.1740112,0,104.8412552,15.40699768,124.6694565,85104.94531,15.68013382,3.211498274
125.4000015,184.5598517,79.21658721,25.21989888,64.89137523,0.9596160178,138.2030816,6.497012615,298.0429382,0,106.1366119,94.37324524,12.46694565,85137.50781,15.63592148,3.142053121
125.5999985,187.3655145,78.98460994,25.2599654,64.96467787,0.958039258,142.1734066,6.497763634,297.9283142,0,107.8530426,53.93591309,1.246694565,85170.71094,15.6336689,3.191147451
125.8000031,185.709521,79.16113753,25.40209325,64.90083891,0.9624041734,142.8158954,6.498430729,298.0213623,0,109.2618103,16.18077278,69.89627075,85204.6875,15.6717701,3.175133455
126,186.5373241,78.96735115,25.23850424,64.93127228,0.9606122403,140.7912249,6.499205589,297.9231262,0,110.4098282,46.45001602,6.989626884,85238.17188,15.66517448,3.116341036
126.1999969,185.839852,79.07770805,25.21366523,64.92851307,0.9618867268,139.7568133,6.501620293,298.1299744,0,111.2470856,13.93500519,114.5541306,85271.83594,15.67327309,3.180480806
126.4000015,185.9614771,79.06391666,25.34431254,64.88136736,0.9620988062,142.2032525,6.503648281,298.0093994,0,111.1134644,83.15388489,11.45541286,85305.92969,15.67826748,3.170232912
126.5999985,185.7302508,78.90286384,25.31045843,64.97833094,0.960305284,139.3098982,6.50395155,297.8962708,0,110.1753082,44.87872696,1.14554131,85339.15625,15.6666851,3.082061456
126.8000031,187.5050649,79.00532432,25.35308794,64.87516873,0.9619733786,144.5737616,6.505337238,297.9892273,0,109.1202393,13.46361732,69.42153931,85373.03125,15.68262577,3.168628172
127,188.1540625,78.92096391,25.44221659,64.95282553,0.9655983022,147.6427927,6.507032871,297.9008484,0,107.5018616,42.49387741,6.942154408,85407.13281,15.71529102,3.22517524
127.1999969,187.9341907,79.31257389,25.34058077,64.8788327,0.9654114505,147.0284347,6.507567406,298.102478,0,105.2075958,12.74816418,112.0732269,85440.74219,15.71020031,3.215831933
127.4000015,187.2597409,79.44908294,25.44340121,64.9450369,0.9682832625,149.1159711,6.507294655,297.9915771,0,102.7043762,79.24861908,11.20732307,85474.47656,15.73322105,3.238150103
127.5999985,186.5039165,79.30579301,25.39830953,64.93623687,0.9708261309,145.7871872,6.505364895,297.886322,0,100.3090591,43.31679535,1.120732307,85507.11719,15.7529211,3.172096083
127.8000031,186.0028107,79.33329919,25.34531352,64.88407008,0.9626384687,142.747521,6.502802372,297.9820557,0,98.68860626,12.99503899,69.90013123,85538.89062,15.68013382,3.146924555
128,185.4973038,79.43773184,25.09250036,65.02495906,0.9579159798,138.2030816,6.500483036,297.8927612,0,98.08988953,42.5546608,6.990013123,85569.71094,15.64055157,3.129732598
128.1999969,187.3920211,78.77149294,25.42387348,64.91023127,0.9633481916,146.1734412,6.497262955,298.0955811,0,98.4161377,12.76639843,114.7343826,85601.60156,15.70492649,3.033490373
128.3999939,185.2032946,79.32912407,25.06087184,64.95573501,0.9569006274,138.2030816,6.494920254,297.9722595,0,100.0340042,79.38519287,11.47343826,85632.6875,15.64658928,3.010763752
128.6000061,187.8411792,78.58155434,25.49021758,64.89846895,0.967473594,146.7251655,6.494003296,297.8658142,0,102.5833054,38.9027977,1.147343874,85665.45312,15.75273228,3.025502374
128.8000031,185.4620613,79.45681949,25.30557444,64.92725884,0.9634360288,142.5505673,6.495007992,297.9515686,0,105.4974823,11.67083931,66.83740234,85698.71094,15.71388531,3.091463221
129,184.3107808,79.09018755,25.31505856,64.92736554,0.9588926469,138.8494667,6.498072624,297.8639832,0,108.0081177,37.01726151,6.683740139,85731.92969,15.67677498,3.120305475
129.1999969,185.8416045,79.02565285,25.23890477,64.9816095,0.9600320999,139.0196756,6.500451088,298.0619202,0,109.29216,11.10517788,111.9295883,85764.97656,15.69871235,3.027926355
129.3999939,184.9613132,78.80751874,25.39760221,64.91118993,0.9570195118,139.1633812,6.503829479,297.9482727,0,109.6337738,74.94690704,11.19295883,85798.32031,15.67154503,3.071389471
129.6000061,185.8697901,78.8379777,25.36126306,64.91171506,0.9658213316,141.8961679,6.505780697,298.2737122,0,108.6185074,22.48407173,168.8686218,85831.71094,15.75527668,2.99804303
129.8000031,186.4915293,79.1022989,25.39887083,64.97183394,0.9670741753,145.3550401,6.50702858,298.1108093,0,106.8306732,133.6766357,16.8868618,85865.35938,15.76926231,3.006089697
130,185.4882368,78.90824054,25.29181107,64.94218907,0.959344872,138.8301607,6.506737709,297.957428,0,104.5414505,85.2930603,1.688686132,85897.3125,15.69812489,2.940872286
130.1999969,186.3151276,78.65852748,25.44393686,64.93710483,0.9670094142,143.0040662,6.506759167,297.8513794,0,102.3713989,37.75440979,0.1688686162,85929.60156,15.76430416,3.007347465
130.3999939,187.7538917,79.16393669,25.50492654,64.86005706,0.9686672801,149.9424389,6.505832672,297.9225464,0,100.1868057,11.32632256,60.94445801,85962.72656,15.78310394,3.036206443
130.6000061,188.0543782,78.85448895,25.32037783,64.99099999,0.9637001599,143.1062352,6.503904819,297.8493958,0,98.37679291,3.397896767,9.999999747e-05,85993.82812,15.74116993,2.952107189
130.8000031,188.6009326,79.11748673,25.4982153,64.91215766,0.9695051742,150.2968403,6.500678539,297.9606934,0,97.33817291,1.019369006,73.24200439,86026.10156,15.79989624,2.912350363
131,187.4063009,79.37949017,25.09623105,64.88783887,0.9588301489,141.1560403,6.496454716,297.87146,0,97.59118652,34.31585693,7.32420063,86056.64062,15.70986366,2.781081775
131.1999969,185.8558449,79.33493397,25.08867798,64.99040544,0.9594842896,138.2030816,6.49245882,298.0742798,0,99.53292084,10.29475689,114.6147156,86087.17188,15.72146893,2.709887645
131.3999939,185.4183818,79.62904184,25.19526317,64.9555314,0.961777654,140.0209075,6.490675926,297.9483032,0,103.0690689,76.11112213,11.46147156,86119.00781,15.74535179,2.761919138
131.6000061,187.5931542,78.92619917,25.31632484,64.91017205,0.9667297834,144.4445837,6.491749287,298.2850037,0,107.3118439,22.83333778,174.9414673,86152.01562,15.80644417,2.774918731
131.8000031,184.8386491,78.89085262,25.36914035,64.89739477,0.9664524488,141.4136241,6.495995522,298.1164551,0,111.1229553,137.9963379,17.49414635,86185.82031,15.80351448,2.854481205
132,185.872767,79.21749087,25.10318712,64.96373076,0.9638915716,138.2030816,6.500239849,297.9592896,0,113.2343063,88.01631927,1.749414682,86219.22656,15.78948593,2.807594423
132.1999969,185.3743506,78.99357214,25.32824022,64.99059382,0.961367733,140.655719,6.504315853,297.8492126,0,113.657959,39.42806625,0.1749414653,86253.33594,15.77462959,2.804576102
132.3999939,188.0567861,79.32413884,25.11354248,64.95380698,0.9626264376,141.7170666,6.505952358,297.9237976,0,112.4518661,11.82842064,63.33094025,86286.77344,15.7954731,2.688196659
132.6000061,186.2611473,79.30091331,25.1412973,64.99418949,0.9623384619,139.2188616,6.507064342,297.8503113,0,110.5986252,3.548526049,9.999999747e-05,86319.67188,15.78912067,2.680761374
132.8000031,187.128392,79.61272628,25.29535605,64.90447789,0.9644402789,145.3318943,6.507945061,297.9633484,0,108.2944107,1.064557791,74.17956543,86353.33594,15.80850887,2.737740178
133,185.9575373,79.15603137,25.29135166,64.95411254,0.9672240172,142.07057,6.506825447,297.8728333,0,105.6371002,34.9948082,7.417956829,86385.78906,15.83375549,2.631296439
133.1999969,188.7709854,78.97808099,25.2670116,64.87280384,0.9597100672,143.1524432,6.504186153,298.0770569,0,103.4333344,10.49844265,115.8331909,86417.28125,15.77717686,2.548015613
133.3999939,186.0362919,79.73972273,24.931762,65.02036117,0.9577204094,138.2030816,6.500596046,297.9438477,0,102.2840195,76.86748505,11.58331871,86448.13281,15.75903416,2.493516729
133.6000061,186.927192,79.18093572,25.0971779,65.01961421,0.9606794929,138.2030816,6.497045517,298.2860107,0,102.5688782,23.06024742,179.1236267,86478.64844,15.79069614,2.434652213
133.8000031,184.1105533,79.82422629,24.92446198,64.95912687,0.962279889,138.2030816,6.493308067,298.0827637,0,104.2709122,139.9991913,17.91236305,86510.125,15.81104851,2.376759089
134,186.5782092,78.89123808,25.26265141,64.95986418,0.9696182074,140.0673844,6.491326332,297.9207764,0,107.4686127,78.04051971,1.791236281,86542.02344,15.88426781,2.37990694
134.1999969,186.9730907,79.08482943,25.25815302,64.91541318,0.9583593105,142.0800313,6.489971638,298.0475464,0,111.452652,23.41215515,91.6756897,86575.05469,15.80536366,2.333785566
134.3999939,185.4214261,79.18677996,25.19619812,65.02292929,0.9565232878,138.2030816,6.489736557,297.9168091,0,115.9820633,65.39265442,9.16756916,86608.49219,15.79863071,2.292629498
134.6000061,186.5183327,78.82641839,25.37408396,64.99498933,0.9665999551,142.8625329,6.490405083,298.1973572,0,120.6038361,19.61779594,152.9468536,86643.46094,15.90411663,2.241493302
134.8000031,184.3471033,79.66296448,25.12735212,65.00661062,0.9612563235,138.2030816,6.49101305,298.0108032,0,124.9589157,114.2645721,15.29468441,86678.85938,15.86543465,2.177133609
135,185.8716758,79.47510559,25.14582674,65.00314651,0.9642256563,139.6826888,6.491048336,297.8684082,0,129.0739288,55.2037735,1.529468536,86714.98438,15.90909958,2.091046734
135.1999969,187.4917522,79.24665686,25.164358,64.91834437,0.9634832307,142.0967006,6.49148941,297.9670715,0,133.1764069,16.56113243,77.61115265,86751.99219,15.92148209,2.03412042
135.3999939,186.6335186,79.39141453,25.3569392,64.8905845,0.9613348175,143.6533106,6.493342876,297.8515015,0,137.0992737,46.73742294,7.761115074,86790.35156,15.91252518,2.051128265
135.6000061,186.4723332,79.2756804,25.43667823,64.9421798,0.964082939,145.1150031,6.49616766,298.0963135,0,140.2774811,14.02122688,135.769989,86829.625,15.94971275,2.031992105
135.8000031,186.8497354,79.60177338,25.32284322,64.98002881,0.9699613603,143.8825161,6.500574112,297.9307861,0,142.3270416,93.77412415,13.57699966,86869.04688,16.00526619,2.049402147
136,187.4852649,79.48218961,25.17513123,64.96478137,0.9696968782,143.1419233,6.505138397,298.3559265,0,142.61203,28.13223839,218.4728241,86908.09375,16.01318932,2.002160053
136.1999969,184.0528769,79.83255686,25.14670007,65.04406877,0.9703568285,138.2030816,6.50822258,298.0926819,0,141.0758209,173.4468842,21.84728241,86946.50781,16.01373482,1.949697035
136.3999939,185.5596046,79.48260329,25.19401405,65.02625791,0.9721146655,138.8207258,6.513118267,297.9039307,0,138.3113708,92.7882309,2.184728384,86984.26562,16.0279808,2.024200709
136.6000061,186.8168799,79.87130488,25.21134798,65.02847805,0.9701168405,144.7166725,6.516210079,298.0492249,0,133.5779724,27.83646965,102.8090057,87022.09375,16.0176506,2.011392067
136.8000031,185.5329061,79.57526215,25.36079239,64.96820454,0.9744533887,145.7794541,6.516884327,297.9012451,0,127.6194611,75.77518463,10.28090096,87059.09375,16.05162239,1.95714903
137,186.8137649,79.36066896,25.21076045,64.98740059,0.9679473725,141.1143994,6.518669605,298.2330017,0,121.393425,22.73255539,176.2447968,87093.60156,15.9863472,2.014750306
137.1999969,186.4173113,80.04114699,24.98252374,65.04087178,0.9612443878,140.2825351,6.519818306,298.0365295,0,114.441864,134.5925751,17.62447929,87126.80469,15.92102337,2.069341728
137.3999939,184.9803315,79.74839415,25.23015943,65.02086635,0.9695015769,141.0065372,6.5185709,297.8803711,0,107.036499,73.05593872,1.762447953,87158.99219,15.98147583,2.065994734
137.6000061,187.6267045,79.33542172,25.04742971,64.93051048,0.9617157663,138.2030816,6.515733242,298.0160828,0,100.1358948,21.91678238,94.70154572,87188.53125,15.91177082,2.019584146
137.8000031,186.4117492,78.91954204,25.37670725,65.01968864,0.964747189,142.6421499,6.511230946,297.8895874,0,94.36787415,65.42515564,9.470153809,87218.05469,15.92349625,2.054341089
138,187.1021846,79.14310863,25.19541044,65.01214481,0.9674080719,143.0165614,6.507389069,298.1871033,0,90.40110779,19.62754822,159.384491,87246.89844,15.92900085,2.230114253
138.1999969,184.8463831,79.75633912,24.77913697,64.98263415,0.954634799,138.2030816,6.502885818,298.0219116,0,87.9635849,119.0768433,15.93844891,87274.84375,15.80416107,2.286349101
138.3999939,186.7937578,79.185652,25.00155169,64.93667771,0.9519052472,138.2030816,6.497764587,297.8807678,0,87.33164978,66.87005615,1.593844891,87302.23438,15.77192116,2.306926709
138.6000061,185.7599164,78.94896541,25.21114818,64.99456553,0.9616550639,139.7988328,6.493126869,298.0135498,0,88.74828339,20.06101799,91.76080322,87330.47656,15.84927273,2.359950175
138.8000031,185.1750357,78.68423112,25.46605209,65.0381849,0.9639763832,143.5961359,6.489422321,297.8960266,0,92.01631165,62.45508575,9.17607975,87360.3125,15.87138653,2.401589207
139,187.4096947,79.60074205,24.90611354,64.97535408,0.959503248,138.2030816,6.487036705,298.1751099,0,96.76476288,18.73652649,151.695694,87389.66406,15.83076096,2.406225746
139.1999969,184.4649779,79.70503062,24.89089346,64.94254225,0.9503377039,138.2030816,6.48694849,298.0151062,0,102.4661407,111.9998779,15.16956902,87420.86719,15.75501251,2.474457846
139.3999939,185.6869797,79.22604574,25.0401665,65.0327383,0.9671428794,138.5061473,6.488613605,297.8804016,0,108.1993637,61.27165222,1.516956806,87453.03906,15.90087414,2.510685322
139.6000061,186.8517387,80.03388101,25.12510051,64.97904439,0.9669079148,142.7591192,6.491231441,297.9996033,0,113.2681046,18.38149452,85.60346222,87487.14062,15.90078354,2.589757524
139.8000031,186.4952112,79.2613521,25.07164533,65.00882216,0.9584478891,138.2030816,6.496258259,297.8900452,0,117.2921906,56.03315353,8.560346603,87521.07031,15.82846737,2.644709624
140,184.9884348,79.80925725,25.22664548,64.98857229,0.9620921654,141.6191364,6.50307703,298.1461487,0,119.3007278,16.80994606,140.6950378,87556.71094,15.85268497,2.828785584
140.1999969,187.0345985,79.55197729,25.10003046,64.9997302,0.9623584434,138.2605534,6.509523392,298.0065002,0,118.5836716,101.8601379,14.06950283,87591.02344,15.84649944,2.852427097
140.3999939,186.0462161,79.89161518,25.13987899,65.03863525,0.9684771835,141.3546238,6.513302326,297.8811035,0,115.2950134,57.24448395,1.406950355,87625.60938,15.89014912,2.873353204
140.6000061,186.7043208,79.51446657,25.07115727,64.98777181,0.9635787143,138.2030816,6.51506424,297.9983215,0,110.5022278,17.17334557,83.7325592,87658.32812,15.83370304,2.879092468
140.8000031,187.2623806,79.52791488,25.06779418,64.99654957,0.9605998913,138.2030816,6.515849113,297.8964539,0,105.0028,54.09916687,8.373256683,87689.9375,15.79171085,3.01122561
141,186.5033529,79.51141905,24.88852094,64.96277463,0.9565945685,138.2030816,6.513988972,298.1384888,0,99.1862793,16.22974968,134.67836,87720.42969,15.74700546,3.006137419
141.1999969,186.3375499,79.13816706,25.20604042,65.04385767,0.9657454814,140.2628475,6.509139538,298.0017395,0,94.11928558,96.61287689,13.46783638,87750.23438,15.81211758,2.982376082
141.3999939,185.456591,79.14791515,25.1540691,65.04510719,0.9639892654,139.8804351,6.503791332,297.8834229,0,90.9934845,52.81419754,1.346783638,87779.61719,15.78630543,3.07211752
141.6000061,185.8975178,79.65537691,24.8330989,64.99727424,0.956075873,138.2030816,6.498571873,297.9875488,0,89.99897003,15.84425926,77.4332428,87808.5,15.71216297,3.134528682
141.8000031,185.8593246,80.09214655,24.95228644,65.04562366,0.9574669426,138.2030816,6.493991852,297.8914795,0,91.09026337,48.27985382,7.74332428,87837.80469,15.71544647,3.227028584
142,185.919155,79.81987713,24.68766637,65.08363011,0.9541612644,138.2030816,6.491165638,298.1117249,0,94.01184845,14.48395538,124.8399353,87867.58594,15.69669533,3.224376452
142.1999969,186.0072555,79.50119766,24.92454589,65.05335154,0.954680328,138.2030816,6.491087437,297.9946289,0,98.06019592,87.1233139,12.48399353,87898.22656,15.6993103,3.34179711
142.3999939,184.9936441,79.9408897,25.1831385,64.97083492,0.9595224947,138.5767321,6.49251461,297.8858032,0,102.1363754,49.26059723,1.248399377,87930.26562,15.7332449,3.454145107
142.6000061,185.4894652,80.11186639,25.0281897,64.96337744,0.9611670305,138.2030816,6.493669987,297.9863586,0,105.6455765,14.77817917,75.47563934,87962.75781,15.75285339,3.357834712
142.8000031,186.7812125,79.97387999,24.83031507,64.99648634,0.9577820043,138.2030816,6.496927738,297.8943787,0,108.6984406,46.0109787,7.54756403,87995.61719,15.73034191,3.423268821
143,185.8060728,79.61075733,24.95365734,65.00722692,0.9592076451,138.2030816,6.500572681,298.103363,0,110.4404449,13.80329323,119.8714905,88028.9375,15.74261093,3.430620491
143.1999969,185.9607678,79.60157161,25.05686077,65.04460992,0.9674757505,138.2030816,6.504467964,297.990387,0,110.7298203,82.629776,11.98714924,88062.34375,15.80671024,3.500712228
143.3999939,184.2496161,79.97104834,25.12230653,65.0250917,0.960180804,140.3976543,6.507009506,297.8836365,0,109.4614563,45.95910645,1.198714972,88096.4375,15.73972511,3.539631746
143.6000061,186.4222344,79.72188872,24.84650649,65.05713708,0.9584359963,138.2030816,6.508281708,297.9793701,0,107.1817398,13.78773212,73.0144043,88129.01562,15.72263241,3.491128843
143.8000031,186.0179276,79.51372541,25.07897954,65.05144744,0.9663434426,138.7811939,6.507964611,297.8887634,0,104.3930283,43.25157166,7.301440716,88161.20312,15.77873516,3.506730067
144,188.683297,79.17564237,25.50779764,64.95759417,0.9666472683,150.1063392,6.506874084,298.09021,0,101.7323837,12.9754715,116.604599,88194.64062,15.78660488,3.595670947
144.1999969,185.5924244,79.64468019,24.95747111,65.10944445,0.9666106077,138.2030816,6.503437996,297.9733887,0,99.50528717,78.98356628,11.66045952,88225.67969,15.76999474,3.455257772
144.3999939,187.1575514,79.11329899,25.01807073,64.99085497,0.9556295688,138.2030816,6.500607967,297.8698425,0,98.65792847,40.54816818,1.166046023,88256.19531,15.67325115,3.513842742
144.6000061,185.3744352,79.69180716,24.7590172,65.09594128,0.9533693765,138.2030816,6.497375965,297.9553223,0,98.93302917,12.16444969,68.43153381,88287.20312,15.6548214,3.502329315
144.8000031,184.2189211,79.9205788,24.74695794,65.05965326,0.94910469,138.2030816,6.494385719,297.8670959,0,100.5042419,37.55331039,6.843153477,88318.79688,15.61707306,3.503100887
145,186.1578868,79.49191908,25.34886798,64.95721725,0.9644562344,144.7639584,6.493422985,298.0585327,0,103.2693558,11.26599312,111.9759369,88351.97656,15.74847698,3.637874663
145.1999969,184.9806213,80.06372474,25.07556733,65.06296049,0.9544396851,138.2030816,6.492777348,297.9474792,0,106.4137421,72.98899841,11.19759369,88384.71094,15.65941525,3.592403323
145.3999939,187.0947518,79.80404875,24.72529001,65.03120463,0.9564493563,138.2030816,6.493255138,298.2530212,0,109.8218994,21.89669991,164.6681213,88417.49219,15.68883896,3.519315063
145.6000061,185.6668665,80.15054963,24.63529925,65.01587485,0.9514667404,138.2030816,6.495024681,298.100769,0,113.0362701,126.174614,16.46681213,88451.28125,15.64853001,3.559692472
145.8000031,186.4068687,79.62104983,24.86988944,65.0455048,0.9588540039,138.2030816,6.498088837,297.9598083,0,115.5421982,80.84121704,1.64668119,88485.42969,15.71107388,3.618143708
146,186.5345285,79.52017481,25.00739899,64.98177292,0.9569964289,138.2943902,6.500722408,297.8558655,0,116.8222122,37.13376617,0.1646681279,88519.83594,15.69277287,3.612026735
146.1999969,185.8065887,79.94334951,25.16072846,64.95169108,0.962720324,139.7038786,6.502484322,297.9260254,0,117.0543671,11.14013004,61.90890121,88554.84375,15.73525238,3.636862969
146.3999939,185.7797842,79.93682669,24.74951941,65.09054941,0.9558191521,138.2030816,6.505372524,297.8538818,0,116.583252,3.34203887,9.999999747e-05,88589.46875,15.68069553,3.69906437
146.6000061,187.2484689,79.37887459,25.18811712,65.06004677,0.9640259024,145.0028223,6.506911755,297.9571838,0,114.9504242,1.002611637,71.73622894,88624.74219,15.7524147,3.696600462
146.8000031,185.5276228,80.08939596,24.76833172,65.03706594,0.9568124184,138.2030816,6.507134438,297.8756714,0,112.7099075,31.70389748,7.173622608,88658.60938,15.67691803,3.685123479
147,186.0973546,79.73605983,24.94279733,65.00752766,0.953782915,138.2030816,6.505725384,298.0548096,0,110.3802719,9.511169434,106.8554993,88691.75,15.64477158,3.641932196
147.1999969,184.3064225,80.28673683,24.6106933,65.08145732,0.953090986,138.2030816,6.505520344,297.9511719,0,108.6154709,67.26384735,10.68554974,88725.11719,15.63561916,3.790429006
147.3999939,187.0607945,79.25938452,24.92415635,65.02185678,0.9519071675,138.2030816,6.505403996,297.8570557,0,106.9235611,32.22315979,1.068554997,88757.46875,15.62051296,3.832041142
147.6000061,186.1281671,79.58941879,24.82713682,65.00369224,0.9488353648,138.2030816,6.505684376,297.9346008,0,105.2817154,9.666948318,63.14493179,88789.86719,15.58830166,3.95118771
147.8000031,184.7339724,80.02989934,24.70610183,65.08893228,0.9527324266,138.2030816,6.505408287,297.8666992,0,103.526741,2.900084496,9.999999747e-05,88822.35938,15.61627007,4.006246254
148,186.4291391,79.77113903,24.75125867,65.02326226,0.9504512159,138.2030816,6.503587723,297.9659729,0,101.8852692,0.8700253367,69.31707764,88854.03125,15.59376144,3.924767149
148.1999969,184.6410343,80.10320716,24.62203353,65.08859575,0.9474153261,138.2030816,6.50190258,297.8924561,0,100.9752884,30.62221336,6.931707859,88886.01562,15.56556988,3.980677161
148.3999939,186.1155424,80.08114657,24.51047824,65.13384162,0.9510275003,138.2030816,6.500482082,298.0575562,0,100.7339401,9.186663628,98.99227142,88917.64062,15.59710598,3.991938053
148.6000061,186.6540247,79.81651938,24.63902193,65.12908359,0.9496162,138.2030816,6.500246048,297.9709167,0,101.060463,62.65856171,9.899227142,88949.28125,15.5827198,4.078269727
148.8000031,186.2174518,80.578763,24.79301822,65.00609066,0.9580511635,138.2030816,6.49866581,297.8824768,0,101.4782562,33.69530487,0.9899227023,88981.29688,15.64305019,4.05739809
149,186.3318801,79.39372162,24.99255003,65.07692566,0.965012549,138.2030816,6.497575283,297.9575806,0,102.5363083,10.10859108,62.08688354,89013.1875,15.70837498,3.981615574
149.1999969,183.7338108,80.06611029,24.66340928,65.09934826,0.9486367949,138.2030816,6.498104572,297.8838806,0,104.0247955,32.28442764,6.208688259,89046.15625,15.57284546,4.082654896
149.3999939,187.2117976,79.67228984,24.77909472,64.97665285,0.9473886815,138.2030816,6.499599457,298.0440369,0,105.2977142,9.685328484,96.40119934,89078.60938,15.56195736,4.109046941
149.6000061,185.5542027,80.46364859,24.40896581,65.11253668,0.9502012764,138.2030816,6.501261711,297.9582825,0,105.9746475,61.13802719,9.640119553,89111.69531,15.58858776,4.131796246
149.8000031,187.6074701,79.53850746,24.80390411,65.08939322,0.9521875066,138.2030816,6.502610207,297.872345,0,105.9893646,31.99889374,0.9640119672,89144.1875,15.60295391,4.099907039
150,186.2514296,79.89375901,24.72725657,65.05558519,0.9502751568,138.2030816,6.501951218,297.946167,0,105.4661407,9.599667549,61.86800003,89176.78125,15.58428383,3.984762698
150.1999969,186.4347108,80.28817298,24.95448098,64.9076875,0.9557388916,138.2030816,6.499583244,297.8754578,0,105.2122192,2.879900455,9.999999747e-05,89209.3125,15.61946678,3.927567339
150.3999939,185.8091665,79.78283747,24.75331889,65.05604134,0.9480204203,138.2030816,6.497726917,297.9675293,0,105.9045868,0.8639701009,67.46062469,89241.89844,15.5644865,3.868845391
150.6000061,187.2668043,79.58358074,24.88706815,65.0324504,0.9528327019,138.2030816,6.496376038,297.8891602,0,107.3324203,28.49326134,6.746062279,89274.40625,15.60403061,3.865998557
150.8000031,185.4673824,79.7075154,24.73517748,65.10143571,0.9462100953,138.2030816,6.494493961,298.0444946,0,109.3005219,8.547978401,97.19237518,89307.53906,15.55468559,3.761021241
151,185.155179,79.77513317,24.70889182,65.14760016,0.9463674747,138.2030816,6.493453503,297.9418335,0,112.0248566,58.56937408,9.719237328,89341.25,15.55974197,3.749660876
151.1999969,186.4973371,79.85268776,24.65561195,65.0305306,0.9489578627,138.2030816,6.493762493,298.1888123,0,115.1608429,17.57081223,139.8336029,89375.28906,15.58422661,3.762003868
151.3999939,185.2278826,79.9507897,24.6629481,65.14940035,0.9545339056,138.2030816,6.494884968,298.0534058,0,118.1715469,101.3660355,13.98336029,89410.16406,15.63541985,3.759028558
151.6000061,185.2583944,80.52013829,24.77482154,65.10606571,0.9615186358,138.2030816,6.497354031,297.9317017,0,120.7347794,59.87532806,1.398336053,89445.82812,15.68927479,3.874398071
151.8000031,185.7863513,79.44957112,25.05711462,65.09605677,0.9678668588,138.2030816,6.501318932,298.0283813,0,122.3086395,17.9625988,76.18722534,89481.51562,15.74531269,3.911621649
152,187.4495754,79.59926697,24.86003931,65.02099368,0.9543466063,138.2030816,6.504805565,297.9323425,0,122.2959137,49.66915894,7.618722439,89516.82812,15.63224602,3.889109582
152.1999969,185.5353499,80.39169736,24.92901058,65.02076471,0.9600223646,138.2030816,6.507534027,298.1264648,0,120.8949127,14.9007473,116.1772537,89552.48438,15.66924953,3.96446127
152.3999939,184.0466624,80.62738628,24.49366998,65.10656432,0.9556226066,138.2030816,6.510980606,298.0193481,0,118.4034576,80.05266571,11.61772537,89588.03125,15.63359737,4.063398546
152.6000061,183.9535357,79.96928017,24.74106419,65.11624202,0.9516410841,138.2030816,6.511063099,297.911499,0,114.5287018,46.38246155,1.16177249,89622.57812,15.59341908,3.929575797
152.8000031,185.5078643,80.09447,24.57032016,65.12566491,0.9532063201,138.2030816,6.510551929,297.9975586,0,110.6342163,13.91473866,69.65422058,89656.10156,15.60069561,3.987753589
153,185.4008071,79.99348378,24.6446781,65.02833292,0.9501124489,138.2030816,6.507943153,297.909668,0,106.9353104,41.0992012,6.965421677,89688.82812,15.56524372,3.942738447
153.1999969,185.1801832,80.63181575,24.7886681,65.02773564,0.9559909061,138.2030816,6.504329205,298.0874939,0,104.2849045,12.3297596,107.0551529,89721.28906,15.60163021,4.00818203
153.3999939,186.0656187,80.66700742,24.3400763,65.05629855,0.9484017288,138.2030816,6.501363277,297.986908,0,103.0766678,70.94831848,10.70551491,89753.30469,15.54324055,4.019169628
153.6000061,187.58142,79.45304027,24.8682275,65.05641307,0.9645578228,138.2030816,6.498735428,297.8918762,0,103.04953,38.19557953,1.070551515,89784.82812,15.67597866,4.013022947
153.8000031,187.212604,80.46531277,24.79395104,64.95743448,0.9552214896,138.2030816,6.496164799,297.967804,0,104.0743866,11.45867348,63.19160461,89816.92969,15.59151173,4.051612659
154,186.5747597,81.00264133,24.62088513,64.99728928,0.9539485831,138.2030816,6.494440556,297.8887329,0,106.1284332,34.31533813,6.319160461,89849.71875,15.58373451,4.064758116
154.1999969,184.7848128,79.95033301,24.67638604,65.0749192,0.9517301087,138.2030816,6.493947506,298.0482178,0,108.8696671,10.29460144,99.27507782,89883.11719,15.57736492,3.983531103
154.3999939,185.9957179,80.84329721,24.264659,65.13115676,0.9494055092,138.2030816,6.495058537,297.9522705,0,111.8068008,61.73674774,9.927507401,89917.08594,15.56421566,4.0322047
154.6000061,185.437641,79.27626955,25.0478266,65.08570753,0.9607369139,138.2030816,6.498563766,297.8667297,0,114.2980804,29.24942398,0.9927507639,89951.5625,15.65716743,4.133722121
154.8000031,184.3108283,80.44880398,24.866638,65.09926962,0.954269542,138.2030816,6.501034737,297.9306335,0,115.3845978,8.774827003,57.58652115,89986.72656,15.59992409,4.117533559
155,186.2050014,79.71045782,24.8672817,65.10234901,0.9528648748,138.2030816,6.50268507,297.8598022,0,115.4937668,2.632448196,9.999999747e-05,90021.22656,15.59338284,4.002788625
155.1999969,185.0226854,80.14779737,24.60513837,65.15830269,0.9522238364,138.2030816,6.503602505,297.9518433,0,114.9423141,0.7897344232,67.90932465,90055.88281,15.58935165,3.971133525
155.3999939,185.9542889,80.402704,24.5260416,65.08913885,0.949967717,138.2030816,6.503604412,297.8744812,0,114.0236588,27.82314491,6.790932655,90090.16406,15.56661129,3.945654609
155.6000061,187.6174436,80.04290551,25.03413406,65.09747215,0.9590255117,138.2030816,6.504134655,298.0355835,0,113.104805,8.346943855,99.14418793,90123.97656,15.63221645,4.048026408
155.8000031,187.3722712,80.13360224,24.61435017,65.1770619,0.9517168972,138.2030816,6.504498959,297.9410706,0,111.9692764,59.80078125,9.914419174,90157.52344,15.57648373,4.019676832
156,187.5827507,79.51725208,24.70720049,65.07775095,0.9480007908,138.2030816,6.505410671,298.1912231,0,110.6902542,17.94023323,140.217926,90190.64062,15.54297543,4.053921213
156.1999969,183.3053302,81.56906211,24.37690494,65.05105323,0.9509212797,138.2030816,6.504742146,298.0746155,0,109.0442505,102.7444916,14.02179241,90224.75781,15.55486012,4.110991874
156.3999939,184.6893014,79.70728019,24.54069384,65.14533293,0.9413939018,138.2030816,6.505410194,297.9624329,0,107.6725006,67.80931091,1.402179241,90257.96094,15.48223495,4.12999412
156.6000061,186.7308637,78.81438072,25.08544502,65.15438873,0.9613279489,138.2030816,6.506211281,297.8781128,0,106.0240326,32.77729416,0.1402179301,90290.39062,15.64134884,4.205779553
156.8000031,186.5491021,80.27215852,24.42419401,65.12055349,0.950681258,138.2030816,6.505326271,297.9381104,0,104.0591125,9.833189011,54.40200043,90322.67969,15.549757,4.172618627
157,187.2366061,80.43253025,24.37575358,65.02726289,0.9443728506,138.2030816,6.50349617,297.874054,0,102.454155,2.949956656,9.999999747e-05,90354.50781,15.49158669,4.147908662
157.1999969,186.2061758,80.1141922,24.44845278,65.03268395,0.9430819215,138.2030816,6.501251221,297.9587097,0,101.5788727,0.8849869967,62.3573761,90386.27344,15.47978401,4.110652183
157.3999939,187.6096337,80.5414906,24.25208834,65.03597752,0.9417572116,138.2030816,6.499387264,297.8919983,0,101.5999527,25.8488884,6.235737801,90417.85156,15.46835518,4.135193593
157.6000061,185.02678,80.17970448,24.4122535,65.09308431,0.9411743555,138.2030816,6.49780941,298.0327759,0,102.3640594,7.754666328,88.62167358,90450.01562,15.46495724,4.106367526
157.8000031,184.4654246,81.53678566,24.29963247,65.08355144,0.9484931504,138.2030816,6.496128082,297.9499512,0,103.7595596,52.77164459,8.862167358,90482.90625,15.52045059,4.138829149
158,186.2081533,79.89977565,24.57682318,65.02242986,0.9470896551,138.2030816,6.496858597,298.1645508,0,105.8287735,15.83149338,122.8248215,90515.51562,15.51697159,4.143686169
158.1999969,185.9402001,80.81016273,24.55600369,65.14090336,0.9484260714,138.2030816,6.497258663,298.0606689,0,107.5976181,88.6098175,12.28248215,90548.71875,15.52658844,4.129502405
158.3999939,187.1585717,79.53000396,24.80128686,65.06660816,0.9643311651,138.2030816,6.498685837,297.954834,0,109.2150879,57.34033203,1.228248239,90581.73438,15.66547775,4.091743539
158.6000061,183.2555425,79.99461547,24.68670172,65.16556691,0.948413825,138.2030816,6.499988079,297.8718567,0,110.2573624,23.87726212,0.1228248253,90615.88281,15.53338718,4.086490829
158.8000031,185.6375389,80.32046985,24.38217291,65.16156776,0.9486824846,138.2030816,6.500490189,297.9125977,0,110.7824249,7.163178444,47.94047546,90649.59375,15.54017925,4.000983956
159,185.124486,79.65281968,24.92405523,65.11554102,0.9610159747,138.2030816,6.499419212,297.8422852,0,111.1087799,2.148953676,9.999999747e-05,90683.25781,15.63758659,3.897087058
159.1999969,185.7239949,80.43388163,24.50009003,65.10260937,0.9513073599,138.2030816,6.498362064,297.9266968,0,111.8662415,0.6446860433,64.98353577,90717.04688,15.55960178,3.877261035
159.3999939,183.811845,80.17117643,24.59496382,65.02077899,0.9435735961,138.2030816,6.497166157,297.8580627,0,113.0413895,0.1934058219,9.999999747e-05,90751.32812,15.49489117,3.824712341
159.6000061,184.5969942,80.28156585,24.5058759,65.11836437,0.9451458565,138.2030816,6.493952751,297.9551697,0,114.6954575,0.05802174658,70.2685318,90785.57812,15.51453018,3.64503553
159.8000031,184.2828232,80.66237625,24.34268448,65.08577897,0.943028569,138.2030816,6.492309093,297.8739624,0,117.6410141,28.75536728,7.026853085,90820.5625,15.5005312,3.67594211
160,187.4290816,79.93039624,24.57844793,65.17359442,0.9502052637,138.2030816,6.491733074,298.0377197,0,121.2325287,8.626610756,102.6027679,90855.39844,15.56794453,3.638578087
160.1999969,184.0951721,80.38302894,24.98093448,65.12628756,0.9708539347,138.6268054,6.491243839,297.9286194,0,125.055954,61.00191116,10.26027679,90891.90625,15.73585892,3.650728616
160.3999939,185.2128938,80.53126635,24.43761686,65.17400603,0.9586083219,138.2030816,6.492381096,298.1890259,0,129.0781403,18.30057335,148.9479218,90928.78125,15.64964294,3.607990785
160.6000061,184.2251945,81.3976634,24.47599442,65.07591857,0.9604131794,138.2030816,6.494142056,298.0410156,0,132.6403809,106.2842407,14.8947916,90966.78125,15.66196442,3.646041421
160.8000031,185.8725932,79.96745589,24.68219728,65.27394512,0.9595484139,138.2030816,6.497442245,297.9124756,0,135.5014801,60.35360718,1.489479184,91004.72656,15.66658878,3.630629915
161,184.1028369,80.19864461,24.76133327,65.20537297,0.9539286862,138.2030816,6.497193336,298.0092773,0,137.0394745,18.10608292,79.41416931,91043.20312,15.61937237,3.460207825
161.1999969,186.1220028,80.69053206,24.5219352,65.14462662,0.9572238848,138.2030816,6.495760441,297.9002686,0,138.6935883,49.18914032,7.94141674,91081.5625,15.65002346,3.385990518
161.3999939,185.6493938,79.77138474,24.92606201,65.00506363,0.9496446292,138.2030816,6.495909214,298.1092224,0,140.9133301,14.75674248,126.0395508,91120.3125,15.58516693,3.418946322
161.6000061,186.1845389,80.23535263,24.61645546,65.21184458,0.9550207072,138.2030816,6.495815277,297.9686279,0,143.0646362,83.92398834,12.60395527,91159.36719,15.63922024,3.376759552
161.8000031,185.6350405,80.19303397,24.65172888,65.19840108,0.9581901262,138.2030816,6.494529247,297.8560791,0,145.2592773,37.94448853,1.260395527,91198.92188,15.66839314,3.313966398
162,185.7448981,79.77274549,24.97305917,65.20079529,0.96125197,138.2030816,6.493454456,297.9269409,0,147.9715881,11.38334656,65.34361267,91238.92969,15.69434547,3.308900062
162.1999969,186.0497422,80.37144914,24.85910858,65.21020073,0.9634380251,138.2030816,6.494256973,297.8544922,0,151.1092529,3.415004015,9.999999747e-05,91279.6875,15.71541214,3.383115754
162.3999939,186.596411,79.62500116,25.30827365,65.20038027,0.972562281,143.2432342,6.496201038,297.9535828,0,153.9204254,1.024501204,71.9704895,91321.84375,15.80099583,3.416245635
162.6000061,185.1380429,80.71871506,24.87546962,65.09037898,0.9654102502,138.2030816,6.501284122,297.8676758,0,155.9562683,30.29188919,7.197049141,91364.03125,15.73392391,3.558875299
162.8000031,184.8023527,79.636049,25.22615402,65.1857075,0.9665074274,140.5805136,6.506664753,298.0397339,0,155.9521332,9.087566376,107.290802,91406.55469,15.74864388,3.560906884
163,183.8302002,80.43322852,24.89857124,65.12804572,0.957322016,138.2030816,6.510716438,297.9233093,0,153.8048553,64.12698364,10.7290802,91448.49219,15.66369534,3.554107934
163.1999969,186.5808795,79.99742044,24.79965999,65.14583215,0.9605976037,138.2030816,6.512969017,298.1984863,0,150.0421295,19.23809433,157.4082031,91488.89062,15.68950653,3.48765799
163.3999939,182.1072984,80.93933412,24.59515301,65.25443853,0.9555887845,138.2030816,6.515229702,298.0404968,0,145.380188,112.173111,15.74081993,91529.55469,15.63747883,3.593033751
163.6000061,187.4272007,79.86126483,24.77405055,65.06969078,0.9540828099,138.2030816,6.513113976,297.9007263,0,139.8081055,63.05056,1.574082017,91567.65625,15.61571693,3.435712228
163.8000031,185.7463457,79.90302709,25.29761315,65.08215448,0.9721225346,148.0078289,6.509364605,298.0087891,0,135.0966339,18.91516685,85.34347534,91607.28906,15.76599884,3.486050645
164,184.8569727,80.99430065,24.3732208,65.24116717,0.9587581441,138.2030816,6.504537106,297.8959961,0,131.8762665,53.51691055,8.534347534,91644.53125,15.64407921,3.427812903
164.1999969,186.6138266,79.80790947,24.88386511,65.11940147,0.9692745386,138.2030816,6.499849319,298.1225891,0,130.5852966,16.05507278,135.1596069,91680.92969,15.72467327,3.421608389
164.3999939,183.5593396,81.35781112,24.11264429,65.27774383,0.9542903231,138.2030816,6.496657372,297.9785767,0,131.1655731,91.16916656,13.51596069,91718.39844,15.60727024,3.481499611
164.6000061,185.7903016,80.30669192,24.34427163,65.23174326,0.9513830583,138.2030816,6.496086597,297.8640747,0,133.0180969,44.38153839,1.351595998,91755.72656,15.58591938,3.554086107
164.8000031,186.241895,80.73932811,24.62723708,65.10054811,0.9561356481,138.2030816,6.49603653,297.9441528,0,135.0950623,13.31446171,69.90380859,91793.58594,15.61893559,3.612053931
165,187.0044658,80.26856228,25.09666365,65.04454468,0.9727234047,144.2201397,6.496968746,297.8714294,0,137.1988373,3.994338512,9.999999747e-05,91832.96875,15.76520824,3.656926813
165.1999969,185.2741661,80.42212374,24.69840162,65.1813671,0.9556528516,138.2030816,6.497643948,297.9684143,0,138.9281616,1.198301554,71.5483017,91871.73438,15.6238718,3.580004641
165.3999939,186.3033416,79.81622019,25.16446356,65.06619003,0.9505169183,138.2030816,6.498084545,297.8825073,0,140.3913879,30.3773632,7.154830456,91910.48438,15.57626534,3.563060006
165.6000061,185.6238732,79.90459264,24.87829476,65.19691641,0.9695929541,138.2030816,6.498488903,298.0449524,0,141.6783905,9.113208771,103.8924561,91949.57031,15.74496746,3.513458471
165.8000031,185.1327729,81.19632881,24.26701718,65.16776621,0.9604573708,138.2030816,6.498069763,297.9283447,0,142.8028717,61.40364456,10.38924599,91989.13281,15.67393303,3.468311583
166,185.5382948,79.97730006,24.92057536,65.23617126,0.971816427,138.2030816,6.496080399,298.1871643,0,144.097641,18.42109299,151.3316193,92028.53125,15.76749229,3.373509779
166.1999969,187.0086611,79.86046829,24.73168377,65.23552758,0.9549665088,138.2030816,6.494682789,298.0218201,0,146.1906586,105.894165,15.1331625,92067.94531,15.63398075,3.339271536
166.3999939,182.880362,80.32735294,24.68587799,65.26945509,0.9569323072,138.2030816,6.494982719,297.8921509,0,148.8357086,53.92809677,1.513316274,92108.94531,15.65235615,3.417361523
166.6000061,184.3543669,80.33648437,24.66043513,65.21683701,0.9559383009,138.2030816,6.493641853,297.9731445,0,151.3571014,16.17842865,73.05551147,92150.03906,15.64866352,3.322202133
166.8000031,184.800974,80.15237763,24.93426337,65.2374404,0.9722297413,138.2030816,6.491468906,297.8690491,0,154.4256287,41.04288101,7.305551529,92191.57031,15.78572273,3.275921843
167,187.2862995,79.52698481,25.13003423,65.19967943,0.9749027023,142.4095704,6.490983009,298.0597839,0,158.3608246,12.3128643,118.6966324,92234.10938,15.82181263,3.287296062
167.1999969,185.8926844,80.46338042,24.93649991,65.23913103,0.9660911633,138.2030816,6.490029335,297.9220886,0,162.4822235,73.98668671,11.86966324,92277.02344,15.74667549,3.260609431
167.3999939,184.5362887,80.43190516,24.71644125,65.34065615,0.9655298415,138.2030816,6.491102695,298.2362061,0,166.9921112,22.19600487,178.5611267,92321.05469,15.75578594,3.264732882
167.6000061,182.9827996,81.08723894,24.52032969,65.35835219,0.9668376494,138.2030816,6.49439764,298.0447998,0,171.0644531,128.6776123,17.85611343,92366.38281,15.77289963,3.327430256
167.8000031,186.279621,79.9884519,24.80476669,65.21191609,0.9625442521,138.2030816,6.497951508,297.8930054,0,173.8179932,69.13975525,1.785611272,92411.39062,15.73992825,3.308018949
168,185.5377454,80.29645566,24.93708176,65.32633705,0.9699017117,138.2030816,6.500007153,298.0018921,0,175.15625,20.74192619,88.21656036,92456.85156,15.80134296,3.283431399
168.1999969,185.8729535,80.28204003,24.80360172,65.19052066,0.9633047596,138.2030816,6.503199577,297.8836365,0,175.6779938,55.42698288,8.821656227,92502.35938,15.7468605,3.312759367
168.3999939,186.439394,80.00036169,24.86800325,65.2066171,0.9645230525,138.2030816,6.506372929,298.1200562,0,174.9142609,16.62809372,141.3865967,92547.5,15.75630093,3.314172969
168.6000061,184.7498797,80.64858068,24.80930241,65.11820493,0.9658687086,138.2030816,6.507611752,297.9615784,0,172.8848572,94.71466064,14.13865948,92592.66406,15.75971889,3.29504746
168.8000031,186.6349508,80.05933561,24.81652514,65.20175678,0.9632192625,138.2030816,6.508386612,297.84198,0,170.3663177,42.76459885,1.413865924,92636.82812,15.73682213,3.285908018
169,185.8122479,80.1853762,24.86873037,65.16974035,0.9637779531,138.2030816,6.509591103,297.9211731,0,167.5330963,12.82938004,70.62750244,92680.6875,15.73371601,3.345377822
169.1999969,185.5294541,79.69667487,25.3513355,65.10973629,0.967458379,144.2350011,6.51125288,297.8484802,0,164.2152405,3.848814011,9.999999747e-05,92725.20312,15.7618885,3.426161939
169.3999939,186.053308,80.48515076,24.95031461,65.08163694,0.9647583778,138.2030816,6.510818005,297.9538879,0,160.2324982,1.154644251,75.76515198,92767.64844,15.72439861,3.385947715
169.6000061,184.5536121,81.03007045,24.66898878,65.22553692,0.9639405747,138.2030816,6.509232521,297.8630066,0,156.4320984,32.38085938,7.576515198,92809.71875,15.7149725,3.375639223
169.8000031,187.4878374,80.07409067,24.80361342,65.08104253,0.9597478891,138.2030816,6.507214546,298.0436401,0,153.2629242,9.714258194,113.3907471,92850.32031,15.6752224,3.343477532
170,183.2853889,81.07669127,24.4474754,65.24300685,0.9615168431,138.2030816,6.504613876,297.9170837,0,150.8986359,67.57141876,11.33907413,92891.50781,15.68890953,3.353625512
170.1999969,185.9135611,80.20882023,24.68170514,65.36787973,0.9613251055,138.2030816,6.503186226,298.2069397,0,149.5751495,20.27142525,167.2769012,92931.74219,15.68746567,3.380158222
170.3999939,182.4548669,81.76223544,24.07352387,65.39892066,0.9591254206,138.2030816,6.500871658,298.0295715,0,148.8170929,118.111351,16.72768974,92972.78906,15.67080593,3.36350087
170.6000061,184.4077538,80.62289666,24.55893063,65.29309103,0.9582141415,138.2030816,6.499673843,297.8896179,0,148.9915466,62.50808334,1.67276907,93013.39844,15.65838146,3.405699618
170.8000031,186.0423964,80.16271332,24.69002533,65.30777182,0.9622725311,138.2030816,6.498858929,297.9878235,0,149.6385498,18.75242615,82.2244339,93053.73438,15.69394302,3.40080335
171,185.3230029,81.04851992,24.36973566,65.2117355,0.9593723,138.2030816,6.497179985,297.8777466,0,150.6137695,49.53843307,8.222443581,93094.54688,15.67117023,3.365927802
171.1999969,185.1591188,80.36887291,25.01801522,65.22691151,0.9756127308,139.141481,6.497198105,298.0931091,0,152.2645874,14.8615303,131.5583344,93135.92969,15.80319691,3.440539883
171.3999939,185.8866243,81.08537899,24.28644471,65.23132427,0.9583121774,138.2030816,6.497483253,297.9513245,0,153.8999939,85.40576935,13.15583324,93177.32031,15.66974449,3.391093105
171.6000061,184.5447199,80.22497697,24.82117142,65.31863242,0.974376855,138.2030816,6.497679234,297.8399658,0,155.4257507,38.36400223,1.315583348,93219.21094,15.8023243,3.389037003
171.8000031,185.4472644,80.81761159,24.75054873,65.20458656,0.967925919,138.2030816,6.4971385,297.914917,0,156.8742371,11.50920105,68.32321167,93261.3125,15.74772263,3.37027545
172,185.2329269,80.92268507,24.57760838,65.14558323,0.9618062827,138.2030816,6.497261524,297.842926,0,158.5412903,3.45276022,9.999999747e-05,93303.78906,15.70111942,3.364302963
172.1999969,185.7478726,79.62477844,25.36263055,65.24205015,0.9703116945,144.0019595,6.498258591,297.9461975,0,160.1545715,1.035828114,75.20275116,93347.49219,15.77985096,3.392943308
172.3999939,185.5152474,81.16869438,24.4946093,65.19213787,0.9664584934,138.2030816,6.501132488,297.8779907,0,161.3682861,0.3107484281,9.999999747e-05,93390.60156,15.74545193,3.44799129
172.6000061,185.0475617,80.23013843,24.78493843,65.2080392,0.9561813266,138.2030816,6.502035618,297.9724731,0,161.4291534,0.09322452545,70.9940033,93433.51562,15.66064739,3.349192529
172.8000031,185.13516,80.1529752,24.83534762,65.35462363,0.9618073765,138.2030816,6.501324177,297.8847656,0,161.1410828,28.62633133,7.09940052,93476.24219,15.70872688,3.288706087
173,186.5920258,79.8574056,24.98228801,65.19065189,0.9699407689,138.2030816,6.501689911,298.0381165,0,161.1365662,8.587899208,101.6143494,93518.64062,15.77268028,3.323800881
173.1999969,185.5557233,80.64560374,24.56477992,65.38738122,0.9656715949,138.2030816,6.504206657,297.9244385,0,160.9770813,57.8364296,10.16143513,93561.42188,15.74208069,3.408641034
173.3999939,186.0452911,80.1880492,24.94585352,65.14353085,0.9738376819,140.2435937,6.505392551,298.165863,0,159.8073273,17.35092926,145.3995667,93604.14844,15.80433559,3.380850866
173.6000061,183.5350436,80.54921282,25.01856325,65.14182738,0.9707495884,139.7236519,6.505630016,298.0100098,0,158.174408,98.66783905,14.53995609,93647.01562,15.77092552,3.382372594
173.8000031,184.4218865,81.02396954,24.41809881,65.40683246,0.968164996,138.2030816,6.505322456,297.8852844,0,156.4454193,49.30638885,1.453995585,93689.07812,15.75586796,3.351477481
174,183.6765532,80.06445505,25.02337701,65.30484591,0.9698682279,138.2030816,6.504195213,297.9606323,0,154.8382416,14.79191685,70.69874573,93730.8125,15.75967503,3.343895906
174.1999969,186.6719525,80.93385644,24.5435441,65.10483165,0.9602248893,138.2030816,6.500175953,297.8609924,0,153.6828766,37.42131042,7.069874763,93771.71094,15.67891312,3.233512203
174.3999939,185.3881417,80.18066154,24.77394601,65.29429166,0.9727328762,138.2030816,6.494624615,298.0376587,0,154.1420898,11.2263937,113.9524155,93812.69531,15.78732109,3.137668868
174.6000061,185.5434048,81.0976959,24.25840534,65.23019537,0.9563744396,138.2030816,6.487199783,297.9016113,0,156.8175201,67.71315002,11.39524174,93854.19531,15.66030025,3.023066227
174.8000031,184.7882917,79.79900795,24.93307855,65.27985851,0.9652378559,138.369888,6.482645035,298.1965942,0,162.4642181,20.31394386,172.3780365,93896.82812,15.73921967,3.066708467
175,187.1254077,80.29987911,24.63411467,65.30758275,0.9576949935,138.2030816,6.479453564,298.002655,0,169.9173584,119.4131012,17.23780251,93940.5,15.69247437,3.044814792
175.1999969,187.6289388,79.69103092,25.00143118,65.13629753,0.9602526314,138.2030816,6.476612091,297.8585205,0,178.6518097,57.66956329,1.723780274,93985.75781,15.72298431,3.016835243
175.3999939,184.9383345,80.10620366,24.84775943,65.2742132,0.9581890902,138.2030816,6.476121902,297.9506226,0,188.5261383,17.30086899,80.72797394,94033.67969,15.72643185,3.034092451
175.6000061,185.5562399,80.20481984,24.91372541,65.37379402,0.9668136306,138.2030816,6.477811337,297.8396912,0,198.5898743,44.84888458,8.072797775,94083.55469,15.81567097,3.055405124
175.8000031,183.6540573,80.19765626,25.01194973,65.39044159,0.9663733794,138.2030816,6.480762005,298.0555725,0,207.9781494,13.45466614,133.2089386,94135.70312,15.82803822,3.048297487
176,184.1725984,80.04601105,25.09870333,65.41912684,0.9664791713,138.2030816,6.484488487,297.9023743,0,216.1890411,82.75414276,13.32089329,94189.34375,15.84310627,3.031646317
176.1999969,184.8542084,79.61476371,25.44126253,65.17839773,0.9688213745,145.1386754,6.487017632,298.2549438,0,222.9108734,24.82624245,202.215271,94245.46094,15.88155365,2.979672694
176.3999939,184.2230741,80.35547678,25.01167208,65.48425781,0.9749328993,138.2030816,6.485703468,298.0166931,0,225,143.9523315,20.2215271,94300.64844,15.93243217,2.86442145
176.6000061,185.4234021,80.02185358,25.17765567,65.29366408,0.9743379688,141.2218826,6.483153343,297.850708,0,225,68.67525482,2.022152662,94356.17188,15.92858601,2.853895302
176.8000031,187.8814293,79.83233536,25.25941619,65.07684713,0.9717276605,146.6493709,6.479839802,297.953186,0,225,20.6025753,88.77407837,94412.21875,15.91393757,2.839230023
177,185.3222582,80.09459816,25.03724229,65.35023216,0.970241946,138.2030816,6.475906372,297.8276672,0,225,51.60341263,8.877408028,94467.03906,15.89276886,2.812186997
177.1999969,185.1821877,80.00692941,25.05485295,65.36350827,0.9714773148,138.2030816,6.469136715,298.0733643,0,225,15.48102379,149.3365784,94521.73438,15.90433979,2.73429684
177.3999939,185.207851,80.05572925,25.04406176,65.39620567,0.9745210655,138.5218762,6.461922646,297.8905945,0,225,94.72507477,14.93365765,94576.4375,15.93019772,2.716432977
177.6000061,185.6030139,79.97080637,25.07911621,65.34947743,0.969653961,141.1626815,6.455686092,298.3011169,0,225,28.41752052,232.8563385,94631.52344,15.89472961,2.725100493
177.8000031,184.5572382,80.81753095,24.75037997,65.51792199,0.9777532985,138.2030816,6.448301315,298.0188904,0,225,167.3131104,23.28563309,94686.29688,15.96080112,2.691527135
178,183.6282333,80.40967306,24.83726843,65.57454785,0.9770335135,138.2030816,6.443162918,297.8357544,0,225,78.15254211,2.328563452,94741.30469,15.95500088,2.753260487
178.1999969,184.4176541,79.67340335,25.22644932,65.40107805,0.9700122917,140.193155,6.4397645,297.9480286,0,225,23.44576263,95.37585449,94796.50781,15.8943224,2.803920237
178.3999939,185.0119139,80.15812933,25.09081229,65.35628001,0.9702537804,140.9834077,6.43752861,297.8699341,0,225,7.033729076,9.999999747e-05,94851.86719,15.89749622,2.839652635
178.6000061,187.7260993,79.71063961,25.09335916,65.22745899,0.9695165402,142.2708705,6.435704708,297.9895935,0,225,2.110118628,84.54460907,94906.82812,15.89482307,2.830555853
178.8000031,186.0338807,80.32606155,24.94681033,65.36298685,0.9742243553,139.3326006,6.432797432,297.8817444,0,225,39.10029984,8.454461098,94961.64062,15.93077564,2.813668742
179,186.2192929,79.8041517,25.27821376,65.209074,0.9711190488,142.398266,6.430410385,298.0770264,0,225,11.73009014,125.0184784,95016.97656,15.90579319,2.830588566
179.1999969,186.9820106,80.1943085,24.90161631,65.33500211,0.971536732,138.3256238,6.427973747,297.9228821,0,225,75.4788208,12.50184727,95071.35156,15.90897179,2.807917223
179.3999939,184.4542167,80.10569107,24.9489529,65.43650675,0.9720908354,138.2030816,6.42473793,298.2360535,0,225,22.64364624,185.9631805,95126.15625,15.91576385,2.778255764
179.6000061,183.9488222,80.03417765,25.11765047,65.51580542,0.9682620778,138.2030816,6.426604271,298.0208435,0,225,128.9517059,18.59631729,95181.22656,15.88146305,2.916057432
179.8000031,184.1267976,80.1025918,24.91582297,65.53874227,0.9719028877,138.2030816,6.430118561,297.8703003,0,225,61.20420456,1.859631777,95236.38281,15.91538143,2.963601319
180,186.1926565,79.84694607,25.23591617,65.14411357,0.9697929891,142.1241907,6.433769226,297.9530334,0,225,18.36126137,78.50312042,95291.96875,15.89567852,2.99245031
180.1999969,186.1929757,80.14697941,24.9552175,65.34187892,0.9732507793,139.345623,6.437856197,297.8425903,0,225,43.17330551,7.850312233,95347.04688,15.92642879,2.994190365
180.3999939,185.3297014,80.02403942,24.98988368,65.40760804,0.9707593772,138.2030816,6.441757202,298.0445251,0,225,12.95199203,128.4710846,95402.03125,15.90577412,2.984391302
180.6000061,184.3284909,80.54129766,24.77492057,65.47597226,0.9737598432,138.2030816,6.445231915,297.8959045,0,225,77.54563904,12.84710789,95457.3125,15.9334774,2.975364855
180.8000031,184.9168947,79.94340022,25.00091896,65.47983871,0.9729036225,138.2030816,6.453601837,298.2277527,0,225,23.26369286,193.4372101,95512.49219,15.92606258,3.092135698
181,184.4474554,80.68594229,24.97290779,65.31393931,0.974686066,138.2030816,6.462433815,298.0221863,0,225,134.9564209,19.34371948,95567.96875,15.9353075,3.136698802
181.1999969,187.6093241,79.79741526,24.92633203,65.40975119,0.9724480062,138.2030816,6.472491264,297.8675842,0,225,70.09571838,1.934372067,95622.6875,15.92364025,3.148763959
181.3999939,185.7473859,79.75495571,25.1708826,65.34324855,0.9722124217,143.2878841,6.484971046,297.9783325,0,225,21.02871513,91.57852173,95678.98438,15.92667675,3.247468772
181.6000061,186.3638861,80.09849631,25.03329394,65.34134549,0.9779053988,142.6046885,6.497398853,297.8623352,0,225,55.43626022,9.157852173,95735.10938,15.97437763,3.263167671
181.8000031,185.08408,80.10812848,24.94529304,65.49443115,0.974550977,138.2030816,6.511032104,298.0984802,0,225,16.63087845,145.4562378,95790.63281,15.94354248,3.299724815
182,183.8051487,80.5449625,24.85116416,65.48265253,0.974600561,138.2030816,6.522876263,297.9481506,0,221.1022339,93.80929565,14.54562378,95845.6875,15.93659496,3.294387321
182.1999969,184.0275795,79.93661656,25.04502606,65.46401457,0.9675482444,138.2030816,6.532495022,298.3067932,0,212.4765015,28.14278793,208.3245697,95898.77344,15.86336899,3.273433331
182.3999939,182.1129131,81.19376922,24.55078698,65.64337092,0.9760973705,138.2030816,6.540639877,298.1030273,0,200.0048981,151.062973,20.83245659,95949.97656,15.91707993,3.333936537
182.6000061,183.7430917,80.4663265,24.74332412,65.72839987,0.9835798049,138.2030816,6.545652866,297.9350281,0,184.2729187,89.57276917,2.083245754,95997.59375,15.95301819,3.360097445
182.8000031,186.5614542,80.63019266,24.52272869,65.42229618,0.9715108317,138.2030816,6.546835899,298.0628357,0,166.5414581,26.87182999,102.0218048,96041.05469,15.81972885,3.370887521
183,182.5364811,81.65232715,24.17596879,65.4792918,0.9681431508,138.2030816,6.539569855,297.9316101,0,148.3393555,69.7930069,10.20217991,96081.66406,15.76168823,3.234035017
183.1999969,185.4604138,80.354652,24.92712248,65.09788182,0.9689200777,141.6904037,6.528895855,298.180542,0,133.0590363,20.93790245,154.801239,96119.04688,15.73513031,3.226735073
183.3999939,180.8385567,83.462861,23.3362335,65.40860719,0.9557206275,138.2030816,6.517688751,298.0209045,0,122.0324936,105.2463303,15.48012352,96155.02344,15.61612701,3.291446065
183.6000061,183.2247596,82.02600775,23.63616136,65.38883816,0.9514679267,138.2030816,6.505956173,297.8919373,0,115.4795914,55.06905746,1.548012376,96188.94531,15.57067013,3.275249074
183.8000031,182.4480122,81.31202121,24.11720665,65.14738205,0.9413260173,138.2030816,6.494019985,297.9725037,0,113.6198196,16.52071762,75.45674896,96222.5625,15.47438049,3.253145957
184,183.9983682,82.60930101,23.28030314,65.19625916,0.9328639964,138.2030816,6.483021259,297.8721008,0,116.5333862,41.22819138,7.545674801,96256.61719,15.41898632,3.195144041
184.1999969,184.0943422,81.72994328,23.78185584,65.13759859,0.935006739,138.2030816,6.473173618,298.0487061,0,123.8427963,12.36845779,117.0699005,96291.92188,15.44573975,3.118269732
184.3999939,181.4845671,82.98389518,23.18639525,65.27617372,0.9367349022,138.2030816,6.468459129,297.9240417,0,135.0903931,69.25484467,11.70699024,96330.39062,15.48579025,3.20025009
184.6000061,183.4076024,81.6500505,23.85507857,65.43070627,0.949151184,138.2030816,6.469059944,298.1986389,0,148.2106628,20.77645302,166.0016022,96370.98438,15.61031532,3.260498265
184.8000031,184.7737453,81.0763463,24.31074781,65.47533442,0.9553932644,138.2030816,6.471430779,298.0314026,0,161.0895996,113.5989914,16.6001606,96413.77344,15.68114281,3.207251297
185,180.9611155,81.29473245,24.29382551,65.62061229,0.9603602107,138.2030816,6.477719307,297.8966064,0,173.0314178,61.29658508,1.66001606,96459.94531,15.7448349,3.263477764
185.1999969,182.631219,80.79443189,24.61708157,65.4652396,0.9626389673,138.2030816,6.485363483,297.9861755,0,182.4506073,18.38897514,80.61736298,96507.58594,15.77579784,3.243739028
185.3999939,185.2148953,81.23109907,24.38992309,65.38812635,0.9685300537,138.2030816,6.494791985,297.8830261,0,188.8202209,46.43014908,8.061736107,96556.07031,15.83679867,3.261195508
185.6000061,186.4013777,80.60427685,24.6930902,65.35424491,0.9694878853,138.2030816,6.502305984,298.0708618,0,191.4169312,13.92904568,123.1726456,96604.59375,15.84797096,3.179473683
185.8000031,185.7146047,80.69174594,24.76435004,65.17645043,0.9645875876,138.2030816,6.50966835,297.9406128,0,191.0200195,75.12416077,12.31726456,96653.17188,15.80145454,3.191137607
186,183.0841842,81.04558669,24.55557232,65.58475861,0.9734971479,138.2030816,6.517364502,298.2268677,0,187.6724854,22.53724861,173.0471802,96701.64844,15.87841702,3.22557352
186.1999969,182.2659885,81.90281529,24.21061344,65.56551197,0.9744042226,138.2030816,6.520437241,298.0490723,0,181.2449951,120.0458755,17.30471802,96748.96094,15.8762579,3.130792967
186.3999939,187.9330208,79.6758355,24.94129786,65.43167497,0.9773693293,138.2030816,6.521322727,297.9053955,0,173.6046448,65.06658173,1.730471849,96793.10938,15.88327885,3.092168192
186.6000061,185.5796753,80.86515939,24.70811882,65.43843006,0.9815583897,138.2030816,6.521642685,297.9970093,0,165.6024323,19.51997375,82.641716,96836.42969,15.90151119,3.173112945
186.8000031,185.7231914,80.94101201,24.54268816,65.48196915,0.9697171106,138.2030816,6.520620346,297.8905334,0,157.467041,48.65397644,8.2641716,96878.05469,15.79106808,3.182206414
187,184.482788,81.10599969,24.4593546,65.33810826,0.9641834769,138.2030816,6.518867493,298.0821533,0,149.7432404,14.59619236,125.3827209,96918.40625,15.7296257,3.217273176
187.1999969,183.8560139,82.00108203,23.79436644,65.30667983,0.9532615226,138.2030816,6.515938759,297.9534302,0,142.7187347,77.39377594,12.53827286,96957.57812,15.63254642,3.212086216
187.3999939,186.2323504,80.55874124,24.73096049,65.1077496,0.9725768387,138.2030816,6.512434959,297.8505249,0,136.8671875,34.6260643,1.253827214,96994.96875,15.77004051,3.26943124
187.6000061,183.9513211,81.59844031,24.09415605,65.33367904,0.9612477888,138.2030816,6.508915901,297.9116211,0,132.4153137,10.38781929,63.20542145,97032.16406,15.67714882,3.301626045
187.8000031,184.9566157,80.69296489,24.37114642,65.40847712,0.9464786832,138.2030816,6.507305622,297.8414917,0,129.3693848,3.116345882,9.999999747e-05,97068.52344,15.54866886,3.392853033
188,184.8501728,81.5631565,23.93325907,65.22618455,0.9463026671,138.2030816,6.505675316,297.9302673,0,126.9612274,0.9349037409,71.13007355,97104.63281,15.54338169,3.41751206
188.1999969,187.9291083,79.30995789,25.24210448,65.13448853,0.9713871079,141.641553,6.505721569,297.8629761,0,125.2113876,0.2804711163,9.999999747e-05,97140.27344,15.7437191,3.5147927
188.3999939,182.8377481,81.80383499,23.96256733,65.32985585,0.9553409201,138.2030816,6.505474091,297.9499207,0,123.4373779,0.08414133638,70.0621109,97176.38281,15.61240387,3.530090041
188.6000061,185.0758667,81.29347355,24.37672907,65.05818018,0.9709131188,138.2030816,6.504357815,297.8826904,0,121.7686462,0.02524240129,9.999999747e-05,97211.65625,15.73116779,3.510304641
188.8000031,188.2306442,80.41689263,24.45094994,65.17335595,0.9490680023,138.2030816,6.504170418,297.9595947,0,120.5483551,0.007572720293,65.38379669,97245.91406,15.55242252,3.519266984
189,189.3568983,79.91997356,25.00774232,65.21789528,0.9717583277,143.0809797,6.502156258,297.885437,0,119.3972626,22.6406002,6.538379192,97280.60938,15.74350166,3.458210594
189.1999969,182.9517119,82.14542816,23.68576318,65.34226731,0.9513523069,138.2030816,6.501136303,298.0029297,0,119.0608368,6.792180538,87.02513123,97315.99219,15.57665157,3.486828809
189.3999939,188.5339997,80.16944247,25.09492368,65.16362975,0.9744693795,144.0221846,6.499873161,297.9146423,0,119.1231689,43.59251022,8.702513695,97351.17188,15.76415443,3.484476624
189.6000061,182.2368552,82.19548384,23.76890605,65.33245623,0.9487671743,138.2030816,6.500077248,298.0915222,0,119.6948166,13.07775307,116.5281067,97386.92969,15.5547266,3.511775813
189.8000031,181.4372533,82.27348203,24.29523738,65.20119086,0.9717431975,138.2030816,6.500610352,297.989502,0,120.1791687,71.55841064,11.6528101,97423.09375,15.73479557,3.558643235
190,184.0578606,82.23888402,23.76959209,65.16068807,0.9521426939,138.2030816,6.502283573,297.8946533,0,120.4538879,38.47162628,1.165281057,97458.77344,15.58022022,3.561265746
190.1999969,183.3093028,81.90926205,23.82694449,65.2777834,0.9505241802,138.2030816,6.503407955,297.9559631,0,120.0566864,11.54148769,62.49248505,97494.42188,15.56951618,3.51696171
190.3999939,181.8066864,83.00529463,23.71786191,65.21207426,0.9510125459,138.2030816,6.503929615,297.8797607,0,119.2151108,29.45506477,6.249248505,97530.47656,15.5654726,3.54203292
190.6000061,184.2805877,82.00531295,23.80145875,65.11857989,0.9442226935,138.2030816,6.503204823,298.0054016,0,118.1651535,8.836519241,91.70040131,97565.42969,15.51153851,3.42988785
190.8000031,181.985465,82.06888396,24.32740723,65.18781998,0.9713432777,138.2030816,6.500964642,297.9132996,0,117.4072876,48.24455643,9.170040131,97600.71094,15.72796345,3.398681477
191,186.253786,80.817113,24.12788409,65.49283643,0.9511964081,138.2030816,6.500051498,298.1045532,0,117.5464783,14.47336769,124.621933,97634.75781,15.57662678,3.351091929
191.1999969,179.9450955,82.94714764,23.39148909,65.19513323,0.9336391056,138.2030816,6.500532627,297.9975891,0,118.0416336,77.89112091,12.46219349,97670.70312,15.42389488,3.448747515
191.3999939,185.1266826,80.53136016,24.37304168,65.1975897,0.9616501736,138.2030816,6.501195431,297.8959351,0,118.3440704,43.48311996,1.246219277,97705.17969,15.65582752,3.412555351
191.6000061,188.3715522,80.633492,24.11219383,65.34429362,0.9470848445,138.2030816,6.502521992,297.9672546,0,118.3852234,13.04493523,68.06723785,97739,15.54019737,3.419222119
191.8000031,180.9185468,82.84138262,23.39636876,65.28981178,0.9380706198,138.2030816,6.502636909,297.8856506,0,117.8942719,34.51609802,6.806723595,97774.64062,15.4619112,3.412657133
192,183.4043682,82.60311011,23.7658734,65.26926021,0.9471877722,138.2030816,6.50056982,298.0262451,0,117.3633881,10.35482979,99.70954132,97809.49219,15.53324699,3.312212302
192.1999969,187.545115,81.06053088,23.86305114,65.40371338,0.9362095172,138.2030816,6.499761105,297.9296875,0,117.662529,55.1880188,9.970953941,97843.14844,15.45131207,3.274540857
192.3999939,183.8152904,82.41231771,23.82671124,65.1730236,0.9419832144,138.2030816,6.499168873,298.137146,0,118.2741852,16.55640602,133.3711853,97878.04688,15.48847294,3.331635351
192.6000061,181.5507172,82.144543,23.90739045,65.26713161,0.9701484972,138.2030816,6.499958992,298.0228271,0,119.1259613,86.21772766,13.33711815,97913.5625,15.72622108,3.367747878
192.8000031,182.9665924,82.8082915,23.68784767,65.28283238,0.9575081507,138.2030816,6.50156641,297.9172668,0,119.6579666,50.36494064,1.333711863,97949.125,15.62005901,3.42381184
193,184.0031089,81.56432508,24.44169353,65.31430255,0.9752391364,138.2030816,6.504322529,297.993927,0,119.5486755,15.10948277,69.99764252,97984.36719,15.76178169,3.485864705
193.1999969,180.1214457,83.30867382,23.63113385,65.28402657,0.9489014991,138.2030816,6.506846428,297.9157104,0,118.3358002,39.24036407,6.999764442,98020.52344,15.54116535,3.517371287
193.3999939,182.4820529,82.14188121,23.69821442,65.30512142,0.9423767373,138.2030816,6.508531094,298.0570068,0,116.1177826,11.77210903,98.72517395,98055.39062,15.49051476,3.445327353
193.6000061,185.1496333,80.90728813,24.17082425,65.35169896,0.9376548167,138.2030816,6.507902145,297.9632874,0,113.2279053,57.94909286,9.872517586,98088.75781,15.44671154,3.335019855
193.8000031,184.961904,80.93405052,24.26242211,65.23520767,0.9680910438,138.2030816,6.504776955,297.8745422,0,110.594429,26.6978054,0.9872517586,98121.57812,15.69386101,3.251903738
194,184.4995254,82.66795305,23.70794023,65.17610784,0.9493031976,138.2030816,6.500693798,297.9204407,0,109.2117996,8.00934124,54.99739838,98154.54688,15.53255272,3.252423199
194.1999969,185.9347888,80.95554024,24.08980693,65.35573134,0.9426164666,138.2030816,6.497838974,297.8517456,0,109.457756,2.402802467,9.999999747e-05,98186.9375,15.48291779,3.2349051
194.3999939,184.482581,82.11435316,23.53931822,65.17786255,0.9374763597,138.2030816,6.494110107,297.9239197,0,110.8384933,0.7208407521,64.15248108,98220.00781,15.44409943,3.150379566
194.6000061,181.8273751,83.62231027,23.32504835,65.23557514,0.940873848,138.2030816,6.491578102,297.8568726,0,113.7174759,0.2162522227,9.999999747e-05,98254.60156,15.47174358,3.21051526
194.8000031,186.3659121,80.71157735,24.50854596,65.00090733,0.9653309748,138.2030816,6.49200058,297.9357605,0,117.6026001,0.06487566978,66.99809265,98288.58594,15.67443752,3.23756633
195,186.1652,80.81976067,24.2002589,65.32669115,0.9474981695,138.2030816,6.494303226,297.868866,0,121.3128052,0.01946269907,9.999999747e-05,98323.36719,15.54168415,3.238908367
195.1999969,184.6373945,80.75847735,24.56290085,65.18102767,0.972043596,138.2030816,6.497524738,297.9454346,0,124.1053391,0.005838810001,66.03208923,98359.09375,15.74280071,3.267416918
195.3999939,181.8392066,82.97820205,23.4276132,65.38139804,0.9515646173,138.2030816,6.500936508,297.8784485,0,125.6121902,0.001751643023,9.999999747e-05,98396.08594,15.58418655,3.267642478
195.6000061,186.678165,80.55941892,24.67416468,65.00452743,0.9665264574,138.2030816,6.503688335,297.9495239,0,125.7567215,0.0005254928838,63.56135941,98431.63281,15.69583225,3.216608
195.8000031,183.5476561,81.50699906,24.22888258,65.25363114,0.972980738,138.2030816,6.504957676,297.8825684,0,124.8033142,0.000157647868,9.999999747e-05,98467.71875,15.75489902,3.165400535
196,183.9682092,81.51587185,24.00907109,65.18427592,0.9446960898,138.2030816,6.50682354,297.9487,0,123.3449326,9.999999747e-05,61.33713913,98503.4375,15.5173502,3.195947963
196.1999969,184.5178573,81.34491207,24.381689,65.05299783,0.9692460601,138.2030816,6.507095814,297.8817749,0,121.1333771,9.999999747e-05,9.999999747e-05,98538.5625,15.71033859,3.17776966
196.3999939,188.8578204,79.42732514,24.90298906,65.31430885,0.9684369608,138.9018049,6.50592041,297.9455566,0,118.8201141,9.999999747e-05,60.25094223,98571.96094,15.70816708,3.07864696
196.6000061,181.9785206,83.1092003,23.36015093,65.31824033,0.9498196149,138.2030816,6.505369186,297.8786011,0,116.9766464,9.999999747e-05,9.999999747e-05,98607.05469,15.55125332,3.191456432
196.8000031,184.4255902,81.0715133,24.78019149,65.02698935,0.9673600734,141.3909141,6.504351139,297.9423218,0,115.3469238,9.999999747e-05,60.31476212,98641.6875,15.68140602,3.215590748
197,186.9740895,81.20944449,24.02543944,65.42281519,0.9472729366,138.2030816,6.5036726,297.8754578,0,114.1280518,9.999999747e-05,9.999999747e-05,98674.8125,15.52507305,3.178290516
197.1999969,183.8871392,81.83966243,23.91317441,65.04768583,0.9439223895,138.2030816,6.501567364,297.9404602,0,113.1780701,9.999999747e-05,60.8997879,98708.4375,15.48776627,3.1315505
197.3999939,183.1226944,83.17640567,23.43979021,65.14231243,0.9401131173,138.2030816,6.500479221,297.8739929,0,113.0759125,9.999999747e-05,9.999999747e-05,98742.5625,15.45544243,3.207952953
197.6000061,183.3665556,82.26243092,23.54042112,65.2795684,0.9412869674,138.2030816,6.499051571,297.9399719,0,113.4010391,9.999999747e-05,61.38320923,98776.40625,15.4733696,3.128512011
197.8000031,183.08378,82.90878103,23.20942457,65.22798521,0.9358269035,138.2030816,6.497191906,297.8730774,0,114.3015594,9.999999747e-05,9.999999747e-05,98810.54688,15.43111038,3.078249109
198,183.0675263,82.48822585,23.89848436,65.16346407,0.9484162107,138.2030816,6.494321346,297.940155,0,115.9464111,9.999999747e-05,61.93181992,98844.92969,15.52871609,3.026802858
198.1999969,182.1313627,82.99560671,23.3028964,65.25687945,0.9409788621,138.2030816,6.491901875,297.8733215,0,118.7413788,9.999999747e-05,9.999999747e-05,98880.03906,15.48212242,2.957958993
198.3999939,183.3998791,82.54332025,23.78583202,65.21962459,0.947896767,138.2030816,6.491036892,297.9407959,0,122.4994125,9.999999747e-05,62.15568161,98915.64844,15.53850174,2.990160793
198.6000061,188.0787209,79.36612167,25.24514764,65.12995717,0.9711648606,143.5719073,6.490179062,297.8740234,0,126.5997849,9.999999747e-05,9.999999747e-05,98951.54688,15.74148083,2.897053052
198.8000031,185.4631897,80.73331765,24.41445193,65.44501763,0.9509728177,138.2030816,6.489490032,297.9413757,0,131.0482483,9.999999747e-05,62.10501862,98987.91406,15.58456326,2.828400438
199,187.1814603,80.62186362,24.30425357,65.33886704,0.9425344152,138.2030816,6.491113663,297.8746643,0,135.7718048,9.999999747e-05,9.999999747e-05,99024.86719,15.52213383,2.852385817
199.1999969,183.7260545,81.55203508,24.04690177,65.26979045,0.946511069,138.2030816,6.49420166,297.9415283,0,139.8387756,9.999999747e-05,61.92414093,99063.57031,15.5597477,2.892115911
199.3999939,182.4769055,82.41074786,23.7315434,65.35405386,0.9529732416,138.2030816,6.497498035,297.8747559,0,142.673111,9.999999747e-05,9.999999747e-05,99103.24219,15.62057495,2.886348764
199.6000061,185.4160492,81.23645028,24.12788245,65.22442835,0.9520927971,138.2030816,6.502446651,297.9412231,0,144.1928864,9.999999747e-05,61.79311371,99142.42969,15.61196136,2.920696978
199.8000031,183.7438979,81.37884598,24.57783464,65.26593292,0.9780920138,138.2030816,6.506838799,297.8745117,0,143.7284546,9.999999747e-05,9.999999747e-05,99181.97656,15.81820679,2.961169775
200,182.3430763,81.6836299,24.19542771,65.41853329,0.9582519469,138.2030816,6.513187408,297.9407349,0,141.5144653,9.999999747e-05,61.73645782,99221.51562,15.65357304,3.0648776
200.1999969,186.4014086,79.83352702,24.99750266,65.4122874,0.9753797268,138.2030816,6.518345356,297.874054,0,136.7526855,9.999999747e-05,9.999999747e-05,99258.92188,15.7837038,3.066372128
200.3999939,183.2338594,81.96887665,23.92413637,65.40593882,0.9597790189,138.2030816,6.521017075,297.9402161,0,129.9380493,9.999999747e-05,61.74778748,99295.96875,15.64718723,3.073179363
200.6000061,184.5659285,81.67446094,24.54068419,65.03834615,0.9741419625,138.522427,6.521095753,297.8735046,0,122.0589218,9.999999747e-05,9.999999747e-05,99331.25781,15.73600578,3.118679364
200.8000031,183.5072976,81.1667962,24.48214534,65.2646902,0.9749083496,138.2030816,6.519186497,297.9398499,0,114.1490021,9.999999747e-05,61.86260223,99364.99219,15.73525333,3.115001724
201,182.9113947,83.2719663,23.62751154,65.08609247,0.9506072861,138.2030816,6.514196873,297.874176,0,107.0008392,9.999999747e-05,9.999999747e-05,99397.77344,15.51838779,3.104899099
201.1999969,187.1202223,80.79552831,24.10863471,65.36097122,0.9419160405,138.2030816,6.509234428,297.941864,0,101.8522491,9.999999747e-05,61.46308899,99428.15625,15.44699574,3.091980532
201.3999939,188.2213984,80.85669254,24.0561767,65.15277503,0.9276346404,138.2030816,6.50328064,297.8777466,0,98.67869568,9.999999747e-05,9.999999747e-05,99457.67969,15.31828403,3.07348029
201.6000061,186.4305414,80.81582485,24.36236741,64.97836071,0.9606813699,138.2030816,6.496305466,297.9430542,0,97.89011383,9.999999747e-05,60.60272598,99487.40625,15.58578873,3.025575726
201.8000031,182.6497117,81.98012921,23.92399274,65.1682203,0.9680561563,138.2030816,6.49115324,297.8791809,0,99.89175415,9.999999747e-05,9.999999747e-05,99518.64844,15.65349674,3.086839674
202,183.0278557,82.72804434,23.38927604,65.21492499,0.9442854275,138.2030816,6.488000393,297.9423828,0,103.9450912,9.999999747e-05,59.65239334,99550.78906,15.4678793,3.086807304
202.1999969,181.4091407,83.31886159,23.09704344,65.24506978,0.9347491624,138.2030816,6.486533642,297.8757629,0,109.2587814,9.999999747e-05,9.999999747e-05,99584.44531,15.40008354,3.062941317
202.3999939,182.7905305,82.33243148,23.54054712,65.20522746,0.9363318756,138.2030816,6.487561226,297.9391174,0,115.1600266,9.999999747e-05,60.62270737,99618.88281,15.42085171,3.063604974
202.6000061,184.5094668,81.30229141,24.1867724,65.11999867,0.9655945352,138.2030816,6.490615845,297.872467,0,120.647522,9.999999747e-05,9.999999747e-05,99653.9375,15.66797066,3.071753637
202.8000031,185.4165244,81.35408282,24.64886756,65.0140777,0.9729600604,140.4786921,6.493963718,297.9372864,0,124.9145279,9.999999747e-05,61.34037399,99690.20312,15.73086166,3.062535986
203,182.203825,83.22262628,23.58271573,65.32537944,0.9564022374,138.2030816,6.49657917,297.8706055,0,127.8478851,9.999999747e-05,9.999999747e-05,99727.44531,15.60851479,2.980987353
203.1999969,186.5467743,80.69751322,24.6695673,64.99026357,0.9667610004,138.3460797,6.500171185,297.9370422,0,129.738327,9.999999747e-05,62.08753204,99763.73438,15.68801308,2.965489781
203.3999939,184.4658555,81.94881173,24.00731446,64.93567155,0.9418589142,138.2030816,6.503945351,297.8704224,0,130.1864777,9.999999747e-05,9.999999747e-05,99800.71875,15.48278522,2.975465029
203.6000061,186.2283033,80.54807623,24.41955385,65.34783283,0.9468752646,138.2030816,6.507415771,297.9376831,0,129.1275177,9.999999747e-05,62.5087471,99836.79688,15.53061771,2.944651728
203.8000031,185.189765,82.48565526,23.90125975,64.97816842,0.9464781525,138.2030816,6.509009838,297.8710632,0,126.6819839,9.999999747e-05,9.999999747e-05,99872.94531,15.51337528,2.951701612
204,184.1665174,82.37071949,23.89903898,65.25139936,0.9531951005,138.2030816,6.510421276,297.9383545,0,123.6039429,9.999999747e-05,62.58833694,99908.67188,15.56770802,2.98503648
204.1999969,181.7858237,82.88923963,23.46068559,65.35388298,0.9473012952,138.2030816,6.510593414,297.8717041,0,119.9559097,9.999999747e-05,9.999999747e-05,99944.17188,15.51786804,2.96821097
204.3999939,183.7092005,81.20684767,24.6280843,65.19587888,0.9689681161,138.3614846,6.50885725,297.9386902,0,116.2425232,9.999999747e-05,62.467556,99978.25,15.67801476,2.947676764
204.6000061,181.6788488,82.98474916,23.37968651,65.30048931,0.9473302781,138.2030816,6.507086277,297.8720398,0,113.2258301,9.999999747e-05,9.999999747e-05,100012.3828,15.50407219,2.966260488
204.8000031,183.3316756,82.40664181,23.61152617,65.24951742,0.9450538475,138.2030816,6.502755165,297.9385986,0,110.9115143,9.999999747e-05,62.32181549,100045.4297,15.48160362,2.847046543
205,190.8647471,79.31618458,25.03790446,65.04898862,0.9638453082,143.6811291,6.497948647,297.8720398,0,110.3380432,9.999999747e-05,9.999999747e-05,100077.3047,15.63647079,2.784398258
205.1999969,184.1701455,82.35427217,23.76790483,65.081964,0.9464842772,138.2030816,6.493858337,297.9382935,0,111.6805649,9.999999747e-05,62.19847488,100110.2891,15.48859596,2.821473292
205.3999939,188.1926555,79.77342201,24.84072402,65.36323394,0.9693645097,138.2030816,6.490804672,297.8718262,0,114.6552353,9.999999747e-05,9.999999747e-05,100142.5312,15.68502522,2.777727939
205.6000061,187.6567336,79.98476237,25.01282768,65.35699666,0.9736909332,141.9313659,6.488424301,297.9378662,0,118.8503265,9.999999747e-05,62.13020706,100176.5469,15.73106766,2.765092738
205.8000031,183.5056,82.28139707,23.85302884,64.99118836,0.9463204597,138.2030816,6.488864899,297.8713074,0,123.9985962,9.999999747e-05,9.999999747e-05,100212.1875,15.50455475,2.827683437
206,185.3205144,80.78698438,24.4280265,65.19603953,0.9668887782,138.2030816,6.490977287,297.9374695,0,128.9635468,9.999999747e-05,62.20571899,100248.1641,15.68719864,2.809464343
206.1999969,182.2646884,82.63163733,23.60495854,65.30343514,0.951882935,138.2030816,6.495460033,297.8709412,0,133.0870819,9.999999747e-05,9.999999747e-05,100286.0391,15.57289982,2.881344569
206.3999939,183.8677953,80.93974888,24.56819651,65.28071833,0.9736198336,138.2030816,6.500006676,297.9372253,0,135.4151001,9.999999747e-05,62.31639481,100323.75,15.75088978,2.859370397
206.6000061,181.7953496,82.46971527,23.82194535,65.39276506,0.9598434649,138.2030816,6.503744602,297.870697,0,135.9318237,9.999999747e-05,9.999999747e-05,100362.2266,15.64327431,2.83201988
206.8000031,184.265397,81.66344432,24.03339437,65.30275982,0.9545313199,138.2030816,6.50565815,297.9370728,0,134.9563141,9.999999747e-05,62.38591385,100399.7109,15.59810162,2.74641651
207,181.3579963,82.40991527,23.79532215,65.35878072,0.9505850411,138.2030816,6.507532597,297.870575,0,133.218811,9.999999747e-05,9.999999747e-05,100437.6406,15.56098175,2.783635571
207.1999969,183.1201526,81.76275958,24.06688319,65.32013318,0.9555428231,138.2030816,6.50891304,297.9368896,0,130.7256775,9.999999747e-05,62.41995239,100474.5781,15.59524632,2.789676184
207.3999939,182.3046804,82.5259426,23.65017016,65.33750839,0.9511249282,138.2030816,6.509521008,297.8704224,0,127.6819305,9.999999747e-05,9.999999747e-05,100511.2031,15.55523396,2.797983699
207.6000061,185.4139057,81.32501707,24.23757429,64.94758145,0.9426253338,138.2030816,6.510332584,297.9367371,0,124.3958664,9.999999747e-05,62.44272232,100546.3906,15.46569252,2.846854452
207.8000031,182.7236796,82.7893041,23.49623155,65.29375702,0.9458678845,138.2030816,6.508399963,297.8702393,0,120.7821121,9.999999747e-05,9.999999747e-05,100581.5391,15.49849415,2.774604589
208,187.3359679,80.46393848,24.55936802,65.1788583,0.943974302,138.2030816,6.506848335,297.936554,0,117.9510117,9.999999747e-05,62.4672966,100614.8125,15.46768761,2.805106361
208.1999969,182.2723439,82.87128512,23.41876267,65.25089802,0.9429659962,138.2030816,6.505223751,297.8700867,0,115.7305298,9.999999747e-05,9.999999747e-05,100649.1641,15.46142483,2.850719029
208.3999939,183.4977872,81.90631238,23.79495898,65.21046235,0.9403628117,138.2030816,6.503449917,297.9363403,0,114.1613541,9.999999747e-05,62.50480652,100682.7812,15.43445778,2.844599
208.6000061,182.320259,83.00769453,23.32847178,65.23012555,0.9409395352,138.2030816,6.501594543,297.869873,0,113.3020935,9.999999747e-05,9.999999747e-05,100716.6875,15.43893242,2.860225136
208.8000031,182.7947914,82.12236711,23.81309872,65.2245788,0.9469877242,138.2030816,6.500296593,297.9360962,0,113.1847687,9.999999747e-05,62.53219223,100750.3828,15.48446274,2.878915742
209,183.3164205,81.76646543,24.14418568,65.22779193,0.9696448733,138.2030816,6.499603271,297.8696899,0,113.584404,9.999999747e-05,9.999999747e-05,100784.0547,15.66934586,2.905879743
209.1999969,187.1248525,81.10182961,24.37339783,65.37030024,0.9540928615,138.2030816,6.498316765,297.9359131,0,114.2612762,9.999999747e-05,62.54900742,100816.8906,15.54385853,2.841642887
209.3999939,182.7991655,82.96340484,23.38273333,65.22793215,0.9425097973,138.2030816,6.497941494,297.8694763,0,115.4566193,9.999999747e-05,9.999999747e-05,100851.2188,15.4525938,2.864074369
209.6000061,184.2995111,82.12142724,23.86185328,65.07368924,0.9444115452,138.2030816,6.498378754,297.9356995,0,116.7970581,9.999999747e-05,62.60005951,100885.4062,15.46362686,2.875933534
209.8000031,182.9340205,81.48412594,24.2616576,65.18225924,0.9658322261,138.2030816,6.499582291,297.8692932,0,117.9630127,9.999999747e-05,9.999999747e-05,100920.0469,15.64204597,2.892279892
210,185.5363845,81.0765336,24.57264471,65.03172724,0.9692009342,138.2030816,6.501449108,297.9355164,0,118.6475372,9.999999747e-05,62.61229706,100954.2812,15.66450882,2.917854573
210.1999969,184.1141739,82.43036727,23.74248701,64.98243044,0.9445960812,138.2030816,6.50371027,297.8690796,0,118.5855789,9.999999747e-05,9.999999747e-05,100989.0391,15.46336079,2.933561139
210.3999939,184.6011842,81.4192332,24.49673773,65.20531984,0.9718625247,138.2030816,6.505616665,297.9355164,0,117.6200562,9.999999747e-05,62.65858459,101023.375,15.6851368,2.945450351
210.6000061,181.227052,82.87611528,23.56079015,65.30666253,0.947314691,138.2030816,6.507936478,297.870636,0,115.8944244,9.999999747e-05,9.999999747e-05,101058.3594,15.48430157,2.98834742
210.8000031,182.7823415,82.11600962,23.81576663,65.24077724,0.9443326496,138.2030816,6.509532452,297.9373779,0,113.2382355,9.999999747e-05,61.93368149,101092.3359,15.45300865,2.981472646
211,182.3115148,82.65100523,23.51114323,65.18693442,0.9368271751,138.2030816,6.509791374,297.8735962,0,109.9474182,9.999999747e-05,9.999999747e-05,101125.8203,15.38475132,2.970958625
211.1999969,182.8260837,82.2884413,23.70407096,65.2325617,0.9411435315,138.2030816,6.508164883,297.9386292,0,106.5551453,9.999999747e-05,61.09610367,101158.375,15.41493893,2.924855738
211.3999939,182.5261073,81.43445764,24.32922882,65.09900216,0.9694491721,138.2030816,6.504974365,297.8746643,0,103.8153763,9.999999747e-05,9.999999747e-05,101190.2656,15.63816261,2.889547907
211.6000061,188.8231523,79.50220523,25.09526521,65.14760314,0.9674332039,143.7383402,6.502223015,297.9380493,0,102.3509216,9.999999747e-05,60.52030945,101221.3594,15.62718296,2.894224871
211.8000031,181.4335265,83.65940743,23.34527983,65.23794957,0.9473869328,138.2030816,6.498298168,297.8740845,0,101.9805298,9.999999747e-05,9.999999747e-05,101253.4844,15.45600128,2.880751157
212,184.9748359,81.0835301,24.34502564,65.0879064,0.964770278,138.2030816,6.494523525,297.9353943,0,103.185318,9.999999747e-05,60.21281815,101284.5469,15.60009289,2.797215059
212.1999969,181.1348005,83.69903113,23.33465502,65.25853697,0.94684844,138.2030816,6.490381241,297.8690491,0,105.8956375,9.999999747e-05,9.999999747e-05,101317.3594,15.46158218,2.750930559
212.3999939,187.1845813,80.91234852,24.16358026,65.35396448,0.9440299641,138.2030816,6.489589691,297.9323425,0,110.26474,9.999999747e-05,61.4313736,101349.3125,15.44769382,2.765672361
212.6000061,187.6959297,79.16851286,25.20536612,65.26036505,0.9666110595,142.2172438,6.489972115,297.8660583,0,114.9381104,9.999999747e-05,9.999999747e-05,101382.625,15.64200592,2.743278917
212.8000031,182.84636,82.54972223,23.83051574,65.28254479,0.9538501504,138.2030816,6.491637707,297.931488,0,119.4654617,9.999999747e-05,62.49230957,101417.6797,15.53996944,2.779018144
213,182.9907753,81.7579612,24.20879165,65.2560919,0.9709195326,138.2030816,6.49548912,297.8652344,0,123.3260651,9.999999747e-05,9.999999747e-05,101453.4062,15.68516445,2.816117914
213.1999969,184.7792572,81.95001074,24.07049374,65.06981127,0.9531238501,138.2030816,6.499902248,297.9320679,0,125.6431274,9.999999747e-05,63.19540024,101489.25,15.53829098,2.808500969
213.3999939,185.112309,80.83637597,24.66172308,64.92386359,0.9625761324,139.2246467,6.505045414,297.8658142,0,126.1999969,9.999999747e-05,9.999999747e-05,101525.1875,15.61184311,2.833641413
213.6000061,185.1476963,81.71479946,24.34002807,64.99061937,0.9493846258,138.2030816,6.509698868,297.9330444,0,124.6990509,9.999999747e-05,63.42627335,101560.7891,15.49693108,2.857939683
213.8000031,183.5524877,82.31685393,23.84880291,65.044313,0.9455497647,138.2030816,6.511186123,297.8667908,0,121.3407745,9.999999747e-05,9.999999747e-05,101595.9531,15.46743584,2.752389591
214,183.5460043,82.37023833,23.9050514,65.25879078,0.9521751528,138.2030816,6.511100292,297.9337463,0,117.3964005,9.999999747e-05,63.33281326,101630.3125,15.51736069,2.743718708
214.1999969,182.7630007,81.66061621,24.26880201,65.21443813,0.9674554813,138.2030816,6.510036469,297.8675232,0,113.4812622,9.999999747e-05,9.999999747e-05,101663.9141,15.63319683,2.751149531
214.3999939,186.1864748,80.3738253,24.56422998,65.33144781,0.9498770744,138.2030816,6.509169579,297.9339905,0,109.9898453,9.999999747e-05,63.10713577,101695.8906,15.4825201,2.774762751
214.6000061,182.9061625,82.06002183,24.24193408,65.17226618,0.9711512835,138.2030816,6.507791519,297.8706055,0,106.8414078,9.999999747e-05,9.999999747e-05,101728.3672,15.64382839,2.860282728
214.8000031,182.4823234,82.23364615,23.81797403,65.22547442,0.9468502003,138.2030816,6.506633282,297.9377136,0,104.2466354,9.999999747e-05,61.5086937,101760.4609,15.44178295,2.886739047
215,183.094869,82.86303778,23.53055361,64.982652,0.9361797615,138.2030816,6.504954338,297.8764343,0,102.1126099,9.999999747e-05,9.999999747e-05,101792.1406,15.34400654,2.899387003
215.1999969,184.3736758,81.4345619,24.50026468,65.11366417,0.9696046706,138.8279761,6.501541138,297.9395752,0,100.6527328,9.999999747e-05,59.88112259,101823.0859,15.61756134,2.827787827
215.3999939,181.1952902,83.36947773,23.29114659,65.26178981,0.9446823699,138.2030816,6.497952461,297.8759155,0,100.5621185,9.999999747e-05,9.999999747e-05,101854.8125,15.42096519,2.792400444
215.6000061,184.9228825,81.1800426,24.30852626,65.12132059,0.9661257332,138.2030816,6.494443893,297.9360046,0,101.9019547,9.999999747e-05,59.69573212,101885.5859,15.59653282,2.72558139
215.8000031,183.1662289,82.97090343,23.71016795,64.92313462,0.9398604002,138.2030816,6.492183685,297.8711548,0,104.6443787,9.999999747e-05,9.999999747e-05,101917.6953,15.37585068,2.765599064
216,184.0437233,82.25244074,23.65250054,65.18944102,0.9412625368,138.2030816,6.492846966,297.9329529,0,108.2870331,9.999999747e-05,60.24471664,101950.2734,15.40291309,2.800437487
216.1999969,182.4228925,82.7223956,23.54681508,65.13483157,0.9420469626,138.2030816,6.495186806,297.8687439,0,111.6588135,9.999999747e-05,9.999999747e-05,101984.0391,15.4115324,2.835685635
216.3999939,184.0716187,82.3728361,23.86513902,65.17199066,0.9487601516,138.2030816,6.499294758,297.9334717,0,114.0984802,9.999999747e-05,60.96459198,102018.0234,15.46674061,2.890373842
216.6000061,183.4141708,81.974109,24.27966572,65.16646105,0.9721890987,138.2030816,6.50388813,297.8713684,0,114.8946381,9.999999747e-05,9.999999747e-05,102052.3125,15.65752697,2.917604548
216.8000031,186.9142272,80.58472703,24.4058205,65.38605179,0.9518535853,138.2030816,6.50760746,297.9341736,0,113.8575287,9.999999747e-05,60.54795837,102085.25,15.49783897,2.836059536
217,182.2429085,83.04997495,23.63829988,65.19636597,0.9483351208,138.2030816,6.509773731,297.8713684,0,111.3370438,9.999999747e-05,9.999999747e-05,102119.1562,15.45641136,2.865952382
217.1999969,184.2596061,82.09378358,23.7937647,65.20687916,0.9462104204,138.2030816,6.511065483,297.9351807,0,107.9523239,9.999999747e-05,60.27107239,102151.7422,15.43568897,2.849621348
217.3999939,181.7620765,82.61470956,23.63730523,65.16883726,0.9446868057,138.2030816,6.510096073,297.8728333,0,104.048912,9.999999747e-05,9.999999747e-05,102184.0938,15.41448689,2.814940643
217.6000061,183.523178,80.79386644,24.63410265,65.09127488,0.9661424161,138.2030816,6.508115768,297.9373779,0,100.5378189,9.999999747e-05,60.09020996,102215.0547,15.57847023,2.812769148
217.8000031,183.0440029,83.10308242,23.48907542,65.03055941,0.9434323901,138.2030816,6.505300522,297.8770752,0,97.814888,9.999999747e-05,9.999999747e-05,102246,15.38657188,2.834078763
218,184.7206323,82.45147098,23.89861266,64.97115334,0.9429084283,138.2030816,6.502859116,297.9415894,0,96.21748352,9.999999747e-05,58.80455017,102276.25,15.37194443,2.878005745
218.1999969,187.8115204,79.27674095,25.19258573,65.20523036,0.9663035425,142.9975673,6.501971245,297.8838196,0,95.59290314,9.999999747e-05,9.999999747e-05,102306.2109,15.57534885,2.911547554
218.3999939,184.4763838,81.48721837,24.24982813,65.14980982,0.9682764417,138.2030816,6.50109148,297.9463501,0,95.31958008,9.999999747e-05,56.67926407,102336.2812,15.58232975,2.941891961
218.6000061,182.1815373,83.52512153,23.38650816,65.13859404,0.9451589024,138.2030816,6.500939846,297.8922729,0,95.40300751,9.999999747e-05,9.999999747e-05,102367.3359,15.38673401,3.00500302
218.8000031,184.570223,81.59762401,24.38826823,65.11457175,0.969342213,138.2030816,6.501850605,297.9510193,0,95.5446701,9.999999747e-05,53.39329529,102397.6797,15.58242989,3.033973792
219,183.2464373,81.79542712,24.15864808,65.10405405,0.9651849698,138.2030816,6.502785206,297.900177,0,95.32102203,16.63829803,5.33932972,102428.2734,15.54917431,3.02355533
219.1999969,183.0568332,82.64852186,23.76044884,65.16737065,0.9452387212,138.2030816,6.502426147,297.9813538,0,94.72686005,4.99148941,66.55171204,102458.8438,15.38471222,2.963286006
219.3999939,182.9431084,81.84622137,24.10042866,65.10345877,0.9639372413,138.2030816,6.502541065,297.9243164,0,94.28058624,29.64050484,6.655170918,102489.2344,15.53736305,2.973528719
219.6000061,187.681353,81.08300724,24.33351341,65.30545117,0.9481939173,138.2030816,6.502211094,298.0349121,0,93.78260803,8.892151833,82.18276215,102518.3281,15.40982628,2.925337416
219.8000031,186.3560889,80.56515427,24.34291455,65.24791795,0.9381382824,138.2030816,6.502128601,297.9700928,0,93.41960144,44.63721848,8.218276024,102547.4844,15.3263092,2.906614956
220,184.3038278,82.43861134,23.48505468,65.14461888,0.9387340092,138.2030816,6.501656532,297.9032593,0,93.08737946,22.75153351,0.8218276501,102577.3828,15.33054066,2.918069364
220.1999969,184.6588206,81.62554788,24.38737056,65.1176592,0.9689707255,138.2030816,6.501442909,297.9419556,0,92.94600677,6.825459957,45.93683624,102607.1719,15.56950855,2.959954185
220.3999939,190.0162707,79.12623852,25.18649003,65.07067643,0.960677395,144.7412091,6.501111031,297.8841858,0,92.88799286,2.047637939,9.999999747e-05,102636.5859,15.51600266,2.881072519
220.6000061,188.4321843,79.72740371,25.13897126,65.22599011,0.9677558737,145.7425048,6.500710487,297.9362183,0,92.96393585,0.6142914295,52.21447754,102666.7031,15.57593632,2.891589539
220.8000031,186.3799053,80.43760066,24.44605345,65.27471886,0.9431029561,138.2030816,6.500832081,297.8812256,0,93.20001984,0.1842874289,9.999999747e-05,102695.8281,15.36294937,2.883564367
221,182.9549472,82.57963411,23.84968854,65.11039391,0.9474393288,138.2030816,6.500038147,297.9372864,0,93.3855896,0.05528622866,53.44234085,102726.1094,15.39211369,2.878970175
221.1999969,187.0018298,80.93566206,24.17634716,65.31661785,0.938007753,138.2030816,6.500139236,297.8813782,0,93.89333344,0.01658586785,9.999999747e-05,102755.2734,15.32279205,2.847992822
221.3999939,184.607913,82.50228354,23.75812429,65.05777138,0.9427521397,138.2030816,6.499750614,297.9387207,0,94.35473633,0.004975760356,54.53207397,102785.3281,15.35476875,2.846179094
221.6000061,182.3097918,83.17740987,23.29677434,65.18020037,0.9387049362,138.2030816,6.500342369,297.8835144,0,94.97602081,0.00149272813,9.999999747e-05,102816.1484,15.32542229,2.877707012
221.8000031,185.5249631,81.05128698,24.37903714,65.08652586,0.9645791276,138.2030816,6.50086689,297.940094,0,95.35579681,0.0004478184565,54.19468689,102845.9453,15.5368433,2.834325069
222,182.703348,82.91050314,23.570846,65.04207308,0.9404483441,138.2030816,6.501317501,297.8843384,0,95.52925873,0.0001343455369,9.999999747e-05,102876.7188,15.33375645,2.849372
222.1999969,188.0738927,80.69586748,24.44108493,65.21399364,0.9421604329,138.2030816,6.503203392,297.9421997,0,95.52240753,9.999999747e-05,54.00617981,102906.0469,15.34765911,2.883996725
222.3999939,183.5469488,82.04555029,24.27860067,65.08034,0.9687673326,138.2030816,6.504797935,297.8900452,0,94.75622559,9.999999747e-05,9.999999747e-05,102936.5391,15.55677032,2.940858325
222.6000061,184.1674481,81.42430909,24.29816381,65.19115293,0.9679934522,138.2030816,6.507072926,297.9479065,0,93.35791016,9.999999747e-05,52.10359192,102966.5781,15.55115604,2.984474524
222.8000031,187.6469502,81.17648422,24.27722514,65.34641752,0.9472062192,138.2030816,6.508158207,297.8973999,0,91.04640198,9.999999747e-05,9.999999747e-05,102995.3359,15.37660027,2.959540072
223,187.489001,80.40875072,24.43840913,65.23725885,0.9445291232,138.2030816,6.508738518,297.9520264,0,88.30674744,9.999999747e-05,50.14170837,103023.4453,15.34791756,2.971156458
223.1999969,185.2309063,81.73712708,24.36848587,64.91690164,0.9648583322,138.2030816,6.507527828,297.9082947,0,85.33280945,15.38443089,5.014170647,103051.7891,15.49559784,3.002026678
223.3999939,183.204252,82.96953462,23.63954391,65.14888025,0.9473209569,138.2030816,6.504953861,297.9839783,0,82.84757996,4.615329266,60.51542282,103080.2344,15.35235977,2.98139573
223.6000061,182.2752955,83.25169716,23.22199642,65.1165174,0.9348279632,138.2030816,6.501811028,297.9353333,0,81.39054108,27.62072372,6.051542282,103108.5469,15.25008965,2.947392931
223.8000031,188.5900404,80.78869698,24.08135062,65.27075035,0.9369486766,138.2030816,6.500077724,298.037323,0,81.18822479,8.286216736,74.07367706,103135.0859,15.27084446,2.958451909
224,181.8672465,83.62341922,23.01990878,65.155303,0.9332054922,138.2030816,6.498048782,297.9874268,0,81.6728363,41.41398621,7.407367706,103163.6797,15.23471928,2.968872701
224.1999969,183.6240446,82.56766407,23.41781038,65.14400059,0.9354759531,138.2030816,6.496337891,297.9280701,0,82.97438812,24.82925415,0.7407367826,103191.9141,15.25821972,2.910798714
224.3999939,184.2495243,82.38031489,23.50282523,65.1274143,0.9349654039,138.2030816,6.496015549,297.9676819,0,84.95828247,7.448776245,44.54432297,103220.4297,15.2553463,2.920258493
224.6000061,184.0736112,82.94827695,23.37215725,64.98936303,0.9342068035,138.2030816,6.495790482,297.9165649,0,87.06774139,18.86920357,4.454432011,103249.4531,15.24973583,2.870900896
224.8000031,187.5610143,80.33340736,24.53112082,65.08647403,0.9407198968,138.2030816,6.49770689,297.9890137,0,89.27119446,5.660761356,60.79667664,103277.7734,15.30566311,2.883627772
225,189.4592994,79.12888686,25.2385305,65.04898129,0.9663284773,144.995103,6.500582218,297.9375,0,90.70149231,27.90733528,6.079667568,103307.2031,15.53033543,2.893376168
225.1999969,184.9561626,81.27429207,24.44720814,64.98781351,0.9653976464,138.2030816,6.503168106,298.0368042,0,90.98523712,8.372200012,73.97524261,103336.6719,15.50538254,2.913493974
225.3999939,187.8995207,80.92726368,24.15606025,65.34624655,0.9430556027,138.2030816,6.506162167,297.9858704,0,90.23868561,40.67242432,7.39752388,103365.2656,15.329072,2.917478607
225.6000061,184.5886553,81.02242853,24.43233209,65.07439845,0.9667042151,138.2030816,6.507409573,297.9278259,0,88.29231262,23.74458504,0.7397524118,103394.1875,15.5125885,2.899183049
225.8000031,183.2718903,82.23595286,23.80908558,65.13097753,0.9481245922,138.2030816,6.507287979,297.9644775,0,85.85390472,7.123375416,42.86930847,103423.0938,15.35395145,2.897533267
226,185.1147875,81.45903308,24.29712038,64.92671434,0.9639485821,138.2030816,6.505859375,297.9168396,0,83.4630661,17.49531364,4.286931038,103450.9688,15.47465706,2.875020098
226.1999969,188.9653273,79.44898606,25.01168253,65.24351751,0.9644329461,141.2141887,6.502743721,297.9802246,0,81.64352417,5.248594284,57.57471848,103477.6875,15.49314404,2.747096397
226.3999939,180.9601646,83.3195426,23.34743719,65.16464205,0.939486381,138.2030816,6.49838686,297.9258118,0,81.07170105,24.34763527,5.757471561,103505.9922,15.27769089,2.729356684
226.6000061,184.7658277,82.32515051,23.64374794,65.00107076,0.9359718279,138.2030816,6.495183945,298.0155945,0,82.2412262,7.304290295,71.35045624,103533.5234,15.24799156,2.716673102
226.8000031,181.8187957,83.84007348,23.25832157,65.09239692,0.938298851,138.2030816,6.493031979,297.9580688,0,84.68423462,35.91197586,7.135045528,103562.5078,15.26677132,2.745502409
227,183.6757998,82.3621915,23.57429323,65.13447657,0.9383282886,138.2030816,6.492925644,297.8969421,0,87.9882431,15.96892738,0.7135045528,103591.4609,15.27859783,2.72111625
227.1999969,185.8109328,81.33708291,24.47072634,65.02140403,0.9666927993,138.2030816,6.493616104,297.9227905,0,91.33140564,4.790678024,40.52576065,103620.4688,15.51132107,2.692072295
227.3999939,183.7695979,82.51276701,23.76104349,64.939303,0.943750807,138.2030816,6.496243,297.8674622,0,94.40231323,1.437203526,9.999999747e-05,103650.7891,15.32408524,2.73232396
227.6000061,187.7164496,80.36156476,24.51401186,65.20539776,0.9455174126,138.2030816,6.500130653,297.9169922,0,96.41873169,0.431161046,50.99545288,103680.25,15.34904194,2.704829248
227.8000031,182.8992638,82.74295566,23.54890747,65.18046533,0.9408834366,138.2030816,6.503602028,297.8617554,0,96.88217163,0.1293483078,9.999999747e-05,103711.2656,15.30898952,2.722845065
228,187.4443899,80.65635334,24.59459928,65.22477202,0.9493760705,138.2030816,6.507483006,297.9250183,0,95.9624176,0.03880449384,56.7324028,103740.8359,15.37156963,2.751968392
228.1999969,184.2446397,81.4703145,24.28879566,65.08938961,0.9636163738,138.2030816,6.509248257,297.870697,0,93.48757935,0.01164134778,9.999999747e-05,103770.6406,15.48415947,2.714226584
228.3999939,184.4840445,82.32005979,23.90244617,65.12777536,0.9488854555,138.2030816,6.509351254,297.9363708,0,90.31497192,0.003492404474,57.98075485,103799.8984,15.35482121,2.711750429
228.6000061,183.393618,82.8782814,23.45694073,65.12084872,0.9405599707,138.2030816,6.508162022,297.8831787,0,87.099823,0.001047721365,9.999999747e-05,103828.8047,15.28145409,2.708791505
228.8000031,188.4553554,80.79883581,24.43234838,65.20964548,0.9451957776,138.2030816,6.506019592,297.9449158,0,84.35923767,0.0003143163922,55.74523163,103855.6953,15.31288147,2.684226319
229,184.4208494,81.63899236,24.17403649,65.0568807,0.9643896592,138.2030816,6.503458023,297.8937683,0,82.47463989,9.999999747e-05,9.999999747e-05,103883.2891,15.46254063,2.726361203
229.1999969,184.4939738,81.34900979,24.36360156,65.08856091,0.9665013002,138.2030816,6.501283169,297.9513245,0,81.61305237,9.999999747e-05,52.02943802,103910.7344,15.47417927,2.766114679
229.3999939,188.58112,80.99076067,24.3285204,65.24774654,0.9442528496,138.2030816,6.49823761,297.9007874,0,81.61867523,16.25502014,5.202943802,103937.0859,15.29702568,2.6646182
229.6000061,184.4421343,82.28118759,23.77393992,65.0006417,0.9399944333,138.2030816,6.495272636,297.9790649,0,82.8466568,4.876506329,65.64442444,103964.7344,15.26050377,2.633167594
229.8000031,187.7827064,80.47975929,24.367298,65.17259814,0.9382734625,138.2030816,0,297.9190979,0,85.25748444,28.53641701,6.564442158,103991.7109,15.25768375,-100
