Time Step,Discharge rate,Sugar feed rate,Soil bean feed rate,Aeration rate,Back pressure,Water injection/dilution,pH,Temperature,Acid flow rate,Base flow rate,Cooling water,Heating water,Vessel Weight,Dissolved oxygen concentration,Yield Per Step
0,173.4318977,72.5048521,25.80202108,60.10915593,0.9284787823,138.1367319,6.636686802,297.8525085,0,0,9.999999747e-05,86.10135651,62007.49609,17.42819214,0.05734229261
0.200000003,174.9122164,78.57469054,25.29737439,60.20459202,0.9632507107,144.1055716,6.608122349,297.9269714,0,0,9.999999747e-05,29.4979763,62022.6875,17.69537354,-2.719016576e-05
0.400000006,166.5884196,78.90266923,25.56885135,61.15282885,0.9802570278,145.7373707,6.580914974,297.8956604,0.5235749483,0,9.999999747e-05,9.999999747e-05,62040.10156,17.81532288,-2.74286794e-05
0.6000000238,167.0552006,78.94008521,25.59610028,60.8512201,0.981962062,144.2148713,6.554805756,298.0461426,1.045580149,0,9.999999747e-05,48.87664032,62056.32422,17.82719231,-2.762884201e-05
0.8000000119,169.222631,79.07820718,25.33672864,59.36404042,0.971316023,140.6173121,6.529941082,297.9625244,1.567543864,0,48.23940659,4.887664318,62071.30859,17.70050621,-2.775105578e-05
1,164.6284313,79.07514824,25.45768001,59.77182719,0.9714991391,142.3426115,6.507307529,297.9110718,0,0,19.99349594,0.4887664318,62087.35156,17.68910789,-2.775093115e-05
1.200000048,167.1967986,78.45198004,25.51663826,60.39210392,0.9690372351,145.1185498,6.485652924,298.0007019,0,0,5.998048782,32.3171463,62103.29688,17.65371895,-2.783280754e-05
1.399999976,191.1548442,79.90725475,25.05638839,59.80898275,0.9566920634,142.9663676,6.468811512,297.9421387,0,6.257444859,33.97143936,3.231714725,62115.39844,17.5217247,-2.760583605e-05
1.600000024,179.8430961,78.3874236,25.42864485,61.28303858,0.9594435549,148.7307452,6.459575176,298.2223816,0,19.23874283,10.191432,85.51351166,62133.24219,17.52528572,-2.803056402e-05
1.799999952,186.0299505,79.0761753,25.32352315,60.02157466,0.9592155343,144.408822,6.46011591,298.0754089,0,35.90506363,105.1464386,8.551351547,62152.55469,17.50803947,-2.807893561e-05
2,178.0762132,78.70782301,25.2283822,59.81372096,0.9666905732,142.1181424,6.468453884,297.9717407,0,52.34745407,60.66905594,0.8551351428,62176.25,17.54413986,-2.786623316e-05
2.200000048,189.2513861,79.34518759,25.0728882,60.51942122,0.9568731632,145.709533,6.483006954,297.9196472,0,65.46035767,28.83541679,0.08551351726,62201.22266,17.44350624,-2.746399458e-05
2.400000095,164.6284313,77.61567632,26.4548536,59.64471448,0.9852218481,146.6573231,6.501834869,298.0300903,0,72.75659943,8.650625229,34.61961365,62232.77344,17.66441917,-2.774346807e-05
2.599999905,164.6284313,78.1708926,26.95990538,60.17091072,1.008994682,147.6368304,6.520516872,297.9745789,0,72.52737427,44.13596725,3.461961508,62264.73828,17.84802246,-2.768142084e-05
2.799999952,180.432828,78.89262059,26.04546207,61.92174268,0.9799061114,151.9871494,6.534041405,297.9400635,0,64.83963013,25.27983475,0.3461961448,62292.80469,17.58948135,-2.727139742e-05
3,169.4153442,78.58668302,26.3836452,60.44640072,0.9840446328,148.862669,6.538778305,298.0584412,0,51.75846481,7.58395052,33.73577499,62319.77344,17.5969696,-2.743384932e-05
3.200000048,164.6284313,78.79360712,25.79482433,60.05840674,0.9832705454,142.8038811,6.53371048,298.0101013,0,36.79487991,46.4364357,3.373577356,62345.43359,17.56933594,-2.754103458e-05
3.400000095,164.6284313,78.55450949,25.63905438,59.81135156,0.9775876958,142.3686716,6.519848347,297.9786072,0,23.86254883,31.05548477,0.3373577297,62368.27344,17.49629974,-2.747140937e-05
3.599999905,170.7316148,77.8615898,25.55047238,59.3071597,0.9635492105,142.9421532,6.501276493,297.9657593,0,16.47237968,20.94056511,0.03373577446,62388.25391,17.34934616,-2.738939211e-05
3.799999952,179.4961352,78.32012074,24.9706649,58.92691952,0.9479262314,139.9904405,6.482998371,297.9640808,0,16.4982872,15.93283272,0.003373577259,62404.58203,17.18572807,-2.731452524e-05
4,186.9397761,75.93045195,24.71987197,57.91213992,0.9211328731,139.794774,6.469946384,297.9708252,0,23.81951523,14.17208862,0.0003373577492,62420.23828,16.93899918,-2.726648534e-05
4.199999809,199.4939737,77.61527665,24.64123686,57.98292431,0.9255992835,141.1066088,6.463372231,297.9784241,0,36.3452301,15.16533852,9.999999747e-05,62436.50781,16.94109726,-2.713240729e-05
4.400000095,184.2879889,75.69469344,24.53590789,58.19427978,0.9216911211,140.5803083,6.464512348,297.9877319,0,51.49607468,16.63710594,9.999999747e-05,62458.35156,16.88149071,-2.733468634e-05
4.599999905,172.6313646,72.60355637,25.12844761,57.49306132,0.90763463,141.7855812,6.473496914,297.9984741,0,66.18637848,18.99040985,9.999999747e-05,62485.16016,16.7364254,-2.745481509e-05
4.800000191,165.7872431,73.42332964,25.35180738,57.97608321,0.9156279862,141.7032599,6.485100269,298.0057373,0,77.28178406,22.16314888,9.999999747e-05,62515.77734,16.76638985,-2.748388137e-05
5,168.8640424,73.92823501,25.51128186,58.94019601,0.9228343878,145.7573208,6.497402668,298.0114746,0,83.75245667,24.53231812,9.999999747e-05,62548.01953,16.79633141,-2.736942544e-05
5.199999809,165.0511758,73.55566587,26.03440122,58.45840892,0.9364838424,146.385275,6.510947227,298.0199585,0,85.30818939,26.66504288,9.999999747e-05,62581.55078,16.8844471,-2.734357683e-05
5.400000095,164.6284313,74.46216198,26.33718914,58.89030296,0.9503979441,147.7817799,6.521392345,298.0276794,0,81.4441452,29.98781586,9.999999747e-05,62614.96094,16.97184563,-2.728067807e-05
5.599999905,164.8574528,76.62413342,26.71120011,59.95125197,0.9769007513,150.3019008,6.525743008,298.0335693,0,73.41622162,33.33403015,9.999999747e-05,62647.80469,17.16306496,-2.722849559e-05
5.800000191,164.6284313,76.43770909,26.7391317,60.24269051,0.9816290925,150.6606135,6.522090435,298.0364685,0,63.65816498,36.3411026,9.999999747e-05,62678.63672,17.16138458,-2.720948195e-05
6,169.5874092,77.2096395,26.32913205,60.49834923,0.9762696446,149.2722747,6.512020588,298.0380554,0,55.36783218,38.56378174,9.999999747e-05,62706.51172,17.07539368,-2.715053121e-05
6.199999809,170.9102278,76.15591683,25.76815116,60.41007843,0.9549274143,149.9993613,6.498828411,298.0405884,0,51.10097504,40.45654297,9.999999747e-05,62732.97266,16.85766029,-2.716155225e-05
6.400000095,172.9682424,73.18684401,25.25507643,57.66482202,0.9157525216,142.7975224,6.483730793,298.0392151,0,52.10063553,42.7449646,9.999999747e-05,62756.72656,16.46388626,-2.717241515e-05
6.599999905,179.1437388,72.5048521,24.11231992,57.49853675,0.8891644708,140.1274386,6.472300053,298.0439148,0,59.13566589,43.77190399,9.999999747e-05,62779.75781,16.20744896,-2.712874859e-05
6.800000191,194.2897779,74.67227871,25.11591806,58.71498748,0.9217712022,148.3541072,6.463702679,298.0440674,0,70.72479248,46.86995316,9.999999747e-05,62804.42188,16.44061852,-2.695451096e-05
7,169.0324351,72.5048521,24.84878205,57.37245866,0.8877232882,141.5166329,6.460207939,298.0473938,0,85.7554245,48.54237366,9.999999747e-05,62835.32031,16.1079216,-2.728883044e-05
7.199999809,168.1222531,72.5048521,24.85253759,58.23130174,0.8956209108,142.8632513,6.462587357,298.0522766,0,102.1762848,51.33498764,9.999999747e-05,62870.07031,16.14137268,-2.7283163e-05
7.400000095,170.147879,72.5048521,25.02440256,58.06589485,0.8942769162,143.7041676,6.467703819,298.0533752,0,117.642334,54.77914047,9.999999747e-05,62907.71875,16.08345985,-2.721522638e-05
7.599999905,167.6735998,73.37280215,25.52060737,60.03882638,0.9323575497,147.9909363,6.476351738,298.056427,0,131.0715942,57.07863998,9.999999747e-05,62949.83203,16.37385941,-2.718906046e-05
7.800000191,173.6090309,76.88835285,25.11590902,60.96036917,0.9402434007,146.8741249,6.491777897,298.0692444,0,141.0389099,60.12345886,9.999999747e-05,62993.54688,16.41737556,-2.704019717e-05
8,164.6284313,74.53607821,26.92655214,60.48745001,0.9645672867,152.726342,6.503462315,298.0704956,0,144.8247833,66.63516235,9.999999747e-05,63040.69531,16.56241798,-2.707785174e-05
8.199999809,164.6284313,74.58360806,27.39700599,60.43268192,0.9755385951,154.0775997,6.511638641,298.0704346,0,143.9708099,69.57223511,9.999999747e-05,63088.00391,16.60389137,-2.700385022e-05
8.399999619,164.6284313,74.73998571,27.3360139,60.27806978,0.9775746416,153.8539213,6.512224197,298.0633545,0,139.8459167,72.180336,9.999999747e-05,63134.3125,16.56188393,-2.694750657e-05
8.600000381,164.6284313,74.10144463,27.35706773,60.2122597,0.9721470816,154.3334783,6.5108428,298.0655518,0,135.5005035,72.38508606,9.999999747e-05,63179.6875,16.46777534,-2.691544491e-05
8.800000191,164.6284313,75.72495889,27.25629131,60.80865632,0.9794706985,155.6288291,6.506879807,298.0693054,0,131.689682,75.57497406,9.999999747e-05,63224.95312,16.48259354,-2.690496418e-05
9,164.6284313,73.73571008,26.96001862,60.02923467,0.9592437563,152.693619,6.500993729,298.0742493,0,129.4663239,79.30575562,9.999999747e-05,63268.58203,16.25337982,-2.690732254e-05
9.199999809,164.6284313,73.40707033,26.3295885,60.075481,0.9438306436,150.6279122,6.491184235,298.0724182,0,129.5954285,83.58259583,9.999999747e-05,63311.52734,16.06521416,-2.69181582e-05
9.399999619,167.3306835,74.02491267,25.76451332,60.14811014,0.9378586384,148.8344502,6.482666016,298.0773315,0,133.6551056,85.69573212,9.999999747e-05,63354.46094,15.9614706,-2.690071422e-05
9.600000381,173.0411919,77.31382827,26.22523419,61.68684244,0.9656647202,152.9220838,6.476442337,298.0842896,0,141.1051636,90.12718201,9.999999747e-05,63399.55859,16.15099716,-2.684557121e-05
9.800000191,171.6379441,76.22534537,26.54717983,61.31499018,0.9671784858,154.1377266,6.471593857,298.0889282,0,151.0414429,95.39219666,9.999999747e-05,63446.17188,16.09911919,-2.687285107e-05
10,166.629665,74.64127132,26.29774589,60.72081574,0.9500889188,152.6628982,6.472979069,298.1056519,0,162.9198303,100.0920486,9.999999747e-05,63495.60547,15.89734554,-2.693839727e-05
10.19999981,167.0862423,75.93132789,26.21578697,61.26578005,0.9543812248,153.0598435,6.477388382,298.1210022,0,174.2282257,109.1702118,9.999999747e-05,63547.72656,15.88030243,-2.692217307e-05
10.39999962,168.0993937,76.33672934,26.32549019,61.52943676,0.9593504837,154.4243816,6.481626034,298.1282654,0,183.7828674,118.2951508,9.999999747e-05,63601.99219,15.86013222,-2.688229735e-05
10.60000038,168.9726408,76.70266166,26.38644228,61.69189984,0.9621785059,155.5165582,6.485476494,298.1340637,0,191.6526489,125.2291946,9.999999747e-05,63658.02734,15.81983662,-2.683594671e-05
10.80000019,170.9795675,77.10558324,26.47274227,62.21743167,0.9702931838,153.9812224,6.488428116,298.1394653,0,197.9830627,131.9855652,9.999999747e-05,63714.76562,15.82425594,-2.677604984e-05
11,171.3445752,76.97521478,26.36436353,61.91514132,0.9610543711,157.1104456,6.489535332,298.1410828,0,203.1344757,138.8341522,9.999999747e-05,63773.05078,15.67319393,-2.673973649e-05
11.19999981,176.0780311,78.38824543,25.83592688,62.10094769,0.9587679893,155.6856737,6.489127159,298.1429749,0,207.8461151,144.5783234,9.999999747e-05,63831.30078,15.58430767,-2.66514721e-05
11.39999962,174.8920202,78.18749952,26.07833326,62.05164261,0.9619809437,158.1370906,6.487518787,298.1468506,0,212.7200775,150.5083771,9.999999747e-05,63891.29297,15.53433418,-2.664779954e-05
11.60000038,175.2982593,78.52292517,26.08664407,61.9875333,0.9617566553,159.4665169,6.485558987,298.1575623,0,218.2365265,157.1943817,9.999999747e-05,63952.73828,15.45505428,-2.663630704e-05
11.80000019,175.0886587,77.93091761,26.01833595,62.53522078,0.9673390425,152.6423367,6.483700275,298.1784363,0,224.5342255,166.3710175,9.999999747e-05,64014.03125,15.42664242,-2.664983077e-05
12,174.6114123,77.71508356,26.04813842,62.2922095,0.9603193349,151.7546264,6.479539871,298.1861267,0,225,179.3924866,9.999999747e-05,64075.25,15.27617836,-2.666901641e-05
12.19999981,179.9293172,79.76974461,25.76870909,61.93024553,0.9576601789,161.9424721,6.473113537,298.1850281,0,225,188.5827179,9.999999747e-05,64137.92188,15.16423416,-2.660364686e-05
12.39999962,172.9556147,78.21010249,26.37613663,60.88434183,0.9441275556,163.6940684,6.465126514,298.1862793,0,225,195.1275177,9.999999747e-05,64202.07031,14.9418745,-2.66975699e-05
12.60000038,171.3098377,78.21103546,26.52271561,60.38127538,0.9393158111,165.5112108,6.454935074,298.1792603,0,225,202.5106506,9.999999747e-05,64266.89453,16.0363636,-2.672754379e-05
12.80000019,166.2314274,76.41150528,26.96456468,62.24149908,0.9761420474,155.7909514,6.44453001,298.1884155,0,225,207.0613556,9.999999747e-05,64330.41016,16.3001976,-2.68153383e-05
13,164.8059048,75.6043639,27.20874229,62.22508579,0.9746850292,158.238189,6.433542728,298.2002258,0,225,216.9996948,9.999999747e-05,64394.56641,16.22696877,-2.687917978e-05
13.19999981,164.6284313,75.90110351,27.28563624,61.68449331,0.9772491648,159.0128543,6.420079708,298.1921082,0,225,228.0683289,9.999999747e-05,64458.92188,16.17469025,-2.691842557e-05
13.39999962,164.6284313,76.29074038,27.26322394,61.75123423,0.9769306448,159.450227,6.405487537,298.1885986,0,225,232.6869049,9.999999747e-05,64523.44141,16.10589409,-2.695058064e-05
13.60000038,172.9540103,78.85178979,26.17127627,62.1791417,0.9712242175,155.404693,6.391474724,298.2019958,0,225,238.7447357,9.999999747e-05,64585.9375,16.00026512,-2.690091244e-05
13.80000019,175.4090816,78.35140216,26.00114515,62.72175079,0.9686206078,152.384443,6.380879879,298.261322,0,225,250.4641571,9.999999747e-05,64647.35547,15.92313671,-2.697959836e-05
14,174.2892857,78.6848867,26.08629505,61.94768454,0.9627127875,157.7731481,6.369587421,298.2975769,0,225,278.40448,9.999999747e-05,64710.21875,15.79319477,-2.712099974e-05
14.19999981,171.6070424,77.47387996,26.56514457,61.65009945,0.9589505412,162.3511579,6.357889175,298.3269653,0,225,300.2616272,9.999999747e-05,64774.35938,15.68201828,-2.725611291e-05
14.39999962,177.5584122,78.77610589,25.87100404,62.41575541,0.96933167,152.641986,6.34557724,298.3470764,0,225,321.2888489,9.999999747e-05,64835.50781,15.70014095,-2.726813245e-05
14.60000038,173.4952457,77.69489417,26.5000102,61.54945105,0.9561680989,164.3405624,6.331805229,298.346344,0,225,340.2675171,9.999999747e-05,64899.67188,15.49639511,-2.738478841e-05
14.80000019,177.4716975,79.9801763,25.95916968,61.52208868,0.9528992626,166.6060477,6.318483353,298.3681946,0,225,352.8785706,9.999999747e-05,64964.05859,15.38938522,-2.740527531e-05
15,176.9355596,78.85694741,26.34500523,60.83409637,0.9414353195,166.6417905,6.30523777,298.3973389,0,225,373.4189453,9.999999747e-05,65028.375,15.19599533,-2.751323602e-05
15.19999981,177.9866657,77.60374863,26.07996236,62.25973741,0.9540153607,152.1495523,6.291945457,298.4291077,0,225,397.1170349,9.999999747e-05,65089.14844,15.22916222,-2.761170498e-05
15.39999962,180.4686774,79.23643559,26.30024186,60.49325444,0.9326046411,166.6417905,6.276425362,298.4142456,0,225,422.7536926,9.999999747e-05,65152.76953,14.93396473,-2.765630702e-05
15.60000038,177.814981,76.28463695,26.1794651,61.5290061,0.9422470869,151.1387821,6.259746552,298.3995972,0,225,433.4845581,9.999999747e-05,65212.91797,14.93150139,-2.772917619e-05
15.80000019,180.5933081,78.48613249,26.32909434,59.92188445,0.9218463757,166.6417905,6.24192524,298.3839111,0,225,444.0766296,9.999999747e-05,65276.26562,14.64453125,-2.774359562e-05
16,168.741661,80.51035365,26.19264682,59.52431687,0.9183080392,166.6417905,6.222112179,298.3565979,0,225,453.7587585,9.999999747e-05,65342.5,14.51515961,-2.794391639e-05
16.20000076,164.6284313,76.43719328,26.50502179,61.03279646,0.9310688444,149.6330556,6.201192379,298.3356628,0,225,458.8512573,9.999999747e-05,65405.03125,14.55116272,-2.80538647e-05
16.39999962,173.4450439,77.7132801,26.66533903,58.6475301,0.8920025251,166.6417905,6.179806232,298.3084412,0,225,465.2017517,9.999999747e-05,65469.57812,14.13462543,-2.801157782e-05
16.60000038,171.5382755,78.08152268,25.73768572,61.14812069,0.9078097968,166.6417905,6.174355507,298.1644287,0,225,468.5531311,9.999999747e-05,65534.46094,16.06996155,0.003336909996
16.79999924,177.8593686,78.7689997,26.0277005,62.17265559,0.9596196048,160.8413498,6.207945824,297.7044983,0,225,430.644104,9.999999747e-05,65597.28125,16.54311943,0.08596226868
17,171.0973934,78.64799883,26.15326883,62.14204857,0.9734651011,153.0457758,6.239923477,299.6818542,0,225,129.193222,591.7196655,65659.50781,16.66117859,0.1009000668
17.20000076,183.132946,80.15145521,25.77078659,62.29253904,0.9786142329,152.9014243,6.27060461,298.62323,0,225,803.7410889,59.17197037,65719.39062,16.7014904,0.1048505996
17.39999962,165.0814328,77.33566037,27.13919127,62.42364168,0.9877208267,158.0973682,6.301947117,298.0153198,0,225,486.7547607,5.917196751,65783.88281,16.7798481,0.1234326972
17.60000038,164.6284313,74.50467153,27.86673822,61.38287925,0.9919661231,160.32336,6.334229469,297.7178955,0,225,308.3380127,0.591719687,65848.57031,16.82074165,0.1504821501
17.79999924,165.0583593,75.43503341,27.45554641,62.09721416,0.9802302921,161.1820986,6.365653038,298.7918091,0,225,92.50140381,302.0056763,65913.5,16.72924614,0.1549621943
18,164.6284313,77.55947873,27.86673822,59.1156503,1.027787963,151.3887323,6.395497799,298.3394775,0,225,454.6552734,30.20056725,65977.21094,17.06925011,0.114853873
18.20000076,164.6284313,74.202127,27.86673822,59.83829357,1.022992104,159.256398,6.424292088,298.0279541,0,225,320.2329712,3.020056725,66041.875,17.07266998,0.1714393828
18.39999962,164.6284313,74.28038742,27.86673822,59.900176,1.018351939,159.9721825,6.449204445,297.838562,0,225,228.8834991,0.3020056784,66106.78125,17.03983307,0.2051454798
18.60000038,174.7784847,80.1121343,26.00398286,62.44353749,0.9831402484,153.3974325,6.471461296,298.7314453,0,225,68.66504669,240.1160431,66169.4375,16.74711227,0.1699948996
18.79999924,164.6284313,76.77499078,27.86673822,58.95158615,1.027670285,153.630888,6.491669655,298.3633423,0,225,372.0844421,24.01160431,66233.67969,17.0847187,0.1680597173
19,164.6284313,73.24279358,27.86673822,59.50395625,1.026477783,161.7055973,6.510853767,298.1078491,0,225,265.8222351,2.401160479,66298.79688,17.11818886,0.2466796463
19.20000076,177.1508475,80.16668072,25.74692941,62.76990518,0.9818215439,153.2578623,6.526350021,297.9750977,0,221.1803284,194.0604706,0.2401160449,66360.32031,16.7460537,0.2058754443
19.39999962,164.6284313,74.25506542,27.86673822,61.13737655,0.9998527034,160.5441893,6.539869785,297.9147949,0,211.1709137,154.2184448,0.02401160449,66422.77344,16.89489555,0.2422498064
19.60000038,164.6284313,74.00431927,27.86673822,60.44226433,1.008389994,159.6480944,6.548829556,298.5490723,0,195.7481995,46.26553345,156.1531525,66481.64844,16.96078682,0.2760754008
19.79999924,164.6284313,75.05379379,27.86673822,57.92854317,1.040052785,156.8112042,6.551086426,298.3087769,0,176.7502899,262.3474121,15.61531448,66536.14844,17.19107246,0.2908850535
20,164.6284313,72.5048521,27.86673822,58.18816008,1.040459939,164.1162491,6.526311874,298.1559143,0.5200891495,88.37514496,195.2714233,1.561531425,66573.52344,17.19105339,0.3719310064
20.20000076,164.6284313,72.61880868,27.86673822,58.97733888,1.012805376,159.3524543,6.499932766,298.0708008,0,78.4588623,155.9225311,0.1561531425,66607.79688,16.9602356,0.4024982505
20.39999962,164.6284313,74.28679438,26.81147969,61.33686684,0.9654232698,156.0123265,6.475857258,298.0223389,0,79.01305389,133.5531464,0.01561531425,66641.71094,16.58976936,0.4473075033
20.60000038,164.6284313,72.88439684,26.2957624,59.82001745,0.9432668023,151.1875988,6.459911346,298.0042114,0,89.18468475,120.1241837,0.001561531448,66676.32031,16.41555786,0.516153858
20.79999924,164.6284313,72.5048521,25.70848946,58.85795694,0.9132645011,146.691198,6.447764397,297.9649048,0,105.7153168,115.0758743,0.000156153139,66713.00781,16.18670273,0.6714102532
21,164.6284313,72.5048521,25.67305178,59.790577,0.9266579734,148.2110858,6.442598343,297.9429932,0,127.1184387,101.8087692,9.999999747e-05,66754.35156,16.31627464,0.7170899505
21.20000076,165.8060078,75.95298081,26.87440345,61.18113066,0.9717278496,155.4190038,6.44667244,298.4376526,0,150.57724,30.54262924,109.9545059,66802.89844,16.64933968,0.4811027776
21.39999962,164.6284313,75.13518935,27.86673822,59.45926408,0.9967265557,156.6006444,6.456939697,298.3014832,0,172.3983612,199.2236633,10.99545002,66856.32031,16.83888626,0.4421249928
21.60000038,164.6284313,80.50635181,26.90839903,60.45703344,1.010076717,148.6190054,6.469860077,298.2037354,0,190.1218109,164.9509583,1.099545002,66913.00781,16.93134308,0.3510957809
21.79999924,164.6284313,79.62347308,26.6941273,61.00495188,1.005841436,146.6645184,6.483886242,298.132019,0,202.6882477,143.5539093,0.1099545062,66971.59375,16.91968536,0.4135330686
22,164.6284313,74.68514245,27.86673822,61.53299758,0.990493066,165.0444659,6.494325638,298.0545654,0,209.6490326,127.1871338,0.01099545043,67034.14062,16.8361721,0.600622324
22.20000076,164.6284313,75.29255769,27.86673822,60.24112047,1.014249045,160.8138758,6.507089138,298.0330811,0,212.4495087,105.9505539,0.001099545043,67096.70312,17.01432419,0.5551581527
22.39999962,164.6284313,75.11735897,27.86673822,59.98946082,1.020266346,160.4314448,6.517631531,298.0162964,0,210.1253204,101.1601562,0.0001099545043,67158.64844,17.06536484,0.5895141774
22.60000038,164.6284313,81.05099501,27.05847781,60.45439059,1.019417437,149.4240321,6.526321888,298.0284729,0,203.5989227,96.7740097,9.999999747e-05,67218.49219,17.01372719,0.4251359797
22.79999924,164.6284313,74.94700687,27.86673822,60.05114722,1.020788473,160.5632003,6.531852245,298.0110474,0,193.5954437,101.7186279,9.999999747e-05,67277.0625,17.0671196,0.6312601368
23,167.0205299,80.5942864,25.95071454,62.18846338,0.9862385379,153.7806145,6.533102512,298.0045776,0,181.3842468,96.68361664,9.999999747e-05,67332.35938,16.77801514,0.602403907
23.20000076,164.6284313,74.19699558,27.86673822,60.29477323,1.006429335,161.035145,6.531413555,297.9931946,0,168.6769257,94.98867798,9.999999747e-05,67385.70312,16.95005989,0.7392852228
23.39999962,166.4414429,80.32878265,25.87715208,62.04519168,0.9826407767,153.2566301,6.526146412,297.9950256,0,156.640976,91.2891922,9.999999747e-05,67435.875,16.74304581,0.6795913752
23.60000038,166.1773994,79.89182192,26.05448892,61.48751596,0.9882159373,148.4572088,6.517237663,297.9917908,0,146.7143402,91.7513504,9.999999747e-05,67482.95312,16.78228569,0.7331033641
23.79999924,164.6284313,73.52224544,27.86673822,60.80204699,0.9769037244,161.8588353,6.504683971,297.9707031,0,140.3515625,90.42998505,9.999999747e-05,67530.39062,16.71102715,0.9377473387
24,164.6284313,74.0313378,27.86673822,60.36144418,0.9857964324,159.1448686,6.489698887,297.9545593,0,139.0105591,82.86766815,9.999999747e-05,67577.0625,16.77986145,1.004764628
24.20000076,164.6284313,74.4109387,27.86673822,60.48430487,0.9923911092,159.7059471,6.477385998,297.9524841,0,143.6599274,76.36679077,9.999999747e-05,67624.92969,16.83448601,1.014939632
24.39999962,164.6284313,73.97585891,27.52161555,61.22634674,0.9719008296,159.4729251,6.47209692,297.9613647,0,153.2180634,74.0615387,9.999999747e-05,67674.65625,16.68118858,1.035692356
24.60000038,164.6284313,74.56635687,27.72943966,60.84842571,0.9850427955,158.2563305,6.472769737,297.9772949,0,164.8771667,75.36492157,9.999999747e-05,67726.8125,16.7793541,0.974065238
24.79999924,164.6284313,75.48892278,27.86673822,60.70338512,1.005323381,161.1012049,6.476625919,297.9884949,0,176.2701416,79.34558105,9.999999747e-05,67782.17188,16.94156456,0.9331739759
25,164.6284313,79.9939772,26.66755016,60.70765857,1.003064567,148.3876674,6.480654716,297.9937744,0,186.1292572,82.23069763,9.999999747e-05,67837.84375,16.90831757,0.8884829297
25.20000076,164.6284313,74.94432079,27.86673822,60.00224324,1.013441852,161.1060226,6.485388756,297.9819641,0,194.3865051,83.54030609,9.999999747e-05,67896.67969,17.02222633,1.056976702
25.39999962,164.6284313,75.68353854,27.86673822,61.34360571,0.9958639874,165.3612016,6.491322994,297.9789124,0,200.7483215,79.19779205,9.999999747e-05,67957.90625,16.88461113,1.050018992
25.60000038,164.6284313,75.76528296,27.86673822,60.33033667,1.013810775,160.6368896,6.498143673,297.9806213,0,204.7348633,77.54954529,9.999999747e-05,68019.01562,17.02560997,1.060173011
25.79999924,164.6284313,80.85712332,26.92943018,60.69113777,1.01422658,150.3586981,6.505421162,297.9966431,0,205.9941101,77.37088013,9.999999747e-05,68079.47656,16.99932671,0.9030924667
26,164.6284313,75.76444109,27.86673822,60.00706548,1.019525202,160.4576157,6.51455307,298.0044556,0,204.3435059,82.16614532,9.999999747e-05,68140.59375,17.06659889,1.021765275
26.20000076,164.6284313,74.93456338,27.86673822,61.82115379,0.987159856,162.307553,6.519031525,297.992218,0,199.035675,84.61670685,9.999999747e-05,68200.67188,16.82308006,1.157684175
26.39999962,164.6284313,75.30979957,27.86673822,61.59275422,0.9907974275,164.6161285,6.522595406,297.9924316,0,191.95755,80.49863434,9.999999747e-05,68259.90625,16.84559059,1.149351005
26.60000038,164.6284313,75.35174317,27.86673822,60.58571927,1.011483492,161.8574239,6.520013809,297.9795227,0,183.4419403,80.3690567,9.999999747e-05,68316.71875,17.0110569,1.247737711
26.79999924,164.6284313,75.491149,27.86673822,61.3547543,0.9968596855,165.6871631,6.517260075,297.9803467,0,175.9763489,75.6288681,9.999999747e-05,68372.86719,16.89153862,1.248718864
27,164.6284313,74.87669611,27.86673822,60.14304329,1.010568372,161.947422,6.515785694,297.9899902,0,169.5930023,75.24808502,9.999999747e-05,68426.875,16.99509048,1.258722573
27.20000076,164.6284313,75.0748463,27.86673822,59.93133544,1.01679447,161.9682909,6.514858246,298.0032043,0,163.7947693,77.82722473,9.999999747e-05,68479.82812,17.03886032,1.237451822
27.39999962,164.6284313,74.64228565,27.86673822,60.6058822,1.009235932,160.2552406,6.508508205,297.9928284,0,158.3697815,81.93973541,9.999999747e-05,68531.0625,16.98819351,1.364431363
27.60000038,164.6284313,74.88422477,27.86673822,60.47463944,1.012174285,161.5479139,6.505207062,298.0013733,0,155.504303,78.37928772,9.999999747e-05,68582.16406,17.00517273,1.325818887
27.79999924,164.6284313,74.93152923,27.86673822,61.17093709,0.9910364632,165.2866001,6.500196934,297.9987183,0,153.9320526,81.13999176,9.999999747e-05,68633.67969,16.83768272,1.37879618
28,164.6284313,74.60594032,27.86673822,60.45688021,0.9999707496,161.3146171,6.494745255,297.993042,0,154.3790588,80.21492004,9.999999747e-05,68684.35938,16.90994072,1.443180944
28.20000076,164.6284313,74.22150314,27.86673822,59.95383609,1.00102577,159.500952,6.48946619,297.9856262,0,157.0028229,78.22305298,9.999999747e-05,68735.08594,16.92061234,1.5070688
28.39999962,164.6284313,75.16848051,27.86673822,61.16246264,0.9903253434,164.2413346,6.486466885,297.9864502,0,161.7362823,75.44464111,9.999999747e-05,68788.03906,16.83660316,1.482707607
28.60000038,164.6284313,75.03083473,27.86673822,60.27996954,1.003083536,161.2047908,6.483172417,297.9794922,0,167.6625061,75.25231934,9.999999747e-05,68841.5,16.94182396,1.547314141
28.79999924,164.6284313,75.29411867,27.86673822,61.20172577,0.9924676214,164.8159028,6.479263306,297.9683228,0,174.9147186,72.32904053,9.999999747e-05,68897.1875,16.86705208,1.600909078
29,164.6284313,75.37655104,27.86673822,60.51934593,1.004971852,161.224446,6.477083683,297.9628906,0,183.7316895,67.75962067,9.999999747e-05,68953.96875,16.96933174,1.632980428
29.20000076,164.6284313,75.84461638,27.86673822,60.21327538,1.014343669,161.1669434,6.47507906,297.9567566,0,193.4129486,64.78394318,9.999999747e-05,69012.79688,17.0485878,1.665146486
29.39999962,164.6284313,75.62705259,27.86673822,61.44652933,0.9903252743,162.7088819,6.472243309,297.9466553,0,203.9009399,61.31193542,9.999999747e-05,69073.96875,16.86974716,1.728451466
29.60000038,167.5257841,80.83730383,26.37734575,61.83715923,1.000560935,150.9215167,6.474248886,298.2661133,0,215.526474,18.39357948,73.46822357,69135.60938,16.94355011,1.651916489
29.79999924,164.6284313,77.62689051,27.86673822,60.10433352,1.024210226,160.0759815,6.478425503,298.1559448,0,225,126.6843414,7.346822262,69201.09375,17.13336754,1.670224355
30,164.6284313,76.02142954,27.85213594,61.44506083,0.9920964338,162.4385756,6.4853158,298.0899963,0,225,96.2545166,0.7346822619,69266.75781,16.89026451,1.721364946
30.20000076,167.5401414,81.26998531,26.30218213,62.03807049,1.003409059,150.7101524,6.488379955,298.0498352,0,225,80.17765808,0.07346822321,69330.42188,16.97511864,1.705278289
30.39999962,164.6284313,76.39436099,27.86673822,60.97462984,1.005723001,156.7453553,6.492745876,298.0281677,0,225,70.18712616,0.007346822415,69394.99219,16.99835777,1.772221828
30.60000038,164.6284313,76.94364209,27.86673822,60.98171195,1.011178366,159.6854555,6.4991045,298.024231,0,225,64.89122772,0.0007346822531,69460.39844,17.03946495,1.745390595
30.79999924,164.6284313,81.33339602,26.5847519,61.33490058,1.009752521,151.5384399,6.503720284,298.0226746,0,225,64.74214172,9.999999747e-05,69525,17.01733017,1.708143507
31,164.6284313,76.6207844,27.86673822,61.03462442,1.005507808,156.5859014,6.507712364,298.0133057,0,224.0370331,65.15091705,9.999999747e-05,69589.4375,16.99749947,1.815565979
31.20000076,164.6284313,76.89094809,27.86673822,61.22438291,1.008859941,158.856969,6.51085043,298.0083923,0,221.4737091,62.7799263,9.999999747e-05,69653.89062,17.02575493,1.830795908
31.39999962,164.6284313,77.15522418,27.86673822,61.01420074,1.013474748,160.2171343,6.512627125,298.0051575,0,217.6561127,61.65696335,9.999999747e-05,69717.89844,17.06078148,1.847162814
31.60000038,164.6284313,77.08023092,27.86673822,60.60453929,1.016384531,160.6422346,6.51204443,297.9995422,0,213.1295471,60.89316559,9.999999747e-05,69781,17.08302879,1.886558703
31.79999924,164.6284313,76.99012272,27.86673822,60.54980509,1.016076464,160.6878942,6.509180069,297.9932251,0,208.839325,59.17401123,9.999999747e-05,69843.17188,17.08127403,1.926215143
32,173.5168086,81.50111858,25.81461054,62.62235859,0.9911610017,155.747622,6.502803802,297.9841919,0,205.6947479,57.01549911,9.999999747e-05,69902.57031,16.89420509,1.966572371
32.20000076,166.966154,81.27175759,26.21159901,61.82050971,1.002065547,152.4694484,6.497924328,297.9861145,0,205.105011,53.68945312,9.999999747e-05,69962.5625,16.97106552,1.962230944
32.40000153,164.6284313,76.16033292,27.86673822,60.72619083,1.007201925,158.6216221,6.499702454,297.996582,0,206.450882,53.83489609,9.999999747e-05,70023.73438,17.01394272,1.983174326
32.59999847,164.6284313,77.16931961,27.86673822,60.73261776,1.015958908,161.2675586,6.503157616,298.0081482,0,207.0685272,56.90921402,9.999999747e-05,70085.89844,17.07949638,1.950316957
32.79999924,164.6284313,77.29102247,27.65623157,61.84765425,0.9981611777,164.6397176,6.50343895,298.0030518,0,206.319809,60.69317245,9.999999747e-05,70148.5,16.948246,2.008684392
33,164.6284313,77.0592662,27.86673822,60.87296263,1.012553382,161.3576002,6.501296997,297.995575,0,205.474411,59.15645599,9.999999747e-05,70210.17188,17.05934143,2.043885969
33.20000076,164.6284313,76.9719893,27.86673822,60.4520836,1.013691509,160.8036764,6.497857094,297.9884338,0,205.483551,56.72690964,9.999999747e-05,70271.67969,17.06837082,2.077170801
33.40000153,164.6284313,77.37772392,27.86673822,60.98554253,1.016320376,161.3860428,6.49651289,297.9900818,0,206.8651886,54.14689636,9.999999747e-05,70333.74219,17.09220314,2.076131176
33.59999847,164.6284313,76.76135508,27.86673822,60.76677201,1.012125697,158.473867,6.496922016,297.9924011,0,208.7733459,54.34219742,9.999999747e-05,70395.47656,17.06046295,2.103071294
33.79999924,164.6284313,77.33618819,27.48467329,62.37944489,0.9932477752,162.4237718,6.498867512,297.9949036,0,210.5188751,54.7598381,9.999999747e-05,70458.5,16.92166328,2.118523491
34,164.6284313,77.3146648,27.35270214,62.03292694,0.9926172638,163.1032737,6.499092102,297.9901428,0,211.4868469,55.3211937,9.999999747e-05,70521.77344,16.92009163,2.155998821
34.20000076,178.9051108,81.17258963,25.72283968,62.91143745,0.9847624022,154.0170094,6.494105816,297.9777222,0,212.3754883,53.46647263,9.999999747e-05,70580.98438,16.86387062,2.190414632
34.40000153,164.6284313,77.50060079,27.62129351,61.47188163,1.003878901,160.1788859,6.489299297,297.9725342,0,215.2702789,48.84957886,9.999999747e-05,70644.38281,17.0099926,2.204430545
34.59999847,165.8834793,80.45764257,26.20182767,61.67429848,0.9978102554,150.6182686,6.482358456,297.9655457,0,220.0704346,46.31708908,9.999999747e-05,70706.96875,16.96714973,2.230956275
34.79999924,164.6284313,78.04410282,27.72590255,61.1603918,1.007664882,159.7072973,6.477749348,297.9668884,0,225,42.91675186,9.999999747e-05,70772.375,17.04209137,2.231423062
35,164.6284313,78.05188373,27.65428662,61.29579745,1.008323642,159.4998704,6.471046925,297.9648438,0,225,42.14038467,9.999999747e-05,70837.67188,17.0524807,2.253773941
35.20000076,164.6284313,81.66143068,26.47078338,61.64510933,1.007334881,153.2778621,6.467326164,297.9736328,0,225,40.17861176,9.999999747e-05,70902.46094,17.0395813,2.2462467
35.40000153,169.3015345,77.67054748,26.85442968,62.46487472,0.9848252279,157.9396884,6.467560291,297.9766846,0,225,41.90597534,9.999999747e-05,70966.375,16.88241959,2.301660899
35.59999847,170.1373635,77.61938275,26.78413004,62.56130188,0.9838054873,157.8717955,6.469855785,297.9823914,0,225,41.90339661,9.999999747e-05,71030.125,16.87659454,2.315871689
35.79999924,164.6284313,78.42672682,27.45092681,61.71757761,1.004766847,159.3273888,6.468223572,297.9839172,0,225,42.97698975,9.999999747e-05,71095.54688,17.03032875,2.304429013
36,164.8524101,81.75971614,26.38617058,61.95891406,1.007001964,153.5525814,6.464686394,297.9848022,0,225,42.79949951,9.999999747e-05,71160.35156,17.04584122,2.306753832
36.20000076,164.6284313,78.36295268,27.45933475,61.6791133,1.004503174,158.1034997,6.45878458,297.978302,0,225,42.49082947,9.999999747e-05,71225.39844,17.03262138,2.339184585
36.40000153,164.6284313,78.59747499,27.53139739,61.47097613,1.008365836,159.3033423,6.449986935,297.9724121,0,225,39.67304993,9.999999747e-05,71290.69531,17.06373024,2.35012012
36.59999847,168.4297986,81.71493971,26.3487131,61.94214027,1.005974317,154.2231265,6.441552639,297.9730225,0,225,36.87232208,9.999999747e-05,71354.73438,17.04646301,2.358152501
36.79999924,164.6284313,79.06845353,27.52670016,61.58781353,1.010617485,159.6056824,6.43656683,297.9788208,0,225,36.10092926,9.999999747e-05,71420.27344,17.08184624,2.370520464
37,164.6284313,78.03541926,27.26712346,61.41526794,1.001503577,156.1109792,6.425292015,297.9689026,0,225,37.08401108,9.999999747e-05,71484.625,17.01901436,2.390311378
37.20000076,164.6284313,79.25309304,27.41488843,61.49512972,1.008468906,159.3939449,6.412800312,297.9674683,0,225,32.81726074,9.999999747e-05,71549.94531,17.07062531,2.391547167
37.40000153,165.0688887,79.05216004,27.22721542,62.14237142,1.005638721,158.4795185,6.398338318,297.9639282,0,225,31.23317909,9.999999747e-05,71614.83594,17.05852318,2.399695117
37.59999847,174.1789755,81.6405099,26.13645339,62.53961803,1.001474285,153.4981815,6.389519215,297.9727478,0,225,28.80238724,9.999999747e-05,71677.39844,17.02626991,2.418092399
37.79999924,164.6284313,79.41425069,27.19561664,61.71763432,1.006286818,159.113271,6.386600971,297.9855957,0,225,30.51589966,9.999999747e-05,71742.83594,17.05783272,2.43372277
38,168.5380324,78.54478615,26.66994438,62.4730753,0.9880230119,157.6866101,6.376948833,297.9761047,0,225,33.86724472,9.999999747e-05,71806.67969,16.93034172,2.440251038
38.20000076,169.698368,80.69316808,25.98982013,62.07399969,0.9921778532,150.7107772,6.370017529,297.9799805,0,225,29.95770836,9.999999747e-05,71869.32812,16.95690346,2.454474861
38.40000153,172.7694364,80.74290677,25.93863798,62.18659532,0.9928337913,150.6927927,6.364417553,297.9837646,0,225,30.4618721,9.999999747e-05,71931.36719,16.96460533,2.466644504
38.59999847,164.6284313,78.24855897,26.92910678,61.84238473,0.9948989909,155.0457137,6.359866619,297.9862976,0,225,30.98771095,9.999999747e-05,71995.53125,16.98140717,2.478856518
38.79999924,164.6284313,80.08095893,27.19409908,61.89655797,1.008536927,159.529222,6.352579594,297.9876709,0,225,31.22268677,9.999999747e-05,72061.07031,17.08330154,2.47450902
39,175.8230583,80.2399737,26.68196548,62.9549546,0.9966454256,161.0743189,6.344800949,297.9848938,0,225,31.16960716,9.999999747e-05,72124.54688,17.00290298,2.485034934
39.20000076,169.2159997,80.36307335,26.82849966,62.66907834,0.9995757476,161.9355329,6.335184097,297.9820862,0,225,29.733284,9.999999747e-05,72189.5625,17.02465248,2.486840522
39.40000153,171.1502361,80.90940676,26.08433698,62.40492208,0.9962808853,151.3036874,6.329818726,297.9873962,0,225,28.22616005,9.999999747e-05,72252.09375,16.99906349,2.50907347
39.59999847,169.5998443,80.22339367,26.76179156,62.70846012,0.9976878221,161.3953791,6.321369648,297.9846802,0,225,29.4020462,9.999999747e-05,72316.875,17.01364899,2.506292215
39.79999924,179.7209865,82.57069819,25.9460844,63.18231262,0.997994069,158.3762165,6.312963963,297.98526,0,225,27.95877647,9.999999747e-05,72379.40625,17.01905632,2.513803948
40,166.6269424,80.70686714,27.03261379,62.20382026,1.009571615,160.3643009,6.304101944,297.9862976,0,225,27.60055351,9.999999747e-05,72444.73438,17.10362434,2.518892968
40.20000076,164.6284313,81.1024332,27.2203821,62.19614135,1.015028033,160.6587633,6.294204712,297.9867249,0,225,27.39934349,9.999999747e-05,72510.625,17.14533615,2.521918376
40.40000153,175.9290309,83.11718021,26.06500003,62.9288463,1.00150332,159.0707333,6.283686161,297.9842529,0,225,27.02371597,9.999999747e-05,72574.14062,17.04732895,2.526302001
40.59999847,171.8570841,82.84434884,26.44959212,62.61430431,1.011263809,157.4192439,6.27329731,297.9854431,0,225,25.67291832,9.999999747e-05,72638.14844,17.1216774,2.533275237
40.79999924,173.5109605,82.50280989,26.35162147,62.80695057,1.008046453,156.7204368,6.263491631,297.9858704,0,225,25.5166893,9.999999747e-05,72701.57031,17.10111046,2.541505229
41,172.9455517,81.62127656,26.80204798,62.98589328,1.006134694,162.7015305,6.256291389,297.9900208,0,225,25.10471344,9.999999747e-05,72766.25781,17.08776283,2.560002887
41.20000076,166.8685418,79.57802439,26.68815778,62.24882195,0.9981101734,154.3435913,6.250597954,297.9910583,0,225,26.00880051,9.999999747e-05,72829.96094,17.02680397,2.570902021
41.40000153,171.8793347,81.1694628,26.77519808,62.54805803,1.00709805,159.47977,6.244100094,297.9925232,0,225,25.95504189,9.999999747e-05,72894.08594,17.09689903,2.576802893
41.59999847,165.6231222,81.50833442,26.86443276,62.09439321,1.009727598,160.215018,6.23616457,297.991333,0,225,26.12343025,9.999999747e-05,72959.69531,17.11448288,2.576820381
41.79999924,174.6375671,79.78452302,26.21666146,62.77970146,0.987098903,155.0960431,6.226619244,297.9822998,0,225,25.41606903,9.999999747e-05,73021.78125,16.95243454,2.560785023
42,176.9633955,81.68367357,26.53628582,63.26683685,1.001666788,161.6839302,6.218323231,297.9857788,0,225,21.98560524,9.999999747e-05,73085.3125,17.0647583,2.584706502
42.20000076,169.6014406,82.12927269,26.96200481,62.70493268,1.015229164,161.510123,6.210027695,297.9901428,0,225,22.59100723,9.999999747e-05,73150.5,17.16482353,2.593909914
42.40000153,176.2388914,83.79362086,26.45889984,62.81053226,1.016664974,159.2220791,6.204189301,297.9973755,0,225,23.53427696,9.999999747e-05,73214.25781,17.17513466,2.614623034
42.59999847,171.567516,80.51774618,25.96648455,62.50992841,0.991682552,150.9407217,6.197449684,297.9905701,0,225,25.62388802,9.999999747e-05,73276.30469,16.99120331,2.60149008
42.79999924,174.5602036,79.72464242,26.32291074,62.81977079,0.9918909279,153.3246052,6.190084457,297.9867859,0,225,23.13039017,9.999999747e-05,73338.05469,16.99679375,2.601157856
43,171.9661996,82.28309287,26.83622103,62.84685432,1.012977344,161.7089529,6.180920601,297.9879456,0,225,21.51865768,9.999999747e-05,73402.74219,17.15523148,2.609965818
43.20000076,178.84199,81.19358135,25.97158509,62.78398401,0.9946135159,150.6293408,6.171600342,297.9839783,0,225,21.45019341,9.999999747e-05,73463.27344,17.01885796,2.596936369
43.40000153,176.624243,82.51682204,26.76153263,63.16041381,1.013616161,161.7818228,6.162694931,297.9878845,0,225,19.61938858,9.999999747e-05,73527.04688,17.165802,2.620960562
43.59999847,171.7087368,80.34910013,26.27911108,62.4007915,0.9944334471,153.2233754,6.154600143,297.9862366,0,225,20.39504623,9.999999747e-05,73589.4375,17.0184288,2.614252062
43.79999924,176.7523022,82.88156469,26.67294219,62.84587965,1.013699982,161.5723497,6.145549774,297.9888916,0,225,19.34617615,9.999999747e-05,73653.17969,17.16691399,2.629080429
44,175.3429616,80.39929191,26.43379622,62.89344902,0.9986160668,153.4640605,6.139262199,297.991272,0,225,19.7566967,9.999999747e-05,73714.96094,17.05627441,2.641689124
44.20000076,178.3384914,79.70189716,25.95638264,62.95896256,0.9830162731,153.0772974,6.133768559,297.9901733,0,225,20.13788605,9.999999747e-05,73775.78906,16.94037247,2.641775916
44.40000153,175.0645347,82.50157802,26.61275304,62.85892558,1.009767747,161.092451,6.128512383,297.9971924,0,225,19.41482925,9.999999747e-05,73839.78906,17.14019775,2.673294601
44.59999847,177.1281165,83.47440061,26.89869132,63.19435097,1.021462449,163.1680151,6.124809742,298.0054932,0,225,21.47771072,9.999999747e-05,73904.14844,17.23092651,2.696602809
44.79999924,179.1095512,83.82065778,26.94106346,63.45887346,1.024204321,163.6292262,6.123256683,298.0133057,0,225,24.18317032,9.999999747e-05,73968.38281,17.25335693,2.718659164
45,181.2643404,80.74276155,26.3325039,63.05216442,0.9992930639,153.567988,6.12451458,298.0142212,0,225,27.02135277,9.999999747e-05,74029.3125,17.06735611,2.738282974
45.20000076,176.0650745,83.32856854,26.87487075,63.18818608,1.019495082,162.9264807,6.126517296,298.0209045,0,225,27.77734756,9.999999747e-05,74094.03906,17.217062,2.755612369
45.40000153,178.658401,80.63500604,26.3098413,62.90839743,0.9967783868,152.6929251,6.128477097,298.0154114,0,225,30.61636925,9.999999747e-05,74155.32031,17.04851723,2.757863265
45.59999847,176.477342,83.32193835,26.85086824,63.25441848,1.019148791,162.9572763,6.131563663,298.0203857,0,225,29.45341301,9.999999747e-05,74220.01562,17.21749878,2.778651299
45.79999924,178.0966172,84.00608417,26.54643688,63.08722846,1.014009232,163.9956417,6.134237289,298.0194092,0,225,31.7867527,9.999999747e-05,74284.69531,17.17663193,2.785178337
46,179.2509098,82.88564646,26.60030005,63.40605507,1.010501818,163.1634058,6.141751766,298.026886,0,225,32.17768478,9.999999747e-05,74348.88281,17.15469742,2.821005188
46.20000076,173.735609,80.55596833,26.17660104,62.59487102,0.99331886,152.9677228,6.147551537,298.0186157,0,225,35.48629379,9.999999747e-05,74411.35156,17.02461433,2.816850393
46.40000153,181.4488681,81.03355272,25.60231153,63.4017674,0.9843397483,152.7144293,6.153606892,298.0119934,0,225,33.586586,9.999999747e-05,74472.21094,16.96357727,2.82346482
46.59999847,180.4561781,80.97766224,25.79084692,62.97329712,0.9893973844,151.3115276,6.161315918,298.0124207,0,225,32.06375504,9.999999747e-05,74533.0625,16.99967384,2.844552907
46.79999924,179.5886331,82.84872162,26.46676535,63.25860162,1.007198914,162.0954282,6.167960644,298.0140381,0,225,32.71382904,9.999999747e-05,74596.89062,17.13419724,2.851080042
47,176.0406947,83.20009854,26.85643469,63.27797519,1.018890753,162.4400111,6.172207355,298.0105286,0,225,33.73003387,9.999999747e-05,74661.59375,17.22537231,2.845386278
47.20000076,177.7621003,81.53382554,25.79348179,62.89715234,0.9923171226,151.4885659,6.177260399,298.0031128,0,225,33.033741,9.999999747e-05,74723.07812,17.02487183,2.847325418
47.40000153,179.6099647,80.04659267,26.19176447,63.22451454,0.9912339862,153.3492459,6.181955814,297.9967651,0,225,30.90014267,9.999999747e-05,74784.23438,17.02359009,2.846921053
47.59999847,175.0270533,82.79122374,26.45697546,62.77615094,1.007836083,161.0148297,6.18370533,297.993042,0,225,28.88210487,9.999999747e-05,74848.5625,17.1434536,2.846283323
47.79999924,178.8672736,82.42092339,26.50070511,63.35390088,1.0064176,161.8273464,6.183132648,297.9861145,0,225,27.52673149,9.999999747e-05,74912.08594,17.14014053,2.832004009
48,178.7258977,79.78025079,26.07496545,63.0617061,0.988158065,152.378768,6.184672356,297.982605,0,225,24.90478897,9.999999747e-05,74973,17.00467491,2.83119017
48.20000076,177.056446,82.64064055,26.62720714,63.2628592,1.011245418,161.171182,6.186581135,297.9890747,0,225,23.2238903,9.999999747e-05,75036.92188,17.17790413,2.867868449
48.40000153,177.5079639,80.51477663,26.31872621,63.15972546,0.9964617585,153.9103133,6.184727192,297.9806824,0,225,24.82612419,9.999999747e-05,75098.5,17.07026291,2.818702555
48.59999847,182.6335583,80.30235357,26.01053012,63.34189477,0.9880342068,154.1715263,6.184334755,297.979126,0,225,21.47096252,9.999999747e-05,75159,17.00917053,2.829996588
48.79999924,183.2869408,80.23327563,25.83796754,63.27053521,0.9842205341,153.0296379,6.188249111,297.9866333,0,225,20.27190971,9.999999747e-05,75219.22656,16.98019791,2.875625576
49,177.7915815,82.62650447,26.56838753,63.31324866,1.010145504,160.9715343,6.192831516,297.9983215,0,225,22.09317398,9.999999747e-05,75282.99219,17.17511749,2.914421631
49.20000076,181.300463,80.49587686,26.21415368,63.38694399,0.9945281016,153.4698322,6.202318668,298.0082397,0,225,25.57341194,9.999999747e-05,75344.03906,17.06105232,2.94718546
49.40000153,178.022067,80.31036289,26.20214239,63.1764855,0.9931450958,153.6362067,6.20947504,298.0068359,0,225,28.84527206,9.999999747e-05,75405.66406,17.05122948,2.931089442
49.59999847,179.6657668,83.37693327,26.33237865,63.4746886,1.010888505,159.6437094,6.218122005,298.0141296,0,225,28.58715057,9.999999747e-05,75469.0625,17.18385887,2.967741126
49.79999924,181.1975105,80.52544546,26.14915412,63.18869458,0.9937937131,154.063817,6.228178024,298.0131531,0,225,31.37763405,9.999999747e-05,75530.26562,17.05879593,2.969940979
50,178.9790511,83.29073031,26.20706996,63.14800168,1.00767524,158.5593645,6.239813328,298.0198059,0,225,31.51420784,9.999999747e-05,75593.64844,17.15863991,3.002206882
50.20000076,181.0604097,82.75920235,26.36629683,63.20312687,1.005562291,160.9301643,6.25496912,298.0276794,0,225,34.31250381,9.999999747e-05,75657.10156,17.14421654,3.032778876
50.40000153,174.8051191,81.92269984,26.47318721,62.94135355,1.004805496,159.4861952,6.272499561,298.0333862,0,225,37.7213974,9.999999747e-05,75721.42188,17.13989067,3.054334921
50.59999847,177.7049443,80.42919188,26.01814228,63.04584348,0.9880886728,154.1499431,6.290472984,298.0299683,0,225,40.66130066,9.999999747e-05,75783.58594,17.01738358,3.057487195
50.79999924,185.0809904,82.62569468,25.9778659,63.70363238,0.9989496176,158.3651157,6.306123257,298.0250244,0,225,40.69617844,9.999999747e-05,75845.60938,17.10289764,3.057774529
51,176.0828866,81.98180202,26.30056593,63.02906855,1.001282939,158.6427949,6.322020531,298.0213318,0,225,40.13679123,9.999999747e-05,75909.4375,17.11775017,3.06760544
51.20000076,176.1487095,81.36428229,26.452357,63.35412275,1.001970321,158.3809879,6.337251186,298.0159302,0,225,39.84437943,9.999999747e-05,75973.05469,17.12902451,3.070201267
51.40000153,176.1498726,81.91003395,26.3646396,62.79341174,1.002769881,158.4633539,6.354561329,298.0174255,0,225,38.80923843,9.999999747e-05,76036.89844,17.13017273,3.096774491
51.59999847,176.4028073,82.56613594,26.21269642,63.25821936,1.004816223,157.5516167,6.372403622,298.0198364,0,225,39.95674515,9.999999747e-05,76100.67969,17.14948082,3.113363725
51.79999924,172.6077313,81.61498196,26.56651211,63.09166173,1.005356117,159.1108993,6.389369965,298.0179749,0,225,41.4293251,9.999999747e-05,76165.35938,17.15588188,3.118318059
52,171.3335608,81.67943875,26.31222177,62.52273299,0.9999972475,157.8895299,6.405210495,298.0134583,0,225,41.51824951,9.999999747e-05,76230,17.11133385,3.120433428
52.20000076,178.897004,81.706184,25.91702655,63.36130419,0.9943371334,156.941754,6.420475006,298.0081787,0,225,40.6435318,9.999999747e-05,76292.82031,17.0777874,3.125138241
52.40000153,175.9937095,82.08364612,25.8426332,62.82734447,0.9950041682,155.9157145,6.437467575,298.0122375,0,225,39.3666687,9.999999747e-05,76356.22656,17.07809258,3.160096553
52.59999847,172.7439753,79.73867897,26.151909,62.76584782,0.988414383,154.1279941,6.456329346,298.0195618,0,225,41.110672,9.999999747e-05,76419.5,17.03393173,3.195694448
52.79999924,171.1286023,80.74120945,26.11144848,62.66694099,0.9905586686,157.048484,6.47287941,298.0220642,0,225,44.06972122,9.999999747e-05,76483.9375,17.04776382,3.201292451
53,170.7887132,80.60244818,26.35344535,62.87071057,0.9959745086,157.1283939,6.488117218,298.0245972,0,225,45.61169052,9.999999747e-05,76548.5,17.09303093,3.216688174
53.20000076,170.3295405,79.726871,26.21086083,62.76703298,0.9894519264,154.5027908,6.501731396,298.0200806,0,225,47.29514313,9.999999747e-05,76612.3125,17.04628372,3.213837795
53.40000153,171.1621446,80.74558501,26.35424224,62.87657277,0.9966611873,157.20114,6.513089657,298.0163879,0,224.8316193,46.63988113,9.999999747e-05,76676.74219,17.10078621,3.220428866
53.59999847,177.4638639,80.02435906,25.93086532,62.86139795,0.9848800386,152.9237196,6.523809433,298.0153503,0,220.1220398,46.15314102,9.999999747e-05,76737.82031,17.01010895,3.237436024
53.79999924,178.3125332,80.4259929,26.16167338,63.31900802,0.9915449551,156.2337813,6.531014442,298.0122681,0,211.1195221,46.4389267,9.999999747e-05,76797.64844,17.06062698,3.234697601
54,167.0026078,80.74546016,26.26902234,62.37460086,0.9946532792,156.6813634,6.53478241,298.0106201,0,199.2444,45.95693207,9.999999747e-05,76857.53125,17.06936646,3.236613117
54.20000076,167.9100493,79.91728433,26.34655883,62.67704805,0.9934978046,155.4894123,6.536670685,298.0132751,0,185.8620605,45.87319183,9.999999747e-05,76914.07812,17.05880356,3.253476324
54.40000153,165.6329191,79.91010728,26.42890921,62.57981304,0.9947939825,155.7448699,6.535800457,298.0185242,0,171.719574,47.19342422,9.999999747e-05,76968.28906,17.05993462,3.269110843
54.59999847,165.0036613,80.57768134,26.55298653,62.67423865,1.00000346,158.2332697,6.531626701,298.0252686,0,157.9282684,49.48898315,9.999999747e-05,77020.53125,17.09127426,3.284144299
54.79999924,179.0599957,80.11898435,26.27879709,63.54604716,0.9937513833,156.8126519,6.526048183,298.032196,0,145.8085327,52.47125626,9.999999747e-05,77067.00781,17.04620934,3.303580224
55,164.6284313,79.79742394,26.30497418,62.1575325,0.9920023772,155.6164857,6.518172741,298.0363159,0,135.9141693,55.75196457,9.999999747e-05,77114.09375,17.01579666,3.309795135
55.20000076,171.9670923,80.07188826,26.38064689,62.61300502,0.9956337562,157.8593108,6.50799799,298.0351562,0,129.1729889,58.32758331,9.999999747e-05,77158.80469,17.04447174,3.30837991
55.40000153,176.8497734,81.10532253,25.91754054,62.95188729,0.9926598047,155.3075281,6.497849941,298.0337524,0,126.5018768,59.2576828,9.999999747e-05,77201.63281,17.01984406,3.316878946
55.59999847,167.3363039,80.29871138,26.28484049,62.56857831,0.9957129497,157.4617558,6.490561485,298.0367126,0,127.8825531,60.10923004,9.999999747e-05,77247.09375,17.04464531,3.344511978
55.79999924,173.1513769,80.37508298,26.4049953,62.99021373,0.998529021,157.8572163,6.485077381,298.0354614,0,132.1694641,62.4020462,9.999999747e-05,77292.35156,17.07267189,3.351006549
56,165.7760819,79.94863555,26.43650547,62.68304856,0.9973267172,154.6649664,6.48289156,298.0342407,0,138.6532593,63.32494736,9.999999747e-05,77339.72656,17.06537247,3.365021909
56.20000076,180.056606,81.46945031,25.9552306,63.52804272,0.9942678231,153.4118303,6.483867168,298.035614,0,146.0063171,64.24390411,9.999999747e-05,77385.80469,17.04793739,3.389379635
56.40000153,181.0160968,79.65930854,26.18799017,63.67979192,0.9902989729,154.6673211,6.48669529,298.0274048,0,152.9692078,66.01029968,9.999999747e-05,77432.89062,17.03128242,3.380991114
56.59999847,172.3159406,80.58849017,26.30550198,62.75665795,0.9949048101,156.7216172,6.492065907,298.0302734,0,158.8049164,64.49824524,9.999999747e-05,77483.76562,17.05924034,3.421818453
56.79999924,164.6284313,80.83443092,26.41660977,62.72230087,0.999171647,157.8039421,6.49636364,298.023468,0,162.4900055,66.58448029,9.999999747e-05,77537.1875,17.09494209,3.408971359
57,170.5741488,79.71523471,26.19950862,62.52556602,0.9904420302,154.5650992,6.500988007,298.0128784,0,164.4675903,65.34733582,9.999999747e-05,77588.77344,17.03206825,3.401392167
57.20000076,167.5318638,80.86904374,26.31788501,62.60896135,0.9962350274,156.1614997,6.505776882,298.0138855,0,164.5910645,62.63005447,9.999999747e-05,77641.74219,17.07284546,3.437744684
57.40000153,179.648508,80.41846394,26.28229582,63.7088054,0.9942908139,156.3150468,6.510348797,298.0152893,0,162.7994232,63.53826141,9.999999747e-05,77691.79688,17.06946373,3.45317569
57.59999847,177.1325128,80.68366028,26.2297871,63.36008286,0.9950535497,155.7332562,6.513041496,298.0133057,0,159.1802216,64.53205109,9.999999747e-05,77741.52344,17.06993103,3.451336539
57.79999924,173.7048574,80.56356685,26.37545957,62.91292267,0.997176361,157.3031817,6.514386177,298.0129395,0,154.4893799,64.41177368,9.999999747e-05,77791.32031,17.08128738,3.462465444
58,168.9672449,81.0049048,26.23603718,62.42130336,0.9959241431,155.5094873,6.514679432,298.0166016,0,149.2590485,64.79654694,9.999999747e-05,77840.78906,17.06190681,3.4813551
58.20000076,167.4404239,81.67780561,25.96355613,62.55846414,0.9968887261,155.1513049,6.513246536,298.0184631,0,143.9106903,66.55337524,9.999999747e-05,77889.51562,17.0676384,3.486927107
58.40000153,166.0815669,80.80748282,26.48470459,62.80311742,1.002169769,156.520927,6.509676933,298.0146179,0,139.1376648,67.78368378,9.999999747e-05,77937.61719,17.11029625,3.477640917
58.59999847,175.4611744,80.83836331,25.82551829,62.75575801,0.9919224798,153.2001951,6.506222248,298.0113831,0,135.7940979,67.13439941,9.999999747e-05,77982.34375,17.0309639,3.482654891
58.79999924,182.8178486,80.35389983,26.10353006,63.70245434,0.9935438098,155.5930538,6.501830101,298.0049438,0,133.8251038,66.59954834,9.999999747e-05,78025.52344,17.05216599,3.475905687
59,177.7145197,81.4638505,25.78597307,63.19032814,0.993009134,152.1180599,6.497617245,298.0024109,0,133.6164856,64.83174133,9.999999747e-05,78069.24219,17.0387001,3.48711717
59.20000076,173.1198096,81.45749985,26.03883344,62.86205198,0.9977932356,154.8939111,6.493814468,297.9993286,0,135.0892944,64.18895721,9.999999747e-05,78114.79688,17.07522583,3.491680878
59.40000153,166.7500795,80.93092603,26.4429147,63.06232668,1.00042321,156.2070726,6.492032051,298.0007935,0,138.08255,63.23839569,9.999999747e-05,78162.53125,17.0997467,3.514590895
59.59999847,172.3049343,81.15597948,25.97865338,62.91851131,0.9947604966,152.4809239,6.492925644,298.0057068,0,141.7834015,63.74239349,9.999999747e-05,78209.17188,17.0577774,3.539444161
59.79999924,170.9372008,80.73038868,26.07537464,63.23712106,0.9935700337,154.7606935,6.495819569,298.0125427,0,145.1245422,65.45012665,9.999999747e-05,78257.22656,17.05662537,3.566594521
60,177.9057534,81.37826735,25.97181708,63.65680659,0.996126283,153.8412269,6.497916698,298.0108948,0,147.3100433,67.99260712,9.999999747e-05,78304.17969,17.07975006,3.55463894
60.20000076,167.3510163,81.2519604,25.7028444,62.25419926,0.9882238349,151.6124085,6.500267982,298.0072937,0,148.6657715,67.84247589,9.999999747e-05,78353.03125,17.00709915,3.552240373
60.40000153,182.9788407,80.51184441,25.89625799,63.38957144,0.9890658935,154.6687294,6.502798557,298.0028687,0,149.077652,67.01350403,9.999999747e-05,78399.22656,17.0290699,3.556840719
60.59999847,176.4197763,80.59158258,26.14654135,63.51532223,0.9949078371,154.5853958,6.503286839,297.9930115,0,148.4774475,65.79173279,9.999999747e-05,78446.59375,17.07432747,3.533868343
60.79999924,172.3783478,80.51626383,26.05305411,62.74095003,0.9922027189,156.6239614,6.50273037,297.981781,0,147.689209,62.53632355,9.999999747e-05,78494.95312,17.04860878,3.51704539
61,166.2219885,81.58861821,25.99982396,62.88453609,0.996021058,154.4520461,6.502830029,297.9831543,0,147.1204224,58.46967697,9.999999747e-05,78544.35938,17.07419395,3.558265419
61.20000076,175.2337366,80.92129911,26.20453661,63.5860997,0.9960603365,154.0445533,6.503723621,297.9879761,0,146.5063324,58.33945465,9.999999747e-05,78591.625,17.08221436,3.580541567
61.40000153,174.9904163,80.9276654,26.19973371,63.59282577,0.9960559665,154.1256196,6.504083157,297.990448,0,145.5342865,59.3671608,9.999999747e-05,78638.74219,17.08234406,3.581677926
61.59999847,167.4808307,81.05983033,26.38601332,63.03783163,1.000668898,155.277198,6.50395298,297.9934692,0,144.4227448,59.72790909,9.999999747e-05,78687.48438,17.11313248,3.592970427
61.79999924,169.9713877,81.19333636,26.27450645,62.81409401,1.000474284,155.5376202,6.504842758,298.0023499,0,143.363205,60.39657211,9.999999747e-05,78735.65625,17.11095428,3.629990124
62,167.7850533,80.59322368,26.25990331,62.97094813,0.9976679833,154.1209064,6.505254745,298.0057068,0,141.9428101,63.19767761,9.999999747e-05,78783.51562,17.09223938,3.623164818
62.20000076,164.6284313,80.97964984,26.21381976,62.77258893,0.9967619516,155.1108631,6.505740166,298.0122986,0,140.3624573,64.37100983,9.999999747e-05,78832.04688,17.08137894,3.650326097
62.40000153,167.2987684,80.69321347,26.11576216,62.63711047,0.9934074188,152.438898,6.506071568,298.0170288,0,138.5861969,66.83831787,9.999999747e-05,78879.04688,17.05359459,3.657052317
62.59999847,171.748145,81.03547486,26.22109212,62.86342148,0.9993153317,155.2841159,6.504919052,298.0157471,0,136.6780243,68.88090515,9.999999747e-05,78925.38281,17.10188103,3.649880819
62.79999924,183.9886273,80.50304258,26.02253064,63.81644615,0.9933024001,154.9101635,6.504210472,298.0144043,0,135.2352295,69.04537964,9.999999747e-05,78968.67969,17.06625175,3.65554366
63,177.3239837,80.44698364,26.0108853,63.56460946,0.9924746118,152.7169679,6.503938198,298.0174866,0,134.0696106,69.17573547,9.999999747e-05,79012.70312,17.0564537,3.678831361
63.20000076,172.1904124,80.64348286,26.00234323,62.9904412,0.9929720017,156.4051946,6.504181385,298.0247803,0,133.0130463,70.79418945,9.999999747e-05,79058.44531,17.05715179,3.713468263
63.40000153,170.7169249,81.34496269,26.11160238,63.24854401,0.9971456628,154.0488495,6.503475189,298.0296936,0,131.8588562,73.9359436,9.999999747e-05,79103.96875,17.08548355,3.72197769
63.59999847,171.4012295,81.15909079,26.23204294,63.00625979,0.99821679,154.4044414,6.502029419,298.0280762,0,130.9919281,76.50984192,9.999999747e-05,79149.17188,17.09185791,3.712328376
63.79999924,183.9333556,80.14374061,25.9875331,63.91661138,0.9894052719,153.0461004,6.499796867,298.0131531,0,130.7025604,77.0297699,9.999999747e-05,79191.03125,17.03590202,3.658498739
64,179.3367081,80.53798727,25.79871836,63.48656904,0.9886486139,155.0228496,6.496917725,297.9962158,0,131.3064575,72.94750977,9.999999747e-05,79234.35938,17.02794266,3.635592945
64.19999695,173.1355334,80.97281499,26.1635157,63.07609585,0.9952244034,154.3696813,6.494524956,297.9874268,0,133.0617218,67.70388794,9.999999747e-05,79279.375,17.07204056,3.656436141
64.40000153,177.6510032,80.99703572,25.86349779,63.67716562,0.9912811882,150.9215864,6.492480755,297.9759521,0,135.7702942,64.66333008,9.999999747e-05,79323.19531,17.04844284,3.628521084
64.59999847,170.751166,81.12917918,26.24032431,63.22580785,0.9988963325,154.2097394,6.489790916,297.9622803,0,139.2971039,60.29392242,9.999999747e-05,79369.82812,17.10621834,3.603243994
64.80000305,175.5475463,80.55911606,26.05412236,63.54651953,0.9934705649,152.6323762,6.488395214,297.9496155,0,143.9029236,54.76705551,9.999999747e-05,79415.85938,17.07280922,3.574799243
65,172.7845253,80.65028238,26.04556964,62.94638913,0.9935695967,153.4570919,6.488678455,298.1611633,0,149.0608368,16.43011665,65.23430634,79463.65625,17.07300186,3.577909463
65.19999695,184.7737386,80.88114098,26.04453743,63.917214,0.9945882049,155.32682,6.489599228,298.1174011,0,154.1040497,87.62192535,6.523430347,79510.38281,17.09324837,3.565967164
65.40000153,169.5129893,81.45239714,25.89576958,62.90625582,0.9943853452,154.9032907,6.491504669,298.0705261,0,158.7822723,76.98148346,0.6523430347,79561.23438,17.08550072,3.572019428
65.59999847,168.685913,80.65986169,25.98609408,62.86883966,0.990314457,153.7575445,6.494205475,298.0334167,0,162.6970825,65.53846741,0.06523430347,79612.60156,17.05779076,3.556656137
65.80000305,178.5163762,81.26402843,25.9041431,63.67270149,0.9940549005,153.2604587,6.496534348,298.0059204,0,165.5321503,55.7294426,0.006523430347,79662.53906,17.09525108,3.549929483
66,171.3146641,81.15951698,26.21133711,63.2847744,0.9974463264,155.1192213,6.499500751,297.9907227,0,167.4393768,47.7736969,0.0006523430347,79714.77344,17.12018013,3.574060746
66.19999695,170.5909866,81.01177977,26.17989305,63.16252631,0.9970437787,155.0536446,6.502266407,297.9801636,0,168.1568451,42.96290588,9.999999747e-05,79767.23438,17.11872864,3.568964688
66.40000153,170.7586439,81.26316222,26.18895,63.20329457,0.9977621934,154.6732834,6.502027035,297.9667358,0,167.7706299,39.08055496,9.999999747e-05,79819.42188,17.12280464,3.515207231
66.59999847,175.7779318,81.28589538,25.90874159,63.22760946,0.9917257333,152.617953,6.501842022,297.9592285,0,167.4894409,33.78523636,9.999999747e-05,79870.04688,17.07616997,3.505733384
66.80000305,179.9018964,80.80835088,25.77588296,63.51586254,0.9880458445,154.6991891,6.502671719,297.9567261,0,167.2724304,30.05314445,9.999999747e-05,79920.08594,17.05551338,3.512455687
67,168.930518,80.68334574,25.89602773,62.89473179,0.9895722541,153.4138292,6.502147675,297.954834,0,166.7205048,27.71103859,9.999999747e-05,79971.92969,17.06154633,3.490633721
67.19999695,169.8115124,81.47081682,25.8536225,62.97738231,0.9930480192,154.3152449,6.502257824,297.9590759,0,166.3857269,25.46057701,9.999999747e-05,80023.94531,17.0888195,3.527453973
67.40000153,168.2641027,80.90607416,25.77353965,62.55796432,0.9879375822,152.3786897,6.502761841,297.9629822,0,166.000473,25.23791313,9.999999747e-05,80075.64062,17.04710007,3.521620633
67.59999847,168.4431349,81.03133573,25.93110776,62.90542009,0.9918044479,154.5788301,6.504165173,297.9704895,0,165.4144592,25.02169609,9.999999747e-05,80127.75781,17.08186531,3.562130164
67.80000305,174.2746282,81.20378669,25.69857752,62.73175186,0.9880623119,151.1151304,6.506503582,297.97995,0,164.2654572,26.19609833,9.999999747e-05,80177.8125,17.05003357,3.592227724
68,172.5376885,81.26964256,25.90815134,62.82929542,0.9927274634,153.504847,6.507499695,297.9859009,0,162.1809235,28.2985611,9.999999747e-05,80228.3125,17.08731079,3.592014498
68.19999695,178.6436227,80.87890802,25.99041208,63.40222686,0.9923950989,154.9233987,6.507559776,297.9886169,0,159.7052917,29.52450562,9.999999747e-05,80277.23438,17.09072304,3.581873301
68.40000153,176.114916,81.25917994,25.81916589,63.15260819,0.9913501425,152.2578103,6.506362438,297.9899597,0,157.2043304,29.89250755,9.999999747e-05,80325.66406,17.07727623,3.570366933
68.59999847,172.1596868,81.20701239,26.08133988,63.14569354,0.9965749287,154.3025702,6.505552292,297.9946899,0,155.1834869,29.90268707,9.999999747e-05,80375.00781,17.1187706,3.606324401
68.80000305,171.4856358,81.2175269,25.86047242,63.26463327,0.991435135,153.5015096,6.505728722,298.0010681,0,153.4813232,31.15365219,9.999999747e-05,80424.00781,17.08005905,3.634768292
69,166.5974933,81.39635312,25.82882727,62.59443734,0.9909103563,152.96732,6.505638123,298.0063782,0,151.7066498,33.12096405,9.999999747e-05,80473.60938,17.06889343,3.647617918
69.19999695,167.7969922,81.29742969,25.78881514,62.58294507,0.9903571915,153.4602694,6.506480694,298.0137634,0,149.9722443,34.94497299,9.999999747e-05,80522.76562,17.0663166,3.686238208
69.40000153,167.6171395,81.20959036,25.92484603,62.91735689,0.9930504477,154.4634744,6.506645203,298.01828,0,147.8969116,37.69121933,9.999999747e-05,80571.75,17.09049225,3.693110489
69.59999847,171.6219989,81.27696152,26.06417572,63.1573808,0.9972755154,153.8352432,6.506697655,298.0236511,0,145.7610474,39.70655441,9.999999747e-05,80619.4375,17.12470818,3.720589271
69.80000305,170.079033,81.21977146,26.08012342,63.13158617,0.9977349749,153.6249098,6.507063866,298.0302429,0,143.6022491,42.2097168,9.999999747e-05,80667.01562,17.12837982,3.752635458
70,170.5209372,80.96884278,26.03979658,63.11378963,0.9959020337,152.7294365,6.505727768,298.0281372,0,141.2957001,45.32857895,9.999999747e-05,80713.69531,17.11307716,3.71309838
70.19999695,180.9713499,80.5750577,25.52913767,63.55132075,0.9841986879,152.9442399,6.503993034,298.0205383,0,139.5301971,45.68737793,9.999999747e-05,80757.67969,17.02863693,3.673109212
70.40000153,177.3401315,80.81405579,25.87437517,63.56036918,0.9899973641,151.2429621,6.503100872,298.0221558,0,138.4543304,44.13850784,9.999999747e-05,80802.05469,17.07018089,3.733165828
70.59999847,172.4389068,81.2409187,26.0454403,63.1821901,0.9973496707,153.6198062,6.503842831,298.0328674,0,137.7313538,45.5286026,9.999999747e-05,80848.08594,17.12658691,3.821270408
70.80000305,185.5264705,80.51514415,25.61624803,63.47263981,0.985304884,151.9805341,6.504687786,298.0350342,0,136.7089081,50.03715897,9.999999747e-05,80890.59375,17.03853035,3.790751598
71,168.5585454,81.47376382,25.82181573,63.03485442,0.9916260326,152.8413509,6.504526615,298.0382996,0,135.3534088,51.94369125,9.999999747e-05,80936.78906,17.07837868,3.820609572
71.19999695,181.1914427,80.6593402,25.89515834,63.4710503,0.992590485,154.5958569,6.5035882,298.0333862,0,134.0660248,54.3661499,9.999999747e-05,80980.22656,17.09528542,3.785050084
71.40000153,177.0672579,81.38531112,25.87081214,63.55785567,0.9953165306,152.1842116,6.502120972,298.0302124,0,133.1532135,54.07991028,9.999999747e-05,81024.00781,17.11259842,3.798356315
71.59999847,181.5287174,80.78656229,25.63473896,63.13166943,0.9883045705,152.1838879,6.502483368,298.0314941,0,132.8266907,54.26965714,9.999999747e-05,81066.71094,17.05955696,3.83017266
71.80000305,172.6208856,81.29060961,25.88009593,62.86260374,0.9948149299,152.4195364,6.501824379,298.0306091,0,132.3474884,55.87818527,9.999999747e-05,81111.33594,17.10468674,3.834499773
72,174.3427548,81.32265846,25.97392442,63.07863914,0.996760208,153.0869734,6.50094986,298.0280151,0,132.1410522,56.74400711,9.999999747e-05,81155.71875,17.12216949,3.83559602
72.19999695,170.8259929,81.32128601,26.06005441,63.18305733,0.9989141016,152.9790069,6.499489784,298.021759,0,132.2819214,57.00081635,9.999999747e-05,81200.79688,17.14010811,3.817376846
72.40000153,170.8954731,81.37856323,26.04769004,63.19927037,0.9988885592,153.046872,6.497870445,298.0135803,0,133.0080872,55.91353989,9.999999747e-05,81245.98438,17.14075851,3.802029877
72.59999847,174.4947659,81.41763381,25.8194641,63.16057791,0.9943224488,151.1497345,6.497198105,298.0073547,0,134.3805542,53.95787048,9.999999747e-05,81290.3125,17.10592651,3.803161639
72.80000305,171.8469879,81.20692486,26.03804892,63.21118078,0.9970556273,153.3591063,6.497999191,298.0067749,0,136.0182953,52.37168503,9.999999747e-05,81336.02344,17.13176155,3.8428342
73,170.6056862,81.36697351,25.78246144,63.19663037,0.9920854489,152.418159,6.498641968,298.0019531,0,137.3338165,52.4994278,9.999999747e-05,81382.00781,17.09334755,3.817167976
73.19999695,181.8337652,80.74204467,25.76188802,63.60390149,0.9890856367,152.5310807,6.499314308,297.9937744,0,138.3975372,51.09502792,9.999999747e-05,81425.71094,17.07740784,3.785001608
73.40000153,174.3117965,81.23534594,25.91706786,63.10448279,0.9945754783,152.9539422,6.49930191,297.986969,0,139.1916809,48.38339615,9.999999747e-05,81471.32031,17.11467171,3.783345148
73.59999847,174.242331,81.36258531,25.96355939,63.18439902,0.9944540076,152.5934458,6.499893665,297.9847412,0,139.9931793,45.86535263,9.999999747e-05,81517.10156,17.11431122,3.804591525
73.80000305,172.0690686,81.46840269,25.9697241,63.35206301,0.9949511413,152.5721084,6.50130558,297.986969,0,140.553772,44.65643311,9.999999747e-05,81563.51562,17.12104034,3.836241974
74,171.093165,81.35677558,25.86992511,62.86123502,0.9941994577,152.270457,6.502863407,297.9887695,0,140.5488739,44.86470795,9.999999747e-05,81610.03125,17.1135788,3.838155466
74.19999695,173.8239122,81.26304797,25.89295151,63.06661112,0.9946249281,152.5297908,6.505331516,297.9960327,0,139.9229584,44.98892975,9.999999747e-05,81655.98438,17.12102699,3.887158157
74.40000153,171.4881501,81.29859938,25.99411726,63.21344351,0.9962809493,153.1516645,6.506206989,297.997406,0,138.3073273,47.05337524,9.999999747e-05,81702.17188,17.13377571,3.86155015
74.59999847,170.2440093,81.313439,25.99053976,63.23652504,0.9956564009,152.0662104,6.505651951,297.9950256,0,136.349472,47.32241058,9.999999747e-05,81747.92969,17.12663269,3.833901145
74.80000305,171.4768162,81.13241913,25.91499317,63.156685,0.9947031515,151.5980041,6.505866051,297.9983521,0,134.6133728,46.39487457,9.999999747e-05,81793.00781,17.12068367,3.871431944
75,185.5199657,80.75937843,25.59731633,63.46312703,0.9865058659,152.4023926,6.505355358,297.9956665,0,132.7845612,47.37825775,9.999999747e-05,81834.78906,17.06142044,3.831525193
75.19999695,173.4843427,81.26514718,25.89322923,63.17282698,0.9954785276,152.4840174,6.504674435,297.9998169,0,131.1648102,46.36606598,9.999999747e-05,81878.97656,17.126688,3.884142896
75.40000153,177.1861791,80.77277622,25.53794608,63.17395719,0.9863951225,152.8826507,6.502475739,297.9926147,0,129.8157043,47.64888763,9.999999747e-05,81921.88281,17.05779648,3.799902628
75.59999847,170.0193422,81.23244502,25.58765335,62.90281366,0.9857780211,150.9272497,6.500062943,297.9891968,0,129.3503876,45.13122177,9.999999747e-05,81965.89062,17.04545784,3.811113501
75.80000305,168.8233445,81.30327819,25.71662499,62.89436547,0.9919510545,152.5384554,6.49894762,297.9916382,0,129.8461761,43.72239685,9.999999747e-05,82010.69531,17.0980835,3.858198261
76,167.4936242,81.30263858,25.76314349,62.8604211,0.9927498885,152.6478684,6.498578548,297.9949646,0,130.7830963,44.19297028,9.999999747e-05,82056.03125,17.10577774,3.875815488
76.19999695,181.0533144,80.83454434,25.53980767,63.47209651,0.9859870698,153.4077038,6.498413086,297.9920349,0,131.8692932,45.00061798,9.999999747e-05,82098.73438,17.06251526,3.835324144
76.40000153,175.8520969,81.13783179,25.84034882,63.142795,0.9927911157,152.8000828,6.498084068,297.9905396,0,133.0234985,43.77806473,9.999999747e-05,82142.74219,17.11111832,3.846155606
76.59999847,172.2657515,81.31489931,25.90779443,63.17580602,0.996367074,152.1400937,6.4987607,297.993103,0,134.3104706,42.99222183,9.999999747e-05,82187.71875,17.14123344,3.880551585
76.80000305,171.8308666,81.3482047,25.92357011,63.20193686,0.9956664089,152.0946581,6.498621464,297.9898682,0,135.3228607,43.52392197,9.999999747e-05,82232.91406,17.13563538,3.842400967
77,182.4571296,80.81546596,25.74493001,63.50131784,0.9913679166,153.696962,6.499991894,297.9886475,0,136.3968506,42.13508987,9.999999747e-05,82276.35156,17.11209869,3.853746868
77.19999695,168.0577559,81.46361746,25.70767576,62.91073036,0.9927528759,152.3537199,6.500917435,297.9883423,0,136.9151459,41.35599899,9.999999747e-05,82322.71875,17.11486626,3.859660596
77.40000153,167.6015446,81.42717923,25.7311528,62.90316291,0.9925362967,152.165402,6.502137661,297.989624,0,137.0695038,40.83538055,9.999999747e-05,82369.19531,17.11414337,3.873864244
77.59999847,171.6236109,81.29525461,25.7631434,62.98255804,0.9912198824,150.1948222,6.502892971,297.9893799,0,136.73349,40.84528351,9.999999747e-05,82414.3125,17.1030674,3.860422448
77.80000305,169.1127546,81.47156495,25.65191728,62.89415633,0.9894552088,151.2504469,6.503186703,297.9881897,0,136.0977783,40.35771561,9.999999747e-05,82460.03125,17.08903503,3.853087479
78,183.0558144,80.47975937,25.69280235,63.51525159,0.9872507926,153.1876285,6.504487514,297.9888306,0,135.3445587,39.55169678,9.999999747e-05,82502.9375,17.08466721,3.865859155
78.19999695,183.1197486,80.74070252,25.62176799,63.48918887,0.9884826294,152.5484705,6.505605698,297.9916687,0,134.0661774,39.34392166,9.999999747e-05,82545.51562,17.09398842,3.886416654
78.40000153,174.1994391,81.33241233,25.73961332,63.16999776,0.9911836638,150.4260337,6.506049633,297.9976196,0,132.3444672,39.89681244,9.999999747e-05,82589.34375,17.10648918,3.920339713
78.59999847,167.4305654,81.24246162,25.54818312,62.60033571,0.9883292353,150.6616874,6.506428242,298.0032654,0,130.4466553,41.61434555,9.999999747e-05,82634.20312,17.08119774,3.930549949
78.80000305,173.7057065,81.26453441,25.75893025,62.94693656,0.9918833984,152.0617253,6.506454468,298.0101013,0,128.395462,43.42556,9.999999747e-05,82677.72656,17.11174583,3.962919788
79,167.7432634,81.43684601,25.62287498,62.62754137,0.9898384666,151.4213808,6.505422115,298.0128479,0,126.3348923,45.8692131,9.999999747e-05,82721.90625,17.09098816,3.945066629
79.19999695,179.66984,80.91235108,25.46785879,63.09438796,0.9859465878,153.1811125,6.504439831,298.0128479,0,124.6895599,47.14195633,9.999999747e-05,82763.5,17.06947708,3.932781957
79.40000153,176.1061117,81.09763474,25.78138787,63.386601,0.9919237149,151.9342738,6.502411842,298.0120239,0,123.4334793,47.60617065,9.999999747e-05,82805.39062,17.1146698,3.932531436
79.59999847,166.8075004,81.31029569,25.67384388,62.84953082,0.9912505797,151.8910806,6.498655796,298.0027771,0,122.9923172,47.80316925,9.999999747e-05,82848.99219,17.10298538,3.862486239
79.80000305,170.1362903,81.36550957,25.56686336,63.0298036,0.9907859414,151.2974217,6.496399879,297.9987183,0,124.055748,45.0652771,9.999999747e-05,82892.05469,17.10393143,3.888585858
80,167.2084335,81.34213142,25.64666607,62.82074532,0.9919252514,151.662429,6.493647099,297.989624,0,126.0111618,43.84321213,9.999999747e-05,82936.10156,17.11176491,3.839392679
80.19999695,172.9773381,81.08613135,25.80562185,63.16247743,0.9935857355,151.6618654,6.492056847,297.9822083,0,129.0742035,40.68220901,9.999999747e-05,82979.53906,17.13099861,3.834697507
80.40000153,172.0692801,81.40397749,25.8228374,63.20024994,0.9950872433,151.322481,6.49210453,297.9789429,0,132.7679596,37.80393982,9.999999747e-05,83023.95312,17.1454525,3.859409703
80.59999847,179.1818557,80.73818743,25.42495687,63.09415682,0.9845442518,152.28255,6.494805813,297.9769592,0,136.4408569,36.07184601,9.999999747e-05,83067.67188,17.07187653,3.862108316
80.80000305,176.1010893,81.24337583,25.75220058,63.18317719,0.9913904317,152.1158659,6.499165058,297.984314,0,139.0297699,34.61462402,9.999999747e-05,83112.82812,17.12657928,3.957740063
81,174.2236305,81.35549034,25.75158867,63.05948953,0.9934729046,151.5469335,6.503807545,297.9924316,0,139.8781281,36.30260468,9.999999747e-05,83158.5,17.14412689,3.986951321
81.19999695,172.2189348,81.37239988,25.82204457,63.20477153,0.9945676386,151.9533438,6.506400585,297.9921875,0,138.8737793,38.45941162,9.999999747e-05,83204.35938,17.15215874,3.929500314
81.40000153,178.0875213,80.84351591,25.51691789,63.21757217,0.9861301013,153.0347304,6.508574486,297.9897461,0,136.8398895,38.03944778,9.999999747e-05,83248.60938,17.08974266,3.901177704
81.59999847,173.118524,81.34786635,25.7567385,63.19983946,0.9935955205,151.4643143,6.508653164,297.9880371,0,133.9312744,36.89785385,9.999999747e-05,83293.07812,17.14208984,3.897570408
81.80000305,171.5129325,81.41543227,25.83260794,63.24480059,0.9934252833,151.013733,6.508836746,297.993042,0,130.9967499,35.94584274,9.999999747e-05,83337.3125,17.13938904,3.953927175
82,186.1989425,80.82802482,25.60323256,63.71152962,0.9872864927,152.7537083,6.509931564,298.0016479,0,127.9817581,37.23895264,9.999999747e-05,83378.20312,17.10142708,4.000844084
82.19999695,182.6876522,80.83181183,25.58217034,63.4673286,0.9889627029,152.6164644,6.510966778,298.0149536,0,124.5260849,39.91077042,9.999999747e-05,83419.1875,17.11382484,4.06427589
82.40000153,169.6786591,81.38044065,25.54465913,63.00118942,0.9901792254,150.9908747,6.510353565,298.0267029,0,120.659462,44.4969902,9.999999747e-05,83461.875,17.11331558,4.078367454
82.59999847,172.1293731,81.34775807,25.60170618,62.86753968,0.9920156734,150.1133199,6.509177208,298.0398254,0,117.0434418,49.01284027,9.999999747e-05,83503.21094,17.12545967,4.117584784
82.80000305,173.5066597,81.40273689,25.74628585,63.13179915,0.9921447752,150.4172793,6.507221222,298.0522766,0,113.8945236,54.4536438,9.999999747e-05,83543.78125,17.12565041,4.146942725
83,181.7592752,80.85732376,25.62285436,63.59382886,0.9885017239,151.7058069,6.505502224,298.0629272,0,111.5286331,60.14678955,9.999999747e-05,83582.33594,17.1059742,4.161420802
83.19999695,185.5580684,80.77436794,25.52535854,63.63145018,0.9885567027,152.2143161,6.502932072,298.065033,0,109.8471222,65.68260193,9.999999747e-05,83619.77344,17.10764122,4.12581926
83.40000153,171.6347448,81.38308946,25.77362406,63.24365617,0.994615784,150.3531998,6.500200272,298.0701904,0,109.1971283,68.68516541,9.999999747e-05,83659.82812,17.14644623,4.170787748
83.59999847,185.8213239,80.73600217,25.63339427,63.595209,0.9896423574,153.1188334,6.497731209,298.0644226,0,109.6377487,72.89180756,9.999999747e-05,83697.35938,17.11650276,4.114740441
83.80000305,183.5252827,80.71905804,25.5842268,63.53200449,0.9902383554,152.9295994,6.495959759,298.0563354,0,111.0647125,73.49277496,9.999999747e-05,83735.59375,17.12319183,4.103968676
84,182.2426298,80.89100712,25.62375778,63.63788693,0.9895569015,151.3567108,6.495295048,298.0502014,0,113.1986389,73.16327667,9.999999747e-05,83774.28125,17.1180954,4.122130418
84.19999695,174.3447626,81.17423468,25.68522357,63.33942379,0.9936771685,150.5865959,6.495529175,298.0452576,0,115.5970993,73.21839142,9.999999747e-05,83815.03125,17.14935303,4.139554082
84.40000153,186.00748,80.90974258,25.49797161,63.44836198,0.9892083569,152.2052805,6.495548248,298.0274658,0,117.9025955,73.44843292,9.999999747e-05,83853.9375,17.11867332,4.052124682
84.59999847,174.6667946,81.35709456,25.66157776,63.0966312,0.9943965994,151.0611339,6.495739937,298.0120239,0,120.2039413,69.04404449,9.999999747e-05,83895.53125,17.15470886,4.05319557
84.80000305,184.8347029,80.84554445,25.43081811,63.20102008,0.9865464241,151.9883166,6.497116089,297.9967957,0,122.4273071,64.87354279,9.999999747e-05,83935.47656,17.09975433,4.029011366
85,183.157465,80.680316,25.54183751,63.53718307,0.9879433244,152.2769345,6.498524189,297.9820251,0,124.0969315,60.19254303,9.999999747e-05,83976.10156,17.11555099,4.007007082
85.19999695,185.1229876,80.85940342,25.49539924,63.43688607,0.9886749111,152.2904241,6.499971867,297.9699707,0,125.207016,55.09288788,9.999999747e-05,84016.54688,17.12159729,4.000456517
85.40000153,172.4655008,81.28454455,25.66103335,63.14698379,0.9932896607,150.3592539,6.501448154,297.9651794,0,125.737999,50.36248016,9.999999747e-05,84059.46875,17.15276909,4.03515791
85.59999847,172.5494734,81.43716114,25.74879778,63.15177172,0.9942626569,151.1761345,6.503529549,297.967926,0,125.678566,47.67619324,9.999999747e-05,84102.67188,17.16167259,4.093260044
85.80000305,182.0731567,80.88022144,25.56384262,63.51961791,0.9881534142,151.7854131,6.506113529,297.9722595,0,124.7845764,47.35496902,9.999999747e-05,84143.71094,17.12196541,4.10449916
86,182.6797473,80.80207898,25.41229897,63.23853945,0.986325619,151.4229786,6.508450031,297.9789429,0,122.8573608,47.62912369,9.999999747e-05,84184.15625,17.10691643,4.125710624
86.19999695,181.0236077,80.87379813,25.37173184,63.1730407,0.9839931673,152.9080899,6.508923531,297.9801636,0,119.9979706,48.8596077,9.999999747e-05,84224.59375,17.08519745,4.085137603
86.40000153,169.3697858,81.40903662,25.53662717,62.89210621,0.986381451,150.77266,6.508921146,297.9911499,0,116.9543915,48.43955612,9.999999747e-05,84266.64844,17.09547424,4.170996934
86.59999847,171.9450624,81.30077039,25.65657914,63.19091437,0.9914147451,149.6673113,6.50780344,298.0006714,0,113.907402,51.47676468,9.999999747e-05,84307.32031,17.13719749,4.173784591
86.80000305,168.1253387,81.39649948,25.46009996,62.73195537,0.9896430653,150.1688322,6.505738258,298.0065613,0,111.3095932,54.35099792,9.999999747e-05,84348.32031,17.11917686,4.156596793
87,175.5286294,81.19270393,25.66265045,63.26493248,0.9921171739,150.9831587,6.502511501,298.0065308,0,109.5374908,56.33874893,9.999999747e-05,84387.51562,17.14206123,4.12077485
87.19999695,172.7883831,81.50556469,25.60290452,63.02945161,0.9942666224,150.2720576,6.499722481,298.0095215,0,109.0568085,56.52425003,9.999999747e-05,84427.16406,17.15738678,4.150929809
87.40000153,165.2649285,81.39494723,25.54445994,62.79840507,0.9909447257,150.6598077,6.499127865,298.0226135,0,109.6867294,57.7982254,9.999999747e-05,84468.71875,17.13400078,4.246630676
87.59999847,182.708826,80.86808752,25.39499655,63.20522037,0.9874853347,150.9937603,6.498577595,298.0238953,0,110.5485764,62.65707016,9.999999747e-05,84506.67188,17.11457253,4.174948302
87.80000305,174.887695,81.39669251,25.59346573,63.05348103,0.9917562587,150.3774663,6.49898386,298.0328674,0,111.6375351,63.84672546,9.999999747e-05,84546.625,17.14553642,4.256100493
88,173.3129886,81.37507511,25.70602405,63.17669064,0.9939063093,150.7932411,6.499497414,298.0379333,0,112.5608292,67.83264923,9.999999747e-05,84587.17969,17.16483116,4.251693461
88.19999695,171.5841634,81.47250529,25.55654531,62.84927702,0.9921313418,150.1456294,6.500453472,298.0418396,0,113.2815781,70.74434662,9.999999747e-05,84628.13281,17.14957237,4.258274364
88.40000153,173.0762089,81.39275434,25.6311516,63.27710594,0.9941879573,150.5652747,6.501638412,298.0453491,0,113.6186676,73.46905518,9.999999747e-05,84668.95312,17.17226028,4.2732635
88.59999847,181.5861407,80.75381504,25.56187762,63.5766024,0.9880366639,151.4776168,6.503054142,298.0447388,0,113.4824448,76.21976471,9.999999747e-05,84707.99219,17.13020706,4.251253196
88.80000305,174.3573852,81.37603017,25.72834666,63.25417112,0.9931946127,151.472546,6.503950596,298.0481567,0,112.7799301,77.6838913,9.999999747e-05,84748.61719,17.16472435,4.299503113
89,171.4969628,81.44761513,25.6045294,63.14902209,0.9954980336,150.0828754,6.504592419,298.0516052,0,111.7213669,80.5435791,9.999999747e-05,84789.35156,17.18383217,4.308894531
89.19999695,173.0677902,81.45573233,25.73933027,63.24945102,0.9939206734,150.7005144,6.503969669,298.046814,0,110.4051666,83.5138855,9.999999747e-05,84829.55469,17.16794205,4.267529819
89.40000153,171.1175435,81.57773863,25.60543207,63.15040772,0.9965922623,150.0903434,6.502346516,298.0349121,0,109.341423,83.77445221,9.999999747e-05,84869.73438,17.18844795,4.21606057
89.59999847,178.0647316,80.93316146,25.2359927,63.18089151,0.9834488904,150.7123616,6.50141573,298.0221863,0,108.9260788,81.46259308,9.999999747e-05,84908.28906,17.08920097,4.185349808
89.80000305,167.993582,81.52916545,25.46509153,62.98496266,0.9896143492,149.9433012,6.501291275,298.0248718,0,108.8777313,78.47016144,9.999999747e-05,84949.10156,17.13472366,4.297742665
90,181.9724734,80.95717622,25.42728088,63.4670838,0.9902258014,151.3800258,6.501504421,298.0237427,0,108.8786774,80.31665802,9.999999747e-05,84987.14844,17.15085411,4.277496101
90.19999695,165.8908556,81.48532342,25.43897909,62.848479,0.9921573755,150.5185987,6.501556873,298.0257263,0,108.7958679,80.84760284,9.999999747e-05,85028.47656,17.15794754,4.307587336
90.40000153,175.324802,81.10980316,25.23197148,63.07212537,0.9851822629,150.6080377,6.502389431,298.0294495,0,108.6936951,82.42375183,9.999999747e-05,85067.78125,17.10901833,4.32214854
90.59999847,172.270508,81.20561585,25.47904079,62.91180491,0.9916934952,149.3103185,6.503190517,298.038208,0,108.2553329,84.66270447,9.999999747e-05,85107.49219,17.15872955,4.372031784
90.80000305,168.9403713,81.51989062,25.53105395,62.99380479,0.9899458307,150.9726158,6.502915382,298.0390625,0,107.4992523,88.76148224,9.999999747e-05,85148.07812,17.1416111,4.341128387
91,182.2635757,81.00676524,25.4141453,63.45856884,0.9879654133,150.6455356,6.501943588,298.0273132,0,106.8566208,90.42654419,9.999999747e-05,85185.45312,17.13225555,4.252706916
91.19999695,179.3021228,80.94755312,25.36394734,63.29861165,0.9849624828,152.7584314,6.500674725,298.0126038,0,106.6014175,87.8249054,9.999999747e-05,85223.73438,17.10799217,4.222617878
91.40000153,174.0032765,81.29534049,25.62801419,63.22948303,0.9921973307,150.8305444,6.498538494,297.9954834,0,106.8525391,83.86293793,9.999999747e-05,85262.82031,17.15964317,4.195587418
91.59999847,165.8161351,81.70430133,25.4372515,63.03980755,0.9901831334,148.9890083,6.496823788,297.980835,0,107.960144,78.54283905,9.999999747e-05,85303.49219,17.14080048,4.18806064
91.80000305,177.4902369,80.94860627,25.21962345,63.15593046,0.9867284786,151.2852075,6.496890068,297.9687195,0,109.7494583,73.44565582,9.999999747e-05,85342.39062,17.12616539,4.177928645
92,173.5197726,81.45183696,25.48116855,63.0566152,0.993467405,149.7487777,6.497076511,297.9600525,0,111.5076752,68.65532684,9.999999747e-05,85382.32031,17.17526436,4.195302235
92.19999695,166.7484811,81.62579585,25.35283262,62.70615637,0.9922850163,149.9785603,6.497661591,297.9515686,0,113.1966019,64.58583832,9.999999747e-05,85424.01562,17.1646595,4.178884859
92.40000153,183.4673178,81.06199576,25.3573569,63.53875458,0.986913548,150.4582163,6.498797417,297.9416504,0,114.6506805,60.22385025,9.999999747e-05,85462.47656,17.13262367,4.143419603
92.59999847,175.5346892,81.04832285,25.20313748,63.06918974,0.9836513409,150.0300482,6.5015769,298.1483765,0,115.6498489,18.06715584,72.73908234,85502.75781,17.10773087,4.216972904
92.80000305,172.0450896,81.40031892,25.52789304,63.30377582,0.9912923599,149.4449622,6.503200054,298.1439209,0,115.5335464,87.26976776,7.273908138,85543.65625,17.16612434,4.205601142
93,174.8363363,81.41989279,25.69464585,63.39748249,0.9928685495,151.3460152,6.504050732,298.1190186,0,114.7770538,89.74731445,0.7273908257,85584.22656,17.17891121,4.198260883
93.19999695,181.8640577,81.07065077,25.37885888,63.51586717,0.9909246338,151.5596684,6.505460739,298.0984497,0,113.6790695,86.58625793,0.07273907959,85623.09375,17.172472,4.215855096
93.40000153,172.0830626,81.30070263,25.54683639,63.16219698,0.9917286875,148.9962202,6.505494118,298.0777893,0,112.0127869,84.14162445,0.007273908239,85663.16406,17.16843033,4.203045785
93.59999847,173.9077381,81.31258673,25.56090521,63.14279159,0.9898442239,150.524908,6.504297733,298.0539856,0,110.3396225,80.85532379,0.0007273908122,85702.76562,17.15143967,4.164609427
93.80000305,167.9283696,81.43026149,25.56049854,63.08945819,0.9877500586,150.4517014,6.502143383,298.0299072,0,109.1446457,75.71689606,9.999999747e-05,85743.32031,17.13125038,4.13298718
94,167.4753435,81.37924819,25.41707464,62.88111693,0.988972806,150.4367519,6.499475002,298.004425,0,108.8105621,69.61343384,9.999999747e-05,85783.78125,17.141222,4.080164689
94.19999695,171.0551016,81.42856571,25.48296724,63.05269347,0.9923637415,149.4312161,6.49666357,297.9806519,0,109.5424805,62.12390137,9.999999747e-05,85823.42188,17.16945839,4.047828328
94.40000153,180.0861059,81.13336481,25.32348509,63.45604701,0.9877231154,150.2678319,6.495546818,297.9634399,0,111.3976746,54.28365707,9.999999747e-05,85861.6875,17.14236832,4.055498822
94.59999847,171.4464126,81.52577804,25.46336438,63.06223226,0.9935557209,150.1576993,6.49468708,297.9492798,0,113.6936111,47.7925148,9.999999747e-05,85902.26562,17.18506432,4.048579078
94.80000305,169.5709132,81.60956352,25.40537175,62.85747617,0.9935624219,149.5214855,6.494197845,298.1022339,0,116.3379898,14.33775425,57.877491,85943.54688,17.18477821,4.003220953
95,170.1950005,81.56912216,25.4645451,63.11763487,0.9945112224,149.8352387,6.494025707,298.0768127,0,119.1777039,65.3170929,5.78774929,85985.23438,17.19662857,3.959083352
95.19999695,173.4507363,81.60822261,25.50471568,63.25871476,0.9926606659,149.7043137,6.495134354,298.0440063,0,122.0864639,59.23302841,0.578774929,86026.85938,17.18523788,3.974194432
95.40000153,173.1267811,81.75395017,25.65254368,63.45906141,0.9919121831,150.2207581,6.495885372,298.0119629,0,124.5485535,50.98453903,0.05787749216,86069.13281,17.17938995,3.935742775
95.59999847,171.6828759,81.59934736,25.40144667,63.10409352,0.9923570667,149.8305148,6.498558998,297.9907837,0,126.7154541,41.82783508,0.005787749309,86112.0625,17.18893623,3.967877354
95.80000305,171.7291836,81.8027933,25.44482852,63.1338584,0.9931290413,149.425562,6.500648499,297.9724731,0,127.8054123,35.20454407,0.000578774896,86155.125,17.19428444,3.942782633
96,170.7560363,81.82670879,25.41258871,63.02461919,0.9928355843,149.1826011,6.503135681,297.9612732,0,128.067688,28.70343971,9.999999747e-05,86198.42188,17.19318962,3.965400928
96.19999695,181.9190812,81.16333387,25.3063534,63.47431771,0.9889156957,151.4466368,6.504973888,297.9494629,0,127.3319092,23.94400215,9.999999747e-05,86239.48438,17.17121887,3.907111623
96.40000153,173.4368844,81.68910289,25.51632829,63.25117808,0.991984972,150.5012783,6.504918575,298.0384827,0,125.8642883,7.183200359,34.80204773,86281.86719,17.18639374,3.887011586
96.59999847,171.4122026,81.53646755,25.42072754,63.06922839,0.9875895204,150.4021264,6.505383492,298.0254211,0,124.4229736,36.09028244,3.480204582,86324.34375,17.15172768,3.918262381
96.80000305,183.7828309,81.21703986,25.34328202,63.43721589,0.9857669938,151.8553159,6.507005215,298.0128784,0,122.7879562,32.36373901,0.3480204642,86364.27344,17.14686394,3.988045751
97,171.6160796,81.54189114,25.42708683,63.09202913,0.9932439028,150.0320187,6.506999493,298.0021362,0,120.5021133,29.0909462,0.03480204567,86405.92969,17.20029068,3.976152773
97.19999695,169.9449254,81.70435292,25.40966901,63.04030982,0.9937859322,149.217376,6.505277634,297.991272,0,118.2275696,25.95755386,0.003480204614,86447.25781,17.20061111,3.933403737
97.40000153,180.0188123,81.2765349,25.29341977,63.3349143,0.9858445824,150.2956482,6.503835201,297.983551,0,116.6422195,22.37338638,0.0003480204614,86486.32031,17.14241219,3.934658467
97.59999847,172.3636681,81.48756365,25.40596486,63.10572142,0.9908381082,150.2367523,6.50070858,297.9747314,0,115.6274338,19.45574188,9.999999747e-05,86526.71875,17.17733383,3.880748359
97.80000305,182.9499213,81.15615188,25.18588492,63.21508376,0.9868894905,150.4819145,6.49865675,297.9685669,0,115.8696899,15.85842133,9.999999747e-05,86564.9375,17.15259933,3.877350237
98,169.5867662,81.49068008,25.34938648,63.01205989,0.9929944789,149.3123349,6.496663094,297.965332,0,116.9236374,12.84798813,9.999999747e-05,86605.98438,17.19841003,3.883092822
98.19999695,169.6323903,81.60567376,25.2836003,62.84753237,0.9926702532,148.3697978,6.496575832,297.9667358,0,118.7783356,10.60626602,9.999999747e-05,86647.3125,17.19839859,3.93635249
98.40000153,169.7330529,81.50233765,25.35492291,62.97538355,0.9924667413,149.4561136,6.496161461,297.9647522,0,120.6618271,9.808960915,9.999999747e-05,86689.13281,17.19918442,3.882418664
98.59999847,168.9194382,81.68574548,25.26257429,62.76893111,0.9900159725,149.4082002,6.497046947,297.9651489,0,122.7182236,7.866709232,9.999999747e-05,86731.60156,17.18080139,3.908131052
98.80000305,167.9672073,81.45053525,25.26442714,62.87412645,0.9887011782,148.9353811,6.497094154,297.9615173,0,124.4152451,6.695669174,9.999999747e-05,86774.32812,17.17171097,3.824726553
99,169.9617681,81.82555551,25.31832387,63.01569037,0.9921666704,149.0193888,6.497684002,297.9605408,0,126.1001892,4.131761551,9.999999747e-05,86817.125,17.20195389,3.843893547
99.19999695,169.5737062,81.47321322,25.41813165,63.00991072,0.9894734975,149.0983123,6.49842453,297.9592896,0,127.544899,2.385392904,9.999999747e-05,86860.19531,17.18190193,3.817475765
99.40000153,171.9039806,81.5434919,25.35409027,63.00102227,0.9891646237,149.1126182,6.498659611,297.9571533,0,128.694519,0.4821711779,9.999999747e-05,86902.95312,17.1804409,3.773556009
99.59999847,171.6313552,81.66646302,25.40990823,63.18668668,0.9910497289,149.4485277,6.500383377,297.9578552,0,129.7523346,9.999999747e-05,9.999999747e-05,86946.17969,17.20098686,3.836166528
99.80000305,176.9720194,81.48186314,25.12741598,63.30753991,0.9873771123,150.7697002,6.50295496,297.9578552,0,130.1141052,9.999999747e-05,9.999999747e-05,86988.58594,17.18007469,3.841888314
100,172.8909228,81.63939103,25.44377111,63.30490335,0.9896966463,149.7577561,6.504843712,297.9592285,0,129.449173,9.999999747e-05,9.999999747e-05,87031.57812,17.19409561,3.863552909
100.1999969,171.2971523,81.91557622,25.34777532,63.2574732,0.9925313548,149.0359389,6.505896091,297.9605103,0,128.0337677,9.999999747e-05,9.999999747e-05,87074.49219,17.21644592,3.857267679
100.4000015,168.2943752,81.87495764,25.22189246,63.06438497,0.9915198,149.4515519,6.50689888,297.9625854,0,126.1978912,9.999999747e-05,9.999999747e-05,87117.73438,17.20951843,3.875302748
100.5999985,170.3715762,81.93815217,25.406631,63.20913365,0.9883953566,150.2379588,6.507815838,297.9676208,0,123.9584732,9.999999747e-05,9.999999747e-05,87160.38281,17.18354797,3.935435786
100.8000031,176.1665822,81.72535953,25.456142,63.15846192,0.9881083782,150.6874588,6.506717205,297.9695129,0,121.3524017,0.3180688024,9.999999747e-05,87201.25,17.1785984,3.871212063
101,172.8007626,81.7953798,25.40689961,63.23773081,0.9897101942,150.2460512,6.505774021,297.9738159,0,119.19207,9.999999747e-05,9.999999747e-05,87242.35938,17.19390488,3.912002126
101.1999969,168.3107943,81.57074173,25.30074403,62.99260002,0.9931571546,149.3809644,6.504031181,297.9765015,0,117.4020386,0.3357880116,9.999999747e-05,87283.73438,17.22193146,3.875222222
101.4000015,178.4702224,81.48276244,25.15542268,63.30134546,0.9891719483,149.9565271,6.503411293,297.9813843,0,116.3123093,0.2481514961,9.999999747e-05,87322.96875,17.19715309,3.928305568
101.5999985,164.6284313,81.81069981,25.20896697,62.84170917,0.9900409037,148.4261183,6.502467155,297.9869995,0,115.464241,1.022697806,9.999999747e-05,87364.67188,17.19727898,3.947843543
101.8000031,172.0954005,81.38135993,25.44178252,63.13184684,0.9868395581,149.9344143,6.501482487,297.9909058,0,114.9984741,2.229624748,9.999999747e-05,87404.98438,17.17453384,3.945078843
102,177.4939401,80.94737957,25.17489962,63.22472085,0.983090627,150.9149024,6.500605583,297.9909363,0,114.9257278,3.05241394,9.999999747e-05,87444.1875,17.15154648,3.894093483
102.1999969,169.4619737,81.48111797,25.25756842,62.97451975,0.9915412103,149.070772,6.498923302,297.9906311,0,115.2032471,2.686479092,9.999999747e-05,87484.8125,17.21442223,3.875654385
102.4000015,167.8394668,81.91679591,25.20414548,63.00974287,0.9939350414,148.4904053,6.496679306,297.9885254,0,116.156662,2.241768599,9.999999747e-05,87525.875,17.23271942,3.837035506
102.5999985,168.6649195,81.68921246,25.28719021,63.03323958,0.9926054166,148.2952238,6.494912148,297.9855042,0,118.0070038,1.165761352,9.999999747e-05,87567.03125,17.22381973,3.809647123
102.8000031,168.6698686,81.70353325,25.20326946,62.93636483,0.9933848375,148.0894056,6.49393177,297.9816284,0,120.5608139,9.999999747e-05,9.999999747e-05,87608.60938,17.23321152,3.786128526
103,167.456867,81.41493368,25.28466732,62.96711819,0.9922813135,148.1899029,6.49448967,297.9772644,0,123.5056458,9.999999747e-05,9.999999747e-05,87651.02344,17.22934914,3.795179948
103.1999969,174.6976319,81.78290364,25.3687234,63.20753307,0.991840273,150.7028334,6.494165421,297.9686279,0,126.2248993,9.999999747e-05,9.999999747e-05,87693,17.22709274,3.73509931
103.4000015,168.8932116,81.97445249,25.23298775,63.20938879,0.9951538216,149.4225905,6.496222973,297.9622192,0,129.081543,9.999999747e-05,9.999999747e-05,87736.60938,17.26093864,3.79486641
103.5999985,169.8271148,82.10572922,25.30818238,63.30881257,0.9935716347,149.3153926,6.498508453,297.9550171,0,131.10466,9.999999747e-05,9.999999747e-05,87780.4375,17.24931526,3.792010615
103.8000031,170.9941718,81.77171095,25.33419863,63.03427825,0.9924863035,149.7694807,6.50060606,297.9455261,0,132.2203217,9.999999747e-05,9.999999747e-05,87824.21094,17.24114418,3.755387965
104,180.6653276,81.4001724,25.1842464,63.5836819,0.9868374611,150.2703539,6.501185417,297.960022,0,132.4983063,9.999999747e-05,11.95014858,87865.88281,17.20165825,3.653475791
104.1999969,173.1778743,82.05379401,25.32490581,63.27003486,0.9915151877,150.0950031,6.500654697,297.9445801,0,132.5488739,3.029827833,1.195014834,87909.19531,17.2326889,3.647596584
104.4000015,172.1658991,82.16198074,25.2559741,63.20299417,0.9934237978,149.799918,6.500732422,297.9839478,0,132.8105164,0.9089483023,22.36412621,87952.74219,17.2507267,3.664511732
104.5999985,178.4711721,81.72060347,25.05678244,63.44432832,0.9904948613,150.8496416,6.502374172,297.962616,0,133.0355988,12.52368736,2.236412525,87995.14844,17.23805428,3.687946044
104.8000031,172.7429885,82.19798179,25.35850244,63.33179729,0.991015743,149.6154962,6.502965927,297.9454041,0,132.6008301,4.270221233,0.2236412615,88038.53906,17.23401833,3.701701723
105,168.8151713,82.29233127,25.18667766,63.28613354,0.9959538256,149.4263429,6.503064632,297.9665222,0,131.9378204,1.281066298,15.03110886,88082.53125,17.27720642,3.678102966
105.1999969,169.946563,82.35296411,25.16953986,63.21400421,0.9956444992,149.2603387,6.502727509,297.9483643,0,131.2336121,6.652096272,1.503110886,88126.09375,17.27435493,3.667499392
105.4000015,173.1773211,82.22234778,25.37433787,63.51229578,0.992319315,150.8668665,6.500451088,297.9954529,0,130.6639404,1.995628953,27.70913696,88169.08594,17.24654198,3.598679906
105.5999985,169.4340401,81.99199461,25.19264881,63.20067952,0.9957148755,149.9694565,6.498641968,297.9646606,0,131.0099792,16.4391098,2.770913601,88212.625,17.27716255,3.575261364
105.8000031,166.8209256,82.33970173,25.09145294,63.17236117,0.9964273184,149.9886562,6.496487617,297.9379272,0,132.0718994,5.29248476,0.2770913541,88256.94531,17.28370857,3.548062444
106,169.1327117,81.98143667,25.31283556,63.28698065,0.9917715256,149.8160498,6.494903564,297.9579773,0,133.9980469,1.587745428,18.03481865,88301.08594,17.24740601,3.539029877
106.1999969,168.6341727,82.39199532,25.18079792,63.30416851,0.9956795593,149.0292274,6.49462986,297.9333801,0,136.5548553,6.383162498,1.803481817,88345.78906,17.28370094,3.560275136
106.4000015,170.1035112,81.97452021,25.2418709,63.273359,0.9938652247,149.5929512,6.493742466,297.9832764,0,139.2187042,1.914948702,32.1095047,88390.64844,17.27158737,3.485497411
106.5999985,167.6818488,82.16989127,25.1904327,63.30371066,0.9941657522,147.9801191,6.494870663,297.9473267,0,142.2438049,16.81705284,3.210950375,88436.38281,17.27852631,3.525402412
106.8000031,168.2404443,82.16322901,25.14850839,63.19023756,0.993145643,148.3150152,6.497493267,298.0400085,0,144.8089142,5.045115948,50.61116409,88482.61719,17.27495766,3.548630179
107,174.1226102,82.52135666,25.28002817,63.66861057,0.9957613389,150.4379154,6.500203133,297.9882812,0,146.3265686,35.31735992,5.061116695,88528.49219,17.30194283,3.56652206
107.1999969,168.5766124,82.63806542,25.08588338,63.39406949,0.9971343704,150.4543031,6.503976822,297.9458313,0,146.7647552,18.27526283,0.5061116219,88575.67188,17.31699753,3.600630656
107.4000015,179.8674853,81.77100663,25.07840862,63.30472131,0.986911272,150.8137593,6.507759094,297.9849548,0,145.6903839,5.482578754,28.90530968,88620.16406,17.23686218,3.579177655
107.5999985,171.0414364,82.57781803,25.22418114,63.67455104,0.9940381857,150.341853,6.511394024,297.9537354,0,143.1064301,17.26531601,2.890531063,88666.17188,17.29498482,3.669397094
107.8000031,168.2462403,82.17298064,25.14328428,63.35375918,0.995374046,148.5427154,6.514846325,297.930481,0,139.068985,5.637691975,0.2890531123,88711.53125,17.30584908,3.702127843
108,167.9455241,82.18788401,25.29679742,63.42971938,0.9930346283,150.1867154,6.516116619,297.9567871,0,133.6507416,1.691307664,18.71849823,88756.20312,17.28316498,3.705464369
108.1999969,175.6140631,82.30330524,24.92096833,63.5693569,0.9942337628,150.2492904,6.51607132,297.9367371,0,127.7309189,8.337703705,1.871849895,88798.11719,17.29670143,3.709622552
108.4000015,179.3049107,81.91052391,25.01034471,63.53624136,0.9910113778,152.1753793,6.513612747,297.9981079,0,121.8266678,2.501311064,33.59143829,88838.32812,17.26768303,3.67328362
108.5999985,175.6284172,81.57960772,25.06123665,63.47137076,0.9896506424,149.9236179,6.509637356,297.9683533,0,116.909523,21.45344734,3.359143972,88877.74219,17.2524128,3.656646798
108.8000031,164.6284313,82.1595607,25.06539468,63.10516384,0.9952397905,147.1465534,6.503976822,297.9425354,0,113.5798035,10.66341019,0.3359144032,88918.29688,17.28833199,3.647634361
109,166.3084677,82.32237626,24.96863038,63.12351472,0.9992045784,148.890155,6.4979496,297.9764404,0,112.5149078,3.199023008,22.4715538,88958.64844,17.32353592,3.624566097
109.1999969,173.3987036,81.80356989,24.86038121,63.1900057,0.994006088,148.6669658,6.493670464,297.9510803,0,113.8567734,12.93597603,2.247155428,88997.66406,17.2884407,3.623630594
109.4000015,172.5578446,82.13781726,24.99252241,63.46852714,0.9900741599,149.4970133,6.490385532,297.9298096,0,116.9034119,3.052722931,0.2247155309,89037.75,17.25870323,3.632414494
109.5999985,166.8695345,82.44811415,24.98160828,63.21049023,0.9974201714,148.4969428,6.488771915,297.9513245,0,121.2662354,0.9158168435,17.13175583,89079.78125,17.32103348,3.639866916
109.8000031,169.9586852,82.47806754,24.98651857,63.12042854,0.9997540295,149.4112173,6.489554405,297.9300842,0,126.272171,5.861905098,1.713175654,89122.42969,17.34723473,3.66497623
110,172.0278176,82.22295124,25.15148968,63.24992895,0.9951378493,149.741298,6.492528915,297.9849548,0,130.9626923,1.758571506,31.59248543,89165.6875,17.31595802,3.692924778
110.1999969,166.7277454,82.62440309,24.94669382,63.27458232,1.000350708,149.4679205,6.494616032,297.9495239,0,134.4638519,18.22423744,3.15924859,89210.60938,17.36131287,3.605796632
110.4000015,170.961385,81.91856146,25.22184079,62.98463403,0.9953005134,150.4082634,6.498311043,298.0463257,0,137.1401062,5.467270851,52.66191101,89255.29688,17.32278633,3.627347534
110.5999985,173.8449619,82.79225741,25.20457054,63.60437785,0.9945969219,150.7398549,6.501269817,297.9959412,0,138.3301697,37.23098755,5.266191006,89299.875,17.31954956,3.627916259
110.8000031,173.7756575,81.94098891,24.99929903,63.56076531,0.9915227669,150.2080617,6.505906105,297.9523315,0,138.3443756,20.86130524,0.5266191363,89344.1875,17.30487823,3.649472537
111,173.303346,82.76937209,25.06494715,63.63471619,0.998324739,150.7255998,6.510062695,297.925354,0,136.496109,6.046783447,0.05266191065,89388.61719,17.3594265,3.722285921
111.1999969,167.2253816,83.1722237,24.977027,63.44936489,1.001930782,149.0271717,6.511942387,297.9457092,0,132.9922333,1.814035058,18.17903709,89433.26562,17.38296127,3.691311359
111.4000015,175.1445187,81.71865338,25.13212517,63.63426373,0.9915485541,151.0667669,6.512279034,297.9207153,0,128.7424164,0.5442104936,9.999999747e-05,89475.42188,17.30212593,3.621751414
111.5999985,170.4634035,82.66036713,25.11871583,63.3887422,0.9960779228,150.5530394,6.510916233,297.9683838,0,124.3556519,0.163263157,28.99044228,89517.78125,17.33107948,3.65805593
111.8000031,170.7198481,82.85006347,25.05403078,63.47249374,0.9986422138,150.1405604,6.508453846,297.940979,0,120.5147095,13.81694126,2.899044037,89559.25781,17.35164452,3.665524527
112,164.6284313,82.98417676,24.81410321,63.27161478,1.002844981,148.2623486,6.504271984,298.0237122,0,117.6569595,4.145082474,45.75194168,89600.92188,17.38337708,3.599166364
112.1999969,164.6284313,82.78822441,24.72660667,63.03947809,1.002082404,148.0716535,6.499536037,297.978302,0,116.4739609,30.67408752,4.575193882,89642.17188,17.37650871,3.552600103
112.4000015,164.6284313,82.24052936,24.79080456,62.95223376,1.002433908,146.7311253,6.494540691,297.9354858,0,117.1816788,15.28320312,0.457519412,89683.10156,17.37984657,3.486659684
112.5999985,176.9830372,82.29973102,24.85611906,63.7310421,0.9967892189,151.3226527,6.4914217,297.9738464,0,119.8866959,4.584960938,29.68671989,89723.05469,17.3471489,3.522024498
112.8000031,172.688344,82.43482548,24.77805556,63.49750563,0.9989259897,148.7236758,6.488672256,297.933075,0,123.8322983,15.72234344,2.968672037,89764.10156,17.36394501,3.464204849
113,169.717291,82.9111865,25.09240421,63.43980541,0.9976290952,150.0116163,6.486674786,298.0175171,0,128.8824768,4.716702938,50.92340088,89807.17969,17.35177231,3.464371599
113.1999969,172.1381848,82.72664318,24.70998367,63.6690486,0.9995015075,149.9873271,6.486004353,297.9567566,0,134.7303772,31.63593102,5.092339993,89850.75,17.38035583,3.390948376
113.4000015,167.9998073,82.4949821,24.99002743,63.22818232,1.000022033,151.246434,6.487234592,297.9075012,0,140.8443451,10.7059412,0.5092340112,89896.67969,17.38673401,3.402396161
113.5999985,173.719971,83.09000538,24.76228796,63.8923818,1.002349411,150.6862087,6.490824699,297.9346619,0,146.4642944,3.211782217,28.808918,89942.625,17.41922188,3.438282079
113.8000031,169.8581088,83.34640952,24.85498813,63.77233381,1.006419727,150.2126206,6.495874882,297.895813,0,150.6466217,0.9635347128,9.999999747e-05,89990.22656,17.45586014,3.47323984
114,174.5988728,83.60977705,24.95083769,63.58459708,1.00289965,151.1202129,6.501396179,297.9541016,0,152.8116608,0.2890604138,40.25815964,90037.57031,17.427248,3.497782279
114.1999969,172.1332683,83.69148575,24.92167254,64.00768258,1.005526006,151.3797244,6.505998611,297.90625,0,152.7711487,16.78201866,4.025815964,90085.4375,17.4540081,3.472462941
114.4000015,170.3437435,83.95051735,24.80500793,63.81192897,1.009496007,151.5772038,6.51050806,298.0167542,0,150.8942413,5.03460598,64.46289062,90133.39062,17.48787498,3.500014489
114.5999985,169.0965937,83.31160469,24.80270675,63.53973494,1.002709042,149.6602517,6.515697479,297.9566345,0,147.2109833,40.00440979,6.446289062,90180.38281,17.43284225,3.551913514
114.8000031,164.6284313,83.2653787,24.8540393,63.64247036,1.006069779,147.6222373,6.518416405,297.9047241,0,141.4493256,19.06828499,0.644628942,90226.67969,17.45630836,3.536138191
115,170.5116698,83.8101358,24.75304059,63.67919516,1.010486366,150.7535754,6.519520283,297.9599304,0,134.6104889,5.72048521,38.67852783,90271.21094,17.49276924,3.58727095
115.1999969,171.1412265,82.63287878,25.02737209,63.61044988,1.004743273,152.5879049,6.518354416,297.9159241,0,127.3273697,21.58964539,3.867852688,90314.21875,17.44390297,3.553920782
115.4000015,165.4624383,82.67218461,24.76297851,63.63927618,0.9960470013,147.87885,6.515954494,298.0367432,0,120.5130081,6.476893425,65.41497803,90356.04688,17.36875343,3.57219731
115.5999985,164.6284313,83.20234512,24.76225035,63.35471966,1.002290658,147.801418,6.511779308,297.982605,0,114.6552887,45.3318634,6.541498184,90397.00781,17.41361618,3.604128659
115.8000031,169.3335435,82.98680885,24.515889,63.53910947,1.006323247,149.316842,6.506886482,297.9320068,0,110.4694977,27.12822723,0.6541497707,90436.39844,17.45371246,3.594429445
116,164.6284313,83.23657346,24.51488573,63.15575628,1.011319316,147.8101443,6.501425266,297.9995728,0,108.2376709,8.138467789,42.37067413,90476.07812,17.48984146,3.598666367
116.1999969,164.6284313,83.12896644,24.56678713,62.97513872,1.010924157,144.4716448,6.496744156,297.9581909,0,108.1898346,29.27799606,4.237067223,90515.08594,17.48482323,3.614449539
116.4000015,174.0000133,81.8710664,24.71185192,63.55697002,1.003247189,151.9670175,6.493305683,297.9169312,0,110.0099869,14.48232841,0.4237067401,90553.78125,17.43949509,3.567927928
116.5999985,164.6284313,81.69183707,24.72827494,62.58018593,1.001560895,147.9736412,6.490398407,297.9606323,0,113.204071,4.344698429,33.13334656,90594.11719,17.41657829,3.505590043
116.8000031,169.4904811,82.93459081,24.48366636,63.58683561,1.007379904,149.0748181,6.487756252,297.9178162,0,117.5631943,16.61163521,3.313334703,90634.78125,17.47433281,3.471820376
117,164.6284313,82.57632339,25.01359184,63.54747032,0.9994621525,149.3228619,6.486128807,298.0114136,0,122.9800034,4.983490467,56.8053627,90677.53906,17.4075737,3.447760667
117.1999969,167.027407,83.52721645,24.68643568,63.50761759,1.009571403,149.9702615,6.486824512,297.9523621,0,129.0452881,34.51033783,5.68053627,90721.375,17.49954987,3.472310112
117.4000015,164.6284313,82.88663556,24.6863956,63.46178633,1.013023521,150.5553279,6.490392685,297.9016724,0,134.8279266,13.86441803,0.5680536032,90766.89062,17.54041672,3.484320792
117.5999985,170.7606455,83.69749804,24.65543746,63.83708202,1.011006943,151.3672854,6.49401474,297.9379272,0,139.181366,4.1593256,33.97623444,90812.34375,17.52737808,3.469829496
117.8000031,164.6284313,83.33838065,24.92776904,63.60602959,1.004233668,149.5751221,6.499568462,297.8986206,0,142.0950623,1.247797608,9.999999747e-05,90859.30469,17.47260284,3.526919751
118,166.5385688,84.45553007,24.91458824,64.22328724,1.008252313,150.3925951,6.506873608,297.9659729,0,142.7810516,0.3743392825,42.37200546,90906.625,17.51427269,3.679720557
118.1999969,173.1413759,84.23836798,24.66267109,63.7971884,1.016059724,152.4336898,6.512283325,297.9206543,0,140.5454865,20.09675217,4.23720026,90952.35156,17.58016014,3.601529683
118.4000015,164.6284313,83.57250562,24.57319897,63.50115987,1.012680278,147.7733239,6.514250755,298.0314331,0,136.1578522,6.029025555,66.3950119,90997.59375,17.54402161,3.46160879
118.5999985,165.9374518,83.1598285,24.63035762,63.65236869,1.009942207,149.366522,6.516628742,297.9713745,0,130.9883575,41.61922836,6.639501095,91041.85156,17.52743912,3.54484793
118.8000031,164.7485271,82.14148237,24.85260715,63.40367304,1.003367845,149.488479,6.516595364,297.9156494,0,124.8553772,21.23978043,0.6639501452,91084.875,17.46858406,3.497364334
119,169.3500846,83.9487337,24.94349882,64.17795566,1.007980112,152.8620397,6.512455463,297.9671021,0,118.744957,6.371934414,39.80294418,91126.79688,17.50008774,3.503238625
119.1999969,165.881354,82.48133169,24.4661038,63.44586339,1.008840136,150.1125129,6.507413864,297.9151001,0,114.2962418,21.37752342,3.980294466,91167.42188,17.50944138,3.383953532
119.4000015,164.8385541,84.16114163,24.36812282,63.20249906,1.017071058,149.5705773,6.501675129,298.0296936,0,111.8540802,6.413257122,66.82157135,91208.08594,17.56960678,3.451403637
119.5999985,166.4778664,83.13334888,24.55561276,63.21499101,1.01365918,149.3577231,6.497265816,297.9665222,0,111.7067032,43.15501785,6.68215704,91248.14844,17.54739761,3.45852708
119.8000031,164.6284313,84.23087011,24.85873926,64.30687129,1.012147416,152.0693456,6.495056152,297.9177856,0,113.3164749,21.61527252,0.668215692,91290.00781,17.54516983,3.628265406
120,164.6284313,83.95490948,24.81173151,63.64405019,1.006268863,147.5106457,6.495943546,297.9725037,0,115.8071747,6.48458147,36.89452744,91331.52344,17.49755287,3.719833699
120.1999969,172.728743,83.2608423,24.31472467,63.326121,1.010130014,149.8280262,6.497193336,297.9281616,0,117.9397736,22.64820099,3.689452887,91371.9375,17.54030609,3.597245704
120.4000015,165.5677481,84.15593489,24.31183332,63.35335374,1.019414832,150.1693258,6.499028683,298.0407715,0,119.5811844,6.794460297,63.99811172,91414.49219,17.61870766,3.646421449
120.5999985,164.6284313,84.29389573,24.1331601,63.49589271,1.024548227,148.0034361,6.500256538,297.9823303,0,120.4875946,43.28003693,6.399811268,91456.91406,17.66317368,3.581193866
120.8000031,164.6284313,83.88919672,24.10100721,63.23173464,1.024135669,145.9372194,6.502021313,297.9280396,0,120.9068069,23.80042076,0.639981091,91498.92969,17.66136742,3.574751157
121,171.1314294,84.67398154,24.31375977,63.86120812,1.028089727,152.5876018,6.502755165,297.9797058,0,120.6165009,7.140126228,39.86006546,91541.14062,17.69944572,3.594840841
121.1999969,168.6408657,84.13464824,24.55156414,64.20721496,1.013649706,151.1494367,6.503712654,297.9342041,0,120.0377274,22.66642761,3.98600626,91583.38281,17.58242416,3.606515799
121.4000015,164.6284313,84.78650999,24.56445458,64.13026227,1.017818776,150.4156674,6.504184246,298.0409546,0,119.0718994,6.799928188,62.38541031,91626.28125,17.61445427,3.635561011
121.5999985,164.6284313,83.50718532,24.16579974,63.23895895,1.023156402,145.9909936,6.504988194,297.9828186,0,117.9196777,41.50683594,6.238541126,91667.59375,17.66079903,3.548751591
121.8000031,164.6284313,83.76056353,23.985186,63.23410934,1.028709882,146.4811017,6.504416466,297.9259338,0,116.4431839,22.18073273,0.6238541007,91708.6875,17.70729256,3.496292434
122,164.6284313,82.31244465,24.26611112,62.66316802,1.023813891,149.1648734,6.502901554,297.9703979,0,115.2009811,6.654219627,39.51981735,91749.64844,17.66597176,3.401701334
122.1999969,165.4489854,84.0004073,24.78468235,64.29104189,1.007759466,152.3309547,6.498827457,297.9180298,0,114.5634155,19.64472198,3.951981783,91791.39844,17.53030586,3.416624794
122.4000015,164.6284313,82.68066378,24.4175739,63.30806771,1.018166313,150.4486034,6.496067524,298.0140991,0,115.5608902,5.893416882,62.87067032,91832.67188,17.6218605,3.332564001
122.5999985,164.6284313,83.7405382,24.03422033,63.22746545,1.026957259,146.9173396,6.49256897,297.9423523,0,117.6498489,36.35839081,6.287066936,91873.71875,17.69153023,3.261578253
122.8000031,164.9428185,84.18011728,24.00263251,62.93791735,1.024404438,149.6297193,6.489333153,298.0974731,0,121.1448364,10.90751743,93.42835999,91915.96875,17.67115784,3.22002188
123,166.7221162,84.80845239,24.32929281,64.04258289,1.026949433,150.1197387,6.489323139,298.0066223,0,125.9310913,62.79400253,9.34283638,91959.25781,17.7053566,3.350485271
123.1999969,164.6284313,85.33182793,23.87491903,63.98014129,1.038244354,150.8848074,6.492904663,297.9301758,0,130.7115021,33.94864655,0.9342836142,92004.3125,17.81413078,3.437432906
123.4000015,173.9009889,85.48150858,24.14166147,63.53033217,1.03429633,150.554083,6.497178078,297.9868469,0,134.0578308,10.1845932,48.14421463,92048.15625,17.7777977,3.457188736
123.5999985,164.6284313,84.05600369,24.14104953,63.62786554,1.036908945,152.6912774,6.502958298,297.9240112,0,135.7039642,27.69009399,4.814421654,92094.32812,17.81497192,3.43034917
123.8000031,164.6284313,86.49249124,23.73232212,64.21223935,1.051032309,151.8970619,6.507845402,298.0479126,0,135.0352783,8.30702877,75.89666748,92140.78906,17.93313026,3.507409405
124,173.7570778,84.99388133,23.66214559,63.77249026,1.03902633,153.5784237,6.512008667,297.9708862,0,132.4196014,48.66927338,7.589666843,92184.71875,17.83802032,3.425761549
124.1999969,166.9895191,84.19653528,24.07140907,63.64543745,1.041194609,153.6800539,6.513087749,297.899292,0,128.1381073,22.96258354,0.7589666843,92228.96875,17.84918022,3.34302381
124.4000015,167.2339581,83.73756442,24.18418391,63.07683835,1.024466337,149.63538,6.512874603,297.9494629,0,123.4327469,6.888775349,45.32002258,92271.27344,17.70061874,3.33640963
124.5999985,164.6284313,83.27959019,24.19381614,63.44060719,1.023657685,151.0784846,6.513046265,297.901947,0,118.8069839,2.066632509,9.999999747e-05,92313.47656,17.70359421,3.409667906
124.8000031,165.1756363,82.24584197,24.06257136,63.08405535,1.01375351,150.4607895,6.513310909,297.9702454,0,114.1073227,0.6199897528,48.46164703,92354.26562,17.62607384,3.426704284
125,164.6284313,83.37594251,24.20905919,62.79999052,1.014714125,144.2679208,6.511052608,297.922699,0,109.3026428,20.86178207,4.846164703,92393.23438,17.6164608,3.463259101
125.1999969,164.6284313,84.8197048,23.82071624,63.50117223,1.035373949,148.7907948,6.506651402,298.032959,0,105.4098358,6.258534431,67.66061401,92432.61719,17.79477119,3.457051523
125.4000015,164.6284313,84.10149943,23.46933911,62.97891138,1.03322678,146.736372,6.501465321,297.964447,0,103.2764587,41.7499733,6.766061306,92470.80469,17.7765255,3.343474287
125.5999985,164.6284313,84.47488913,24.00902887,63.41501107,1.02899765,148.3649291,6.495697975,297.9040222,0,103.2132492,18.53067017,0.6766061187,92509.52344,17.73844147,3.36659936
125.8000031,164.6284313,84.46030745,24.62893804,64.42782004,1.015850733,153.6675874,6.490772247,297.9443359,0,105.4564209,5.559200764,38.73020554,92549.91406,17.63783264,3.407226485
126,164.6284313,83.97331288,23.8565664,63.29244611,1.028174881,144.045865,6.488245964,297.8960266,0,109.6651993,1.667760253,9.999999747e-05,92588.91406,17.74103355,3.317330412
126.1999969,164.6284313,85.13005586,24.45881375,64.03354776,1.026023827,151.265955,6.486301422,297.9567566,0,114.8793411,0.500328064,47.0405159,92630.84375,17.72709656,3.362773704
126.4000015,164.6284313,85.04580328,23.67987434,63.4590575,1.042540753,148.1357606,6.484673023,297.8927307,0,120.8771515,17.9203167,4.704051495,92673,17.86941719,3.172932257
126.5999985,164.6284313,85.78261851,23.34307337,63.36221786,1.051354511,147.0869347,6.484688282,297.9992981,0,127.5270386,5.376095295,73.77307129,92716.38281,17.94898987,3.140507484
126.8000031,164.6284313,86.39128294,23.32631464,63.55588739,1.064649171,148.6880859,6.486696243,297.9146729,0,134.1663818,38.59787369,7.377307415,92761.58594,18.06884766,3.160779947
127,167.6774898,88.01957885,23.19912933,64.20926225,1.074625095,153.4140662,6.490961552,298.0918884,0,140.0013428,11.57936287,107.6966324,92808.77344,18.16546059,3.255855923
127.1999969,177.1028677,84.04562822,23.35597205,62.97416328,1.037672838,149.319129,6.496664524,297.9740295,0,144.1291809,70.15804291,10.76966381,92852.88281,17.862854,3.063975843
127.4000015,168.4575638,87.98311367,23.53568612,65.28897605,1.065177149,154.6555589,6.500357151,297.8780518,0,145.9783478,31.60839462,1.076966286,92901.29688,17.00847054,3.18926948
127.5999985,164.6284313,84.68690549,24.83510939,64.67169084,0.9944546678,148.6426961,6.502493858,297.9293518,0,146.3617096,9.482518196,55.31147385,92948.57812,16.40491486,3.070605502
127.8000031,164.6284313,87.55981324,24.83345051,64.67589704,0.9795310769,139.9460136,6.503815174,297.8659668,0,145.8890381,2.844755411,9.999999747e-05,92994.73438,16.24337006,3.183501146
128,164.6284313,87.87596857,24.9266848,64.59382468,0.9771059994,139.924592,6.504560947,297.9474487,0,144.8855591,0.8534266353,61.48078918,93040.75,16.21540451,3.192269794
128.1999969,164.6284313,87.44471198,24.96778652,64.68254294,0.9735749112,139.6462499,6.504618645,297.8861694,0,143.5829468,0.2560279965,9.999999747e-05,93086.28906,16.18736076,3.151941203
128.3999939,164.6284313,88.00427723,24.94621021,64.59660364,0.9763012554,139.5700413,6.503914833,297.9677734,0,142.2576599,0.07680840045,61.77349854,93131.65625,16.20281792,3.152023858
128.6000061,164.6284313,87.18967481,24.8776961,64.6100664,0.9766129153,141.009761,6.502152443,297.8885193,0,141.2142029,24.42342567,6.177350044,93176.79688,16.21591568,3.059397361
128.8000031,164.6284313,84.00136033,25.01498282,63.97070116,0.9806541479,146.0500768,6.501451969,298.0206604,0,140.8766937,7.327027798,90.89395142,93222.0625,16.27010918,2.943587709
129,164.6284313,84.04814025,25.04640247,63.97172347,0.9798635612,145.111037,6.500208855,297.9133301,0,140.8125458,49.32205582,9.089395523,93267.08594,16.26276207,2.91398059
129.1999969,165.0066272,86.71978338,24.99141401,64.45598231,0.9750747872,141.7528975,6.498745918,298.1316833,0,141.2508698,14.79661655,131.8861847,93312.11719,16.20536423,3.012602725
129.3999939,164.6284313,88.61704145,24.763698,64.71739266,0.9757227094,137.7212683,6.500047684,298.0027771,0,142.2733459,87.68270874,13.18861866,93357.21875,16.19243813,3.184504176
129.6000061,164.6284313,84.14252223,24.96987642,63.77333646,0.9827776263,144.5509044,6.502702713,297.8858948,0,142.7652283,46.51738739,1.318861842,93402.71094,16.28073311,3.024559744
129.8000031,164.6284313,88.4791904,24.8300401,64.89141939,0.9791541275,138.6355414,6.503276348,297.9739075,0,142.1995697,13.95521545,72.1789856,93447.98438,16.22562981,3.151026021
130,164.6284313,88.61704145,24.71524648,64.85161317,0.9784800942,136.3432831,6.503856659,297.8827209,0,141.4156189,40.91378403,7.217898369,93492.66406,16.21461487,3.150945139
130.1999969,164.6284313,88.61704145,24.71961535,65.1171148,0.9776137795,136.3432831,6.503464222,298.0662842,0,140.392807,12.27413559,113.7333603,93537.07812,16.21012115,3.10793396
130.3999939,164.6284313,88.61704145,24.68918993,64.87276427,0.9775050075,136.3432831,6.502980232,297.9460754,0,139.5303497,71.89209747,11.37333584,93581.3125,16.20388222,3.097946054
130.6000061,164.8637186,82.70269808,25.10452875,63.50700773,0.9789382549,148.6758669,6.503777504,298.2280884,0,138.8585052,21.56763077,164.6327515,93626.34375,16.25408936,2.875601801
130.8000031,164.6284313,88.61704145,24.81336458,65.04522912,0.9778498017,136.3432831,6.502085209,298.0609131,0,137.8634338,117.7382584,16.463274,93670.14844,16.20704269,3.042934903
131,164.6284313,88.61704145,24.72325491,64.78160731,0.9760721808,136.3432831,6.498583794,297.9150085,0,137.5574341,66.50705719,1.646327496,93713.82812,16.19333267,2.954920424
131.1999969,164.6284313,88.61704145,24.72352973,64.96932113,0.9783548416,136.3432831,6.496119499,298.01828,0,138.6500702,19.95211792,85.4842453,93757.76562,16.21439171,2.968756705
131.3999939,164.6284313,83.47343878,25.01632767,63.65608753,0.9819944763,144.4703055,6.497395039,297.9068604,0,140.7190857,53.48384094,8.548424721,93802.5625,16.27245712,2.853642176
131.6000061,164.6284313,83.41522517,25.04782107,63.9611592,0.9805249195,147.3888379,6.499686241,298.1196899,0,142.2689209,16.04515266,131.350235,93848.25781,16.27155304,2.864816939
131.8000031,164.6284313,88.61704145,24.7458082,65.3764015,0.9783411195,136.3432831,6.499455929,297.9781494,0,142.9110107,86.81807709,13.13502312,93893.04688,16.22528267,2.980857002
132,164.6284313,88.61704145,24.76857545,65.03344986,0.9774956813,137.6989893,6.498553276,297.8638,0,143.6567993,40.87025833,1.313502312,93938.26562,16.21759224,2.94426345
132.1999969,164.6284313,83.14864351,24.99420381,63.51802241,0.9798356099,146.7513484,6.500157356,297.9344482,0,144.757782,12.26107788,67.02243042,93984.17969,16.26890373,2.767269342
132.3999939,164.6284313,88.27532931,24.90779189,64.96786089,0.9761694029,138.6490537,6.502918243,297.86203,0,145.2066803,3.678323507,9.999999747e-05,94030,16.20349884,3.061236911
132.6000061,164.6284313,88.61704145,24.72289182,64.99101506,0.976547234,136.3432831,6.506073475,297.9548645,0,144.5553894,1.103497028,70.65220642,94075.30469,16.20184517,3.08671816
132.8000031,164.6284313,88.61704145,24.750309,65.02446607,0.9765463632,136.3432831,6.509319305,297.8740234,0,142.6444397,28.5006485,7.065220356,94120.26562,16.19643211,3.116456049
133,164.6284313,88.61704145,24.69079304,64.86684442,0.9758115831,136.3432831,6.511226177,298.0284424,0,139.4361267,8.55019474,101.167923,94164.52344,16.18528366,3.084590619
133.1999969,164.6284313,84.90727852,24.8551261,64.08382212,0.98376264,142.5853172,6.51543045,297.9240112,0,135.4698639,57.71511841,10.11679268,94208.42969,16.26610947,3.050832899
133.3999939,164.6284313,87.52885673,24.91722389,64.67634719,0.9767630008,139.1417658,6.517644882,298.1690674,0,129.8100739,17.31453514,142.8592224,94251.22656,16.17745209,3.202763276
133.6000061,164.6284313,88.61704145,24.70151561,65.25124678,0.9762820581,136.3432831,6.51791048,298.0448303,0,123.2783432,99.79518127,14.285923,94292.39844,16.1611824,3.253274406
133.8000031,164.6284313,88.61704145,24.61565649,64.78238963,0.9798376633,136.3432831,6.517305851,297.9362793,0,116.6404419,61.43254089,1.428592205,94332.38281,16.17140388,3.331517654
134,164.6284313,88.61704145,24.55890621,64.77258476,0.9781713782,136.3432831,6.514657974,298.0371094,0,110.2409286,18.42976189,75.68323517,94371.08594,16.14823914,3.326941216
134.1999969,164.6284313,88.61704145,24.67603681,64.75438032,0.9746953717,137.1174079,6.51025486,297.9537659,0,104.9045105,51.64323425,7.568323612,94408.90625,16.10884285,3.329898078
134.3999939,164.6284313,85.78663519,24.67469651,63.79331115,0.9818926936,139.2933565,6.507209778,297.8809204,0,101.328476,23.52236748,0.7568323612,94445.85156,16.17339134,3.294030117
134.6000061,164.6284313,85.14401459,24.70909322,63.73118173,0.9811028825,141.1872048,6.503156662,297.9278259,0,98.9605484,7.056709766,48.35176849,94482.5,16.17267036,3.21436697
134.8000031,164.6284313,82.98903196,24.85233647,63.33069412,0.9842649429,143.2901757,6.499615669,297.8649902,0,98.22143555,2.117012978,9.999999747e-05,94518.85938,16.21300888,3.099020944
135,164.6284313,88.51033253,24.55857935,64.39458908,0.9792412341,136.3432831,6.493675232,297.9441833,0,98.89375305,0.6351038814,59.70940399,94555.28125,16.13876915,3.230048353
135.1999969,164.6284313,88.13925182,24.64118386,64.62917075,0.9770888838,136.3432831,6.490367889,297.8888855,0,101.9517746,0.1905311644,9.999999747e-05,94592.35156,16.12558556,3.287941553
135.3999939,164.6284313,88.01838188,24.83262839,64.35892836,0.9723862222,139.0234604,6.488492012,297.9645691,0,106.3163986,0.05715934932,58.81380463,94630.82812,16.09125137,3.258921201
135.6000061,164.6284313,88.61704145,24.61544425,64.55653981,0.9761104344,136.3432831,6.488290787,297.8980103,0,111.4351044,22.42386246,5.881380558,94669.89844,16.12922668,3.235927729
135.8000031,164.6284313,88.61704145,24.51337777,64.93900243,0.9793318239,136.3432831,6.489552498,298.0143738,0,116.633522,6.727158546,81.72618866,94709.9375,16.17347717,3.178441676
136,164.6284313,88.61704145,24.53255612,65.09154453,0.9787300855,136.3432831,6.491634369,297.9248657,0,121.3277817,43.54660416,8.172618866,94750.85938,16.17963028,3.115436547
136.1999969,164.6284313,88.61704145,24.61255862,64.94478883,0.9770544435,136.3432831,6.49340868,298.1019592,0,125.19133,13.06398106,114.5123062,94792.42188,16.17254639,3.014229503
136.3999939,164.6284313,88.61704145,24.51578782,65.30902944,0.9775274406,136.3432831,6.496945381,297.9869385,0,128.3486938,72.01739502,11.451231,94834.61719,16.18653107,3.030760371
136.6000061,164.6284313,83.19057796,24.94931441,63.57250966,0.9840739224,143.9044302,6.504058361,297.8879089,0,130.0845337,34.82353973,1.145123124,94877.4375,16.26504517,2.903634891
136.8000031,164.6284313,88.61704145,24.68237372,64.82711655,0.9784463952,136.8584424,6.508512497,297.9416199,0,128.9691162,10.44706154,58.18944931,94919.95312,16.18456078,3.096321946
137,164.6284313,88.61704145,24.6905033,65.35855238,0.9775430232,136.3432831,6.51049757,297.8703308,0,126.0923233,3.134118557,9.999999747e-05,94961.64844,16.18370247,3.005390388
137.1999969,164.6284313,88.61704145,24.66394511,64.75592362,0.9764099672,136.3432831,6.510829926,297.9459534,0,122.4209976,0.9402355552,63.8709259,95002.51562,16.16286659,2.96070011
137.3999939,164.6284313,88.61704145,24.65476531,64.92769535,0.9758032544,136.3432831,6.509174347,297.8776245,0,118.6142044,0.2820706666,9.999999747e-05,95042.5,16.15775108,2.894981787
137.6000061,164.6284313,88.61704145,24.66579361,65.16708005,0.9787012264,136.3432831,6.507251263,297.9545898,0,115.4710541,0.08462119848,64.16255188,95081.85938,16.17931938,2.917165971
137.8000031,164.6284313,88.61704145,24.66061757,65.08173009,0.9743604629,136.3432831,6.505281448,297.8782654,0,113.091507,22.56459045,6.416254997,95120.75,16.13717651,2.938698141
138,164.6284313,88.61704145,24.51214693,64.99308974,0.9782278934,136.3432831,6.502388477,298.0041809,0,111.4992599,6.769377232,89.05184174,95159.21094,16.17233467,2.865764448
138.1999969,164.6284313,88.61704145,24.65068695,65.09898931,0.9742923593,136.3432831,6.501243114,297.9112244,0,111.0670853,46.2175827,8.905184746,95197.73438,16.13227081,2.977389943
138.3999939,164.6284313,88.61704145,24.50874771,64.83571784,0.9754070101,136.3432831,6.501465797,298.1075745,0,111.0843887,13.86527538,123.337471,95236.30469,16.13841057,3.027568976
138.6000061,164.6284313,88.61704145,24.6869009,64.92189437,0.9735703045,136.3432831,6.50104332,297.9912415,0,111.0135956,78.97837067,12.33374691,95274.83594,16.12344742,2.981853359
138.8000031,164.6284313,85.6389939,24.88028518,63.69705265,0.9765918919,141.3572505,6.502331734,297.8872375,0,111.1184387,41.39557266,1.233374715,95313.74219,16.1602478,2.893866878
139,164.6284313,88.61704145,24.54849529,64.5519582,0.9750115063,136.3432831,6.502414703,297.9565125,0,110.7002335,12.41867256,66.04768372,95352.28125,16.1351738,2.97355007
139.1999969,164.6284313,87.54492436,24.98025398,64.53719723,0.9729149702,139.9196313,6.501733303,297.8716125,0,110.2581635,32.86480331,6.604768753,95391.1875,16.12681007,2.887783797
139.3999939,164.6284313,84.6812722,24.75729396,63.8926698,0.9814625002,141.6859554,6.503446579,298.0224304,0,110.0872574,9.859440804,101.3293915,95429.6875,16.22016716,2.793205001
139.6000061,164.6284313,88.61704145,24.42883196,65.04021331,0.9779160783,136.3432831,6.502259731,297.9202881,0,109.2209167,57.71386337,10.13293934,95467.78906,16.17743492,2.830628434
139.8000031,164.6284313,88.61704145,24.46876095,65.01000771,0.9771615723,136.3432831,6.501273155,298.1534119,0,108.8464584,17.31415939,142.0079193,95505.80469,16.17075729,2.825894671
140,164.6284313,88.61704145,24.39116045,65.12347206,0.9806690225,136.3432831,6.500084877,298.0209351,0,108.8566208,95.52594757,14.20079136,95543.74219,16.20659637,2.768112097
140.1999969,164.6284313,88.61704145,24.57361875,64.38876273,0.9788471657,136.3432831,6.499221325,297.9027405,0,109.3434753,53.81860352,1.420079112,95581.875,16.17905617,2.781740593
140.3999939,164.6284313,85.77325538,24.62841707,64.13863413,0.9838061976,139.1631182,6.499967098,297.9886475,0,110.1740112,16.14558029,75.60101318,95620.01562,16.24711227,2.650979392
140.6000061,164.6284313,88.61704145,24.43003229,65.0456534,0.9805879184,136.3432831,6.500023365,297.8952637,0,110.702034,43.02671432,7.560101509,95658.39844,16.21264267,2.740794692
140.8000031,164.6284313,88.61704145,24.60951151,65.26442624,0.9792162259,136.3432831,6.502187729,298.0697632,0,111.2149506,12.9080143,113.4766159,95697.0625,16.19729805,2.874462555
141,164.6284313,88.61704145,24.54698909,65.36443212,0.9817197399,136.3432831,6.50337553,297.9604797,0,110.8529282,69.8860321,11.34766102,95735.53125,16.2258873,2.781801507
141.1999969,164.6284313,88.61704145,24.42687313,65.09521041,0.9792050301,136.3432831,6.50669384,297.8664856,0,110.0257797,33.48678207,1.134766102,95774.0625,16.19683838,2.931636928
141.3999939,164.6284313,88.61704145,24.82490363,64.88302246,0.9727402254,137.1466236,6.509513378,297.9274597,0,107.8610992,10.04603481,61.06207657,95812.45312,16.12952423,2.998460994
141.6000061,164.6284313,85.25813409,24.66143055,63.62112142,0.9802685291,139.9071698,6.51168108,297.8569946,0,104.5770416,3.013810635,9.999999747e-05,95849.71094,16.21278763,2.729325211
141.8000031,164.6284313,84.84034874,24.9723492,63.93226332,0.9769322755,142.5251462,6.511946201,297.940979,0,100.4265442,0.9041431546,67.99621582,95886.54688,16.18907547,2.683441607
142,164.6284313,84.69429187,24.68387513,63.47639303,0.9783573856,141.0335345,6.511064053,297.8728943,0,96.17417908,0.2712429464,9.999999747e-05,95922.10156,16.19635201,2.636920113
142.1999969,164.6284313,88.61704145,24.69023332,64.97166901,0.9747332476,136.3432831,6.507894039,297.9553223,0,92.27229309,0.0813728869,67.10684967,95957.03125,16.14093399,2.867520948
142.3999939,164.6284313,86.86084605,24.515767,63.99356358,0.9832658379,136.7896365,6.506093979,297.8835754,0,89.64227295,24.26566696,6.710684776,95991.14844,16.21141815,2.874887388
142.6000061,164.6284313,86.84819404,24.62895285,63.97810391,0.97991612,137.1709613,6.503234386,298.0104065,0,87.72051239,7.279700279,89.68460083,96024.89844,16.1836338,2.81344906
142.8000031,164.6284313,85.11821092,24.79749486,64.04799373,0.9762756886,143.9526953,6.501181602,297.9248352,0,86.95034027,47.2057724,8.968460083,96059.46094,16.1787796,2.738917185
143,164.6284313,87.10273455,24.47512183,63.96189419,0.9838320555,136.3432831,6.498978615,298.1123352,0,86.99532318,14.16173172,119.6186676,96092.95312,16.21463013,2.813387731
143.1999969,164.6284313,88.61704145,24.45459745,65.10069796,0.98453522,136.3432831,6.496866226,298.0123596,0,87.92446899,76.67765045,11.96186733,96127.09375,16.21376228,2.971733696
143.3999939,164.6284313,88.61704145,24.25622177,64.77064574,0.9805593549,136.3432831,6.49524498,297.9125061,0,89.6978302,44.99242401,1.196186662,96161.59375,16.17368317,2.979533446
143.6000061,164.6284313,86.25217866,24.69120285,63.84868501,0.9745832726,142.0648966,6.494900227,297.9846191,0,92.11832428,13.49772739,67.46030426,96197.17969,16.12657928,2.908998571
143.8000031,164.6284313,87.83492103,24.61647874,64.1446078,0.9809492939,136.3432831,6.495492458,297.9051819,0,94.67419434,35.84386444,6.746030331,96232.625,16.15521431,3.092371279
144,164.6284313,85.69560631,24.64538434,64.37147627,0.9843966498,137.1197819,6.497362614,298.0445557,0,96.99414062,10.75315857,96.65827179,96268.09375,16.20290756,2.98926949
144.1999969,164.6284313,88.61704145,24.38854611,65.19377588,0.9800507485,136.3432831,6.499499798,297.9584656,0,98.56486511,55.87427902,9.665826797,96304.60156,16.14720345,3.256347873
144.3999939,164.6284313,88.61704145,24.43825298,65.177553,0.979290412,136.3432831,6.501685619,297.875,0,99.28398895,26.80332947,0.9665827155,96341.35156,16.13162804,3.32103505
144.6000061,164.6284313,88.61704145,24.39031909,65.175974,0.9782214346,136.3432831,6.503083706,297.9253845,0,99.1294632,8.040998459,55.32236099,96378.04688,16.11697578,3.308689518
144.8000031,164.6284313,82.80501268,24.9063771,63.38754171,0.9828553249,143.2012877,6.506373405,297.855957,0,98.41845703,2.412299633,9.999999747e-05,96414.54688,16.17073059,3.10440656
145,164.6284313,86.24482385,24.80066767,64.10159007,0.9753400339,140.458834,6.506714821,297.9319763,0,96.38278961,0.7236899137,64.64883423,96450.97656,16.07642365,3.284580363
145.1999969,164.6284313,86.24962094,24.63409209,64.11465697,0.9804982675,136.5476029,6.506526947,297.866394,0,94.22633362,0.2171069682,9.999999747e-05,96486.21094,16.10416794,3.357299236
145.3999939,164.6284313,86.07111392,24.53616972,64.04901139,0.9814735225,136.9205048,6.505637169,297.9483643,0,92.13717651,0.06513208896,65.61218262,96521.07812,16.10380936,3.398229082
145.6000061,164.6284313,88.61704145,24.5414027,64.90995899,0.9711373527,136.3432831,6.501909733,297.8859863,0,90.40454102,0.01953962632,9.999999747e-05,96556.09375,15.9995575,3.478179646
145.8000031,164.6284313,88.61704145,24.33011136,64.98814586,0.9783412445,136.3432831,6.498334408,297.9620972,0,90.17012024,0.005861888174,62.03181076,96591.04688,16.05777359,3.499125625
146,164.6284313,88.61704145,24.24530232,64.85395048,0.9778164588,136.3432831,6.49519062,297.8973694,0,91.35614777,22.45634079,6.203181267,96626.22656,16.04823685,3.501183188
146.1999969,164.6284313,88.61704145,24.33748969,64.95145158,0.9766658702,136.3432831,6.493643761,298.013092,0,93.79878235,6.73690176,81.41841888,96662.00781,16.0327301,3.603333312
146.3999939,164.6284313,88.61704145,24.24020215,65.06686787,0.9779818151,136.3432831,6.493001461,297.9384766,0,96.85630798,43.29049683,8.141841888,96698.35938,16.04681206,3.579761978
146.6000061,164.6284313,85.15969332,24.64556434,64.18952089,0.9812309945,137.6016906,6.494791508,298.1001282,0,100.1728439,12.98714924,106.8967514,96734.75,16.08254623,3.445699573
146.8000031,164.6284313,86.75555444,24.57503638,64.26105083,0.9820965942,136.3432831,6.496997356,298.0127869,0,102.7683105,67.01122284,10.68967533,96771.85156,16.07306671,3.571090682
147,164.6284313,88.61704145,24.50261657,65.21269276,0.9712182032,136.3432831,6.498752594,297.9259949,0,104.4879456,39.41154099,1.068967581,96809.84375,15.97812271,3.692206192
147.1999969,164.6284313,84.99169216,24.83779527,63.76513649,0.979591944,139.3858496,6.501833439,297.9815369,0,105.5082855,11.82346249,58.40108871,96847.71094,16.05084229,3.53564277
147.3999939,164.6284313,88.61704145,24.5137344,64.53733086,0.9780518708,136.3432831,6.503336906,297.9136658,0,105.2903976,28.85616875,5.840108871,96885.875,16.01351357,3.744240472
147.6000061,164.6284313,88.61704145,24.50696773,65.46793051,0.9788022705,136.3432831,6.502782345,298.0215759,0,104.4806519,8.656850815,80.36190033,96923.69531,16.03161049,3.6217871
147.8000031,164.6284313,88.61704145,24.56386746,65.09802904,0.9688470854,136.3432831,6.502133369,297.9443359,0,103.894249,43.15842819,8.036190033,96961.42188,15.93287754,3.673942137
148,164.6284313,88.61704145,24.36983213,65.1151387,0.977171529,136.3432831,6.501388073,298.1029053,0,103.561348,12.94752884,104.4499817,96999.01562,16.00053406,3.676953542
148.1999969,164.6284313,88.61704145,24.66871394,65.11867224,0.9826769254,136.3432831,6.500473499,298.01474,0,103.5264816,66.15235138,10.44499779,97036.66406,16.0338726,3.735706753
148.3999939,164.6284313,88.61704145,24.42240835,65.2034152,0.9765834595,136.3432831,6.500088692,297.9284363,0,103.8576431,38.40201187,1.044499874,97074.40625,15.98247147,3.77449793
148.6000061,164.6284313,88.61704145,24.53962611,64.5660055,0.9786925574,136.3432831,6.499744415,297.9854736,0,104.340477,11.52060413,56.56641388,97112.28125,15.98261356,3.809612634
148.8000031,164.6284313,88.61704145,24.43648932,65.18075016,0.9688083372,136.3432831,6.499490261,297.9165344,0,104.9625244,29.16145515,5.656641483,97150.25781,15.9069128,3.808651599
149,164.6284313,88.61704145,24.67854503,65.59502097,0.9718359051,136.3432831,6.500350475,298.0321045,0,105.6861954,8.748436928,80.78962708,97188.53906,15.92625332,3.954109956
149.1999969,164.6284313,88.61704145,24.2237275,65.2114931,0.9753348539,136.3432831,6.502664566,297.9660034,0,106.0623322,46.00880051,8.07896328,97226.95312,15.95059586,4.050433138
149.3999939,164.6284313,86.65475776,24.79495428,63.79121564,0.9737840034,138.7342386,6.504171848,297.8942261,0,105.5116653,23.5357151,0.8078963161,97265.26562,15.9200716,3.933120637
149.6000061,164.6284313,88.61704145,24.68054602,65.16354042,0.9697743543,136.3432831,6.503646851,297.9430237,0,104.3653183,7.060714245,49.68618393,97303.3125,15.8851366,3.984000856
149.8000031,164.6284313,88.61704145,24.23547532,65.27361773,0.9733922861,136.3432831,6.503894329,297.887085,0,103.4332123,2.118214369,9.999999747e-05,97341.21094,15.91687298,4.057288068
150,164.6284313,88.61704145,24.30566653,65.30716193,0.9760181104,136.3432831,6.503966808,297.952301,0,102.393013,0.6354643106,53.66814423,97378.97656,15.93011761,4.122430939
150.1999969,164.6284313,88.61704145,24.48373562,65.1665706,0.9690878721,136.3432831,6.502880573,297.8982849,0,101.3268738,19.32056999,5.366814613,97416.51562,15.86076355,4.097923265
150.3999939,164.6284313,86.03398216,24.73357719,63.71223105,0.9709212417,140.5178168,6.50230217,297.9967957,0,100.6983871,5.796171188,72.17880249,97454.08594,15.87143517,3.972664536
150.6000061,164.6284313,88.61704145,24.64428308,64.42724623,0.9698767813,136.3432831,6.499825478,297.9330444,0,100.2959366,36.37643814,7.217880726,97491.34375,15.84385395,4.049059976
150.8000031,164.6284313,88.61704145,24.39078543,64.36088868,0.9748921525,136.3432831,6.497684479,298.0756531,0,100.8920135,10.91293144,93.51922607,97528.64844,15.88693047,4.023267077
151,164.6284313,87.5033424,24.41215594,63.85923213,0.9783736033,136.3432831,6.496671677,297.9984741,0,102.337265,58.07387924,9.351922989,97565.9375,15.91393471,3.977374117
151.1999969,164.6284313,88.61704145,24.67440293,65.3997463,0.9710677782,136.3432831,6.495248795,297.9206238,0,104.1850281,33.21778488,0.935192287,97603.9375,15.86218643,4.031910132
151.3999939,164.6284313,88.61704145,24.6185525,64.99618549,0.9764836746,136.3432831,6.494395256,297.9730835,0,106.606926,9.965335846,53.15396881,97642.38281,15.90274811,4.001051025
151.6000061,164.6284313,88.61704145,24.57123671,65.67203785,0.9679232921,136.3432831,6.495601177,297.911438,0,109.3669968,25.67301559,5.315396786,97681.49219,15.83950806,4.101315224
151.8000031,164.6284313,86.93858805,24.550915,63.80662003,0.9774601587,136.3432831,6.497465134,298.011261,0,111.6399231,7.701904774,74.99999237,97720.49219,15.90484715,3.947480327
152,164.6284313,88.61704145,24.38590009,65.67629066,0.9741519252,136.3432831,6.499685764,297.9428406,0,113.1716995,39.27845383,7.499999523,97760.28125,15.89325237,4.080802921
152.1999969,164.6284313,85.93977553,24.58376988,63.6992453,0.9779031994,140.8395454,6.502945423,298.0847168,0,113.8161469,11.78353596,96.19173431,97800.39062,15.91534805,3.967344859
152.3999939,164.6284313,88.61704145,24.63208654,65.37690294,0.9798898323,136.3432831,6.505360126,298.011322,0,113.1543961,59.10826111,9.61917305,97840.25,15.92102623,4.198363755
152.6000061,164.6284313,88.61704145,24.67935611,64.62090937,0.9715203813,136.3432831,6.50678587,297.9353333,0,111.5328522,35.89121246,0.9619173408,97879.8125,15.83039856,4.213177056
152.8000031,164.6284313,88.61704145,24.24359976,65.38123412,0.972127753,136.3432831,6.508103371,297.9923096,0,109.3415985,10.76736355,53.26576233,97918.92188,15.84737301,4.245345264
153,164.6284313,88.61704145,24.66517534,65.10775681,0.9781843436,136.3432831,6.50747776,297.9328308,0,106.6203995,28.57575417,5.326576233,97957.5,15.87758064,4.245713441
153.1999969,164.6284313,88.61704145,24.67936297,64.6070737,0.9707794793,136.8159047,6.505806446,298.0375061,0,104.1555176,8.57272625,74.10194397,97995.67188,15.79967213,4.249240767
153.3999939,164.6284313,88.61704145,24.40306105,64.63069039,0.9756130517,136.3432831,6.50296545,297.9704285,0,102.3564224,42.61358261,7.410194397,98033.24219,15.84044456,4.161431255
153.6000061,164.6284313,88.61704145,24.16500609,65.05909152,0.9727860465,136.3432831,6.500536919,297.9057922,0,101.6941757,20.09005928,0.7410194278,98070.71875,15.82201004,4.193158409
153.8000031,164.6284313,86.67794266,24.59699777,64.12802375,0.9770676425,136.3432831,6.499090195,297.9397278,0,101.9983368,6.027017593,41.55400467,98107.82812,15.84525776,4.157303937
154,164.6284313,88.61704145,24.18284568,65.15311567,0.9718803109,136.3432831,6.49658823,297.884491,0,102.8792114,1.80810523,9.999999747e-05,98145.49219,15.81105614,4.142893855
154.1999969,164.6284313,84.51326381,24.6967769,63.30865186,0.9791140716,140.0467001,6.495050907,297.9329834,0,104.7675552,0.5424315929,49.96334076,98183.13281,15.87227821,3.86596124
154.3999939,164.6284313,87.10017872,24.40545811,63.96310529,0.9768839244,136.3432831,6.492244244,297.8720398,0,107.2641983,0.1627294719,9.999999747e-05,98221.02344,15.84671402,3.858775771
154.6000061,164.6284313,88.61704145,24.50147556,65.51134955,0.9733314114,136.3432831,6.489799976,297.9345398,0,110.8907928,0.04881884158,56.14717484,98260.03906,15.83120441,3.923081937
154.8000031,164.6284313,88.61704145,24.28341357,65.20497397,0.9676968297,136.3432831,6.489679813,297.8737183,0,115.4898987,0.01464565285,9.999999747e-05,98299.98438,15.78555775,3.953706248
155,164.6284313,88.61704145,24.53932321,65.55908892,0.9669658102,136.3432831,6.490672588,297.9414368,0,120.1305084,0.004393695854,59.1462822,98340.88281,15.78425121,3.960176838
155.1999969,164.6284313,88.61704145,24.36026735,65.74512321,0.9715506141,136.3432831,6.492239952,297.8772278,0,124.3778839,0.001318108756,9.999999747e-05,98382.51562,15.83410931,3.88650701
155.3999939,164.6284313,88.61704145,24.3068569,65.77967557,0.9701225566,136.3432831,6.49456501,297.944519,0,127.9998932,0.0003954326094,60.75125885,98424.83594,15.82649517,3.865172981
155.6000061,164.6284313,86.67285601,24.75248774,64.08353573,0.9744145674,138.806811,6.498506069,297.8778687,0,130.6913605,0.0001186297886,9.999999747e-05,98467.77344,15.84423923,3.84917711
155.8000031,164.6284313,88.61704145,24.46789689,66.19756162,0.9718282413,136.3432831,6.500349045,297.9442749,0,131.8034973,9.999999747e-05,61.2428093,98510.75781,15.84492302,3.817722568
156,164.6284313,88.61704145,24.27978969,66.11473398,0.9699305423,136.3432831,6.502214909,297.8768921,0,132.1903687,9.999999747e-05,9.999999747e-05,98553.76562,15.82808018,3.807784981
156.1999969,164.6284313,88.61704145,24.57199111,65.12190677,0.9698482074,136.3432831,6.503870487,297.9444885,0,131.8241272,9.999999747e-05,61.44024658,98596.75,15.80049133,3.860912776
156.3999939,164.6284313,88.61704145,24.53712566,65.83020004,0.9671416645,136.3432831,6.505321026,297.8787537,0,130.7963867,9.999999747e-05,9.999999747e-05,98639.52344,15.78362846,3.885929068
156.6000061,164.6284313,88.61704145,24.5250007,65.33472783,0.9717871255,136.3432831,6.504963398,297.9444885,0,129.1884918,9.999999747e-05,60.86603928,98681.85938,15.81072998,3.813343693
156.8000031,164.6284313,88.61704145,24.4926362,66.0893922,0.9700335035,136.3432831,6.504709244,297.8787537,0,127.7290039,9.999999747e-05,9.999999747e-05,98723.9375,15.80119324,3.859018163
157,164.6284313,88.61704145,24.61711535,64.86797537,0.9683764595,136.3432831,6.503997326,297.9454346,0,126.3649826,9.999999747e-05,60.38791656,98765.75781,15.75887203,3.886108961
157.1999969,164.6284313,86.77209571,24.6214822,63.95777345,0.9777725025,137.4605325,6.502079487,297.8781738,0,125.2875519,9.999999747e-05,9.999999747e-05,98806.97656,15.83513641,3.698246372
157.3999939,164.6284313,86.54546569,24.72071329,63.92644387,0.9796339212,138.8782691,6.500845432,297.9440613,0,124.9797287,9.999999747e-05,61.20729065,98848.42969,15.84695816,3.7507394
157.6000061,164.6284313,88.61704145,24.41155089,65.72439719,0.963657467,136.3432831,6.499945641,297.8794861,0,125.1594162,9.999999747e-05,9.999999747e-05,98889.96875,15.72455311,3.893669686
157.8000031,164.6284313,86.14287743,24.75039914,63.73224175,0.9793356215,139.8322833,6.500989437,297.944519,0,125.7001266,9.999999747e-05,59.94211197,98931.82031,15.83613205,3.885451228
158,164.6284313,88.61704145,24.50788338,65.3512164,0.9720327759,136.3432831,6.498810768,297.8783569,0,125.8180389,9.999999747e-05,9.999999747e-05,98973.42188,15.78398705,3.825382419
158.1999969,164.6284313,85.84903728,24.63306395,63.79336718,0.97578408,139.7851301,6.498777866,297.9423828,0,126.8241272,9.999999747e-05,60.43341446,99015.28125,15.81010723,3.763860453
158.3999939,164.6284313,88.61704145,24.25802629,65.9381503,0.9695531011,136.3432831,6.499747276,297.8789062,0,127.8261261,9.999999747e-05,9.999999747e-05,99057.44531,15.77016068,3.978455798
158.6000061,164.6284313,88.61704145,24.41985654,65.73743723,0.9696658922,136.3432831,6.499281883,297.9423218,0,128.443924,9.999999747e-05,59.2732048,99099.67188,15.76528835,3.901377796
158.8000031,164.6284313,84.0495058,24.77244859,63.35508353,0.9783490023,143.7411382,6.500327587,297.8750916,0,129.2557373,9.999999747e-05,9.999999747e-05,99142.39844,15.83626366,3.701438817
159,164.6284313,88.61704145,24.48811597,65.863203,0.9670098282,136.3432831,6.500640392,297.9429626,0,129.6397247,9.999999747e-05,61.00041199,99184.92188,15.73904324,3.953412076
159.1999969,164.6284313,81.67999955,24.98340192,63.10720236,0.9776776576,146.9334952,6.503740788,297.8757629,0,129.9059143,9.999999747e-05,9.999999747e-05,99227.92969,15.83908176,3.697987658
159.3999939,164.6284313,86.48818548,24.6627275,64.04597748,0.9769652399,137.6571382,6.506247997,297.9470215,0,128.920517,9.999999747e-05,61.96615219,99270.19531,15.79668331,4.017521377
159.6000061,164.6284313,88.61704145,24.39867827,65.95232659,0.9699261595,136.3432831,6.50787735,297.8873596,0,126.9430923,9.999999747e-05,9.999999747e-05,99312.375,15.74883747,4.156984461
159.8000031,164.6284313,88.61704145,24.65878513,65.22241348,0.9685993321,136.3432831,6.508894444,297.9557495,0,124.3148499,9.999999747e-05,58.24606323,99354.14062,15.71177959,4.22580625
160,164.6284313,88.61704145,24.2467768,65.64132325,0.96806474,136.3432831,6.508665562,297.8940735,0,121.2789154,19.82348824,5.824606419,99395.1875,15.7154665,4.163434803
160.1999969,164.6284313,88.61704145,24.68242106,65.39626616,0.9739795277,136.3432831,6.506120205,297.9958801,0,118.3366776,5.947046757,76.61003876,99435.625,15.74661446,4.118198943
160.3999939,164.6284313,86.44272592,24.64521794,64.21635228,0.9815323594,138.2108094,6.504041672,297.9203491,0,116.4162064,37.55970764,7.661004066,99475.47656,15.80373001,4.018085671
160.6000061,164.6284313,88.61704145,24.59338199,65.84167111,0.9677745598,136.3432831,6.5011549,298.0721436,0,115.318306,11.26791191,101.6091766,99515.32031,15.69228745,4.136632319
160.8000031,164.6284313,88.61704145,24.42535189,66.11956909,0.9735001592,136.3432831,6.498038292,297.9829102,0,115.3791656,61.22108078,10.16091728,99555.09375,15.74650669,4.082324529
161,164.6284313,85.74385467,24.50439011,64.03243493,0.9790960417,139.1519213,6.49646759,297.8956299,0,116.6847916,32.00239944,1.016091704,99594.97656,15.78236294,3.948319672
161.1999969,164.6284313,86.68190092,24.48966006,63.89183804,0.9745570584,137.7496801,6.495643139,297.9492493,0,118.6129379,9.600720406,56.74517441,99635.25781,15.73254681,4.020370899
161.3999939,164.6284313,88.61704145,24.4779311,65.2210622,0.9721130666,136.3432831,6.495283127,297.8883667,0,120.8734436,2.880216122,9.999999747e-05,99676.27344,15.71796989,4.145464703
161.6000061,164.6284313,88.61704145,24.37659558,65.4425469,0.9680291164,136.3432831,6.494728565,297.9494324,0,123.2787399,0.8640648127,56.86758804,99717.66406,15.693223,4.059810232
161.8000031,164.6284313,86.21513721,24.65679703,63.74163172,0.974540793,137.0066873,6.495993614,297.8865051,0,125.9079819,0.2592194378,9.999999747e-05,99759.13281,15.73307323,3.98027588
162,164.6284313,88.61704145,24.58407788,65.47615435,0.9666354769,136.3432831,6.496602535,297.9477844,0,128.0245667,0.07776582986,57.10840988,99801.5,15.68048096,4.061067578
162.1999969,164.6284313,85.88574008,24.64060518,64.14782086,0.9770177633,137.180359,6.498665333,297.8831787,0,129.9055786,0.0233297497,9.999999747e-05,99843.66406,15.76569462,3.931383365
162.3999939,164.6284313,88.61704145,24.60355351,65.73343478,0.9697878203,136.3432831,6.500566006,297.9468079,0,130.9546814,0.006998925004,58.08514404,99886.64062,15.70879269,4.102217356
162.6000061,164.6284313,88.61704145,24.50036404,65.84887979,0.9674127794,136.3432831,6.501237392,297.8834839,0,131.2487335,0.002099677455,9.999999747e-05,99929.54688,15.69295216,4.01150947
162.8000031,164.6284313,88.61704145,24.61198352,65.63671901,0.9666939679,136.3432831,6.500608921,297.9439087,0,131.2775574,0.0006299032248,58.20979691,99972.36719,15.68070221,3.940963894
163,164.6284313,88.61704145,24.33163487,65.72975206,0.9657690362,136.3432831,6.501898766,297.8808899,0,131.5581818,0.0001889709674,9.999999747e-05,100015.3047,15.67435837,4.027411255
163.1999969,164.6284313,88.61704145,24.52600981,65.5869894,0.9638595166,136.3432831,6.503165722,297.9429932,0,131.3124695,9.999999747e-05,57.83626175,100058.2344,15.6482563,4.063557267
163.3999939,164.6284313,82.3579976,25.13330452,63.22750274,0.9765383206,145.9866476,6.50712204,297.8760681,0,130.5662231,9.999999747e-05,9.999999747e-05,100101.4766,15.76023293,3.883924744
163.6000061,164.6284313,88.61704145,24.56216632,65.51987469,0.9722810451,136.3432831,6.507957458,297.9456787,0,128.2284241,9.999999747e-05,60.3966713,100143.8281,15.70535088,4.130959428
163.8000031,164.6284313,88.61704145,24.46787913,65.83967503,0.9636889485,136.3432831,6.50738287,297.885376,0,125.5754547,9.999999747e-05,9.999999747e-05,100185.5781,15.63432693,4.090966122
164,164.6284313,88.61704145,24.54214099,65.82996541,0.9701439023,136.3432831,6.504944801,297.9494324,0,123.1469269,9.999999747e-05,58.41825485,100226.75,15.68216133,4.02082081
164.1999969,164.6284313,85.92741871,24.60458913,64.19489749,0.9762994182,136.795824,6.503055573,297.8861084,0,121.6952515,9.999999747e-05,9.999999747e-05,100267,15.71956921,3.891031068
164.3999939,164.6284313,88.61704145,24.35351335,65.51142721,0.9666159625,136.3432831,6.500291824,297.948822,0,120.9913712,9.999999747e-05,57.7833252,100307.6953,15.64165115,4.003937924
164.6000061,164.6284313,88.61704145,24.43080697,65.43111524,0.9690135426,136.3432831,6.497689724,297.8877563,0,121.3977203,9.999999747e-05,9.999999747e-05,100348.4844,15.65674782,4.007339887
164.8000031,164.6284313,86.45769603,24.60769138,63.96187486,0.9738100551,136.3677935,6.495173454,297.9440613,0,122.8414688,9.999999747e-05,56.43933105,100388.9297,15.68592834,3.836345357
165,164.6284313,88.61704145,24.56462314,65.97360029,0.97042361,136.3432831,6.49237442,297.8801575,0,125.2920685,9.999999747e-05,9.999999747e-05,100430.4141,15.67955589,3.903110221
165.1999969,164.6284313,88.61704145,24.38418291,65.55554211,0.9689986055,136.3432831,6.492331505,297.9395752,0,128.8635101,9.999999747e-05,57.21944427,100472.7031,15.66509342,3.983111027
165.3999939,164.6284313,88.61704145,24.4863296,65.43614319,0.9685429711,136.3432831,6.49318552,297.875885,0,132.4420471,9.999999747e-05,9.999999747e-05,100515.7344,15.66098309,3.981637136
165.6000061,164.6284313,85.82814892,24.72864861,63.86231619,0.9754232078,139.0878872,6.496552467,297.9356384,0,135.684967,9.999999747e-05,58.79056549,100559.3359,15.7139101,3.91559034
165.8000031,164.6284313,86.15673193,24.77918783,64.06582597,0.9718985595,138.6031381,6.500299931,297.8699951,0,137.5756531,9.999999747e-05,9.999999747e-05,100603.3281,15.68420506,3.943041091
166,164.6284313,88.61704145,24.55730407,65.38648335,0.9683590993,136.3432831,6.503139973,297.9359131,0,137.9742432,9.999999747e-05,60.63677216,100647.5547,15.65828514,4.037823157
166.1999969,164.6284313,88.61704145,24.31407244,66.08865123,0.9651713365,136.3432831,6.508638382,297.8762207,0,137.2409058,9.999999747e-05,9.999999747e-05,100691.8281,15.638587,4.216108769
166.3999939,164.6284313,88.61704145,24.45267497,65.74476827,0.9677001326,136.3432831,6.512785912,297.9436646,0,134.2965851,9.999999747e-05,59.14613724,100735.5312,15.64374542,4.227756757
166.6000061,164.6284313,88.61704145,24.4744642,66.02724536,0.9691151565,136.3432831,6.516534805,297.888031,0,129.7062378,9.999999747e-05,9.999999747e-05,100778.4453,15.64643192,4.32844213
166.8000031,164.6284313,88.61704145,24.5646252,65.46765672,0.9634394329,136.3432831,6.518844128,297.9546204,0,123.6133575,9.999999747e-05,55.93783188,100820.2344,15.57208157,4.405911367
167,164.6284313,84.96668929,24.73300427,63.58808395,0.969950123,138.3033787,6.520245075,297.8996887,0,116.6000824,19.19327927,5.593782902,100860.0625,15.60706425,4.272146357
167.1999969,164.6284313,88.61704145,24.39697084,65.22424341,0.9624228798,136.3432831,6.517541885,298.0005493,0,109.0247726,5.757984161,72.38011169,100898.9141,15.53164291,4.417840611
167.3999939,164.6284313,88.61704145,24.62587923,65.42552448,0.9656027318,136.3432831,6.512285233,297.9437561,0,102.5413361,37.20780945,7.238010883,100936.4922,15.54354572,4.424044217
167.6000061,164.6284313,86.69453403,24.60535448,63.75190799,0.9678800454,138.4087858,6.506715775,298.0801392,0,98.15589905,11.16234303,90.7201767,100973.1016,15.54180717,4.348397451
167.8000031,164.6284313,88.61704145,24.32717843,64.68983811,0.9694286096,136.3432831,6.499362469,298.0122375,0,95.99107361,56.53030777,9.07201767,101009.2422,15.55451584,4.336142683
168,164.6284313,88.61704145,24.18288718,64.84373327,0.9647745978,136.3432831,6.492539883,297.9402161,0,96.77246857,35.08751297,0.907201767,101045.5234,15.52126026,4.289350148
168.1999969,164.6284313,88.61704145,24.37834764,64.93642315,0.9597372092,136.3432831,6.486992359,297.9916687,0,100.275444,10.5262537,51.66929626,101082.5234,15.48181343,4.256178515
168.3999939,164.6284313,88.61704145,24.48035608,65.46048336,0.9620481148,136.3432831,6.48312521,297.9295044,0,105.9948807,26.57784462,5.166929722,101120.6406,15.51832867,4.189200176
168.6000061,164.6284313,82.5853511,24.7201043,63.38972315,0.9726582036,141.4345664,6.484209538,298.015564,0,113.2597046,7.973353386,72.18927765,101159.6562,15.63303852,3.909240113
168.8000031,164.6284313,88.61704145,24.22565457,65.49340291,0.967323391,136.3432831,6.485842705,297.9474182,0,120.0798798,35.48248291,7.218927383,101200.5703,15.5888176,4.157797023
169,164.6284313,84.58782888,24.83652567,63.47389272,0.9762856503,141.0393068,6.491719246,298.065979,0,126.2609711,10.64474487,87.96095276,101242.7734,15.66228104,4.092090384
169.1999969,164.6284313,85.32156465,24.92730529,64.50758078,0.9752359308,139.8867116,6.499034882,297.9915161,0,130.0791473,50.09442139,8.796094894,101285.7734,15.6650629,4.184019669
169.3999939,164.6284313,88.61704145,24.53172777,65.50774965,0.9655524355,136.3432831,6.504787922,297.91922,0,130.9799347,25.98245239,0.8796095252,101329.0312,15.57691956,4.281786659
169.6000061,164.6284313,88.61704145,24.41829058,65.49766551,0.9635715103,136.3432831,6.510730267,297.9556885,0,129.5894012,7.794735909,45.19902802,101372.0625,15.55511379,4.345224417
169.8000031,164.6284313,88.61704145,24.4210001,65.52635068,0.9665638139,136.3432831,6.515429974,297.9012756,0,125.8161774,17.88714981,4.519902706,101414.3594,15.57027149,4.375659456
170,164.6284313,88.61704145,24.44466563,65.52604622,0.9684078523,136.3432831,6.516981602,297.9781189,0,120.1678238,5.366145134,63.06854248,101455.3906,15.57544422,4.301724631
170.1999969,164.6284313,88.61704145,24.27055924,65.34832909,0.9641317344,136.3432831,6.516156197,297.9196472,0,113.9051132,28.57909203,6.306854248,101495.0781,15.52660084,4.271320306
170.3999939,164.6284313,88.61704145,24.7028676,64.76318714,0.9731442842,136.3432831,6.512303829,298.0338745,0,107.9702148,8.573727608,81.39105988,101533.5547,15.57147026,4.244950841
170.6000061,164.6284313,88.61704145,24.34017042,65.00450804,0.9659943528,136.3432831,6.507269859,297.9673767,0,103.5786667,45.40739059,8.139105797,101571.0391,15.51300907,4.209335487
170.8000031,164.6284313,86.15672049,24.44081555,63.63099786,0.9698120143,138.9835547,6.502231121,297.8985596,0,101.1949234,22.8788929,0.8139106035,101607.9219,15.53652477,4.074795081
171,164.6284313,88.61704145,24.57420557,64.96666345,0.9638853555,136.3432831,6.496081352,297.941925,0,100.8228073,6.863667488,47.18710327,101644.8594,15.48154926,4.169816211
171.1999969,164.6284313,85.72285442,24.41671238,63.81477855,0.9660678276,137.2892635,6.491932869,297.8848877,0,102.9143448,2.059100389,9.999999747e-05,101681.5625,15.5092783,3.986923587
171.3999939,164.6284313,85.3773617,24.59495189,64.03122206,0.9728584337,136.4066337,6.489412308,297.9402466,0,106.6550674,0.6177300811,53.03400803,101718.7656,15.57183456,3.973381501
171.6000061,164.6284313,88.61704145,24.60457872,65.03315896,0.9729126771,136.3432831,6.485985279,297.8832397,0,111.405098,0.1853190213,9.999999747e-05,101757.6719,15.57474327,4.000505119
171.8000031,164.6284313,85.41624738,24.70983081,64.26342649,0.9692873087,136.9194683,6.486080647,297.9375,0,117.5341492,0.05559570715,54.46843338,101797.0938,15.56235313,3.86671864
172,164.6284313,88.61704145,24.51900842,65.66436737,0.9616706519,136.3432831,6.486155033,297.8765869,0,123.610611,0.01667871326,9.999999747e-05,101838.375,15.51265812,3.924631894
172.1999969,164.6284313,88.61704145,24.77744964,64.87476347,0.9707710723,136.3432831,6.488365173,297.9346619,0,129.6686096,0.005003613885,56.54818726,101880.9609,15.5770998,3.966783382
172.3999939,164.6284313,88.61704145,24.69507569,65.11028755,0.9675048986,136.3432831,6.492041588,297.8721619,0,134.8354645,0.001501084073,9.999999747e-05,101924.5703,15.56270409,3.951314115
172.6000061,164.6284313,88.61704145,24.46770715,65.54569005,0.9649719113,136.3432831,6.496833324,297.9324646,0,138.5338898,0.0004503252276,58.84399033,101968.875,15.55837154,3.93232844
172.8000031,164.6284313,85.04355639,24.68161584,63.92794286,0.9698108054,138.7972961,6.503247738,297.8659973,0,140.3165131,0.0001350975654,9.999999747e-05,102013.1172,15.59786415,3.792749858
173,164.6284313,88.61704145,24.5459081,65.72135996,0.9694039939,136.3432831,6.50731802,297.9319458,0,139.5317535,9.999999747e-05,61.82400513,102057.5703,15.59475613,3.91193942
173.1999969,164.6284313,88.61704145,24.50762596,66.08002346,0.9644301121,136.3432831,6.51359129,297.8728027,0,137.1316376,9.999999747e-05,9.999999747e-05,102101.7812,15.54525852,4.124944574
173.3999939,164.6284313,88.61704145,24.61504279,65.17751309,0.9662341152,136.3432831,6.516617775,297.9385681,0,132.2076569,9.999999747e-05,59.6716423,102144.8906,15.53421021,4.048323575
173.6000061,164.6284313,88.61704145,24.58041326,65.6818827,0.9693713438,136.3432831,6.517016888,297.879303,0,126.0907669,9.999999747e-05,9.999999747e-05,102186.7031,15.55791092,4.009328213
173.8000031,164.6284313,88.61704145,24.56827774,65.24400992,0.963625292,136.3432831,6.514582157,297.9428101,0,119.8123322,9.999999747e-05,58.36542511,102227.1641,15.49044609,3.9543228
174,164.6284313,88.61704145,24.44011296,65.11491141,0.9649170027,136.3432831,6.511500835,297.8860168,0,114.5086441,9.999999747e-05,9.999999747e-05,102266.6016,15.48672676,4.010904821
174.1999969,164.6284313,88.61704145,24.44694534,64.86817878,0.9647793283,136.3432831,6.506529808,297.9459839,0,110.4306183,9.999999747e-05,55.71297073,102305.1562,15.47318363,3.959290292
174.3999939,164.6284313,88.61704145,24.37024908,64.97035482,0.9657503344,136.3432831,6.500313282,297.8877869,0,108.3451462,9.999999747e-05,9.999999747e-05,102343.1953,15.48113155,3.880120662
174.6000061,164.6284313,88.61704145,24.58445962,64.52154864,0.9676811625,136.3432831,6.494512558,297.9450378,0,108.744278,9.999999747e-05,54.88922501,102381.3672,15.48278618,3.894608849
174.8000031,164.6284313,85.53962759,24.60309936,63.66393575,0.9692898793,137.98779,6.489515781,297.8813782,0,111.4583435,9.999999747e-05,9.999999747e-05,102419.4688,15.51325607,3.63779305
175,164.6284313,88.61704145,24.42676122,65.23106689,0.9600908753,136.3432831,6.484549522,297.9378662,0,116.1698151,9.999999747e-05,57.1358223,102458.9219,15.45085907,3.703001492
175.1999969,164.6284313,88.61704145,24.40037003,65.48050948,0.9615897207,136.3432831,6.483116627,297.874939,0,122.8702164,9.999999747e-05,9.999999747e-05,102499.8359,15.47474289,3.782932113
175.3999939,164.6284313,88.61704145,24.45342635,65.15223112,0.961807964,136.3432831,6.484507084,297.9328918,0,130.1324768,9.999999747e-05,58.01085663,102542.2812,15.47923279,3.820120759
175.6000061,164.6284313,88.61704145,24.43336776,65.38706201,0.9595760101,136.3432831,6.486777306,297.8665161,0,136.8404083,9.999999747e-05,9.999999747e-05,102586.0078,15.47765827,3.748418301
175.8000031,164.6284313,88.61704145,24.58561612,65.16691443,0.9658671595,136.3432831,6.489133835,297.928009,0,142.6463928,9.999999747e-05,61.09524918,102630.8281,15.53478622,3.675794989
176,164.6284313,88.61704145,24.42993867,65.70269826,0.9622793356,136.3432831,6.492507458,297.8616028,0,147.5124664,9.999999747e-05,9.999999747e-05,102676.5781,15.52452564,3.644576712
176.1999969,164.6284313,88.61704145,24.61284156,65.56035762,0.967907684,136.3432831,6.496417999,297.9269409,0,151.026001,9.999999747e-05,62.96554184,102723.0469,15.56960106,3.651251921
176.3999939,164.6284313,88.61704145,24.5687086,65.71596833,0.9662445171,136.3432831,6.499477386,297.8605652,0,152.9766998,9.999999747e-05,9.999999747e-05,102769.8047,15.56276798,3.584952288
176.6000061,164.6284313,88.61704145,24.66873757,65.25707643,0.9664004889,136.3432831,6.504467964,297.9281921,0,153.7082672,9.999999747e-05,64.12381744,102816.8281,15.54867458,3.698808885
176.8000031,164.6284313,88.61704145,24.522491,65.95481319,0.9605713397,136.3432831,6.508856773,297.8618469,0,152.4344788,9.999999747e-05,9.999999747e-05,102863.5391,15.51050663,3.686844513
177,164.6284313,88.61704145,24.58729502,65.63030177,0.9620219528,136.3432831,6.511747837,297.9300232,0,149.4133606,9.999999747e-05,64.44914246,102909.6016,15.50858021,3.671946852
177.1999969,164.6284313,88.61704145,24.55896683,65.54995946,0.962216776,136.3432831,6.512886047,297.863678,0,145.2388153,9.999999747e-05,9.999999747e-05,102954.75,15.50005054,3.646417857
177.3999939,164.6284313,88.61704145,24.56263218,65.43554185,0.9633318963,136.3432831,6.511814117,297.9312744,0,140.6098785,9.999999747e-05,64.21587372,102998.8828,15.49833488,3.600355191
177.6000061,164.6284313,88.61704145,24.77663236,64.88629852,0.9685513966,136.3432831,6.51033783,297.8649597,0,136.4113617,9.999999747e-05,9.999999747e-05,103042.25,15.51508141,3.66788286
177.8000031,164.6284313,88.61704145,24.50959588,65.40153903,0.961531267,136.3432831,6.508722782,297.9316406,0,132.7975464,9.999999747e-05,63.81175232,103084.875,15.460886,3.688796465
178,164.6284313,88.61704145,24.45713722,65.45332655,0.9590211832,136.3432831,6.507546425,297.8674927,0,129.8289948,9.999999747e-05,9.999999747e-05,103126.9844,15.43095207,3.759334354
178.1999969,164.6284313,84.22489523,24.80870333,63.77918005,0.9678718014,140.3812431,6.506913662,297.9312439,0,127.3291397,9.999999747e-05,62.42874527,103168.2891,15.50107098,3.584674574
178.3999939,164.6284313,88.61704145,24.65622659,64.78703507,0.9628143632,136.3432831,6.504840851,297.8692017,0,125.0820618,9.999999747e-05,9.999999747e-05,103209.5234,15.43181515,3.809365011
178.6000061,164.6284313,88.61704145,24.46959996,65.15703841,0.9609776445,136.3432831,6.500340939,297.930542,0,123.6705399,9.999999747e-05,60.70916367,103250.2734,15.42858601,3.65390843
178.8000031,164.6284313,88.61704145,24.54173815,65.6339412,0.9605563447,136.3432831,6.49486208,297.8642578,0,124.062233,9.999999747e-05,9.999999747e-05,103291.0312,15.43385792,3.571343471
179,164.6284313,84.87819686,24.66276997,63.9828711,0.9651857731,136.5606257,6.492594242,297.9277649,0,126.6409073,9.999999747e-05,62.3594017,103331.4609,15.46744919,3.474824119
179.1999969,164.6284313,85.30625866,24.67348538,64.08517611,0.9663981249,136.3432831,6.488778591,297.8616638,0,130.1130219,9.999999747e-05,9.999999747e-05,103372.5078,15.48485088,3.346373259
179.3999939,164.6284313,88.61704145,24.60594233,65.32431528,0.9629980852,136.3432831,6.487661839,297.927063,0,135.1268616,9.999999747e-05,63.37752151,103415.5938,15.45900154,3.612809913
179.6000061,164.6284313,88.61704145,24.52508472,65.43477357,0.9605397631,136.3432831,6.488637924,297.8608398,0,140.5736542,9.999999747e-05,9.999999747e-05,103459.8203,15.44882488,3.637610906
179.8000031,164.6284313,88.61704145,24.75018851,64.82078932,0.968420495,136.3432831,6.491001129,297.9275513,0,145.6317139,9.999999747e-05,64.05639648,103505.1328,15.50596809,3.661733904
180,164.6284313,88.61704145,24.51401145,65.70023189,0.9610711665,136.3432831,6.494566917,297.8613281,0,149.7466736,9.999999747e-05,9.999999747e-05,103551.2422,15.47080612,3.644466443
180.1999969,164.6284313,88.61704145,24.59034725,65.50189948,0.9616965572,136.3432831,6.498902798,297.9284058,0,152.4356842,9.999999747e-05,64.27887726,103597.9297,15.47344589,3.661944719
180.3999939,164.6284313,88.61704145,24.53450701,65.70678959,0.9597820321,136.3432831,6.504197121,297.8621826,0,153.3918457,9.999999747e-05,9.999999747e-05,103644.8516,15.45990562,3.70416771
180.6000061,164.6284313,88.61704145,24.53373985,65.67350434,0.9601154372,136.3432831,6.508303165,297.9289551,0,152.2294769,9.999999747e-05,64.19396973,103691.4922,15.45950031,3.671384723
180.8000031,164.6284313,88.61704145,24.67290486,65.24949957,0.9687168221,136.3432831,6.509665966,297.862793,0,149.4316559,9.999999747e-05,9.999999747e-05,103737.4609,15.51703358,3.591144507
181,164.6284313,88.61704145,24.7307422,65.49816364,0.9659696836,136.3432831,6.510825157,297.9290466,0,146.0940247,9.999999747e-05,63.99084854,103782.8125,15.48725891,3.637884611
181.1999969,164.6284313,88.61704145,24.55616471,65.71884772,0.9585703533,136.3432831,6.509062767,297.8628845,0,142.2844696,9.999999747e-05,9.999999747e-05,103827.2109,15.42802334,3.52046959
181.3999939,164.6284313,88.61704145,24.67096221,65.22034483,0.9634521513,136.3432831,6.506359577,297.9287415,0,139.188858,9.999999747e-05,63.83150101,103870.9766,15.44977474,3.520068241
181.6000061,164.6284313,88.61704145,24.75013308,65.06656317,0.9628308808,136.3432831,6.502587318,297.8626099,0,137.1682434,9.999999747e-05,9.999999747e-05,103914.2969,15.43527317,3.491663543
181.8000031,164.6284313,88.61704145,24.70242059,65.08344356,0.9685694143,136.3432831,6.499578476,297.9282532,0,136.6571198,9.999999747e-05,63.77683258,103957.5312,15.47990894,3.524251068
182,164.6284313,88.61704145,24.70440879,64.73226423,0.9676496865,136.3432831,6.496587753,297.8621521,0,137.3435211,9.999999747e-05,9.999999747e-05,104000.8828,15.4654026,3.505735303
182.1999969,164.6284313,88.61704145,24.5765701,65.13919183,0.960370819,136.3432831,6.493869781,297.9277954,0,139.2286377,9.999999747e-05,63.81372833,104044.5547,15.41741276,3.468848254
182.3999939,164.6284313,84.85973519,24.69677107,64.2284492,0.9637065988,136.3432831,6.492582798,297.8618469,0,142.200058,9.999999747e-05,9.999999747e-05,104087.8125,15.45655251,3.283851353
182.6000061,164.6284313,88.61704145,24.54513627,65.54608916,0.9600154942,136.3432831,6.492578506,297.9273987,0,145.6824799,9.999999747e-05,63.82759094,104132.8203,15.42807198,3.505499626
182.8000031,164.6284313,88.61704145,24.69354342,65.02052975,0.9686551348,136.6746034,6.494202137,297.8613281,0,149.1668701,9.999999747e-05,9.999999747e-05,104178.6875,15.49065304,3.562757841
183,164.6284313,83.14200873,24.86120282,64.17862618,0.9668518266,136.4862411,6.497475624,297.9272461,0,152.0006866,9.999999747e-05,63.95519257,104223.6172,15.49990654,3.30431444
183.1999969,164.6284313,88.61704145,24.74968973,64.8958722,0.9653603919,136.3432831,6.498849392,297.8611755,0,153.5249634,9.999999747e-05,9.999999747e-05,104270.2188,15.46526623,3.506075856
183.3999939,164.6284313,88.61704145,24.57809015,65.84071992,0.9598664867,136.3432831,6.499616146,297.9270325,0,154.5111694,9.999999747e-05,64.0605545,104316.9297,15.44202423,3.45375134
183.6000061,164.6284313,83.47463509,24.97771169,64.02165995,0.9676782031,136.3432831,6.503984928,297.8611755,0,155.1865997,9.999999747e-05,9.999999747e-05,104362.5938,15.49683189,3.362832795
183.8000031,164.6284313,88.61704145,24.84017376,64.92442016,0.9694170248,136.3432831,6.504564285,297.9267883,0,154.1007996,9.999999747e-05,63.99118805,104409.2734,15.49377251,3.488491873
184,164.6284313,88.61704145,24.70527161,65.47776439,0.9590080642,136.3432831,6.507650852,297.8607483,0,152.8070984,9.999999747e-05,9.999999747e-05,104455.8281,15.40911484,3.622167601
184.1999969,164.6284313,88.61704145,24.63770373,65.48744743,0.9595239738,136.3432831,6.508574486,297.9263916,0,150.2585754,9.999999747e-05,64.06535339,104501.7734,15.4117012,3.547304879
184.3999939,164.6284313,88.61704145,24.55344817,65.68024581,0.9588714498,136.3432831,6.507974148,297.8604126,0,147.3556213,9.999999747e-05,9.999999747e-05,104547.0625,15.40577412,3.498524978
184.6000061,164.6284313,88.30319666,24.66068834,65.28049931,0.9605656584,136.3432831,6.505721569,297.9261169,0,144.690918,9.999999747e-05,64.13375092,104591.6797,15.40804958,3.43837568
184.8000031,164.6284313,88.61704145,24.64946695,65.57207074,0.9594991843,136.3432831,6.503154278,297.8601379,0,142.9277191,9.999999747e-05,9.999999747e-05,104636.0312,15.39677715,3.454433148
185,164.6284313,88.49789184,24.71810154,65.23854864,0.9603360465,136.3432831,6.500231743,297.9259033,0,142.1871796,9.999999747e-05,64.19333649,104680.1953,15.39456081,3.437983731
185.1999969,164.6284313,88.61704145,24.65652238,65.55757866,0.958829538,136.3432831,6.496603489,297.8599548,0,142.6159058,9.999999747e-05,9.999999747e-05,104724.4062,15.38923264,3.3856713
185.3999939,164.6284313,83.01754191,24.87527146,63.98831094,0.9625876505,136.3432831,6.496974468,297.9258728,0,144.4971619,9.999999747e-05,64.23021698,104767.6641,15.42407227,3.249862208
185.6000061,164.6284313,88.4935876,24.82819629,64.52679438,0.9690781109,138.0004875,6.494568825,297.8598938,0,146.2145386,9.999999747e-05,9.999999747e-05,104812.9609,15.45836926,3.401201506
185.8000031,164.6284313,88.61704145,24.51412179,65.55679854,0.9575511374,136.3432831,6.493566036,297.9256592,0,148.9160767,9.999999747e-05,64.28392029,104858.4766,15.38626194,3.408031763
186,164.6284313,88.59882436,24.86952012,64.64717175,0.9702939709,139.2853003,6.495048046,297.8596497,0,152.0051727,9.999999747e-05,9.999999747e-05,104905.3984,15.47406292,3.525071568
186.1999969,164.6284313,88.61704145,24.54097551,65.75335699,0.9577398048,136.3432831,6.495929241,297.9253235,0,154.4978027,9.999999747e-05,64.29870605,104952.0859,15.39711857,3.433006776
186.3999939,164.6284313,88.61704145,24.57055603,65.68639198,0.9554617009,136.3432831,6.497461796,297.859436,0,156.6479645,9.999999747e-05,9.999999747e-05,104999.2266,15.37795544,3.439437554
186.6000061,164.6284313,87.59372113,24.88942102,64.66620533,0.971078059,141.3724585,6.50171423,297.9249268,0,158.1810455,9.999999747e-05,64.30289459,105047.6328,15.49674416,3.530147851
186.8000031,164.6284313,88.61704145,24.61159261,65.83501809,0.9574243303,136.3432831,6.507081509,297.8590088,0,158.0063934,9.999999747e-05,9.999999747e-05,105095.2891,15.38775444,3.625074674
187,164.6284313,87.92349761,24.8575169,64.50285022,0.9690781898,139.4359769,6.512071609,297.9244995,0,155.6898193,9.999999747e-05,64.34684753,105142.9922,15.45973873,3.6357978
187.1999969,164.6284313,88.61704145,24.62033383,65.56603942,0.956434102,136.3432831,6.514565945,297.8586121,0,151.3819733,9.999999747e-05,9.999999747e-05,105189.2578,15.36029053,3.592278703
187.3999939,164.6284313,82.39003688,25.01746442,63.57740516,0.9737412947,147.6330403,6.517992973,297.9241943,0,146.0833435,9.999999747e-05,64.4175415,105235.2031,15.51474857,3.39106197
187.6000061,164.6284313,84.17563708,24.76893418,64.24784733,0.9596040132,136.3432831,6.520282269,297.8584595,0,139.4029236,9.999999747e-05,9.999999747e-05,105277.9766,15.36185741,3.516854537
187.8000031,164.6284313,88.61704145,24.55641343,65.21854188,0.955921493,136.3432831,6.518404961,297.926178,0,131.813446,9.999999747e-05,64.42321014,105320.3438,15.30548,3.66930607
188,164.6284313,83.36211124,24.74277321,64.19979439,0.9582727084,136.3432831,6.516716957,297.8608398,0,124.9850388,9.999999747e-05,9.999999747e-05,105359.9609,15.32494926,3.48562172
188.1999969,164.6284313,88.12700103,24.51768404,65.04877832,0.9558830462,136.3432831,6.512303829,297.9318237,0,118.8178406,9.999999747e-05,64.37454224,105399.625,15.27484512,3.703436386
188.3999939,164.6284313,83.73165558,24.86528276,63.96534264,0.9608142465,136.3432831,6.508413315,297.8703003,0,114.4254532,9.999999747e-05,9.999999747e-05,105437.3047,15.30975437,3.564880304
188.6000061,164.6284313,87.23548903,24.61699478,64.90706545,0.9583987352,136.3432831,6.502495766,297.9376221,0,111.5787201,9.999999747e-05,62.14949799,105475.2969,15.2800312,3.668017153
188.8000031,164.6284313,85.05004936,24.49155101,64.3687646,0.9573810601,136.3432831,6.49691391,297.8756409,0,111.1073227,9.999999747e-05,9.999999747e-05,105512.5312,15.27967167,3.515068683
189,164.6284313,86.62856049,24.54325482,64.697837,0.9558449348,136.3432831,6.49198103,297.9375916,0,112.8612213,9.999999747e-05,60.28589249,105550.6016,15.26073074,3.599123177
189.1999969,164.6284313,87.83790923,24.47399749,65.01374306,0.957379894,136.3432831,6.489603519,297.8790588,0,116.5871887,9.999999747e-05,9.999999747e-05,105589.8828,15.27280521,3.735185398
189.3999939,164.6284313,83.10796416,24.92270553,63.57307548,0.9698902726,143.3706987,6.490233421,297.9315186,0,121.2578735,9.999999747e-05,57.23461151,105630.3828,15.39848232,3.566225384
189.6000061,164.6284313,88.23249485,24.53501351,64.98717677,0.9555782702,136.3432831,6.491432667,297.872345,0,125.6748276,9.999999747e-05,9.999999747e-05,105671.7188,15.26576424,3.780688517
189.8000031,164.6284313,84.19747264,24.72069591,64.23935116,0.9589789725,136.3432831,6.495174885,297.9241943,0,129.6198425,9.999999747e-05,56.38984299,105712.8047,15.31347656,3.627865916
190,164.6284313,88.5969478,24.46566295,65.33926965,0.9528943952,136.3432831,6.499035835,297.8651123,0,132.0613556,9.999999747e-05,9.999999747e-05,105755.625,15.25496006,3.832572559
190.1999969,164.6284313,87.18408829,24.70636323,64.927021,0.9583246267,136.3432831,6.50336647,297.9222412,0,132.9662476,9.999999747e-05,57.67485809,105798.2812,15.29876232,3.79062319
190.3999939,164.6284313,86.55325008,24.89417271,64.19875404,0.9671599653,139.4127352,6.508023262,297.8624573,0,132.1377411,9.999999747e-05,9.999999747e-05,105841.3281,15.3605299,3.811289268
190.6000061,164.6284313,83.47660079,24.81896433,64.21718561,0.9589199621,136.3432831,6.513885975,297.9237976,0,129.4470673,9.999999747e-05,59.71988297,105882.4141,15.30300808,3.741932499
190.8000031,164.6284313,83.09372225,24.98206061,63.40316656,0.9717347094,147.693886,6.518624783,297.863739,0,124.408287,9.999999747e-05,9.999999747e-05,105924.7969,15.40329933,3.788441986
191,164.6284313,83.58911885,24.82190615,63.55868991,0.9697049325,146.3346074,6.52016592,297.9276123,0,117.4816666,9.999999747e-05,60.61087036,105965.5391,15.37348366,3.764440026
191.1999969,164.6284313,87.12339062,24.66848468,65.17698203,0.9610024207,136.3432831,6.51783514,297.8751526,0,109.9454956,9.999999747e-05,9.999999747e-05,106003.6406,15.27002239,3.898795218
191.3999939,164.6284313,85.89127991,24.74435583,64.10251183,0.9671946107,147.5236389,6.514500618,297.9370728,0,103.343956,9.999999747e-05,56.68545151,106042.4688,15.31461525,3.92193952
191.6000061,164.6284313,83.65669159,24.67955543,63.90611555,0.9666104902,146.6830277,6.510215759,297.8833313,0,98.06713867,9.999999747e-05,9.999999747e-05,106079.4062,15.31405449,3.814163663
191.8000031,164.6284313,87.07332199,24.35522751,64.83975268,0.9547176883,136.3432831,6.504038334,297.9462891,0,94.50426483,9.999999747e-05,54.93704605,106114.4141,15.18127251,3.940532762
192,164.6284313,84.7576787,24.5143922,64.422251,0.9586355589,140.1855048,6.498582363,297.895813,0,93.41543579,9.999999747e-05,9.999999747e-05,106149.375,15.22600269,3.850095021
192.1999969,164.6284313,85.35639907,24.58823116,64.50024145,0.9562768876,136.3432831,6.493752956,297.9510193,0,94.5006485,9.999999747e-05,51.71797562,106183.9766,15.19364548,3.871091611
192.3999939,164.6284313,85.98798152,24.39415737,64.61741809,0.9524825009,136.3432831,6.49064064,297.9029846,0,97.51779938,15.51900578,5.171797752,106219.375,15.16569996,3.899174187
192.6000061,164.6284313,86.64180005,24.34604259,64.75767843,0.9541594234,136.3432831,6.48735857,297.9742737,0,101.7762299,4.655701637,63.13506699,106255.6094,15.19197083,3.766779101
192.8000031,164.6284313,83.83845815,24.44601414,64.24769892,0.9540986663,136.3432831,6.488064766,297.9147949,0,107.3536224,25.96998787,6.313506603,106292.3125,15.20905018,3.699829102
193,164.6284313,86.67741482,24.38471713,65.07304338,0.954640457,136.3432831,6.490085125,298.01474,0,112.6349258,7.790996552,78.67460632,106330.875,15.21449566,3.826037725
193.1999969,164.6284313,85.33135646,24.70086506,64.26601978,0.9663383179,143.0874898,6.492434978,297.9441528,0,117.1165314,39.51836395,7.867460251,106371.2812,15.32651711,3.685019239
193.3999939,164.6284313,85.15397436,24.81284795,63.76286464,0.9687964354,145.9398125,6.496016502,298.0703735,0,120.6612701,11.85550976,96.8478775,106412.9453,15.34799957,3.678567556
193.6000061,164.6284313,86.39883287,24.81779154,64.18804212,0.9672313646,138.7551145,6.49810648,297.9885559,0,122.7703629,53.84276581,9.68478775,106453.7266,15.32611561,3.614920054
193.8000031,164.6284313,83.37670852,24.86813634,63.44808807,0.9691320129,146.1569893,6.501907349,297.906311,0,124.0523224,27.30621338,0.9684787989,106495.5234,15.36594391,3.517976609
194,164.6284313,87.92910976,24.43522418,65.20048763,0.9533939991,136.3432831,6.50388813,297.9423828,0,123.8035278,8.191864014,50.26369858,106536.375,15.21957302,3.657965618
194.1999969,164.6284313,84.63592241,24.63183784,64.59757189,0.9558292126,136.3432831,6.508097649,297.8819275,0,122.773941,2.457559109,9.999999747e-05,106576.2812,15.24163628,3.638957524
194.3999939,164.6284313,86.33534499,24.62879461,64.98545493,0.9542532573,136.3432831,6.510024071,297.9309692,0,120.0474472,0.7372677326,53.23093414,106616.0312,15.21605682,3.669972697
194.6000061,164.6284313,86.57836439,24.66644028,65.00063361,0.9560577009,136.3432831,6.511319637,297.8754883,0,116.564888,0.2211803198,9.999999747e-05,106655.1953,15.21673489,3.731642913
194.8000031,164.6284313,84.78019827,24.79406303,64.16299998,0.9693795428,148.7118151,6.512749672,297.9273682,0,112.5588913,0.06635409594,54.0430069,106695.7109,15.33666325,3.740568339
195,164.6284313,83.57749655,24.90427977,63.56043759,0.970022476,149.8532997,6.512411118,297.8697205,0,107.9785309,0.01990622841,9.999999747e-05,106735.1562,15.33195877,3.663470747
195.1999969,164.6284313,85.49555182,24.73299378,64.27220221,0.9702819215,147.3156482,6.509102345,297.9268188,0,103.5398102,0.005971868522,56.33760452,106773.6016,15.32426357,3.66970476
195.3999939,164.6284313,84.62404792,24.62798554,64.72340596,0.9567173,136.3432831,6.505739212,297.8734436,0,100.4285736,0.001791560557,9.999999747e-05,106808.9375,15.19781208,3.655182493
195.6000061,164.6284313,85.30530915,24.64388373,64.61847352,0.9554307004,136.3432831,6.501468658,297.932312,0,98.65340424,0.0005374681787,55.59467316,106844.0859,15.17390347,3.66305712
195.8000031,164.6284313,86.24344824,24.29261282,65.04791549,0.9522504857,136.3432831,6.497885227,297.8807068,0,98.58913422,0.0001612404594,9.999999747e-05,106879.4922,15.15106297,3.717928275
196,172.7237583,84.5860168,24.6678882,64.48974373,0.9613537804,140.4792201,6.496006966,297.936554,0,99.95311737,9.999999747e-05,54.05628586,106914.0469,15.22962093,3.713651911
196.1999969,164.6284313,84.59446417,24.58217937,63.86404569,0.9636010864,148.003704,6.49570322,297.882843,0,102.065033,9.999999747e-05,9.999999747e-05,106952.3047,15.2534399,3.747436972
196.3999939,164.6284313,86.81926206,24.30517455,64.94900489,0.9517149055,136.3432831,6.495558262,297.9395447,0,104.2986603,9.999999747e-05,53.51326752,106989.1875,15.14264297,3.797696528
196.6000061,164.6284313,85.08350736,24.74021359,64.48720275,0.9566813261,136.3432831,6.496821404,297.8878174,0,106.5947952,9.999999747e-05,9.999999747e-05,107026.1641,15.18266964,3.754899128
196.8000031,164.6284313,86.14491942,24.4695527,64.74749814,0.9543004902,136.3432831,6.497496605,297.9388428,0,108.3816299,9.999999747e-05,52.13123322,107063.6562,15.17054176,3.697354164
197,164.6284313,85.37688771,24.73087043,64.05374096,0.9685900703,148.2680132,6.498967171,297.8825684,0,109.9048691,9.999999747e-05,9.999999747e-05,107103.7734,15.3025341,3.688355014
197.1999969,164.6284313,84.54677131,24.67694107,63.83673466,0.965989231,148.0008586,6.500985146,297.9315491,0,110.835289,9.999999747e-05,53.12408447,107143.7734,15.28629398,3.637334921
197.3999939,164.6284313,86.00411758,24.67649812,65.15286718,0.9575634257,136.3432831,6.502929688,297.8785095,0,110.9593811,9.999999747e-05,9.999999747e-05,107181.8516,15.20259953,3.720290998
197.6000061,164.6284313,84.57817465,24.52679611,64.80611785,0.9563254058,136.3432831,6.505528927,297.929657,0,110.3074875,9.999999747e-05,52.45965958,107219.4141,15.19694042,3.674050972
197.8000031,164.6284313,84.63352735,24.40756297,64.71846401,0.9514225023,136.3432831,6.507618904,297.8762817,0,108.6135254,9.999999747e-05,9.999999747e-05,107256.6328,15.14977932,3.676005014
198,164.6284313,85.57619605,24.58401557,64.84875288,0.9576127558,136.3432831,6.509061813,297.933136,0,106.0874023,9.999999747e-05,53.55605316,107293.7266,15.18121243,3.786830011
198.1999969,164.6284313,83.8093752,25.0082575,63.92659393,0.9727021245,144.8683784,6.510391235,297.8822937,0,102.9846802,9.999999747e-05,9.999999747e-05,107331.6016,15.30194664,3.800259328
198.3999939,164.6284313,83.66847428,24.67507569,64.57634137,0.9575547041,136.3432831,6.510458946,297.9390259,0,99.34845734,9.999999747e-05,53.00918198,107366.8828,15.17116451,3.762781983
198.6000061,164.6284313,83.83252913,24.889661,63.76531494,0.966936416,142.1570222,6.509067535,297.8903198,0,95.6889801,9.999999747e-05,9.999999747e-05,107402.7188,15.22808838,3.797894308
198.8000031,164.6284313,86.44470185,24.28715334,64.90219408,0.9507617846,136.3432831,6.505503654,297.945343,0,92.58679199,9.999999747e-05,50.73607635,107437.3047,15.08712101,3.828295404
199,168.8075802,83.82217858,24.76559334,64.5444676,0.959265082,136.3432831,6.502824306,297.8990479,0,90.91254425,9.999999747e-05,9.999999747e-05,107470.1328,15.15635586,3.799457415
199.1999969,164.6284313,84.13927016,24.34747363,64.61937639,0.952545546,139.3930029,6.499947548,297.9466553,0,90.30023193,9.999999747e-05,47.84358978,107504.2969,15.11239243,3.755951297
199.3999939,164.6284313,84.6143227,24.47428282,64.1192117,0.9631147522,149.482732,6.49832058,297.8995361,0,90.84204102,9.999999747e-05,9.999999747e-05,107540.9531,15.19835186,3.874130401
199.6000061,164.6284313,86.36708513,24.23525554,64.89656078,0.9496885906,136.3432831,6.496268749,297.9468079,0,92.02987671,9.999999747e-05,46.12507248,107575.5234,15.06774426,3.865465874
199.8000031,164.6284313,86.16428629,24.35260548,64.90218711,0.953995252,137.5768624,6.495822906,297.9025879,0,94.04387665,9.999999747e-05,9.999999747e-05,107610.8125,15.10490704,3.90169017
200,164.6284313,84.89325516,24.28088593,64.66089717,0.9514831822,137.568817,6.496229172,297.9438782,0,96.22953033,9.999999747e-05,44.569664,107646.0781,15.09886265,3.780691807
200.1999969,164.6284313,85.32343901,24.32035415,64.83368394,0.9494280592,136.3432831,6.497229576,297.8963623,0,98.25502014,9.999999747e-05,9.999999747e-05,107681.6328,15.07990837,3.779767975
200.3999939,164.6284313,86.078612,24.26384913,64.94220664,0.95000211,136.3432831,6.497716904,297.9375,0,99.88116455,9.999999747e-05,45.31055069,107717.6016,15.08677959,3.724356214
200.6000061,164.6284313,85.05071635,24.31197147,64.7760273,0.9493687508,136.3432831,6.498999119,297.8869019,0,101.3160553,9.999999747e-05,9.999999747e-05,107753.5625,15.08784676,3.664910212
200.8000031,164.6284313,83.09544842,24.63845766,63.62790138,0.9651052007,152.6702509,6.500135899,297.9254456,0,102.2338486,9.999999747e-05,48.07526398,107792.4609,15.24556923,3.523544206
201,164.6284313,86.06800297,24.51276031,64.90955095,0.9538708957,136.3432831,6.501201153,297.8753967,0,102.6998062,9.999999747e-05,9.999999747e-05,107828.9688,15.11489487,3.689570967
201.1999969,164.6284313,84.09964174,24.79515096,64.59079282,0.9570544971,136.3432831,6.503669262,297.9242859,0,102.7395248,9.999999747e-05,49.56693649,107865.0781,15.14111233,3.691789777
201.3999939,164.6284313,83.91417356,24.63705995,64.57389019,0.9532220913,136.3432831,6.505939484,297.8745117,0,101.7870483,9.999999747e-05,9.999999747e-05,107900.9062,15.10897541,3.678202086
201.6000061,164.6284313,85.23149546,24.5634209,64.65617508,0.955364178,137.5160411,6.507001877,297.9300232,0,99.93161011,9.999999747e-05,52.25629044,107936.9531,15.11360645,3.732120847
201.8000031,164.6284313,85.76106886,24.27114928,65.14056089,0.9489602487,136.3432831,6.506828308,297.8818665,0,97.65465546,9.999999747e-05,9.999999747e-05,107972.3516,15.06332779,3.711992908
202,164.6284313,85.05586204,24.28338674,64.77458792,0.9505873706,136.5979374,6.506255627,297.9370117,0,95.44737244,9.999999747e-05,51.94820404,108007.1719,15.06876183,3.696204869
202.1999969,164.6284313,85.09244346,24.43256412,64.59310647,0.9523162727,136.5550621,6.505665779,297.891449,0,93.46639252,9.999999747e-05,9.999999747e-05,108041.7266,15.06436443,3.774857643
202.3999939,164.6284313,85.13031491,24.25045204,64.76908258,0.9504389558,137.8486987,6.503591537,297.9413757,0,91.72010803,9.999999747e-05,49.1708374,108076.0547,15.0581274,3.683183773
202.6000061,164.6284313,85.5233962,24.47314391,64.66010633,0.9556266749,139.088125,6.501034737,297.8944092,0,90.80832672,9.999999747e-05,9.999999747e-05,108110.6094,15.08851242,3.70824355
202.8000031,164.6284313,86.07691407,24.18200016,64.94586689,0.9491888253,136.7901767,6.498360634,297.9417725,0,90.91623688,9.999999747e-05,47.69137192,108144.7734,15.03724003,3.678260582
203,164.6284313,86.05491749,24.29975337,64.96528952,0.9523619478,138.0205398,6.49681282,297.8952637,0,92.0925293,9.999999747e-05,9.999999747e-05,108179.5234,15.06150627,3.720586884
203.1999969,164.6284313,84.7668167,24.56928334,64.00107313,0.9650591789,154.7054227,6.496323109,297.9365845,0,93.88395691,9.999999747e-05,46.74363708,108217.7344,15.19218922,3.673528373
203.3999939,174.9761912,82.1106984,25.22598753,63.38972912,0.9764598918,148.3109206,6.497499943,297.8848572,0,95.87145996,9.999999747e-05,9.999999747e-05,108252.3047,15.27586937,3.602405186
203.6000061,164.6284313,84.30967747,24.7298338,64.45714252,0.955242697,136.3432831,6.49861002,297.9330444,0,97.38605499,9.999999747e-05,48.88418961,108287.3516,15.08725071,3.639010401
203.8000031,164.6284313,85.67530365,24.366399,64.85545454,0.9515872555,136.3432831,6.498699188,297.8826294,0,98.4622345,9.999999747e-05,9.999999747e-05,108322.7969,15.06561661,3.575635842
204,164.6284313,83.39309658,24.55654614,63.84542227,0.9649151188,153.7795622,6.500903606,297.9287109,0,99.50579834,9.999999747e-05,50.64393997,108361.5391,15.20655537,3.570015097
204.1999969,164.6284313,84.93447556,24.39944732,65.05408632,0.9511174853,136.3432831,6.502618313,297.8791809,0,99.65732574,9.999999747e-05,9.999999747e-05,108397.125,15.06711197,3.613413493
204.3999939,164.6284313,85.30336965,24.35881036,64.89265382,0.9517507709,136.3432831,6.503945827,297.9300537,0,99.13140106,9.999999747e-05,50.53870392,108432.7031,15.06294346,3.624161577
204.6000061,164.6284313,85.7013828,24.23095851,65.01482303,0.9471593828,136.3432831,6.504512787,297.8808899,0,98.07427216,9.999999747e-05,9.999999747e-05,108468.1172,15.02228928,3.611616544
204.8000031,164.6284313,85.64879496,24.21361039,65.08674331,0.9487763829,136.3432831,6.504252434,297.9326477,0,96.79151154,9.999999747e-05,51.2868576,108503.2109,15.03522968,3.576398891
205,164.6284313,85.64540109,24.1913865,65.14521134,0.9477440719,136.3432831,6.502430439,297.8809204,0,95.61322021,9.999999747e-05,9.999999747e-05,108537.9141,15.02937031,3.473958243
205.1999969,164.6284313,85.5082419,24.2057124,65.09442437,0.9493493653,136.7422722,6.499865532,297.9309082,0,95.16616058,9.999999747e-05,52.27425385,108572.4844,15.04419708,3.401831966
205.3999939,164.6284313,83.89522844,24.7944128,64.49696517,0.9558073402,136.3432831,6.497162342,297.8757324,0,95.74250793,9.999999747e-05,9.999999747e-05,108606.6484,15.08822823,3.304059112
205.6000061,164.6284313,83.86795407,24.66984169,64.76929385,0.9540886631,136.3432831,6.496172905,297.927948,0,97.39824677,9.999999747e-05,53.90325546,108641.2031,15.07938766,3.359117019
205.8000031,164.6284313,85.77966607,24.29883751,64.92976611,0.9490634825,136.3432831,6.494321823,297.8721924,0,99.44364166,9.999999747e-05,9.999999747e-05,108676.4844,15.03883839,3.315216106
206,164.6284313,85.88156493,24.21639153,65.11214393,0.9469572472,136.3432831,6.493744373,297.925293,0,102.2378769,9.999999747e-05,55.34618378,108712.3438,15.02856636,3.319859578
206.1999969,164.6284313,85.66746564,24.25497875,65.15469728,0.9463270547,136.3432831,6.494390011,297.8684692,0,105.2560577,9.999999747e-05,9.999999747e-05,108748.7656,15.02836514,3.311840483
206.3999939,164.6284313,83.7193982,24.79396356,64.6841296,0.9550740915,136.3432831,6.496150017,297.9216309,0,108.0160141,9.999999747e-05,56.62421036,108785.2656,15.10135555,3.244143534
206.6000061,164.6284313,86.32642854,24.30875538,65.41190214,0.9464269776,136.3432831,6.496460438,297.8617859,0,110.0723267,9.999999747e-05,9.999999747e-05,108822.6562,15.039361,3.214965533
206.8000031,164.6284313,86.00535581,24.24840284,65.27053367,0.9453278947,136.3432831,6.497219086,297.9168091,0,112.0126724,9.999999747e-05,58.89047241,108860.2891,15.034585,3.171989234
207,174.0405187,84.55226717,24.38039156,65.188581,0.9472510114,136.3432831,6.499670029,297.8554382,0,113.6435165,9.999999747e-05,9.999999747e-05,108896,15.05626869,3.170541004
207.1999969,164.6284313,84.63545344,24.64215665,65.05142964,0.9498156804,136.3432831,6.50269556,297.9159546,0,114.2898941,9.999999747e-05,61.06635284,108933.8906,15.06350994,3.235949983
207.3999939,164.6284313,83.66880236,24.71365513,63.90201154,0.9674547949,152.3200183,6.505152702,297.8516541,0,113.7295609,9.999999747e-05,9.999999747e-05,108974.6406,15.22696304,3.173510121
207.6000061,164.6284313,86.2193628,24.30760759,65.3062274,0.9460725479,136.3432831,6.507389069,297.9202881,0,112.1901398,9.999999747e-05,64.0941391,109012.5078,15.02032375,3.32313899
207.8000031,164.6284313,85.33909959,24.34959662,65.21798409,0.9461516476,136.3432831,6.509593964,297.8637085,0,109.7550507,9.999999747e-05,9.999999747e-05,109049.6953,15.01541424,3.339800004
208,165.3140384,83.07305252,24.80092507,64.64093245,0.9542712176,136.3432831,6.511864662,297.9287109,0,106.4374619,9.999999747e-05,61.39422607,109085.6094,15.06919289,3.334444681
208.1999969,164.6284313,83.36224959,24.77278574,63.58440966,0.968609949,155.0782512,6.512282372,297.8702393,0,102.2111588,9.999999747e-05,9.999999747e-05,109124.7344,15.19384956,3.352301399
208.3999939,164.6284313,86.34323909,24.16328801,65.28683725,0.9457129572,136.3432831,6.510690212,297.9363403,0,97.82407379,9.999999747e-05,59.75003815,109159.8906,14.97214508,3.464756305
208.6000061,164.6284313,85.25867452,24.19101633,65.01737249,0.9468699577,136.3432831,6.508889198,297.8864746,0,94.07453156,9.999999747e-05,9.999999747e-05,109194.0938,14.97118473,3.490268088
208.8000031,164.6284313,85.78995347,24.20562042,65.05856315,0.949030095,139.4564385,6.505718708,297.9434509,0,91.03962708,9.999999747e-05,54.18758774,109228.5,14.98311138,3.508772097
209,164.6284313,86.00453668,24.09510701,65.11090738,0.9458881169,136.3432831,6.501799583,297.8945312,0,89.27674103,9.999999747e-05,9.999999747e-05,109261.9453,14.9473505,3.486354216
209.1999969,164.6284313,85.42216672,24.10983977,64.95871192,0.9474766631,140.0120837,6.497755051,297.9414368,0,89.0796814,9.999999747e-05,50.00802994,109295.8984,14.97126007,3.414910112
209.3999939,164.6284313,85.2012158,24.26302742,64.93417269,0.9505979552,138.4952473,6.494841099,297.8908691,0,90.49834442,9.999999747e-05,9.999999747e-05,109329.8672,14.99134254,3.433881074
209.6000061,164.6284313,83.99329003,24.5366763,63.70860028,0.965290793,157.8163433,6.492453098,297.9289246,0,93.07855988,9.999999747e-05,48.72800446,109367.9531,15.14413071,3.322670342
209.8000031,164.6284313,84.98916267,24.14607249,65.12255437,0.9454434852,136.3432831,6.491708279,297.8755798,0,96.61582184,9.999999747e-05,9.999999747e-05,109402.5781,14.96756649,3.339201768
210,166.0328954,85.52380605,24.24028892,65.07874568,0.9487115042,137.8277383,6.491600037,297.9194031,0,100.4472809,9.999999747e-05,50.40431595,109438.1094,14.99905014,3.31183435
210.1999969,164.6284313,83.58935842,24.78758601,64.69224646,0.9528679071,136.3432831,6.494060993,297.8644104,0,104.3251572,9.999999747e-05,9.999999747e-05,109474.0547,15.02986526,3.313688773
210.3999939,164.6284313,85.7443037,24.25205762,65.15224102,0.9462658476,136.3432831,6.496033669,297.9150391,0,107.2123337,9.999999747e-05,54.58282089,109510.9766,14.98516655,3.290244493
210.6000061,164.6284313,85.58311105,24.26898932,65.22585738,0.944996903,136.3432831,6.49870348,297.8581238,0,109.3202667,9.999999747e-05,9.999999747e-05,109548.2734,14.9789896,3.278590617
210.8000031,167.2425438,82.62823494,24.76861813,63.54829719,0.9695594096,157.1202065,6.502221584,297.9086609,0,110.3564987,9.999999747e-05,58.10707092,109588.7578,15.21104908,3.182506008
211,164.6284313,82.66053334,25.06226967,63.53567386,0.9711310703,145.4222235,6.505702496,297.8490601,0,109.9848404,9.999999747e-05,9.999999747e-05,109627.375,15.18776321,3.226455813
211.1999969,164.6284313,86.14304199,24.25305141,65.47939079,0.9446523233,136.3432831,6.506828785,297.9109497,0,108.2235947,9.999999747e-05,60.69835281,109664.4844,14.97219658,3.261173179
211.3999939,164.6284313,83.79925994,24.61572245,63.79546615,0.9654988219,154.8487405,6.507913589,297.8497314,0,106.0195389,9.999999747e-05,9.999999747e-05,109704.3672,15.1561861,3.211277249
211.6000061,164.6284313,83.06776676,24.6381843,63.6125358,0.9657793718,156.7665249,6.507900238,297.9125366,0,103.3742294,9.999999747e-05,63.88548279,109743.8438,15.16077423,3.157283703
211.8000031,164.6284313,83.82261105,24.5838368,63.77330651,0.964729186,154.9831522,6.506953239,297.852356,0,100.7376862,9.999999747e-05,9.999999747e-05,109782.6172,15.13805199,3.206025596
212,164.6284313,84.31844692,24.49271511,63.89079916,0.964088933,156.1091351,6.50429678,297.9150696,0,98.47940826,9.999999747e-05,63.28640366,109821.1719,15.13398933,3.161289128
212.1999969,164.6284313,83.54949766,24.73697903,64.75881223,0.9513459136,136.3432831,6.501454353,297.8580322,0,97.2864151,9.999999747e-05,9.999999747e-05,109855.2266,15.00101852,3.131226071
212.3999939,164.6284313,85.49569468,24.20094677,65.05119508,0.9467562031,136.3432831,6.498843193,297.9221191,0,97.22557068,9.999999747e-05,61.18756104,109889.75,14.95849514,3.212069838
212.6000061,166.7115457,85.93390687,24.16638667,65.37469087,0.9457489929,136.3432831,6.497303009,297.868103,0,98.20767212,9.999999747e-05,9.999999747e-05,109924.2344,14.94916725,3.280463991
212.8000031,173.5269664,83.22840089,24.87490212,64.54413277,0.9557987614,136.3432831,6.496875763,297.9266663,0,99.80321503,9.999999747e-05,58.60229492,109957.0078,15.02621269,3.201702317
213,164.6284313,83.76370612,24.64358174,64.94702546,0.9488259135,136.3432831,6.4972229,297.8708496,0,101.5694275,9.999999747e-05,9.999999747e-05,109992.0859,14.97690296,3.21167298
213.1999969,164.6284313,85.94143958,24.12112777,65.32763609,0.9435466285,136.3432831,6.497320175,297.9266357,0,103.1977539,9.999999747e-05,57.21691132,110027.9766,14.93593121,3.235466126
213.3999939,169.11404,83.97428569,24.71560471,64.97956768,0.9504101965,136.3432831,6.499006271,297.8708496,0,104.7904434,9.999999747e-05,9.999999747e-05,110062.9062,14.9880209,3.237315988
213.6000061,164.6284313,83.6826226,24.56779457,63.80265936,0.9651633332,157.183788,6.50093317,297.9200134,0,105.7027435,9.999999747e-05,56.50942612,110103.1172,15.1389637,3.206175265
213.8000031,164.6284313,84.20095842,24.67189183,65.09002718,0.9478832664,136.3432831,6.501946926,297.8627625,0,105.8485641,9.999999747e-05,9.999999747e-05,110139.1719,14.97188473,3.175684319
214,166.7987161,85.74453939,24.26626546,65.27081587,0.946323074,136.3432831,6.502426624,297.9169006,0,105.5926743,9.999999747e-05,56.91026688,110175.0703,14.95580482,3.203899058
214.1999969,164.6284313,86.04929662,24.15812535,65.48740732,0.9429564289,136.3432831,6.501840115,297.8590088,0,105.1436386,9.999999747e-05,9.999999747e-05,110211.3203,14.93252373,3.146889615
214.3999939,164.6284313,85.81211015,24.11792757,65.45328089,0.9433084164,136.3432831,6.501542568,297.9162903,0,104.9311066,9.999999747e-05,59.10018921,110247.4766,14.93422508,3.147136271
214.6000061,170.8258646,82.96021281,24.75167208,63.51245008,0.9693937957,159.4897278,6.501806259,297.8524475,0,104.833252,9.999999747e-05,9.999999747e-05,110286.4297,15.17045879,3.077558252
214.8000031,164.6284313,83.29011264,24.59151648,63.68916157,0.9657035641,157.8681675,6.501655102,297.9111023,0,104.6289291,9.999999747e-05,62.98094177,110326.3047,15.14176178,3.054159062
215,164.6284313,86.5023906,24.05962116,65.70161802,0.9385935377,136.3432831,6.499937534,297.8521729,0,104.4881363,9.999999747e-05,9.999999747e-05,110362.4219,14.89670658,3.087420889
215.1999969,168.8240905,85.71272428,24.1711631,65.32091357,0.9445485699,136.3432831,6.498786449,297.9131775,0,105.0382919,9.999999747e-05,61.90445709,110397.6016,14.94165516,3.068395679
215.3999939,164.6284313,85.60780132,24.20511006,65.32620299,0.9433864253,136.3432831,6.498029232,297.8536072,0,106.0420456,9.999999747e-05,9.999999747e-05,110433.8203,14.93143845,3.060511396
215.6000061,170.5750268,83.59910219,24.62678266,63.7581099,0.9669339159,159.1843162,6.497411251,297.909729,0,107.349205,9.999999747e-05,62.40800858,110473.2266,15.15729523,2.960939772
215.8000031,164.6284313,83.67060958,24.60934385,63.73933662,0.9659015632,156.456215,6.498111725,297.8446655,0,108.9042587,9.999999747e-05,9.999999747e-05,110513.6797,15.14140701,3.01027741
216,164.6284313,83.16779989,24.60674471,63.76211964,0.9667086123,157.4763842,6.499270439,297.9050598,0,110.1753311,9.999999747e-05,64.61328888,110554.4297,15.15867519,2.982296922
216.1999969,164.6284313,86.55069675,24.12056849,65.8843013,0.9383715973,136.3432831,6.499756336,297.8450623,0,110.9856644,9.999999747e-05,9.999999747e-05,110591.8281,14.90245819,3.07495279
216.3999939,166.575143,85.97582788,24.17466128,65.5347252,0.9426281377,136.3432831,6.501535892,297.9104309,0,111.6052551,9.999999747e-05,64.09634399,110628.8828,14.92942524,3.118702993
216.6000061,164.6284313,84.4025675,24.59287772,65.3209166,0.9448132729,136.3432831,6.504152775,297.8518066,0,111.5065613,9.999999747e-05,9.999999747e-05,110666.0156,14.94165897,3.123123657
216.8000031,164.6284313,86.01843723,24.11766493,65.61219328,0.9408237019,136.3432831,6.505805492,297.9169922,0,110.3625031,9.999999747e-05,63.55834961,110703.25,14.90713787,3.144345512
217,166.242624,86.10061418,24.15553469,65.64319615,0.9411051481,136.3432831,6.507176876,297.8601685,0,108.5633163,9.999999747e-05,9.999999747e-05,110739.875,14.89976025,3.181251107
217.1999969,164.6284313,85.747227,24.13133271,65.4720553,0.942237275,136.3432831,6.507677555,297.9221191,0,106.2134018,9.999999747e-05,61.30335999,110776.2344,14.90300083,3.15695544
217.3999939,180.8544926,81.09733333,25.28686178,63.18043155,0.9760363939,150.2820168,6.507876873,297.860321,0,103.6651459,9.999999747e-05,9.999999747e-05,110810.5156,15.17684174,3.02580894
217.6000061,164.6284313,83.87878554,24.51881198,63.91685599,0.9652505083,158.376455,6.506402493,297.918335,0,101.0352783,9.999999747e-05,61.95432281,110849.8594,15.10677242,3.075839909
217.8000031,178.0902643,82.99866842,24.68642265,63.63442471,0.9696708088,161.3470531,6.504881859,297.8563538,0,98.99977875,9.999999747e-05,9.999999747e-05,110886.4688,15.14223671,3.085443753
218,164.6284313,86.56807163,23.96515928,65.61932943,0.9396204291,136.3432831,6.503119469,297.9231262,0,97.56729889,9.999999747e-05,61.8143425,110921.3828,14.85389042,3.243988844
218.1999969,167.3384,83.35356541,24.78850971,64.70872703,0.9519096027,136.3432831,6.500771046,297.867157,0,96.84039307,9.999999747e-05,9.999999747e-05,110954.75,14.9494772,3.086856343
218.3999939,167.0092771,84.17260084,24.4747659,63.93565097,0.9653874559,161.7755911,6.49853611,297.9222717,0,97.0541153,9.999999747e-05,60.04284668,110993.625,15.09959126,3.104670091
218.6000061,164.6284313,83.78478454,24.47047182,63.81551178,0.964214825,159.9169487,6.497474194,297.86203,0,98.15943909,9.999999747e-05,9.999999747e-05,111032.7891,15.08695316,3.12147307
218.8000031,164.6284313,86.14537543,24.03324751,65.4550923,0.9410602782,136.3432831,6.495427132,297.9204407,0,99.68613434,9.999999747e-05,59.44321823,111067.875,14.87470341,3.092116904
219,170.7341115,83.52284987,24.74726654,65.00424612,0.9505780156,136.3432831,6.494795322,297.8623657,0,102.0386047,9.999999747e-05,9.999999747e-05,111101.5859,14.95448112,3.026321669
219.1999969,169.1334403,86.03392687,24.13942321,65.44707147,0.94357729,136.3432831,6.49567318,297.9215393,0,104.6360779,9.999999747e-05,59.54566956,111136.8516,14.89475632,3.153453313
219.3999939,164.6284313,84.07673466,24.61995253,65.2228547,0.9461373243,136.3432831,6.499190807,297.8668213,0,106.8818893,9.999999747e-05,9.999999747e-05,111173.2031,14.91333675,3.202198649
219.6000061,165.6218935,86.01163247,24.05145279,65.65417746,0.9401418314,136.3432831,6.50331068,297.9255676,0,107.7168884,9.999999747e-05,57.83733749,111210.0391,14.86326504,3.290955045
219.8000031,168.4377942,83.1637872,24.68037647,63.62018447,0.9677346405,159.1879949,6.508393288,297.8681946,0,106.9103088,9.999999747e-05,9.999999747e-05,111250.2422,15.10561085,3.282777355
220,165.1895489,86.49720675,24.02993641,65.79750299,0.9387645509,136.3432831,6.511414051,297.9303284,0,104.0694885,9.999999747e-05,58.25412369,111286.6641,14.83631897,3.359942674
220.1999969,169.9994014,81.1417568,25.17047838,63.23076077,0.9727531093,149.1965381,6.51376009,297.8750305,0,100.0302277,9.999999747e-05,9.999999747e-05,111322.6094,15.10983372,3.212429231
220.3999939,164.6284313,86.16212808,23.94999198,65.68747129,0.9396470973,136.3432831,6.512226582,297.9345093,0,95.04814911,9.999999747e-05,57.11021042,111357.1016,14.82944489,3.272473074
220.6000061,168.3927434,83.61782707,24.4367973,63.87620446,0.9640672784,161.846299,6.508841515,297.8768311,0,90.69006348,9.999999747e-05,9.999999747e-05,111394.4609,15.05675697,3.152249315
220.8000031,164.6284313,86.54684228,23.86279648,65.57443134,0.9406639239,137.1719096,6.503488541,297.9350281,0,87.67963409,9.999999747e-05,56.80278778,111427.5859,14.8248558,3.189122694
221,167.4881517,85.53356623,24.0743374,65.05435021,0.9458253449,141.3797363,6.497247219,297.8804016,0,86.81088257,9.999999747e-05,9.999999747e-05,111460.4219,14.87342739,3.066553948
221.1999969,164.6284313,86.07913855,23.91607477,65.32125724,0.9435531596,142.0306776,6.491596699,297.9304199,0,88.43534851,9.999999747e-05,54.86010742,111494.3906,14.86390591,3.044025575
221.3999939,164.784799,86.09386534,23.9342141,65.40616708,0.9417757664,138.1171717,6.487249851,297.874054,0,92.31529999,9.999999747e-05,9.999999747e-05,111528.2656,14.85063744,3.000417404
221.6000061,168.3569706,85.8398587,24.04019809,65.262023,0.9441985725,138.5573492,6.485650539,297.9222412,0,97.93162537,9.999999747e-05,54.60177612,111562.6328,14.87591171,3.024834649
221.8000031,164.6284313,86.1229377,23.98804082,65.55634321,0.9394323838,136.3432831,6.487595558,297.8669128,0,104.1826859,9.999999747e-05,9.999999747e-05,111598.7812,14.83996582,3.113060129
222,169.5992579,86.03453718,24.08476146,65.55688406,0.9418311455,136.3432831,6.490638733,297.9154968,0,109.6529617,9.999999747e-05,55.26255035,111634.9297,14.87238884,3.0573788
222.1999969,164.6412151,86.19022849,24.03669784,65.85421493,0.9371268789,136.3432831,6.492901802,297.8538513,0,113.9136887,9.999999747e-05,9.999999747e-05,111672.7812,14.85566616,2.916639936
222.3999939,168.2232052,85.8685126,24.13115095,65.68080635,0.9392678012,136.3432831,6.497443676,297.9081421,0,117.2753601,9.999999747e-05,59.87017059,111710.5938,14.86984539,2.979455299
222.6000061,174.6897271,81.17569353,25.22101071,63.28981679,0.9742973717,149.3832351,6.503243446,297.8434753,0,118.810257,9.999999747e-05,9.999999747e-05,111748.9688,15.15839767,2.866800747
222.8000031,164.6284313,86.71886497,23.97052812,66.21500392,0.9319749786,136.3432831,6.507210255,297.906311,0,118.0283966,9.999999747e-05,64.27771759,111787.8125,14.81436539,2.987553416
223,169.3758024,85.93019765,24.10742526,65.88708911,0.9372417787,136.3432831,6.509616375,297.8447266,0,115.669899,9.999999747e-05,9.999999747e-05,111824.9297,14.85131836,2.922674466
223.1999969,176.2419415,82.95829442,24.74718592,63.5639292,0.9695488113,160.5550075,6.511121273,297.9050598,0,112.3480606,9.999999747e-05,65.24514771,111864.1797,15.12897396,2.837311534
223.3999939,172.5827534,86.31594142,24.0355434,66.08496612,0.9353469595,136.3432831,6.509586334,297.8432617,0,108.422348,9.999999747e-05,9.999999747e-05,111899.0781,14.82564163,2.852514552
223.6000061,175.1823345,81.11093931,25.21202317,63.27039281,0.9739264327,149.5526311,6.508508205,297.9032898,0,105.1176987,9.999999747e-05,64.96976471,111934.3125,15.12367916,2.759040464
223.8000031,172.8933764,86.5062302,24.00789473,65.99499576,0.9368274342,136.3432831,6.505017281,297.8430481,0,102.2330093,9.999999747e-05,9.999999747e-05,111967.8984,14.81722164,2.86269472
224,166.9556974,85.88592202,24.02897691,65.46323892,0.9417536259,136.3432831,6.501194477,297.9061279,0,100.7541656,9.999999747e-05,64.47571564,112002.2188,14.84737778,2.827677144
224.1999969,172.6625525,83.39483896,24.56481581,63.67464431,0.9666210712,162.0173385,6.498126984,297.841217,0,100.7977829,9.999999747e-05,9.999999747e-05,112040.0781,15.07979298,2.77715376
224.3999939,165.3875182,83.85775598,24.63964431,65.24529503,0.9451626789,136.3432831,6.495151997,297.9078369,0,102.0647583,9.999999747e-05,66.99341583,112074.5078,14.87587261,2.763874607
224.6000061,173.5185508,86.06934073,24.06532708,65.61293782,0.9400710754,136.3432831,6.491443634,297.8443298,0,104.5238647,9.999999747e-05,9.999999747e-05,112108.1406,14.84476089,2.723482957
224.8000031,169.6552223,83.60063022,24.51263713,63.76538717,0.9653264783,161.6620861,6.490441322,297.9074402,0,108.4690018,9.999999747e-05,66.8365097,112148.0625,15.08520699,2.714564889
225,164.6284313,86.71415892,23.8896459,66.21146626,0.9317430651,136.3432831,6.490693092,297.8445129,0,112.8039474,9.999999747e-05,9.999999747e-05,112185.4609,14.79520416,2.810929184
225.1999969,168.523114,85.99643104,24.07631855,65.71739371,0.9385799118,136.3432831,6.491722584,297.9058228,0,117.0427399,9.999999747e-05,65.75131989,112222.7109,14.85386562,2.755032744
225.3999939,171.7865911,84.40713742,24.53621694,65.64198515,0.9396556193,136.3432831,6.493967056,297.8414001,0,120.8710861,9.999999747e-05,9.999999747e-05,112259.7188,14.87013531,2.711391216
225.6000061,174.9513173,80.90255247,25.23893441,63.17466806,0.9745058646,150.161016,6.498802185,297.9037781,0,123.8001862,9.999999747e-05,66.38167572,112298.7656,15.15317535,2.683517819
225.8000031,170.8259935,85.09112236,24.39216496,66.28755212,0.9324712738,136.3432831,6.501523495,297.8393555,0,124.7905655,9.999999747e-05,9.999999747e-05,112336.8984,14.82689667,2.711732305
226,176.3978205,84.35683201,24.58714738,65.63593706,0.9414587487,136.3432831,6.503899097,297.9031067,0,124.707756,9.999999747e-05,67.05631256,112373.6797,14.88890266,2.682502247
226.1999969,172.7069647,86.02079041,24.06999291,66.172599,0.932162778,136.3432831,6.506049633,297.8386536,0,123.6690216,9.999999747e-05,9.999999747e-05,112411.3906,14.8137207,2.736554637
226.3999939,174.1202797,84.10727699,24.63615214,65.46833923,0.9430069526,136.3432831,6.506308079,297.9032898,0,121.769783,9.999999747e-05,67.54160309,112447.8906,14.89201927,2.618678564
226.6000061,169.3891616,86.41693045,24.02345672,66.21138916,0.9319057772,136.3432831,6.505369663,297.8388672,0,119.7725983,9.999999747e-05,9.999999747e-05,112485.4453,14.8038311,2.652506076
226.8000031,170.1832381,85.9930434,24.08190909,65.83699315,0.9368824543,136.3432831,6.504556179,297.9036865,0,118.148735,9.999999747e-05,67.71582031,112522.4453,14.83190155,2.669911498
227,176.306739,82.81855145,24.77896386,63.5750908,0.9699538263,159.6995522,6.504407883,297.8389893,0,116.8459396,9.999999747e-05,9.999999747e-05,112562.0156,15.11459732,2.629300038
227.1999969,166.8995736,86.61485229,23.92433624,66.28566404,0.9312418448,136.3432831,6.503674507,297.9039001,0,115.600647,9.999999747e-05,67.82938385,112599.375,14.7803545,2.737329186
227.3999939,175.5100274,82.85260681,24.70719223,63.6130169,0.9683826498,159.5147482,6.505111694,297.8391724,0,114.65271,9.999999747e-05,9.999999747e-05,112638.7969,15.08701324,2.75733768
227.6000061,169.8468319,83.12869644,24.61506681,63.68922387,0.9671507022,160.6121077,6.506393909,297.9036865,0,113.1209946,9.999999747e-05,67.81806946,112679.3906,15.07559872,2.78709908
227.8000031,164.6284313,87.03481309,23.86990263,66.37362612,0.9298073262,136.3432831,6.506528854,297.8440247,0,111.0838013,9.999999747e-05,9.999999747e-05,112716.6328,14.74367905,2.902141836
228,170.9056313,85.73526231,24.08949963,65.5604047,0.9404122788,136.3432831,6.504571915,297.9058533,0,108.9958344,9.999999747e-05,65.23046875,112751.6875,14.82342815,2.763534804
228.1999969,172.8462505,83.9519262,24.63709271,65.36037991,0.9442985776,136.3432831,6.502145767,297.8425293,0,107.6939163,9.999999747e-05,9.999999747e-05,112785.6641,14.85047531,2.698807711
228.3999939,168.4494452,86.3272932,23.9645638,65.77657292,0.9374867797,136.3432831,6.499067307,297.9051208,0,107.357399,9.999999747e-05,65.95032501,112820.9766,14.79668045,2.722788924
228.6000061,169.2130737,86.07570373,24.00565862,65.75845683,0.9372640586,136.3432831,6.495546341,297.8407593,0,108.2528229,9.999999747e-05,9.999999747e-05,112856.1797,14.79947758,2.655139371
228.8000031,172.0453819,86.15188915,24.03155544,65.76580551,0.9392223295,136.3432831,6.493472576,297.9038086,0,110.5558929,9.999999747e-05,66.8062439,112891.3594,14.81469536,2.69425314
229,173.0698693,86.26704647,24.02622494,65.9170609,0.9361349502,136.3432831,6.493152142,297.840271,0,113.6823425,9.999999747e-05,9.999999747e-05,112927.0625,14.79190922,2.73977781
229.1999969,174.2711306,83.79521766,24.64844754,65.32874578,0.9443907862,136.3432831,6.494530678,297.9029236,0,116.9358063,9.999999747e-05,66.7695694,112962.6484,14.85869694,2.69827077
229.3999939,169.1993114,86.48899012,23.98251422,66.18485111,0.9323411755,136.3432831,6.49471283,297.838562,0,119.6379089,9.999999747e-05,9.999999747e-05,113000.3047,14.77873707,2.665797439
229.6000061,176.7168236,84.04308183,24.63414674,65.51589016,0.9433412129,136.3432831,6.495284081,297.9021301,0,122.2766647,9.999999747e-05,67.2592392,113036.3594,14.86825848,2.573752153
